Project,Version,Package Name,Type Name,Method Name,Smell,checker,File Path,SmellID,begin,end,disappear,gap
cassandra,0.6.0-beta1,org.apache.cassandra.mutex,ClusterMutex,lockInternal,Complex Method,"designitejava,pmd,checkstyle",contrib/mutex/src/org/apache/cassandra/mutex/ClusterMutex.java,contrib/mutex/src/org/apache/cassandra/mutex/ClusterMutex.java.ClusterMutex.lockInternal.Complex Method,0.6.0-beta1,0.6.0,0.7.0,2
cassandra,0.7.6-2,org.apache.cassandra.hadoop.pig,CassandraStorage,putNext,Complex Method,"designitejava,pmd",contrib/pig/src/java/org/apache/cassandra/hadoop/pig/CassandraStorage.java,contrib/pig/src/java/org/apache/cassandra/hadoop/pig/CassandraStorage.java.CassandraStorage.putNext.Complex Method,0.7.6-2,1.0.0,1.1.0-beta1,5
cassandra,0.7.6-2,org.apache.cassandra.contrib.stress,Session,Session,Complex Method,"designitejava,checkstyle",contrib/stress/src/org/apache/cassandra/contrib/stress/Session.java,contrib/stress/src/org/apache/cassandra/contrib/stress/Session.java.Session.Session.Complex Method,0.7.6-2,0.7.6-2,0.8.0-beta1,1
cassandra,0.7.6-2,org.apache.cassandra.contrib.stress,Stress,main,Complex Method,"designitejava,pmd,checkstyle",contrib/stress/src/org/apache/cassandra/contrib/stress/Stress.java,contrib/stress/src/org/apache/cassandra/contrib/stress/Stress.java.Stress.main.Complex Method,0.7.6-2,0.7.6-2,0.8.0-beta1,1
cassandra,0.7.6-2,org.apache.cassandra.contrib.stress.operations,Inserter,run,Complex Method,"designitejava,checkstyle",contrib/stress/src/org/apache/cassandra/contrib/stress/operations/Inserter.java,contrib/stress/src/org/apache/cassandra/contrib/stress/operations/Inserter.java.Inserter.run.Complex Method,0.7.6-2,0.7.6-2,0.8.0-beta1,1
cassandra,0.7.6-2,org.apache.cassandra.contrib.stress.operations,MultiGetter,run,Complex Method,"designitejava,pmd,checkstyle",contrib/stress/src/org/apache/cassandra/contrib/stress/operations/MultiGetter.java,contrib/stress/src/org/apache/cassandra/contrib/stress/operations/MultiGetter.java.MultiGetter.run.Complex Method,0.7.6-2,0.7.6-2,0.8.0-beta1,1
cassandra,0.7.6-2,org.apache.cassandra.contrib.stress.operations,RangeSlicer,run,Complex Method,"designitejava,pmd,checkstyle",contrib/stress/src/org/apache/cassandra/contrib/stress/operations/RangeSlicer.java,contrib/stress/src/org/apache/cassandra/contrib/stress/operations/RangeSlicer.java.RangeSlicer.run.Complex Method,0.7.6-2,0.7.6-2,0.8.0-beta1,1
cassandra,0.8.0,src.org.apache.cassandra.cql.jdbc,AbstractResultSet,,God Class,"pmd,checkstyle",drivers/java/src/org/apache/cassandra/cql/jdbc/AbstractResultSet.java,drivers/java/src/org/apache/cassandra/cql/jdbc/AbstractResultSet.java.AbstractResultSet..God Class,0.8.0,0.8.0,1.0.0-beta1,1
cassandra,0.8.0-beta1,src.org.apache.cassandra.cql.jdbc,CassandraPreparedStatement,,God Class,"pmd,checkstyle",drivers/java/src/org/apache/cassandra/cql/jdbc/CassandraPreparedStatement.java,drivers/java/src/org/apache/cassandra/cql/jdbc/CassandraPreparedStatement.java.CassandraPreparedStatement..God Class,0.8.0-beta1,0.8.0,1.0.0-beta1,2
cassandra,0.8.0-beta1,src.org.apache.cassandra.cql.jdbc,CassandraPreparedStatement,applyDualBindings,Complex Method,"pmd,checkstyle",drivers/java/src/org/apache/cassandra/cql/jdbc/CassandraPreparedStatement.java,drivers/java/src/org/apache/cassandra/cql/jdbc/CassandraPreparedStatement.java.CassandraPreparedStatement.applyDualBindings.Complex Method,0.8.0-beta1,0.8.0,1.0.0-beta1,2
cassandra,0.8.0-beta1,src.org.apache.cassandra.cql.jdbc,CassandraResultSet,,God Class,"pmd,checkstyle",drivers/java/src/org/apache/cassandra/cql/jdbc/CassandraResultSet.java,drivers/java/src/org/apache/cassandra/cql/jdbc/CassandraResultSet.java.CassandraResultSet..God Class,0.8.0-beta1,0.8.0-beta1,0.8.0,1
cassandra,0.8.0-beta1,org.apache.cassandra.cql,JdbcDriverTest,expectedMetaData,Long Parameter List,"designitejava,checkstyle",drivers/java/test/org/apache/cassandra/cql/JdbcDriverTest.java,drivers/java/test/org/apache/cassandra/cql/JdbcDriverTest.java.JdbcDriverTest.expectedMetaData.Long Parameter List,0.8.0-beta1,0.8.0,1.0.0-beta1,2
cassandra,2.1.0-deb,(default package),WordCount,run,Complex Method,"designitejava,checkstyle",examples/hadoop_cql3_word_count/src/WordCount.java,examples/hadoop_cql3_word_count/src/WordCount.java.WordCount.run.Complex Method,2.1.0-deb,3.11.0,4.0-alpha1,17
cassandra,1.0.0,org.apache.cassandra.auth,SimpleAuthenticator,authenticate,Complex Method,"designitejava,pmd,checkstyle",examples/simple_authentication/src/org/apache/cassandra/auth/SimpleAuthenticator.java,examples/simple_authentication/src/org/apache/cassandra/auth/SimpleAuthenticator.java.SimpleAuthenticator.authenticate.Complex Method,1.0.0,1.2.0,2.0.0-beta1,5
cassandra,1.0.0,org.apache.cassandra.auth,SimpleAuthority,authorize,Complex Method,"designitejava,pmd,checkstyle",examples/simple_authentication/src/org/apache/cassandra/auth/SimpleAuthority.java,examples/simple_authentication/src/org/apache/cassandra/auth/SimpleAuthority.java.SimpleAuthority.authorize.Complex Method,1.0.0,1.2.0-beta1,1.2.0,4
cassandra,1.2.0,org.apache.cassandra.auth,SimpleAuthorizer,authorize,Complex Method,"designitejava,pmd,checkstyle",examples/simple_authentication/src/org/apache/cassandra/auth/SimpleAuthorizer.java,examples/simple_authentication/src/org/apache/cassandra/auth/SimpleAuthorizer.java.SimpleAuthorizer.authorize.Complex Method,1.2.0,1.2.0,2.0.0-beta1,1
cassandra,0.4.0-final,org.apache.cassandra.service,Column,,God Class,"pmd,checkstyle",interface/gen-java/org/apache/cassandra/service/Column.java,interface/gen-java/org/apache/cassandra/service/Column.java.Column..God Class,0.4.0-final,0.5.0,0.6.0-beta1,4
cassandra,0.4.0-final,org.apache.cassandra.service,Column,equals,Complex Method,"designitejava,pmd,checkstyle",interface/gen-java/org/apache/cassandra/service/Column.java,interface/gen-java/org/apache/cassandra/service/Column.java.Column.equals.Complex Method,0.4.0-final,0.5.0,0.6.0-beta1,4
cassandra,0.4.0-final,org.apache.cassandra.service,Column,read,Complex Method,"designitejava,pmd",interface/gen-java/org/apache/cassandra/service/Column.java,interface/gen-java/org/apache/cassandra/service/Column.java.Column.read.Complex Method,0.4.0-final,0.5.0,0.6.0-beta1,4
cassandra,0.4.0-final,org.apache.cassandra.service,Column,toString,Complex Method,"designitejava,pmd,checkstyle",interface/gen-java/org/apache/cassandra/service/Column.java,interface/gen-java/org/apache/cassandra/service/Column.java.Column.toString.Complex Method,0.4.0-final,0.5.0,0.6.0-beta1,4
cassandra,0.4.0-final,org.apache.cassandra.service,ColumnOrSuperColumn,equals,Complex Method,"designitejava,pmd,checkstyle",interface/gen-java/org/apache/cassandra/service/ColumnOrSuperColumn.java,interface/gen-java/org/apache/cassandra/service/ColumnOrSuperColumn.java.ColumnOrSuperColumn.equals.Complex Method,0.4.0-final,0.5.0,0.6.0-beta1,4
cassandra,0.4.0-final,org.apache.cassandra.service,ColumnParent,equals,Complex Method,"designitejava,pmd,checkstyle",interface/gen-java/org/apache/cassandra/service/ColumnParent.java,interface/gen-java/org/apache/cassandra/service/ColumnParent.java.ColumnParent.equals.Complex Method,0.4.0-final,0.5.0,0.6.0-beta1,4
cassandra,0.4.0-final,org.apache.cassandra.service,ColumnParent,toString,Complex Method,"designitejava,pmd",interface/gen-java/org/apache/cassandra/service/ColumnParent.java,interface/gen-java/org/apache/cassandra/service/ColumnParent.java.ColumnParent.toString.Complex Method,0.4.0-final,0.5.0,0.6.0-beta1,4
cassandra,0.4.0-final,org.apache.cassandra.service,ColumnPath,,God Class,"pmd,checkstyle",interface/gen-java/org/apache/cassandra/service/ColumnPath.java,interface/gen-java/org/apache/cassandra/service/ColumnPath.java.ColumnPath..God Class,0.4.0-final,0.5.0,0.6.0-beta1,4
cassandra,0.4.0-final,org.apache.cassandra.service,ColumnPath,equals,Complex Method,"designitejava,pmd,checkstyle",interface/gen-java/org/apache/cassandra/service/ColumnPath.java,interface/gen-java/org/apache/cassandra/service/ColumnPath.java.ColumnPath.equals.Complex Method,0.4.0-final,0.5.0,0.6.0-beta1,4
cassandra,0.4.0-final,org.apache.cassandra.service,ColumnPath,read,Complex Method,"designitejava,pmd",interface/gen-java/org/apache/cassandra/service/ColumnPath.java,interface/gen-java/org/apache/cassandra/service/ColumnPath.java.ColumnPath.read.Complex Method,0.4.0-final,0.5.0,0.6.0-beta1,4
cassandra,0.4.0-final,org.apache.cassandra.service,ColumnPath,toString,Complex Method,"designitejava,pmd,checkstyle",interface/gen-java/org/apache/cassandra/service/ColumnPath.java,interface/gen-java/org/apache/cassandra/service/ColumnPath.java.ColumnPath.toString.Complex Method,0.4.0-final,0.5.0,0.6.0-beta1,4
cassandra,0.3.0-final,org.apache.cassandra.service,CqlResult_t,,God Class,"pmd,checkstyle",interface/gen-java/org/apache/cassandra/service/CqlResult_t.java,interface/gen-java/org/apache/cassandra/service/CqlResult_t.java.CqlResult_t..God Class,0.3.0-final,0.3.0-final,0.4.0-final,1
cassandra,0.3.0-final,org.apache.cassandra.service,CqlResult_t,equals,Complex Method,"designitejava,pmd,checkstyle",interface/gen-java/org/apache/cassandra/service/CqlResult_t.java,interface/gen-java/org/apache/cassandra/service/CqlResult_t.java.CqlResult_t.equals.Complex Method,0.3.0-final,0.3.0-final,0.4.0-final,1
cassandra,0.3.0-final,org.apache.cassandra.service,CqlResult_t,read,Complex Method,"designitejava,pmd,checkstyle",interface/gen-java/org/apache/cassandra/service/CqlResult_t.java,interface/gen-java/org/apache/cassandra/service/CqlResult_t.java.CqlResult_t.read.Complex Method,0.3.0-final,0.3.0-final,0.4.0-final,1
cassandra,0.5.0-beta1,org.apache.cassandra.service,KeySlice,equals,Complex Method,"designitejava,pmd,checkstyle",interface/gen-java/org/apache/cassandra/service/KeySlice.java,interface/gen-java/org/apache/cassandra/service/KeySlice.java.KeySlice.equals.Complex Method,0.5.0-beta1,0.5.0,0.6.0-beta1,2
cassandra,0.5.0-beta1,org.apache.cassandra.service,KeySlice,read,Complex Method,"designitejava,pmd",interface/gen-java/org/apache/cassandra/service/KeySlice.java,interface/gen-java/org/apache/cassandra/service/KeySlice.java.KeySlice.read.Complex Method,0.5.0-beta1,0.5.0,0.6.0-beta1,2
cassandra,0.4.0-final,org.apache.cassandra.service,SlicePredicate,equals,Complex Method,"designitejava,pmd,checkstyle",interface/gen-java/org/apache/cassandra/service/SlicePredicate.java,interface/gen-java/org/apache/cassandra/service/SlicePredicate.java.SlicePredicate.equals.Complex Method,0.4.0-final,0.5.0,0.6.0-beta1,4
cassandra,0.4.0-final,org.apache.cassandra.service,SlicePredicate,read,Complex Method,"designitejava,pmd",interface/gen-java/org/apache/cassandra/service/SlicePredicate.java,interface/gen-java/org/apache/cassandra/service/SlicePredicate.java.SlicePredicate.read.Complex Method,0.4.0-final,0.5.0,0.6.0-beta1,4
cassandra,0.4.0-final,org.apache.cassandra.service,SliceRange,,God Class,"pmd,checkstyle",interface/gen-java/org/apache/cassandra/service/SliceRange.java,interface/gen-java/org/apache/cassandra/service/SliceRange.java.SliceRange..God Class,0.4.0-final,0.5.0,0.6.0-beta1,4
cassandra,0.4.0-final,org.apache.cassandra.service,SliceRange,equals,Complex Method,"designitejava,pmd,checkstyle",interface/gen-java/org/apache/cassandra/service/SliceRange.java,interface/gen-java/org/apache/cassandra/service/SliceRange.java.SliceRange.equals.Complex Method,0.4.0-final,0.5.0,0.6.0-beta1,4
cassandra,0.4.0-final,org.apache.cassandra.service,SliceRange,read,Complex Method,"designitejava,pmd,checkstyle",interface/gen-java/org/apache/cassandra/service/SliceRange.java,interface/gen-java/org/apache/cassandra/service/SliceRange.java.SliceRange.read.Complex Method,0.4.0-final,0.5.0,0.6.0-beta1,4
cassandra,0.4.0-final,org.apache.cassandra.service,SliceRange,toString,Complex Method,"designitejava,pmd,checkstyle",interface/gen-java/org/apache/cassandra/service/SliceRange.java,interface/gen-java/org/apache/cassandra/service/SliceRange.java.SliceRange.toString.Complex Method,0.4.0-final,0.5.0,0.6.0-beta1,4
cassandra,0.4.0-final,org.apache.cassandra.service,SuperColumn,,God Class,"pmd,checkstyle",interface/gen-java/org/apache/cassandra/service/SuperColumn.java,interface/gen-java/org/apache/cassandra/service/SuperColumn.java.SuperColumn..God Class,0.4.0-final,0.5.0,0.6.0-beta1,4
cassandra,0.4.0-final,org.apache.cassandra.service,SuperColumn,equals,Complex Method,"designitejava,pmd,checkstyle",interface/gen-java/org/apache/cassandra/service/SuperColumn.java,interface/gen-java/org/apache/cassandra/service/SuperColumn.java.SuperColumn.equals.Complex Method,0.4.0-final,0.5.0,0.6.0-beta1,4
cassandra,0.4.0-final,org.apache.cassandra.service,SuperColumn,read,Complex Method,"designitejava,pmd",interface/gen-java/org/apache/cassandra/service/SuperColumn.java,interface/gen-java/org/apache/cassandra/service/SuperColumn.java.SuperColumn.read.Complex Method,0.4.0-final,0.5.0,0.6.0-beta1,4
cassandra,0.3.0-final,org.apache.cassandra.service,batch_mutation_super_t,,God Class,"pmd,checkstyle",interface/gen-java/org/apache/cassandra/service/batch_mutation_super_t.java,interface/gen-java/org/apache/cassandra/service/batch_mutation_super_t.java.batch_mutation_super_t..God Class,0.3.0-final,0.3.0-final,0.4.0-final,1
cassandra,0.3.0-final,org.apache.cassandra.service,batch_mutation_super_t,equals,Complex Method,"designitejava,pmd,checkstyle",interface/gen-java/org/apache/cassandra/service/batch_mutation_super_t.java,interface/gen-java/org/apache/cassandra/service/batch_mutation_super_t.java.batch_mutation_super_t.equals.Complex Method,0.3.0-final,0.3.0-final,0.4.0-final,1
cassandra,0.3.0-final,org.apache.cassandra.service,batch_mutation_super_t,read,Complex Method,"designitejava,pmd,checkstyle",interface/gen-java/org/apache/cassandra/service/batch_mutation_super_t.java,interface/gen-java/org/apache/cassandra/service/batch_mutation_super_t.java.batch_mutation_super_t.read.Complex Method,0.3.0-final,0.3.0-final,0.4.0-final,1
cassandra,0.3.0-final,org.apache.cassandra.service,batch_mutation_t,,God Class,"pmd,checkstyle",interface/gen-java/org/apache/cassandra/service/batch_mutation_t.java,interface/gen-java/org/apache/cassandra/service/batch_mutation_t.java.batch_mutation_t..God Class,0.3.0-final,0.3.0-final,0.4.0-final,1
cassandra,0.3.0-final,org.apache.cassandra.service,batch_mutation_t,equals,Complex Method,"designitejava,pmd,checkstyle",interface/gen-java/org/apache/cassandra/service/batch_mutation_t.java,interface/gen-java/org/apache/cassandra/service/batch_mutation_t.java.batch_mutation_t.equals.Complex Method,0.3.0-final,0.3.0-final,0.4.0-final,1
cassandra,0.3.0-final,org.apache.cassandra.service,batch_mutation_t,read,Complex Method,"designitejava,pmd,checkstyle",interface/gen-java/org/apache/cassandra/service/batch_mutation_t.java,interface/gen-java/org/apache/cassandra/service/batch_mutation_t.java.batch_mutation_t.read.Complex Method,0.3.0-final,0.3.0-final,0.4.0-final,1
cassandra,0.3.0-final,org.apache.cassandra.service,column_t,,God Class,"pmd,checkstyle",interface/gen-java/org/apache/cassandra/service/column_t.java,interface/gen-java/org/apache/cassandra/service/column_t.java.column_t..God Class,0.3.0-final,0.3.0-final,0.4.0-final,1
cassandra,0.3.0-final,org.apache.cassandra.service,column_t,equals,Complex Method,"designitejava,pmd,checkstyle",interface/gen-java/org/apache/cassandra/service/column_t.java,interface/gen-java/org/apache/cassandra/service/column_t.java.column_t.equals.Complex Method,0.3.0-final,0.3.0-final,0.4.0-final,1
cassandra,0.3.0-final,org.apache.cassandra.service,column_t,read,Complex Method,"designitejava,pmd",interface/gen-java/org/apache/cassandra/service/column_t.java,interface/gen-java/org/apache/cassandra/service/column_t.java.column_t.read.Complex Method,0.3.0-final,0.3.0-final,0.4.0-final,1
cassandra,0.3.0-final,org.apache.cassandra.service,column_t,toString,Complex Method,"designitejava,pmd",interface/gen-java/org/apache/cassandra/service/column_t.java,interface/gen-java/org/apache/cassandra/service/column_t.java.column_t.toString.Complex Method,0.3.0-final,0.3.0-final,0.4.0-final,1
cassandra,0.3.0-final,org.apache.cassandra.service,superColumn_t,equals,Complex Method,"designitejava,pmd,checkstyle",interface/gen-java/org/apache/cassandra/service/superColumn_t.java,interface/gen-java/org/apache/cassandra/service/superColumn_t.java.superColumn_t.equals.Complex Method,0.3.0-final,0.3.0-final,0.4.0-final,1
cassandra,0.3.0-final,org.apache.cassandra.service,superColumn_t,read,Complex Method,"designitejava,pmd",interface/gen-java/org/apache/cassandra/service/superColumn_t.java,interface/gen-java/org/apache/cassandra/service/superColumn_t.java.superColumn_t.read.Complex Method,0.3.0-final,0.3.0-final,0.4.0-final,1
cassandra,2.0.0-beta1,org.apache.cassandra.thrift,CASResult,equals,Complex Method,"designitejava,pmd,checkstyle",interface/thrift/gen-java/org/apache/cassandra/thrift/CASResult.java,interface/thrift/gen-java/org/apache/cassandra/thrift/CASResult.java.CASResult.equals.Complex Method,2.0.0-beta1,3.11.0,4.0-alpha1,19
cassandra,0.7.0,org.apache.cassandra.thrift,CfDef,,God Class,"pmd,checkstyle",interface/thrift/gen-java/org/apache/cassandra/thrift/CfDef.java,interface/thrift/gen-java/org/apache/cassandra/thrift/CfDef.java.CfDef..God Class,0.7.0,3.11.0,4.0-alpha1,29
cassandra,0.7.0,org.apache.cassandra.thrift,CfDef,compareTo,Complex Method,"designitejava,pmd,checkstyle",interface/thrift/gen-java/org/apache/cassandra/thrift/CfDef.java,interface/thrift/gen-java/org/apache/cassandra/thrift/CfDef.java.CfDef.compareTo.Complex Method,0.7.0,3.11.0,4.0-alpha1,29
cassandra,0.7.0,org.apache.cassandra.thrift,CfDef,equals,Complex Method,"designitejava,pmd,checkstyle",interface/thrift/gen-java/org/apache/cassandra/thrift/CfDef.java,interface/thrift/gen-java/org/apache/cassandra/thrift/CfDef.java.CfDef.equals.Complex Method,0.7.0,3.11.0,4.0-alpha1,29
cassandra,0.7.0,org.apache.cassandra.thrift,CfDef,getFieldValue,Complex Method,"designitejava,checkstyle",interface/thrift/gen-java/org/apache/cassandra/thrift/CfDef.java,interface/thrift/gen-java/org/apache/cassandra/thrift/CfDef.java.CfDef.getFieldValue.Complex Method,0.7.0,3.11.0,4.0-alpha1,29
cassandra,0.7.0,org.apache.cassandra.thrift,CfDef,hashCode,Complex Method,"designitejava,pmd,checkstyle",interface/thrift/gen-java/org/apache/cassandra/thrift/CfDef.java,interface/thrift/gen-java/org/apache/cassandra/thrift/CfDef.java.CfDef.hashCode.Complex Method,0.7.0,3.11.0,4.0-alpha1,29
cassandra,0.7.0,org.apache.cassandra.thrift,CfDef,isSet,Complex Method,"designitejava,checkstyle",interface/thrift/gen-java/org/apache/cassandra/thrift/CfDef.java,interface/thrift/gen-java/org/apache/cassandra/thrift/CfDef.java.CfDef.isSet.Complex Method,0.7.0,3.11.0,4.0-alpha1,29
cassandra,0.7.0,org.apache.cassandra.thrift,CfDef,read,Complex Method,"designitejava,pmd,checkstyle",interface/thrift/gen-java/org/apache/cassandra/thrift/CfDef.java,interface/thrift/gen-java/org/apache/cassandra/thrift/CfDef.java.CfDef.read.Complex Method,0.7.0,3.11.0,4.0-alpha1,29
cassandra,0.7.0,org.apache.cassandra.thrift,CfDef,setFieldValue,Complex Method,"designitejava,pmd,checkstyle",interface/thrift/gen-java/org/apache/cassandra/thrift/CfDef.java,interface/thrift/gen-java/org/apache/cassandra/thrift/CfDef.java.CfDef.setFieldValue.Complex Method,0.7.0,3.11.0,4.0-alpha1,29
cassandra,0.7.0,org.apache.cassandra.thrift,CfDef,toString,Complex Method,"designitejava,pmd,checkstyle",interface/thrift/gen-java/org/apache/cassandra/thrift/CfDef.java,interface/thrift/gen-java/org/apache/cassandra/thrift/CfDef.java.CfDef.toString.Complex Method,0.7.0,3.11.0,4.0-alpha1,29
cassandra,0.7.0,org.apache.cassandra.thrift,CfDef,write,Complex Method,"designitejava,pmd,checkstyle",interface/thrift/gen-java/org/apache/cassandra/thrift/CfDef.java,interface/thrift/gen-java/org/apache/cassandra/thrift/CfDef.java.CfDef.write.Complex Method,0.7.0,3.11.0,4.0-alpha1,29
cassandra,1.2.0,org.apache.cassandra.thrift,CfSplit,,God Class,"pmd,checkstyle",interface/thrift/gen-java/org/apache/cassandra/thrift/CfSplit.java,interface/thrift/gen-java/org/apache/cassandra/thrift/CfSplit.java.CfSplit..God Class,1.2.0,3.11.0,4.0-alpha1,20
cassandra,1.2.0,org.apache.cassandra.thrift,CfSplit,compareTo,Complex Method,"designitejava,checkstyle",interface/thrift/gen-java/org/apache/cassandra/thrift/CfSplit.java,interface/thrift/gen-java/org/apache/cassandra/thrift/CfSplit.java.CfSplit.compareTo.Complex Method,1.2.0,3.11.0,4.0-alpha1,20
cassandra,1.2.0,org.apache.cassandra.thrift,CfSplit,equals,Complex Method,"designitejava,pmd,checkstyle",interface/thrift/gen-java/org/apache/cassandra/thrift/CfSplit.java,interface/thrift/gen-java/org/apache/cassandra/thrift/CfSplit.java.CfSplit.equals.Complex Method,1.2.0,3.11.0,4.0-alpha1,20
cassandra,1.2.0,org.apache.cassandra.thrift,CfSplit,read,Complex Method,"designitejava,pmd",interface/thrift/gen-java/org/apache/cassandra/thrift/CfSplit.java,interface/thrift/gen-java/org/apache/cassandra/thrift/CfSplit.java.CfSplit.read.Complex Method,1.2.0,3.11.0,4.0-alpha1,20
cassandra,0.6.0-beta1,org.apache.cassandra.thrift,Column,,God Class,"pmd,checkstyle",interface/thrift/gen-java/org/apache/cassandra/thrift/Column.java,interface/thrift/gen-java/org/apache/cassandra/thrift/Column.java.Column..God Class,0.6.0-beta1,3.11.0,4.0-alpha1,31
cassandra,0.6.0-beta1,org.apache.cassandra.thrift,Column,equals,Complex Method,"designitejava,pmd,checkstyle",interface/thrift/gen-java/org/apache/cassandra/thrift/Column.java,interface/thrift/gen-java/org/apache/cassandra/thrift/Column.java.Column.equals.Complex Method,0.6.0-beta1,3.11.0,4.0-alpha1,31
cassandra,0.6.0-beta1,org.apache.cassandra.thrift,Column,read,Complex Method,"designitejava,pmd,checkstyle",interface/thrift/gen-java/org/apache/cassandra/thrift/Column.java,interface/thrift/gen-java/org/apache/cassandra/thrift/Column.java.Column.read.Complex Method,0.6.0-beta1,3.11.0,4.0-alpha1,31
cassandra,0.6.0-beta1,org.apache.cassandra.thrift,Column,toString,Complex Method,"designitejava,pmd,checkstyle",interface/thrift/gen-java/org/apache/cassandra/thrift/Column.java,interface/thrift/gen-java/org/apache/cassandra/thrift/Column.java.Column.toString.Complex Method,0.6.0-beta1,3.11.0,4.0-alpha1,31
cassandra,0.7.0,org.apache.cassandra.thrift,ColumnDef,,God Class,"pmd,checkstyle",interface/thrift/gen-java/org/apache/cassandra/thrift/ColumnDef.java,interface/thrift/gen-java/org/apache/cassandra/thrift/ColumnDef.java.ColumnDef..God Class,0.7.0,3.11.0,4.0-alpha1,29
cassandra,0.7.0,org.apache.cassandra.thrift,ColumnDef,compareTo,Complex Method,"designitejava,pmd,checkstyle",interface/thrift/gen-java/org/apache/cassandra/thrift/ColumnDef.java,interface/thrift/gen-java/org/apache/cassandra/thrift/ColumnDef.java.ColumnDef.compareTo.Complex Method,0.7.0,3.11.0,4.0-alpha1,29
cassandra,0.7.0,org.apache.cassandra.thrift,ColumnDef,equals,Complex Method,"designitejava,pmd,checkstyle",interface/thrift/gen-java/org/apache/cassandra/thrift/ColumnDef.java,interface/thrift/gen-java/org/apache/cassandra/thrift/ColumnDef.java.ColumnDef.equals.Complex Method,0.7.0,3.11.0,4.0-alpha1,29
cassandra,0.7.0,org.apache.cassandra.thrift,ColumnDef,read,Complex Method,"designitejava,pmd,checkstyle",interface/thrift/gen-java/org/apache/cassandra/thrift/ColumnDef.java,interface/thrift/gen-java/org/apache/cassandra/thrift/ColumnDef.java.ColumnDef.read.Complex Method,0.7.0,3.11.0,4.0-alpha1,29
cassandra,0.7.0,org.apache.cassandra.thrift,ColumnDef,toString,Complex Method,"designitejava,pmd",interface/thrift/gen-java/org/apache/cassandra/thrift/ColumnDef.java,interface/thrift/gen-java/org/apache/cassandra/thrift/ColumnDef.java.ColumnDef.toString.Complex Method,0.7.0,3.11.0,4.0-alpha1,29
cassandra,0.6.0-beta1,org.apache.cassandra.thrift,ColumnOrSuperColumn,equals,Complex Method,"designitejava,pmd,checkstyle",interface/thrift/gen-java/org/apache/cassandra/thrift/ColumnOrSuperColumn.java,interface/thrift/gen-java/org/apache/cassandra/thrift/ColumnOrSuperColumn.java.ColumnOrSuperColumn.equals.Complex Method,0.6.0-beta1,3.11.0,4.0-alpha1,31
cassandra,0.6.0-beta1,org.apache.cassandra.thrift,ColumnOrSuperColumn,read,Complex Method,"designitejava,pmd",interface/thrift/gen-java/org/apache/cassandra/thrift/ColumnOrSuperColumn.java,interface/thrift/gen-java/org/apache/cassandra/thrift/ColumnOrSuperColumn.java.ColumnOrSuperColumn.read.Complex Method,0.6.0-beta1,3.11.0,4.0-alpha1,31
cassandra,0.8.0-beta1,org.apache.cassandra.thrift,ColumnOrSuperColumn,toString,Complex Method,"designitejava,pmd,checkstyle",interface/thrift/gen-java/org/apache/cassandra/thrift/ColumnOrSuperColumn.java,interface/thrift/gen-java/org/apache/cassandra/thrift/ColumnOrSuperColumn.java.ColumnOrSuperColumn.toString.Complex Method,0.8.0-beta1,3.11.0,4.0-alpha1,27
cassandra,0.6.0-beta1,org.apache.cassandra.thrift,ColumnParent,,God Class,"pmd,checkstyle",interface/thrift/gen-java/org/apache/cassandra/thrift/ColumnParent.java,interface/thrift/gen-java/org/apache/cassandra/thrift/ColumnParent.java.ColumnParent..God Class,0.6.0-beta1,3.11.0,4.0-alpha1,31
cassandra,0.6.0-beta1,org.apache.cassandra.thrift,ColumnParent,equals,Complex Method,"designitejava,pmd,checkstyle",interface/thrift/gen-java/org/apache/cassandra/thrift/ColumnParent.java,interface/thrift/gen-java/org/apache/cassandra/thrift/ColumnParent.java.ColumnParent.equals.Complex Method,0.6.0-beta1,3.11.0,4.0-alpha1,31
cassandra,0.6.0-beta1,org.apache.cassandra.thrift,ColumnParent,read,Complex Method,"designitejava,pmd",interface/thrift/gen-java/org/apache/cassandra/thrift/ColumnParent.java,interface/thrift/gen-java/org/apache/cassandra/thrift/ColumnParent.java.ColumnParent.read.Complex Method,0.6.0-beta1,0.6.0-beta1,0.6.0,1
cassandra,0.6.0-beta1,org.apache.cassandra.thrift,ColumnParent,toString,Complex Method,"designitejava,pmd",interface/thrift/gen-java/org/apache/cassandra/thrift/ColumnParent.java,interface/thrift/gen-java/org/apache/cassandra/thrift/ColumnParent.java.ColumnParent.toString.Complex Method,0.6.0-beta1,0.6.0,0.7.0,2
cassandra,0.6.0-beta1,org.apache.cassandra.thrift,ColumnPath,,God Class,"pmd,checkstyle",interface/thrift/gen-java/org/apache/cassandra/thrift/ColumnPath.java,interface/thrift/gen-java/org/apache/cassandra/thrift/ColumnPath.java.ColumnPath..God Class,0.6.0-beta1,3.11.0,4.0-alpha1,31
cassandra,0.6.0-beta1,org.apache.cassandra.thrift,ColumnPath,equals,Complex Method,"designitejava,pmd,checkstyle",interface/thrift/gen-java/org/apache/cassandra/thrift/ColumnPath.java,interface/thrift/gen-java/org/apache/cassandra/thrift/ColumnPath.java.ColumnPath.equals.Complex Method,0.6.0-beta1,3.11.0,4.0-alpha1,31
cassandra,0.6.0-beta1,org.apache.cassandra.thrift,ColumnPath,read,Complex Method,"designitejava,pmd",interface/thrift/gen-java/org/apache/cassandra/thrift/ColumnPath.java,interface/thrift/gen-java/org/apache/cassandra/thrift/ColumnPath.java.ColumnPath.read.Complex Method,0.6.0-beta1,3.11.0,4.0-alpha1,31
cassandra,0.6.0-beta1,org.apache.cassandra.thrift,ColumnPath,toString,Complex Method,"designitejava,pmd,checkstyle",interface/thrift/gen-java/org/apache/cassandra/thrift/ColumnPath.java,interface/thrift/gen-java/org/apache/cassandra/thrift/ColumnPath.java.ColumnPath.toString.Complex Method,0.6.0-beta1,3.11.0,4.0-alpha1,31
cassandra,2.1.0-deb,org.apache.cassandra.thrift,ColumnSlice,,God Class,"pmd,checkstyle",interface/thrift/gen-java/org/apache/cassandra/thrift/ColumnSlice.java,interface/thrift/gen-java/org/apache/cassandra/thrift/ColumnSlice.java.ColumnSlice..God Class,2.1.0-deb,3.11.0,4.0-alpha1,17
cassandra,2.1.0-deb,org.apache.cassandra.thrift,ColumnSlice,equals,Complex Method,"designitejava,pmd,checkstyle",interface/thrift/gen-java/org/apache/cassandra/thrift/ColumnSlice.java,interface/thrift/gen-java/org/apache/cassandra/thrift/ColumnSlice.java.ColumnSlice.equals.Complex Method,2.1.0-deb,3.11.0,4.0-alpha1,17
cassandra,0.8.0-beta1,org.apache.cassandra.thrift,CounterColumn,,God Class,"pmd,checkstyle",interface/thrift/gen-java/org/apache/cassandra/thrift/CounterColumn.java,interface/thrift/gen-java/org/apache/cassandra/thrift/CounterColumn.java.CounterColumn..God Class,0.8.0-beta1,3.11.0,4.0-alpha1,27
cassandra,0.8.0-beta1,org.apache.cassandra.thrift,CounterColumn,equals,Complex Method,"designitejava,pmd,checkstyle",interface/thrift/gen-java/org/apache/cassandra/thrift/CounterColumn.java,interface/thrift/gen-java/org/apache/cassandra/thrift/CounterColumn.java.CounterColumn.equals.Complex Method,0.8.0-beta1,3.11.0,4.0-alpha1,27
cassandra,0.8.0-beta1,org.apache.cassandra.thrift,CounterSuperColumn,,God Class,"pmd,checkstyle",interface/thrift/gen-java/org/apache/cassandra/thrift/CounterSuperColumn.java,interface/thrift/gen-java/org/apache/cassandra/thrift/CounterSuperColumn.java.CounterSuperColumn..God Class,0.8.0-beta1,3.11.0,4.0-alpha1,27
cassandra,0.8.0-beta1,org.apache.cassandra.thrift,CounterSuperColumn,equals,Complex Method,"designitejava,pmd,checkstyle",interface/thrift/gen-java/org/apache/cassandra/thrift/CounterSuperColumn.java,interface/thrift/gen-java/org/apache/cassandra/thrift/CounterSuperColumn.java.CounterSuperColumn.equals.Complex Method,0.8.0-beta1,3.11.0,4.0-alpha1,27
cassandra,0.8.0-beta1,org.apache.cassandra.thrift,CounterSuperColumn,read,Complex Method,"designitejava,pmd",interface/thrift/gen-java/org/apache/cassandra/thrift/CounterSuperColumn.java,interface/thrift/gen-java/org/apache/cassandra/thrift/CounterSuperColumn.java.CounterSuperColumn.read.Complex Method,0.8.0-beta1,3.11.0,4.0-alpha1,27
cassandra,1.0.0-beta1,org.apache.cassandra.thrift,CqlMetadata,,God Class,"pmd,checkstyle",interface/thrift/gen-java/org/apache/cassandra/thrift/CqlMetadata.java,interface/thrift/gen-java/org/apache/cassandra/thrift/CqlMetadata.java.CqlMetadata..God Class,1.0.0-beta1,3.11.0,4.0-alpha1,25
cassandra,1.0.0-beta1,org.apache.cassandra.thrift,CqlMetadata,compareTo,Complex Method,"designitejava,pmd,checkstyle",interface/thrift/gen-java/org/apache/cassandra/thrift/CqlMetadata.java,interface/thrift/gen-java/org/apache/cassandra/thrift/CqlMetadata.java.CqlMetadata.compareTo.Complex Method,1.0.0-beta1,3.11.0,4.0-alpha1,25
cassandra,1.0.0-beta1,org.apache.cassandra.thrift,CqlMetadata,equals,Complex Method,"designitejava,pmd,checkstyle",interface/thrift/gen-java/org/apache/cassandra/thrift/CqlMetadata.java,interface/thrift/gen-java/org/apache/cassandra/thrift/CqlMetadata.java.CqlMetadata.equals.Complex Method,1.0.0-beta1,3.11.0,4.0-alpha1,25
cassandra,1.0.0-beta1,org.apache.cassandra.thrift,CqlMetadata,read,Complex Method,"designitejava,pmd,checkstyle",interface/thrift/gen-java/org/apache/cassandra/thrift/CqlMetadata.java,interface/thrift/gen-java/org/apache/cassandra/thrift/CqlMetadata.java.CqlMetadata.read.Complex Method,1.0.0-beta1,3.11.0,4.0-alpha1,25
cassandra,1.1.0-beta1,org.apache.cassandra.thrift,CqlPreparedResult,,God Class,"pmd,checkstyle",interface/thrift/gen-java/org/apache/cassandra/thrift/CqlPreparedResult.java,interface/thrift/gen-java/org/apache/cassandra/thrift/CqlPreparedResult.java.CqlPreparedResult..God Class,1.1.0-beta1,3.11.0,4.0-alpha1,23
cassandra,1.1.0-beta1,org.apache.cassandra.thrift,CqlPreparedResult,compareTo,Complex Method,"designitejava,checkstyle",interface/thrift/gen-java/org/apache/cassandra/thrift/CqlPreparedResult.java,interface/thrift/gen-java/org/apache/cassandra/thrift/CqlPreparedResult.java.CqlPreparedResult.compareTo.Complex Method,1.1.0-beta1,3.11.0,4.0-alpha1,23
cassandra,1.1.0-beta1,org.apache.cassandra.thrift,CqlPreparedResult,equals,Complex Method,"designitejava,pmd,checkstyle",interface/thrift/gen-java/org/apache/cassandra/thrift/CqlPreparedResult.java,interface/thrift/gen-java/org/apache/cassandra/thrift/CqlPreparedResult.java.CqlPreparedResult.equals.Complex Method,1.1.0-beta1,3.11.0,4.0-alpha1,23
cassandra,1.1.0-beta1,org.apache.cassandra.thrift,CqlPreparedResult,read,Complex Method,"designitejava,pmd,checkstyle",interface/thrift/gen-java/org/apache/cassandra/thrift/CqlPreparedResult.java,interface/thrift/gen-java/org/apache/cassandra/thrift/CqlPreparedResult.java.CqlPreparedResult.read.Complex Method,1.1.0-beta1,3.11.0,4.0-alpha1,23
cassandra,0.8.0-beta1,org.apache.cassandra.thrift,CqlResult,,God Class,"pmd,checkstyle",interface/thrift/gen-java/org/apache/cassandra/thrift/CqlResult.java,interface/thrift/gen-java/org/apache/cassandra/thrift/CqlResult.java.CqlResult..God Class,0.8.0-beta1,3.11.0,4.0-alpha1,27
cassandra,0.8.0-beta1,org.apache.cassandra.thrift,CqlResult,compareTo,Complex Method,"designitejava,checkstyle",interface/thrift/gen-java/org/apache/cassandra/thrift/CqlResult.java,interface/thrift/gen-java/org/apache/cassandra/thrift/CqlResult.java.CqlResult.compareTo.Complex Method,0.8.0-beta1,3.11.0,4.0-alpha1,27
cassandra,0.8.0-beta1,org.apache.cassandra.thrift,CqlResult,equals,Complex Method,"designitejava,pmd,checkstyle",interface/thrift/gen-java/org/apache/cassandra/thrift/CqlResult.java,interface/thrift/gen-java/org/apache/cassandra/thrift/CqlResult.java.CqlResult.equals.Complex Method,0.8.0-beta1,3.11.0,4.0-alpha1,27
cassandra,0.8.0-beta1,org.apache.cassandra.thrift,CqlResult,read,Complex Method,"designitejava,pmd",interface/thrift/gen-java/org/apache/cassandra/thrift/CqlResult.java,interface/thrift/gen-java/org/apache/cassandra/thrift/CqlResult.java.CqlResult.read.Complex Method,0.8.0-beta1,3.11.0,4.0-alpha1,27
cassandra,1.0.0-beta1,org.apache.cassandra.thrift,CqlResult,toString,Complex Method,"designitejava,pmd",interface/thrift/gen-java/org/apache/cassandra/thrift/CqlResult.java,interface/thrift/gen-java/org/apache/cassandra/thrift/CqlResult.java.CqlResult.toString.Complex Method,1.0.0-beta1,3.11.0,4.0-alpha1,25
cassandra,0.8.0-beta1,org.apache.cassandra.thrift,CqlRow,,God Class,"pmd,checkstyle",interface/thrift/gen-java/org/apache/cassandra/thrift/CqlRow.java,interface/thrift/gen-java/org/apache/cassandra/thrift/CqlRow.java.CqlRow..God Class,0.8.0-beta1,3.11.0,4.0-alpha1,27
cassandra,0.8.0-beta1,org.apache.cassandra.thrift,CqlRow,equals,Complex Method,"designitejava,pmd,checkstyle",interface/thrift/gen-java/org/apache/cassandra/thrift/CqlRow.java,interface/thrift/gen-java/org/apache/cassandra/thrift/CqlRow.java.CqlRow.equals.Complex Method,0.8.0-beta1,3.11.0,4.0-alpha1,27
cassandra,0.8.0-beta1,org.apache.cassandra.thrift,CqlRow,read,Complex Method,"designitejava,pmd",interface/thrift/gen-java/org/apache/cassandra/thrift/CqlRow.java,interface/thrift/gen-java/org/apache/cassandra/thrift/CqlRow.java.CqlRow.read.Complex Method,0.8.0-beta1,3.11.0,4.0-alpha1,27
cassandra,0.6.0-beta1,org.apache.cassandra.thrift,Deletion,,God Class,"pmd,checkstyle",interface/thrift/gen-java/org/apache/cassandra/thrift/Deletion.java,interface/thrift/gen-java/org/apache/cassandra/thrift/Deletion.java.Deletion..God Class,0.6.0-beta1,3.11.0,4.0-alpha1,31
cassandra,0.6.0-beta1,org.apache.cassandra.thrift,Deletion,equals,Complex Method,"designitejava,pmd,checkstyle",interface/thrift/gen-java/org/apache/cassandra/thrift/Deletion.java,interface/thrift/gen-java/org/apache/cassandra/thrift/Deletion.java.Deletion.equals.Complex Method,0.6.0-beta1,3.11.0,4.0-alpha1,31
cassandra,0.6.0-beta1,org.apache.cassandra.thrift,Deletion,read,Complex Method,"designitejava,pmd,checkstyle",interface/thrift/gen-java/org/apache/cassandra/thrift/Deletion.java,interface/thrift/gen-java/org/apache/cassandra/thrift/Deletion.java.Deletion.read.Complex Method,0.6.0-beta1,3.11.0,4.0-alpha1,31
cassandra,0.6.0-beta1,org.apache.cassandra.thrift,Deletion,toString,Complex Method,"designitejava,pmd,checkstyle",interface/thrift/gen-java/org/apache/cassandra/thrift/Deletion.java,interface/thrift/gen-java/org/apache/cassandra/thrift/Deletion.java.Deletion.toString.Complex Method,0.6.0-beta1,3.11.0,4.0-alpha1,31
cassandra,1.1.0-beta1,org.apache.cassandra.thrift,EndpointDetails,,God Class,"pmd,checkstyle",interface/thrift/gen-java/org/apache/cassandra/thrift/EndpointDetails.java,interface/thrift/gen-java/org/apache/cassandra/thrift/EndpointDetails.java.EndpointDetails..God Class,1.1.0-beta1,3.11.0,4.0-alpha1,23
cassandra,1.1.0-beta1,org.apache.cassandra.thrift,EndpointDetails,compareTo,Complex Method,"designitejava,checkstyle",interface/thrift/gen-java/org/apache/cassandra/thrift/EndpointDetails.java,interface/thrift/gen-java/org/apache/cassandra/thrift/EndpointDetails.java.EndpointDetails.compareTo.Complex Method,1.1.0-beta1,3.11.0,4.0-alpha1,23
cassandra,1.1.0-beta1,org.apache.cassandra.thrift,EndpointDetails,equals,Complex Method,"designitejava,pmd,checkstyle",interface/thrift/gen-java/org/apache/cassandra/thrift/EndpointDetails.java,interface/thrift/gen-java/org/apache/cassandra/thrift/EndpointDetails.java.EndpointDetails.equals.Complex Method,1.1.0-beta1,3.11.0,4.0-alpha1,23
cassandra,1.1.0-beta1,org.apache.cassandra.thrift,EndpointDetails,read,Complex Method,"designitejava,pmd",interface/thrift/gen-java/org/apache/cassandra/thrift/EndpointDetails.java,interface/thrift/gen-java/org/apache/cassandra/thrift/EndpointDetails.java.EndpointDetails.read.Complex Method,1.1.0-beta1,3.11.0,4.0-alpha1,23
cassandra,0.7.0,org.apache.cassandra.thrift,IndexClause,,God Class,"pmd,checkstyle",interface/thrift/gen-java/org/apache/cassandra/thrift/IndexClause.java,interface/thrift/gen-java/org/apache/cassandra/thrift/IndexClause.java.IndexClause..God Class,0.7.0,3.11.0,4.0-alpha1,29
cassandra,0.7.0,org.apache.cassandra.thrift,IndexClause,compareTo,Complex Method,"designitejava,checkstyle",interface/thrift/gen-java/org/apache/cassandra/thrift/IndexClause.java,interface/thrift/gen-java/org/apache/cassandra/thrift/IndexClause.java.IndexClause.compareTo.Complex Method,0.7.0,3.11.0,4.0-alpha1,29
cassandra,0.7.0,org.apache.cassandra.thrift,IndexClause,equals,Complex Method,"designitejava,pmd,checkstyle",interface/thrift/gen-java/org/apache/cassandra/thrift/IndexClause.java,interface/thrift/gen-java/org/apache/cassandra/thrift/IndexClause.java.IndexClause.equals.Complex Method,0.7.0,3.11.0,4.0-alpha1,29
cassandra,0.7.0,org.apache.cassandra.thrift,IndexClause,read,Complex Method,"designitejava,pmd,checkstyle",interface/thrift/gen-java/org/apache/cassandra/thrift/IndexClause.java,interface/thrift/gen-java/org/apache/cassandra/thrift/IndexClause.java.IndexClause.read.Complex Method,0.7.0,3.11.0,4.0-alpha1,29
cassandra,0.7.0,org.apache.cassandra.thrift,IndexExpression,,God Class,"pmd,checkstyle",interface/thrift/gen-java/org/apache/cassandra/thrift/IndexExpression.java,interface/thrift/gen-java/org/apache/cassandra/thrift/IndexExpression.java.IndexExpression..God Class,0.7.0,3.11.0,4.0-alpha1,29
cassandra,0.7.0,org.apache.cassandra.thrift,IndexExpression,compareTo,Complex Method,"designitejava,checkstyle",interface/thrift/gen-java/org/apache/cassandra/thrift/IndexExpression.java,interface/thrift/gen-java/org/apache/cassandra/thrift/IndexExpression.java.IndexExpression.compareTo.Complex Method,0.7.0,3.11.0,4.0-alpha1,29
cassandra,0.7.0,org.apache.cassandra.thrift,IndexExpression,equals,Complex Method,"designitejava,pmd,checkstyle",interface/thrift/gen-java/org/apache/cassandra/thrift/IndexExpression.java,interface/thrift/gen-java/org/apache/cassandra/thrift/IndexExpression.java.IndexExpression.equals.Complex Method,0.7.0,3.11.0,4.0-alpha1,29
cassandra,0.7.0,org.apache.cassandra.thrift,IndexExpression,read,Complex Method,"designitejava,pmd",interface/thrift/gen-java/org/apache/cassandra/thrift/IndexExpression.java,interface/thrift/gen-java/org/apache/cassandra/thrift/IndexExpression.java.IndexExpression.read.Complex Method,0.7.0,3.11.0,4.0-alpha1,29
cassandra,0.7.0,org.apache.cassandra.thrift,KeyCount,equals,Complex Method,"designitejava,pmd,checkstyle",interface/thrift/gen-java/org/apache/cassandra/thrift/KeyCount.java,interface/thrift/gen-java/org/apache/cassandra/thrift/KeyCount.java.KeyCount.equals.Complex Method,0.7.0,3.11.0,4.0-alpha1,29
cassandra,0.6.0-beta1,org.apache.cassandra.thrift,KeyRange,,God Class,"pmd,checkstyle",interface/thrift/gen-java/org/apache/cassandra/thrift/KeyRange.java,interface/thrift/gen-java/org/apache/cassandra/thrift/KeyRange.java.KeyRange..God Class,0.6.0-beta1,3.11.0,4.0-alpha1,31
cassandra,0.6.0-beta1,org.apache.cassandra.thrift,KeyRange,compareTo,Complex Method,"designitejava,checkstyle",interface/thrift/gen-java/org/apache/cassandra/thrift/KeyRange.java,interface/thrift/gen-java/org/apache/cassandra/thrift/KeyRange.java.KeyRange.compareTo.Complex Method,0.6.0-beta1,3.11.0,4.0-alpha1,31
cassandra,0.6.0-beta1,org.apache.cassandra.thrift,KeyRange,equals,Complex Method,"designitejava,pmd,checkstyle",interface/thrift/gen-java/org/apache/cassandra/thrift/KeyRange.java,interface/thrift/gen-java/org/apache/cassandra/thrift/KeyRange.java.KeyRange.equals.Complex Method,0.6.0-beta1,3.11.0,4.0-alpha1,31
cassandra,0.6.0-beta1,org.apache.cassandra.thrift,KeyRange,read,Complex Method,"designitejava,pmd,checkstyle",interface/thrift/gen-java/org/apache/cassandra/thrift/KeyRange.java,interface/thrift/gen-java/org/apache/cassandra/thrift/KeyRange.java.KeyRange.read.Complex Method,0.6.0-beta1,3.11.0,4.0-alpha1,31
cassandra,0.6.0-beta1,org.apache.cassandra.thrift,KeyRange,setFieldValue,Complex Method,"designitejava,pmd,checkstyle",interface/thrift/gen-java/org/apache/cassandra/thrift/KeyRange.java,interface/thrift/gen-java/org/apache/cassandra/thrift/KeyRange.java.KeyRange.setFieldValue.Complex Method,0.6.0-beta1,3.11.0,4.0-alpha1,31
cassandra,0.6.0-beta1,org.apache.cassandra.thrift,KeyRange,toString,Complex Method,"designitejava,pmd,checkstyle",interface/thrift/gen-java/org/apache/cassandra/thrift/KeyRange.java,interface/thrift/gen-java/org/apache/cassandra/thrift/KeyRange.java.KeyRange.toString.Complex Method,0.6.0-beta1,3.11.0,4.0-alpha1,31
cassandra,0.6.0-beta1,org.apache.cassandra.thrift,KeySlice,,God Class,"pmd,checkstyle",interface/thrift/gen-java/org/apache/cassandra/thrift/KeySlice.java,interface/thrift/gen-java/org/apache/cassandra/thrift/KeySlice.java.KeySlice..God Class,0.6.0-beta1,3.11.0,4.0-alpha1,31
cassandra,0.6.0-beta1,org.apache.cassandra.thrift,KeySlice,equals,Complex Method,"designitejava,pmd,checkstyle",interface/thrift/gen-java/org/apache/cassandra/thrift/KeySlice.java,interface/thrift/gen-java/org/apache/cassandra/thrift/KeySlice.java.KeySlice.equals.Complex Method,0.6.0-beta1,3.11.0,4.0-alpha1,31
cassandra,0.6.0-beta1,org.apache.cassandra.thrift,KeySlice,read,Complex Method,"designitejava,pmd",interface/thrift/gen-java/org/apache/cassandra/thrift/KeySlice.java,interface/thrift/gen-java/org/apache/cassandra/thrift/KeySlice.java.KeySlice.read.Complex Method,0.6.0-beta1,3.11.0,4.0-alpha1,31
cassandra,0.7.0,org.apache.cassandra.thrift,KsDef,,God Class,"pmd,checkstyle",interface/thrift/gen-java/org/apache/cassandra/thrift/KsDef.java,interface/thrift/gen-java/org/apache/cassandra/thrift/KsDef.java.KsDef..God Class,0.7.0,3.11.0,4.0-alpha1,29
cassandra,0.7.0,org.apache.cassandra.thrift,KsDef,compareTo,Complex Method,"designitejava,pmd,checkstyle",interface/thrift/gen-java/org/apache/cassandra/thrift/KsDef.java,interface/thrift/gen-java/org/apache/cassandra/thrift/KsDef.java.KsDef.compareTo.Complex Method,0.7.0,3.11.0,4.0-alpha1,29
cassandra,0.7.0,org.apache.cassandra.thrift,KsDef,equals,Complex Method,"designitejava,pmd,checkstyle",interface/thrift/gen-java/org/apache/cassandra/thrift/KsDef.java,interface/thrift/gen-java/org/apache/cassandra/thrift/KsDef.java.KsDef.equals.Complex Method,0.7.0,3.11.0,4.0-alpha1,29
cassandra,0.7.0,org.apache.cassandra.thrift,KsDef,read,Complex Method,"designitejava,pmd,checkstyle",interface/thrift/gen-java/org/apache/cassandra/thrift/KsDef.java,interface/thrift/gen-java/org/apache/cassandra/thrift/KsDef.java.KsDef.read.Complex Method,0.7.0,3.11.0,4.0-alpha1,29
cassandra,0.7.0,org.apache.cassandra.thrift,KsDef,setFieldValue,Complex Method,"designitejava,pmd,checkstyle",interface/thrift/gen-java/org/apache/cassandra/thrift/KsDef.java,interface/thrift/gen-java/org/apache/cassandra/thrift/KsDef.java.KsDef.setFieldValue.Complex Method,0.7.0,3.11.0,4.0-alpha1,29
cassandra,0.7.0,org.apache.cassandra.thrift,KsDef,toString,Complex Method,"designitejava,pmd",interface/thrift/gen-java/org/apache/cassandra/thrift/KsDef.java,interface/thrift/gen-java/org/apache/cassandra/thrift/KsDef.java.KsDef.toString.Complex Method,0.7.0,3.11.0,4.0-alpha1,29
cassandra,2.1.0-deb,org.apache.cassandra.thrift,MultiSliceRequest,,God Class,"pmd,checkstyle",interface/thrift/gen-java/org/apache/cassandra/thrift/MultiSliceRequest.java,interface/thrift/gen-java/org/apache/cassandra/thrift/MultiSliceRequest.java.MultiSliceRequest..God Class,2.1.0-deb,3.11.0,4.0-alpha1,17
cassandra,2.1.0-deb,org.apache.cassandra.thrift,MultiSliceRequest,compareTo,Complex Method,"designitejava,pmd,checkstyle",interface/thrift/gen-java/org/apache/cassandra/thrift/MultiSliceRequest.java,interface/thrift/gen-java/org/apache/cassandra/thrift/MultiSliceRequest.java.MultiSliceRequest.compareTo.Complex Method,2.1.0-deb,3.11.0,4.0-alpha1,17
cassandra,2.1.0-deb,org.apache.cassandra.thrift,MultiSliceRequest,equals,Complex Method,"designitejava,pmd,checkstyle",interface/thrift/gen-java/org/apache/cassandra/thrift/MultiSliceRequest.java,interface/thrift/gen-java/org/apache/cassandra/thrift/MultiSliceRequest.java.MultiSliceRequest.equals.Complex Method,2.1.0-deb,3.11.0,4.0-alpha1,17
cassandra,2.1.0-deb,org.apache.cassandra.thrift,MultiSliceRequest,setFieldValue,Complex Method,"designitejava,pmd,checkstyle",interface/thrift/gen-java/org/apache/cassandra/thrift/MultiSliceRequest.java,interface/thrift/gen-java/org/apache/cassandra/thrift/MultiSliceRequest.java.MultiSliceRequest.setFieldValue.Complex Method,2.1.0-deb,3.11.0,4.0-alpha1,17
cassandra,2.1.0-deb,org.apache.cassandra.thrift,MultiSliceRequest,toString,Complex Method,"designitejava,pmd,checkstyle",interface/thrift/gen-java/org/apache/cassandra/thrift/MultiSliceRequest.java,interface/thrift/gen-java/org/apache/cassandra/thrift/MultiSliceRequest.java.MultiSliceRequest.toString.Complex Method,2.1.0-deb,3.11.0,4.0-alpha1,17
cassandra,0.6.0-beta1,org.apache.cassandra.thrift,Mutation,equals,Complex Method,"designitejava,pmd,checkstyle",interface/thrift/gen-java/org/apache/cassandra/thrift/Mutation.java,interface/thrift/gen-java/org/apache/cassandra/thrift/Mutation.java.Mutation.equals.Complex Method,0.6.0-beta1,3.11.0,4.0-alpha1,31
cassandra,0.6.0-beta1,org.apache.cassandra.thrift,Mutation,read,Complex Method,"designitejava,pmd",interface/thrift/gen-java/org/apache/cassandra/thrift/Mutation.java,interface/thrift/gen-java/org/apache/cassandra/thrift/Mutation.java.Mutation.read.Complex Method,0.6.0-beta1,0.6.0-beta1,0.6.0,1
cassandra,0.6.0-beta1,org.apache.cassandra.thrift,SlicePredicate,,God Class,"pmd,checkstyle",interface/thrift/gen-java/org/apache/cassandra/thrift/SlicePredicate.java,interface/thrift/gen-java/org/apache/cassandra/thrift/SlicePredicate.java.SlicePredicate..God Class,0.6.0-beta1,3.11.0,4.0-alpha1,31
cassandra,0.6.0-beta1,org.apache.cassandra.thrift,SlicePredicate,equals,Complex Method,"designitejava,pmd,checkstyle",interface/thrift/gen-java/org/apache/cassandra/thrift/SlicePredicate.java,interface/thrift/gen-java/org/apache/cassandra/thrift/SlicePredicate.java.SlicePredicate.equals.Complex Method,0.6.0-beta1,3.11.0,4.0-alpha1,31
cassandra,0.6.0-beta1,org.apache.cassandra.thrift,SlicePredicate,read,Complex Method,"designitejava,pmd",interface/thrift/gen-java/org/apache/cassandra/thrift/SlicePredicate.java,interface/thrift/gen-java/org/apache/cassandra/thrift/SlicePredicate.java.SlicePredicate.read.Complex Method,0.6.0-beta1,3.11.0,4.0-alpha1,31
cassandra,0.6.0-beta1,org.apache.cassandra.thrift,SliceRange,,God Class,"pmd,checkstyle",interface/thrift/gen-java/org/apache/cassandra/thrift/SliceRange.java,interface/thrift/gen-java/org/apache/cassandra/thrift/SliceRange.java.SliceRange..God Class,0.6.0-beta1,3.11.0,4.0-alpha1,31
cassandra,0.6.0-beta1,org.apache.cassandra.thrift,SliceRange,equals,Complex Method,"designitejava,pmd,checkstyle",interface/thrift/gen-java/org/apache/cassandra/thrift/SliceRange.java,interface/thrift/gen-java/org/apache/cassandra/thrift/SliceRange.java.SliceRange.equals.Complex Method,0.6.0-beta1,3.11.0,4.0-alpha1,31
cassandra,0.6.0-beta1,org.apache.cassandra.thrift,SliceRange,read,Complex Method,"designitejava,pmd,checkstyle",interface/thrift/gen-java/org/apache/cassandra/thrift/SliceRange.java,interface/thrift/gen-java/org/apache/cassandra/thrift/SliceRange.java.SliceRange.read.Complex Method,0.6.0-beta1,3.11.0,4.0-alpha1,31
cassandra,0.6.0-beta1,org.apache.cassandra.thrift,SliceRange,toString,Complex Method,"designitejava,pmd,checkstyle",interface/thrift/gen-java/org/apache/cassandra/thrift/SliceRange.java,interface/thrift/gen-java/org/apache/cassandra/thrift/SliceRange.java.SliceRange.toString.Complex Method,0.6.0-beta1,0.6.0,0.7.0,2
cassandra,0.6.0-beta1,org.apache.cassandra.thrift,SuperColumn,,God Class,"pmd,checkstyle",interface/thrift/gen-java/org/apache/cassandra/thrift/SuperColumn.java,interface/thrift/gen-java/org/apache/cassandra/thrift/SuperColumn.java.SuperColumn..God Class,0.6.0-beta1,3.11.0,4.0-alpha1,31
cassandra,0.6.0-beta1,org.apache.cassandra.thrift,SuperColumn,equals,Complex Method,"designitejava,pmd,checkstyle",interface/thrift/gen-java/org/apache/cassandra/thrift/SuperColumn.java,interface/thrift/gen-java/org/apache/cassandra/thrift/SuperColumn.java.SuperColumn.equals.Complex Method,0.6.0-beta1,3.11.0,4.0-alpha1,31
cassandra,0.6.0-beta1,org.apache.cassandra.thrift,SuperColumn,read,Complex Method,"designitejava,pmd",interface/thrift/gen-java/org/apache/cassandra/thrift/SuperColumn.java,interface/thrift/gen-java/org/apache/cassandra/thrift/SuperColumn.java.SuperColumn.read.Complex Method,0.6.0-beta1,3.11.0,4.0-alpha1,31
cassandra,1.2.0-beta1,org.apache.cassandra.thrift,TimedOutException,equals,Complex Method,"designitejava,pmd,checkstyle",interface/thrift/gen-java/org/apache/cassandra/thrift/TimedOutException.java,interface/thrift/gen-java/org/apache/cassandra/thrift/TimedOutException.java.TimedOutException.equals.Complex Method,1.2.0-beta1,3.11.0,4.0-alpha1,21
cassandra,0.6.0-beta1,org.apache.cassandra.thrift,TokenRange,,God Class,"pmd,checkstyle",interface/thrift/gen-java/org/apache/cassandra/thrift/TokenRange.java,interface/thrift/gen-java/org/apache/cassandra/thrift/TokenRange.java.TokenRange..God Class,0.6.0-beta1,3.11.0,4.0-alpha1,31
cassandra,0.6.0-beta1,org.apache.cassandra.thrift,TokenRange,equals,Complex Method,"designitejava,pmd,checkstyle",interface/thrift/gen-java/org/apache/cassandra/thrift/TokenRange.java,interface/thrift/gen-java/org/apache/cassandra/thrift/TokenRange.java.TokenRange.equals.Complex Method,0.6.0-beta1,3.11.0,4.0-alpha1,31
cassandra,0.6.0-beta1,org.apache.cassandra.thrift,TokenRange,read,Complex Method,"designitejava,pmd,checkstyle",interface/thrift/gen-java/org/apache/cassandra/thrift/TokenRange.java,interface/thrift/gen-java/org/apache/cassandra/thrift/TokenRange.java.TokenRange.read.Complex Method,0.6.0-beta1,3.11.0,4.0-alpha1,31
cassandra,2.0.0,org.apache.cassandra.thrift,TriggerDef,,God Class,"pmd,checkstyle",interface/thrift/gen-java/org/apache/cassandra/thrift/TriggerDef.java,interface/thrift/gen-java/org/apache/cassandra/thrift/TriggerDef.java.TriggerDef..God Class,2.0.0,3.11.0,4.0-alpha1,18
cassandra,2.0.0,org.apache.cassandra.thrift,TriggerDef,equals,Complex Method,"designitejava,pmd,checkstyle",interface/thrift/gen-java/org/apache/cassandra/thrift/TriggerDef.java,interface/thrift/gen-java/org/apache/cassandra/thrift/TriggerDef.java.TriggerDef.equals.Complex Method,2.0.0,3.11.0,4.0-alpha1,18
cassandra,0.3.0-final,org.apache.cassandra.analytics,AnalyticsContext,,God Class,"pmd,checkstyle",src/java/org/apache/cassandra/analytics/AnalyticsContext.java,src/java/org/apache/cassandra/analytics/AnalyticsContext.java.AnalyticsContext..God Class,0.3.0-final,0.3.0-final,0.4.0-final,1
cassandra,4.0.0,org.apache.cassandra.audit,AuditLogManager,batchFailure,Long Parameter List,"designitejava,checkstyle",src/java/org/apache/cassandra/audit/AuditLogManager.java,src/java/org/apache/cassandra/audit/AuditLogManager.java.AuditLogManager.batchFailure.Long Parameter List,4.0.0,5.0.0,5.0.0,5
cassandra,4.0.0,org.apache.cassandra.audit,AuditLogManager,batchSuccess,Long Parameter List,"designitejava,checkstyle",src/java/org/apache/cassandra/audit/AuditLogManager.java,src/java/org/apache/cassandra/audit/AuditLogManager.java.AuditLogManager.batchSuccess.Long Parameter List,4.0.0,5.0.0,5.0.0,5
cassandra,4.0-alpha1,org.apache.cassandra.audit,AuditLogManager,configureFQL,Long Parameter List,"designitejava,checkstyle",src/java/org/apache/cassandra/audit/AuditLogManager.java,src/java/org/apache/cassandra/audit/AuditLogManager.java.AuditLogManager.configureFQL.Long Parameter List,4.0-alpha1,4.0-alpha1,4.0.0,1
cassandra,4.0.0,org.apache.cassandra.audit,AuditLogManager,executeSuccess,Long Parameter List,"designitejava,checkstyle",src/java/org/apache/cassandra/audit/AuditLogManager.java,src/java/org/apache/cassandra/audit/AuditLogManager.java.AuditLogManager.executeSuccess.Long Parameter List,4.0.0,5.0.0,5.0.0,5
cassandra,4.0-alpha1,org.apache.cassandra.audit,AuditLogManager,logBatch,Long Parameter List,"designitejava,checkstyle",src/java/org/apache/cassandra/audit/AuditLogManager.java,src/java/org/apache/cassandra/audit/AuditLogManager.java.AuditLogManager.logBatch.Long Parameter List,4.0-alpha1,4.0-alpha1,4.0.0,1
cassandra,4.0.0,org.apache.cassandra.audit,AuditLogManager,querySuccess,Long Parameter List,"designitejava,checkstyle",src/java/org/apache/cassandra/audit/AuditLogManager.java,src/java/org/apache/cassandra/audit/AuditLogManager.java.AuditLogManager.querySuccess.Long Parameter List,4.0.0,5.0.0,5.0.0,5
cassandra,4.0-alpha1,org.apache.cassandra.audit,BinLogAuditLogger,configure,Long Parameter List,"designitejava,checkstyle",src/java/org/apache/cassandra/audit/BinLogAuditLogger.java,src/java/org/apache/cassandra/audit/BinLogAuditLogger.java.BinLogAuditLogger.configure.Long Parameter List,4.0-alpha1,4.0-alpha1,4.0.0,1
cassandra,4.0-alpha1,org.apache.cassandra.audit,FullQueryLogger,logBatch,Long Parameter List,"designitejava,checkstyle",src/java/org/apache/cassandra/audit/FullQueryLogger.java,src/java/org/apache/cassandra/audit/FullQueryLogger.java.FullQueryLogger.logBatch.Long Parameter List,4.0-alpha1,4.0-alpha1,4.0.0,1
cassandra,3.1,org.apache.cassandra.auth,AuthConfig,applyAuth,Complex Method,"designitejava,checkstyle",src/java/org/apache/cassandra/auth/AuthConfig.java,src/java/org/apache/cassandra/auth/AuthConfig.java.AuthConfig.applyAuth.Complex Method,3.1,5.0.0,5.0.0,17
cassandra,0.7.0,org.apache.cassandra.auth,SimpleAuthenticator,authenticate,Complex Method,"designitejava,pmd,checkstyle",src/java/org/apache/cassandra/auth/SimpleAuthenticator.java,src/java/org/apache/cassandra/auth/SimpleAuthenticator.java.SimpleAuthenticator.authenticate.Complex Method,0.7.0,1.0.0-beta1,1.0.0,5
cassandra,0.6.0-beta1,org.apache.cassandra.auth,SimpleAuthenticator,login,Complex Method,"designitejava,pmd,checkstyle",src/java/org/apache/cassandra/auth/SimpleAuthenticator.java,src/java/org/apache/cassandra/auth/SimpleAuthenticator.java.SimpleAuthenticator.login.Complex Method,0.6.0-beta1,0.6.0,0.7.0,2
cassandra,0.7.0,org.apache.cassandra.auth,SimpleAuthority,authorize,Complex Method,"designitejava,pmd,checkstyle",src/java/org/apache/cassandra/auth/SimpleAuthority.java,src/java/org/apache/cassandra/auth/SimpleAuthority.java.SimpleAuthority.authorize.Complex Method,0.7.0,1.0.0-beta1,1.0.0,5
cassandra,3.1,org.apache.cassandra.auth.jmx,AuthorizationProxy,authorize,Complex Method,"designitejava,checkstyle",src/java/org/apache/cassandra/auth/jmx/AuthorizationProxy.java,src/java/org/apache/cassandra/auth/jmx/AuthorizationProxy.java.AuthorizationProxy.authorize.Complex Method,3.1,5.0.0,5.0.0,17
cassandra,0.7.0,org.apache.cassandra.avro,AvroValidation,,God Class,"pmd,checkstyle",src/java/org/apache/cassandra/avro/AvroValidation.java,src/java/org/apache/cassandra/avro/AvroValidation.java.AvroValidation..God Class,0.7.0,0.7.6-2,0.8.0-beta1,2
cassandra,0.7.0,org.apache.cassandra.avro,CassandraServer,,God Class,"pmd,checkstyle",src/java/org/apache/cassandra/avro/CassandraServer.java,src/java/org/apache/cassandra/avro/CassandraServer.java.CassandraServer..God Class,0.7.0,0.7.6-2,0.8.0-beta1,2
cassandra,0.7.0,org.apache.cassandra.avro,CassandraServer,convertToCFMetaData,Complex Method,"pmd,checkstyle",src/java/org/apache/cassandra/avro/CassandraServer.java,src/java/org/apache/cassandra/avro/CassandraServer.java.CassandraServer.convertToCFMetaData.Complex Method,0.7.0,0.7.6-2,0.8.0-beta1,2
cassandra,0.6.0-beta1,org.apache.cassandra.avro,CassandraServer,insert,Long Parameter List,"designitejava,checkstyle",src/java/org/apache/cassandra/avro/CassandraServer.java,src/java/org/apache/cassandra/avro/CassandraServer.java.CassandraServer.insert.Long Parameter List,0.6.0-beta1,0.6.0,0.7.0,2
cassandra,1.2.0-beta1,org.apache.cassandra.cache,AutoSavingCache,loadSaved,Complex Method,"designitejava,pmd",src/java/org/apache/cassandra/cache/AutoSavingCache.java,src/java/org/apache/cassandra/cache/AutoSavingCache.java.AutoSavingCache.loadSaved.Complex Method,1.2.0-beta1,5.0.0,5.0.0,27
cassandra,1.0.0-beta1,org.apache.cassandra.cli,CliClient,describeColumnFamily,Complex Method,"designitejava,pmd,checkstyle",src/java/org/apache/cassandra/cli/CliClient.java,src/java/org/apache/cassandra/cli/CliClient.java.CliClient.describeColumnFamily.Complex Method,1.0.0-beta1,2.1.0,2.2.0-beta1,10
cassandra,0.7.0,org.apache.cassandra.cli,CliClient,describeKeySpace,Complex Method,"designitejava,pmd,checkstyle",src/java/org/apache/cassandra/cli/CliClient.java,src/java/org/apache/cassandra/cli/CliClient.java.CliClient.describeKeySpace.Complex Method,0.7.0,2.1.0,2.2.0-beta1,14
cassandra,0.7.0,org.apache.cassandra.cli,CliClient,executeCLIStatement,Complex Method,"designitejava,checkstyle",src/java/org/apache/cassandra/cli/CliClient.java,src/java/org/apache/cassandra/cli/CliClient.java.CliClient.executeCLIStatement.Complex Method,0.7.0,2.1.0,2.2.0-beta1,14
cassandra,0.3.0-final,org.apache.cassandra.cli,CliClient,executeCLIStmt,Complex Method,"designitejava,checkstyle",src/java/org/apache/cassandra/cli/CliClient.java,src/java/org/apache/cassandra/cli/CliClient.java.CliClient.executeCLIStmt.Complex Method,0.3.0-final,0.6.0,0.7.0,7
cassandra,1.0.0-beta1,org.apache.cassandra.cli,CliClient,executeDescribe,Complex Method,"designitejava,pmd,checkstyle",src/java/org/apache/cassandra/cli/CliClient.java,src/java/org/apache/cassandra/cli/CliClient.java.CliClient.executeDescribe.Complex Method,1.0.0-beta1,2.1.0,2.2.0-beta1,10
cassandra,0.7.0,org.apache.cassandra.cli,CliClient,executeGet,Complex Method,"designitejava,pmd,checkstyle",src/java/org/apache/cassandra/cli/CliClient.java,src/java/org/apache/cassandra/cli/CliClient.java.CliClient.executeGet.Complex Method,0.7.0,2.1.0,2.2.0-beta1,14
cassandra,0.7.0,org.apache.cassandra.cli,CliClient,executeList,Complex Method,"designitejava,pmd,checkstyle",src/java/org/apache/cassandra/cli/CliClient.java,src/java/org/apache/cassandra/cli/CliClient.java.CliClient.executeList.Complex Method,0.7.0,2.1.0,2.2.0-beta1,14
cassandra,0.7.0,org.apache.cassandra.cli,CliClient,executeSet,Complex Method,"designitejava,checkstyle",src/java/org/apache/cassandra/cli/CliClient.java,src/java/org/apache/cassandra/cli/CliClient.java.CliClient.executeSet.Complex Method,0.7.0,2.1.0,2.2.0-beta1,14
cassandra,0.7.0,org.apache.cassandra.cli,CliClient,getCFColumnMetaFromTree,Complex Method,"designitejava,pmd",src/java/org/apache/cassandra/cli/CliClient.java,src/java/org/apache/cassandra/cli/CliClient.java.CliClient.getCFColumnMetaFromTree.Complex Method,0.7.0,2.1.0,2.2.0-beta1,14
cassandra,1.0.0,org.apache.cassandra.cli,CliClient,showColumnFamily,Complex Method,"designitejava,pmd",src/java/org/apache/cassandra/cli/CliClient.java,src/java/org/apache/cassandra/cli/CliClient.java.CliClient.showColumnFamily.Complex Method,1.0.0,2.1.0,2.2.0-beta1,9
cassandra,0.7.0,org.apache.cassandra.cli,CliClient,updateCfDefAttributes,Complex Method,"designitejava,checkstyle",src/java/org/apache/cassandra/cli/CliClient.java,src/java/org/apache/cassandra/cli/CliClient.java.CliClient.updateCfDefAttributes.Complex Method,0.7.0,2.1.0,2.2.0-beta1,14
cassandra,0.6.0,org.apache.cassandra.cli,CliMain,connect,Complex Method,"designitejava,pmd,checkstyle",src/java/org/apache/cassandra/cli/CliMain.java,src/java/org/apache/cassandra/cli/CliMain.java.CliMain.connect.Complex Method,0.6.0,2.1.0,2.2.0-beta1,15
cassandra,0.6.0,org.apache.cassandra.cli,CliMain,connect,Feature Envy,"designitejava,checkstyle",src/java/org/apache/cassandra/cli/CliMain.java,src/java/org/apache/cassandra/cli/CliMain.java.CliMain.connect.Feature Envy,0.6.0,0.6.0,0.7.0,1
cassandra,0.7.0,org.apache.cassandra.cli,CliMain,main,Complex Method,"designitejava,pmd,checkstyle",src/java/org/apache/cassandra/cli/CliMain.java,src/java/org/apache/cassandra/cli/CliMain.java.CliMain.main.Complex Method,0.7.0,2.1.0,2.2.0-beta1,14
cassandra,2.1.0-deb,org.apache.cassandra.cli,CliOptions,configureTransportFactory,Complex Method,"designitejava,checkstyle",src/java/org/apache/cassandra/cli/CliOptions.java,src/java/org/apache/cassandra/cli/CliOptions.java.CliOptions.configureTransportFactory.Complex Method,2.1.0-deb,2.1.0,2.2.0-beta1,2
cassandra,0.7.0,org.apache.cassandra.cli,CliUserHelp,printCmdHelp,Complex Method,"designitejava,pmd,checkstyle",src/java/org/apache/cassandra/cli/CliUserHelp.java,src/java/org/apache/cassandra/cli/CliUserHelp.java.CliUserHelp.printCmdHelp.Complex Method,0.7.0,0.7.6-2,0.8.0-beta1,2
cassandra,0.4.0-final,org.apache.cassandra.cli,CliUtils,unescapeSQLString,Complex Method,"designitejava,checkstyle",src/java/org/apache/cassandra/cli/CliUtils.java,src/java/org/apache/cassandra/cli/CliUtils.java.CliUtils.unescapeSQLString.Complex Method,0.4.0-final,0.8.0-beta1,0.8.0,9
cassandra,0.3.0-final,org.apache.cassandra.concurrent,ContinuationsExecutor,,God Class,"pmd,checkstyle",src/java/org/apache/cassandra/concurrent/ContinuationsExecutor.java,src/java/org/apache/cassandra/concurrent/ContinuationsExecutor.java.ContinuationsExecutor..God Class,0.3.0-final,0.3.0-final,0.4.0-final,1
cassandra,0.3.0-final,org.apache.cassandra.concurrent,ContinuationsExecutor,addWorker,Complex Method,"designitejava,pmd,checkstyle",src/java/org/apache/cassandra/concurrent/ContinuationsExecutor.java,src/java/org/apache/cassandra/concurrent/ContinuationsExecutor.java.ContinuationsExecutor.addWorker.Complex Method,0.3.0-final,0.3.0-final,0.4.0-final,1
cassandra,0.3.0-final,org.apache.cassandra.concurrent,ContinuationsExecutor,getTask,Complex Method,"designitejava,pmd,checkstyle",src/java/org/apache/cassandra/concurrent/ContinuationsExecutor.java,src/java/org/apache/cassandra/concurrent/ContinuationsExecutor.java.ContinuationsExecutor.getTask.Complex Method,0.3.0-final,0.3.0-final,0.4.0-final,1
cassandra,4.1-alpha1,org.apache.cassandra.concurrent,NamedThreadFactory,createThread,Long Parameter List,"designitejava,checkstyle",src/java/org/apache/cassandra/concurrent/NamedThreadFactory.java,src/java/org/apache/cassandra/concurrent/NamedThreadFactory.java.NamedThreadFactory.createThread.Long Parameter List,4.1-alpha1,5.0.0,5.0.0,4
cassandra,2.1.0-deb,org.apache.cassandra.concurrent,SEPWorker,run,Complex Method,"designitejava,pmd,checkstyle",src/java/org/apache/cassandra/concurrent/SEPWorker.java,src/java/org/apache/cassandra/concurrent/SEPWorker.java.SEPWorker.run.Complex Method,2.1.0-deb,5.0.0,5.0.0,23
cassandra,4.1-alpha1,org.apache.cassandra.concurrent,ThreadPoolExecutorBuilder,pooled,Long Parameter List,"designitejava,checkstyle",src/java/org/apache/cassandra/concurrent/ThreadPoolExecutorBuilder.java,src/java/org/apache/cassandra/concurrent/ThreadPoolExecutorBuilder.java.ThreadPoolExecutorBuilder.pooled.Long Parameter List,4.1-alpha1,5.0.0,5.0.0,4
cassandra,4.1-alpha1,org.apache.cassandra.concurrent,ThreadPoolExecutorBuilder,pooledJmx,Long Parameter List,"designitejava,checkstyle",src/java/org/apache/cassandra/concurrent/ThreadPoolExecutorBuilder.java,src/java/org/apache/cassandra/concurrent/ThreadPoolExecutorBuilder.java.ThreadPoolExecutorBuilder.pooledJmx.Long Parameter List,4.1-alpha1,5.0.0,5.0.0,4
cassandra,4.1-alpha1,org.apache.cassandra.concurrent,ThreadPoolExecutorBuilder,sequentialJmx,Long Parameter List,"designitejava,checkstyle",src/java/org/apache/cassandra/concurrent/ThreadPoolExecutorBuilder.java,src/java/org/apache/cassandra/concurrent/ThreadPoolExecutorBuilder.java.ThreadPoolExecutorBuilder.sequentialJmx.Long Parameter List,4.1-alpha1,5.0.0,5.0.0,4
cassandra,1.1.0,org.apache.cassandra.config,Avro,cfFromAvro,Complex Method,"designitejava,pmd,checkstyle",src/java/org/apache/cassandra/config/Avro.java,src/java/org/apache/cassandra/config/Avro.java.Avro.cfFromAvro.Complex Method,1.1.0,1.2.0,2.0.0-beta1,3
cassandra,1.1.0,org.apache.cassandra.config,Avro,ksFromAvro,Complex Method,"designitejava,pmd,checkstyle",src/java/org/apache/cassandra/config/Avro.java,src/java/org/apache/cassandra/config/Avro.java.Avro.ksFromAvro.Complex Method,1.1.0,1.2.0,2.0.0-beta1,3
cassandra,0.7.0,org.apache.cassandra.config,CFMetaData,,God Class,"pmd,checkstyle",src/java/org/apache/cassandra/config/CFMetaData.java,src/java/org/apache/cassandra/config/CFMetaData.java.CFMetaData..God Class,0.7.0,3.11.0,4.0-alpha1,29
cassandra,1.2.0-beta1,org.apache.cassandra.config,CFMetaData,addDefaultIndexNames,Complex Method,"designitejava,pmd,checkstyle",src/java/org/apache/cassandra/config/CFMetaData.java,src/java/org/apache/cassandra/config/CFMetaData.java.CFMetaData.addDefaultIndexNames.Complex Method,1.2.0-beta1,3.0.0-alpha1,3.0.0,9
cassandra,0.7.0,org.apache.cassandra.config,CFMetaData,apply,Complex Method,"designitejava,pmd,checkstyle",src/java/org/apache/cassandra/config/CFMetaData.java,src/java/org/apache/cassandra/config/CFMetaData.java.CFMetaData.apply.Complex Method,0.7.0,1.2.0-beta1,1.2.0,9
cassandra,0.8.0-beta1,org.apache.cassandra.config,CFMetaData,convertToCFMetaData,Complex Method,"designitejava,checkstyle",src/java/org/apache/cassandra/config/CFMetaData.java,src/java/org/apache/cassandra/config/CFMetaData.java.CFMetaData.convertToCFMetaData.Complex Method,0.8.0-beta1,0.8.0-beta1,0.8.0,1
cassandra,3.0.0-alpha1,org.apache.cassandra.config,CFMetaData,create,Long Parameter List,"designitejava,checkstyle",src/java/org/apache/cassandra/config/CFMetaData.java,src/java/org/apache/cassandra/config/CFMetaData.java.CFMetaData.create.Long Parameter List,3.0.0-alpha1,3.11.0,4.0-alpha1,13
cassandra,1.0.0-beta1,org.apache.cassandra.config,CFMetaData,fromAvro,Complex Method,"designitejava,pmd,checkstyle",src/java/org/apache/cassandra/config/CFMetaData.java,src/java/org/apache/cassandra/config/CFMetaData.java.CFMetaData.fromAvro.Complex Method,1.0.0-beta1,1.1.0-beta1,1.1.0,3
cassandra,1.2.0-beta1,org.apache.cassandra.config,CFMetaData,fromSchemaNoColumns,Complex Method,"designitejava,checkstyle",src/java/org/apache/cassandra/config/CFMetaData.java,src/java/org/apache/cassandra/config/CFMetaData.java.CFMetaData.fromSchemaNoColumns.Complex Method,1.2.0-beta1,2.0.0-beta1,2.0.0,3
cassandra,2.0.0,org.apache.cassandra.config,CFMetaData,fromSchemaNoColumnsNoTriggers,Complex Method,"designitejava,checkstyle",src/java/org/apache/cassandra/config/CFMetaData.java,src/java/org/apache/cassandra/config/CFMetaData.java.CFMetaData.fromSchemaNoColumnsNoTriggers.Complex Method,2.0.0,2.0.0,2.1.0-deb,1
cassandra,2.1.0-deb,org.apache.cassandra.config,CFMetaData,fromSchemaNoTriggers,Complex Method,"designitejava,pmd,checkstyle",src/java/org/apache/cassandra/config/CFMetaData.java,src/java/org/apache/cassandra/config/CFMetaData.java.CFMetaData.fromSchemaNoTriggers.Complex Method,2.1.0-deb,2.1.0,2.2.0-beta1,2
cassandra,0.8.0,org.apache.cassandra.config,CFMetaData,fromThrift,Complex Method,"designitejava,checkstyle",src/java/org/apache/cassandra/config/CFMetaData.java,src/java/org/apache/cassandra/config/CFMetaData.java.CFMetaData.fromThrift.Complex Method,0.8.0,2.0.0,2.1.0-deb,9
cassandra,2.1.0-deb,org.apache.cassandra.config,CFMetaData,internalFromThrift,Complex Method,"designitejava,pmd,checkstyle",src/java/org/apache/cassandra/config/CFMetaData.java,src/java/org/apache/cassandra/config/CFMetaData.java.CFMetaData.internalFromThrift.Complex Method,2.1.0-deb,2.1.0,2.2.0-beta1,2
cassandra,0.8.0-beta1,org.apache.cassandra.config,CFMetaData,newSystemMetadata,Long Parameter List,"designitejava,checkstyle",src/java/org/apache/cassandra/config/CFMetaData.java,src/java/org/apache/cassandra/config/CFMetaData.java.CFMetaData.newSystemMetadata.Long Parameter List,0.8.0-beta1,2.0.0,2.1.0-deb,10
cassandra,1.1.0-beta1,org.apache.cassandra.config,CFMetaData,validate,Complex Method,"designitejava,pmd",src/java/org/apache/cassandra/config/CFMetaData.java,src/java/org/apache/cassandra/config/CFMetaData.java.CFMetaData.validate.Complex Method,1.1.0-beta1,3.11.0,4.0-alpha1,23
cassandra,2.0.0-beta1,org.apache.cassandra.config,ColumnDefinition,fromSchema,Complex Method,"designitejava,pmd,checkstyle",src/java/org/apache/cassandra/config/ColumnDefinition.java,src/java/org/apache/cassandra/config/ColumnDefinition.java.ColumnDefinition.fromSchema.Complex Method,2.0.0-beta1,2.1.0,2.2.0-beta1,4
cassandra,1.1.0-beta1,org.apache.cassandra.config,ColumnDefinition,toSchema,Long Parameter List,"designitejava,checkstyle",src/java/org/apache/cassandra/config/ColumnDefinition.java,src/java/org/apache/cassandra/config/ColumnDefinition.java.ColumnDefinition.toSchema.Long Parameter List,1.1.0-beta1,1.1.0-beta1,1.1.0,1
cassandra,0.7.0,org.apache.cassandra.config,Converter,loadPreviousConfig,Complex Method,"designitejava,pmd,checkstyle",src/java/org/apache/cassandra/config/Converter.java,src/java/org/apache/cassandra/config/Converter.java.Converter.loadPreviousConfig.Complex Method,0.7.0,0.7.6-2,0.8.0-beta1,2
cassandra,0.7.0,org.apache.cassandra.config,Converter,loadPreviousConfig,Feature Envy,"designitejava,checkstyle",src/java/org/apache/cassandra/config/Converter.java,src/java/org/apache/cassandra/config/Converter.java.Converter.loadPreviousConfig.Feature Envy,0.7.0,0.7.6-2,0.8.0-beta1,2
cassandra,0.7.0,org.apache.cassandra.config,Converter,readTablesFromXml,Complex Method,"designitejava,pmd,checkstyle",src/java/org/apache/cassandra/config/Converter.java,src/java/org/apache/cassandra/config/Converter.java.Converter.readTablesFromXml.Complex Method,0.7.0,0.7.6-2,0.8.0-beta1,2
cassandra,0.3.0-final,org.apache.cassandra.config,DatabaseDescriptor,,God Class,"pmd,checkstyle",src/java/org/apache/cassandra/config/DatabaseDescriptor.java,src/java/org/apache/cassandra/config/DatabaseDescriptor.java.DatabaseDescriptor..God Class,0.3.0-final,5.0.0,5.0.0,42
cassandra,2.2.0-beta1,org.apache.cassandra.config,DatabaseDescriptor,applyAddressConfig,Complex Method,"designitejava,pmd,checkstyle",src/java/org/apache/cassandra/config/DatabaseDescriptor.java,src/java/org/apache/cassandra/config/DatabaseDescriptor.java.DatabaseDescriptor.applyAddressConfig.Complex Method,2.2.0-beta1,5.0.0,5.0.0,21
cassandra,2.0.0-beta1,org.apache.cassandra.config,DatabaseDescriptor,applyConfig,Complex Method,"designitejava,pmd,checkstyle",src/java/org/apache/cassandra/config/DatabaseDescriptor.java,src/java/org/apache/cassandra/config/DatabaseDescriptor.java.DatabaseDescriptor.applyConfig.Complex Method,2.0.0-beta1,3.9,3.10,17
cassandra,2.0.0-beta1,org.apache.cassandra.config,DatabaseDescriptor,applyConfig,Feature Envy,"designitejava,checkstyle",src/java/org/apache/cassandra/config/DatabaseDescriptor.java,src/java/org/apache/cassandra/config/DatabaseDescriptor.java.DatabaseDescriptor.applyConfig.Feature Envy,2.0.0-beta1,3.9,3.10,17
cassandra,3.1,org.apache.cassandra.config,DatabaseDescriptor,applySimpleConfig,Complex Method,"designitejava,pmd,checkstyle",src/java/org/apache/cassandra/config/DatabaseDescriptor.java,src/java/org/apache/cassandra/config/DatabaseDescriptor.java.DatabaseDescriptor.applySimpleConfig.Complex Method,3.1,5.0.0,5.0.0,17
cassandra,4.0.0,org.apache.cassandra.config,DatabaseDescriptor,calculateDefaultSpaceInMB,Long Parameter List,"designitejava,checkstyle",src/java/org/apache/cassandra/config/DatabaseDescriptor.java,src/java/org/apache/cassandra/config/DatabaseDescriptor.java.DatabaseDescriptor.calculateDefaultSpaceInMB.Long Parameter List,4.0.0,4.0.0,4.1-alpha1,1
cassandra,4.1-alpha1,org.apache.cassandra.config,DatabaseDescriptor,calculateDefaultSpaceInMiB,Long Parameter List,"designitejava,checkstyle",src/java/org/apache/cassandra/config/DatabaseDescriptor.java,src/java/org/apache/cassandra/config/DatabaseDescriptor.java.DatabaseDescriptor.calculateDefaultSpaceInMiB.Long Parameter List,4.1-alpha1,5.0.0,5.0.0,4
cassandra,0.7.0,org.apache.cassandra.config,DatabaseDescriptor,loadSchemas,Complex Method,"designitejava,pmd,checkstyle",src/java/org/apache/cassandra/config/DatabaseDescriptor.java,src/java/org/apache/cassandra/config/DatabaseDescriptor.java.DatabaseDescriptor.loadSchemas.Complex Method,0.7.0,1.0.0,1.1.0-beta1,6
cassandra,1.1.0-beta1,org.apache.cassandra.config,DatabaseDescriptor,loadYaml,Complex Method,"designitejava,pmd,checkstyle",src/java/org/apache/cassandra/config/DatabaseDescriptor.java,src/java/org/apache/cassandra/config/DatabaseDescriptor.java.DatabaseDescriptor.loadYaml.Complex Method,1.1.0-beta1,1.2.0,2.0.0-beta1,4
cassandra,0.6.0,org.apache.cassandra.config,DatabaseDescriptor,readTablesFromXml,Complex Method,"designitejava,pmd,checkstyle",src/java/org/apache/cassandra/config/DatabaseDescriptor.java,src/java/org/apache/cassandra/config/DatabaseDescriptor.java.DatabaseDescriptor.readTablesFromXml.Complex Method,0.6.0,0.6.0,0.7.0,1
cassandra,0.7.0,org.apache.cassandra.config,DatabaseDescriptor,readTablesFromYaml,Complex Method,"designitejava,pmd,checkstyle",src/java/org/apache/cassandra/config/DatabaseDescriptor.java,src/java/org/apache/cassandra/config/DatabaseDescriptor.java.DatabaseDescriptor.readTablesFromYaml.Complex Method,0.7.0,0.7.6-2,0.8.0-beta1,2
cassandra,5.0.0,org.apache.cassandra.config,DatabaseDescriptor,resolveCommitLogWriteDiskAccessMode,Complex Method,"pmd,checkstyle",src/java/org/apache/cassandra/config/DatabaseDescriptor.java,src/java/org/apache/cassandra/config/DatabaseDescriptor.java.DatabaseDescriptor.resolveCommitLogWriteDiskAccessMode.Complex Method,5.0.0,5.0.0,5.0.0,1
cassandra,4.1-alpha1,org.apache.cassandra.config,DefaultLoader,getProperties,Complex Method,"designitejava,pmd,checkstyle",src/java/org/apache/cassandra/config/DefaultLoader.java,src/java/org/apache/cassandra/config/DefaultLoader.java.DefaultLoader.getProperties.Complex Method,4.1-alpha1,5.0.0,5.0.0,4
cassandra,4.1-alpha1,org.apache.cassandra.config,GuardrailsOptions,,God Class,"pmd,checkstyle",src/java/org/apache/cassandra/config/GuardrailsOptions.java,src/java/org/apache/cassandra/config/GuardrailsOptions.java.GuardrailsOptions..God Class,4.1-alpha1,5.0.0,5.0.0,4
cassandra,1.1.0,org.apache.cassandra.cql,AlterTableStatement,getCFMetaData,Complex Method,"designitejava,pmd,checkstyle",src/java/org/apache/cassandra/cql/AlterTableStatement.java,src/java/org/apache/cassandra/cql/AlterTableStatement.java.AlterTableStatement.getCFMetaData.Complex Method,1.1.0,2.1.0,2.2.0-beta1,7
cassandra,1.1.0-beta1,org.apache.cassandra.cql,CFPropDefs,validate,Complex Method,"designitejava,pmd,checkstyle",src/java/org/apache/cassandra/cql/CFPropDefs.java,src/java/org/apache/cassandra/cql/CFPropDefs.java.CFPropDefs.validate.Complex Method,1.1.0-beta1,2.1.0,2.2.0-beta1,8
cassandra,0.8.0-beta1,org.apache.cassandra.cql,CreateColumnFamilyStatement,validate,Complex Method,"designitejava,pmd,checkstyle",src/java/org/apache/cassandra/cql/CreateColumnFamilyStatement.java,src/java/org/apache/cassandra/cql/CreateColumnFamilyStatement.java.CreateColumnFamilyStatement.validate.Complex Method,0.8.0-beta1,1.0.0,1.1.0-beta1,4
cassandra,0.8.0-beta1,org.apache.cassandra.cql,QueryProcessor,,God Class,"pmd,checkstyle",src/java/org/apache/cassandra/cql/QueryProcessor.java,src/java/org/apache/cassandra/cql/QueryProcessor.java.QueryProcessor..God Class,0.8.0-beta1,2.1.0,2.2.0-beta1,12
cassandra,0.8.0,org.apache.cassandra.cql,QueryProcessor,multiRangeSlice,Complex Method,"pmd,checkstyle",src/java/org/apache/cassandra/cql/QueryProcessor.java,src/java/org/apache/cassandra/cql/QueryProcessor.java.QueryProcessor.multiRangeSlice.Complex Method,0.8.0,2.1.0,2.2.0-beta1,11
cassandra,0.8.0-beta1,org.apache.cassandra.cql,QueryProcessor,process,Complex Method,"designitejava,pmd,checkstyle",src/java/org/apache/cassandra/cql/QueryProcessor.java,src/java/org/apache/cassandra/cql/QueryProcessor.java.QueryProcessor.process.Complex Method,0.8.0-beta1,1.0.0,1.1.0-beta1,4
cassandra,1.1.0-beta1,org.apache.cassandra.cql,QueryProcessor,processStatement,Complex Method,"designitejava,pmd,checkstyle",src/java/org/apache/cassandra/cql/QueryProcessor.java,src/java/org/apache/cassandra/cql/QueryProcessor.java.QueryProcessor.processStatement.Complex Method,1.1.0-beta1,2.1.0,2.2.0-beta1,8
cassandra,0.8.0-beta1,org.apache.cassandra.cql,QueryProcessor,validateSelect,Complex Method,"designitejava,pmd,checkstyle",src/java/org/apache/cassandra/cql/QueryProcessor.java,src/java/org/apache/cassandra/cql/QueryProcessor.java.QueryProcessor.validateSelect.Complex Method,0.8.0-beta1,2.1.0,2.2.0-beta1,12
cassandra,1.1.0-beta1,org.apache.cassandra.cql,WhereClause,extractKeysFromColumns,Complex Method,"designitejava,pmd,checkstyle",src/java/org/apache/cassandra/cql/WhereClause.java,src/java/org/apache/cassandra/cql/WhereClause.java.WhereClause.extractKeysFromColumns.Complex Method,1.1.0-beta1,2.1.0,2.2.0-beta1,8
cassandra,0.3.0-final,org.apache.cassandra.cql.common,ColumnRangeQueryRSD,getRows,Complex Method,"designitejava,pmd,checkstyle",src/java/org/apache/cassandra/cql/common/ColumnRangeQueryRSD.java,src/java/org/apache/cassandra/cql/common/ColumnRangeQueryRSD.java.ColumnRangeQueryRSD.getRows.Complex Method,0.3.0-final,0.3.0-final,0.4.0-final,1
cassandra,0.3.0-final,org.apache.cassandra.cql.common,SuperColumnRangeQueryRSD,getRows,Feature Envy,"designitejava,checkstyle",src/java/org/apache/cassandra/cql/common/SuperColumnRangeQueryRSD.java,src/java/org/apache/cassandra/cql/common/SuperColumnRangeQueryRSD.java.SuperColumnRangeQueryRSD.getRows.Feature Envy,0.3.0-final,0.3.0-final,0.4.0-final,1
cassandra,0.3.0-final,org.apache.cassandra.cql.common,UniqueKeyQueryRSD,getRows,Complex Method,"designitejava,pmd,checkstyle",src/java/org/apache/cassandra/cql/common/UniqueKeyQueryRSD.java,src/java/org/apache/cassandra/cql/common/UniqueKeyQueryRSD.java.UniqueKeyQueryRSD.getRows.Complex Method,0.3.0-final,0.3.0-final,0.4.0-final,1
cassandra,0.3.0-final,org.apache.cassandra.cql.common,Utils,unescapeSQLString,Complex Method,"designitejava,checkstyle",src/java/org/apache/cassandra/cql/common/Utils.java,src/java/org/apache/cassandra/cql/common/Utils.java.Utils.unescapeSQLString.Complex Method,0.3.0-final,0.3.0-final,0.4.0-final,1
cassandra,1.1.0-beta1,org.apache.cassandra.cql3,CFPropDefs,validate,Complex Method,"designitejava,pmd,checkstyle",src/java/org/apache/cassandra/cql3/CFPropDefs.java,src/java/org/apache/cassandra/cql3/CFPropDefs.java.CFPropDefs.validate.Complex Method,1.1.0-beta1,1.1.0,1.2.0-beta1,2
cassandra,3.1,org.apache.cassandra.cql3,Duration,add,Complex Method,"designitejava,checkstyle",src/java/org/apache/cassandra/cql3/Duration.java,src/java/org/apache/cassandra/cql3/Duration.java.Duration.add.Complex Method,3.1,5.0.0,5.0.0,17
cassandra,4.0.0,org.apache.cassandra.cql3,QueryEvents,notifyBatchFailure,Long Parameter List,"designitejava,checkstyle",src/java/org/apache/cassandra/cql3/QueryEvents.java,src/java/org/apache/cassandra/cql3/QueryEvents.java.QueryEvents.notifyBatchFailure.Long Parameter List,4.0.0,5.0.0,5.0.0,5
cassandra,4.0.0,org.apache.cassandra.cql3,QueryEvents,notifyBatchSuccess,Long Parameter List,"designitejava,checkstyle",src/java/org/apache/cassandra/cql3/QueryEvents.java,src/java/org/apache/cassandra/cql3/QueryEvents.java.QueryEvents.notifyBatchSuccess.Long Parameter List,4.0.0,5.0.0,5.0.0,5
cassandra,4.0.0,org.apache.cassandra.cql3,QueryEvents,notifyExecuteSuccess,Long Parameter List,"designitejava,checkstyle",src/java/org/apache/cassandra/cql3/QueryEvents.java,src/java/org/apache/cassandra/cql3/QueryEvents.java.QueryEvents.notifyExecuteSuccess.Long Parameter List,4.0.0,5.0.0,5.0.0,5
cassandra,4.0.0,org.apache.cassandra.cql3,QueryEvents,notifyQuerySuccess,Long Parameter List,"designitejava,checkstyle",src/java/org/apache/cassandra/cql3/QueryEvents.java,src/java/org/apache/cassandra/cql3/QueryEvents.java.QueryEvents.notifyQuerySuccess.Long Parameter List,4.0.0,5.0.0,5.0.0,5
cassandra,2.1.0-deb,org.apache.cassandra.cql3,QueryOptions,create,Long Parameter List,"designitejava,checkstyle",src/java/org/apache/cassandra/cql3/QueryOptions.java,src/java/org/apache/cassandra/cql3/QueryOptions.java.QueryOptions.create.Long Parameter List,2.1.0-deb,5.0.0,5.0.0,23
cassandra,4.1-alpha1,org.apache.cassandra.cql3,QueryProcessor,prepare,Complex Method,"designitejava,pmd,checkstyle",src/java/org/apache/cassandra/cql3/QueryProcessor.java,src/java/org/apache/cassandra/cql3/QueryProcessor.java.QueryProcessor.prepare.Complex Method,4.1-alpha1,5.0.0,5.0.0,4
cassandra,2.0.0-beta1,org.apache.cassandra.cql3,QueryProcessor,process,Long Parameter List,"designitejava,checkstyle",src/java/org/apache/cassandra/cql3/QueryProcessor.java,src/java/org/apache/cassandra/cql3/QueryProcessor.java.QueryProcessor.process.Long Parameter List,2.0.0-beta1,5.0.0,5.0.0,25
cassandra,2.0.0-beta1,org.apache.cassandra.cql3,QueryProcessor,processPrepared,Long Parameter List,"designitejava,checkstyle",src/java/org/apache/cassandra/cql3/QueryProcessor.java,src/java/org/apache/cassandra/cql3/QueryProcessor.java.QueryProcessor.processPrepared.Long Parameter List,2.0.0-beta1,5.0.0,5.0.0,25
cassandra,2.0.0-beta1,org.apache.cassandra.cql3,QueryProcessor,processStatement,Long Parameter List,"designitejava,checkstyle",src/java/org/apache/cassandra/cql3/QueryProcessor.java,src/java/org/apache/cassandra/cql3/QueryProcessor.java.QueryProcessor.processStatement.Long Parameter List,2.0.0-beta1,2.0.0-beta1,2.0.0,1
cassandra,4.0-alpha1,org.apache.cassandra.cql3,Terms,ofListMarker,Complex Method,"designitejava,pmd",src/java/org/apache/cassandra/cql3/Terms.java,src/java/org/apache/cassandra/cql3/Terms.java.Terms.ofListMarker.Complex Method,4.0-alpha1,5.0.0,5.0.0,6
cassandra,3.0.0-alpha1,org.apache.cassandra.cql3.functions,FunctionResolver,get,Complex Method,"designitejava,pmd,checkstyle",src/java/org/apache/cassandra/cql3/functions/FunctionResolver.java,src/java/org/apache/cassandra/cql3/functions/FunctionResolver.java.FunctionResolver.get.Complex Method,3.0.0-alpha1,3.11.0,4.0-alpha1,13
cassandra,3.0.0-alpha1,org.apache.cassandra.cql3.functions,FunctionResolver,get,Long Parameter List,"designitejava,checkstyle",src/java/org/apache/cassandra/cql3/functions/FunctionResolver.java,src/java/org/apache/cassandra/cql3/functions/FunctionResolver.java.FunctionResolver.get.Long Parameter List,3.0.0-alpha1,5.0.0,5.0.0,19
cassandra,4.0-alpha1,org.apache.cassandra.cql3.functions,FunctionResolver,pickBestMatch,Complex Method,"designitejava,pmd,checkstyle",src/java/org/apache/cassandra/cql3/functions/FunctionResolver.java,src/java/org/apache/cassandra/cql3/functions/FunctionResolver.java.FunctionResolver.pickBestMatch.Complex Method,4.0-alpha1,5.0.0,5.0.0,6
cassandra,4.0-alpha1,org.apache.cassandra.cql3.functions,FunctionResolver,pickBestMatch,Long Parameter List,"designitejava,checkstyle",src/java/org/apache/cassandra/cql3/functions/FunctionResolver.java,src/java/org/apache/cassandra/cql3/functions/FunctionResolver.java.FunctionResolver.pickBestMatch.Long Parameter List,4.0-alpha1,5.0.0,5.0.0,6
cassandra,2.2.0-beta1,org.apache.cassandra.cql3.functions,Functions,get,Complex Method,"designitejava,pmd,checkstyle",src/java/org/apache/cassandra/cql3/functions/Functions.java,src/java/org/apache/cassandra/cql3/functions/Functions.java.Functions.get.Complex Method,2.2.0-beta1,2.2.0,3.0.0-alpha1,2
cassandra,2.2.0-beta1,org.apache.cassandra.cql3.functions,Functions,get,Long Parameter List,"designitejava,checkstyle",src/java/org/apache/cassandra/cql3/functions/Functions.java,src/java/org/apache/cassandra/cql3/functions/Functions.java.Functions.get.Long Parameter List,2.2.0-beta1,2.2.0,3.0.0-alpha1,2
cassandra,3.0.0-alpha1,org.apache.cassandra.cql3.functions,JavaBasedUDFunction,JavaBasedUDFunction,Complex Method,"designitejava,checkstyle",src/java/org/apache/cassandra/cql3/functions/JavaBasedUDFunction.java,src/java/org/apache/cassandra/cql3/functions/JavaBasedUDFunction.java.JavaBasedUDFunction.JavaBasedUDFunction.Complex Method,3.0.0-alpha1,5.0.0,5.0.0,19
cassandra,2.2.0-beta1,org.apache.cassandra.cql3.functions,JavaSourceUDFFactory,buildUDF,Complex Method,"designitejava,pmd,checkstyle",src/java/org/apache/cassandra/cql3/functions/JavaSourceUDFFactory.java,src/java/org/apache/cassandra/cql3/functions/JavaSourceUDFFactory.java.JavaSourceUDFFactory.buildUDF.Complex Method,2.2.0-beta1,2.2.0,3.0.0-alpha1,2
cassandra,2.2.0-beta1,org.apache.cassandra.cql3.functions,JavaSourceUDFFactory,buildUDF,Long Parameter List,"designitejava,checkstyle",src/java/org/apache/cassandra/cql3/functions/JavaSourceUDFFactory.java,src/java/org/apache/cassandra/cql3/functions/JavaSourceUDFFactory.java.JavaSourceUDFFactory.buildUDF.Long Parameter List,2.2.0-beta1,2.2.0,3.0.0-alpha1,2
cassandra,2.2.0-beta1,org.apache.cassandra.cql3.functions,ScriptBasedUDF,executeUserDefined,Complex Method,"designitejava,pmd,checkstyle",src/java/org/apache/cassandra/cql3/functions/ScriptBasedUDF.java,src/java/org/apache/cassandra/cql3/functions/ScriptBasedUDF.java.ScriptBasedUDF.executeUserDefined.Complex Method,2.2.0-beta1,2.2.0,3.0.0-alpha1,2
cassandra,3.1,org.apache.cassandra.cql3.functions,ScriptBasedUDFunction,executeScriptInternal,Complex Method,"designitejava,pmd,checkstyle",src/java/org/apache/cassandra/cql3/functions/ScriptBasedUDFunction.java,src/java/org/apache/cassandra/cql3/functions/ScriptBasedUDFunction.java.ScriptBasedUDFunction.executeScriptInternal.Complex Method,3.1,4.1.0,5.0-alpha1,15
cassandra,3.0.0-alpha1,org.apache.cassandra.cql3.functions,ScriptBasedUDFunction,executeUserDefined,Complex Method,"designitejava,pmd,checkstyle",src/java/org/apache/cassandra/cql3/functions/ScriptBasedUDFunction.java,src/java/org/apache/cassandra/cql3/functions/ScriptBasedUDFunction.java.ScriptBasedUDFunction.executeUserDefined.Complex Method,3.0.0-alpha1,3.9,3.10,11
cassandra,4.0-alpha1,org.apache.cassandra.cql3.functions,UDAggregate,compare,Complex Method,"designitejava,pmd,checkstyle",src/java/org/apache/cassandra/cql3/functions/UDAggregate.java,src/java/org/apache/cassandra/cql3/functions/UDAggregate.java.UDAggregate.compare.Complex Method,4.0-alpha1,5.0.0,5.0.0,6
cassandra,2.2.0-beta1,org.apache.cassandra.cql3.functions,UDAggregate,create,Long Parameter List,"designitejava,checkstyle",src/java/org/apache/cassandra/cql3/functions/UDAggregate.java,src/java/org/apache/cassandra/cql3/functions/UDAggregate.java.UDAggregate.create.Long Parameter List,2.2.0-beta1,5.0.0,5.0.0,21
cassandra,3.0.0,org.apache.cassandra.cql3.functions,UDFByteCodeVerifier,verify,Complex Method,"designitejava,pmd",src/java/org/apache/cassandra/cql3/functions/UDFByteCodeVerifier.java,src/java/org/apache/cassandra/cql3/functions/UDFByteCodeVerifier.java.UDFByteCodeVerifier.verify.Complex Method,3.0.0,5.0.0,5.0.0,18
cassandra,3.1,org.apache.cassandra.cql3.functions,UDFunction,async,Complex Method,"pmd,checkstyle",src/java/org/apache/cassandra/cql3/functions/UDFunction.java,src/java/org/apache/cassandra/cql3/functions/UDFunction.java.UDFunction.async.Complex Method,3.1,5.0.0,5.0.0,17
cassandra,2.2.0-beta1,org.apache.cassandra.cql3.functions,UDFunction,create,Long Parameter List,"designitejava,checkstyle",src/java/org/apache/cassandra/cql3/functions/UDFunction.java,src/java/org/apache/cassandra/cql3/functions/UDFunction.java.UDFunction.create.Long Parameter List,2.2.0-beta1,5.0.0,5.0.0,21
cassandra,2.2.0-beta1,org.apache.cassandra.cql3.functions,UDFunction,createBrokenFunction,Long Parameter List,"designitejava,checkstyle",src/java/org/apache/cassandra/cql3/functions/UDFunction.java,src/java/org/apache/cassandra/cql3/functions/UDFunction.java.UDFunction.createBrokenFunction.Long Parameter List,2.2.0-beta1,5.0.0,5.0.0,21
cassandra,3.0.0-alpha1,org.apache.cassandra.cql3.functions,UDFunction,executeAsync,Complex Method,"pmd,checkstyle",src/java/org/apache/cassandra/cql3/functions/UDFunction.java,src/java/org/apache/cassandra/cql3/functions/UDFunction.java.UDFunction.executeAsync.Complex Method,3.0.0-alpha1,3.9,3.10,11
cassandra,4.1-alpha1,org.apache.cassandra.cql3.functions,UDFunction,secureResource,Complex Method,"designitejava,pmd",src/java/org/apache/cassandra/cql3/functions/UDFunction.java,src/java/org/apache/cassandra/cql3/functions/UDFunction.java.UDFunction.secureResource.Complex Method,4.1-alpha1,5.0.0,5.0.0,4
cassandra,4.0-alpha1,org.apache.cassandra.cql3.functions,UDFunction,tryCreate,Long Parameter List,"designitejava,checkstyle",src/java/org/apache/cassandra/cql3/functions/UDFunction.java,src/java/org/apache/cassandra/cql3/functions/UDFunction.java.UDFunction.tryCreate.Long Parameter List,4.0-alpha1,5.0.0,5.0.0,6
cassandra,4.0.0,org.apache.cassandra.cql3.functions.types,AbstractData,,God Class,"pmd,checkstyle",src/java/org/apache/cassandra/cql3/functions/types/AbstractData.java,src/java/org/apache/cassandra/cql3/functions/types/AbstractData.java.AbstractData..God Class,4.0.0,5.0.0,5.0.0,5
cassandra,4.0.0,org.apache.cassandra.cql3.functions.types,CodecRegistry,,God Class,"pmd,checkstyle",src/java/org/apache/cassandra/cql3/functions/types/CodecRegistry.java,src/java/org/apache/cassandra/cql3/functions/types/CodecRegistry.java.CodecRegistry..God Class,4.0.0,5.0.0,5.0.0,5
cassandra,4.0.0,org.apache.cassandra.cql3.functions.types,CodecRegistry,maybeCreateCodec,Complex Method,"designitejava,pmd,checkstyle",src/java/org/apache/cassandra/cql3/functions/types/CodecRegistry.java,src/java/org/apache/cassandra/cql3/functions/types/CodecRegistry.java.CodecRegistry.maybeCreateCodec.Complex Method,4.0.0,5.0.0,5.0.0,5
cassandra,4.0.0,org.apache.cassandra.cql3.functions.types,DataTypeClassNameParser,parseOne,Complex Method,"designitejava,pmd,checkstyle",src/java/org/apache/cassandra/cql3/functions/types/DataTypeClassNameParser.java,src/java/org/apache/cassandra/cql3/functions/types/DataTypeClassNameParser.java.DataTypeClassNameParser.parseOne.Complex Method,4.0.0,5.0.0,5.0.0,5
cassandra,4.0.0,org.apache.cassandra.cql3.functions.types,Duration,add,Complex Method,"designitejava,checkstyle",src/java/org/apache/cassandra/cql3/functions/types/Duration.java,src/java/org/apache/cassandra/cql3/functions/types/Duration.java.Duration.add.Complex Method,4.0.0,5.0.0,5.0.0,5
cassandra,4.0.0,org.apache.cassandra.cql3.functions.types,ParseUtils,,God Class,"pmd,checkstyle",src/java/org/apache/cassandra/cql3/functions/types/ParseUtils.java,src/java/org/apache/cassandra/cql3/functions/types/ParseUtils.java.ParseUtils..God Class,4.0.0,5.0.0,5.0.0,5
cassandra,4.0.0,org.apache.cassandra.cql3.functions.types,ParseUtils,parseTime,Complex Method,"designitejava,pmd,checkstyle",src/java/org/apache/cassandra/cql3/functions/types/ParseUtils.java,src/java/org/apache/cassandra/cql3/functions/types/ParseUtils.java.ParseUtils.parseTime.Complex Method,4.0.0,5.0.0,5.0.0,5
cassandra,4.0.0,org.apache.cassandra.cql3.functions.types,ParseUtils,skipCQLValue,Complex Method,"designitejava,pmd,checkstyle",src/java/org/apache/cassandra/cql3/functions/types/ParseUtils.java,src/java/org/apache/cassandra/cql3/functions/types/ParseUtils.java.ParseUtils.skipCQLValue.Complex Method,4.0.0,5.0.0,5.0.0,5
cassandra,4.0.0,org.apache.cassandra.cql3.functions.types,ParseUtils,unquote,Complex Method,"designitejava,pmd",src/java/org/apache/cassandra/cql3/functions/types/ParseUtils.java,src/java/org/apache/cassandra/cql3/functions/types/ParseUtils.java.ParseUtils.unquote.Complex Method,4.0.0,5.0.0,5.0.0,5
cassandra,1.2.0,org.apache.cassandra.cql3.operations,ListOperation,doDiscardFromPrepared,Long Parameter List,"designitejava,checkstyle",src/java/org/apache/cassandra/cql3/operations/ListOperation.java,src/java/org/apache/cassandra/cql3/operations/ListOperation.java.ListOperation.doDiscardFromPrepared.Long Parameter List,1.2.0,1.2.0,2.0.0-beta1,1
cassandra,1.2.0,org.apache.cassandra.cql3.operations,PreparedOperation,execute,Complex Method,"designitejava,pmd,checkstyle",src/java/org/apache/cassandra/cql3/operations/PreparedOperation.java,src/java/org/apache/cassandra/cql3/operations/PreparedOperation.java.PreparedOperation.execute.Complex Method,1.2.0,1.2.0,2.0.0-beta1,1
cassandra,2.2.0-beta1,org.apache.cassandra.cql3.restrictions,PrimaryKeyRestrictionSet,boundsAsComposites,Complex Method,"pmd,checkstyle",src/java/org/apache/cassandra/cql3/restrictions/PrimaryKeyRestrictionSet.java,src/java/org/apache/cassandra/cql3/restrictions/PrimaryKeyRestrictionSet.java.PrimaryKeyRestrictionSet.boundsAsComposites.Complex Method,2.2.0-beta1,2.2.0,3.0.0-alpha1,2
cassandra,2.2.0-beta1,org.apache.cassandra.cql3.restrictions,StatementRestrictions,,God Class,"pmd,checkstyle",src/java/org/apache/cassandra/cql3/restrictions/StatementRestrictions.java,src/java/org/apache/cassandra/cql3/restrictions/StatementRestrictions.java.StatementRestrictions..God Class,2.2.0-beta1,5.0.0,5.0.0,21
cassandra,5.0-alpha1,org.apache.cassandra.cql3.restrictions,StatementRestrictions,isEqualityRestricted,Complex Method,"designitejava,pmd,checkstyle",src/java/org/apache/cassandra/cql3/restrictions/StatementRestrictions.java,src/java/org/apache/cassandra/cql3/restrictions/StatementRestrictions.java.StatementRestrictions.isEqualityRestricted.Complex Method,5.0-alpha1,5.0.0,5.0.0,2
cassandra,3.0.0,org.apache.cassandra.cql3.restrictions,StatementRestrictions,processClusteringColumnsRestrictions,Complex Method,"pmd,checkstyle",src/java/org/apache/cassandra/cql3/restrictions/StatementRestrictions.java,src/java/org/apache/cassandra/cql3/restrictions/StatementRestrictions.java.StatementRestrictions.processClusteringColumnsRestrictions.Complex Method,3.0.0,5.0.0,5.0.0,18
cassandra,4.1-alpha1,org.apache.cassandra.cql3.selection,AbstractFunctionSelector,newFactory,Complex Method,"designitejava,pmd",src/java/org/apache/cassandra/cql3/selection/AbstractFunctionSelector.java,src/java/org/apache/cassandra/cql3/selection/AbstractFunctionSelector.java.AbstractFunctionSelector.newFactory.Complex Method,4.1-alpha1,5.0.0,5.0.0,4
cassandra,4.0-alpha1,org.apache.cassandra.cql3.selection,MapSelector,newFactory,Complex Method,"designitejava,pmd",src/java/org/apache/cassandra/cql3/selection/MapSelector.java,src/java/org/apache/cassandra/cql3/selection/MapSelector.java.MapSelector.newFactory.Complex Method,4.0-alpha1,5.0.0,5.0.0,6
cassandra,4.0-alpha1,org.apache.cassandra.cql3.selection,Selection,fromSelectors,Long Parameter List,"designitejava,checkstyle",src/java/org/apache/cassandra/cql3/selection/Selection.java,src/java/org/apache/cassandra/cql3/selection/Selection.java.Selection.fromSelectors.Long Parameter List,4.0-alpha1,5.0.0,5.0.0,6
cassandra,4.0-alpha1,org.apache.cassandra.cql3.selection,UserTypeSelector,newFactory,Complex Method,"designitejava,pmd",src/java/org/apache/cassandra/cql3/selection/UserTypeSelector.java,src/java/org/apache/cassandra/cql3/selection/UserTypeSelector.java.UserTypeSelector.newFactory.Complex Method,4.0-alpha1,5.0.0,5.0.0,6
cassandra,1.1.0,org.apache.cassandra.cql3.statements,AlterTableStatement,announceMigration,Complex Method,"designitejava,pmd,checkstyle",src/java/org/apache/cassandra/cql3/statements/AlterTableStatement.java,src/java/org/apache/cassandra/cql3/statements/AlterTableStatement.java.AlterTableStatement.announceMigration.Complex Method,1.1.0,3.11.0,4.0-alpha1,22
cassandra,1.1.0-beta1,org.apache.cassandra.cql3.statements,AlterTableStatement,getMigration,Complex Method,"designitejava,pmd,checkstyle",src/java/org/apache/cassandra/cql3/statements/AlterTableStatement.java,src/java/org/apache/cassandra/cql3/statements/AlterTableStatement.java.AlterTableStatement.getMigration.Complex Method,1.1.0-beta1,1.1.0-beta1,1.1.0,1
cassandra,2.1.0-deb,org.apache.cassandra.cql3.statements,AlterTypeStatement,announceMigration,Complex Method,"designitejava,pmd,checkstyle",src/java/org/apache/cassandra/cql3/statements/AlterTypeStatement.java,src/java/org/apache/cassandra/cql3/statements/AlterTypeStatement.java.AlterTypeStatement.announceMigration.Complex Method,2.1.0-deb,3.11.0,4.0-alpha1,17
cassandra,2.1.0-deb,org.apache.cassandra.cql3.statements,AlterTypeStatement,updateWith,Complex Method,"designitejava,pmd,checkstyle",src/java/org/apache/cassandra/cql3/statements/AlterTypeStatement.java,src/java/org/apache/cassandra/cql3/statements/AlterTypeStatement.java.AlterTypeStatement.updateWith.Complex Method,2.1.0-deb,3.11.0,4.0-alpha1,17
cassandra,2.0.0-beta1,org.apache.cassandra.cql3.statements,BatchStatement,addStatementMutations,Long Parameter List,"designitejava,checkstyle",src/java/org/apache/cassandra/cql3/statements/BatchStatement.java,src/java/org/apache/cassandra/cql3/statements/BatchStatement.java.BatchStatement.addStatementMutations.Long Parameter List,2.0.0-beta1,3.0.0-alpha1,3.0.0,7
cassandra,1.1.0-beta1,org.apache.cassandra.cql3.statements,BatchStatement,getMutations,Complex Method,"designitejava,pmd,checkstyle",src/java/org/apache/cassandra/cql3/statements/BatchStatement.java,src/java/org/apache/cassandra/cql3/statements/BatchStatement.java.BatchStatement.getMutations.Complex Method,1.1.0-beta1,5.0.0,5.0.0,29
cassandra,1.2.0-beta1,org.apache.cassandra.cql3.statements,BatchStatement,validate,Complex Method,"designitejava,pmd",src/java/org/apache/cassandra/cql3/statements/BatchStatement.java,src/java/org/apache/cassandra/cql3/statements/BatchStatement.java.BatchStatement.validate.Complex Method,1.2.0-beta1,5.0.0,5.0.0,27
cassandra,2.1.0-deb,org.apache.cassandra.cql3.statements,CFPropDefs,validate,Complex Method,"designitejava,checkstyle",src/java/org/apache/cassandra/cql3/statements/CFPropDefs.java,src/java/org/apache/cassandra/cql3/statements/CFPropDefs.java.CFPropDefs.validate.Complex Method,2.1.0-deb,3.0.0-alpha1,3.0.0,5
cassandra,1.1.0,org.apache.cassandra.cql3.statements,CreateIndexStatement,announceMigration,Complex Method,"designitejava,pmd",src/java/org/apache/cassandra/cql3/statements/CreateIndexStatement.java,src/java/org/apache/cassandra/cql3/statements/CreateIndexStatement.java.CreateIndexStatement.announceMigration.Complex Method,1.1.0,3.11.0,4.0-alpha1,22
cassandra,1.1.0-beta1,org.apache.cassandra.cql3.statements,CreateIndexStatement,getMigration,Complex Method,"designitejava,pmd,checkstyle",src/java/org/apache/cassandra/cql3/statements/CreateIndexStatement.java,src/java/org/apache/cassandra/cql3/statements/CreateIndexStatement.java.CreateIndexStatement.getMigration.Complex Method,1.1.0-beta1,1.1.0-beta1,1.1.0,1
cassandra,2.0.0-beta1,org.apache.cassandra.cql3.statements,CreateIndexStatement,validate,Complex Method,"designitejava,pmd,checkstyle",src/java/org/apache/cassandra/cql3/statements/CreateIndexStatement.java,src/java/org/apache/cassandra/cql3/statements/CreateIndexStatement.java.CreateIndexStatement.validate.Complex Method,2.0.0-beta1,3.11.0,4.0-alpha1,19
cassandra,3.0.0-alpha1,org.apache.cassandra.cql3.statements,CreateMaterializedViewStatement,announceMigration,Complex Method,"designitejava,pmd,checkstyle",src/java/org/apache/cassandra/cql3/statements/CreateMaterializedViewStatement.java,src/java/org/apache/cassandra/cql3/statements/CreateMaterializedViewStatement.java.CreateMaterializedViewStatement.announceMigration.Complex Method,3.0.0-alpha1,3.0.0-alpha1,3.0.0,1
cassandra,3.0.0-alpha1,org.apache.cassandra.cql3.statements,CreateMaterializedViewStatement,getColumnIdentifier,Long Parameter List,"designitejava,checkstyle",src/java/org/apache/cassandra/cql3/statements/CreateMaterializedViewStatement.java,src/java/org/apache/cassandra/cql3/statements/CreateMaterializedViewStatement.java.CreateMaterializedViewStatement.getColumnIdentifier.Long Parameter List,3.0.0-alpha1,3.0.0-alpha1,3.0.0,1
cassandra,3.0.0-alpha1,org.apache.cassandra.cql3.statements,CreateTableStatement,metadataBuilder,Complex Method,"designitejava,pmd,checkstyle",src/java/org/apache/cassandra/cql3/statements/CreateTableStatement.java,src/java/org/apache/cassandra/cql3/statements/CreateTableStatement.java.CreateTableStatement.metadataBuilder.Complex Method,3.0.0-alpha1,3.11.0,4.0-alpha1,13
cassandra,3.0.0,org.apache.cassandra.cql3.statements,CreateViewStatement,announceMigration,Complex Method,"designitejava,pmd,checkstyle",src/java/org/apache/cassandra/cql3/statements/CreateViewStatement.java,src/java/org/apache/cassandra/cql3/statements/CreateViewStatement.java.CreateViewStatement.announceMigration.Complex Method,3.0.0,3.11.0,4.0-alpha1,12
cassandra,3.0.0,org.apache.cassandra.cql3.statements,CreateViewStatement,getColumnIdentifier,Long Parameter List,"designitejava,checkstyle",src/java/org/apache/cassandra/cql3/statements/CreateViewStatement.java,src/java/org/apache/cassandra/cql3/statements/CreateViewStatement.java.CreateViewStatement.getColumnIdentifier.Long Parameter List,3.0.0,3.11.0,4.0-alpha1,12
cassandra,2.1.0-deb,org.apache.cassandra.cql3.statements,DeleteStatement,addUpdateForKey,Complex Method,"designitejava,pmd",src/java/org/apache/cassandra/cql3/statements/DeleteStatement.java,src/java/org/apache/cassandra/cql3/statements/DeleteStatement.java.DeleteStatement.addUpdateForKey.Complex Method,2.1.0-deb,5.0.0,5.0.0,23
cassandra,1.2.0,org.apache.cassandra.cql3.statements,DeleteStatement,prepare,Complex Method,"designitejava,pmd,checkstyle",src/java/org/apache/cassandra/cql3/statements/DeleteStatement.java,src/java/org/apache/cassandra/cql3/statements/DeleteStatement.java.DeleteStatement.prepare.Complex Method,1.2.0,1.2.0,2.0.0-beta1,1
cassandra,2.2.0-beta1,org.apache.cassandra.cql3.statements,DropAggregateStatement,announceMigration,Complex Method,"designitejava,pmd,checkstyle",src/java/org/apache/cassandra/cql3/statements/DropAggregateStatement.java,src/java/org/apache/cassandra/cql3/statements/DropAggregateStatement.java.DropAggregateStatement.announceMigration.Complex Method,2.2.0-beta1,3.11.0,4.0-alpha1,15
cassandra,3.0.0,org.apache.cassandra.cql3.statements,DropTableStatement,announceMigration,Complex Method,"designitejava,pmd",src/java/org/apache/cassandra/cql3/statements/DropTableStatement.java,src/java/org/apache/cassandra/cql3/statements/DropTableStatement.java.DropTableStatement.announceMigration.Complex Method,3.0.0,3.11.0,4.0-alpha1,12
cassandra,2.1.0-deb,org.apache.cassandra.cql3.statements,DropTypeStatement,isUsedBy,Complex Method,"designitejava,pmd,checkstyle",src/java/org/apache/cassandra/cql3/statements/DropTypeStatement.java,src/java/org/apache/cassandra/cql3/statements/DropTypeStatement.java.DropTypeStatement.isUsedBy.Complex Method,2.1.0-deb,3.3,3.4,9
cassandra,2.1.0-deb,org.apache.cassandra.cql3.statements,DropTypeStatement,validate,Complex Method,"designitejava,pmd,checkstyle",src/java/org/apache/cassandra/cql3/statements/DropTypeStatement.java,src/java/org/apache/cassandra/cql3/statements/DropTypeStatement.java.DropTypeStatement.validate.Complex Method,2.1.0-deb,3.11.0,4.0-alpha1,17
cassandra,2.0.0-beta1,org.apache.cassandra.cql3.statements,ModificationStatement,,God Class,"pmd,checkstyle",src/java/org/apache/cassandra/cql3/statements/ModificationStatement.java,src/java/org/apache/cassandra/cql3/statements/ModificationStatement.java.ModificationStatement..God Class,2.0.0-beta1,5.0.0,5.0.0,25
cassandra,3.0.0,org.apache.cassandra.cql3.statements,ModificationStatement,addUpdates,Complex Method,"designitejava,pmd",src/java/org/apache/cassandra/cql3/statements/ModificationStatement.java,src/java/org/apache/cassandra/cql3/statements/ModificationStatement.java.ModificationStatement.addUpdates.Complex Method,3.0.0,5.0.0,5.0.0,18
cassandra,2.1.0-deb,org.apache.cassandra.cql3.statements,ModificationStatement,addUpdatesAndConditions,Long Parameter List,"designitejava,checkstyle",src/java/org/apache/cassandra/cql3/statements/ModificationStatement.java,src/java/org/apache/cassandra/cql3/statements/ModificationStatement.java.ModificationStatement.addUpdatesAndConditions.Long Parameter List,2.1.0-deb,2.1.0,2.2.0-beta1,2
cassandra,2.1.0-deb,org.apache.cassandra.cql3.statements,ModificationStatement,buildCasResultSet,Long Parameter List,"designitejava,checkstyle",src/java/org/apache/cassandra/cql3/statements/ModificationStatement.java,src/java/org/apache/cassandra/cql3/statements/ModificationStatement.java.ModificationStatement.buildCasResultSet.Long Parameter List,2.1.0-deb,5.0.0,5.0.0,23
cassandra,2.0.0-beta1,org.apache.cassandra.cql3.statements,ModificationStatement,buildPartitionKeyNames,Complex Method,"designitejava,pmd",src/java/org/apache/cassandra/cql3/statements/ModificationStatement.java,src/java/org/apache/cassandra/cql3/statements/ModificationStatement.java.ModificationStatement.buildPartitionKeyNames.Complex Method,2.0.0-beta1,2.1.0,2.2.0-beta1,4
cassandra,1.2.0,org.apache.cassandra.cql3.statements,ModificationStatement,readRows,Long Parameter List,"designitejava,checkstyle",src/java/org/apache/cassandra/cql3/statements/ModificationStatement.java,src/java/org/apache/cassandra/cql3/statements/ModificationStatement.java.ModificationStatement.readRows.Long Parameter List,1.2.0,2.1.0,2.2.0-beta1,5
cassandra,1.1.0-beta1,org.apache.cassandra.cql3.statements,SelectStatement,,God Class,"pmd,checkstyle",src/java/org/apache/cassandra/cql3/statements/SelectStatement.java,src/java/org/apache/cassandra/cql3/statements/SelectStatement.java.SelectStatement..God Class,1.1.0-beta1,5.0.0,5.0.0,29
cassandra,4.1-alpha1,org.apache.cassandra.cql3.statements,SelectStatement,asCQL,Complex Method,"designitejava,pmd,checkstyle",src/java/org/apache/cassandra/cql3/statements/SelectStatement.java,src/java/org/apache/cassandra/cql3/statements/SelectStatement.java.SelectStatement.asCQL.Complex Method,4.1-alpha1,5.0.0,5.0.0,4
cassandra,1.2.0,org.apache.cassandra.cql3.statements,SelectStatement,buildBound,Complex Method,"pmd,checkstyle",src/java/org/apache/cassandra/cql3/statements/SelectStatement.java,src/java/org/apache/cassandra/cql3/statements/SelectStatement.java.SelectStatement.buildBound.Complex Method,1.2.0,2.1.0,2.2.0-beta1,5
cassandra,1.2.0,org.apache.cassandra.cql3.statements,SelectStatement,buildBound,Long Parameter List,"designitejava,checkstyle",src/java/org/apache/cassandra/cql3/statements/SelectStatement.java,src/java/org/apache/cassandra/cql3/statements/SelectStatement.java.SelectStatement.buildBound.Long Parameter List,1.2.0,2.1.0,2.2.0-beta1,5
cassandra,2.1.0-deb,org.apache.cassandra.cql3.statements,SelectStatement,buildMultiColumnEQBound,Long Parameter List,"designitejava,checkstyle",src/java/org/apache/cassandra/cql3/statements/SelectStatement.java,src/java/org/apache/cassandra/cql3/statements/SelectStatement.java.SelectStatement.buildMultiColumnEQBound.Long Parameter List,2.1.0-deb,2.1.0,2.2.0-beta1,2
cassandra,2.1.0-deb,org.apache.cassandra.cql3.statements,SelectStatement,buildMultiColumnInBound,Long Parameter List,"designitejava,checkstyle",src/java/org/apache/cassandra/cql3/statements/SelectStatement.java,src/java/org/apache/cassandra/cql3/statements/SelectStatement.java.SelectStatement.buildMultiColumnInBound.Long Parameter List,2.1.0-deb,2.1.0,2.2.0-beta1,2
cassandra,2.1.0-deb,org.apache.cassandra.cql3.statements,SelectStatement,buildMultiColumnSliceBound,Long Parameter List,"designitejava,checkstyle",src/java/org/apache/cassandra/cql3/statements/SelectStatement.java,src/java/org/apache/cassandra/cql3/statements/SelectStatement.java.SelectStatement.buildMultiColumnSliceBound.Long Parameter List,2.1.0-deb,2.1.0,2.2.0-beta1,2
cassandra,2.0.0,org.apache.cassandra.cql3.statements,SelectStatement,execute,Complex Method,"pmd,checkstyle",src/java/org/apache/cassandra/cql3/statements/SelectStatement.java,src/java/org/apache/cassandra/cql3/statements/SelectStatement.java.SelectStatement.execute.Complex Method,2.0.0,5.0.0,5.0.0,24
cassandra,1.2.0-beta1,org.apache.cassandra.cql3.statements,SelectStatement,getIndexExpressions,Complex Method,"designitejava,pmd",src/java/org/apache/cassandra/cql3/statements/SelectStatement.java,src/java/org/apache/cassandra/cql3/statements/SelectStatement.java.SelectStatement.getIndexExpressions.Complex Method,1.2.0-beta1,2.1.0,2.2.0-beta1,6
cassandra,4.1-alpha1,org.apache.cassandra.cql3.statements,SelectStatement,loggableTokens,Feature Envy,"designitejava,checkstyle",src/java/org/apache/cassandra/cql3/statements/SelectStatement.java,src/java/org/apache/cassandra/cql3/statements/SelectStatement.java.SelectStatement.loggableTokens.Feature Envy,4.1-alpha1,5.0.0,5.0.0,4
cassandra,2.0.0,org.apache.cassandra.cql3.statements,SelectStatement,makeFilter,Complex Method,"designitejava,pmd",src/java/org/apache/cassandra/cql3/statements/SelectStatement.java,src/java/org/apache/cassandra/cql3/statements/SelectStatement.java.SelectStatement.makeFilter.Complex Method,2.0.0,2.2.0,3.0.0-alpha1,5
cassandra,1.1.0-beta1,org.apache.cassandra.cql3.statements,SelectStatement,process,Complex Method,"designitejava,pmd,checkstyle",src/java/org/apache/cassandra/cql3/statements/SelectStatement.java,src/java/org/apache/cassandra/cql3/statements/SelectStatement.java.SelectStatement.process.Complex Method,1.1.0-beta1,1.2.0,2.0.0-beta1,4
cassandra,2.0.0-beta1,org.apache.cassandra.cql3.statements,SelectStatement,processColumnFamily,Complex Method,"designitejava,pmd,checkstyle",src/java/org/apache/cassandra/cql3/statements/SelectStatement.java,src/java/org/apache/cassandra/cql3/statements/SelectStatement.java.SelectStatement.processColumnFamily.Complex Method,2.0.0-beta1,2.2.0,3.0.0-alpha1,6
cassandra,2.0.0-beta1,org.apache.cassandra.cql3.statements,SelectStatement,processColumnFamily,Long Parameter List,"designitejava,checkstyle",src/java/org/apache/cassandra/cql3/statements/SelectStatement.java,src/java/org/apache/cassandra/cql3/statements/SelectStatement.java.SelectStatement.processColumnFamily.Long Parameter List,2.0.0-beta1,2.2.0,3.0.0-alpha1,6
cassandra,3.0.0-alpha1,org.apache.cassandra.cql3.statements,SelectStatement,processPartition,Complex Method,"designitejava,pmd,checkstyle",src/java/org/apache/cassandra/cql3/statements/SelectStatement.java,src/java/org/apache/cassandra/cql3/statements/SelectStatement.java.SelectStatement.processPartition.Complex Method,3.0.0-alpha1,5.0.0,5.0.0,19
cassandra,2.0.0-beta1,org.apache.cassandra.cql3.statements,Selection,makeSelector,Complex Method,"designitejava,pmd,checkstyle",src/java/org/apache/cassandra/cql3/statements/Selection.java,src/java/org/apache/cassandra/cql3/statements/Selection.java.Selection.makeSelector.Complex Method,2.0.0-beta1,2.1.0,2.2.0-beta1,4
cassandra,3.0.0,org.apache.cassandra.cql3.statements,TableAttributes,build,Complex Method,"designitejava,pmd,checkstyle",src/java/org/apache/cassandra/cql3/statements/TableAttributes.java,src/java/org/apache/cassandra/cql3/statements/TableAttributes.java.TableAttributes.build.Complex Method,3.0.0,3.11.0,4.0-alpha1,12
cassandra,1.1.0-beta1,org.apache.cassandra.cql3.statements,UpdateStatement,addToMutation,Long Parameter List,"designitejava,checkstyle",src/java/org/apache/cassandra/cql3/statements/UpdateStatement.java,src/java/org/apache/cassandra/cql3/statements/UpdateStatement.java.UpdateStatement.addToMutation.Long Parameter List,1.1.0-beta1,1.2.0-beta1,1.2.0,3
cassandra,2.1.0-deb,org.apache.cassandra.cql3.statements,UpdateStatement,addUpdateForKey,Complex Method,"designitejava,pmd",src/java/org/apache/cassandra/cql3/statements/UpdateStatement.java,src/java/org/apache/cassandra/cql3/statements/UpdateStatement.java.UpdateStatement.addUpdateForKey.Complex Method,2.1.0-deb,3.0.0-alpha1,3.0.0,5
cassandra,1.1.0-beta1,org.apache.cassandra.cql3.statements,UpdateStatement,prepare,Complex Method,"designitejava,pmd,checkstyle",src/java/org/apache/cassandra/cql3/statements/UpdateStatement.java,src/java/org/apache/cassandra/cql3/statements/UpdateStatement.java.UpdateStatement.prepare.Complex Method,1.1.0-beta1,1.2.0,2.0.0-beta1,4
cassandra,1.1.0-beta1,org.apache.cassandra.cql3.statements,UpdateStatement,processKeys,Complex Method,"designitejava,pmd,checkstyle",src/java/org/apache/cassandra/cql3/statements/UpdateStatement.java,src/java/org/apache/cassandra/cql3/statements/UpdateStatement.java.UpdateStatement.processKeys.Complex Method,1.1.0-beta1,1.2.0,2.0.0-beta1,4
cassandra,2.0.0-beta1,org.apache.cassandra.cql3.statements,UpdateStatement,updateForKey,Complex Method,"designitejava,pmd",src/java/org/apache/cassandra/cql3/statements/UpdateStatement.java,src/java/org/apache/cassandra/cql3/statements/UpdateStatement.java.UpdateStatement.updateForKey.Complex Method,2.0.0-beta1,2.0.0,2.1.0-deb,2
cassandra,4.0-alpha1,org.apache.cassandra.cql3.statements.schema,AlterKeyspaceStatement,validateTransientReplication,Complex Method,"designitejava,pmd,checkstyle",src/java/org/apache/cassandra/cql3/statements/schema/AlterKeyspaceStatement.java,src/java/org/apache/cassandra/cql3/statements/schema/AlterKeyspaceStatement.java.AlterKeyspaceStatement.validateTransientReplication.Complex Method,4.0-alpha1,5.0.0,5.0.0,6
cassandra,4.0-alpha1,org.apache.cassandra.cql3.statements.schema,CreateAggregateStatement,apply,Complex Method,"designitejava,pmd,checkstyle",src/java/org/apache/cassandra/cql3/statements/schema/CreateAggregateStatement.java,src/java/org/apache/cassandra/cql3/statements/schema/CreateAggregateStatement.java.CreateAggregateStatement.apply.Complex Method,4.0-alpha1,5.0.0,5.0.0,6
cassandra,4.0-alpha1,org.apache.cassandra.cql3.statements.schema,CreateFunctionStatement,apply,Complex Method,"designitejava,pmd,checkstyle",src/java/org/apache/cassandra/cql3/statements/schema/CreateFunctionStatement.java,src/java/org/apache/cassandra/cql3/statements/schema/CreateFunctionStatement.java.CreateFunctionStatement.apply.Complex Method,4.0-alpha1,5.0.0,5.0.0,6
cassandra,4.0-alpha1,org.apache.cassandra.cql3.statements.schema,CreateIndexStatement,apply,Complex Method,"designitejava,pmd,checkstyle",src/java/org/apache/cassandra/cql3/statements/schema/CreateIndexStatement.java,src/java/org/apache/cassandra/cql3/statements/schema/CreateIndexStatement.java.CreateIndexStatement.apply.Complex Method,4.0-alpha1,5.0.0,5.0.0,6
cassandra,4.0-alpha1,org.apache.cassandra.cql3.statements.schema,CreateIndexStatement,validateIndexTarget,Complex Method,"designitejava,pmd,checkstyle",src/java/org/apache/cassandra/cql3/statements/schema/CreateIndexStatement.java,src/java/org/apache/cassandra/cql3/statements/schema/CreateIndexStatement.java.CreateIndexStatement.validateIndexTarget.Complex Method,4.0-alpha1,5.0.0,5.0.0,6
cassandra,4.0-alpha1,org.apache.cassandra.cql3.statements.schema,CreateTableStatement,builder,Complex Method,"designitejava,pmd,checkstyle",src/java/org/apache/cassandra/cql3/statements/schema/CreateTableStatement.java,src/java/org/apache/cassandra/cql3/statements/schema/CreateTableStatement.java.CreateTableStatement.builder.Complex Method,4.0-alpha1,5.0.0,5.0.0,6
cassandra,4.0-alpha1,org.apache.cassandra.cql3.statements.schema,CreateViewStatement,apply,Complex Method,"designitejava,pmd,checkstyle",src/java/org/apache/cassandra/cql3/statements/schema/CreateViewStatement.java,src/java/org/apache/cassandra/cql3/statements/schema/CreateViewStatement.java.CreateViewStatement.apply.Complex Method,4.0-alpha1,5.0.0,5.0.0,6
cassandra,4.0-alpha1,org.apache.cassandra.cql3.statements.schema,TableAttributes,build,Complex Method,"designitejava,pmd,checkstyle",src/java/org/apache/cassandra/cql3/statements/schema/TableAttributes.java,src/java/org/apache/cassandra/cql3/statements/schema/TableAttributes.java.TableAttributes.build.Complex Method,4.0-alpha1,5.0.0,5.0.0,6
cassandra,1.0.0-beta1,org.apache.cassandra.db,AbstractColumnContainer,retainAll,Complex Method,"pmd,checkstyle",src/java/org/apache/cassandra/db/AbstractColumnContainer.java,src/java/org/apache/cassandra/db/AbstractColumnContainer.java.AbstractColumnContainer.retainAll.Complex Method,1.0.0-beta1,1.0.0,1.1.0-beta1,2
cassandra,2.1.0-deb,org.apache.cassandra.db,AbstractNativeCell,,God Class,"pmd,checkstyle",src/java/org/apache/cassandra/db/AbstractNativeCell.java,src/java/org/apache/cassandra/db/AbstractNativeCell.java.AbstractNativeCell..God Class,2.1.0-deb,2.2.0,3.0.0-alpha1,4
cassandra,2.2.0-beta1,org.apache.cassandra.db,AbstractNativeCell,compareTo,Complex Method,"pmd,checkstyle",src/java/org/apache/cassandra/db/AbstractNativeCell.java,src/java/org/apache/cassandra/db/AbstractNativeCell.java.AbstractNativeCell.compareTo.Complex Method,2.2.0-beta1,2.2.0,3.0.0-alpha1,2
cassandra,1.1.0-beta1,org.apache.cassandra.db,AbstractThreadUnsafeSortedColumns,retainAll,Complex Method,"pmd,checkstyle",src/java/org/apache/cassandra/db/AbstractThreadUnsafeSortedColumns.java,src/java/org/apache/cassandra/db/AbstractThreadUnsafeSortedColumns.java.AbstractThreadUnsafeSortedColumns.retainAll.Complex Method,1.1.0-beta1,1.2.0,2.0.0-beta1,4
cassandra,1.0.0-beta1,org.apache.cassandra.db,ArrayBackedSortedColumns,addAll,Complex Method,"pmd,checkstyle",src/java/org/apache/cassandra/db/ArrayBackedSortedColumns.java,src/java/org/apache/cassandra/db/ArrayBackedSortedColumns.java.ArrayBackedSortedColumns.addAll.Complex Method,1.0.0-beta1,2.0.0,2.1.0-deb,8
cassandra,1.1.0-beta1,org.apache.cassandra.db,ArrayBackedSortedColumns,addAllColumns,Complex Method,"pmd,checkstyle",src/java/org/apache/cassandra/db/ArrayBackedSortedColumns.java,src/java/org/apache/cassandra/db/ArrayBackedSortedColumns.java.ArrayBackedSortedColumns.addAllColumns.Complex Method,1.1.0-beta1,1.1.0,1.2.0-beta1,2
cassandra,2.2.0-beta1,org.apache.cassandra.db,ArrayBackedSortedColumns,batchRemoveIterator,Complex Method,"designitejava,pmd",src/java/org/apache/cassandra/db/ArrayBackedSortedColumns.java,src/java/org/apache/cassandra/db/ArrayBackedSortedColumns.java.ArrayBackedSortedColumns.batchRemoveIterator.Complex Method,2.2.0-beta1,2.2.0,3.0.0-alpha1,2
cassandra,2.1.0-deb,org.apache.cassandra.db,ArrayBackedSortedColumns,slice,Complex Method,"pmd,checkstyle",src/java/org/apache/cassandra/db/ArrayBackedSortedColumns.java,src/java/org/apache/cassandra/db/ArrayBackedSortedColumns.java.ArrayBackedSortedColumns.slice.Complex Method,2.1.0-deb,2.2.0,3.0.0-alpha1,4
cassandra,2.1.0-deb,org.apache.cassandra.db,ArrayBackedSortedColumns,sortCells,Complex Method,"designitejava,checkstyle",src/java/org/apache/cassandra/db/ArrayBackedSortedColumns.java,src/java/org/apache/cassandra/db/ArrayBackedSortedColumns.java.ArrayBackedSortedColumns.sortCells.Complex Method,2.1.0-deb,2.2.0,3.0.0-alpha1,4
cassandra,2.2.0-beta1,org.apache.cassandra.db,AtomicBTreeColumns,addAllWithSizeDelta,Complex Method,"designitejava,pmd,checkstyle",src/java/org/apache/cassandra/db/AtomicBTreeColumns.java,src/java/org/apache/cassandra/db/AtomicBTreeColumns.java.AtomicBTreeColumns.addAllWithSizeDelta.Complex Method,2.2.0-beta1,2.2.0,3.0.0-alpha1,2
cassandra,2.1.0-deb,org.apache.cassandra.db,BufferExpiringCell,create,Long Parameter List,"designitejava,checkstyle",src/java/org/apache/cassandra/db/BufferExpiringCell.java,src/java/org/apache/cassandra/db/BufferExpiringCell.java.BufferExpiringCell.create.Long Parameter List,2.1.0-deb,2.2.0,3.0.0-alpha1,4
cassandra,1.2.0-beta1,org.apache.cassandra.db,CollationController,collectAllData,Complex Method,"designitejava,pmd,checkstyle",src/java/org/apache/cassandra/db/CollationController.java,src/java/org/apache/cassandra/db/CollationController.java.CollationController.collectAllData.Complex Method,1.2.0-beta1,2.2.0,3.0.0-alpha1,8
cassandra,1.0.0-beta1,org.apache.cassandra.db,CollationController,collectTimeOrderedData,Complex Method,"designitejava,pmd",src/java/org/apache/cassandra/db/CollationController.java,src/java/org/apache/cassandra/db/CollationController.java.CollationController.collectTimeOrderedData.Complex Method,1.0.0-beta1,2.2.0,3.0.0-alpha1,12
cassandra,1.2.0-beta1,org.apache.cassandra.db,ColumnFamilySerializer,deserializeColumnsFromSSTable,Long Parameter List,"designitejava,checkstyle",src/java/org/apache/cassandra/db/ColumnFamilySerializer.java,src/java/org/apache/cassandra/db/ColumnFamilySerializer.java.ColumnFamilySerializer.deserializeColumnsFromSSTable.Long Parameter List,1.2.0-beta1,1.2.0,2.0.0-beta1,2
cassandra,0.3.0-final,org.apache.cassandra.db,ColumnFamilyStore,,God Class,"pmd,checkstyle",src/java/org/apache/cassandra/db/ColumnFamilyStore.java,src/java/org/apache/cassandra/db/ColumnFamilyStore.java.ColumnFamilyStore..God Class,0.3.0-final,5.0.0,5.0.0,42
cassandra,0.6.0-beta1,org.apache.cassandra.db,ColumnFamilyStore,ColumnFamilyStore,Complex Method,"designitejava,checkstyle",src/java/org/apache/cassandra/db/ColumnFamilyStore.java,src/java/org/apache/cassandra/db/ColumnFamilyStore.java.ColumnFamilyStore.ColumnFamilyStore.Complex Method,0.6.0-beta1,5.0.0,5.0.0,37
cassandra,0.7.6-2,org.apache.cassandra.db,ColumnFamilyStore,cacheRow,Complex Method,"designitejava,pmd,checkstyle",src/java/org/apache/cassandra/db/ColumnFamilyStore.java,src/java/org/apache/cassandra/db/ColumnFamilyStore.java.ColumnFamilyStore.cacheRow.Complex Method,0.7.6-2,0.7.6-2,0.8.0-beta1,1
cassandra,3.0.0,org.apache.cassandra.db,ColumnFamilyStore,createSSTableMultiWriter,Long Parameter List,"designitejava,checkstyle",src/java/org/apache/cassandra/db/ColumnFamilyStore.java,src/java/org/apache/cassandra/db/ColumnFamilyStore.java.ColumnFamilyStore.createSSTableMultiWriter.Long Parameter List,3.0.0,5.0.0,5.0.0,18
cassandra,0.3.0-final,org.apache.cassandra.db,ColumnFamilyStore,doFileAntiCompaction,Complex Method,"designitejava,pmd,checkstyle",src/java/org/apache/cassandra/db/ColumnFamilyStore.java,src/java/org/apache/cassandra/db/ColumnFamilyStore.java.ColumnFamilyStore.doFileAntiCompaction.Complex Method,0.3.0-final,0.5.0,0.6.0-beta1,5
cassandra,0.3.0-final,org.apache.cassandra.db,ColumnFamilyStore,doFileCompaction,Complex Method,"designitejava,pmd,checkstyle",src/java/org/apache/cassandra/db/ColumnFamilyStore.java,src/java/org/apache/cassandra/db/ColumnFamilyStore.java.ColumnFamilyStore.doFileCompaction.Complex Method,0.3.0-final,0.4.1,0.5.0-beta1,3
cassandra,1.2.0-beta1,org.apache.cassandra.db,ColumnFamilyStore,filter,Complex Method,"designitejava,pmd,checkstyle",src/java/org/apache/cassandra/db/ColumnFamilyStore.java,src/java/org/apache/cassandra/db/ColumnFamilyStore.java.ColumnFamilyStore.filter.Complex Method,1.2.0-beta1,2.2.0,3.0.0-alpha1,8
cassandra,0.7.0,org.apache.cassandra.db,ColumnFamilyStore,filterColumnFamily,Complex Method,"pmd,checkstyle",src/java/org/apache/cassandra/db/ColumnFamilyStore.java,src/java/org/apache/cassandra/db/ColumnFamilyStore.java.ColumnFamilyStore.filterColumnFamily.Complex Method,0.7.0,1.0.0,1.1.0-beta1,6
cassandra,0.4.0-final,org.apache.cassandra.db,ColumnFamilyStore,getColumnFamily,Long Parameter List,"designitejava,checkstyle",src/java/org/apache/cassandra/db/ColumnFamilyStore.java,src/java/org/apache/cassandra/db/ColumnFamilyStore.java.ColumnFamilyStore.getColumnFamily.Long Parameter List,0.4.0-final,2.2.0,3.0.0-alpha1,22
cassandra,0.5.0-beta1,org.apache.cassandra.db,ColumnFamilyStore,getKeyRange,Complex Method,"designitejava,pmd",src/java/org/apache/cassandra/db/ColumnFamilyStore.java,src/java/org/apache/cassandra/db/ColumnFamilyStore.java.ColumnFamilyStore.getKeyRange.Complex Method,0.5.0-beta1,0.6.0,0.7.0,4
cassandra,0.4.0-final,org.apache.cassandra.db,ColumnFamilyStore,getKeyRangeUnsafe,Complex Method,"designitejava,pmd",src/java/org/apache/cassandra/db/ColumnFamilyStore.java,src/java/org/apache/cassandra/db/ColumnFamilyStore.java.ColumnFamilyStore.getKeyRangeUnsafe.Complex Method,0.4.0-final,0.4.1,0.5.0-beta1,2
cassandra,0.7.0,org.apache.cassandra.db,ColumnFamilyStore,getRangeSlice,Complex Method,"pmd,checkstyle",src/java/org/apache/cassandra/db/ColumnFamilyStore.java,src/java/org/apache/cassandra/db/ColumnFamilyStore.java.ColumnFamilyStore.getRangeSlice.Complex Method,0.7.0,1.0.0,1.1.0-beta1,6
cassandra,0.5.0-beta1,org.apache.cassandra.db,ColumnFamilyStore,getRangeSlice,Long Parameter List,"designitejava,checkstyle",src/java/org/apache/cassandra/db/ColumnFamilyStore.java,src/java/org/apache/cassandra/db/ColumnFamilyStore.java.ColumnFamilyStore.getRangeSlice.Long Parameter List,0.5.0-beta1,2.2.0,3.0.0-alpha1,20
cassandra,2.1.0-deb,org.apache.cassandra.db,ColumnFamilyStore,getThroughCache,Complex Method,"designitejava,pmd,checkstyle",src/java/org/apache/cassandra/db/ColumnFamilyStore.java,src/java/org/apache/cassandra/db/ColumnFamilyStore.java.ColumnFamilyStore.getThroughCache.Complex Method,2.1.0-deb,2.2.0,3.0.0-alpha1,4
cassandra,4.0-alpha1,org.apache.cassandra.db,ColumnFamilyStore,importNewSSTables,Long Parameter List,"designitejava,checkstyle",src/java/org/apache/cassandra/db/ColumnFamilyStore.java,src/java/org/apache/cassandra/db/ColumnFamilyStore.java.ColumnFamilyStore.importNewSSTables.Long Parameter List,4.0-alpha1,5.0.0,5.0.0,6
cassandra,1.0.0-beta1,org.apache.cassandra.db,ColumnFamilyStore,loadNewSSTables,Complex Method,"designitejava,pmd,checkstyle",src/java/org/apache/cassandra/db/ColumnFamilyStore.java,src/java/org/apache/cassandra/db/ColumnFamilyStore.java.ColumnFamilyStore.loadNewSSTables.Complex Method,1.0.0-beta1,3.11.0,4.0-alpha1,25
cassandra,2.0.0-beta1,org.apache.cassandra.db,ColumnFamilyStore,makeExtendedFilter,Long Parameter List,"designitejava,checkstyle",src/java/org/apache/cassandra/db/ColumnFamilyStore.java,src/java/org/apache/cassandra/db/ColumnFamilyStore.java.ColumnFamilyStore.makeExtendedFilter.Long Parameter List,2.0.0-beta1,2.2.0,3.0.0-alpha1,6
cassandra,0.3.0-final,org.apache.cassandra.db,ColumnFamilyStore,onStart,Complex Method,"designitejava,pmd,checkstyle",src/java/org/apache/cassandra/db/ColumnFamilyStore.java,src/java/org/apache/cassandra/db/ColumnFamilyStore.java.ColumnFamilyStore.onStart.Complex Method,0.3.0-final,0.5.0,0.6.0-beta1,5
cassandra,0.7.0,org.apache.cassandra.db,ColumnFamilyStore,reload,Complex Method,"designitejava,pmd,checkstyle",src/java/org/apache/cassandra/db/ColumnFamilyStore.java,src/java/org/apache/cassandra/db/ColumnFamilyStore.java.ColumnFamilyStore.reload.Complex Method,0.7.0,5.0.0,5.0.0,35
cassandra,0.3.0-final,org.apache.cassandra.db,ColumnFamilyStore,removeDeleted,Complex Method,"designitejava,pmd,checkstyle",src/java/org/apache/cassandra/db/ColumnFamilyStore.java,src/java/org/apache/cassandra/db/ColumnFamilyStore.java.ColumnFamilyStore.removeDeleted.Complex Method,0.3.0-final,0.4.1,0.5.0-beta1,3
cassandra,2.1.0-deb,org.apache.cassandra.db,ColumnFamilyStore,removeUnfinishedCompactionLeftovers,Complex Method,"designitejava,pmd,checkstyle",src/java/org/apache/cassandra/db/ColumnFamilyStore.java,src/java/org/apache/cassandra/db/ColumnFamilyStore.java.ColumnFamilyStore.removeUnfinishedCompactionLeftovers.Complex Method,2.1.0-deb,2.2.0,3.0.0-alpha1,4
cassandra,0.7.0,org.apache.cassandra.db,ColumnFamilyStore,scan,Complex Method,"designitejava,pmd,checkstyle",src/java/org/apache/cassandra/db/ColumnFamilyStore.java,src/java/org/apache/cassandra/db/ColumnFamilyStore.java.ColumnFamilyStore.scan.Complex Method,0.7.0,0.8.0,1.0.0-beta1,4
cassandra,0.7.0,org.apache.cassandra.db,ColumnFamilyStore,scrubDataDirectories,Complex Method,"designitejava,pmd,checkstyle",src/java/org/apache/cassandra/db/ColumnFamilyStore.java,src/java/org/apache/cassandra/db/ColumnFamilyStore.java.ColumnFamilyStore.scrubDataDirectories.Complex Method,0.7.0,5.0.0,5.0.0,35
cassandra,4.1-alpha1,org.apache.cassandra.db,ColumnFamilyStore,snapshotWithoutMemtable,Long Parameter List,"designitejava,checkstyle",src/java/org/apache/cassandra/db/ColumnFamilyStore.java,src/java/org/apache/cassandra/db/ColumnFamilyStore.java.ColumnFamilyStore.snapshotWithoutMemtable.Long Parameter List,4.1-alpha1,5.0.0,5.0.0,4
cassandra,1.2.0,org.apache.cassandra.db,ColumnFamilyStore,switchMemtable,Complex Method,"designitejava,pmd",src/java/org/apache/cassandra/db/ColumnFamilyStore.java,src/java/org/apache/cassandra/db/ColumnFamilyStore.java.ColumnFamilyStore.switchMemtable.Complex Method,1.2.0,2.0.0,2.1.0-deb,3
cassandra,2.0.0-beta1,org.apache.cassandra.db,ColumnFamilyStore,truncateBlocking,Complex Method,"designitejava,pmd",src/java/org/apache/cassandra/db/ColumnFamilyStore.java,src/java/org/apache/cassandra/db/ColumnFamilyStore.java.ColumnFamilyStore.truncateBlocking.Complex Method,2.0.0-beta1,2.0.0,2.1.0-deb,2
cassandra,3.1,org.apache.cassandra.db,ColumnFamilyStoreCQLHelper,getCFMetadataAsCQL,Complex Method,"designitejava,pmd,checkstyle",src/java/org/apache/cassandra/db/ColumnFamilyStoreCQLHelper.java,src/java/org/apache/cassandra/db/ColumnFamilyStoreCQLHelper.java.ColumnFamilyStoreCQLHelper.getCFMetadataAsCQL.Complex Method,3.1,3.11.0,4.0-alpha1,11
cassandra,4.0-alpha1,org.apache.cassandra.db,ColumnFamilyStoreMBean,importNewSSTables,Long Parameter List,"designitejava,checkstyle",src/java/org/apache/cassandra/db/ColumnFamilyStoreMBean.java,src/java/org/apache/cassandra/db/ColumnFamilyStoreMBean.java.ColumnFamilyStoreMBean.importNewSSTables.Long Parameter List,4.0-alpha1,5.0.0,5.0.0,6
cassandra,3.1,org.apache.cassandra.db,ColumnIndex,addIndexBlock,Complex Method,"designitejava,pmd",src/java/org/apache/cassandra/db/ColumnIndex.java,src/java/org/apache/cassandra/db/ColumnIndex.java.ColumnIndex.addIndexBlock.Complex Method,3.1,4.1.0,5.0-alpha1,15
cassandra,3.0.0-alpha1,org.apache.cassandra.db,Columns,mergeTo,Complex Method,"designitejava,pmd,checkstyle",src/java/org/apache/cassandra/db/Columns.java,src/java/org/apache/cassandra/db/Columns.java.Columns.mergeTo.Complex Method,3.0.0-alpha1,3.0.0-alpha1,3.0.0,1
cassandra,0.4.0-final,org.apache.cassandra.db,CommitLog,discardCompletedSegments,Complex Method,"designitejava,pmd",src/java/org/apache/cassandra/db/CommitLog.java,src/java/org/apache/cassandra/db/CommitLog.java.CommitLog.discardCompletedSegments.Complex Method,0.4.0-final,0.5.0,0.6.0-beta1,4
cassandra,0.3.0-final,org.apache.cassandra.db,CommitLog,doRecovery,Complex Method,"designitejava,pmd,checkstyle",src/java/org/apache/cassandra/db/CommitLog.java,src/java/org/apache/cassandra/db/CommitLog.java.CommitLog.doRecovery.Complex Method,0.3.0-final,0.3.0-final,0.4.0-final,1
cassandra,0.4.0-final,org.apache.cassandra.db,CommitLog,recover,Complex Method,"designitejava,pmd,checkstyle",src/java/org/apache/cassandra/db/CommitLog.java,src/java/org/apache/cassandra/db/CommitLog.java.CommitLog.recover.Complex Method,0.4.0-final,0.5.0,0.6.0-beta1,4
cassandra,0.3.0-final,org.apache.cassandra.db,CommitLog,writeCommitLogHeader,Feature Envy,"designitejava,checkstyle",src/java/org/apache/cassandra/db/CommitLog.java,src/java/org/apache/cassandra/db/CommitLog.java.CommitLog.writeCommitLogHeader.Feature Envy,0.3.0-final,0.3.0-final,0.4.0-final,1
cassandra,0.7.0,org.apache.cassandra.db,CompactionManager,doCleanupCompaction,Complex Method,"designitejava,pmd,checkstyle",src/java/org/apache/cassandra/db/CompactionManager.java,src/java/org/apache/cassandra/db/CompactionManager.java.CompactionManager.doCleanupCompaction.Complex Method,0.7.0,0.8.0,1.0.0-beta1,4
cassandra,0.8.0,org.apache.cassandra.db,CompactionManager,doCompactionWithoutSizeEstimation,Complex Method,"designitejava,pmd,checkstyle",src/java/org/apache/cassandra/db/CompactionManager.java,src/java/org/apache/cassandra/db/CompactionManager.java.CompactionManager.doCompactionWithoutSizeEstimation.Complex Method,0.8.0,0.8.0,1.0.0-beta1,1
cassandra,0.7.6-2,org.apache.cassandra.db,CompactionManager,doScrub,Complex Method,"designitejava,pmd,checkstyle",src/java/org/apache/cassandra/db/CompactionManager.java,src/java/org/apache/cassandra/db/CompactionManager.java.CompactionManager.doScrub.Complex Method,0.7.6-2,0.8.0,1.0.0-beta1,3
cassandra,3.0.0-alpha1,org.apache.cassandra.db,Conflicts,resolveCounter,Long Parameter List,"designitejava,checkstyle",src/java/org/apache/cassandra/db/Conflicts.java,src/java/org/apache/cassandra/db/Conflicts.java.Conflicts.resolveCounter.Long Parameter List,3.0.0-alpha1,3.11.0,4.0-alpha1,13
cassandra,3.0.0-alpha1,org.apache.cassandra.db,Conflicts,resolveRegular,Long Parameter List,"designitejava,checkstyle",src/java/org/apache/cassandra/db/Conflicts.java,src/java/org/apache/cassandra/db/Conflicts.java.Conflicts.resolveRegular.Long Parameter List,3.0.0-alpha1,3.11.0,4.0-alpha1,13
cassandra,2.0.0-beta1,org.apache.cassandra.db,ConsistencyLevel,assureSufficientLiveNodes,Complex Method,"pmd,checkstyle",src/java/org/apache/cassandra/db/ConsistencyLevel.java,src/java/org/apache/cassandra/db/ConsistencyLevel.java.ConsistencyLevel.assureSufficientLiveNodes.Complex Method,2.0.0-beta1,3.11.0,4.0-alpha1,19
cassandra,0.3.0-final,org.apache.cassandra.db,CountFilter,filter,Complex Method,"designitejava,pmd,checkstyle",src/java/org/apache/cassandra/db/CountFilter.java,src/java/org/apache/cassandra/db/CountFilter.java.CountFilter.filter.Complex Method,0.3.0-final,0.3.0-final,0.4.0-final,1
cassandra,1.1.0-beta1,org.apache.cassandra.db,CounterColumn,mergeAndRemoveOldShards,Complex Method,"designitejava,pmd,checkstyle",src/java/org/apache/cassandra/db/CounterColumn.java,src/java/org/apache/cassandra/db/CounterColumn.java.CounterColumn.mergeAndRemoveOldShards.Complex Method,1.1.0-beta1,1.2.0,2.0.0-beta1,4
cassandra,0.8.0-beta1,org.apache.cassandra.db,CounterColumn,removeOldShards,Complex Method,"designitejava,pmd",src/java/org/apache/cassandra/db/CounterColumn.java,src/java/org/apache/cassandra/db/CounterColumn.java.CounterColumn.removeOldShards.Complex Method,0.8.0-beta1,1.0.0,1.1.0-beta1,4
cassandra,0.8.0-beta1,org.apache.cassandra.db,CounterMutation,computeShardMerger,Complex Method,"designitejava,pmd,checkstyle",src/java/org/apache/cassandra/db/CounterMutation.java,src/java/org/apache/cassandra/db/CounterMutation.java.CounterMutation.computeShardMerger.Complex Method,0.8.0-beta1,1.0.0,1.1.0-beta1,4
cassandra,1.2.0-beta1,org.apache.cassandra.db,DefsTable,fixSchemaNanoTimestamp,Complex Method,"designitejava,pmd,checkstyle",src/java/org/apache/cassandra/db/DefsTable.java,src/java/org/apache/cassandra/db/DefsTable.java.DefsTable.fixSchemaNanoTimestamp.Complex Method,1.2.0-beta1,1.2.0,2.0.0-beta1,2
cassandra,1.1.0-beta1,org.apache.cassandra.db,DefsTable,mergeColumnFamilies,Complex Method,"designitejava,pmd,checkstyle",src/java/org/apache/cassandra/db/DefsTable.java,src/java/org/apache/cassandra/db/DefsTable.java.DefsTable.mergeColumnFamilies.Complex Method,1.1.0-beta1,1.2.0,2.0.0-beta1,4
cassandra,2.0.0-beta1,org.apache.cassandra.db,DefsTables,mergeColumnFamilies,Complex Method,"designitejava,pmd,checkstyle",src/java/org/apache/cassandra/db/DefsTables.java,src/java/org/apache/cassandra/db/DefsTables.java.DefsTables.mergeColumnFamilies.Complex Method,2.0.0-beta1,2.1.0,2.2.0-beta1,4
cassandra,2.1.0-deb,org.apache.cassandra.db,DefsTables,mergeTypes,Complex Method,"designitejava,pmd,checkstyle",src/java/org/apache/cassandra/db/DefsTables.java,src/java/org/apache/cassandra/db/DefsTables.java.DefsTables.mergeTypes.Complex Method,2.1.0-deb,2.1.0,2.2.0-beta1,2
cassandra,1.1.0-beta1,org.apache.cassandra.db,Directories,,God Class,"pmd,checkstyle",src/java/org/apache/cassandra/db/Directories.java,src/java/org/apache/cassandra/db/Directories.java.Directories..God Class,1.1.0-beta1,5.0.0,5.0.0,29
cassandra,2.2.0,org.apache.cassandra.db,Directories,Directories,Complex Method,"designitejava,checkstyle",src/java/org/apache/cassandra/db/Directories.java,src/java/org/apache/cassandra/db/Directories.java.Directories.Directories.Complex Method,2.2.0,5.0.0,5.0.0,20
cassandra,1.2.0-beta1,org.apache.cassandra.db,Directories,migrateSSTables,Complex Method,"designitejava,pmd",src/java/org/apache/cassandra/db/Directories.java,src/java/org/apache/cassandra/db/Directories.java.Directories.migrateSSTables.Complex Method,1.2.0-beta1,1.2.0,2.0.0-beta1,2
cassandra,1.2.0-beta1,org.apache.cassandra.db,Directories,migrateSnapshots,Complex Method,"designitejava,pmd",src/java/org/apache/cassandra/db/Directories.java,src/java/org/apache/cassandra/db/Directories.java.Directories.migrateSnapshots.Complex Method,1.2.0-beta1,1.2.0,2.0.0-beta1,2
cassandra,1.1.0-beta1,org.apache.cassandra.db,Directories,sstablesNeedsMigration,Complex Method,"designitejava,checkstyle",src/java/org/apache/cassandra/db/Directories.java,src/java/org/apache/cassandra/db/Directories.java.Directories.sstablesNeedsMigration.Complex Method,1.1.0-beta1,1.2.0,2.0.0-beta1,4
cassandra,1.0.0-beta1,org.apache.cassandra.db,ExpiringColumn,create,Long Parameter List,"designitejava,checkstyle",src/java/org/apache/cassandra/db/ExpiringColumn.java,src/java/org/apache/cassandra/db/ExpiringColumn.java.ExpiringColumn.create.Long Parameter List,1.0.0-beta1,2.0.0,2.1.0-deb,8
cassandra,0.4.0-final,org.apache.cassandra.db,HintedHandOffManager,deliverAllHints,Complex Method,"designitejava,pmd",src/java/org/apache/cassandra/db/HintedHandOffManager.java,src/java/org/apache/cassandra/db/HintedHandOffManager.java.HintedHandOffManager.deliverAllHints.Complex Method,0.4.0-final,0.6.0,0.7.0,6
cassandra,0.4.0-final,org.apache.cassandra.db,HintedHandOffManager,deliverHintsToEndpoint,Complex Method,"designitejava,pmd",src/java/org/apache/cassandra/db/HintedHandOffManager.java,src/java/org/apache/cassandra/db/HintedHandOffManager.java.HintedHandOffManager.deliverHintsToEndpoint.Complex Method,0.4.0-final,1.0.0,1.1.0-beta1,12
cassandra,1.1.0-beta1,org.apache.cassandra.db,HintedHandOffManager,deliverHintsToEndpointInternal,Complex Method,"designitejava,pmd,checkstyle",src/java/org/apache/cassandra/db/HintedHandOffManager.java,src/java/org/apache/cassandra/db/HintedHandOffManager.java.HintedHandOffManager.deliverHintsToEndpointInternal.Complex Method,1.1.0-beta1,1.2.0,2.0.0-beta1,4
cassandra,2.0.0-beta1,org.apache.cassandra.db,HintedHandOffManager,doDeliverHintsToEndpoint,Complex Method,"designitejava,pmd,checkstyle",src/java/org/apache/cassandra/db/HintedHandOffManager.java,src/java/org/apache/cassandra/db/HintedHandOffManager.java.HintedHandOffManager.doDeliverHintsToEndpoint.Complex Method,2.0.0-beta1,3.0.0-alpha1,3.0.0,7
cassandra,3.0.0-alpha1,org.apache.cassandra.db,Keyspace,apply,Complex Method,"designitejava,pmd,checkstyle",src/java/org/apache/cassandra/db/Keyspace.java,src/java/org/apache/cassandra/db/Keyspace.java.Keyspace.apply.Complex Method,3.0.0-alpha1,3.9,3.10,11
cassandra,3.1,org.apache.cassandra.db,Keyspace,applyInternal,Complex Method,"designitejava,pmd,checkstyle",src/java/org/apache/cassandra/db/Keyspace.java,src/java/org/apache/cassandra/db/Keyspace.java.Keyspace.applyInternal.Complex Method,3.1,5.0.0,5.0.0,17
cassandra,3.1,org.apache.cassandra.db,Keyspace,applyInternal,Long Parameter List,"designitejava,checkstyle",src/java/org/apache/cassandra/db/Keyspace.java,src/java/org/apache/cassandra/db/Keyspace.java.Keyspace.applyInternal.Long Parameter List,3.1,5.0.0,5.0.0,17
cassandra,2.2.0-beta1,org.apache.cassandra.db,Keyspace,getValidColumnFamilies,Complex Method,"designitejava,pmd,checkstyle",src/java/org/apache/cassandra/db/Keyspace.java,src/java/org/apache/cassandra/db/Keyspace.java.Keyspace.getValidColumnFamilies.Complex Method,2.2.0-beta1,5.0.0,5.0.0,21
cassandra,4.1-alpha1,org.apache.cassandra.db,Keyspace,snapshot,Long Parameter List,"designitejava,checkstyle",src/java/org/apache/cassandra/db/Keyspace.java,src/java/org/apache/cassandra/db/Keyspace.java.Keyspace.snapshot.Long Parameter List,4.1-alpha1,5.0.0,5.0.0,4
cassandra,3.0.0-alpha1,org.apache.cassandra.db,LegacyLayout,,God Class,"pmd,checkstyle",src/java/org/apache/cassandra/db/LegacyLayout.java,src/java/org/apache/cassandra/db/LegacyLayout.java.LegacyLayout..God Class,3.0.0-alpha1,3.11.0,4.0-alpha1,13
cassandra,3.0.0-alpha1,org.apache.cassandra.db,LegacyLayout,compare,Complex Method,"designitejava,pmd",src/java/org/apache/cassandra/db/LegacyLayout.java,src/java/org/apache/cassandra/db/LegacyLayout.java.LegacyLayout.compare.Complex Method,3.0.0-alpha1,3.11.0,4.0-alpha1,13
cassandra,3.0.0,org.apache.cassandra.db,LegacyLayout,decodeBound,Complex Method,"pmd,checkstyle",src/java/org/apache/cassandra/db/LegacyLayout.java,src/java/org/apache/cassandra/db/LegacyLayout.java.LegacyLayout.decodeBound.Complex Method,3.0.0,3.11.0,4.0-alpha1,12
cassandra,3.0.0-alpha1,org.apache.cassandra.db,LegacyLayout,decodeCellName,Complex Method,"designitejava,checkstyle",src/java/org/apache/cassandra/db/LegacyLayout.java,src/java/org/apache/cassandra/db/LegacyLayout.java.LegacyLayout.decodeCellName.Complex Method,3.0.0-alpha1,3.11.0,4.0-alpha1,13
cassandra,3.0.0,org.apache.cassandra.db,LegacyLayout,fromRow,Complex Method,"designitejava,pmd",src/java/org/apache/cassandra/db/LegacyLayout.java,src/java/org/apache/cassandra/db/LegacyLayout.java.LegacyLayout.fromRow.Complex Method,3.0.0,3.11.0,4.0-alpha1,12
cassandra,3.0.0-alpha1,org.apache.cassandra.db,LegacyLayout,legacyAtomComparator,Complex Method,"designitejava,pmd,checkstyle",src/java/org/apache/cassandra/db/LegacyLayout.java,src/java/org/apache/cassandra/db/LegacyLayout.java.LegacyLayout.legacyAtomComparator.Complex Method,3.0.0-alpha1,3.11.0,4.0-alpha1,13
cassandra,3.0.0-alpha1,org.apache.cassandra.db,LegacyLayout,legacyCellNameComparator,Complex Method,"designitejava,pmd",src/java/org/apache/cassandra/db/LegacyLayout.java,src/java/org/apache/cassandra/db/LegacyLayout.java.LegacyLayout.legacyCellNameComparator.Complex Method,3.0.0-alpha1,3.11.0,4.0-alpha1,13
cassandra,3.0.0-alpha1,org.apache.cassandra.db,LegacyLayout,makeLegacyComparator,Complex Method,"designitejava,pmd,checkstyle",src/java/org/apache/cassandra/db/LegacyLayout.java,src/java/org/apache/cassandra/db/LegacyLayout.java.LegacyLayout.makeLegacyComparator.Complex Method,3.0.0-alpha1,3.11.0,4.0-alpha1,13
cassandra,3.0.0-alpha1,org.apache.cassandra.db,LegacyLayout,onWireCellstoUnfilteredRowIterator,Long Parameter List,"designitejava,checkstyle",src/java/org/apache/cassandra/db/LegacyLayout.java,src/java/org/apache/cassandra/db/LegacyLayout.java.LegacyLayout.onWireCellstoUnfilteredRowIterator.Long Parameter List,3.0.0-alpha1,3.11.0,4.0-alpha1,13
cassandra,3.0.0-alpha1,org.apache.cassandra.db,LegacyLayout,readLegacyCellBody,Long Parameter List,"designitejava,checkstyle",src/java/org/apache/cassandra/db/LegacyLayout.java,src/java/org/apache/cassandra/db/LegacyLayout.java.LegacyLayout.readLegacyCellBody.Long Parameter List,3.0.0-alpha1,3.11.0,4.0-alpha1,13
cassandra,3.0.0-alpha1,org.apache.cassandra.db,LegacyLayout,toUnfilteredRowIterator,Long Parameter List,"designitejava,checkstyle",src/java/org/apache/cassandra/db/LegacyLayout.java,src/java/org/apache/cassandra/db/LegacyLayout.java.LegacyLayout.toUnfilteredRowIterator.Long Parameter List,3.0.0-alpha1,3.11.0,4.0-alpha1,13
cassandra,3.0.0-alpha1,org.apache.cassandra.db,Mutation,merge,Complex Method,"designitejava,pmd,checkstyle",src/java/org/apache/cassandra/db/Mutation.java,src/java/org/apache/cassandra/db/Mutation.java.Mutation.merge.Complex Method,3.0.0-alpha1,5.0.0,5.0.0,19
cassandra,0.3.0-final,org.apache.cassandra.db,NamesFilter,filter,Complex Method,"designitejava,pmd,checkstyle",src/java/org/apache/cassandra/db/NamesFilter.java,src/java/org/apache/cassandra/db/NamesFilter.java.NamesFilter.filter.Complex Method,0.3.0-final,0.3.0-final,0.4.0-final,1
cassandra,4.0-alpha1,org.apache.cassandra.db,PartitionRangeReadCommand,create,Long Parameter List,"designitejava,checkstyle",src/java/org/apache/cassandra/db/PartitionRangeReadCommand.java,src/java/org/apache/cassandra/db/PartitionRangeReadCommand.java.PartitionRangeReadCommand.create.Long Parameter List,4.0-alpha1,5.0.0,5.0.0,6
cassandra,4.0-alpha1,org.apache.cassandra.db,PartitionRangeReadQuery,create,Long Parameter List,"designitejava,checkstyle",src/java/org/apache/cassandra/db/PartitionRangeReadQuery.java,src/java/org/apache/cassandra/db/PartitionRangeReadQuery.java.PartitionRangeReadQuery.create.Long Parameter List,4.0-alpha1,5.0.0,5.0.0,6
cassandra,2.0.0,org.apache.cassandra.db,RangeTombstoneList,,God Class,"pmd,checkstyle",src/java/org/apache/cassandra/db/RangeTombstoneList.java,src/java/org/apache/cassandra/db/RangeTombstoneList.java.RangeTombstoneList..God Class,2.0.0,5.0.0,5.0.0,24
cassandra,2.0.0,org.apache.cassandra.db,RangeTombstoneList,addAll,Complex Method,"designitejava,pmd",src/java/org/apache/cassandra/db/RangeTombstoneList.java,src/java/org/apache/cassandra/db/RangeTombstoneList.java.RangeTombstoneList.addAll.Complex Method,2.0.0,5.0.0,5.0.0,24
cassandra,2.2.0-beta1,org.apache.cassandra.db,RangeTombstoneList,diff,Complex Method,"designitejava,pmd,checkstyle",src/java/org/apache/cassandra/db/RangeTombstoneList.java,src/java/org/apache/cassandra/db/RangeTombstoneList.java.RangeTombstoneList.diff.Complex Method,2.2.0-beta1,2.2.0,3.0.0-alpha1,2
cassandra,2.1.0-deb,org.apache.cassandra.db,RangeTombstoneList,insertFrom,Complex Method,"designitejava,pmd,checkstyle",src/java/org/apache/cassandra/db/RangeTombstoneList.java,src/java/org/apache/cassandra/db/RangeTombstoneList.java.RangeTombstoneList.insertFrom.Complex Method,2.1.0-deb,5.0.0,5.0.0,23
cassandra,4.0.0,org.apache.cassandra.db,RepairedDataInfo,extend,Complex Method,"designitejava,pmd,checkstyle",src/java/org/apache/cassandra/db/RepairedDataInfo.java,src/java/org/apache/cassandra/db/RepairedDataInfo.java.RepairedDataInfo.extend.Complex Method,4.0.0,5.0.0,5.0.0,5
cassandra,4.0.0,org.apache.cassandra.db,RepairedDataInfo,withRepairedDataInfo,Complex Method,"designitejava,pmd,checkstyle",src/java/org/apache/cassandra/db/RepairedDataInfo.java,src/java/org/apache/cassandra/db/RepairedDataInfo.java.RepairedDataInfo.withRepairedDataInfo.Complex Method,4.0.0,5.0.0,5.0.0,5
cassandra,3.1,org.apache.cassandra.db,RowIndexEntry,create,Long Parameter List,"designitejava,checkstyle",src/java/org/apache/cassandra/db/RowIndexEntry.java,src/java/org/apache/cassandra/db/RowIndexEntry.java.RowIndexEntry.create.Long Parameter List,3.1,4.1.0,5.0-alpha1,15
cassandra,0.7.0,org.apache.cassandra.db,RowIteratorFactory,getIterator,Long Parameter List,"designitejava,checkstyle",src/java/org/apache/cassandra/db/RowIteratorFactory.java,src/java/org/apache/cassandra/db/RowIteratorFactory.java.RowIteratorFactory.getIterator.Long Parameter List,0.7.0,2.2.0,3.0.0-alpha1,16
cassandra,4.0-alpha1,org.apache.cassandra.db,SSTableImporter,importNewSSTables,Complex Method,"designitejava,pmd,checkstyle",src/java/org/apache/cassandra/db/SSTableImporter.java,src/java/org/apache/cassandra/db/SSTableImporter.java.SSTableImporter.importNewSSTables.Complex Method,4.0-alpha1,5.0.0,5.0.0,6
cassandra,3.0.0-alpha1,org.apache.cassandra.db,SinglePartitionNamesCommand,queryMemtableAndDiskInternal,Complex Method,"designitejava,pmd,checkstyle",src/java/org/apache/cassandra/db/SinglePartitionNamesCommand.java,src/java/org/apache/cassandra/db/SinglePartitionNamesCommand.java.SinglePartitionNamesCommand.queryMemtableAndDiskInternal.Complex Method,3.0.0-alpha1,3.0.0-alpha1,3.0.0,1
cassandra,3.0.0-alpha1,org.apache.cassandra.db,SinglePartitionNamesCommand,reduceFilter,Complex Method,"designitejava,pmd,checkstyle",src/java/org/apache/cassandra/db/SinglePartitionNamesCommand.java,src/java/org/apache/cassandra/db/SinglePartitionNamesCommand.java.SinglePartitionNamesCommand.reduceFilter.Complex Method,3.0.0-alpha1,3.0.0-alpha1,3.0.0,1
cassandra,3.0.0-alpha1,org.apache.cassandra.db,SinglePartitionReadCommand,create,Long Parameter List,"designitejava,checkstyle",src/java/org/apache/cassandra/db/SinglePartitionReadCommand.java,src/java/org/apache/cassandra/db/SinglePartitionReadCommand.java.SinglePartitionReadCommand.create.Long Parameter List,3.0.0-alpha1,5.0.0,5.0.0,19
cassandra,3.0.0-alpha1,org.apache.cassandra.db,SinglePartitionReadCommand,getThroughCache,Complex Method,"designitejava,pmd,checkstyle",src/java/org/apache/cassandra/db/SinglePartitionReadCommand.java,src/java/org/apache/cassandra/db/SinglePartitionReadCommand.java.SinglePartitionReadCommand.getThroughCache.Complex Method,3.0.0-alpha1,5.0.0,5.0.0,19
cassandra,3.0.0,org.apache.cassandra.db,SinglePartitionReadCommand,queryMemtableAndDiskInternal,Complex Method,"designitejava,pmd,checkstyle",src/java/org/apache/cassandra/db/SinglePartitionReadCommand.java,src/java/org/apache/cassandra/db/SinglePartitionReadCommand.java.SinglePartitionReadCommand.queryMemtableAndDiskInternal.Complex Method,3.0.0,5.0.0,5.0.0,18
cassandra,3.0.0,org.apache.cassandra.db,SinglePartitionReadCommand,queryMemtableAndSSTablesInTimestampOrder,Complex Method,"designitejava,pmd,checkstyle",src/java/org/apache/cassandra/db/SinglePartitionReadCommand.java,src/java/org/apache/cassandra/db/SinglePartitionReadCommand.java.SinglePartitionReadCommand.queryMemtableAndSSTablesInTimestampOrder.Complex Method,3.0.0,5.0.0,5.0.0,18
cassandra,3.0.0,org.apache.cassandra.db,SinglePartitionReadCommand,reduceFilter,Complex Method,"designitejava,pmd,checkstyle",src/java/org/apache/cassandra/db/SinglePartitionReadCommand.java,src/java/org/apache/cassandra/db/SinglePartitionReadCommand.java.SinglePartitionReadCommand.reduceFilter.Complex Method,3.0.0,5.0.0,5.0.0,18
cassandra,4.0-alpha1,org.apache.cassandra.db,SinglePartitionReadQuery,create,Long Parameter List,"designitejava,checkstyle",src/java/org/apache/cassandra/db/SinglePartitionReadQuery.java,src/java/org/apache/cassandra/db/SinglePartitionReadQuery.java.SinglePartitionReadQuery.create.Long Parameter List,4.0-alpha1,5.0.0,5.0.0,6
cassandra,4.0-alpha1,org.apache.cassandra.db,SinglePartitionReadQuery,createGroup,Long Parameter List,"designitejava,checkstyle",src/java/org/apache/cassandra/db/SinglePartitionReadQuery.java,src/java/org/apache/cassandra/db/SinglePartitionReadQuery.java.SinglePartitionReadQuery.createGroup.Long Parameter List,4.0-alpha1,5.0.0,5.0.0,6
cassandra,3.0.0-alpha1,org.apache.cassandra.db,SinglePartitionSliceCommand,queryMemtableAndDiskInternal,Complex Method,"designitejava,pmd,checkstyle",src/java/org/apache/cassandra/db/SinglePartitionSliceCommand.java,src/java/org/apache/cassandra/db/SinglePartitionSliceCommand.java.SinglePartitionSliceCommand.queryMemtableAndDiskInternal.Complex Method,3.0.0-alpha1,3.0.0-alpha1,3.0.0,1
cassandra,3.0.0-alpha1,org.apache.cassandra.db,Slice,forPaging,Complex Method,"pmd,checkstyle",src/java/org/apache/cassandra/db/Slice.java,src/java/org/apache/cassandra/db/Slice.java.Slice.forPaging.Complex Method,3.0.0-alpha1,5.0.0,5.0.0,19
cassandra,3.0.0-alpha1,org.apache.cassandra.db,Slice,intersects,Complex Method,"pmd,checkstyle",src/java/org/apache/cassandra/db/Slice.java,src/java/org/apache/cassandra/db/Slice.java.Slice.intersects.Complex Method,3.0.0-alpha1,3.11.0,4.0-alpha1,13
cassandra,3.1,org.apache.cassandra.db,StorageHook,makeRowIterator,Long Parameter List,"designitejava,checkstyle",src/java/org/apache/cassandra/db/StorageHook.java,src/java/org/apache/cassandra/db/StorageHook.java.StorageHook.makeRowIterator.Long Parameter List,3.1,5.0.0,5.0.0,17
cassandra,3.1,org.apache.cassandra.db,StorageHook,makeRowIteratorWithLowerBound,Long Parameter List,"designitejava,checkstyle",src/java/org/apache/cassandra/db/StorageHook.java,src/java/org/apache/cassandra/db/StorageHook.java.StorageHook.makeRowIteratorWithLowerBound.Long Parameter List,3.1,5.0.0,5.0.0,17
cassandra,2.0.0-beta1,org.apache.cassandra.db,SuperColumns,sliceFilterToSC,Complex Method,"designitejava,pmd,checkstyle",src/java/org/apache/cassandra/db/SuperColumns.java,src/java/org/apache/cassandra/db/SuperColumns.java.SuperColumns.sliceFilterToSC.Complex Method,2.0.0-beta1,2.0.0,2.1.0-deb,2
cassandra,2.0.0-beta1,org.apache.cassandra.db,SystemKeyspace,,God Class,"pmd,checkstyle",src/java/org/apache/cassandra/db/SystemKeyspace.java,src/java/org/apache/cassandra/db/SystemKeyspace.java.SystemKeyspace..God Class,2.0.0-beta1,5.0.0,5.0.0,25
cassandra,5.0.0,org.apache.cassandra.db,SystemKeyspace,loadPaxosState,Complex Method,"designitejava,checkstyle",src/java/org/apache/cassandra/db/SystemKeyspace.java,src/java/org/apache/cassandra/db/SystemKeyspace.java.SystemKeyspace.loadPaxosState.Complex Method,5.0.0,5.0.0,5.0.0,1
cassandra,2.1.0-deb,org.apache.cassandra.db,SystemKeyspace,updateCompactionHistory,Long Parameter List,"designitejava,checkstyle",src/java/org/apache/cassandra/db/SystemKeyspace.java,src/java/org/apache/cassandra/db/SystemKeyspace.java.SystemKeyspace.updateCompactionHistory.Long Parameter List,2.1.0-deb,5.0.0,5.0.0,23
cassandra,4.0-alpha1,org.apache.cassandra.db,SystemKeyspaceMigrator40,migratePeers,Complex Method,"pmd,checkstyle",src/java/org/apache/cassandra/db/SystemKeyspaceMigrator40.java,src/java/org/apache/cassandra/db/SystemKeyspaceMigrator40.java.SystemKeyspaceMigrator40.migratePeers.Complex Method,4.0-alpha1,4.0.0,4.1-alpha1,2
cassandra,0.3.0-final,org.apache.cassandra.db,Table,,God Class,"pmd,checkstyle",src/java/org/apache/cassandra/db/Table.java,src/java/org/apache/cassandra/db/Table.java.Table..God Class,0.3.0-final,1.2.0,2.0.0-beta1,17
cassandra,0.7.0,org.apache.cassandra.db,Table,apply,Complex Method,"designitejava,pmd,checkstyle",src/java/org/apache/cassandra/db/Table.java,src/java/org/apache/cassandra/db/Table.java.Table.apply.Complex Method,0.7.0,1.1.0,1.2.0-beta1,8
cassandra,0.7.0,org.apache.cassandra.db,Table,applyIndexUpdates,Complex Method,"designitejava,pmd,checkstyle",src/java/org/apache/cassandra/db/Table.java,src/java/org/apache/cassandra/db/Table.java.Table.applyIndexUpdates.Complex Method,0.7.0,0.8.0,1.0.0-beta1,4
cassandra,0.3.0-final,org.apache.cassandra.db,Table,getKeyRangeUnsafe,Complex Method,"designitejava,pmd,checkstyle",src/java/org/apache/cassandra/db/Table.java,src/java/org/apache/cassandra/db/Table.java.Table.getKeyRangeUnsafe.Complex Method,0.3.0-final,0.3.0-final,0.4.0-final,1
cassandra,0.7.6-2,org.apache.cassandra.db,Table,ignoreObsoleteMutations,Complex Method,"pmd,checkstyle",src/java/org/apache/cassandra/db/Table.java,src/java/org/apache/cassandra/db/Table.java.Table.ignoreObsoleteMutations.Complex Method,0.7.6-2,1.1.0,1.2.0-beta1,7
cassandra,4.0-alpha1,org.apache.cassandra.db,TableCQLHelper,getTableMetadataAsCQL,Complex Method,"designitejava,pmd,checkstyle",src/java/org/apache/cassandra/db/TableCQLHelper.java,src/java/org/apache/cassandra/db/TableCQLHelper.java.TableCQLHelper.getTableMetadataAsCQL.Complex Method,4.0-alpha1,4.0-alpha1,4.0.0,1
cassandra,0.3.0-final,org.apache.cassandra.db,TimeFilter,filter,Complex Method,"designitejava,pmd,checkstyle",src/java/org/apache/cassandra/db/TimeFilter.java,src/java/org/apache/cassandra/db/TimeFilter.java.TimeFilter.filter.Complex Method,0.3.0-final,0.3.0-final,0.4.0-final,1
cassandra,3.0.0-alpha1,org.apache.cassandra.db,UnfilteredDeserializer,create,Long Parameter List,"designitejava,checkstyle",src/java/org/apache/cassandra/db/UnfilteredDeserializer.java,src/java/org/apache/cassandra/db/UnfilteredDeserializer.java.UnfilteredDeserializer.create.Long Parameter List,3.0.0-alpha1,3.11.0,4.0-alpha1,13
cassandra,4.0-alpha1,org.apache.cassandra.db,VirtualTablePartitionRangeReadQuery,create,Long Parameter List,"designitejava,checkstyle",src/java/org/apache/cassandra/db/VirtualTablePartitionRangeReadQuery.java,src/java/org/apache/cassandra/db/VirtualTablePartitionRangeReadQuery.java.VirtualTablePartitionRangeReadQuery.create.Long Parameter List,4.0-alpha1,4.0.0,4.1-alpha1,2
cassandra,4.0-alpha1,org.apache.cassandra.db,VirtualTableSinglePartitionReadQuery,create,Long Parameter List,"designitejava,checkstyle",src/java/org/apache/cassandra/db/VirtualTableSinglePartitionReadQuery.java,src/java/org/apache/cassandra/db/VirtualTableSinglePartitionReadQuery.java.VirtualTableSinglePartitionReadQuery.create.Long Parameter List,4.0-alpha1,4.0.0,4.1-alpha1,2
cassandra,3.0.0-alpha1,org.apache.cassandra.db.columniterator,AbstractSSTableIterator,readStaticRow,Long Parameter List,"designitejava,checkstyle",src/java/org/apache/cassandra/db/columniterator/AbstractSSTableIterator.java,src/java/org/apache/cassandra/db/columniterator/AbstractSSTableIterator.java.AbstractSSTableIterator.readStaticRow.Long Parameter List,3.0.0-alpha1,3.11.0,4.0-alpha1,13
cassandra,1.2.0-beta1,org.apache.cassandra.db.columniterator,SSTableNamesIterator,read,Complex Method,"designitejava,pmd,checkstyle",src/java/org/apache/cassandra/db/columniterator/SSTableNamesIterator.java,src/java/org/apache/cassandra/db/columniterator/SSTableNamesIterator.java.SSTableNamesIterator.read.Complex Method,1.2.0-beta1,1.2.0,2.0.0-beta1,2
cassandra,1.2.0-beta1,org.apache.cassandra.db.columniterator,SSTableNamesIterator,readIndexedColumns,Complex Method,"designitejava,pmd,checkstyle",src/java/org/apache/cassandra/db/columniterator/SSTableNamesIterator.java,src/java/org/apache/cassandra/db/columniterator/SSTableNamesIterator.java.SSTableNamesIterator.readIndexedColumns.Complex Method,1.2.0-beta1,2.1.0,2.2.0-beta1,6
cassandra,0.7.0,org.apache.cassandra.db.columniterator,SSTableNamesIterator,readIndexedColumns,Feature Envy,"designitejava,checkstyle",src/java/org/apache/cassandra/db/columniterator/SSTableNamesIterator.java,src/java/org/apache/cassandra/db/columniterator/SSTableNamesIterator.java.SSTableNamesIterator.readIndexedColumns.Feature Envy,0.7.0,1.1.0,1.2.0-beta1,8
cassandra,3.8,org.apache.cassandra.db.commitlog,AbstractCommitLogSegmentManager,advanceAllocatingFrom,Complex Method,"designitejava,pmd",src/java/org/apache/cassandra/db/commitlog/AbstractCommitLogSegmentManager.java,src/java/org/apache/cassandra/db/commitlog/AbstractCommitLogSegmentManager.java.AbstractCommitLogSegmentManager.advanceAllocatingFrom.Complex Method,3.8,3.9,3.10,2
cassandra,2.2.0-beta1,org.apache.cassandra.db.commitlog,AbstractCommitLogService,start,Complex Method,"designitejava,pmd",src/java/org/apache/cassandra/db/commitlog/AbstractCommitLogService.java,src/java/org/apache/cassandra/db/commitlog/AbstractCommitLogService.java.AbstractCommitLogService.start.Complex Method,2.2.0-beta1,3.11.0,4.0-alpha1,15
cassandra,0.6.0-beta1,org.apache.cassandra.db.commitlog,CommitLog,recover,Complex Method,"designitejava,pmd,checkstyle",src/java/org/apache/cassandra/db/commitlog/CommitLog.java,src/java/org/apache/cassandra/db/commitlog/CommitLog.java.CommitLog.recover.Complex Method,0.6.0-beta1,1.1.0,1.2.0-beta1,10
cassandra,2.1.0-deb,org.apache.cassandra.db.commitlog,CommitLogArchiver,maybeRestoreArchive,Complex Method,"designitejava,pmd,checkstyle",src/java/org/apache/cassandra/db/commitlog/CommitLogArchiver.java,src/java/org/apache/cassandra/db/commitlog/CommitLogArchiver.java.CommitLogArchiver.maybeRestoreArchive.Complex Method,2.1.0-deb,5.0.0,5.0.0,23
cassandra,3.1,org.apache.cassandra.db.commitlog,CommitLogReader,readCommitLogSegment,Complex Method,"designitejava,pmd,checkstyle",src/java/org/apache/cassandra/db/commitlog/CommitLogReader.java,src/java/org/apache/cassandra/db/commitlog/CommitLogReader.java.CommitLogReader.readCommitLogSegment.Complex Method,3.1,5.0.0,5.0.0,17
cassandra,3.1,org.apache.cassandra.db.commitlog,CommitLogReader,readMutation,Long Parameter List,"designitejava,checkstyle",src/java/org/apache/cassandra/db/commitlog/CommitLogReader.java,src/java/org/apache/cassandra/db/commitlog/CommitLogReader.java.CommitLogReader.readMutation.Long Parameter List,3.1,5.0.0,5.0.0,17
cassandra,3.1,org.apache.cassandra.db.commitlog,CommitLogReader,readSection,Complex Method,"designitejava,pmd,checkstyle",src/java/org/apache/cassandra/db/commitlog/CommitLogReader.java,src/java/org/apache/cassandra/db/commitlog/CommitLogReader.java.CommitLogReader.readSection.Complex Method,3.1,5.0.0,5.0.0,17
cassandra,3.1,org.apache.cassandra.db.commitlog,CommitLogReader,readSection,Long Parameter List,"designitejava,checkstyle",src/java/org/apache/cassandra/db/commitlog/CommitLogReader.java,src/java/org/apache/cassandra/db/commitlog/CommitLogReader.java.CommitLogReader.readSection.Long Parameter List,3.1,5.0.0,5.0.0,17
cassandra,4.1-alpha1,org.apache.cassandra.db.commitlog,CommitLogReplayer,construct,Complex Method,"designitejava,pmd",src/java/org/apache/cassandra/db/commitlog/CommitLogReplayer.java,src/java/org/apache/cassandra/db/commitlog/CommitLogReplayer.java.CommitLogReplayer.construct.Complex Method,4.1-alpha1,5.0.0,5.0.0,4
cassandra,1.2.0-beta1,org.apache.cassandra.db.commitlog,CommitLogReplayer,recover,Complex Method,"designitejava,pmd,checkstyle",src/java/org/apache/cassandra/db/commitlog/CommitLogReplayer.java,src/java/org/apache/cassandra/db/commitlog/CommitLogReplayer.java.CommitLogReplayer.recover.Complex Method,1.2.0-beta1,3.7,3.8,17
cassandra,2.2.0-beta1,org.apache.cassandra.db.commitlog,CommitLogReplayer,replayMutation,Complex Method,"designitejava,pmd",src/java/org/apache/cassandra/db/commitlog/CommitLogReplayer.java,src/java/org/apache/cassandra/db/commitlog/CommitLogReplayer.java.CommitLogReplayer.replayMutation.Complex Method,2.2.0-beta1,3.7,3.8,11
cassandra,2.2.0-beta1,org.apache.cassandra.db.commitlog,CommitLogReplayer,replaySyncSection,Complex Method,"designitejava,pmd,checkstyle",src/java/org/apache/cassandra/db/commitlog/CommitLogReplayer.java,src/java/org/apache/cassandra/db/commitlog/CommitLogReplayer.java.CommitLogReplayer.replaySyncSection.Complex Method,2.2.0-beta1,3.7,3.8,11
cassandra,4.0-alpha1,org.apache.cassandra.db.commitlog,CommitLogSegment,sync,Complex Method,"designitejava,pmd,checkstyle",src/java/org/apache/cassandra/db/commitlog/CommitLogSegment.java,src/java/org/apache/cassandra/db/commitlog/CommitLogSegment.java.CommitLogSegment.sync.Complex Method,4.0-alpha1,5.0.0,5.0.0,6
cassandra,2.1.0-deb,org.apache.cassandra.db.commitlog,CommitLogSegmentManager,advanceAllocatingFrom,Complex Method,"designitejava,pmd",src/java/org/apache/cassandra/db/commitlog/CommitLogSegmentManager.java,src/java/org/apache/cassandra/db/commitlog/CommitLogSegmentManager.java.CommitLogSegmentManager.advanceAllocatingFrom.Complex Method,2.1.0-deb,3.7,3.8,13
cassandra,2.1.0-deb,org.apache.cassandra.db.commitlog,CommitLogSegmentManager,forceRecycleAll,Complex Method,"designitejava,checkstyle",src/java/org/apache/cassandra/db/commitlog/CommitLogSegmentManager.java,src/java/org/apache/cassandra/db/commitlog/CommitLogSegmentManager.java.CommitLogSegmentManager.forceRecycleAll.Complex Method,2.1.0-deb,3.1,3.2,7
cassandra,2.1.0-deb,org.apache.cassandra.db.commitlog,CommitLogSegmentManager,runMayThrow,Complex Method,"designitejava,pmd",src/java/org/apache/cassandra/db/commitlog/CommitLogSegmentManager.java,src/java/org/apache/cassandra/db/commitlog/CommitLogSegmentManager.java.CommitLogSegmentManager.runMayThrow.Complex Method,2.1.0-deb,3.7,3.8,13
cassandra,2.2.0-beta1,org.apache.cassandra.db.commitlog,CommitLogSegmentManager,start,Complex Method,"designitejava,pmd",src/java/org/apache/cassandra/db/commitlog/CommitLogSegmentManager.java,src/java/org/apache/cassandra/db/commitlog/CommitLogSegmentManager.java.CommitLogSegmentManager.start.Complex Method,2.2.0-beta1,3.7,3.8,11
cassandra,3.0.0,org.apache.cassandra.db.compaction,AbstractCompactionStrategy,createSSTableMultiWriter,Long Parameter List,"designitejava,checkstyle",src/java/org/apache/cassandra/db/compaction/AbstractCompactionStrategy.java,src/java/org/apache/cassandra/db/compaction/AbstractCompactionStrategy.java.AbstractCompactionStrategy.createSSTableMultiWriter.Long Parameter List,3.0.0,5.0.0,5.0.0,18
cassandra,2.1.0-deb,org.apache.cassandra.db.compaction,AbstractCompactionStrategy,validateOptions,Complex Method,"designitejava,pmd,checkstyle",src/java/org/apache/cassandra/db/compaction/AbstractCompactionStrategy.java,src/java/org/apache/cassandra/db/compaction/AbstractCompactionStrategy.java.AbstractCompactionStrategy.validateOptions.Complex Method,2.1.0-deb,5.0.0,5.0.0,23
cassandra,4.0-alpha1,org.apache.cassandra.db.compaction,AbstractStrategyHolder,createSSTableMultiWriter,Long Parameter List,"designitejava,checkstyle",src/java/org/apache/cassandra/db/compaction/AbstractStrategyHolder.java,src/java/org/apache/cassandra/db/compaction/AbstractStrategyHolder.java.AbstractStrategyHolder.createSSTableMultiWriter.Long Parameter List,4.0-alpha1,5.0.0,5.0.0,6
cassandra,4.0-alpha1,org.apache.cassandra.db.compaction,CompactionInfo,withoutSSTables,Long Parameter List,"designitejava,checkstyle",src/java/org/apache/cassandra/db/compaction/CompactionInfo.java,src/java/org/apache/cassandra/db/compaction/CompactionInfo.java.CompactionInfo.withoutSSTables.Long Parameter List,4.0-alpha1,5.0.0,5.0.0,6
cassandra,1.0.0-beta1,org.apache.cassandra.db.compaction,CompactionManager,,God Class,"pmd,checkstyle",src/java/org/apache/cassandra/db/compaction/CompactionManager.java,src/java/org/apache/cassandra/db/compaction/CompactionManager.java.CompactionManager..God Class,1.0.0-beta1,5.0.0,5.0.0,31
cassandra,4.0-alpha1,org.apache.cassandra.db.compaction,CompactionManager,antiCompactGroup,Complex Method,"designitejava,pmd,checkstyle",src/java/org/apache/cassandra/db/compaction/CompactionManager.java,src/java/org/apache/cassandra/db/compaction/CompactionManager.java.CompactionManager.antiCompactGroup.Complex Method,4.0-alpha1,5.0.0,5.0.0,6
cassandra,1.0.0-beta1,org.apache.cassandra.db.compaction,CompactionManager,doCleanupCompaction,Complex Method,"designitejava,pmd,checkstyle",src/java/org/apache/cassandra/db/compaction/CompactionManager.java,src/java/org/apache/cassandra/db/compaction/CompactionManager.java.CompactionManager.doCleanupCompaction.Complex Method,1.0.0-beta1,2.0.0,2.1.0-deb,8
cassandra,2.1.0-deb,org.apache.cassandra.db.compaction,CompactionManager,doCleanupOne,Complex Method,"designitejava,pmd,checkstyle",src/java/org/apache/cassandra/db/compaction/CompactionManager.java,src/java/org/apache/cassandra/db/compaction/CompactionManager.java.CompactionManager.doCleanupOne.Complex Method,2.1.0-deb,5.0.0,5.0.0,23
cassandra,4.0-alpha1,org.apache.cassandra.db.compaction,CompactionManager,getAntiCompactionIterator,Long Parameter List,"designitejava,checkstyle",src/java/org/apache/cassandra/db/compaction/CompactionManager.java,src/java/org/apache/cassandra/db/compaction/CompactionManager.java.CompactionManager.getAntiCompactionIterator.Long Parameter List,4.0-alpha1,5.0.0,5.0.0,6
cassandra,4.0-alpha1,org.apache.cassandra.db.compaction,CompactionManager,mutateFullyContainedSSTables,Long Parameter List,"designitejava,checkstyle",src/java/org/apache/cassandra/db/compaction/CompactionManager.java,src/java/org/apache/cassandra/db/compaction/CompactionManager.java.CompactionManager.mutateFullyContainedSSTables.Long Parameter List,4.0-alpha1,5.0.0,5.0.0,6
cassandra,3.1,org.apache.cassandra.db.compaction,CompactionManager,performAnticompaction,Complex Method,"designitejava,pmd",src/java/org/apache/cassandra/db/compaction/CompactionManager.java,src/java/org/apache/cassandra/db/compaction/CompactionManager.java.CompactionManager.performAnticompaction.Complex Method,3.1,3.11.0,4.0-alpha1,11
cassandra,3.1,org.apache.cassandra.db.compaction,CompactionManager,relocateSSTables,Complex Method,"designitejava,pmd",src/java/org/apache/cassandra/db/compaction/CompactionManager.java,src/java/org/apache/cassandra/db/compaction/CompactionManager.java.CompactionManager.relocateSSTables.Complex Method,3.1,5.0.0,5.0.0,17
cassandra,1.0.0-beta1,org.apache.cassandra.db.compaction,CompactionManager,scrubOne,Complex Method,"designitejava,pmd,checkstyle",src/java/org/apache/cassandra/db/compaction/CompactionManager.java,src/java/org/apache/cassandra/db/compaction/CompactionManager.java.CompactionManager.scrubOne.Complex Method,1.0.0-beta1,1.1.0,1.2.0-beta1,4
cassandra,4.0-alpha1,org.apache.cassandra.db.compaction,CompactionManager,submitPendingAntiCompaction,Long Parameter List,"designitejava,checkstyle",src/java/org/apache/cassandra/db/compaction/CompactionManager.java,src/java/org/apache/cassandra/db/compaction/CompactionManager.java.CompactionManager.submitPendingAntiCompaction.Long Parameter List,4.0-alpha1,5.0.0,5.0.0,6
cassandra,4.0-alpha1,org.apache.cassandra.db.compaction,CompactionStrategyHolder,createSSTableMultiWriter,Long Parameter List,"designitejava,checkstyle",src/java/org/apache/cassandra/db/compaction/CompactionStrategyHolder.java,src/java/org/apache/cassandra/db/compaction/CompactionStrategyHolder.java.CompactionStrategyHolder.createSSTableMultiWriter.Long Parameter List,4.0-alpha1,5.0.0,5.0.0,6
cassandra,3.0.0-alpha1,org.apache.cassandra.db.compaction,CompactionStrategyManager,,God Class,"pmd,checkstyle",src/java/org/apache/cassandra/db/compaction/CompactionStrategyManager.java,src/java/org/apache/cassandra/db/compaction/CompactionStrategyManager.java.CompactionStrategyManager..God Class,3.0.0-alpha1,5.0.0,5.0.0,19
cassandra,3.0.0,org.apache.cassandra.db.compaction,CompactionStrategyManager,createSSTableMultiWriter,Long Parameter List,"designitejava,checkstyle",src/java/org/apache/cassandra/db/compaction/CompactionStrategyManager.java,src/java/org/apache/cassandra/db/compaction/CompactionStrategyManager.java.CompactionStrategyManager.createSSTableMultiWriter.Long Parameter List,3.0.0,5.0.0,5.0.0,18
cassandra,3.1,org.apache.cassandra.db.compaction,CompactionStrategyManager,handleListChangedNotification,Complex Method,"designitejava,pmd",src/java/org/apache/cassandra/db/compaction/CompactionStrategyManager.java,src/java/org/apache/cassandra/db/compaction/CompactionStrategyManager.java.CompactionStrategyManager.handleListChangedNotification.Complex Method,3.1,3.11.0,4.0-alpha1,11
cassandra,3.0.0-alpha1,org.apache.cassandra.db.compaction,CompactionStrategyManager,handleNotification,Complex Method,"designitejava,pmd,checkstyle",src/java/org/apache/cassandra/db/compaction/CompactionStrategyManager.java,src/java/org/apache/cassandra/db/compaction/CompactionStrategyManager.java.CompactionStrategyManager.handleNotification.Complex Method,3.0.0-alpha1,3.5,3.6,7
cassandra,5.0-alpha1,org.apache.cassandra.db.compaction,CompactionTask,buildCompactionCandidatesForAvailableDiskSpace,Complex Method,"designitejava,pmd,checkstyle",src/java/org/apache/cassandra/db/compaction/CompactionTask.java,src/java/org/apache/cassandra/db/compaction/CompactionTask.java.CompactionTask.buildCompactionCandidatesForAvailableDiskSpace.Complex Method,5.0-alpha1,5.0.0,5.0.0,2
cassandra,1.0.0-beta1,org.apache.cassandra.db.compaction,CompactionTask,execute,Complex Method,"designitejava,pmd,checkstyle",src/java/org/apache/cassandra/db/compaction/CompactionTask.java,src/java/org/apache/cassandra/db/compaction/CompactionTask.java.CompactionTask.execute.Complex Method,1.0.0-beta1,1.1.0,1.2.0-beta1,4
cassandra,2.2.0-beta1,org.apache.cassandra.db.compaction,CompactionTask,runMayThrow,Complex Method,"designitejava,pmd,checkstyle",src/java/org/apache/cassandra/db/compaction/CompactionTask.java,src/java/org/apache/cassandra/db/compaction/CompactionTask.java.CompactionTask.runMayThrow.Complex Method,2.2.0-beta1,5.0.0,5.0.0,21
cassandra,1.2.0-beta1,org.apache.cassandra.db.compaction,CompactionTask,runWith,Complex Method,"designitejava,pmd,checkstyle",src/java/org/apache/cassandra/db/compaction/CompactionTask.java,src/java/org/apache/cassandra/db/compaction/CompactionTask.java.CompactionTask.runWith.Complex Method,1.2.0-beta1,2.1.0,2.2.0-beta1,6
cassandra,1.2.0-beta1,org.apache.cassandra.db.compaction,LeveledManifest,getCandidatesFor,Complex Method,"designitejava,pmd,checkstyle",src/java/org/apache/cassandra/db/compaction/LeveledManifest.java,src/java/org/apache/cassandra/db/compaction/LeveledManifest.java.LeveledManifest.getCandidatesFor.Complex Method,1.2.0-beta1,5.0.0,5.0.0,27
cassandra,2.0.0-beta1,org.apache.cassandra.db.compaction,LeveledManifest,getCompactionCandidates,Complex Method,"designitejava,pmd",src/java/org/apache/cassandra/db/compaction/LeveledManifest.java,src/java/org/apache/cassandra/db/compaction/LeveledManifest.java.LeveledManifest.getCompactionCandidates.Complex Method,2.0.0-beta1,5.0.0,5.0.0,25
cassandra,2.1.0-deb,org.apache.cassandra.db.compaction,LeveledManifest,getOverlappingStarvedSSTables,Complex Method,"designitejava,pmd,checkstyle",src/java/org/apache/cassandra/db/compaction/LeveledManifest.java,src/java/org/apache/cassandra/db/compaction/LeveledManifest.java.LeveledManifest.getOverlappingStarvedSSTables.Complex Method,2.1.0-deb,5.0.0,5.0.0,23
cassandra,1.2.0-beta1,org.apache.cassandra.db.compaction,LeveledManifest,promote,Complex Method,"designitejava,checkstyle",src/java/org/apache/cassandra/db/compaction/LeveledManifest.java,src/java/org/apache/cassandra/db/compaction/LeveledManifest.java.LeveledManifest.promote.Complex Method,1.2.0-beta1,1.2.0,2.0.0-beta1,2
cassandra,4.0-alpha1,org.apache.cassandra.db.compaction,PendingRepairHolder,createSSTableMultiWriter,Long Parameter List,"designitejava,checkstyle",src/java/org/apache/cassandra/db/compaction/PendingRepairHolder.java,src/java/org/apache/cassandra/db/compaction/PendingRepairHolder.java.PendingRepairHolder.createSSTableMultiWriter.Long Parameter List,4.0-alpha1,5.0.0,5.0.0,6
cassandra,1.2.0-beta1,org.apache.cassandra.db.compaction,Scrubber,scrub,Complex Method,"designitejava,pmd,checkstyle",src/java/org/apache/cassandra/db/compaction/Scrubber.java,src/java/org/apache/cassandra/db/compaction/Scrubber.java.Scrubber.scrub.Complex Method,1.2.0-beta1,4.1.0,5.0-alpha1,25
cassandra,4.0.0,org.apache.cassandra.db.compaction,TimeWindowCompactionStrategy,newestBucket,Complex Method,"pmd,checkstyle",src/java/org/apache/cassandra/db/compaction/TimeWindowCompactionStrategy.java,src/java/org/apache/cassandra/db/compaction/TimeWindowCompactionStrategy.java.TimeWindowCompactionStrategy.newestBucket.Complex Method,4.0.0,5.0.0,5.0.0,5
cassandra,5.0-alpha1,org.apache.cassandra.db.compaction,UnifiedCompactionStrategy,createSSTableMultiWriter,Long Parameter List,"designitejava,checkstyle",src/java/org/apache/cassandra/db/compaction/UnifiedCompactionStrategy.java,src/java/org/apache/cassandra/db/compaction/UnifiedCompactionStrategy.java.UnifiedCompactionStrategy.createSSTableMultiWriter.Long Parameter List,5.0-alpha1,5.0.0,5.0.0,2
cassandra,2.2.0-beta1,org.apache.cassandra.db.compaction,Verifier,verify,Complex Method,"designitejava,pmd,checkstyle",src/java/org/apache/cassandra/db/compaction/Verifier.java,src/java/org/apache/cassandra/db/compaction/Verifier.java.Verifier.verify.Complex Method,2.2.0-beta1,4.1.0,5.0-alpha1,19
cassandra,2.2.0-beta1,org.apache.cassandra.db.compaction,WrappingCompactionStrategy,handleNotification,Complex Method,"designitejava,pmd,checkstyle",src/java/org/apache/cassandra/db/compaction/WrappingCompactionStrategy.java,src/java/org/apache/cassandra/db/compaction/WrappingCompactionStrategy.java.WrappingCompactionStrategy.handleNotification.Complex Method,2.2.0-beta1,2.2.0,3.0.0-alpha1,2
cassandra,5.0.0,org.apache.cassandra.db.compaction.unified,Controller,getNumShards,Complex Method,"designitejava,pmd,checkstyle",src/java/org/apache/cassandra/db/compaction/unified/Controller.java,src/java/org/apache/cassandra/db/compaction/unified/Controller.java.Controller.getNumShards.Complex Method,5.0.0,5.0.0,5.0.0,1
cassandra,5.0-alpha1,org.apache.cassandra.db.compaction.unified,Controller,validateOptions,Complex Method,"designitejava,pmd,checkstyle",src/java/org/apache/cassandra/db/compaction/unified/Controller.java,src/java/org/apache/cassandra/db/compaction/unified/Controller.java.Controller.validateOptions.Complex Method,5.0-alpha1,5.0.0,5.0.0,2
cassandra,2.1.0-deb,org.apache.cassandra.db.composites,AbstractCType,compare,Complex Method,"designitejava,pmd,checkstyle",src/java/org/apache/cassandra/db/composites/AbstractCType.java,src/java/org/apache/cassandra/db/composites/AbstractCType.java.AbstractCType.compare.Complex Method,2.1.0-deb,2.2.0,3.0.0-alpha1,4
cassandra,2.2.0-beta1,org.apache.cassandra.db.composites,CompositesBuilder,addAllElementsToAll,Complex Method,"designitejava,pmd",src/java/org/apache/cassandra/db/composites/CompositesBuilder.java,src/java/org/apache/cassandra/db/composites/CompositesBuilder.java.CompositesBuilder.addAllElementsToAll.Complex Method,2.2.0-beta1,2.2.0,3.0.0-alpha1,2
cassandra,0.8.0-beta1,org.apache.cassandra.db.context,CounterContext,,God Class,"pmd,checkstyle",src/java/org/apache/cassandra/db/context/CounterContext.java,src/java/org/apache/cassandra/db/context/CounterContext.java.CounterContext..God Class,0.8.0-beta1,5.0.0,5.0.0,33
cassandra,2.1.0-deb,org.apache.cassandra.db.context,CounterContext,compare,Complex Method,"designitejava,pmd,checkstyle",src/java/org/apache/cassandra/db/context/CounterContext.java,src/java/org/apache/cassandra/db/context/CounterContext.java.CounterContext.compare.Complex Method,2.1.0-deb,5.0.0,5.0.0,23
cassandra,0.8.0-beta1,org.apache.cassandra.db.context,CounterContext,computeOldShardMerger,Complex Method,"designitejava,pmd,checkstyle",src/java/org/apache/cassandra/db/context/CounterContext.java,src/java/org/apache/cassandra/db/context/CounterContext.java.CounterContext.computeOldShardMerger.Complex Method,0.8.0-beta1,2.0.0,2.1.0-deb,10
cassandra,0.8.0-beta1,org.apache.cassandra.db.context,CounterContext,diff,Complex Method,"designitejava,pmd,checkstyle",src/java/org/apache/cassandra/db/context/CounterContext.java,src/java/org/apache/cassandra/db/context/CounterContext.java.CounterContext.diff.Complex Method,0.8.0-beta1,5.0.0,5.0.0,33
cassandra,0.8.0-beta1,org.apache.cassandra.db.context,CounterContext,merge,Complex Method,"designitejava,pmd,checkstyle",src/java/org/apache/cassandra/db/context/CounterContext.java,src/java/org/apache/cassandra/db/context/CounterContext.java.CounterContext.merge.Complex Method,0.8.0-beta1,5.0.0,5.0.0,33
cassandra,1.0.0-beta1,org.apache.cassandra.db.context,CounterContext,removeOldShards,Complex Method,"designitejava,pmd,checkstyle",src/java/org/apache/cassandra/db/context/CounterContext.java,src/java/org/apache/cassandra/db/context/CounterContext.java.CounterContext.removeOldShards.Complex Method,1.0.0-beta1,2.0.0,2.1.0-deb,8
cassandra,4.1-alpha1,org.apache.cassandra.db.filter,ClusteringIndexNamesFilter,toCQLString,Complex Method,"pmd,checkstyle",src/java/org/apache/cassandra/db/filter/ClusteringIndexNamesFilter.java,src/java/org/apache/cassandra/db/filter/ClusteringIndexNamesFilter.java.ClusteringIndexNamesFilter.toCQLString.Complex Method,4.1-alpha1,5.0.0,5.0.0,4
cassandra,2.1.0-deb,org.apache.cassandra.db.filter,ColumnSlice,intersects,Complex Method,"pmd,checkstyle",src/java/org/apache/cassandra/db/filter/ColumnSlice.java,src/java/org/apache/cassandra/db/filter/ColumnSlice.java.ColumnSlice.intersects.Complex Method,2.1.0-deb,2.2.0,3.0.0-alpha1,4
cassandra,2.2.0-beta1,org.apache.cassandra.db.filter,ColumnSlice,validateSlices,Complex Method,"pmd,checkstyle",src/java/org/apache/cassandra/db/filter/ColumnSlice.java,src/java/org/apache/cassandra/db/filter/ColumnSlice.java.ColumnSlice.validateSlices.Complex Method,2.2.0-beta1,2.2.0,3.0.0-alpha1,2
cassandra,0.7.0,org.apache.cassandra.db.filter,QueryFilter,getSliceFilter,Long Parameter List,"designitejava,checkstyle",src/java/org/apache/cassandra/db/filter/QueryFilter.java,src/java/org/apache/cassandra/db/filter/QueryFilter.java.QueryFilter.getSliceFilter.Long Parameter List,0.7.0,2.2.0,3.0.0-alpha1,16
cassandra,0.4.0-final,org.apache.cassandra.db.filter,SSTableNamesIterator,SSTableNamesIterator,Complex Method,"designitejava,checkstyle",src/java/org/apache/cassandra/db/filter/SSTableNamesIterator.java,src/java/org/apache/cassandra/db/filter/SSTableNamesIterator.java.SSTableNamesIterator.SSTableNamesIterator.Complex Method,0.4.0-final,0.6.0,0.7.0,6
cassandra,0.4.0-final,org.apache.cassandra.db.filter,SliceQueryFilter,collectReducedColumns,Complex Method,"pmd,checkstyle",src/java/org/apache/cassandra/db/filter/SliceQueryFilter.java,src/java/org/apache/cassandra/db/filter/SliceQueryFilter.java.SliceQueryFilter.collectReducedColumns.Complex Method,0.4.0-final,2.2.0,3.0.0-alpha1,22
cassandra,2.2.0,org.apache.cassandra.db.filter,SliceQueryFilter,withUpdatedStart,Complex Method,"pmd,checkstyle",src/java/org/apache/cassandra/db/filter/SliceQueryFilter.java,src/java/org/apache/cassandra/db/filter/SliceQueryFilter.java.SliceQueryFilter.withUpdatedStart.Complex Method,2.2.0,2.2.0,3.0.0-alpha1,1
cassandra,3.0.0-alpha1,org.apache.cassandra.db.index,AbstractSimplePerColumnSecondaryIndex,delete,Long Parameter List,"designitejava,checkstyle",src/java/org/apache/cassandra/db/index/AbstractSimplePerColumnSecondaryIndex.java,src/java/org/apache/cassandra/db/index/AbstractSimplePerColumnSecondaryIndex.java.AbstractSimplePerColumnSecondaryIndex.delete.Long Parameter List,3.0.0-alpha1,3.0.0-alpha1,3.0.0,1
cassandra,3.0.0-alpha1,org.apache.cassandra.db.index,AbstractSimplePerColumnSecondaryIndex,update,Long Parameter List,"designitejava,checkstyle",src/java/org/apache/cassandra/db/index/AbstractSimplePerColumnSecondaryIndex.java,src/java/org/apache/cassandra/db/index/AbstractSimplePerColumnSecondaryIndex.java.AbstractSimplePerColumnSecondaryIndex.update.Long Parameter List,3.0.0-alpha1,3.0.0-alpha1,3.0.0,1
cassandra,3.0.0-alpha1,org.apache.cassandra.db.index,PerColumnSecondaryIndex,maybeIndex,Long Parameter List,"designitejava,checkstyle",src/java/org/apache/cassandra/db/index/PerColumnSecondaryIndex.java,src/java/org/apache/cassandra/db/index/PerColumnSecondaryIndex.java.PerColumnSecondaryIndex.maybeIndex.Long Parameter List,3.0.0-alpha1,3.0.0-alpha1,3.0.0,1
cassandra,3.0.0-alpha1,org.apache.cassandra.db.index,PerColumnSecondaryIndex,update,Long Parameter List,"designitejava,checkstyle",src/java/org/apache/cassandra/db/index/PerColumnSecondaryIndex.java,src/java/org/apache/cassandra/db/index/PerColumnSecondaryIndex.java.PerColumnSecondaryIndex.update.Long Parameter List,3.0.0-alpha1,3.0.0-alpha1,3.0.0,1
cassandra,1.0.0-beta1,org.apache.cassandra.db.index,SecondaryIndexManager,applyIndexUpdates,Complex Method,"designitejava,pmd,checkstyle",src/java/org/apache/cassandra/db/index/SecondaryIndexManager.java,src/java/org/apache/cassandra/db/index/SecondaryIndexManager.java.SecondaryIndexManager.applyIndexUpdates.Complex Method,1.0.0-beta1,1.1.0,1.2.0-beta1,4
cassandra,3.0.0-alpha1,org.apache.cassandra.db.index,SecondaryIndexManager,indexPartition,Complex Method,"designitejava,pmd",src/java/org/apache/cassandra/db/index/SecondaryIndexManager.java,src/java/org/apache/cassandra/db/index/SecondaryIndexManager.java.SecondaryIndexManager.indexPartition.Complex Method,3.0.0-alpha1,3.0.0-alpha1,3.0.0,1
cassandra,2.2.0-beta1,org.apache.cassandra.db.index,SecondaryIndexManager,validateIndexSearchersForQuery,Complex Method,"designitejava,pmd,checkstyle",src/java/org/apache/cassandra/db/index/SecondaryIndexManager.java,src/java/org/apache/cassandra/db/index/SecondaryIndexManager.java.SecondaryIndexManager.validateIndexSearchersForQuery.Complex Method,2.2.0-beta1,2.2.0,3.0.0-alpha1,2
cassandra,3.0.0-alpha1,org.apache.cassandra.db.index,SecondaryIndexSearcher,makeIndexFilter,Complex Method,"designitejava,pmd,checkstyle",src/java/org/apache/cassandra/db/index/SecondaryIndexSearcher.java,src/java/org/apache/cassandra/db/index/SecondaryIndexSearcher.java.SecondaryIndexSearcher.makeIndexFilter.Complex Method,3.0.0-alpha1,3.0.0-alpha1,3.0.0,1
cassandra,3.0.0-alpha1,org.apache.cassandra.db.index.composites,CompositesIndexOnClusteringKey,maybeIndex,Long Parameter List,"designitejava,checkstyle",src/java/org/apache/cassandra/db/index/composites/CompositesIndexOnClusteringKey.java,src/java/org/apache/cassandra/db/index/composites/CompositesIndexOnClusteringKey.java.CompositesIndexOnClusteringKey.maybeIndex.Long Parameter List,3.0.0-alpha1,3.0.0-alpha1,3.0.0,1
cassandra,3.0.0-alpha1,org.apache.cassandra.db.index.composites,CompositesIndexOnPartitionKey,maybeIndex,Long Parameter List,"designitejava,checkstyle",src/java/org/apache/cassandra/db/index/composites/CompositesIndexOnPartitionKey.java,src/java/org/apache/cassandra/db/index/composites/CompositesIndexOnPartitionKey.java.CompositesIndexOnPartitionKey.maybeIndex.Long Parameter List,3.0.0-alpha1,3.0.0-alpha1,3.0.0,1
cassandra,1.2.0-beta1,org.apache.cassandra.db.index.composites,CompositesSearcher,computeNext,Complex Method,"designitejava,pmd",src/java/org/apache/cassandra/db/index/composites/CompositesSearcher.java,src/java/org/apache/cassandra/db/index/composites/CompositesSearcher.java.CompositesSearcher.computeNext.Complex Method,1.2.0-beta1,2.2.0,3.0.0-alpha1,8
cassandra,3.0.0-alpha1,org.apache.cassandra.db.index.composites,CompositesSearcher,filterStaleEntries,Long Parameter List,"designitejava,checkstyle",src/java/org/apache/cassandra/db/index/composites/CompositesSearcher.java,src/java/org/apache/cassandra/db/index/composites/CompositesSearcher.java.CompositesSearcher.filterStaleEntries.Long Parameter List,3.0.0-alpha1,3.0.0-alpha1,3.0.0,1
cassandra,1.2.0-beta1,org.apache.cassandra.db.index.composites,CompositesSearcher,getIndexedIterator,Complex Method,"designitejava,pmd,checkstyle",src/java/org/apache/cassandra/db/index/composites/CompositesSearcher.java,src/java/org/apache/cassandra/db/index/composites/CompositesSearcher.java.CompositesSearcher.getIndexedIterator.Complex Method,1.2.0-beta1,2.2.0,3.0.0-alpha1,8
cassandra,3.0.0-alpha1,org.apache.cassandra.db.index.composites,CompositesSearcher,queryDataFromIndex,Complex Method,"designitejava,pmd",src/java/org/apache/cassandra/db/index/composites/CompositesSearcher.java,src/java/org/apache/cassandra/db/index/composites/CompositesSearcher.java.CompositesSearcher.queryDataFromIndex.Complex Method,3.0.0-alpha1,3.0.0-alpha1,3.0.0,1
cassandra,1.1.0-beta1,org.apache.cassandra.db.index.keys,KeysSearcher,computeNext,Complex Method,"designitejava,pmd",src/java/org/apache/cassandra/db/index/keys/KeysSearcher.java,src/java/org/apache/cassandra/db/index/keys/KeysSearcher.java.KeysSearcher.computeNext.Complex Method,1.1.0-beta1,2.2.0,3.0.0-alpha1,10
cassandra,3.0.0-alpha1,org.apache.cassandra.db.index.keys,KeysSearcher,deleteIfStale,Long Parameter List,"designitejava,checkstyle",src/java/org/apache/cassandra/db/index/keys/KeysSearcher.java,src/java/org/apache/cassandra/db/index/keys/KeysSearcher.java.KeysSearcher.deleteIfStale.Long Parameter List,3.0.0-alpha1,3.0.0-alpha1,3.0.0,1
cassandra,3.0.0-alpha1,org.apache.cassandra.db.index.keys,KeysSearcher,filterIfStale,Long Parameter List,"designitejava,checkstyle",src/java/org/apache/cassandra/db/index/keys/KeysSearcher.java,src/java/org/apache/cassandra/db/index/keys/KeysSearcher.java.KeysSearcher.filterIfStale.Long Parameter List,3.0.0-alpha1,3.0.0-alpha1,3.0.0,1
cassandra,1.1.0-beta1,org.apache.cassandra.db.index.keys,KeysSearcher,getIndexedIterator,Complex Method,"designitejava,pmd",src/java/org/apache/cassandra/db/index/keys/KeysSearcher.java,src/java/org/apache/cassandra/db/index/keys/KeysSearcher.java.KeysSearcher.getIndexedIterator.Complex Method,1.1.0-beta1,2.2.0,3.0.0-alpha1,10
cassandra,1.0.0-beta1,org.apache.cassandra.db.index.keys,KeysSearcher,search,Complex Method,"designitejava,pmd,checkstyle",src/java/org/apache/cassandra/db/index/keys/KeysSearcher.java,src/java/org/apache/cassandra/db/index/keys/KeysSearcher.java.KeysSearcher.search.Complex Method,1.0.0-beta1,1.0.0,1.1.0-beta1,2
cassandra,3.0.0,org.apache.cassandra.db.lifecycle,LogReplicaSet,readRecords,Complex Method,"designitejava,pmd,checkstyle",src/java/org/apache/cassandra/db/lifecycle/LogReplicaSet.java,src/java/org/apache/cassandra/db/lifecycle/LogReplicaSet.java.LogReplicaSet.readRecords.Complex Method,3.0.0,5.0.0,5.0.0,18
cassandra,1.0.0-beta1,org.apache.cassandra.db.marshal,AbstractCompositeType,compare,Complex Method,"designitejava,pmd,checkstyle",src/java/org/apache/cassandra/db/marshal/AbstractCompositeType.java,src/java/org/apache/cassandra/db/marshal/AbstractCompositeType.java.AbstractCompositeType.compare.Complex Method,1.0.0-beta1,3.0.0-alpha1,3.0.0,13
cassandra,3.0.0,org.apache.cassandra.db.marshal,AbstractCompositeType,compareCustom,Complex Method,"pmd,checkstyle",src/java/org/apache/cassandra/db/marshal/AbstractCompositeType.java,src/java/org/apache/cassandra/db/marshal/AbstractCompositeType.java.AbstractCompositeType.compareCustom.Complex Method,3.0.0,5.0.0,5.0.0,18
cassandra,4.0.0,org.apache.cassandra.db.marshal,AbstractCompositeType,getComparator,Long Parameter List,"designitejava,checkstyle",src/java/org/apache/cassandra/db/marshal/AbstractCompositeType.java,src/java/org/apache/cassandra/db/marshal/AbstractCompositeType.java.AbstractCompositeType.getComparator.Long Parameter List,4.0.0,5.0.0,5.0.0,5
cassandra,4.0.0,org.apache.cassandra.db.marshal,ByteArrayAccessor,copyTo,Long Parameter List,"designitejava,checkstyle",src/java/org/apache/cassandra/db/marshal/ByteArrayAccessor.java,src/java/org/apache/cassandra/db/marshal/ByteArrayAccessor.java.ByteArrayAccessor.copyTo.Long Parameter List,4.0.0,5.0.0,5.0.0,5
cassandra,4.0.0,org.apache.cassandra.db.marshal,ByteArrayObjectFactory,cell,Long Parameter List,"designitejava,checkstyle",src/java/org/apache/cassandra/db/marshal/ByteArrayObjectFactory.java,src/java/org/apache/cassandra/db/marshal/ByteArrayObjectFactory.java.ByteArrayObjectFactory.cell.Long Parameter List,4.0.0,5.0.0,5.0.0,5
cassandra,4.0.0,org.apache.cassandra.db.marshal,ByteBufferAccessor,copyTo,Long Parameter List,"designitejava,checkstyle",src/java/org/apache/cassandra/db/marshal/ByteBufferAccessor.java,src/java/org/apache/cassandra/db/marshal/ByteBufferAccessor.java.ByteBufferAccessor.copyTo.Long Parameter List,4.0.0,5.0.0,5.0.0,5
cassandra,4.0.0,org.apache.cassandra.db.marshal,ByteBufferObjectFactory,cell,Long Parameter List,"designitejava,checkstyle",src/java/org/apache/cassandra/db/marshal/ByteBufferObjectFactory.java,src/java/org/apache/cassandra/db/marshal/ByteBufferObjectFactory.java.ByteBufferObjectFactory.cell.Long Parameter List,4.0.0,5.0.0,5.0.0,5
cassandra,4.0.0,org.apache.cassandra.db.marshal,CompositeType,getComparator,Long Parameter List,"designitejava,checkstyle",src/java/org/apache/cassandra/db/marshal/CompositeType.java,src/java/org/apache/cassandra/db/marshal/CompositeType.java.CompositeType.getComparator.Long Parameter List,4.0.0,5.0.0,5.0.0,5
cassandra,5.0-alpha1,org.apache.cassandra.db.marshal,DecimalType,asComparableBytes,Complex Method,"designitejava,pmd",src/java/org/apache/cassandra/db/marshal/DecimalType.java,src/java/org/apache/cassandra/db/marshal/DecimalType.java.DecimalType.asComparableBytes.Complex Method,5.0-alpha1,5.0.0,5.0.0,2
cassandra,4.0.0,org.apache.cassandra.db.marshal,DynamicCompositeType,getComparator,Long Parameter List,"designitejava,checkstyle",src/java/org/apache/cassandra/db/marshal/DynamicCompositeType.java,src/java/org/apache/cassandra/db/marshal/DynamicCompositeType.java.DynamicCompositeType.getComparator.Long Parameter List,4.0.0,5.0.0,5.0.0,5
cassandra,0.7.0,org.apache.cassandra.db.marshal,IntegerType,compare,Complex Method,"designitejava,pmd,checkstyle",src/java/org/apache/cassandra/db/marshal/IntegerType.java,src/java/org/apache/cassandra/db/marshal/IntegerType.java.IntegerType.compare.Complex Method,0.7.0,2.1.0,2.2.0-beta1,14
cassandra,2.2.0-beta1,org.apache.cassandra.db.marshal,IntegerType,compareIntegers,Complex Method,"designitejava,pmd,checkstyle",src/java/org/apache/cassandra/db/marshal/IntegerType.java,src/java/org/apache/cassandra/db/marshal/IntegerType.java.IntegerType.compareIntegers.Complex Method,2.2.0-beta1,5.0.0,5.0.0,21
cassandra,4.0.0,org.apache.cassandra.db.marshal,MapType,compareMaps,Long Parameter List,"designitejava,checkstyle",src/java/org/apache/cassandra/db/marshal/MapType.java,src/java/org/apache/cassandra/db/marshal/MapType.java.MapType.compareMaps.Long Parameter List,4.0.0,5.0.0,5.0.0,5
cassandra,2.1.0-deb,org.apache.cassandra.db.marshal,TupleType,compare,Complex Method,"designitejava,pmd,checkstyle",src/java/org/apache/cassandra/db/marshal/TupleType.java,src/java/org/apache/cassandra/db/marshal/TupleType.java.TupleType.compare.Complex Method,2.1.0-deb,3.0.0-alpha1,3.0.0,5
cassandra,3.0.0,org.apache.cassandra.db.marshal,TupleType,compareCustom,Complex Method,"designitejava,pmd,checkstyle",src/java/org/apache/cassandra/db/marshal/TupleType.java,src/java/org/apache/cassandra/db/marshal/TupleType.java.TupleType.compareCustom.Complex Method,3.0.0,5.0.0,5.0.0,18
cassandra,1.0.0-beta1,org.apache.cassandra.db.marshal,TypeParser,,God Class,"pmd,checkstyle",src/java/org/apache/cassandra/db/marshal/TypeParser.java,src/java/org/apache/cassandra/db/marshal/TypeParser.java.TypeParser..God Class,1.0.0-beta1,5.0.0,5.0.0,31
cassandra,1.0.0-beta1,org.apache.cassandra.db.marshal,TypeParser,getAliasParameters,Complex Method,"designitejava,pmd,checkstyle",src/java/org/apache/cassandra/db/marshal/TypeParser.java,src/java/org/apache/cassandra/db/marshal/TypeParser.java.TypeParser.getAliasParameters.Complex Method,1.0.0-beta1,5.0.0,5.0.0,31
cassandra,0.8.0-beta1,org.apache.cassandra.db.marshal,UUIDType,compare,Complex Method,"designitejava,pmd,checkstyle",src/java/org/apache/cassandra/db/marshal/UUIDType.java,src/java/org/apache/cassandra/db/marshal/UUIDType.java.UUIDType.compare.Complex Method,0.8.0-beta1,2.1.0,2.2.0-beta1,12
cassandra,4.0.0,org.apache.cassandra.db.marshal,ValueAccessor,copyTo,Long Parameter List,"designitejava,checkstyle",src/java/org/apache/cassandra/db/marshal/ValueAccessor.java,src/java/org/apache/cassandra/db/marshal/ValueAccessor.java.ValueAccessor.copyTo.Long Parameter List,4.0.0,5.0.0,5.0.0,5
cassandra,4.1-alpha1,org.apache.cassandra.db.memtable,Flushing,flushRunnable,Long Parameter List,"designitejava,checkstyle",src/java/org/apache/cassandra/db/memtable/Flushing.java,src/java/org/apache/cassandra/db/memtable/Flushing.java.Flushing.flushRunnable.Long Parameter List,4.1-alpha1,5.0.0,5.0.0,4
cassandra,1.1.0-beta1,org.apache.cassandra.db.migration,MigrationHelper,compositeNameFor,Long Parameter List,"designitejava,checkstyle",src/java/org/apache/cassandra/db/migration/MigrationHelper.java,src/java/org/apache/cassandra/db/migration/MigrationHelper.java.MigrationHelper.compositeNameFor.Long Parameter List,1.1.0-beta1,1.1.0-beta1,1.1.0,1
cassandra,3.0.0,org.apache.cassandra.db.partitions,AbstractBTreePartition,merge,Long Parameter List,"designitejava,checkstyle",src/java/org/apache/cassandra/db/partitions/AbstractBTreePartition.java,src/java/org/apache/cassandra/db/partitions/AbstractBTreePartition.java.AbstractBTreePartition.merge.Long Parameter List,3.0.0,5.0.0,5.0.0,18
cassandra,3.0.0-alpha1,org.apache.cassandra.db.partitions,ArrayBackedCachedPartition,create,Complex Method,"designitejava,pmd",src/java/org/apache/cassandra/db/partitions/ArrayBackedCachedPartition.java,src/java/org/apache/cassandra/db/partitions/ArrayBackedCachedPartition.java.ArrayBackedCachedPartition.create.Complex Method,3.0.0-alpha1,3.0.0-alpha1,3.0.0,1
cassandra,3.0.0-alpha1,org.apache.cassandra.db.partitions,AtomicBTreePartition,addAllWithSizeDelta,Complex Method,"designitejava,pmd,checkstyle",src/java/org/apache/cassandra/db/partitions/AtomicBTreePartition.java,src/java/org/apache/cassandra/db/partitions/AtomicBTreePartition.java.AtomicBTreePartition.addAllWithSizeDelta.Complex Method,3.0.0-alpha1,3.11.0,4.0-alpha1,13
cassandra,4.0.0,org.apache.cassandra.db.partitions,PartitionUpdate,maxTimestamp,Complex Method,"designitejava,pmd",src/java/org/apache/cassandra/db/partitions/PartitionUpdate.java,src/java/org/apache/cassandra/db/partitions/PartitionUpdate.java.PartitionUpdate.maxTimestamp.Complex Method,4.0.0,5.0.0,5.0.0,5
cassandra,3.0.0-alpha1,org.apache.cassandra.db.rows,AbstractRow,toString,Complex Method,"designitejava,pmd,checkstyle",src/java/org/apache/cassandra/db/rows/AbstractRow.java,src/java/org/apache/cassandra/db/rows/AbstractRow.java.AbstractRow.toString.Complex Method,3.0.0-alpha1,5.0.0,5.0.0,19
cassandra,3.0.0-alpha1,org.apache.cassandra.db.rows,BTreeBackedRow,filter,Complex Method,"pmd,checkstyle",src/java/org/apache/cassandra/db/rows/BTreeBackedRow.java,src/java/org/apache/cassandra/db/rows/BTreeBackedRow.java.BTreeBackedRow.filter.Complex Method,3.0.0-alpha1,3.0.0-alpha1,3.0.0,1
cassandra,3.0.0,org.apache.cassandra.db.rows,BTreeRow,,God Class,"pmd,checkstyle",src/java/org/apache/cassandra/db/rows/BTreeRow.java,src/java/org/apache/cassandra/db/rows/BTreeRow.java.BTreeRow..God Class,3.0.0,5.0.0,5.0.0,18
cassandra,3.0.0,org.apache.cassandra.db.rows,BTreeRow,filter,Complex Method,"pmd,checkstyle",src/java/org/apache/cassandra/db/rows/BTreeRow.java,src/java/org/apache/cassandra/db/rows/BTreeRow.java.BTreeRow.filter.Complex Method,3.0.0,5.0.0,5.0.0,18
cassandra,3.0.0-alpha1,org.apache.cassandra.db.rows,BufferCell,expiring,Long Parameter List,"designitejava,checkstyle",src/java/org/apache/cassandra/db/rows/BufferCell.java,src/java/org/apache/cassandra/db/rows/BufferCell.java.BufferCell.expiring.Long Parameter List,3.0.0-alpha1,5.0.0,5.0.0,19
cassandra,3.1,org.apache.cassandra.db.rows,Cells,addNonShadowedComplex,Long Parameter List,"designitejava,checkstyle",src/java/org/apache/cassandra/db/rows/Cells.java,src/java/org/apache/cassandra/db/rows/Cells.java.Cells.addNonShadowedComplex.Long Parameter List,3.1,5.0.0,5.0.0,17
cassandra,3.0.0-alpha1,org.apache.cassandra.db.rows,Cells,reconcile,Complex Method,"designitejava,pmd,checkstyle",src/java/org/apache/cassandra/db/rows/Cells.java,src/java/org/apache/cassandra/db/rows/Cells.java.Cells.reconcile.Complex Method,3.0.0-alpha1,3.11.0,4.0-alpha1,13
cassandra,3.0.0-alpha1,org.apache.cassandra.db.rows,Cells,reconcile,Long Parameter List,"designitejava,checkstyle",src/java/org/apache/cassandra/db/rows/Cells.java,src/java/org/apache/cassandra/db/rows/Cells.java.Cells.reconcile.Long Parameter List,3.0.0-alpha1,3.11.0,4.0-alpha1,13
cassandra,3.0.0-alpha1,org.apache.cassandra.db.rows,Cells,reconcileComplex,Long Parameter List,"designitejava,checkstyle",src/java/org/apache/cassandra/db/rows/Cells.java,src/java/org/apache/cassandra/db/rows/Cells.java.Cells.reconcileComplex.Long Parameter List,3.0.0-alpha1,4.1-alpha1,4.1.0,16
cassandra,4.0-alpha1,org.apache.cassandra.db.rows,Cells,resolveCounter,Complex Method,"pmd,checkstyle",src/java/org/apache/cassandra/db/rows/Cells.java,src/java/org/apache/cassandra/db/rows/Cells.java.Cells.resolveCounter.Complex Method,4.0-alpha1,5.0.0,5.0.0,6
cassandra,4.0-alpha1,org.apache.cassandra.db.rows,Cells,resolveRegular,Complex Method,"pmd,checkstyle",src/java/org/apache/cassandra/db/rows/Cells.java,src/java/org/apache/cassandra/db/rows/Cells.java.Cells.resolveRegular.Complex Method,4.0-alpha1,5.0.0,5.0.0,6
cassandra,3.0.0-alpha1,org.apache.cassandra.db.rows,RowAndDeletionMergeIterator,computeNext,Complex Method,"designitejava,pmd,checkstyle",src/java/org/apache/cassandra/db/rows/RowAndDeletionMergeIterator.java,src/java/org/apache/cassandra/db/rows/RowAndDeletionMergeIterator.java.RowAndDeletionMergeIterator.computeNext.Complex Method,3.0.0-alpha1,3.11.0,4.0-alpha1,13
cassandra,4.0-alpha1,org.apache.cassandra.db.rows,RowAndDeletionMergeIterator,computeNextInternal,Complex Method,"designitejava,pmd,checkstyle",src/java/org/apache/cassandra/db/rows/RowAndDeletionMergeIterator.java,src/java/org/apache/cassandra/db/rows/RowAndDeletionMergeIterator.java.RowAndDeletionMergeIterator.computeNextInternal.Complex Method,4.0-alpha1,5.0.0,5.0.0,6
cassandra,3.0.0-alpha1,org.apache.cassandra.db.rows,Rows,diff,Complex Method,"designitejava,pmd,checkstyle",src/java/org/apache/cassandra/db/rows/Rows.java,src/java/org/apache/cassandra/db/rows/Rows.java.Rows.diff.Complex Method,3.0.0-alpha1,5.0.0,5.0.0,19
cassandra,3.0.0,org.apache.cassandra.db.rows,Rows,getReduced,Complex Method,"designitejava,pmd",src/java/org/apache/cassandra/db/rows/Rows.java,src/java/org/apache/cassandra/db/rows/Rows.java.Rows.getReduced.Complex Method,3.0.0,5.0.0,5.0.0,18
cassandra,3.0.0-alpha1,org.apache.cassandra.db.rows,Rows,merge,Complex Method,"pmd,checkstyle",src/java/org/apache/cassandra/db/rows/Rows.java,src/java/org/apache/cassandra/db/rows/Rows.java.Rows.merge.Complex Method,3.0.0-alpha1,4.1-alpha1,4.1.0,16
cassandra,3.0.0-alpha1,org.apache.cassandra.db.rows,Rows,merge,Long Parameter List,"designitejava,checkstyle",src/java/org/apache/cassandra/db/rows/Rows.java,src/java/org/apache/cassandra/db/rows/Rows.java.Rows.merge.Long Parameter List,3.0.0-alpha1,3.0.0-alpha1,3.0.0,1
cassandra,3.1,org.apache.cassandra.db.rows,Rows,removeShadowedCells,Complex Method,"designitejava,pmd,checkstyle",src/java/org/apache/cassandra/db/rows/Rows.java,src/java/org/apache/cassandra/db/rows/Rows.java.Rows.removeShadowedCells.Complex Method,3.1,5.0.0,5.0.0,17
cassandra,4.0-alpha1,org.apache.cassandra.db.rows,ThrottledUnfilteredIterator,computeNext,Complex Method,"designitejava,pmd",src/java/org/apache/cassandra/db/rows/ThrottledUnfilteredIterator.java,src/java/org/apache/cassandra/db/rows/ThrottledUnfilteredIterator.java.ThrottledUnfilteredIterator.computeNext.Complex Method,4.0-alpha1,5.0.0,5.0.0,6
cassandra,4.0-alpha1,org.apache.cassandra.db.rows,UnfilteredRowIterators,singleton,Long Parameter List,"designitejava,checkstyle",src/java/org/apache/cassandra/db/rows/UnfilteredRowIterators.java,src/java/org/apache/cassandra/db/rows/UnfilteredRowIterators.java.UnfilteredRowIterators.singleton.Long Parameter List,4.0-alpha1,5.0.0,5.0.0,6
cassandra,3.0.0-alpha1,org.apache.cassandra.db.rows,UnfilteredSerializer,,God Class,"pmd,checkstyle",src/java/org/apache/cassandra/db/rows/UnfilteredSerializer.java,src/java/org/apache/cassandra/db/rows/UnfilteredSerializer.java.UnfilteredSerializer..God Class,3.0.0-alpha1,5.0.0,5.0.0,19
cassandra,3.0.0-alpha1,org.apache.cassandra.db.rows,UnfilteredSerializer,deserializeRowBody,Complex Method,"designitejava,pmd,checkstyle",src/java/org/apache/cassandra/db/rows/UnfilteredSerializer.java,src/java/org/apache/cassandra/db/rows/UnfilteredSerializer.java.UnfilteredSerializer.deserializeRowBody.Complex Method,3.0.0-alpha1,5.0.0,5.0.0,19
cassandra,5.0-alpha1,org.apache.cassandra.db.rows,UnfilteredSerializer,readComplexColumn,Complex Method,"designitejava,pmd",src/java/org/apache/cassandra/db/rows/UnfilteredSerializer.java,src/java/org/apache/cassandra/db/rows/UnfilteredSerializer.java.UnfilteredSerializer.readComplexColumn.Complex Method,5.0-alpha1,5.0.0,5.0.0,2
cassandra,3.0.0-alpha1,org.apache.cassandra.db.rows,UnfilteredSerializer,readComplexColumn,Long Parameter List,"designitejava,checkstyle",src/java/org/apache/cassandra/db/rows/UnfilteredSerializer.java,src/java/org/apache/cassandra/db/rows/UnfilteredSerializer.java.UnfilteredSerializer.readComplexColumn.Long Parameter List,3.0.0-alpha1,5.0.0,5.0.0,19
cassandra,3.0.0-alpha1,org.apache.cassandra.db.rows,UnfilteredSerializer,readSimpleColumn,Long Parameter List,"designitejava,checkstyle",src/java/org/apache/cassandra/db/rows/UnfilteredSerializer.java,src/java/org/apache/cassandra/db/rows/UnfilteredSerializer.java.UnfilteredSerializer.readSimpleColumn.Long Parameter List,3.0.0-alpha1,5.0.0,5.0.0,19
cassandra,3.0.0-alpha1,org.apache.cassandra.db.rows,UnfilteredSerializer,serialize,Complex Method,"designitejava,checkstyle",src/java/org/apache/cassandra/db/rows/UnfilteredSerializer.java,src/java/org/apache/cassandra/db/rows/UnfilteredSerializer.java.UnfilteredSerializer.serialize.Complex Method,3.0.0-alpha1,5.0.0,5.0.0,19
cassandra,3.0.0-alpha1,org.apache.cassandra.db.rows,UnfilteredSerializer,sizeOfComplexColumn,Long Parameter List,"designitejava,checkstyle",src/java/org/apache/cassandra/db/rows/UnfilteredSerializer.java,src/java/org/apache/cassandra/db/rows/UnfilteredSerializer.java.UnfilteredSerializer.sizeOfComplexColumn.Long Parameter List,3.0.0-alpha1,5.0.0,5.0.0,19
cassandra,3.0.0-alpha1,org.apache.cassandra.db.rows,UnfilteredSerializer,skipRowBody,Complex Method,"designitejava,pmd",src/java/org/apache/cassandra/db/rows/UnfilteredSerializer.java,src/java/org/apache/cassandra/db/rows/UnfilteredSerializer.java.UnfilteredSerializer.skipRowBody.Complex Method,3.0.0-alpha1,3.0.0-alpha1,3.0.0,1
cassandra,3.0.0-alpha1,org.apache.cassandra.db.rows,UnfilteredSerializer,writeComplexColumn,Long Parameter List,"designitejava,checkstyle",src/java/org/apache/cassandra/db/rows/UnfilteredSerializer.java,src/java/org/apache/cassandra/db/rows/UnfilteredSerializer.java.UnfilteredSerializer.writeComplexColumn.Long Parameter List,3.0.0-alpha1,5.0.0,5.0.0,19
cassandra,3.0.0-alpha1,org.apache.cassandra.db.rows,UnfilteredSerializer,writeSimpleColumn,Long Parameter List,"designitejava,checkstyle",src/java/org/apache/cassandra/db/rows/UnfilteredSerializer.java,src/java/org/apache/cassandra/db/rows/UnfilteredSerializer.java.UnfilteredSerializer.writeSimpleColumn.Long Parameter List,3.0.0-alpha1,3.0.0-alpha1,3.0.0,1
cassandra,4.0.0,org.apache.cassandra.db.streaming,CassandraOutgoingFile,makeHeader,Long Parameter List,"designitejava,checkstyle",src/java/org/apache/cassandra/db/streaming/CassandraOutgoingFile.java,src/java/org/apache/cassandra/db/streaming/CassandraOutgoingFile.java.CassandraOutgoingFile.makeHeader.Long Parameter List,4.0.0,5.0.0,5.0.0,5
cassandra,4.0-alpha1,org.apache.cassandra.db.streaming,CassandraStreamManager,createOutgoingStreams,Complex Method,"designitejava,pmd,checkstyle",src/java/org/apache/cassandra/db/streaming/CassandraStreamManager.java,src/java/org/apache/cassandra/db/streaming/CassandraStreamManager.java.CassandraStreamManager.createOutgoingStreams.Complex Method,4.0-alpha1,5.0.0,5.0.0,6
cassandra,4.0-alpha1,org.apache.cassandra.db.streaming,CassandraStreamWriter,write,Long Parameter List,"designitejava,checkstyle",src/java/org/apache/cassandra/db/streaming/CassandraStreamWriter.java,src/java/org/apache/cassandra/db/streaming/CassandraStreamWriter.java.CassandraStreamWriter.write.Long Parameter List,4.0-alpha1,5.0.0,5.0.0,6
cassandra,3.0.0,org.apache.cassandra.db.transform,BaseRows,hasNext,Complex Method,"designitejava,pmd,checkstyle",src/java/org/apache/cassandra/db/transform/BaseRows.java,src/java/org/apache/cassandra/db/transform/BaseRows.java.BaseRows.hasNext.Complex Method,3.0.0,5.0.0,5.0.0,18
cassandra,5.0-alpha1,org.apache.cassandra.db.tries,InMemoryTrie,,God Class,"pmd,checkstyle",src/java/org/apache/cassandra/db/tries/InMemoryTrie.java,src/java/org/apache/cassandra/db/tries/InMemoryTrie.java.InMemoryTrie..God Class,5.0-alpha1,5.0.0,5.0.0,2
cassandra,3.0.0-alpha1,org.apache.cassandra.db.view,MaterializedView,,God Class,"pmd,checkstyle",src/java/org/apache/cassandra/db/view/MaterializedView.java,src/java/org/apache/cassandra/db/view/MaterializedView.java.MaterializedView..God Class,3.0.0-alpha1,3.0.0-alpha1,3.0.0,1
cassandra,3.0.0-alpha1,org.apache.cassandra.db.view,MaterializedView,createComplexTombstone,Long Parameter List,"designitejava,checkstyle",src/java/org/apache/cassandra/db/view/MaterializedView.java,src/java/org/apache/cassandra/db/view/MaterializedView.java.MaterializedView.createComplexTombstone.Long Parameter List,3.0.0-alpha1,3.0.0-alpha1,3.0.0,1
cassandra,3.0.0-alpha1,org.apache.cassandra.db.view,MaterializedView,createForDeletionInfo,Complex Method,"designitejava,pmd,checkstyle",src/java/org/apache/cassandra/db/view/MaterializedView.java,src/java/org/apache/cassandra/db/view/MaterializedView.java.MaterializedView.createForDeletionInfo.Complex Method,3.0.0-alpha1,3.0.0-alpha1,3.0.0,1
cassandra,3.0.0-alpha1,org.apache.cassandra.db.view,MaterializedView,createMutations,Complex Method,"designitejava,pmd,checkstyle",src/java/org/apache/cassandra/db/view/MaterializedView.java,src/java/org/apache/cassandra/db/view/MaterializedView.java.MaterializedView.createMutations.Complex Method,3.0.0-alpha1,3.0.0-alpha1,3.0.0,1
cassandra,3.0.0-alpha1,org.apache.cassandra.db.view,MaterializedView,getCFMetaData,Complex Method,"designitejava,pmd,checkstyle",src/java/org/apache/cassandra/db/view/MaterializedView.java,src/java/org/apache/cassandra/db/view/MaterializedView.java.MaterializedView.getCFMetaData.Complex Method,3.0.0-alpha1,3.0.0-alpha1,3.0.0,1
cassandra,3.0.0-alpha1,org.apache.cassandra.db.view,MaterializedViewBuilder,run,Complex Method,"designitejava,pmd,checkstyle",src/java/org/apache/cassandra/db/view/MaterializedViewBuilder.java,src/java/org/apache/cassandra/db/view/MaterializedViewBuilder.java.MaterializedViewBuilder.run.Complex Method,3.0.0-alpha1,3.0.0-alpha1,3.0.0,1
cassandra,3.1,org.apache.cassandra.db.view,TableViews,generateViewUpdates,Complex Method,"designitejava,pmd,checkstyle",src/java/org/apache/cassandra/db/view/TableViews.java,src/java/org/apache/cassandra/db/view/TableViews.java.TableViews.generateViewUpdates.Complex Method,3.1,5.0.0,5.0.0,17
cassandra,3.1,org.apache.cassandra.db.view,TableViews,readExistingRowsCommand,Complex Method,"designitejava,pmd,checkstyle",src/java/org/apache/cassandra/db/view/TableViews.java,src/java/org/apache/cassandra/db/view/TableViews.java.TableViews.readExistingRowsCommand.Complex Method,3.1,5.0.0,5.0.0,17
cassandra,3.0.0-alpha1,org.apache.cassandra.db.view,TemporalRow,addColumnValue,Long Parameter List,"designitejava,checkstyle",src/java/org/apache/cassandra/db/view/TemporalRow.java,src/java/org/apache/cassandra/db/view/TemporalRow.java.TemporalRow.addColumnValue.Long Parameter List,3.0.0-alpha1,3.6,3.7,8
cassandra,3.0.0,org.apache.cassandra.db.view,View,,God Class,"pmd,checkstyle",src/java/org/apache/cassandra/db/view/View.java,src/java/org/apache/cassandra/db/view/View.java.View..God Class,3.0.0,5.0.0,5.0.0,18
cassandra,3.0.0,org.apache.cassandra.db.view,View,createComplexTombstone,Long Parameter List,"designitejava,checkstyle",src/java/org/apache/cassandra/db/view/View.java,src/java/org/apache/cassandra/db/view/View.java.View.createComplexTombstone.Long Parameter List,3.0.0,3.6,3.7,7
cassandra,3.0.0,org.apache.cassandra.db.view,View,createForDeletionInfo,Complex Method,"designitejava,pmd,checkstyle",src/java/org/apache/cassandra/db/view/View.java,src/java/org/apache/cassandra/db/view/View.java.View.createForDeletionInfo.Complex Method,3.0.0,3.6,3.7,7
cassandra,3.0.0,org.apache.cassandra.db.view,View,createMutations,Complex Method,"designitejava,pmd,checkstyle",src/java/org/apache/cassandra/db/view/View.java,src/java/org/apache/cassandra/db/view/View.java.View.createMutations.Complex Method,3.0.0,3.6,3.7,7
cassandra,3.0.0,org.apache.cassandra.db.view,View,updateAffectsView,Complex Method,"designitejava,pmd,checkstyle",src/java/org/apache/cassandra/db/view/View.java,src/java/org/apache/cassandra/db/view/View.java.View.updateAffectsView.Complex Method,3.0.0,3.6,3.7,7
cassandra,3.0.0,org.apache.cassandra.db.view,ViewBuilder,run,Complex Method,"designitejava,pmd,checkstyle",src/java/org/apache/cassandra/db/view/ViewBuilder.java,src/java/org/apache/cassandra/db/view/ViewBuilder.java.ViewBuilder.run.Complex Method,3.0.0,3.11.0,4.0-alpha1,12
cassandra,4.0-alpha1,org.apache.cassandra.db.view,ViewBuilderTask,call,Complex Method,"pmd,checkstyle",src/java/org/apache/cassandra/db/view/ViewBuilderTask.java,src/java/org/apache/cassandra/db/view/ViewBuilderTask.java.ViewBuilderTask.call.Complex Method,4.0-alpha1,5.0.0,5.0.0,6
cassandra,4.0-alpha1,org.apache.cassandra.db.view,ViewUpdateGenerator,addDifferentCells,Complex Method,"designitejava,pmd,checkstyle",src/java/org/apache/cassandra/db/view/ViewUpdateGenerator.java,src/java/org/apache/cassandra/db/view/ViewUpdateGenerator.java.ViewUpdateGenerator.addDifferentCells.Complex Method,4.0-alpha1,5.0.0,5.0.0,6
cassandra,4.0-alpha1,org.apache.cassandra.db.view,ViewUpdateGenerator,computeLivenessInfoForEntry,Complex Method,"designitejava,pmd,checkstyle",src/java/org/apache/cassandra/db/view/ViewUpdateGenerator.java,src/java/org/apache/cassandra/db/view/ViewUpdateGenerator.java.ViewUpdateGenerator.computeLivenessInfoForEntry.Complex Method,4.0-alpha1,5.0.0,5.0.0,6
cassandra,3.1,org.apache.cassandra.db.view,ViewUpdateGenerator,updateAction,Complex Method,"designitejava,pmd,checkstyle",src/java/org/apache/cassandra/db/view/ViewUpdateGenerator.java,src/java/org/apache/cassandra/db/view/ViewUpdateGenerator.java.ViewUpdateGenerator.updateAction.Complex Method,3.1,5.0.0,5.0.0,17
cassandra,3.1,org.apache.cassandra.db.view,ViewUpdateGenerator,updateEntry,Complex Method,"designitejava,pmd,checkstyle",src/java/org/apache/cassandra/db/view/ViewUpdateGenerator.java,src/java/org/apache/cassandra/db/view/ViewUpdateGenerator.java.ViewUpdateGenerator.updateEntry.Complex Method,3.1,3.11.0,4.0-alpha1,11
cassandra,3.0.0,org.apache.cassandra.db.view,ViewUtils,getViewNaturalEndpoint,Complex Method,"designitejava,checkstyle",src/java/org/apache/cassandra/db/view/ViewUtils.java,src/java/org/apache/cassandra/db/view/ViewUtils.java.ViewUtils.getViewNaturalEndpoint.Complex Method,3.0.0,3.11.0,4.0-alpha1,12
cassandra,4.0-alpha1,org.apache.cassandra.db.virtual,SimpleDataSet,row,Feature Envy,"designitejava,checkstyle",src/java/org/apache/cassandra/db/virtual/SimpleDataSet.java,src/java/org/apache/cassandra/db/virtual/SimpleDataSet.java.SimpleDataSet.row.Feature Envy,4.0-alpha1,5.0.0,5.0.0,6
cassandra,4.0-alpha1,org.apache.cassandra.db.virtual,TableMetricTables,buildMetadata,Long Parameter List,"designitejava,checkstyle",src/java/org/apache/cassandra/db/virtual/TableMetricTables.java,src/java/org/apache/cassandra/db/virtual/TableMetricTables.java.TableMetricTables.buildMetadata.Long Parameter List,4.0-alpha1,5.0.0,5.0.0,6
cassandra,0.7.0,org.apache.cassandra.dht,BootStrapper,bootstrap,Complex Method,"designitejava,pmd",src/java/org/apache/cassandra/dht/BootStrapper.java,src/java/org/apache/cassandra/dht/BootStrapper.java.BootStrapper.bootstrap.Complex Method,0.7.0,5.0.0,5.0.0,35
cassandra,0.4.0-final,org.apache.cassandra.dht,CollatingOrderPreservingPartitioner,midpoint,Complex Method,"designitejava,pmd,checkstyle",src/java/org/apache/cassandra/dht/CollatingOrderPreservingPartitioner.java,src/java/org/apache/cassandra/dht/CollatingOrderPreservingPartitioner.java.CollatingOrderPreservingPartitioner.midpoint.Complex Method,0.4.0-final,0.5.0-beta1,0.5.0,3
cassandra,0.3.0-final,org.apache.cassandra.dht,LeaveJoinProtocolHelper,assignWork,Complex Method,"designitejava,pmd",src/java/org/apache/cassandra/dht/LeaveJoinProtocolHelper.java,src/java/org/apache/cassandra/dht/LeaveJoinProtocolHelper.java.LeaveJoinProtocolHelper.assignWork.Complex Method,0.3.0-final,0.3.0-final,0.4.0-final,1
cassandra,0.3.0-final,org.apache.cassandra.dht,LeaveJoinProtocolHelper,getRangeSourceTargetInfo,Complex Method,"designitejava,pmd",src/java/org/apache/cassandra/dht/LeaveJoinProtocolHelper.java,src/java/org/apache/cassandra/dht/LeaveJoinProtocolHelper.java.LeaveJoinProtocolHelper.getRangeSourceTargetInfo.Complex Method,0.3.0-final,0.4.1,0.5.0-beta1,3
cassandra,0.3.0-final,org.apache.cassandra.dht,LeaveJoinProtocolHelper,getRangeSplitRangeMapping,Complex Method,"designitejava,pmd",src/java/org/apache/cassandra/dht/LeaveJoinProtocolHelper.java,src/java/org/apache/cassandra/dht/LeaveJoinProtocolHelper.java.LeaveJoinProtocolHelper.getRangeSplitRangeMapping.Complex Method,0.3.0-final,0.4.1,0.5.0-beta1,3
cassandra,4.0-alpha1,org.apache.cassandra.dht,RangeFetchMapCalculator,getRangeFetchMapFromGraphResult,Complex Method,"designitejava,pmd",src/java/org/apache/cassandra/dht/RangeFetchMapCalculator.java,src/java/org/apache/cassandra/dht/RangeFetchMapCalculator.java.RangeFetchMapCalculator.getRangeFetchMapFromGraphResult.Complex Method,4.0-alpha1,5.0.0,5.0.0,6
cassandra,4.0-alpha1,org.apache.cassandra.dht,RangeStreamer,addRanges,Complex Method,"designitejava,checkstyle",src/java/org/apache/cassandra/dht/RangeStreamer.java,src/java/org/apache/cassandra/dht/RangeStreamer.java.RangeStreamer.addRanges.Complex Method,4.0-alpha1,5.0.0,5.0.0,6
cassandra,4.0-alpha1,org.apache.cassandra.dht,RangeStreamer,calculateRangesToFetchWithPreferredEndpoints,Complex Method,"designitejava,pmd,checkstyle",src/java/org/apache/cassandra/dht/RangeStreamer.java,src/java/org/apache/cassandra/dht/RangeStreamer.java.RangeStreamer.calculateRangesToFetchWithPreferredEndpoints.Complex Method,4.0-alpha1,5.0.0,5.0.0,6
cassandra,4.0-alpha1,org.apache.cassandra.dht,RangeStreamer,calculateRangesToFetchWithPreferredEndpoints,Long Parameter List,"designitejava,checkstyle",src/java/org/apache/cassandra/dht/RangeStreamer.java,src/java/org/apache/cassandra/dht/RangeStreamer.java.RangeStreamer.calculateRangesToFetchWithPreferredEndpoints.Long Parameter List,4.0-alpha1,5.0.0,5.0.0,6
cassandra,2.1.0-deb,org.apache.cassandra.dht,RangeStreamer,getAllRangesWithStrictSourcesFor,Complex Method,"designitejava,pmd,checkstyle",src/java/org/apache/cassandra/dht/RangeStreamer.java,src/java/org/apache/cassandra/dht/RangeStreamer.java.RangeStreamer.getAllRangesWithStrictSourcesFor.Complex Method,2.1.0-deb,3.11.0,4.0-alpha1,17
cassandra,3.1,org.apache.cassandra.dht.tokenallocator,NoReplicationTokenAllocator,addUnit,Complex Method,"designitejava,pmd,checkstyle",src/java/org/apache/cassandra/dht/tokenallocator/NoReplicationTokenAllocator.java,src/java/org/apache/cassandra/dht/tokenallocator/NoReplicationTokenAllocator.java.NoReplicationTokenAllocator.addUnit.Complex Method,3.1,5.0.0,5.0.0,17
cassandra,3.0.0-alpha1,org.apache.cassandra.dht.tokenallocator,ReplicationAwareTokenAllocator,applyOwnershipAdjustment,Long Parameter List,"designitejava,checkstyle",src/java/org/apache/cassandra/dht/tokenallocator/ReplicationAwareTokenAllocator.java,src/java/org/apache/cassandra/dht/tokenallocator/ReplicationAwareTokenAllocator.java.ReplicationAwareTokenAllocator.applyOwnershipAdjustment.Long Parameter List,3.0.0-alpha1,5.0.0,5.0.0,19
cassandra,4.0-alpha1,org.apache.cassandra.dht.tokenallocator,TokenAllocatorDiagnostics,randomTokensGenerated,Long Parameter List,"designitejava,checkstyle",src/java/org/apache/cassandra/dht/tokenallocator/TokenAllocatorDiagnostics.java,src/java/org/apache/cassandra/dht/tokenallocator/TokenAllocatorDiagnostics.java.TokenAllocatorDiagnostics.randomTokensGenerated.Long Parameter List,4.0-alpha1,4.0-alpha1,4.0.0,1
cassandra,4.0.0,org.apache.cassandra.dht.tokenallocator,TokenAllocatorDiagnostics,splitsGenerated,Long Parameter List,"designitejava,checkstyle",src/java/org/apache/cassandra/dht/tokenallocator/TokenAllocatorDiagnostics.java,src/java/org/apache/cassandra/dht/tokenallocator/TokenAllocatorDiagnostics.java.TokenAllocatorDiagnostics.splitsGenerated.Long Parameter List,4.0.0,5.0.0,5.0.0,5
cassandra,4.0-alpha1,org.apache.cassandra.dht.tokenallocator,TokenAllocatorDiagnostics,unitedAdded,Long Parameter List,"designitejava,checkstyle",src/java/org/apache/cassandra/dht/tokenallocator/TokenAllocatorDiagnostics.java,src/java/org/apache/cassandra/dht/tokenallocator/TokenAllocatorDiagnostics.java.TokenAllocatorDiagnostics.unitedAdded.Long Parameter List,4.0-alpha1,5.0.0,5.0.0,6
cassandra,4.0-alpha1,org.apache.cassandra.diag,DiagnosticEventService,unsubscribe,Complex Method,"designitejava,pmd,checkstyle",src/java/org/apache/cassandra/diag/DiagnosticEventService.java,src/java/org/apache/cassandra/diag/DiagnosticEventService.java.DiagnosticEventService.unsubscribe.Complex Method,4.0-alpha1,5.0.0,5.0.0,6
cassandra,4.0-alpha1,org.apache.cassandra.exceptions,UnavailableException,create,Long Parameter List,"designitejava,checkstyle",src/java/org/apache/cassandra/exceptions/UnavailableException.java,src/java/org/apache/cassandra/exceptions/UnavailableException.java.UnavailableException.create.Long Parameter List,4.0-alpha1,5.0.0,5.0.0,6
cassandra,4.0.0,org.apache.cassandra.fql,FullQueryLogger,batchSuccess,Long Parameter List,"designitejava,checkstyle",src/java/org/apache/cassandra/fql/FullQueryLogger.java,src/java/org/apache/cassandra/fql/FullQueryLogger.java.FullQueryLogger.batchSuccess.Long Parameter List,4.0.0,5.0.0,5.0.0,5
cassandra,4.0.0,org.apache.cassandra.fql,FullQueryLogger,enable,Long Parameter List,"designitejava,checkstyle",src/java/org/apache/cassandra/fql/FullQueryLogger.java,src/java/org/apache/cassandra/fql/FullQueryLogger.java.FullQueryLogger.enable.Long Parameter List,4.0.0,5.0.0,5.0.0,5
cassandra,4.1-alpha1,org.apache.cassandra.fql,FullQueryLogger,enableWithoutClean,Long Parameter List,"designitejava,checkstyle",src/java/org/apache/cassandra/fql/FullQueryLogger.java,src/java/org/apache/cassandra/fql/FullQueryLogger.java.FullQueryLogger.enableWithoutClean.Long Parameter List,4.1-alpha1,5.0.0,5.0.0,4
cassandra,4.0.0,org.apache.cassandra.fql,FullQueryLogger,executeSuccess,Long Parameter List,"designitejava,checkstyle",src/java/org/apache/cassandra/fql/FullQueryLogger.java,src/java/org/apache/cassandra/fql/FullQueryLogger.java.FullQueryLogger.executeSuccess.Long Parameter List,4.0.0,5.0.0,5.0.0,5
cassandra,4.0.0,org.apache.cassandra.fql,FullQueryLogger,querySuccess,Long Parameter List,"designitejava,checkstyle",src/java/org/apache/cassandra/fql/FullQueryLogger.java,src/java/org/apache/cassandra/fql/FullQueryLogger.java.FullQueryLogger.querySuccess.Long Parameter List,4.0.0,5.0.0,5.0.0,5
cassandra,4.0.0,org.apache.cassandra.fql,FullQueryLogger,reset,Complex Method,"designitejava,checkstyle",src/java/org/apache/cassandra/fql/FullQueryLogger.java,src/java/org/apache/cassandra/fql/FullQueryLogger.java.FullQueryLogger.reset.Complex Method,4.0.0,5.0.0,5.0.0,5
cassandra,3.0.0,org.apache.cassandra.gms,FailureDetector,interpret,Complex Method,"designitejava,checkstyle",src/java/org/apache/cassandra/gms/FailureDetector.java,src/java/org/apache/cassandra/gms/FailureDetector.java.FailureDetector.interpret.Complex Method,3.0.0,5.0.0,5.0.0,18
cassandra,0.3.0-final,org.apache.cassandra.gms,Gossiper,,God Class,"pmd,checkstyle",src/java/org/apache/cassandra/gms/Gossiper.java,src/java/org/apache/cassandra/gms/Gossiper.java.Gossiper..God Class,0.3.0-final,5.0.0,5.0.0,42
cassandra,4.0-alpha1,org.apache.cassandra.gms,Gossiper,applyNewStates,Complex Method,"designitejava,pmd,checkstyle",src/java/org/apache/cassandra/gms/Gossiper.java,src/java/org/apache/cassandra/gms/Gossiper.java.Gossiper.applyNewStates.Complex Method,4.0-alpha1,5.0.0,5.0.0,6
cassandra,0.7.6-2,org.apache.cassandra.gms,Gossiper,applyStateLocally,Complex Method,"designitejava,pmd",src/java/org/apache/cassandra/gms/Gossiper.java,src/java/org/apache/cassandra/gms/Gossiper.java.Gossiper.applyStateLocally.Complex Method,0.7.6-2,5.0.0,5.0.0,34
cassandra,3.1,org.apache.cassandra.gms,Gossiper,doShadowRound,Complex Method,"designitejava,pmd",src/java/org/apache/cassandra/gms/Gossiper.java,src/java/org/apache/cassandra/gms/Gossiper.java.Gossiper.doShadowRound.Complex Method,3.1,5.0.0,5.0.0,17
cassandra,0.6.0-beta1,org.apache.cassandra.gms,Gossiper,doStatusCheck,Complex Method,"designitejava,pmd,checkstyle",src/java/org/apache/cassandra/gms/Gossiper.java,src/java/org/apache/cassandra/gms/Gossiper.java.Gossiper.doStatusCheck.Complex Method,0.6.0-beta1,5.0.0,5.0.0,37
cassandra,0.3.0-final,org.apache.cassandra.gms,Gossiper,examineGossiper,Complex Method,"designitejava,pmd",src/java/org/apache/cassandra/gms/Gossiper.java,src/java/org/apache/cassandra/gms/Gossiper.java.Gossiper.examineGossiper.Complex Method,0.3.0-final,5.0.0,5.0.0,42
cassandra,0.5.0-beta1,org.apache.cassandra.gms,Gossiper,getStateForVersionBiggerThan,Complex Method,"designitejava,pmd",src/java/org/apache/cassandra/gms/Gossiper.java,src/java/org/apache/cassandra/gms/Gossiper.java.Gossiper.getStateForVersionBiggerThan.Complex Method,0.5.0-beta1,5.0.0,5.0.0,39
cassandra,2.0.0-beta1,org.apache.cassandra.hadoop,AbstractColumnFamilyInputFormat,getSplits,Complex Method,"designitejava,pmd,checkstyle",src/java/org/apache/cassandra/hadoop/AbstractColumnFamilyInputFormat.java,src/java/org/apache/cassandra/hadoop/AbstractColumnFamilyInputFormat.java.AbstractColumnFamilyInputFormat.getSplits.Complex Method,2.0.0-beta1,2.2.0,3.0.0-alpha1,6
cassandra,1.1.0-beta1,org.apache.cassandra.hadoop,BulkRecordWriter,write,Complex Method,"designitejava,pmd",src/java/org/apache/cassandra/hadoop/BulkRecordWriter.java,src/java/org/apache/cassandra/hadoop/BulkRecordWriter.java.BulkRecordWriter.write.Complex Method,1.1.0-beta1,2.2.0,3.0.0-alpha1,10
cassandra,2.1.0-deb,org.apache.cassandra.hadoop,HadoopCompat,newMapContext,Long Parameter List,"designitejava,checkstyle",src/java/org/apache/cassandra/hadoop/HadoopCompat.java,src/java/org/apache/cassandra/hadoop/HadoopCompat.java.HadoopCompat.newMapContext.Long Parameter List,2.1.0-deb,4.1.0,5.0-alpha1,21
cassandra,4.0.0,org.apache.cassandra.hadoop.cql3,CqlClientHelper,addRange,Long Parameter List,"designitejava,checkstyle",src/java/org/apache/cassandra/hadoop/cql3/CqlClientHelper.java,src/java/org/apache/cassandra/hadoop/cql3/CqlClientHelper.java.CqlClientHelper.addRange.Long Parameter List,4.0.0,4.1.0,5.0-alpha1,3
cassandra,2.1.0-deb,org.apache.cassandra.hadoop.cql3,CqlConfigHelper,,God Class,"pmd,checkstyle",src/java/org/apache/cassandra/hadoop/cql3/CqlConfigHelper.java,src/java/org/apache/cassandra/hadoop/cql3/CqlConfigHelper.java.CqlConfigHelper..God Class,2.1.0-deb,4.1.0,5.0-alpha1,21
cassandra,2.1.0-deb,org.apache.cassandra.hadoop.cql3,CqlConfigHelper,getReadLoadBalancingPolicy,Complex Method,"designitejava,pmd",src/java/org/apache/cassandra/hadoop/cql3/CqlConfigHelper.java,src/java/org/apache/cassandra/hadoop/cql3/CqlConfigHelper.java.CqlConfigHelper.getReadLoadBalancingPolicy.Complex Method,2.1.0-deb,2.1.0,2.2.0-beta1,2
cassandra,3.1,org.apache.cassandra.hadoop.cql3,CqlInputFormat,describeSplits,Long Parameter List,"designitejava,checkstyle",src/java/org/apache/cassandra/hadoop/cql3/CqlInputFormat.java,src/java/org/apache/cassandra/hadoop/cql3/CqlInputFormat.java.CqlInputFormat.describeSplits.Long Parameter List,3.1,4.1.0,5.0-alpha1,15
cassandra,3.0.0-alpha1,org.apache.cassandra.hadoop.cql3,CqlInputFormat,getSplits,Complex Method,"designitejava,pmd,checkstyle",src/java/org/apache/cassandra/hadoop/cql3/CqlInputFormat.java,src/java/org/apache/cassandra/hadoop/cql3/CqlInputFormat.java.CqlInputFormat.getSplits.Complex Method,3.0.0-alpha1,4.1.0,5.0-alpha1,17
cassandra,2.1.0-deb,org.apache.cassandra.hadoop.cql3,CqlRecordReader,initialize,Complex Method,"designitejava,pmd,checkstyle",src/java/org/apache/cassandra/hadoop/cql3/CqlRecordReader.java,src/java/org/apache/cassandra/hadoop/cql3/CqlRecordReader.java.CqlRecordReader.initialize.Complex Method,2.1.0-deb,2.1.0,2.2.0-beta1,2
cassandra,2.0.0-beta1,org.apache.cassandra.hadoop.pig,AbstractCassandraStorage,,God Class,"pmd,checkstyle",src/java/org/apache/cassandra/hadoop/pig/AbstractCassandraStorage.java,src/java/org/apache/cassandra/hadoop/pig/AbstractCassandraStorage.java.AbstractCassandraStorage..God Class,2.0.0-beta1,2.2.0-beta1,2.2.0,5
cassandra,2.1.0-deb,org.apache.cassandra.hadoop.pig,AbstractCassandraStorage,getColumnMeta,Complex Method,"designitejava,pmd,checkstyle",src/java/org/apache/cassandra/hadoop/pig/AbstractCassandraStorage.java,src/java/org/apache/cassandra/hadoop/pig/AbstractCassandraStorage.java.AbstractCassandraStorage.getColumnMeta.Complex Method,2.1.0-deb,2.2.0-beta1,2.2.0,3
cassandra,2.0.0-beta1,org.apache.cassandra.hadoop.pig,AbstractCassandraStorage,getKeysMeta,Complex Method,"designitejava,pmd,checkstyle",src/java/org/apache/cassandra/hadoop/pig/AbstractCassandraStorage.java,src/java/org/apache/cassandra/hadoop/pig/AbstractCassandraStorage.java.AbstractCassandraStorage.getKeysMeta.Complex Method,2.0.0-beta1,2.0.0,2.1.0-deb,2
cassandra,2.0.0-beta1,org.apache.cassandra.hadoop.pig,AbstractCassandraStorage,getPigType,Complex Method,"designitejava,checkstyle",src/java/org/apache/cassandra/hadoop/pig/AbstractCassandraStorage.java,src/java/org/apache/cassandra/hadoop/pig/AbstractCassandraStorage.java.AbstractCassandraStorage.getPigType.Complex Method,2.0.0-beta1,2.2.0-beta1,2.2.0,5
cassandra,2.0.0-beta1,org.apache.cassandra.hadoop.pig,AbstractCassandraStorage,objToBB,Complex Method,"designitejava,checkstyle",src/java/org/apache/cassandra/hadoop/pig/AbstractCassandraStorage.java,src/java/org/apache/cassandra/hadoop/pig/AbstractCassandraStorage.java.AbstractCassandraStorage.objToBB.Complex Method,2.0.0-beta1,2.2.0-beta1,2.2.0,5
cassandra,2.0.0-beta1,org.apache.cassandra.hadoop.pig,AbstractCassandraStorage,setConnectionInformation,Complex Method,"designitejava,checkstyle",src/java/org/apache/cassandra/hadoop/pig/AbstractCassandraStorage.java,src/java/org/apache/cassandra/hadoop/pig/AbstractCassandraStorage.java.AbstractCassandraStorage.setConnectionInformation.Complex Method,2.0.0-beta1,2.2.0-beta1,2.2.0,5
cassandra,1.1.0-beta1,org.apache.cassandra.hadoop.pig,CassandraStorage,,God Class,"pmd,checkstyle",src/java/org/apache/cassandra/hadoop/pig/CassandraStorage.java,src/java/org/apache/cassandra/hadoop/pig/CassandraStorage.java.CassandraStorage..God Class,1.1.0-beta1,2.2.0,3.0.0-alpha1,10
cassandra,2.2.0-beta1,org.apache.cassandra.hadoop.pig,CassandraStorage,getColumnMeta,Complex Method,"designitejava,pmd,checkstyle",src/java/org/apache/cassandra/hadoop/pig/CassandraStorage.java,src/java/org/apache/cassandra/hadoop/pig/CassandraStorage.java.CassandraStorage.getColumnMeta.Complex Method,2.2.0-beta1,2.2.0,3.0.0-alpha1,2
cassandra,1.2.0-beta1,org.apache.cassandra.hadoop.pig,CassandraStorage,getNext,Complex Method,"designitejava,checkstyle",src/java/org/apache/cassandra/hadoop/pig/CassandraStorage.java,src/java/org/apache/cassandra/hadoop/pig/CassandraStorage.java.CassandraStorage.getNext.Complex Method,1.2.0-beta1,2.2.0,3.0.0-alpha1,8
cassandra,1.1.0,org.apache.cassandra.hadoop.pig,CassandraStorage,getNextWide,Complex Method,"designitejava,pmd,checkstyle",src/java/org/apache/cassandra/hadoop/pig/CassandraStorage.java,src/java/org/apache/cassandra/hadoop/pig/CassandraStorage.java.CassandraStorage.getNextWide.Complex Method,1.1.0,2.2.0,3.0.0-alpha1,9
cassandra,1.1.0-beta1,org.apache.cassandra.hadoop.pig,CassandraStorage,setConnectionInformation,Complex Method,"designitejava,checkstyle",src/java/org/apache/cassandra/hadoop/pig/CassandraStorage.java,src/java/org/apache/cassandra/hadoop/pig/CassandraStorage.java.CassandraStorage.setConnectionInformation.Complex Method,1.1.0-beta1,1.2.0,2.0.0-beta1,4
cassandra,1.1.0,org.apache.cassandra.hadoop.pig,CassandraStorage,writeColumnsFromBag,Complex Method,"designitejava,pmd",src/java/org/apache/cassandra/hadoop/pig/CassandraStorage.java,src/java/org/apache/cassandra/hadoop/pig/CassandraStorage.java.CassandraStorage.writeColumnsFromBag.Complex Method,1.1.0,2.2.0,3.0.0-alpha1,9
cassandra,2.2.0-beta1,org.apache.cassandra.hadoop.pig,CqlNativeStorage,,God Class,"pmd,checkstyle",src/java/org/apache/cassandra/hadoop/pig/CqlNativeStorage.java,src/java/org/apache/cassandra/hadoop/pig/CqlNativeStorage.java.CqlNativeStorage..God Class,2.2.0-beta1,3.0.0-alpha1,3.0.0,3
cassandra,2.2.0-beta1,org.apache.cassandra.hadoop.pig,CqlNativeStorage,objToBB,Complex Method,"designitejava,pmd,checkstyle",src/java/org/apache/cassandra/hadoop/pig/CqlNativeStorage.java,src/java/org/apache/cassandra/hadoop/pig/CqlNativeStorage.java.CqlNativeStorage.objToBB.Complex Method,2.2.0-beta1,3.0.0-alpha1,3.0.0,3
cassandra,2.1.0-deb,org.apache.cassandra.hadoop.pig,CqlNativeStorage,setLocation,Complex Method,"designitejava,pmd,checkstyle",src/java/org/apache/cassandra/hadoop/pig/CqlNativeStorage.java,src/java/org/apache/cassandra/hadoop/pig/CqlNativeStorage.java.CqlNativeStorage.setLocation.Complex Method,2.1.0-deb,3.0.0-alpha1,3.0.0,5
cassandra,2.1.0-deb,org.apache.cassandra.hadoop.pig,CqlNativeStorage,setLocationFromUri,Complex Method,"designitejava,pmd,checkstyle",src/java/org/apache/cassandra/hadoop/pig/CqlNativeStorage.java,src/java/org/apache/cassandra/hadoop/pig/CqlNativeStorage.java.CqlNativeStorage.setLocationFromUri.Complex Method,2.1.0-deb,3.0.0-alpha1,3.0.0,5
cassandra,2.1.0-deb,org.apache.cassandra.hadoop.pig,CqlStorage,getKeysMeta,Complex Method,"designitejava,pmd,checkstyle",src/java/org/apache/cassandra/hadoop/pig/CqlStorage.java,src/java/org/apache/cassandra/hadoop/pig/CqlStorage.java.CqlStorage.getKeysMeta.Complex Method,2.1.0-deb,2.1.0,2.2.0-beta1,2
cassandra,2.0.0-beta1,org.apache.cassandra.hadoop.pig,CqlStorage,setLocation,Complex Method,"designitejava,pmd,checkstyle",src/java/org/apache/cassandra/hadoop/pig/CqlStorage.java,src/java/org/apache/cassandra/hadoop/pig/CqlStorage.java.CqlStorage.setLocation.Complex Method,2.0.0-beta1,2.1.0,2.2.0-beta1,4
cassandra,2.0.0-beta1,org.apache.cassandra.hadoop.pig,CqlStorage,setLocationFromUri,Complex Method,"designitejava,pmd,checkstyle",src/java/org/apache/cassandra/hadoop/pig/CqlStorage.java,src/java/org/apache/cassandra/hadoop/pig/CqlStorage.java.CqlStorage.setLocationFromUri.Complex Method,2.0.0-beta1,2.1.0,2.2.0-beta1,4
cassandra,5.0.0,org.apache.cassandra.index,SecondaryIndexManager,getBestIndexQueryPlanFor,Complex Method,"designitejava,pmd,checkstyle",src/java/org/apache/cassandra/index/SecondaryIndexManager.java,src/java/org/apache/cassandra/index/SecondaryIndexManager.java.SecondaryIndexManager.getBestIndexQueryPlanFor.Complex Method,5.0.0,5.0.0,5.0.0,1
cassandra,3.1,org.apache.cassandra.index,SecondaryIndexManager,indexPartition,Complex Method,"designitejava,pmd,checkstyle",src/java/org/apache/cassandra/index/SecondaryIndexManager.java,src/java/org/apache/cassandra/index/SecondaryIndexManager.java.SecondaryIndexManager.indexPartition.Complex Method,3.1,5.0.0,5.0.0,17
cassandra,5.0-alpha1,org.apache.cassandra.index,SingletonIndexGroup,indexerFor,Long Parameter List,"designitejava,checkstyle",src/java/org/apache/cassandra/index/SingletonIndexGroup.java,src/java/org/apache/cassandra/index/SingletonIndexGroup.java.SingletonIndexGroup.indexerFor.Long Parameter List,5.0-alpha1,5.0.0,5.0.0,2
cassandra,3.0.0,org.apache.cassandra.index.internal,CassandraIndex,,God Class,"pmd,checkstyle",src/java/org/apache/cassandra/index/internal/CassandraIndex.java,src/java/org/apache/cassandra/index/internal/CassandraIndex.java.CassandraIndex..God Class,3.0.0,5.0.0,5.0.0,18
cassandra,3.0.0,org.apache.cassandra.index.internal,CassandraIndex,getFunctions,Complex Method,"designitejava,checkstyle",src/java/org/apache/cassandra/index/internal/CassandraIndex.java,src/java/org/apache/cassandra/index/internal/CassandraIndex.java.CassandraIndex.getFunctions.Complex Method,3.0.0,5.0.0,5.0.0,18
cassandra,3.0.0,org.apache.cassandra.index.internal,CassandraIndex,indexerFor,Complex Method,"designitejava,pmd",src/java/org/apache/cassandra/index/internal/CassandraIndex.java,src/java/org/apache/cassandra/index/internal/CassandraIndex.java.CassandraIndex.indexerFor.Complex Method,3.0.0,5.0.0,5.0.0,18
cassandra,3.0.0,org.apache.cassandra.index.internal,CassandraIndexSearcher,makeIndexFilter,Complex Method,"designitejava,pmd,checkstyle",src/java/org/apache/cassandra/index/internal/CassandraIndexSearcher.java,src/java/org/apache/cassandra/index/internal/CassandraIndexSearcher.java.CassandraIndexSearcher.makeIndexFilter.Complex Method,3.0.0,5.0.0,5.0.0,18
cassandra,3.1,org.apache.cassandra.index.internal.composites,CompositesSearcher,filterStaleEntries,Complex Method,"designitejava,pmd",src/java/org/apache/cassandra/index/internal/composites/CompositesSearcher.java,src/java/org/apache/cassandra/index/internal/composites/CompositesSearcher.java.CompositesSearcher.filterStaleEntries.Complex Method,3.1,5.0.0,5.0.0,17
cassandra,3.0.0,org.apache.cassandra.index.internal.composites,CompositesSearcher,queryDataFromIndex,Complex Method,"designitejava,pmd",src/java/org/apache/cassandra/index/internal/composites/CompositesSearcher.java,src/java/org/apache/cassandra/index/internal/composites/CompositesSearcher.java.CompositesSearcher.queryDataFromIndex.Complex Method,3.0.0,5.0.0,5.0.0,18
cassandra,3.0.0,org.apache.cassandra.index.internal.keys,KeysSearcher,filterIfStale,Long Parameter List,"designitejava,checkstyle",src/java/org/apache/cassandra/index/internal/keys/KeysSearcher.java,src/java/org/apache/cassandra/index/internal/keys/KeysSearcher.java.KeysSearcher.filterIfStale.Long Parameter List,3.0.0,5.0.0,5.0.0,18
cassandra,5.0-alpha1,org.apache.cassandra.index.sai,IndexContext,,God Class,"pmd,checkstyle",src/java/org/apache/cassandra/index/sai/IndexContext.java,src/java/org/apache/cassandra/index/sai/IndexContext.java.IndexContext..God Class,5.0-alpha1,5.0-alpha1,5.0.0,1
cassandra,5.0-alpha1,org.apache.cassandra.index.sai,IndexContext,getBuiltIndexes,Complex Method,"designitejava,pmd",src/java/org/apache/cassandra/index/sai/IndexContext.java,src/java/org/apache/cassandra/index/sai/IndexContext.java.IndexContext.getBuiltIndexes.Complex Method,5.0-alpha1,5.0-alpha1,5.0.0,1
cassandra,5.0-alpha1,org.apache.cassandra.index.sai,StorageAttachedIndex,indexerFor,Long Parameter List,"designitejava,checkstyle",src/java/org/apache/cassandra/index/sai/StorageAttachedIndex.java,src/java/org/apache/cassandra/index/sai/StorageAttachedIndex.java.StorageAttachedIndex.indexerFor.Long Parameter List,5.0-alpha1,5.0.0,5.0.0,2
cassandra,5.0-alpha1,org.apache.cassandra.index.sai,StorageAttachedIndex,validateOptions,Complex Method,"designitejava,pmd,checkstyle",src/java/org/apache/cassandra/index/sai/StorageAttachedIndex.java,src/java/org/apache/cassandra/index/sai/StorageAttachedIndex.java.StorageAttachedIndex.validateOptions.Complex Method,5.0-alpha1,5.0.0,5.0.0,2
cassandra,5.0-alpha1,org.apache.cassandra.index.sai,StorageAttachedIndexBuilder,indexSSTable,Complex Method,"designitejava,pmd,checkstyle",src/java/org/apache/cassandra/index/sai/StorageAttachedIndexBuilder.java,src/java/org/apache/cassandra/index/sai/StorageAttachedIndexBuilder.java.StorageAttachedIndexBuilder.indexSSTable.Complex Method,5.0-alpha1,5.0.0,5.0.0,2
cassandra,5.0-alpha1,org.apache.cassandra.index.sai,StorageAttachedIndexGroup,indexerFor,Long Parameter List,"designitejava,checkstyle",src/java/org/apache/cassandra/index/sai/StorageAttachedIndexGroup.java,src/java/org/apache/cassandra/index/sai/StorageAttachedIndexGroup.java.StorageAttachedIndexGroup.indexerFor.Long Parameter List,5.0-alpha1,5.0.0,5.0.0,2
cassandra,5.0.0,org.apache.cassandra.index.sai,VectorQueryContext,bitsetForShadowedPrimaryKeys,Complex Method,"designitejava,pmd",src/java/org/apache/cassandra/index/sai/VectorQueryContext.java,src/java/org/apache/cassandra/index/sai/VectorQueryContext.java.VectorQueryContext.bitsetForShadowedPrimaryKeys.Complex Method,5.0.0,5.0.0,5.0.0,1
cassandra,5.0-alpha1,org.apache.cassandra.index.sai.analyzer,NonTokenizingAnalyzer,getFilterPipeline,Feature Envy,"designitejava,checkstyle",src/java/org/apache/cassandra/index/sai/analyzer/NonTokenizingAnalyzer.java,src/java/org/apache/cassandra/index/sai/analyzer/NonTokenizingAnalyzer.java.NonTokenizingAnalyzer.getFilterPipeline.Feature Envy,5.0-alpha1,5.0.0,5.0.0,2
cassandra,5.0.0,org.apache.cassandra.index.sai.disk,IndexSearchResultIterator,build,Long Parameter List,"designitejava,checkstyle",src/java/org/apache/cassandra/index/sai/disk/IndexSearchResultIterator.java,src/java/org/apache/cassandra/index/sai/disk/IndexSearchResultIterator.java.IndexSearchResultIterator.build.Long Parameter List,5.0.0,5.0.0,5.0.0,1
cassandra,5.0.0,org.apache.cassandra.index.sai.disk.v1,IndexWriterConfig,fromOptions,Complex Method,"designitejava,pmd,checkstyle",src/java/org/apache/cassandra/index/sai/disk/v1/IndexWriterConfig.java,src/java/org/apache/cassandra/index/sai/disk/v1/IndexWriterConfig.java.IndexWriterConfig.fromOptions.Complex Method,5.0.0,5.0.0,5.0.0,1
cassandra,5.0-alpha1,org.apache.cassandra.index.sai.disk.v1,MemtableIndexWriter,flush,Feature Envy,"designitejava,checkstyle",src/java/org/apache/cassandra/index/sai/disk/v1/MemtableIndexWriter.java,src/java/org/apache/cassandra/index/sai/disk/v1/MemtableIndexWriter.java.MemtableIndexWriter.flush.Feature Envy,5.0-alpha1,5.0.0,5.0.0,2
cassandra,5.0-alpha1,org.apache.cassandra.index.sai.disk.v1.bbtree,BlockBalancedTreeWriter,recurseBalanceTree,Long Parameter List,"designitejava,checkstyle",src/java/org/apache/cassandra/index/sai/disk/v1/bbtree/BlockBalancedTreeWriter.java,src/java/org/apache/cassandra/index/sai/disk/v1/bbtree/BlockBalancedTreeWriter.java.BlockBalancedTreeWriter.recurseBalanceTree.Long Parameter List,5.0-alpha1,5.0.0,5.0.0,2
cassandra,5.0-alpha1,org.apache.cassandra.index.sai.disk.v1.bbtree,BlockBalancedTreeWriter,recursePackIndex,Complex Method,"designitejava,pmd,checkstyle",src/java/org/apache/cassandra/index/sai/disk/v1/bbtree/BlockBalancedTreeWriter.java,src/java/org/apache/cassandra/index/sai/disk/v1/bbtree/BlockBalancedTreeWriter.java.BlockBalancedTreeWriter.recursePackIndex.Complex Method,5.0-alpha1,5.0.0,5.0.0,2
cassandra,5.0-alpha1,org.apache.cassandra.index.sai.disk.v1.bbtree,BlockBalancedTreeWriter,recursePackIndex,Long Parameter List,"designitejava,checkstyle",src/java/org/apache/cassandra/index/sai/disk/v1/bbtree/BlockBalancedTreeWriter.java,src/java/org/apache/cassandra/index/sai/disk/v1/bbtree/BlockBalancedTreeWriter.java.BlockBalancedTreeWriter.recursePackIndex.Long Parameter List,5.0-alpha1,5.0.0,5.0.0,2
cassandra,5.0-alpha1,org.apache.cassandra.index.sai.disk.v1.bitpack,AbstractBlockPackedReader,binarySearchBlockMinValues,Complex Method,"designitejava,pmd",src/java/org/apache/cassandra/index/sai/disk/v1/bitpack/AbstractBlockPackedReader.java,src/java/org/apache/cassandra/index/sai/disk/v1/bitpack/AbstractBlockPackedReader.java.AbstractBlockPackedReader.binarySearchBlockMinValues.Complex Method,5.0-alpha1,5.0.0,5.0.0,2
cassandra,5.0.0,org.apache.cassandra.index.sai.disk.v1.segment,VectorIndexSegmentSearcher,bitsOrPostingListForKeyRange,Complex Method,"designitejava,pmd,checkstyle",src/java/org/apache/cassandra/index/sai/disk/v1/segment/VectorIndexSegmentSearcher.java,src/java/org/apache/cassandra/index/sai/disk/v1/segment/VectorIndexSegmentSearcher.java.VectorIndexSegmentSearcher.bitsOrPostingListForKeyRange.Complex Method,5.0.0,5.0.0,5.0.0,1
cassandra,5.0-alpha1,org.apache.cassandra.index.sai.iterators,KeyRangeUnionIterator,computeNext,Complex Method,"designitejava,pmd,checkstyle",src/java/org/apache/cassandra/index/sai/iterators/KeyRangeUnionIterator.java,src/java/org/apache/cassandra/index/sai/iterators/KeyRangeUnionIterator.java.KeyRangeUnionIterator.computeNext.Complex Method,5.0-alpha1,5.0.0,5.0.0,2
cassandra,5.0-alpha1,org.apache.cassandra.index.sai.memory,MemtableIndexManager,index,Feature Envy,"designitejava,checkstyle",src/java/org/apache/cassandra/index/sai/memory/MemtableIndexManager.java,src/java/org/apache/cassandra/index/sai/memory/MemtableIndexManager.java.MemtableIndexManager.index.Feature Envy,5.0-alpha1,5.0-alpha1,5.0.0,1
cassandra,5.0.0,org.apache.cassandra.index.sai.memory,VectorMemoryIndex,update,Complex Method,"pmd,checkstyle",src/java/org/apache/cassandra/index/sai/memory/VectorMemoryIndex.java,src/java/org/apache/cassandra/index/sai/memory/VectorMemoryIndex.java.VectorMemoryIndex.update.Complex Method,5.0.0,5.0.0,5.0.0,1
cassandra,5.0-alpha1,org.apache.cassandra.index.sai.plan,Expression,isSatisfiedBy,Complex Method,"designitejava,pmd,checkstyle",src/java/org/apache/cassandra/index/sai/plan/Expression.java,src/java/org/apache/cassandra/index/sai/plan/Expression.java.Expression.isSatisfiedBy.Complex Method,5.0-alpha1,5.0.0,5.0.0,2
cassandra,5.0-alpha1,org.apache.cassandra.index.sai.plan,Operation,buildIndexExpressions,Complex Method,"designitejava,pmd,checkstyle",src/java/org/apache/cassandra/index/sai/plan/Operation.java,src/java/org/apache/cassandra/index/sai/plan/Operation.java.Operation.buildIndexExpressions.Complex Method,5.0-alpha1,5.0-alpha1,5.0.0,1
cassandra,5.0.0,org.apache.cassandra.index.sai.plan,Operation,buildIndexedExpression,Complex Method,"designitejava,pmd",src/java/org/apache/cassandra/index/sai/plan/Operation.java,src/java/org/apache/cassandra/index/sai/plan/Operation.java.Operation.buildIndexedExpression.Complex Method,5.0.0,5.0.0,5.0.0,1
cassandra,5.0.0,org.apache.cassandra.index.sai.plan,QueryController,getIndexQueryResults,Complex Method,"designitejava,pmd,checkstyle",src/java/org/apache/cassandra/index/sai/plan/QueryController.java,src/java/org/apache/cassandra/index/sai/plan/QueryController.java.QueryController.getIndexQueryResults.Complex Method,5.0.0,5.0.0,5.0.0,1
cassandra,5.0.0,org.apache.cassandra.index.sai.plan,StorageAttachedIndexQueryPlan,create,Complex Method,"designitejava,pmd",src/java/org/apache/cassandra/index/sai/plan/StorageAttachedIndexQueryPlan.java,src/java/org/apache/cassandra/index/sai/plan/StorageAttachedIndexQueryPlan.java.StorageAttachedIndexQueryPlan.create.Complex Method,5.0.0,5.0.0,5.0.0,1
cassandra,5.0.0,org.apache.cassandra.index.sai.utils,IndexTermType,,God Class,"pmd,checkstyle",src/java/org/apache/cassandra/index/sai/utils/IndexTermType.java,src/java/org/apache/cassandra/index/sai/utils/IndexTermType.java.IndexTermType..God Class,5.0.0,5.0.0,5.0.0,1
cassandra,5.0.0,org.apache.cassandra.index.sai.utils,IndexTermType,calculateCapabilities,Complex Method,"designitejava,pmd,checkstyle",src/java/org/apache/cassandra/index/sai/utils/IndexTermType.java,src/java/org/apache/cassandra/index/sai/utils/IndexTermType.java.IndexTermType.calculateCapabilities.Complex Method,5.0.0,5.0.0,5.0.0,1
cassandra,5.0.0,org.apache.cassandra.index.sai.utils,IndexTermType,supports,Complex Method,"designitejava,checkstyle",src/java/org/apache/cassandra/index/sai/utils/IndexTermType.java,src/java/org/apache/cassandra/index/sai/utils/IndexTermType.java.IndexTermType.supports.Complex Method,5.0.0,5.0.0,5.0.0,1
cassandra,5.0-alpha1,org.apache.cassandra.index.sai.utils,TypeUtil,,God Class,"pmd,checkstyle",src/java/org/apache/cassandra/index/sai/utils/TypeUtil.java,src/java/org/apache/cassandra/index/sai/utils/TypeUtil.java.TypeUtil..God Class,5.0-alpha1,5.0-alpha1,5.0.0,1
cassandra,5.0.0,org.apache.cassandra.index.sai.view,IndexViewManager,getBuiltIndexes,Complex Method,"designitejava,pmd",src/java/org/apache/cassandra/index/sai/view/IndexViewManager.java,src/java/org/apache/cassandra/index/sai/view/IndexViewManager.java.IndexViewManager.getBuiltIndexes.Complex Method,5.0.0,5.0.0,5.0.0,1
cassandra,3.1,org.apache.cassandra.index.sasi,SASIIndex,handleNotification,Feature Envy,"designitejava,checkstyle",src/java/org/apache/cassandra/index/sasi/SASIIndex.java,src/java/org/apache/cassandra/index/sasi/SASIIndex.java.SASIIndex.handleNotification.Feature Envy,3.1,5.0.0,5.0.0,17
cassandra,3.4,org.apache.cassandra.index.sasi,Term,compareTo,Feature Envy,"designitejava,checkstyle",src/java/org/apache/cassandra/index/sasi/Term.java,src/java/org/apache/cassandra/index/sasi/Term.java.Term.compareTo.Feature Envy,3.4,3.5,3.6,2
cassandra,3.1,org.apache.cassandra.index.sasi,TermIterator,build,Complex Method,"pmd,checkstyle",src/java/org/apache/cassandra/index/sasi/TermIterator.java,src/java/org/apache/cassandra/index/sasi/TermIterator.java.TermIterator.build.Complex Method,3.1,5.0.0,5.0.0,17
cassandra,3.1,org.apache.cassandra.index.sasi.analyzer,NonTokenizingAnalyzer,getFilterPipeline,Feature Envy,"designitejava,checkstyle",src/java/org/apache/cassandra/index/sasi/analyzer/NonTokenizingAnalyzer.java,src/java/org/apache/cassandra/index/sasi/analyzer/NonTokenizingAnalyzer.java.NonTokenizingAnalyzer.getFilterPipeline.Feature Envy,3.1,5.0.0,5.0.0,17
cassandra,3.1,org.apache.cassandra.index.sasi.disk,OnDiskIndex,searchRange,Complex Method,"designitejava,pmd,checkstyle",src/java/org/apache/cassandra/index/sasi/disk/OnDiskIndex.java,src/java/org/apache/cassandra/index/sasi/disk/OnDiskIndex.java.OnDiskIndex.searchRange.Complex Method,3.1,5.0.0,5.0.0,17
cassandra,3.1,org.apache.cassandra.index.sasi.plan,Expression,add,Complex Method,"designitejava,pmd,checkstyle",src/java/org/apache/cassandra/index/sasi/plan/Expression.java,src/java/org/apache/cassandra/index/sasi/plan/Expression.java.Expression.add.Complex Method,3.1,5.0.0,5.0.0,17
cassandra,3.1,org.apache.cassandra.index.sasi.plan,Expression,isSatisfiedBy,Complex Method,"designitejava,pmd,checkstyle",src/java/org/apache/cassandra/index/sasi/plan/Expression.java,src/java/org/apache/cassandra/index/sasi/plan/Expression.java.Expression.isSatisfiedBy.Complex Method,3.1,5.0.0,5.0.0,17
cassandra,3.1,org.apache.cassandra.index.sasi.plan,Operation,analyzeGroup,Complex Method,"designitejava,pmd,checkstyle",src/java/org/apache/cassandra/index/sasi/plan/Operation.java,src/java/org/apache/cassandra/index/sasi/plan/Operation.java.Operation.analyzeGroup.Complex Method,3.1,5.0.0,5.0.0,17
cassandra,3.1,org.apache.cassandra.index.sasi.plan,Operation,localSatisfiedBy,Complex Method,"designitejava,pmd,checkstyle",src/java/org/apache/cassandra/index/sasi/plan/Operation.java,src/java/org/apache/cassandra/index/sasi/plan/Operation.java.Operation.localSatisfiedBy.Complex Method,3.1,5.0.0,5.0.0,17
cassandra,4.0-alpha1,org.apache.cassandra.index.sasi.plan,QueryController,applyScope,Feature Envy,"designitejava,checkstyle",src/java/org/apache/cassandra/index/sasi/plan/QueryController.java,src/java/org/apache/cassandra/index/sasi/plan/QueryController.java.QueryController.applyScope.Feature Envy,4.0-alpha1,5.0.0,5.0.0,6
cassandra,3.1,org.apache.cassandra.index.sasi.plan,QueryController,getView,Complex Method,"pmd,checkstyle",src/java/org/apache/cassandra/index/sasi/plan/QueryController.java,src/java/org/apache/cassandra/index/sasi/plan/QueryController.java.QueryController.getView.Complex Method,3.1,5.0.0,5.0.0,17
cassandra,3.1,org.apache.cassandra.index.sasi.utils,RangeUnionIterator,computeNext,Complex Method,"designitejava,pmd",src/java/org/apache/cassandra/index/sasi/utils/RangeUnionIterator.java,src/java/org/apache/cassandra/index/sasi/utils/RangeUnionIterator.java.RangeUnionIterator.computeNext.Complex Method,3.1,5.0.0,5.0.0,17
cassandra,3.1,org.apache.cassandra.index.sasi.utils.trie,AbstractPatriciaTrie,,God Class,"pmd,checkstyle",src/java/org/apache/cassandra/index/sasi/utils/trie/AbstractPatriciaTrie.java,src/java/org/apache/cassandra/index/sasi/utils/trie/AbstractPatriciaTrie.java.AbstractPatriciaTrie..God Class,3.1,5.0.0,5.0.0,17
cassandra,3.1,org.apache.cassandra.index.sasi.utils.trie,AbstractPatriciaTrie,nextEntryImpl,Complex Method,"designitejava,pmd,checkstyle",src/java/org/apache/cassandra/index/sasi/utils/trie/AbstractPatriciaTrie.java,src/java/org/apache/cassandra/index/sasi/utils/trie/AbstractPatriciaTrie.java.AbstractPatriciaTrie.nextEntryImpl.Complex Method,3.1,5.0.0,5.0.0,17
cassandra,3.1,org.apache.cassandra.index.sasi.utils.trie,AbstractPatriciaTrie,put,Complex Method,"designitejava,pmd,checkstyle",src/java/org/apache/cassandra/index/sasi/utils/trie/AbstractPatriciaTrie.java,src/java/org/apache/cassandra/index/sasi/utils/trie/AbstractPatriciaTrie.java.AbstractPatriciaTrie.put.Complex Method,3.1,5.0.0,5.0.0,17
cassandra,3.1,org.apache.cassandra.index.sasi.utils.trie,AbstractPatriciaTrie,removeInternalEntry,Complex Method,"designitejava,checkstyle",src/java/org/apache/cassandra/index/sasi/utils/trie/AbstractPatriciaTrie.java,src/java/org/apache/cassandra/index/sasi/utils/trie/AbstractPatriciaTrie.java.AbstractPatriciaTrie.removeInternalEntry.Complex Method,3.1,5.0.0,5.0.0,17
cassandra,3.1,org.apache.cassandra.index.sasi.utils.trie,AbstractPatriciaTrie,selectR,Complex Method,"designitejava,pmd",src/java/org/apache/cassandra/index/sasi/utils/trie/AbstractPatriciaTrie.java,src/java/org/apache/cassandra/index/sasi/utils/trie/AbstractPatriciaTrie.java.AbstractPatriciaTrie.selectR.Complex Method,3.1,5.0.0,5.0.0,17
cassandra,3.1,org.apache.cassandra.index.sasi.utils.trie,PatriciaTrie,higherEntry,Complex Method,"designitejava,pmd",src/java/org/apache/cassandra/index/sasi/utils/trie/PatriciaTrie.java,src/java/org/apache/cassandra/index/sasi/utils/trie/PatriciaTrie.java.PatriciaTrie.higherEntry.Complex Method,3.1,5.0.0,5.0.0,17
cassandra,0.3.0-final,org.apache.cassandra.io,IFileReader,next,Long Parameter List,"designitejava,checkstyle",src/java/org/apache/cassandra/io/IFileReader.java,src/java/org/apache/cassandra/io/IFileReader.java.IFileReader.next.Long Parameter List,0.3.0-final,0.3.0-final,0.4.0-final,1
cassandra,0.7.0,org.apache.cassandra.io,PrecompactedRow,write,Feature Envy,"designitejava,checkstyle",src/java/org/apache/cassandra/io/PrecompactedRow.java,src/java/org/apache/cassandra/io/PrecompactedRow.java.PrecompactedRow.write.Feature Envy,0.7.0,0.8.0,1.0.0-beta1,4
cassandra,0.5.0-beta1,org.apache.cassandra.io,SSTableReader,getPosition,Complex Method,"designitejava,pmd",src/java/org/apache/cassandra/io/SSTableReader.java,src/java/org/apache/cassandra/io/SSTableReader.java.SSTableReader.getPosition.Complex Method,0.5.0-beta1,0.6.0,0.7.0,4
cassandra,0.3.0-final,org.apache.cassandra.io,SequenceFile,writeUTF,Complex Method,"designitejava,pmd,checkstyle",src/java/org/apache/cassandra/io/SequenceFile.java,src/java/org/apache/cassandra/io/SequenceFile.java.SequenceFile.writeUTF.Complex Method,0.3.0-final,0.3.0-final,0.4.0-final,1
cassandra,2.2.0,org.apache.cassandra.io.compress,DeflateCompressor,compressArray,Long Parameter List,"designitejava,checkstyle",src/java/org/apache/cassandra/io/compress/DeflateCompressor.java,src/java/org/apache/cassandra/io/compress/DeflateCompressor.java.DeflateCompressor.compressArray.Long Parameter List,2.2.0,5.0.0,5.0.0,20
cassandra,5.0-alpha1,org.apache.cassandra.io.sstable,AbstractSSTableIterator,AbstractSSTableIterator,Complex Method,"designitejava,checkstyle",src/java/org/apache/cassandra/io/sstable/AbstractSSTableIterator.java,src/java/org/apache/cassandra/io/sstable/AbstractSSTableIterator.java.AbstractSSTableIterator.AbstractSSTableIterator.Complex Method,5.0-alpha1,5.0.0,5.0.0,2
cassandra,4.0-alpha1,org.apache.cassandra.io.sstable,Component,parse,Complex Method,"designitejava,checkstyle",src/java/org/apache/cassandra/io/sstable/Component.java,src/java/org/apache/cassandra/io/sstable/Component.java.Component.parse.Complex Method,4.0-alpha1,4.1.0,5.0-alpha1,4
cassandra,2.2.0-beta1,org.apache.cassandra.io.sstable,Descriptor,fromFilename,Complex Method,"designitejava,checkstyle",src/java/org/apache/cassandra/io/sstable/Descriptor.java,src/java/org/apache/cassandra/io/sstable/Descriptor.java.Descriptor.fromFilename.Complex Method,2.2.0-beta1,3.11.0,4.0-alpha1,15
cassandra,4.0-alpha1,org.apache.cassandra.io.sstable,Descriptor,fromFilenameWithComponent,Complex Method,"designitejava,checkstyle",src/java/org/apache/cassandra/io/sstable/Descriptor.java,src/java/org/apache/cassandra/io/sstable/Descriptor.java.Descriptor.fromFilenameWithComponent.Complex Method,4.0-alpha1,4.1.0,5.0-alpha1,4
cassandra,2.1.0-deb,org.apache.cassandra.io.sstable,IndexSummaryManager,adjustSamplingLevels,Complex Method,"designitejava,pmd,checkstyle",src/java/org/apache/cassandra/io/sstable/IndexSummaryManager.java,src/java/org/apache/cassandra/io/sstable/IndexSummaryManager.java.IndexSummaryManager.adjustSamplingLevels.Complex Method,2.1.0-deb,3.1,3.2,7
cassandra,3.1,org.apache.cassandra.io.sstable,IndexSummaryRedistribution,adjustSamplingLevels,Complex Method,"designitejava,pmd,checkstyle",src/java/org/apache/cassandra/io/sstable/IndexSummaryRedistribution.java,src/java/org/apache/cassandra/io/sstable/IndexSummaryRedistribution.java.IndexSummaryRedistribution.adjustSamplingLevels.Complex Method,3.1,4.1.0,5.0-alpha1,15
cassandra,3.1,org.apache.cassandra.io.sstable,IndexSummaryRedistribution,redistributeSummaries,Complex Method,"designitejava,pmd,checkstyle",src/java/org/apache/cassandra/io/sstable/IndexSummaryRedistribution.java,src/java/org/apache/cassandra/io/sstable/IndexSummaryRedistribution.java.IndexSummaryRedistribution.redistributeSummaries.Complex Method,3.1,4.1.0,5.0-alpha1,15
cassandra,4.0.0,org.apache.cassandra.io.sstable,SSTableHeaderFix,,God Class,"pmd,checkstyle",src/java/org/apache/cassandra/io/sstable/SSTableHeaderFix.java,src/java/org/apache/cassandra/io/sstable/SSTableHeaderFix.java.SSTableHeaderFix..God Class,4.0.0,4.1.0,5.0-alpha1,3
cassandra,4.0.0,org.apache.cassandra.io.sstable,SSTableHeaderFix,validatePartitionKey,Complex Method,"designitejava,pmd",src/java/org/apache/cassandra/io/sstable/SSTableHeaderFix.java,src/java/org/apache/cassandra/io/sstable/SSTableHeaderFix.java.SSTableHeaderFix.validatePartitionKey.Complex Method,4.0.0,4.1.0,5.0-alpha1,3
cassandra,0.7.0,org.apache.cassandra.io.sstable,SSTableReader,,God Class,"pmd,checkstyle",src/java/org/apache/cassandra/io/sstable/SSTableReader.java,src/java/org/apache/cassandra/io/sstable/SSTableReader.java.SSTableReader..God Class,0.7.0,2.1.0,2.2.0-beta1,14
cassandra,2.1.0-deb,org.apache.cassandra.io.sstable,SSTableReader,getApproximateKeyCount,Complex Method,"pmd,checkstyle",src/java/org/apache/cassandra/io/sstable/SSTableReader.java,src/java/org/apache/cassandra/io/sstable/SSTableReader.java.SSTableReader.getApproximateKeyCount.Complex Method,2.1.0-deb,2.1.0,2.2.0-beta1,2
cassandra,0.7.0,org.apache.cassandra.io.sstable,SSTableReader,getPosition,Complex Method,"designitejava,pmd,checkstyle",src/java/org/apache/cassandra/io/sstable/SSTableReader.java,src/java/org/apache/cassandra/io/sstable/SSTableReader.java.SSTableReader.getPosition.Complex Method,0.7.0,2.1.0,2.2.0-beta1,14
cassandra,0.8.0-beta1,org.apache.cassandra.io.sstable,SSTableReader,getSampleIndexesForRanges,Complex Method,"designitejava,pmd",src/java/org/apache/cassandra/io/sstable/SSTableReader.java,src/java/org/apache/cassandra/io/sstable/SSTableReader.java.SSTableReader.getSampleIndexesForRanges.Complex Method,0.8.0-beta1,2.1.0,2.2.0-beta1,12
cassandra,0.7.0,org.apache.cassandra.io.sstable,SSTableReader,internalOpen,Long Parameter List,"designitejava,checkstyle",src/java/org/apache/cassandra/io/sstable/SSTableReader.java,src/java/org/apache/cassandra/io/sstable/SSTableReader.java.SSTableReader.internalOpen.Long Parameter List,0.7.0,2.1.0,2.2.0-beta1,14
cassandra,0.7.0,org.apache.cassandra.io.sstable,SSTableReader,load,Complex Method,"designitejava,pmd,checkstyle",src/java/org/apache/cassandra/io/sstable/SSTableReader.java,src/java/org/apache/cassandra/io/sstable/SSTableReader.java.SSTableReader.load.Complex Method,0.7.0,2.0.0-beta1,2.0.0,11
cassandra,0.7.0,org.apache.cassandra.io.sstable,SSTableReader,open,Long Parameter List,"designitejava,checkstyle",src/java/org/apache/cassandra/io/sstable/SSTableReader.java,src/java/org/apache/cassandra/io/sstable/SSTableReader.java.SSTableReader.open.Long Parameter List,0.7.0,2.1.0,2.2.0-beta1,14
cassandra,2.1.0-deb,org.apache.cassandra.io.sstable,SSTableReader,scheduleTidy,Complex Method,"designitejava,pmd",src/java/org/apache/cassandra/io/sstable/SSTableReader.java,src/java/org/apache/cassandra/io/sstable/SSTableReader.java.SSTableReader.scheduleTidy.Complex Method,2.1.0-deb,2.1.0,2.2.0-beta1,2
cassandra,2.2.0-beta1,org.apache.cassandra.io.sstable,SSTableRewriter,moveStarts,Complex Method,"designitejava,pmd",src/java/org/apache/cassandra/io/sstable/SSTableRewriter.java,src/java/org/apache/cassandra/io/sstable/SSTableRewriter.java.SSTableRewriter.moveStarts.Complex Method,2.2.0-beta1,4.1.0,5.0-alpha1,19
cassandra,3.1,org.apache.cassandra.io.sstable,SSTableTxnWriter,createRangeAware,Long Parameter List,"designitejava,checkstyle",src/java/org/apache/cassandra/io/sstable/SSTableTxnWriter.java,src/java/org/apache/cassandra/io/sstable/SSTableTxnWriter.java.SSTableTxnWriter.createRangeAware.Long Parameter List,3.1,5.0.0,5.0.0,17
cassandra,3.0.0,org.apache.cassandra.io.sstable,SimpleSSTableMultiWriter,create,Long Parameter List,"designitejava,checkstyle",src/java/org/apache/cassandra/io/sstable/SimpleSSTableMultiWriter.java,src/java/org/apache/cassandra/io/sstable/SimpleSSTableMultiWriter.java.SimpleSSTableMultiWriter.create.Long Parameter List,3.0.0,5.0.0,5.0.0,18
cassandra,5.0-alpha1,org.apache.cassandra.io.sstable.format,DataComponent,buildWriter,Long Parameter List,"designitejava,checkstyle",src/java/org/apache/cassandra/io/sstable/format/DataComponent.java,src/java/org/apache/cassandra/io/sstable/format/DataComponent.java.DataComponent.buildWriter.Long Parameter List,5.0-alpha1,5.0.0,5.0.0,2
cassandra,5.0-alpha1,org.apache.cassandra.io.sstable.format,FilterComponent,maybeLoadBloomFilter,Complex Method,"designitejava,pmd,checkstyle",src/java/org/apache/cassandra/io/sstable/format/FilterComponent.java,src/java/org/apache/cassandra/io/sstable/format/FilterComponent.java.FilterComponent.maybeLoadBloomFilter.Complex Method,5.0-alpha1,5.0.0,5.0.0,2
cassandra,2.2.0-beta1,org.apache.cassandra.io.sstable.format,SSTableReader,,God Class,"pmd,checkstyle",src/java/org/apache/cassandra/io/sstable/format/SSTableReader.java,src/java/org/apache/cassandra/io/sstable/format/SSTableReader.java.SSTableReader..God Class,2.2.0-beta1,5.0.0,5.0.0,21
cassandra,2.2.0,org.apache.cassandra.io.sstable.format,SSTableReader,buildSummary,Complex Method,"designitejava,checkstyle",src/java/org/apache/cassandra/io/sstable/format/SSTableReader.java,src/java/org/apache/cassandra/io/sstable/format/SSTableReader.java.SSTableReader.buildSummary.Complex Method,2.2.0,4.0-alpha1,4.0.0,15
cassandra,2.2.0-beta1,org.apache.cassandra.io.sstable.format,SSTableReader,getApproximateKeyCount,Complex Method,"pmd,checkstyle",src/java/org/apache/cassandra/io/sstable/format/SSTableReader.java,src/java/org/apache/cassandra/io/sstable/format/SSTableReader.java.SSTableReader.getApproximateKeyCount.Complex Method,2.2.0-beta1,5.0.0,5.0.0,21
cassandra,2.2.0-beta1,org.apache.cassandra.io.sstable.format,SSTableReader,internalOpen,Long Parameter List,"designitejava,checkstyle",src/java/org/apache/cassandra/io/sstable/format/SSTableReader.java,src/java/org/apache/cassandra/io/sstable/format/SSTableReader.java.SSTableReader.internalOpen.Long Parameter List,2.2.0-beta1,4.1.0,5.0-alpha1,19
cassandra,2.2.0,org.apache.cassandra.io.sstable.format,SSTableReader,load,Complex Method,"designitejava,checkstyle",src/java/org/apache/cassandra/io/sstable/format/SSTableReader.java,src/java/org/apache/cassandra/io/sstable/format/SSTableReader.java.SSTableReader.load.Complex Method,2.2.0,4.0-alpha1,4.0.0,15
cassandra,4.1-alpha1,org.apache.cassandra.io.sstable.format,SSTableReader,rowIterator,Long Parameter List,"designitejava,checkstyle",src/java/org/apache/cassandra/io/sstable/format/SSTableReader.java,src/java/org/apache/cassandra/io/sstable/format/SSTableReader.java.SSTableReader.rowIterator.Long Parameter List,4.1-alpha1,4.1.0,5.0-alpha1,2
cassandra,2.2.0-beta1,org.apache.cassandra.io.sstable.format,SSTableReader,saveSummary,Long Parameter List,"designitejava,checkstyle",src/java/org/apache/cassandra/io/sstable/format/SSTableReader.java,src/java/org/apache/cassandra/io/sstable/format/SSTableReader.java.SSTableReader.saveSummary.Long Parameter List,2.2.0-beta1,3.9,3.10,13
cassandra,4.0.0,org.apache.cassandra.io.sstable.format,SSTableReaderBuilder,buildSummaryAndBloomFilter,Complex Method,"designitejava,pmd,checkstyle",src/java/org/apache/cassandra/io/sstable/format/SSTableReaderBuilder.java,src/java/org/apache/cassandra/io/sstable/format/SSTableReaderBuilder.java.SSTableReaderBuilder.buildSummaryAndBloomFilter.Complex Method,4.0.0,4.1.0,5.0-alpha1,3
cassandra,2.2.0-beta1,org.apache.cassandra.io.sstable.format,SSTableWriter,create,Long Parameter List,"designitejava,checkstyle",src/java/org/apache/cassandra/io/sstable/format/SSTableWriter.java,src/java/org/apache/cassandra/io/sstable/format/SSTableWriter.java.SSTableWriter.create.Long Parameter List,2.2.0-beta1,4.1.0,5.0-alpha1,19
cassandra,4.1-alpha1,org.apache.cassandra.io.sstable.format,SSTableWriter,guardCollectionSize,Complex Method,"designitejava,pmd,checkstyle",src/java/org/apache/cassandra/io/sstable/format/SSTableWriter.java,src/java/org/apache/cassandra/io/sstable/format/SSTableWriter.java.SSTableWriter.guardCollectionSize.Complex Method,4.1-alpha1,4.1.0,5.0-alpha1,2
cassandra,5.0-alpha1,org.apache.cassandra.io.sstable.format,SortedTableVerifier,verifySSTable,Complex Method,"pmd,checkstyle",src/java/org/apache/cassandra/io/sstable/format/SortedTableVerifier.java,src/java/org/apache/cassandra/io/sstable/format/SortedTableVerifier.java.SortedTableVerifier.verifySSTable.Complex Method,5.0-alpha1,5.0.0,5.0.0,2
cassandra,5.0-alpha1,org.apache.cassandra.io.sstable.format,SortedTableWriter,guardCollectionSize,Complex Method,"designitejava,pmd,checkstyle",src/java/org/apache/cassandra/io/sstable/format/SortedTableWriter.java,src/java/org/apache/cassandra/io/sstable/format/SortedTableWriter.java.SortedTableWriter.guardCollectionSize.Complex Method,5.0-alpha1,5.0.0,5.0.0,2
cassandra,5.0-alpha1,org.apache.cassandra.io.sstable.format,SortedTableWriter,guardCollectionSize,Feature Envy,"designitejava,checkstyle",src/java/org/apache/cassandra/io/sstable/format/SortedTableWriter.java,src/java/org/apache/cassandra/io/sstable/format/SortedTableWriter.java.SortedTableWriter.guardCollectionSize.Feature Envy,5.0-alpha1,5.0.0,5.0.0,2
cassandra,5.0-alpha1,org.apache.cassandra.io.sstable.format.big,BigFormatPartitionWriter,addIndexBlock,Complex Method,"designitejava,pmd",src/java/org/apache/cassandra/io/sstable/format/big/BigFormatPartitionWriter.java,src/java/org/apache/cassandra/io/sstable/format/big/BigFormatPartitionWriter.java.BigFormatPartitionWriter.addIndexBlock.Complex Method,5.0-alpha1,5.0.0,5.0.0,2
cassandra,5.0-alpha1,org.apache.cassandra.io.sstable.format.big,BigSSTableReaderLoadingBuilder,buildSummaryAndBloomFilter,Complex Method,"pmd,checkstyle",src/java/org/apache/cassandra/io/sstable/format/big/BigSSTableReaderLoadingBuilder.java,src/java/org/apache/cassandra/io/sstable/format/big/BigSSTableReaderLoadingBuilder.java.BigSSTableReaderLoadingBuilder.buildSummaryAndBloomFilter.Complex Method,5.0-alpha1,5.0.0,5.0.0,2
cassandra,5.0-alpha1,org.apache.cassandra.io.sstable.format.big,BigSSTableReaderLoadingBuilder,openComponents,Complex Method,"designitejava,pmd,checkstyle",src/java/org/apache/cassandra/io/sstable/format/big/BigSSTableReaderLoadingBuilder.java,src/java/org/apache/cassandra/io/sstable/format/big/BigSSTableReaderLoadingBuilder.java.BigSSTableReaderLoadingBuilder.openComponents.Complex Method,5.0-alpha1,5.0.0,5.0.0,2
cassandra,5.0-alpha1,org.apache.cassandra.io.sstable.format.big,BigTableReader,,God Class,"pmd,checkstyle",src/java/org/apache/cassandra/io/sstable/format/big/BigTableReader.java,src/java/org/apache/cassandra/io/sstable/format/big/BigTableReader.java.BigTableReader..God Class,5.0-alpha1,5.0.0,5.0.0,2
cassandra,5.0-alpha1,org.apache.cassandra.io.sstable.format.big,BigTableReader,cloneWithNewSummarySamplingLevel,Feature Envy,"designitejava,checkstyle",src/java/org/apache/cassandra/io/sstable/format/big/BigTableReader.java,src/java/org/apache/cassandra/io/sstable/format/big/BigTableReader.java.BigTableReader.cloneWithNewSummarySamplingLevel.Feature Envy,5.0-alpha1,5.0.0,5.0.0,2
cassandra,2.2.0-beta1,org.apache.cassandra.io.sstable.format.big,BigTableReader,getPosition,Complex Method,"designitejava,pmd,checkstyle",src/java/org/apache/cassandra/io/sstable/format/big/BigTableReader.java,src/java/org/apache/cassandra/io/sstable/format/big/BigTableReader.java.BigTableReader.getPosition.Complex Method,2.2.0-beta1,4.1.0,5.0-alpha1,19
cassandra,5.0-alpha1,org.apache.cassandra.io.sstable.format.big,BigTableReader,getRowIndexEntry,Complex Method,"designitejava,pmd,checkstyle",src/java/org/apache/cassandra/io/sstable/format/big/BigTableReader.java,src/java/org/apache/cassandra/io/sstable/format/big/BigTableReader.java.BigTableReader.getRowIndexEntry.Complex Method,5.0-alpha1,5.0.0,5.0.0,2
cassandra,4.1-alpha1,org.apache.cassandra.io.sstable.format.big,BigTableReader,rowIterator,Long Parameter List,"designitejava,checkstyle",src/java/org/apache/cassandra/io/sstable/format/big/BigTableReader.java,src/java/org/apache/cassandra/io/sstable/format/big/BigTableReader.java.BigTableReader.rowIterator.Long Parameter List,4.1-alpha1,5.0.0,5.0.0,4
cassandra,5.0-alpha1,org.apache.cassandra.io.sstable.format.big,BigTableScrubber,scrubInternal,Complex Method,"designitejava,pmd,checkstyle",src/java/org/apache/cassandra/io/sstable/format/big/BigTableScrubber.java,src/java/org/apache/cassandra/io/sstable/format/big/BigTableScrubber.java.BigTableScrubber.scrubInternal.Complex Method,5.0-alpha1,5.0.0,5.0.0,2
cassandra,5.0-alpha1,org.apache.cassandra.io.sstable.format.big,RowIndexEntry,create,Long Parameter List,"designitejava,checkstyle",src/java/org/apache/cassandra/io/sstable/format/big/RowIndexEntry.java,src/java/org/apache/cassandra/io/sstable/format/big/RowIndexEntry.java.RowIndexEntry.create.Long Parameter List,5.0-alpha1,5.0.0,5.0.0,2
cassandra,2.2.0-beta1,org.apache.cassandra.io.sstable.format.big,SSTableNamesIterator,readIndexedColumns,Complex Method,"designitejava,pmd,checkstyle",src/java/org/apache/cassandra/io/sstable/format/big/SSTableNamesIterator.java,src/java/org/apache/cassandra/io/sstable/format/big/SSTableNamesIterator.java.SSTableNamesIterator.readIndexedColumns.Complex Method,2.2.0-beta1,2.2.0,3.0.0-alpha1,2
cassandra,2.2.0-beta1,org.apache.cassandra.io.sstable.format.big,SSTableNamesIterator,readIndexedColumns,Long Parameter List,"designitejava,checkstyle",src/java/org/apache/cassandra/io/sstable/format/big/SSTableNamesIterator.java,src/java/org/apache/cassandra/io/sstable/format/big/SSTableNamesIterator.java.SSTableNamesIterator.readIndexedColumns.Long Parameter List,2.2.0-beta1,2.2.0,3.0.0-alpha1,2
cassandra,5.0-alpha1,org.apache.cassandra.io.sstable.format.bti,BtiTableReader,,God Class,"pmd,checkstyle",src/java/org/apache/cassandra/io/sstable/format/bti/BtiTableReader.java,src/java/org/apache/cassandra/io/sstable/format/bti/BtiTableReader.java.BtiTableReader..God Class,5.0-alpha1,5.0.0,5.0.0,2
cassandra,5.0-alpha1,org.apache.cassandra.io.sstable.format.bti,BtiTableReader,estimatedKeysForRanges,Complex Method,"designitejava,pmd,checkstyle",src/java/org/apache/cassandra/io/sstable/format/bti/BtiTableReader.java,src/java/org/apache/cassandra/io/sstable/format/bti/BtiTableReader.java.BtiTableReader.estimatedKeysForRanges.Complex Method,5.0-alpha1,5.0.0,5.0.0,2
cassandra,5.0-alpha1,org.apache.cassandra.io.sstable.format.bti,BtiTableReader,getRowIndexEntry,Complex Method,"pmd,checkstyle",src/java/org/apache/cassandra/io/sstable/format/bti/BtiTableReader.java,src/java/org/apache/cassandra/io/sstable/format/bti/BtiTableReader.java.BtiTableReader.getRowIndexEntry.Complex Method,5.0-alpha1,5.0.0,5.0.0,2
cassandra,5.0-alpha1,org.apache.cassandra.io.sstable.format.bti,BtiTableReader,rowIterator,Long Parameter List,"designitejava,checkstyle",src/java/org/apache/cassandra/io/sstable/format/bti/BtiTableReader.java,src/java/org/apache/cassandra/io/sstable/format/bti/BtiTableReader.java.BtiTableReader.rowIterator.Long Parameter List,5.0-alpha1,5.0.0,5.0.0,2
cassandra,5.0-alpha1,org.apache.cassandra.io.sstable.format.bti,BtiTableReaderLoadingBuilder,openComponents,Complex Method,"designitejava,checkstyle",src/java/org/apache/cassandra/io/sstable/format/bti/BtiTableReaderLoadingBuilder.java,src/java/org/apache/cassandra/io/sstable/format/bti/BtiTableReaderLoadingBuilder.java.BtiTableReaderLoadingBuilder.openComponents.Complex Method,5.0-alpha1,5.0.0,5.0.0,2
cassandra,5.0-alpha1,org.apache.cassandra.io.sstable.format.bti,BtiTableScrubber,scrubInternal,Complex Method,"designitejava,pmd,checkstyle",src/java/org/apache/cassandra/io/sstable/format/bti/BtiTableScrubber.java,src/java/org/apache/cassandra/io/sstable/format/bti/BtiTableScrubber.java.BtiTableScrubber.scrubInternal.Complex Method,5.0-alpha1,5.0.0,5.0.0,2
cassandra,5.0-alpha1,org.apache.cassandra.io.sstable.format.bti,PartitionIterator,create,Long Parameter List,"designitejava,checkstyle",src/java/org/apache/cassandra/io/sstable/format/bti/PartitionIterator.java,src/java/org/apache/cassandra/io/sstable/format/bti/PartitionIterator.java.PartitionIterator.create.Long Parameter List,5.0-alpha1,5.0.0,5.0.0,2
cassandra,5.0-alpha1,org.apache.cassandra.io.sstable.indexsummary,IndexSummaryRedistribution,addHooks,Long Parameter List,"designitejava,checkstyle",src/java/org/apache/cassandra/io/sstable/indexsummary/IndexSummaryRedistribution.java,src/java/org/apache/cassandra/io/sstable/indexsummary/IndexSummaryRedistribution.java.IndexSummaryRedistribution.addHooks.Long Parameter List,5.0-alpha1,5.0.0,5.0.0,2
cassandra,5.0-alpha1,org.apache.cassandra.io.sstable.indexsummary,IndexSummaryRedistribution,adjustSamplingLevels,Complex Method,"designitejava,pmd,checkstyle",src/java/org/apache/cassandra/io/sstable/indexsummary/IndexSummaryRedistribution.java,src/java/org/apache/cassandra/io/sstable/indexsummary/IndexSummaryRedistribution.java.IndexSummaryRedistribution.adjustSamplingLevels.Complex Method,5.0-alpha1,5.0.0,5.0.0,2
cassandra,2.1.0-deb,org.apache.cassandra.io.sstable.metadata,LegacyMetadataSerializer,deserialize,Complex Method,"designitejava,pmd",src/java/org/apache/cassandra/io/sstable/metadata/LegacyMetadataSerializer.java,src/java/org/apache/cassandra/io/sstable/metadata/LegacyMetadataSerializer.java.LegacyMetadataSerializer.deserialize.Complex Method,2.1.0-deb,3.11.0,4.0-alpha1,17
cassandra,4.0-alpha1,org.apache.cassandra.io.sstable.metadata,MetadataCollector,finalizeMetadata,Long Parameter List,"designitejava,checkstyle",src/java/org/apache/cassandra/io/sstable/metadata/MetadataCollector.java,src/java/org/apache/cassandra/io/sstable/metadata/MetadataCollector.java.MetadataCollector.finalizeMetadata.Long Parameter List,4.0-alpha1,5.0.0,5.0.0,6
cassandra,5.0-alpha1,org.apache.cassandra.io.tries,ReverseValueIterator,advanceNode,Complex Method,"designitejava,pmd,checkstyle",src/java/org/apache/cassandra/io/tries/ReverseValueIterator.java,src/java/org/apache/cassandra/io/tries/ReverseValueIterator.java.ReverseValueIterator.advanceNode.Complex Method,5.0-alpha1,5.0.0,5.0.0,2
cassandra,5.0-alpha1,org.apache.cassandra.io.tries,ValueIterator,advanceNode,Complex Method,"designitejava,pmd",src/java/org/apache/cassandra/io/tries/ValueIterator.java,src/java/org/apache/cassandra/io/tries/ValueIterator.java.ValueIterator.advanceNode.Complex Method,5.0-alpha1,5.0.0,5.0.0,2
cassandra,5.0-alpha1,org.apache.cassandra.io.tries,ValueIterator,initializeWithLeftBound,Complex Method,"designitejava,pmd,checkstyle",src/java/org/apache/cassandra/io/tries/ValueIterator.java,src/java/org/apache/cassandra/io/tries/ValueIterator.java.ValueIterator.initializeWithLeftBound.Complex Method,5.0-alpha1,5.0.0,5.0.0,2
cassandra,4.1-alpha1,org.apache.cassandra.io.util,File,,God Class,"pmd,checkstyle",src/java/org/apache/cassandra/io/util/File.java,src/java/org/apache/cassandra/io/util/File.java.File..God Class,4.1-alpha1,5.0.0,5.0.0,4
cassandra,2.2.0-beta1,org.apache.cassandra.io.util,NIODataInputStream,read,Complex Method,"designitejava,pmd,checkstyle",src/java/org/apache/cassandra/io/util/NIODataInputStream.java,src/java/org/apache/cassandra/io/util/NIODataInputStream.java.NIODataInputStream.read.Complex Method,2.2.0-beta1,3.0.0-alpha1,3.0.0,3
cassandra,4.1-alpha1,org.apache.cassandra.io.util,PathUtils,,God Class,"pmd,checkstyle",src/java/org/apache/cassandra/io/util/PathUtils.java,src/java/org/apache/cassandra/io/util/PathUtils.java.PathUtils..God Class,4.1-alpha1,5.0.0,5.0.0,4
cassandra,3.1,org.apache.cassandra.io.util,RewindableDataInputStreamPlus,,God Class,"pmd,checkstyle",src/java/org/apache/cassandra/io/util/RewindableDataInputStreamPlus.java,src/java/org/apache/cassandra/io/util/RewindableDataInputStreamPlus.java.RewindableDataInputStreamPlus..God Class,3.1,4.0.0,4.1-alpha1,13
cassandra,3.1,org.apache.cassandra.io.util,RewindableDataInputStreamPlus,readMulti,Complex Method,"pmd,checkstyle",src/java/org/apache/cassandra/io/util/RewindableDataInputStreamPlus.java,src/java/org/apache/cassandra/io/util/RewindableDataInputStreamPlus.java.RewindableDataInputStreamPlus.readMulti.Complex Method,3.1,4.0.0,4.1-alpha1,13
cassandra,3.1,org.apache.cassandra.io.util,RewindableDataInputStreamPlus,skip,Complex Method,"designitejava,pmd,checkstyle",src/java/org/apache/cassandra/io/util/RewindableDataInputStreamPlus.java,src/java/org/apache/cassandra/io/util/RewindableDataInputStreamPlus.java.RewindableDataInputStreamPlus.skip.Complex Method,3.1,4.0.0,4.1-alpha1,13
cassandra,3.1,org.apache.cassandra.io.util,RewindableDataInputStreamPlus,writeMulti,Complex Method,"designitejava,pmd,checkstyle",src/java/org/apache/cassandra/io/util/RewindableDataInputStreamPlus.java,src/java/org/apache/cassandra/io/util/RewindableDataInputStreamPlus.java.RewindableDataInputStreamPlus.writeMulti.Complex Method,3.1,4.0.0,4.1-alpha1,13
cassandra,2.2.0-beta1,org.apache.cassandra.io.util,UnbufferedDataOutputStreamPlus,writeUTF,Complex Method,"designitejava,pmd,checkstyle",src/java/org/apache/cassandra/io/util/UnbufferedDataOutputStreamPlus.java,src/java/org/apache/cassandra/io/util/UnbufferedDataOutputStreamPlus.java.UnbufferedDataOutputStreamPlus.writeUTF.Complex Method,2.2.0-beta1,5.0.0,5.0.0,21
cassandra,0.3.0-final,org.apache.cassandra.loader,CustomLoader,parse,Complex Method,"designitejava,pmd,checkstyle",src/java/org/apache/cassandra/loader/CustomLoader.java,src/java/org/apache/cassandra/loader/CustomLoader.java.CustomLoader.parse.Complex Method,0.3.0-final,0.3.0-final,0.4.0-final,1
cassandra,0.3.0-final,org.apache.cassandra.loader,Loader,parse,Complex Method,"designitejava,pmd,checkstyle",src/java/org/apache/cassandra/loader/Loader.java,src/java/org/apache/cassandra/loader/Loader.java.Loader.parse.Complex Method,0.3.0-final,0.3.0-final,0.4.0-final,1
cassandra,4.0-alpha1,org.apache.cassandra.locator,AbstractReplicaCollection,filter,Complex Method,"designitejava,pmd,checkstyle",src/java/org/apache/cassandra/locator/AbstractReplicaCollection.java,src/java/org/apache/cassandra/locator/AbstractReplicaCollection.java.AbstractReplicaCollection.filter.Complex Method,4.0-alpha1,5.0.0,5.0.0,6
cassandra,0.7.6-2,org.apache.cassandra.locator,AbstractReplicationStrategy,getHintedEndpoints,Complex Method,"designitejava,pmd",src/java/org/apache/cassandra/locator/AbstractReplicationStrategy.java,src/java/org/apache/cassandra/locator/AbstractReplicationStrategy.java.AbstractReplicationStrategy.getHintedEndpoints.Complex Method,0.7.6-2,0.8.0,1.0.0-beta1,3
cassandra,0.5.0-beta1,org.apache.cassandra.locator,AbstractReplicationStrategy,getHintedMapForEndpoints,Complex Method,"designitejava,pmd",src/java/org/apache/cassandra/locator/AbstractReplicationStrategy.java,src/java/org/apache/cassandra/locator/AbstractReplicationStrategy.java.AbstractReplicationStrategy.getHintedMapForEndpoints.Complex Method,0.5.0-beta1,0.6.0-beta1,0.6.0,3
cassandra,0.5.0-beta1,org.apache.cassandra.locator,DatacenterShardStategy,getNaturalEndpointsInternal,Complex Method,"designitejava,pmd,checkstyle",src/java/org/apache/cassandra/locator/DatacenterShardStategy.java,src/java/org/apache/cassandra/locator/DatacenterShardStategy.java.DatacenterShardStategy.getNaturalEndpointsInternal.Complex Method,0.5.0-beta1,0.6.0,0.7.0,4
cassandra,1.2.0-beta1,org.apache.cassandra.locator,DynamicEndpointSnitch,updateScores,Complex Method,"designitejava,pmd,checkstyle",src/java/org/apache/cassandra/locator/DynamicEndpointSnitch.java,src/java/org/apache/cassandra/locator/DynamicEndpointSnitch.java.DynamicEndpointSnitch.updateScores.Complex Method,1.2.0-beta1,5.0.0,5.0.0,27
cassandra,0.7.0,org.apache.cassandra.locator,NetworkTopologyStrategy,calculateNaturalEndpoints,Complex Method,"designitejava,pmd,checkstyle",src/java/org/apache/cassandra/locator/NetworkTopologyStrategy.java,src/java/org/apache/cassandra/locator/NetworkTopologyStrategy.java.NetworkTopologyStrategy.calculateNaturalEndpoints.Complex Method,0.7.0,3.1,3.2,19
cassandra,0.7.0,org.apache.cassandra.locator,OldNetworkTopologyStrategy,calculateNaturalEndpoints,Complex Method,"designitejava,pmd,checkstyle",src/java/org/apache/cassandra/locator/OldNetworkTopologyStrategy.java,src/java/org/apache/cassandra/locator/OldNetworkTopologyStrategy.java.OldNetworkTopologyStrategy.calculateNaturalEndpoints.Complex Method,0.7.0,3.11.0,4.0-alpha1,29
cassandra,4.0-alpha1,org.apache.cassandra.locator,OldNetworkTopologyStrategy,calculateNaturalReplicas,Complex Method,"designitejava,pmd,checkstyle",src/java/org/apache/cassandra/locator/OldNetworkTopologyStrategy.java,src/java/org/apache/cassandra/locator/OldNetworkTopologyStrategy.java.OldNetworkTopologyStrategy.calculateNaturalReplicas.Complex Method,4.0-alpha1,4.0-alpha1,4.0.0,1
cassandra,0.5.0-beta1,org.apache.cassandra.locator,RackAwareStrategy,getNaturalEndpoints,Complex Method,"designitejava,pmd,checkstyle",src/java/org/apache/cassandra/locator/RackAwareStrategy.java,src/java/org/apache/cassandra/locator/RackAwareStrategy.java.RackAwareStrategy.getNaturalEndpoints.Complex Method,0.5.0-beta1,0.6.0,0.7.0,4
cassandra,0.4.0-final,org.apache.cassandra.locator,RackAwareStrategy,getReadStorageEndPoints,Complex Method,"designitejava,pmd,checkstyle",src/java/org/apache/cassandra/locator/RackAwareStrategy.java,src/java/org/apache/cassandra/locator/RackAwareStrategy.java.RackAwareStrategy.getReadStorageEndPoints.Complex Method,0.4.0-final,0.4.1,0.5.0-beta1,2
cassandra,0.3.0-final,org.apache.cassandra.locator,RackAwareStrategy,getStorageEndPoints,Complex Method,"designitejava,pmd,checkstyle",src/java/org/apache/cassandra/locator/RackAwareStrategy.java,src/java/org/apache/cassandra/locator/RackAwareStrategy.java.RackAwareStrategy.getStorageEndPoints.Complex Method,0.3.0-final,0.3.0-final,0.4.0-final,1
cassandra,0.4.0-final,org.apache.cassandra.locator,RackUnawareStrategy,getStorageTokens,Complex Method,"designitejava,checkstyle",src/java/org/apache/cassandra/locator/RackUnawareStrategy.java,src/java/org/apache/cassandra/locator/RackUnawareStrategy.java.RackUnawareStrategy.getStorageTokens.Complex Method,0.4.0-final,0.4.1,0.5.0-beta1,2
cassandra,4.0-alpha1,org.apache.cassandra.locator,ReplicaPlans,assureSufficientLiveReplicas,Complex Method,"designitejava,pmd,checkstyle",src/java/org/apache/cassandra/locator/ReplicaPlans.java,src/java/org/apache/cassandra/locator/ReplicaPlans.java.ReplicaPlans.assureSufficientLiveReplicas.Complex Method,4.0-alpha1,5.0.0,5.0.0,6
cassandra,4.0-alpha1,org.apache.cassandra.locator,ReplicaPlans,forWrite,Long Parameter List,"designitejava,checkstyle",src/java/org/apache/cassandra/locator/ReplicaPlans.java,src/java/org/apache/cassandra/locator/ReplicaPlans.java.ReplicaPlans.forWrite.Long Parameter List,4.0-alpha1,5.0.0,5.0.0,6
cassandra,2.2.0-beta1,org.apache.cassandra.locator,TokenMetadata,calculatePendingRanges,Complex Method,"designitejava,pmd,checkstyle",src/java/org/apache/cassandra/locator/TokenMetadata.java,src/java/org/apache/cassandra/locator/TokenMetadata.java.TokenMetadata.calculatePendingRanges.Complex Method,2.2.0-beta1,5.0.0,5.0.0,21
cassandra,2.0.0-beta1,org.apache.cassandra.locator,YamlFileNetworkTopologySnitch,loadTopologyConfiguration,Complex Method,"designitejava,pmd,checkstyle",src/java/org/apache/cassandra/locator/YamlFileNetworkTopologySnitch.java,src/java/org/apache/cassandra/locator/YamlFileNetworkTopologySnitch.java.YamlFileNetworkTopologySnitch.loadTopologyConfiguration.Complex Method,2.0.0-beta1,2.1.0,2.2.0-beta1,4
cassandra,3.1,org.apache.cassandra.metrics,CompactionMetrics,getValue,Complex Method,"designitejava,pmd",src/java/org/apache/cassandra/metrics/CompactionMetrics.java,src/java/org/apache/cassandra/metrics/CompactionMetrics.java.CompactionMetrics.getValue.Complex Method,3.1,5.0.0,5.0.0,17
cassandra,5.0-alpha1,org.apache.cassandra.metrics,SamplingManager,createSamplingBeginRunnable,Long Parameter List,"designitejava,checkstyle",src/java/org/apache/cassandra/metrics/SamplingManager.java,src/java/org/apache/cassandra/metrics/SamplingManager.java.SamplingManager.createSamplingBeginRunnable.Long Parameter List,5.0-alpha1,5.0.0,5.0.0,2
cassandra,5.0-alpha1,org.apache.cassandra.metrics,SamplingManager,createSamplingEndRunnable,Long Parameter List,"designitejava,checkstyle",src/java/org/apache/cassandra/metrics/SamplingManager.java,src/java/org/apache/cassandra/metrics/SamplingManager.java.SamplingManager.createSamplingEndRunnable.Long Parameter List,5.0-alpha1,5.0.0,5.0.0,2
cassandra,5.0-alpha1,org.apache.cassandra.metrics,SamplingManager,register,Long Parameter List,"designitejava,checkstyle",src/java/org/apache/cassandra/metrics/SamplingManager.java,src/java/org/apache/cassandra/metrics/SamplingManager.java.SamplingManager.register.Long Parameter List,5.0-alpha1,5.0.0,5.0.0,2
cassandra,3.1,org.apache.cassandra.metrics,TableMetrics,getValue,Complex Method,"designitejava,pmd",src/java/org/apache/cassandra/metrics/TableMetrics.java,src/java/org/apache/cassandra/metrics/TableMetrics.java.TableMetrics.getValue.Complex Method,3.1,3.11.0,4.0-alpha1,11
cassandra,4.0-alpha1,org.apache.cassandra.metrics,TableMetrics,totalNonSystemTablesSize,Complex Method,"designitejava,pmd",src/java/org/apache/cassandra/metrics/TableMetrics.java,src/java/org/apache/cassandra/metrics/TableMetrics.java.TableMetrics.totalNonSystemTablesSize.Complex Method,4.0-alpha1,5.0.0,5.0.0,6
cassandra,4.0-alpha1,org.apache.cassandra.net,AsyncPromise,,God Class,"pmd,checkstyle",src/java/org/apache/cassandra/net/AsyncPromise.java,src/java/org/apache/cassandra/net/AsyncPromise.java.AsyncPromise..God Class,4.0-alpha1,4.0.0,4.1-alpha1,2
cassandra,4.0-alpha1,org.apache.cassandra.net,FrameDecoderLegacy,decode,Complex Method,"designitejava,pmd,checkstyle",src/java/org/apache/cassandra/net/FrameDecoderLegacy.java,src/java/org/apache/cassandra/net/FrameDecoderLegacy.java.FrameDecoderLegacy.decode.Complex Method,4.0-alpha1,4.1.0,5.0-alpha1,4
cassandra,4.0-alpha1,org.apache.cassandra.net,InboundConnectionSettings,withDefaults,Complex Method,"designitejava,checkstyle",src/java/org/apache/cassandra/net/InboundConnectionSettings.java,src/java/org/apache/cassandra/net/InboundConnectionSettings.java.InboundConnectionSettings.withDefaults.Complex Method,4.0-alpha1,5.0.0,5.0.0,6
cassandra,0.7.6-2,org.apache.cassandra.net,IncomingTcpConnection,run,Complex Method,"designitejava,pmd,checkstyle",src/java/org/apache/cassandra/net/IncomingTcpConnection.java,src/java/org/apache/cassandra/net/IncomingTcpConnection.java.IncomingTcpConnection.run.Complex Method,0.7.6-2,0.8.0,1.0.0-beta1,3
cassandra,4.0-alpha1,org.apache.cassandra.net,Message,outWithParam,Long Parameter List,"designitejava,checkstyle",src/java/org/apache/cassandra/net/Message.java,src/java/org/apache/cassandra/net/Message.java.Message.outWithParam.Long Parameter List,4.0-alpha1,5.0.0,5.0.0,6
cassandra,4.1-alpha1,org.apache.cassandra.net,Message,withParam,Long Parameter List,"designitejava,checkstyle",src/java/org/apache/cassandra/net/Message.java,src/java/org/apache/cassandra/net/Message.java.Message.withParam.Long Parameter List,4.1-alpha1,5.0.0,5.0.0,4
cassandra,0.3.0-final,org.apache.cassandra.net,MessagingService,,God Class,"pmd,checkstyle",src/java/org/apache/cassandra/net/MessagingService.java,src/java/org/apache/cassandra/net/MessagingService.java.MessagingService..God Class,0.3.0-final,5.0.0,5.0.0,42
cassandra,4.0-alpha1,org.apache.cassandra.net,OutboundConnection,,God Class,"pmd,checkstyle",src/java/org/apache/cassandra/net/OutboundConnection.java,src/java/org/apache/cassandra/net/OutboundConnection.java.OutboundConnection..God Class,4.0-alpha1,5.0.0,5.0.0,6
cassandra,4.0-alpha1,org.apache.cassandra.net,OutboundConnection,acquireCapacity,Complex Method,"designitejava,pmd,checkstyle",src/java/org/apache/cassandra/net/OutboundConnection.java,src/java/org/apache/cassandra/net/OutboundConnection.java.OutboundConnection.acquireCapacity.Complex Method,4.0-alpha1,5.0.0,5.0.0,6
cassandra,4.0-alpha1,org.apache.cassandra.net,OutboundConnection,close,Complex Method,"designitejava,pmd,checkstyle",src/java/org/apache/cassandra/net/OutboundConnection.java,src/java/org/apache/cassandra/net/OutboundConnection.java.OutboundConnection.close.Complex Method,4.0-alpha1,5.0.0,5.0.0,6
cassandra,4.0-alpha1,org.apache.cassandra.net,OutboundConnection,initiate,Complex Method,"designitejava,pmd",src/java/org/apache/cassandra/net/OutboundConnection.java,src/java/org/apache/cassandra/net/OutboundConnection.java.OutboundConnection.initiate.Complex Method,4.0-alpha1,5.0.0,5.0.0,6
cassandra,4.0-alpha1,org.apache.cassandra.net,OutboundConnectionSettings,,God Class,"pmd,checkstyle",src/java/org/apache/cassandra/net/OutboundConnectionSettings.java,src/java/org/apache/cassandra/net/OutboundConnectionSettings.java.OutboundConnectionSettings..God Class,4.0-alpha1,5.0.0,5.0.0,6
cassandra,1.2.0-beta1,org.apache.cassandra.net,OutboundTcpConnection,connect,Complex Method,"designitejava,pmd,checkstyle",src/java/org/apache/cassandra/net/OutboundTcpConnection.java,src/java/org/apache/cassandra/net/OutboundTcpConnection.java.OutboundTcpConnection.connect.Complex Method,1.2.0-beta1,3.11.0,4.0-alpha1,21
cassandra,2.0.0-beta1,org.apache.cassandra.net,OutboundTcpConnection,writeConnected,Complex Method,"designitejava,pmd,checkstyle",src/java/org/apache/cassandra/net/OutboundTcpConnection.java,src/java/org/apache/cassandra/net/OutboundTcpConnection.java.OutboundTcpConnection.writeConnected.Complex Method,2.0.0-beta1,3.11.0,4.0-alpha1,19
cassandra,3.1,org.apache.cassandra.net,RateBasedBackPressure,apply,Complex Method,"designitejava,pmd,checkstyle",src/java/org/apache/cassandra/net/RateBasedBackPressure.java,src/java/org/apache/cassandra/net/RateBasedBackPressure.java.RateBasedBackPressure.apply.Complex Method,3.1,4.0-alpha1,4.0.0,12
cassandra,0.3.0-final,org.apache.cassandra.net,SelectorManager,doProcess,Complex Method,"pmd,checkstyle",src/java/org/apache/cassandra/net/SelectorManager.java,src/java/org/apache/cassandra/net/SelectorManager.java.SelectorManager.doProcess.Complex Method,0.3.0-final,0.5.0,0.6.0-beta1,5
cassandra,4.0-alpha1,org.apache.cassandra.net,SocketFactory,channelId,Long Parameter List,"designitejava,checkstyle",src/java/org/apache/cassandra/net/SocketFactory.java,src/java/org/apache/cassandra/net/SocketFactory.java.SocketFactory.channelId.Long Parameter List,4.0-alpha1,5.0.0,5.0.0,6
cassandra,4.0-alpha1,org.apache.cassandra.net,StartupClusterConnectivityChecker,execute,Complex Method,"designitejava,pmd,checkstyle",src/java/org/apache/cassandra/net/StartupClusterConnectivityChecker.java,src/java/org/apache/cassandra/net/StartupClusterConnectivityChecker.java.StartupClusterConnectivityChecker.execute.Complex Method,4.0-alpha1,5.0.0,5.0.0,6
cassandra,0.3.0-final,org.apache.cassandra.net.http,HttpConnection,parse,Complex Method,"designitejava,pmd,checkstyle",src/java/org/apache/cassandra/net/http/HttpConnection.java,src/java/org/apache/cassandra/net/http/HttpConnection.java.HttpConnection.parse.Complex Method,0.3.0-final,0.3.0-final,0.4.0-final,1
cassandra,0.3.0-final,org.apache.cassandra.net.http,HttpHeaderParser,onMoreBytes,Complex Method,"designitejava,pmd,checkstyle",src/java/org/apache/cassandra/net/http/HttpHeaderParser.java,src/java/org/apache/cassandra/net/http/HttpHeaderParser.java.HttpHeaderParser.onMoreBytes.Complex Method,0.3.0-final,0.3.0-final,0.4.0-final,1
cassandra,0.3.0-final,org.apache.cassandra.net.http,HttpHeaderParser,onMoreBytesNew,Complex Method,"designitejava,pmd,checkstyle",src/java/org/apache/cassandra/net/http/HttpHeaderParser.java,src/java/org/apache/cassandra/net/http/HttpHeaderParser.java.HttpHeaderParser.onMoreBytesNew.Complex Method,0.3.0-final,0.3.0-final,0.4.0-final,1
cassandra,0.3.0-final,org.apache.cassandra.net.http,HttpStartLineParser,onMoreBytes,Complex Method,"designitejava,pmd,checkstyle",src/java/org/apache/cassandra/net/http/HttpStartLineParser.java,src/java/org/apache/cassandra/net/http/HttpStartLineParser.java.HttpStartLineParser.onMoreBytes.Complex Method,0.3.0-final,0.3.0-final,0.4.0-final,1
cassandra,0.3.0-final,org.apache.cassandra.net.http,HttpStartLineParser,onMoreBytesNew,Complex Method,"designitejava,pmd,checkstyle",src/java/org/apache/cassandra/net/http/HttpStartLineParser.java,src/java/org/apache/cassandra/net/http/HttpStartLineParser.java.HttpStartLineParser.onMoreBytesNew.Complex Method,0.3.0-final,0.3.0-final,0.4.0-final,1
cassandra,4.1-alpha1,org.apache.cassandra.repair,PreviewRepairTask,maybeSnapshotReplicas,Complex Method,"designitejava,pmd",src/java/org/apache/cassandra/repair/PreviewRepairTask.java,src/java/org/apache/cassandra/repair/PreviewRepairTask.java.PreviewRepairTask.maybeSnapshotReplicas.Complex Method,4.1-alpha1,5.0.0,5.0.0,4
cassandra,5.0.0,org.apache.cassandra.repair,RepairCoordinator,createQueryThread,Complex Method,"designitejava,pmd",src/java/org/apache/cassandra/repair/RepairCoordinator.java,src/java/org/apache/cassandra/repair/RepairCoordinator.java.RepairCoordinator.createQueryThread.Complex Method,5.0.0,5.0.0,5.0.0,1
cassandra,5.0.0,org.apache.cassandra.repair,RepairCoordinator,runMayThrow,Complex Method,"designitejava,pmd",src/java/org/apache/cassandra/repair/RepairCoordinator.java,src/java/org/apache/cassandra/repair/RepairCoordinator.java.RepairCoordinator.runMayThrow.Complex Method,5.0.0,5.0.0,5.0.0,1
cassandra,4.0-alpha1,org.apache.cassandra.repair,RepairJob,createOptimisedSyncingSyncTasks,Long Parameter List,"designitejava,checkstyle",src/java/org/apache/cassandra/repair/RepairJob.java,src/java/org/apache/cassandra/repair/RepairJob.java.RepairJob.createOptimisedSyncingSyncTasks.Long Parameter List,4.0-alpha1,5.0.0,5.0.0,6
cassandra,4.0-alpha1,org.apache.cassandra.repair,RepairJob,createStandardSyncTasks,Complex Method,"designitejava,pmd,checkstyle",src/java/org/apache/cassandra/repair/RepairJob.java,src/java/org/apache/cassandra/repair/RepairJob.java.RepairJob.createStandardSyncTasks.Complex Method,4.0-alpha1,5.0.0,5.0.0,6
cassandra,4.0-alpha1,org.apache.cassandra.repair,RepairJob,createStandardSyncTasks,Long Parameter List,"designitejava,checkstyle",src/java/org/apache/cassandra/repair/RepairJob.java,src/java/org/apache/cassandra/repair/RepairJob.java.RepairJob.createStandardSyncTasks.Long Parameter List,4.0-alpha1,5.0.0,5.0.0,6
cassandra,2.1.0-deb,org.apache.cassandra.repair,RepairJobDesc,equals,Complex Method,"designitejava,checkstyle",src/java/org/apache/cassandra/repair/RepairJobDesc.java,src/java/org/apache/cassandra/repair/RepairJobDesc.java.RepairJobDesc.equals.Complex Method,2.1.0-deb,5.0.0,5.0.0,23
cassandra,2.2.0-beta1,org.apache.cassandra.repair,RepairMessageVerbHandler,doVerb,Complex Method,"designitejava,checkstyle",src/java/org/apache/cassandra/repair/RepairMessageVerbHandler.java,src/java/org/apache/cassandra/repair/RepairMessageVerbHandler.java.RepairMessageVerbHandler.doVerb.Complex Method,2.2.0-beta1,5.0.0,5.0.0,21
cassandra,2.2.0-beta1,org.apache.cassandra.repair,RepairRunnable,createQueryThread,Complex Method,"designitejava,pmd",src/java/org/apache/cassandra/repair/RepairRunnable.java,src/java/org/apache/cassandra/repair/RepairRunnable.java.RepairRunnable.createQueryThread.Complex Method,2.2.0-beta1,5.0-alpha1,5.0.0,20
cassandra,4.0-alpha1,org.apache.cassandra.repair,RepairRunnable,incrementalRepair,Long Parameter List,"designitejava,checkstyle",src/java/org/apache/cassandra/repair/RepairRunnable.java,src/java/org/apache/cassandra/repair/RepairRunnable.java.RepairRunnable.incrementalRepair.Long Parameter List,4.0-alpha1,4.0.0,4.1-alpha1,2
cassandra,4.0.0,org.apache.cassandra.repair,RepairRunnable,maybeSnapshotReplicas,Complex Method,"designitejava,pmd",src/java/org/apache/cassandra/repair/RepairRunnable.java,src/java/org/apache/cassandra/repair/RepairRunnable.java.RepairRunnable.maybeSnapshotReplicas.Complex Method,4.0.0,4.0.0,4.1-alpha1,1
cassandra,2.2.0-beta1,org.apache.cassandra.repair,RepairRunnable,runMayThrow,Complex Method,"designitejava,pmd,checkstyle",src/java/org/apache/cassandra/repair/RepairRunnable.java,src/java/org/apache/cassandra/repair/RepairRunnable.java.RepairRunnable.runMayThrow.Complex Method,2.2.0-beta1,5.0-alpha1,5.0.0,20
cassandra,2.2.0-beta1,org.apache.cassandra.repair,SystemDistributedKeyspace,startRepairs,Long Parameter List,"designitejava,checkstyle",src/java/org/apache/cassandra/repair/SystemDistributedKeyspace.java,src/java/org/apache/cassandra/repair/SystemDistributedKeyspace.java.SystemDistributedKeyspace.startRepairs.Long Parameter List,2.2.0-beta1,4.0.0,4.1-alpha1,17
cassandra,4.0.0,org.apache.cassandra.repair.asymmetric,HostDifferences,hasDifferencesFor,Complex Method,"pmd,checkstyle",src/java/org/apache/cassandra/repair/asymmetric/HostDifferences.java,src/java/org/apache/cassandra/repair/asymmetric/HostDifferences.java.HostDifferences.hasDifferencesFor.Complex Method,4.0.0,5.0.0,5.0.0,5
cassandra,4.0-alpha1,org.apache.cassandra.repair.consistent,CoordinatorSession,execute,Complex Method,"designitejava,pmd",src/java/org/apache/cassandra/repair/consistent/CoordinatorSession.java,src/java/org/apache/cassandra/repair/consistent/CoordinatorSession.java.CoordinatorSession.execute.Complex Method,4.0-alpha1,5.0.0,5.0.0,6
cassandra,4.0-alpha1,org.apache.cassandra.repair.consistent,LocalSessions,,God Class,"pmd,checkstyle",src/java/org/apache/cassandra/repair/consistent/LocalSessions.java,src/java/org/apache/cassandra/repair/consistent/LocalSessions.java.LocalSessions..God Class,4.0-alpha1,5.0.0,5.0.0,6
cassandra,4.0-alpha1,org.apache.cassandra.repair.consistent,LocalSessions,prepareSession,Long Parameter List,"designitejava,checkstyle",src/java/org/apache/cassandra/repair/consistent/LocalSessions.java,src/java/org/apache/cassandra/repair/consistent/LocalSessions.java.LocalSessions.prepareSession.Long Parameter List,4.0-alpha1,5.0.0,5.0.0,6
cassandra,5.0.0,org.apache.cassandra.repair.messages,RepairMessage,sendMessageWithFailureCB,Long Parameter List,"designitejava,checkstyle",src/java/org/apache/cassandra/repair/messages/RepairMessage.java,src/java/org/apache/cassandra/repair/messages/RepairMessage.java.RepairMessage.sendMessageWithFailureCB.Long Parameter List,5.0.0,5.0.0,5.0.0,1
cassandra,5.0.0,org.apache.cassandra.repair.messages,RepairMessage,sendMessageWithRetries,Long Parameter List,"designitejava,checkstyle",src/java/org/apache/cassandra/repair/messages/RepairMessage.java,src/java/org/apache/cassandra/repair/messages/RepairMessage.java.RepairMessage.sendMessageWithRetries.Long Parameter List,5.0.0,5.0.0,5.0.0,1
cassandra,2.2.0-beta1,org.apache.cassandra.repair.messages,RepairOption,parse,Complex Method,"designitejava,pmd,checkstyle",src/java/org/apache/cassandra/repair/messages/RepairOption.java,src/java/org/apache/cassandra/repair/messages/RepairOption.java.RepairOption.parse.Complex Method,2.2.0-beta1,5.0.0,5.0.0,21
cassandra,4.0-alpha1,org.apache.cassandra.schema,ColumnMetadata,,God Class,"pmd,checkstyle",src/java/org/apache/cassandra/schema/ColumnMetadata.java,src/java/org/apache/cassandra/schema/ColumnMetadata.java.ColumnMetadata..God Class,4.0-alpha1,5.0.0,5.0.0,6
cassandra,4.0-alpha1,org.apache.cassandra.schema,ColumnMetadata,makeCellPathComparator,Complex Method,"pmd,checkstyle",src/java/org/apache/cassandra/schema/ColumnMetadata.java,src/java/org/apache/cassandra/schema/ColumnMetadata.java.ColumnMetadata.makeCellPathComparator.Complex Method,4.0-alpha1,5.0.0,5.0.0,6
cassandra,3.0.0,org.apache.cassandra.schema,CompactionParams,validate,Complex Method,"designitejava,pmd,checkstyle",src/java/org/apache/cassandra/schema/CompactionParams.java,src/java/org/apache/cassandra/schema/CompactionParams.java.CompactionParams.validate.Complex Method,3.0.0,5.0.0,5.0.0,18
cassandra,3.0.0,org.apache.cassandra.schema,CompressionParams,,God Class,"pmd,checkstyle",src/java/org/apache/cassandra/schema/CompressionParams.java,src/java/org/apache/cassandra/schema/CompressionParams.java.CompressionParams..God Class,3.0.0,5.0.0,5.0.0,18
cassandra,3.0.0,org.apache.cassandra.schema,CompressionParams,createCompressor,Complex Method,"designitejava,pmd,checkstyle",src/java/org/apache/cassandra/schema/CompressionParams.java,src/java/org/apache/cassandra/schema/CompressionParams.java.CompressionParams.createCompressor.Complex Method,3.0.0,5.0.0,5.0.0,18
cassandra,3.0.0-alpha1,org.apache.cassandra.schema,LegacySchemaMigrator,,God Class,"pmd,checkstyle",src/java/org/apache/cassandra/schema/LegacySchemaMigrator.java,src/java/org/apache/cassandra/schema/LegacySchemaMigrator.java.LegacySchemaMigrator..God Class,3.0.0-alpha1,3.11.0,4.0-alpha1,13
cassandra,3.0.0-alpha1,org.apache.cassandra.schema,LegacySchemaMigrator,addDefinitionForUpgrade,Long Parameter List,"designitejava,checkstyle",src/java/org/apache/cassandra/schema/LegacySchemaMigrator.java,src/java/org/apache/cassandra/schema/LegacySchemaMigrator.java.LegacySchemaMigrator.addDefinitionForUpgrade.Long Parameter List,3.0.0-alpha1,3.11.0,4.0-alpha1,13
cassandra,3.0.0,org.apache.cassandra.schema,LegacySchemaMigrator,createColumnFromColumnRow,Long Parameter List,"designitejava,checkstyle",src/java/org/apache/cassandra/schema/LegacySchemaMigrator.java,src/java/org/apache/cassandra/schema/LegacySchemaMigrator.java.LegacySchemaMigrator.createColumnFromColumnRow.Long Parameter List,3.0.0,3.11.0,4.0-alpha1,12
cassandra,3.0.0-alpha1,org.apache.cassandra.schema,LegacySchemaMigrator,createColumnsFromColumnRows,Complex Method,"designitejava,pmd,checkstyle",src/java/org/apache/cassandra/schema/LegacySchemaMigrator.java,src/java/org/apache/cassandra/schema/LegacySchemaMigrator.java.LegacySchemaMigrator.createColumnsFromColumnRows.Complex Method,3.0.0-alpha1,3.0.0-alpha1,3.0.0,1
cassandra,3.0.0-alpha1,org.apache.cassandra.schema,LegacySchemaMigrator,createColumnsFromColumnRows,Long Parameter List,"designitejava,checkstyle",src/java/org/apache/cassandra/schema/LegacySchemaMigrator.java,src/java/org/apache/cassandra/schema/LegacySchemaMigrator.java.LegacySchemaMigrator.createColumnsFromColumnRows.Long Parameter List,3.0.0-alpha1,3.11.0,4.0-alpha1,13
cassandra,3.0.0,org.apache.cassandra.schema,LegacySchemaMigrator,createIndexesFromColumnRows,Long Parameter List,"designitejava,checkstyle",src/java/org/apache/cassandra/schema/LegacySchemaMigrator.java,src/java/org/apache/cassandra/schema/LegacySchemaMigrator.java.LegacySchemaMigrator.createIndexesFromColumnRows.Long Parameter List,3.0.0,3.11.0,4.0-alpha1,12
cassandra,3.0.0-alpha1,org.apache.cassandra.schema,LegacySchemaMigrator,decodeTableMetadata,Complex Method,"designitejava,pmd,checkstyle",src/java/org/apache/cassandra/schema/LegacySchemaMigrator.java,src/java/org/apache/cassandra/schema/LegacySchemaMigrator.java.LegacySchemaMigrator.decodeTableMetadata.Complex Method,3.0.0-alpha1,3.11.0,4.0-alpha1,13
cassandra,2.2.0-beta1,org.apache.cassandra.schema,LegacySchemaTables,,God Class,"pmd,checkstyle",src/java/org/apache/cassandra/schema/LegacySchemaTables.java,src/java/org/apache/cassandra/schema/LegacySchemaTables.java.LegacySchemaTables..God Class,2.2.0-beta1,2.2.0,3.0.0-alpha1,2
cassandra,2.2.0-beta1,org.apache.cassandra.schema,LegacySchemaTables,createTableFromTableRowAndColumnRows,Complex Method,"designitejava,checkstyle",src/java/org/apache/cassandra/schema/LegacySchemaTables.java,src/java/org/apache/cassandra/schema/LegacySchemaTables.java.LegacySchemaTables.createTableFromTableRowAndColumnRows.Complex Method,2.2.0-beta1,2.2.0,3.0.0-alpha1,2
cassandra,2.2.0-beta1,org.apache.cassandra.schema,LegacySchemaTables,mergeAggregates,Complex Method,"designitejava,checkstyle",src/java/org/apache/cassandra/schema/LegacySchemaTables.java,src/java/org/apache/cassandra/schema/LegacySchemaTables.java.LegacySchemaTables.mergeAggregates.Complex Method,2.2.0-beta1,2.2.0,3.0.0-alpha1,2
cassandra,2.2.0-beta1,org.apache.cassandra.schema,LegacySchemaTables,mergeFunctions,Complex Method,"designitejava,checkstyle",src/java/org/apache/cassandra/schema/LegacySchemaTables.java,src/java/org/apache/cassandra/schema/LegacySchemaTables.java.LegacySchemaTables.mergeFunctions.Complex Method,2.2.0-beta1,2.2.0,3.0.0-alpha1,2
cassandra,2.2.0-beta1,org.apache.cassandra.schema,LegacySchemaTables,mergeTables,Complex Method,"designitejava,checkstyle",src/java/org/apache/cassandra/schema/LegacySchemaTables.java,src/java/org/apache/cassandra/schema/LegacySchemaTables.java.LegacySchemaTables.mergeTables.Complex Method,2.2.0-beta1,2.2.0,3.0.0-alpha1,2
cassandra,2.2.0-beta1,org.apache.cassandra.schema,LegacySchemaTables,mergeTypes,Complex Method,"designitejava,checkstyle",src/java/org/apache/cassandra/schema/LegacySchemaTables.java,src/java/org/apache/cassandra/schema/LegacySchemaTables.java.LegacySchemaTables.mergeTypes.Complex Method,2.2.0-beta1,2.2.0,3.0.0-alpha1,2
cassandra,4.0.0,org.apache.cassandra.schema,MigrationCoordinator,,God Class,"pmd,checkstyle",src/java/org/apache/cassandra/schema/MigrationCoordinator.java,src/java/org/apache/cassandra/schema/MigrationCoordinator.java.MigrationCoordinator..God Class,4.0.0,5.0.0,5.0.0,5
cassandra,4.0-alpha1,org.apache.cassandra.schema,Schema,,God Class,"pmd,checkstyle",src/java/org/apache/cassandra/schema/Schema.java,src/java/org/apache/cassandra/schema/Schema.java.Schema..God Class,4.0-alpha1,5.0.0,5.0.0,6
cassandra,4.0-alpha1,org.apache.cassandra.schema,SchemaAnnouncementEvent,toMap,Complex Method,"designitejava,pmd",src/java/org/apache/cassandra/schema/SchemaAnnouncementEvent.java,src/java/org/apache/cassandra/schema/SchemaAnnouncementEvent.java.SchemaAnnouncementEvent.toMap.Complex Method,4.0-alpha1,5.0.0,5.0.0,6
cassandra,4.0-alpha1,org.apache.cassandra.schema,SchemaDiagnostics,metadataReloaded,Long Parameter List,"designitejava,checkstyle",src/java/org/apache/cassandra/schema/SchemaDiagnostics.java,src/java/org/apache/cassandra/schema/SchemaDiagnostics.java.SchemaDiagnostics.metadataReloaded.Long Parameter List,4.0-alpha1,5.0.0,5.0.0,6
cassandra,3.0.0-alpha1,org.apache.cassandra.schema,SchemaKeyspace,,God Class,"pmd,checkstyle",src/java/org/apache/cassandra/schema/SchemaKeyspace.java,src/java/org/apache/cassandra/schema/SchemaKeyspace.java.SchemaKeyspace..God Class,3.0.0-alpha1,5.0.0,5.0.0,19
cassandra,4.0-alpha1,org.apache.cassandra.schema,SchemaKeyspace,addAlterTableToSchemaMutation,Complex Method,"designitejava,checkstyle",src/java/org/apache/cassandra/schema/SchemaKeyspace.java,src/java/org/apache/cassandra/schema/SchemaKeyspace.java.SchemaKeyspace.addAlterTableToSchemaMutation.Complex Method,4.0-alpha1,5.0.0,5.0.0,6
cassandra,3.0.0-alpha1,org.apache.cassandra.schema,SchemaKeyspace,diffSchema,Complex Method,"designitejava,pmd,checkstyle",src/java/org/apache/cassandra/schema/SchemaKeyspace.java,src/java/org/apache/cassandra/schema/SchemaKeyspace.java.SchemaKeyspace.diffSchema.Complex Method,3.0.0-alpha1,3.0.0-alpha1,3.0.0,1
cassandra,3.0.0,org.apache.cassandra.schema,SchemaKeyspace,expandUserTypes,Complex Method,"designitejava,pmd",src/java/org/apache/cassandra/schema/SchemaKeyspace.java,src/java/org/apache/cassandra/schema/SchemaKeyspace.java.SchemaKeyspace.expandUserTypes.Complex Method,3.0.0,3.11.0,4.0-alpha1,12
cassandra,3.0.0-alpha1,org.apache.cassandra.schema,SchemaKeyspace,makeUpdateTableMutation,Complex Method,"designitejava,checkstyle",src/java/org/apache/cassandra/schema/SchemaKeyspace.java,src/java/org/apache/cassandra/schema/SchemaKeyspace.java.SchemaKeyspace.makeUpdateTableMutation.Complex Method,3.0.0-alpha1,3.11.0,4.0-alpha1,13
cassandra,4.0-alpha1,org.apache.cassandra.schema,TableMetadata,,God Class,"pmd,checkstyle",src/java/org/apache/cassandra/schema/TableMetadata.java,src/java/org/apache/cassandra/schema/TableMetadata.java.TableMetadata..God Class,4.0-alpha1,5.0.0,5.0.0,6
cassandra,4.0.0,org.apache.cassandra.schema,TableMetadata,appendColumnDefinitions,Complex Method,"designitejava,pmd,checkstyle",src/java/org/apache/cassandra/schema/TableMetadata.java,src/java/org/apache/cassandra/schema/TableMetadata.java.TableMetadata.appendColumnDefinitions.Complex Method,4.0.0,5.0.0,5.0.0,5
cassandra,4.0-alpha1,org.apache.cassandra.schema,TableMetadata,validate,Complex Method,"designitejava,pmd,checkstyle",src/java/org/apache/cassandra/schema/TableMetadata.java,src/java/org/apache/cassandra/schema/TableMetadata.java.TableMetadata.validate.Complex Method,4.0-alpha1,5.0.0,5.0.0,6
cassandra,4.0-alpha1,org.apache.cassandra.schema,TableMetadata,validateCompatibility,Complex Method,"designitejava,pmd,checkstyle",src/java/org/apache/cassandra/schema/TableMetadata.java,src/java/org/apache/cassandra/schema/TableMetadata.java.TableMetadata.validateCompatibility.Complex Method,4.0-alpha1,5.0.0,5.0.0,6
cassandra,3.0.0,org.apache.cassandra.schema,TableParams,validate,Complex Method,"designitejava,checkstyle",src/java/org/apache/cassandra/schema/TableParams.java,src/java/org/apache/cassandra/schema/TableParams.java.TableParams.validate.Complex Method,3.0.0,5.0.0,5.0.0,18
cassandra,5.0-alpha1,org.apache.cassandra.security,AbstractCryptoProvider,install,Complex Method,"designitejava,pmd,checkstyle",src/java/org/apache/cassandra/security/AbstractCryptoProvider.java,src/java/org/apache/cassandra/security/AbstractCryptoProvider.java.AbstractCryptoProvider.install.Complex Method,5.0-alpha1,5.0.0,5.0.0,2
cassandra,3.1,org.apache.cassandra.security,EncryptionUtils,uncompress,Long Parameter List,"designitejava,checkstyle",src/java/org/apache/cassandra/security/EncryptionUtils.java,src/java/org/apache/cassandra/security/EncryptionUtils.java.EncryptionUtils.uncompress.Long Parameter List,3.1,5.0.0,5.0.0,17
cassandra,4.0.0,org.apache.cassandra.security,SSLFactory,validateSslContext,Complex Method,"pmd,checkstyle",src/java/org/apache/cassandra/security/SSLFactory.java,src/java/org/apache/cassandra/security/SSLFactory.java.SSLFactory.validateSslContext.Complex Method,4.0.0,5.0.0,5.0.0,5
cassandra,5.0-alpha1,org.apache.cassandra.serializers,AbstractMapSerializer,getIndexesRangeFromSerialized,Complex Method,"designitejava,pmd,checkstyle",src/java/org/apache/cassandra/serializers/AbstractMapSerializer.java,src/java/org/apache/cassandra/serializers/AbstractMapSerializer.java.AbstractMapSerializer.getIndexesRangeFromSerialized.Complex Method,5.0-alpha1,5.0.0,5.0.0,2
cassandra,5.0-alpha1,org.apache.cassandra.serializers,AbstractMapSerializer,getSliceFromSerialized,Complex Method,"designitejava,pmd,checkstyle",src/java/org/apache/cassandra/serializers/AbstractMapSerializer.java,src/java/org/apache/cassandra/serializers/AbstractMapSerializer.java.AbstractMapSerializer.getSliceFromSerialized.Complex Method,5.0-alpha1,5.0.0,5.0.0,2
cassandra,4.0-alpha1,org.apache.cassandra.serializers,MapSerializer,getSliceFromSerialized,Complex Method,"designitejava,pmd,checkstyle",src/java/org/apache/cassandra/serializers/MapSerializer.java,src/java/org/apache/cassandra/serializers/MapSerializer.java.MapSerializer.getSliceFromSerialized.Complex Method,4.0-alpha1,4.1.0,5.0-alpha1,4
cassandra,4.0-alpha1,org.apache.cassandra.serializers,SetSerializer,getSliceFromSerialized,Complex Method,"designitejava,pmd,checkstyle",src/java/org/apache/cassandra/serializers/SetSerializer.java,src/java/org/apache/cassandra/serializers/SetSerializer.java.SetSerializer.getSliceFromSerialized.Complex Method,4.0-alpha1,4.1.0,5.0-alpha1,4
cassandra,2.2.0-beta1,org.apache.cassandra.serializers,TimeSerializer,parseTimeStrictly,Complex Method,"designitejava,pmd,checkstyle",src/java/org/apache/cassandra/serializers/TimeSerializer.java,src/java/org/apache/cassandra/serializers/TimeSerializer.java.TimeSerializer.parseTimeStrictly.Complex Method,2.2.0-beta1,5.0.0,5.0.0,21
cassandra,0.7.0,org.apache.cassandra.service,AbstractCassandraDaemon,setup,Complex Method,"designitejava,pmd,checkstyle",src/java/org/apache/cassandra/service/AbstractCassandraDaemon.java,src/java/org/apache/cassandra/service/AbstractCassandraDaemon.java.AbstractCassandraDaemon.setup.Complex Method,0.7.0,1.1.0,1.2.0-beta1,8
cassandra,2.1.0-deb,org.apache.cassandra.service,AbstractReadExecutor,getReadExecutor,Complex Method,"designitejava,checkstyle",src/java/org/apache/cassandra/service/AbstractReadExecutor.java,src/java/org/apache/cassandra/service/AbstractReadExecutor.java.AbstractReadExecutor.getReadExecutor.Complex Method,2.1.0-deb,3.11.0,4.0-alpha1,17
cassandra,2.1.0-deb,org.apache.cassandra.service,ActiveRepairService,getNeighbors,Complex Method,"designitejava,pmd,checkstyle",src/java/org/apache/cassandra/service/ActiveRepairService.java,src/java/org/apache/cassandra/service/ActiveRepairService.java.ActiveRepairService.getNeighbors.Complex Method,2.1.0-deb,5.0.0,5.0.0,23
cassandra,5.0.0,org.apache.cassandra.service,ActiveRepairService,registerOnFdAndGossip,Feature Envy,"designitejava,checkstyle",src/java/org/apache/cassandra/service/ActiveRepairService.java,src/java/org/apache/cassandra/service/ActiveRepairService.java.ActiveRepairService.registerOnFdAndGossip.Feature Envy,5.0.0,5.0.0,5.0.0,1
cassandra,3.0.0,org.apache.cassandra.service,ActiveRepairService,registerParentRepairSession,Long Parameter List,"designitejava,checkstyle",src/java/org/apache/cassandra/service/ActiveRepairService.java,src/java/org/apache/cassandra/service/ActiveRepairService.java.ActiveRepairService.registerParentRepairSession.Long Parameter List,3.0.0,5.0.0,5.0.0,18
cassandra,5.0.0,org.apache.cassandra.service,ActiveRepairService,sendPrepareWithRetries,Long Parameter List,"designitejava,checkstyle",src/java/org/apache/cassandra/service/ActiveRepairService.java,src/java/org/apache/cassandra/service/ActiveRepairService.java.ActiveRepairService.sendPrepareWithRetries.Long Parameter List,5.0.0,5.0.0,5.0.0,1
cassandra,1.2.0-beta1,org.apache.cassandra.service,CassandraDaemon,setup,Complex Method,"designitejava,pmd,checkstyle",src/java/org/apache/cassandra/service/CassandraDaemon.java,src/java/org/apache/cassandra/service/CassandraDaemon.java.CassandraDaemon.setup.Complex Method,1.2.0-beta1,5.0.0,5.0.0,27
cassandra,0.3.0-final,org.apache.cassandra.service,CassandraServer,get_column,Complex Method,"designitejava,pmd,checkstyle",src/java/org/apache/cassandra/service/CassandraServer.java,src/java/org/apache/cassandra/service/CassandraServer.java.CassandraServer.get_column.Complex Method,0.3.0-final,0.3.0-final,0.4.0-final,1
cassandra,0.4.0-final,org.apache.cassandra.service,CassandraServer,get_key_range,Long Parameter List,"designitejava,checkstyle",src/java/org/apache/cassandra/service/CassandraServer.java,src/java/org/apache/cassandra/service/CassandraServer.java.CassandraServer.get_key_range.Long Parameter List,0.4.0-final,0.5.0,0.6.0-beta1,4
cassandra,0.5.0-beta1,org.apache.cassandra.service,CassandraServer,get_range_slice,Complex Method,"designitejava,pmd,checkstyle",src/java/org/apache/cassandra/service/CassandraServer.java,src/java/org/apache/cassandra/service/CassandraServer.java.CassandraServer.get_range_slice.Complex Method,0.5.0-beta1,0.5.0-beta1,0.5.0,1
cassandra,0.5.0-beta1,org.apache.cassandra.service,CassandraServer,get_range_slice,Long Parameter List,"designitejava,checkstyle",src/java/org/apache/cassandra/service/CassandraServer.java,src/java/org/apache/cassandra/service/CassandraServer.java.CassandraServer.get_range_slice.Long Parameter List,0.5.0-beta1,0.5.0,0.6.0-beta1,2
cassandra,0.3.0-final,org.apache.cassandra.service,CassandraServer,insert,Long Parameter List,"designitejava,checkstyle",src/java/org/apache/cassandra/service/CassandraServer.java,src/java/org/apache/cassandra/service/CassandraServer.java.CassandraServer.insert.Long Parameter List,0.3.0-final,0.5.0,0.6.0-beta1,5
cassandra,4.1-alpha1,org.apache.cassandra.service,DataResurrectionCheck,execute,Complex Method,"designitejava,pmd,checkstyle",src/java/org/apache/cassandra/service/DataResurrectionCheck.java,src/java/org/apache/cassandra/service/DataResurrectionCheck.java.DataResurrectionCheck.execute.Complex Method,4.1-alpha1,5.0.0,5.0.0,4
cassandra,4.1-alpha1,org.apache.cassandra.service,FileSystemOwnershipCheck,execute,Complex Method,"designitejava,pmd,checkstyle",src/java/org/apache/cassandra/service/FileSystemOwnershipCheck.java,src/java/org/apache/cassandra/service/FileSystemOwnershipCheck.java.FileSystemOwnershipCheck.execute.Complex Method,4.1-alpha1,5.0.0,5.0.0,4
cassandra,2.1.0-deb,org.apache.cassandra.service,GCInspector,handleNotification,Complex Method,"designitejava,pmd",src/java/org/apache/cassandra/service/GCInspector.java,src/java/org/apache/cassandra/service/GCInspector.java.GCInspector.handleNotification.Complex Method,2.1.0-deb,5.0.0,5.0.0,23
cassandra,0.7.6-2,org.apache.cassandra.service,GCInspector,logGCResults,Complex Method,"designitejava,pmd,checkstyle",src/java/org/apache/cassandra/service/GCInspector.java,src/java/org/apache/cassandra/service/GCInspector.java.GCInspector.logGCResults.Complex Method,0.7.6-2,2.0.0,2.1.0-deb,11
cassandra,1.2.0,org.apache.cassandra.service,PBSPredictor,doPrediction,Complex Method,"designitejava,pmd,checkstyle",src/java/org/apache/cassandra/service/PBSPredictor.java,src/java/org/apache/cassandra/service/PBSPredictor.java.PBSPredictor.doPrediction.Complex Method,1.2.0,1.2.0,2.0.0-beta1,1
cassandra,1.2.0,org.apache.cassandra.service,PBSPredictor,doPrediction,Long Parameter List,"designitejava,checkstyle",src/java/org/apache/cassandra/service/PBSPredictor.java,src/java/org/apache/cassandra/service/PBSPredictor.java.PBSPredictor.doPrediction.Long Parameter List,1.2.0,1.2.0,2.0.0-beta1,1
cassandra,1.2.0,org.apache.cassandra.service,PBSPredictorMBean,doPrediction,Long Parameter List,"designitejava,checkstyle",src/java/org/apache/cassandra/service/PBSPredictorMBean.java,src/java/org/apache/cassandra/service/PBSPredictorMBean.java.PBSPredictorMBean.doPrediction.Long Parameter List,1.2.0,1.2.0,2.0.0-beta1,1
cassandra,2.1.0-deb,org.apache.cassandra.service,PendingRangeCalculatorService,calculatePendingRanges,Complex Method,"designitejava,pmd,checkstyle",src/java/org/apache/cassandra/service/PendingRangeCalculatorService.java,src/java/org/apache/cassandra/service/PendingRangeCalculatorService.java.PendingRangeCalculatorService.calculatePendingRanges.Complex Method,2.1.0-deb,2.1.0,2.2.0-beta1,2
cassandra,4.0-alpha1,org.apache.cassandra.service,RangeRelocator,calculateRangesToStreamWithEndpoints,Complex Method,"designitejava,pmd",src/java/org/apache/cassandra/service/RangeRelocator.java,src/java/org/apache/cassandra/service/RangeRelocator.java.RangeRelocator.calculateRangesToStreamWithEndpoints.Complex Method,4.0-alpha1,5.0.0,5.0.0,6
cassandra,4.0-alpha1,org.apache.cassandra.service,RangeRelocator,computeRanges,Complex Method,"designitejava,pmd",src/java/org/apache/cassandra/service/RangeRelocator.java,src/java/org/apache/cassandra/service/RangeRelocator.java.RangeRelocator.computeRanges.Complex Method,4.0-alpha1,5.0.0,5.0.0,6
cassandra,3.0.0-alpha1,org.apache.cassandra.service,ReadCallback,awaitResults,Complex Method,"pmd,checkstyle",src/java/org/apache/cassandra/service/ReadCallback.java,src/java/org/apache/cassandra/service/ReadCallback.java.ReadCallback.awaitResults.Complex Method,3.0.0-alpha1,3.11.0,4.0-alpha1,13
cassandra,0.3.0-final,org.apache.cassandra.service,ReadResponseResolver,resolve,Complex Method,"designitejava,pmd,checkstyle",src/java/org/apache/cassandra/service/ReadResponseResolver.java,src/java/org/apache/cassandra/service/ReadResponseResolver.java.ReadResponseResolver.resolve.Complex Method,0.3.0-final,0.7.0,0.7.6-2,8
cassandra,2.0.0-beta1,org.apache.cassandra.service,RowDataResolver,resolve,Complex Method,"designitejava,pmd",src/java/org/apache/cassandra/service/RowDataResolver.java,src/java/org/apache/cassandra/service/RowDataResolver.java.RowDataResolver.resolve.Complex Method,2.0.0-beta1,2.2.0,3.0.0-alpha1,6
cassandra,0.7.6-2,org.apache.cassandra.service,RowDigestResolver,resolve,Complex Method,"designitejava,pmd",src/java/org/apache/cassandra/service/RowDigestResolver.java,src/java/org/apache/cassandra/service/RowDigestResolver.java.RowDigestResolver.resolve.Complex Method,0.7.6-2,2.2.0,3.0.0-alpha1,15
cassandra,1.0.0-beta1,org.apache.cassandra.service,RowRepairResolver,resolve,Complex Method,"designitejava,pmd",src/java/org/apache/cassandra/service/RowRepairResolver.java,src/java/org/apache/cassandra/service/RowRepairResolver.java.RowRepairResolver.resolve.Complex Method,1.0.0-beta1,1.2.0,2.0.0-beta1,6
cassandra,4.0.0,org.apache.cassandra.service,SSTablesGlobalTracker,handleSSTablesChange,Complex Method,"designitejava,pmd,checkstyle",src/java/org/apache/cassandra/service/SSTablesGlobalTracker.java,src/java/org/apache/cassandra/service/SSTablesGlobalTracker.java.SSTablesGlobalTracker.handleSSTablesChange.Complex Method,4.0.0,5.0.0,5.0.0,5
cassandra,4.1-alpha1,org.apache.cassandra.service,StartupChecks,execute,Complex Method,"designitejava,pmd",src/java/org/apache/cassandra/service/StartupChecks.java,src/java/org/apache/cassandra/service/StartupChecks.java.StartupChecks.execute.Complex Method,4.1-alpha1,5.0.0,5.0.0,4
cassandra,0.8.0-beta1,org.apache.cassandra.service,StorageProxy,applyCounterMutation,Long Parameter List,"designitejava,checkstyle",src/java/org/apache/cassandra/service/StorageProxy.java,src/java/org/apache/cassandra/service/StorageProxy.java.StorageProxy.applyCounterMutation.Long Parameter List,0.8.0-beta1,0.8.0,1.0.0-beta1,2
cassandra,2.0.0-beta1,org.apache.cassandra.service,StorageProxy,cas,Long Parameter List,"designitejava,checkstyle",src/java/org/apache/cassandra/service/StorageProxy.java,src/java/org/apache/cassandra/service/StorageProxy.java.StorageProxy.cas.Long Parameter List,2.0.0-beta1,5.0.0,5.0.0,25
cassandra,3.1,org.apache.cassandra.service,StorageProxy,commitPaxos,Complex Method,"designitejava,pmd",src/java/org/apache/cassandra/service/StorageProxy.java,src/java/org/apache/cassandra/service/StorageProxy.java.StorageProxy.commitPaxos.Complex Method,3.1,5.0.0,5.0.0,17
cassandra,4.0-alpha1,org.apache.cassandra.service,StorageProxy,configureFullQueryLogger,Long Parameter List,"designitejava,checkstyle",src/java/org/apache/cassandra/service/StorageProxy.java,src/java/org/apache/cassandra/service/StorageProxy.java.StorageProxy.configureFullQueryLogger.Long Parameter List,4.0-alpha1,4.0-alpha1,4.0.0,1
cassandra,0.7.0,org.apache.cassandra.service,StorageProxy,describeSchemaVersions,Complex Method,"designitejava,checkstyle",src/java/org/apache/cassandra/service/StorageProxy.java,src/java/org/apache/cassandra/service/StorageProxy.java.StorageProxy.describeSchemaVersions.Complex Method,0.7.0,5.0.0,5.0.0,35
cassandra,4.0.0,org.apache.cassandra.service,StorageProxy,doPaxos,Long Parameter List,"designitejava,checkstyle",src/java/org/apache/cassandra/service/StorageProxy.java,src/java/org/apache/cassandra/service/StorageProxy.java.StorageProxy.doPaxos.Long Parameter List,4.0.0,5.0.0,5.0.0,5
cassandra,0.7.6-2,org.apache.cassandra.service,StorageProxy,fetchRows,Complex Method,"designitejava,pmd,checkstyle",src/java/org/apache/cassandra/service/StorageProxy.java,src/java/org/apache/cassandra/service/StorageProxy.java.StorageProxy.fetchRows.Complex Method,0.7.6-2,5.0.0,5.0.0,34
cassandra,0.4.0-final,org.apache.cassandra.service,StorageProxy,getKeyRange,Complex Method,"designitejava,pmd,checkstyle",src/java/org/apache/cassandra/service/StorageProxy.java,src/java/org/apache/cassandra/service/StorageProxy.java.StorageProxy.getKeyRange.Complex Method,0.4.0-final,0.5.0-beta1,0.5.0,3
cassandra,0.5.0-beta1,org.apache.cassandra.service,StorageProxy,getRangeSlice,Complex Method,"designitejava,pmd,checkstyle",src/java/org/apache/cassandra/service/StorageProxy.java,src/java/org/apache/cassandra/service/StorageProxy.java.StorageProxy.getRangeSlice.Complex Method,0.5.0-beta1,2.2.0,3.0.0-alpha1,20
cassandra,0.7.0,org.apache.cassandra.service,StorageProxy,getRestrictedRanges,Complex Method,"designitejava,checkstyle",src/java/org/apache/cassandra/service/StorageProxy.java,src/java/org/apache/cassandra/service/StorageProxy.java.StorageProxy.getRestrictedRanges.Complex Method,0.7.0,1.0.0,1.1.0-beta1,6
cassandra,0.5.0-beta1,org.apache.cassandra.service,StorageProxy,insert,Complex Method,"designitejava,pmd",src/java/org/apache/cassandra/service/StorageProxy.java,src/java/org/apache/cassandra/service/StorageProxy.java.StorageProxy.insert.Complex Method,0.5.0-beta1,0.5.0,0.6.0-beta1,2
cassandra,0.5.0-beta1,org.apache.cassandra.service,StorageProxy,insertBlocking,Complex Method,"designitejava,pmd,checkstyle",src/java/org/apache/cassandra/service/StorageProxy.java,src/java/org/apache/cassandra/service/StorageProxy.java.StorageProxy.insertBlocking.Complex Method,0.5.0-beta1,0.5.0,0.6.0-beta1,2
cassandra,4.1-alpha1,org.apache.cassandra.service,StorageProxy,legacyCas,Long Parameter List,"designitejava,checkstyle",src/java/org/apache/cassandra/service/StorageProxy.java,src/java/org/apache/cassandra/service/StorageProxy.java.StorageProxy.legacyCas.Long Parameter List,4.1-alpha1,5.0.0,5.0.0,4
cassandra,0.6.0-beta1,org.apache.cassandra.service,StorageProxy,mutate,Complex Method,"designitejava,pmd",src/java/org/apache/cassandra/service/StorageProxy.java,src/java/org/apache/cassandra/service/StorageProxy.java.StorageProxy.mutate.Complex Method,0.6.0-beta1,5.0.0,5.0.0,37
cassandra,0.6.0-beta1,org.apache.cassandra.service,StorageProxy,mutateBlocking,Complex Method,"designitejava,pmd,checkstyle",src/java/org/apache/cassandra/service/StorageProxy.java,src/java/org/apache/cassandra/service/StorageProxy.java.StorageProxy.mutateBlocking.Complex Method,0.6.0-beta1,0.6.0,0.7.0,2
cassandra,3.1,org.apache.cassandra.service,StorageProxy,mutateMV,Complex Method,"designitejava,pmd,checkstyle",src/java/org/apache/cassandra/service/StorageProxy.java,src/java/org/apache/cassandra/service/StorageProxy.java.StorageProxy.mutateMV.Complex Method,3.1,5.0.0,5.0.0,17
cassandra,0.7.0,org.apache.cassandra.service,StorageProxy,scan,Complex Method,"designitejava,pmd",src/java/org/apache/cassandra/service/StorageProxy.java,src/java/org/apache/cassandra/service/StorageProxy.java.StorageProxy.scan.Complex Method,0.7.0,1.0.0,1.1.0-beta1,6
cassandra,0.8.0-beta1,org.apache.cassandra.service,StorageProxy,sendToHintedEndpoints,Complex Method,"designitejava,pmd,checkstyle",src/java/org/apache/cassandra/service/StorageProxy.java,src/java/org/apache/cassandra/service/StorageProxy.java.StorageProxy.sendToHintedEndpoints.Complex Method,0.8.0-beta1,3.11.0,4.0-alpha1,27
cassandra,0.8.0-beta1,org.apache.cassandra.service,StorageProxy,sendToHintedEndpoints,Long Parameter List,"designitejava,checkstyle",src/java/org/apache/cassandra/service/StorageProxy.java,src/java/org/apache/cassandra/service/StorageProxy.java.StorageProxy.sendToHintedEndpoints.Long Parameter List,0.8.0-beta1,3.11.0,4.0-alpha1,27
cassandra,4.0-alpha1,org.apache.cassandra.service,StorageProxy,sendToHintedReplicas,Complex Method,"designitejava,pmd,checkstyle",src/java/org/apache/cassandra/service/StorageProxy.java,src/java/org/apache/cassandra/service/StorageProxy.java.StorageProxy.sendToHintedReplicas.Complex Method,4.0-alpha1,5.0.0,5.0.0,6
cassandra,4.1-alpha1,org.apache.cassandra.service,StorageProxy,shouldHint,Complex Method,"designitejava,checkstyle",src/java/org/apache/cassandra/service/StorageProxy.java,src/java/org/apache/cassandra/service/StorageProxy.java.StorageProxy.shouldHint.Complex Method,4.1-alpha1,5.0.0,5.0.0,4
cassandra,0.4.0-final,org.apache.cassandra.service,StorageProxy,strongRead,Complex Method,"designitejava,pmd,checkstyle",src/java/org/apache/cassandra/service/StorageProxy.java,src/java/org/apache/cassandra/service/StorageProxy.java.StorageProxy.strongRead.Complex Method,0.4.0-final,0.7.0,0.7.6-2,7
cassandra,0.7.0,org.apache.cassandra.service,StorageProxy,weakRead,Complex Method,"designitejava,pmd,checkstyle",src/java/org/apache/cassandra/service/StorageProxy.java,src/java/org/apache/cassandra/service/StorageProxy.java.StorageProxy.weakRead.Complex Method,0.7.0,0.7.0,0.7.6-2,1
cassandra,3.0.0-alpha1,org.apache.cassandra.service,StorageProxy,wrapMVBatchResponseHandler,Long Parameter List,"designitejava,checkstyle",src/java/org/apache/cassandra/service/StorageProxy.java,src/java/org/apache/cassandra/service/StorageProxy.java.StorageProxy.wrapMVBatchResponseHandler.Long Parameter List,3.0.0-alpha1,3.0.0-alpha1,3.0.0,1
cassandra,3.0.0,org.apache.cassandra.service,StorageProxy,wrapViewBatchResponseHandler,Long Parameter List,"designitejava,checkstyle",src/java/org/apache/cassandra/service/StorageProxy.java,src/java/org/apache/cassandra/service/StorageProxy.java.StorageProxy.wrapViewBatchResponseHandler.Long Parameter List,3.0.0,5.0.0,5.0.0,18
cassandra,4.0-alpha1,org.apache.cassandra.service,StorageProxyMBean,configureFullQueryLogger,Long Parameter List,"designitejava,checkstyle",src/java/org/apache/cassandra/service/StorageProxyMBean.java,src/java/org/apache/cassandra/service/StorageProxyMBean.java.StorageProxyMBean.configureFullQueryLogger.Long Parameter List,4.0-alpha1,4.0-alpha1,4.0.0,1
cassandra,0.3.0-final,org.apache.cassandra.service,StorageService,,God Class,"pmd,checkstyle",src/java/org/apache/cassandra/service/StorageService.java,src/java/org/apache/cassandra/service/StorageService.java.StorageService..God Class,0.3.0-final,5.0.0,5.0.0,42
cassandra,5.0-alpha1,org.apache.cassandra.service,StorageService,clearSnapshot,Complex Method,"designitejava,pmd,checkstyle",src/java/org/apache/cassandra/service/StorageService.java,src/java/org/apache/cassandra/service/StorageService.java.StorageService.clearSnapshot.Complex Method,5.0-alpha1,5.0.0,5.0.0,2
cassandra,2.0.0-beta1,org.apache.cassandra.service,StorageService,createRepairTask,Long Parameter List,"designitejava,checkstyle",src/java/org/apache/cassandra/service/StorageService.java,src/java/org/apache/cassandra/service/StorageService.java.StorageService.createRepairTask.Long Parameter List,2.0.0-beta1,2.1.0,2.2.0-beta1,4
cassandra,3.1,org.apache.cassandra.service,StorageService,decommission,Complex Method,"designitejava,checkstyle",src/java/org/apache/cassandra/service/StorageService.java,src/java/org/apache/cassandra/service/StorageService.java.StorageService.decommission.Complex Method,3.1,5.0.0,5.0.0,17
cassandra,1.2.0-beta1,org.apache.cassandra.service,StorageService,effectiveOwnership,Complex Method,"designitejava,pmd",src/java/org/apache/cassandra/service/StorageService.java,src/java/org/apache/cassandra/service/StorageService.java.StorageService.effectiveOwnership.Complex Method,1.2.0-beta1,3.11.0,4.0-alpha1,21
cassandra,4.0-alpha1,org.apache.cassandra.service,StorageService,enableAuditLog,Long Parameter List,"designitejava,checkstyle",src/java/org/apache/cassandra/service/StorageService.java,src/java/org/apache/cassandra/service/StorageService.java.StorageService.enableAuditLog.Long Parameter List,4.0-alpha1,5.0.0,5.0.0,6
cassandra,4.0.0,org.apache.cassandra.service,StorageService,enableFullQueryLogger,Long Parameter List,"designitejava,checkstyle",src/java/org/apache/cassandra/service/StorageService.java,src/java/org/apache/cassandra/service/StorageService.java.StorageService.enableFullQueryLogger.Long Parameter List,4.0.0,5.0.0,5.0.0,5
cassandra,0.3.0-final,org.apache.cassandra.service,StorageService,findSuitableEndPoints,Complex Method,"designitejava,pmd,checkstyle",src/java/org/apache/cassandra/service/StorageService.java,src/java/org/apache/cassandra/service/StorageService.java.StorageService.findSuitableEndPoints.Complex Method,0.3.0-final,0.3.0-final,0.4.0-final,1
cassandra,0.4.0-final,org.apache.cassandra.service,StorageService,forceHandoff,Complex Method,"designitejava,pmd",src/java/org/apache/cassandra/service/StorageService.java,src/java/org/apache/cassandra/service/StorageService.java.StorageService.forceHandoff.Complex Method,0.4.0-final,0.4.1,0.5.0-beta1,2
cassandra,2.0.0-beta1,org.apache.cassandra.service,StorageService,forceKeyspaceRepairRange,Long Parameter List,"designitejava,checkstyle",src/java/org/apache/cassandra/service/StorageService.java,src/java/org/apache/cassandra/service/StorageService.java.StorageService.forceKeyspaceRepairRange.Long Parameter List,2.0.0-beta1,2.0.0,2.1.0-deb,2
cassandra,2.2.0,org.apache.cassandra.service,StorageService,forceRepairAsync,Complex Method,"designitejava,pmd,checkstyle",src/java/org/apache/cassandra/service/StorageService.java,src/java/org/apache/cassandra/service/StorageService.java.StorageService.forceRepairAsync.Complex Method,2.2.0,3.11.0,4.0-alpha1,14
cassandra,2.0.0-beta1,org.apache.cassandra.service,StorageService,forceRepairRangeAsync,Long Parameter List,"designitejava,checkstyle",src/java/org/apache/cassandra/service/StorageService.java,src/java/org/apache/cassandra/service/StorageService.java.StorageService.forceRepairRangeAsync.Long Parameter List,2.0.0-beta1,3.11.0,4.0-alpha1,19
cassandra,1.0.0-beta1,org.apache.cassandra.service,StorageService,getBootstrapToken,Complex Method,"designitejava,pmd",src/java/org/apache/cassandra/service/StorageService.java,src/java/org/apache/cassandra/service/StorageService.java.StorageService.getBootstrapToken.Complex Method,1.0.0-beta1,1.0.0,1.1.0-beta1,2
cassandra,4.0-alpha1,org.apache.cassandra.service,StorageService,getEffectiveOwnership,Complex Method,"designitejava,pmd,checkstyle",src/java/org/apache/cassandra/service/StorageService.java,src/java/org/apache/cassandra/service/StorageService.java.StorageService.getEffectiveOwnership.Complex Method,4.0-alpha1,5.0.0,5.0.0,6
cassandra,5.0-alpha1,org.apache.cassandra.service,StorageService,getOwnershipWithPort,Feature Envy,"designitejava,checkstyle",src/java/org/apache/cassandra/service/StorageService.java,src/java/org/apache/cassandra/service/StorageService.java.StorageService.getOwnershipWithPort.Feature Envy,5.0-alpha1,5.0.0,5.0.0,2
cassandra,2.0.0-beta1,org.apache.cassandra.service,StorageService,getValidColumnFamilies,Complex Method,"designitejava,pmd",src/java/org/apache/cassandra/service/StorageService.java,src/java/org/apache/cassandra/service/StorageService.java.StorageService.getValidColumnFamilies.Complex Method,2.0.0-beta1,2.1.0,2.2.0-beta1,4
cassandra,0.6.0-beta1,org.apache.cassandra.service,StorageService,initServer,Complex Method,"designitejava,pmd,checkstyle",src/java/org/apache/cassandra/service/StorageService.java,src/java/org/apache/cassandra/service/StorageService.java.StorageService.initServer.Complex Method,0.6.0-beta1,3.9,3.10,29
cassandra,0.7.6-2,org.apache.cassandra.service,StorageService,joinTokenRing,Complex Method,"designitejava,pmd,checkstyle",src/java/org/apache/cassandra/service/StorageService.java,src/java/org/apache/cassandra/service/StorageService.java.StorageService.joinTokenRing.Complex Method,0.7.6-2,5.0.0,5.0.0,34
cassandra,0.7.0,org.apache.cassandra.service,StorageService,loadSchemaFromYAML,Complex Method,"designitejava,pmd,checkstyle",src/java/org/apache/cassandra/service/StorageService.java,src/java/org/apache/cassandra/service/StorageService.java.StorageService.loadSchemaFromYAML.Complex Method,0.7.0,0.7.6-2,0.8.0-beta1,2
cassandra,0.8.0-beta1,org.apache.cassandra.service,StorageService,move,Complex Method,"designitejava,pmd,checkstyle",src/java/org/apache/cassandra/service/StorageService.java,src/java/org/apache/cassandra/service/StorageService.java.StorageService.move.Complex Method,0.8.0-beta1,5.0.0,5.0.0,33
cassandra,4.0.0,org.apache.cassandra.service,StorageService,prepareForBootstrap,Complex Method,"designitejava,pmd,checkstyle",src/java/org/apache/cassandra/service/StorageService.java,src/java/org/apache/cassandra/service/StorageService.java.StorageService.prepareForBootstrap.Complex Method,4.0.0,5.0.0,5.0.0,5
cassandra,4.0.0,org.apache.cassandra.service,StorageService,prepareForReplacement,Complex Method,"designitejava,checkstyle",src/java/org/apache/cassandra/service/StorageService.java,src/java/org/apache/cassandra/service/StorageService.java.StorageService.prepareForReplacement.Complex Method,4.0.0,5.0.0,5.0.0,5
cassandra,2.1.0-deb,org.apache.cassandra.service,StorageService,prepareToJoin,Complex Method,"designitejava,pmd,checkstyle",src/java/org/apache/cassandra/service/StorageService.java,src/java/org/apache/cassandra/service/StorageService.java.StorageService.prepareToJoin.Complex Method,2.1.0-deb,5.0.0,5.0.0,23
cassandra,3.1,org.apache.cassandra.service,StorageService,rebuild,Complex Method,"designitejava,pmd,checkstyle",src/java/org/apache/cassandra/service/StorageService.java,src/java/org/apache/cassandra/service/StorageService.java.StorageService.rebuild.Complex Method,3.1,5.0.0,5.0.0,17
cassandra,1.2.0-beta1,org.apache.cassandra.service,StorageService,removeNode,Complex Method,"designitejava,pmd,checkstyle",src/java/org/apache/cassandra/service/StorageService.java,src/java/org/apache/cassandra/service/StorageService.java.StorageService.removeNode.Complex Method,1.2.0-beta1,5.0.0,5.0.0,27
cassandra,0.7.0,org.apache.cassandra.service,StorageService,removeToken,Complex Method,"designitejava,pmd,checkstyle",src/java/org/apache/cassandra/service/StorageService.java,src/java/org/apache/cassandra/service/StorageService.java.StorageService.removeToken.Complex Method,0.7.0,1.1.0,1.2.0-beta1,8
cassandra,0.5.0,org.apache.cassandra.service,StorageService,restoreReplicaCount,Complex Method,"designitejava,pmd,checkstyle",src/java/org/apache/cassandra/service/StorageService.java,src/java/org/apache/cassandra/service/StorageService.java.StorageService.restoreReplicaCount.Complex Method,0.5.0,3.11.0,4.0-alpha1,32
cassandra,4.1-alpha1,org.apache.cassandra.service,StorageService,rewriteSSTables,Long Parameter List,"designitejava,checkstyle",src/java/org/apache/cassandra/service/StorageService.java,src/java/org/apache/cassandra/service/StorageService.java.StorageService.rewriteSSTables.Long Parameter List,4.1-alpha1,5.0.0,5.0.0,4
cassandra,2.1.0-deb,org.apache.cassandra.service,StorageService,runMayThrow,Complex Method,"designitejava,pmd",src/java/org/apache/cassandra/service/StorageService.java,src/java/org/apache/cassandra/service/StorageService.java.StorageService.runMayThrow.Complex Method,2.1.0-deb,3.9,3.10,15
cassandra,5.0-alpha1,org.apache.cassandra.service,StorageService,startSamplingPartitions,Long Parameter List,"designitejava,checkstyle",src/java/org/apache/cassandra/service/StorageService.java,src/java/org/apache/cassandra/service/StorageService.java.StorageService.startSamplingPartitions.Long Parameter List,5.0-alpha1,5.0.0,5.0.0,2
cassandra,3.1,org.apache.cassandra.service,StorageService,streamRanges,Complex Method,"designitejava,pmd",src/java/org/apache/cassandra/service/StorageService.java,src/java/org/apache/cassandra/service/StorageService.java.StorageService.streamRanges.Complex Method,3.1,3.11.0,4.0-alpha1,11
cassandra,2.2.0-beta1,org.apache.cassandra.service,StorageService,takeMultipleColumnFamilySnapshot,Complex Method,"designitejava,pmd,checkstyle",src/java/org/apache/cassandra/service/StorageService.java,src/java/org/apache/cassandra/service/StorageService.java.StorageService.takeMultipleColumnFamilySnapshot.Complex Method,2.2.0-beta1,2.2.0,3.0.0-alpha1,2
cassandra,3.0.0-alpha1,org.apache.cassandra.service,StorageService,takeMultipleTableSnapshot,Complex Method,"designitejava,pmd,checkstyle",src/java/org/apache/cassandra/service/StorageService.java,src/java/org/apache/cassandra/service/StorageService.java.StorageService.takeMultipleTableSnapshot.Complex Method,3.0.0-alpha1,5.0.0,5.0.0,19
cassandra,3.1,org.apache.cassandra.service,StorageService,updateSnitch,Complex Method,"designitejava,pmd,checkstyle",src/java/org/apache/cassandra/service/StorageService.java,src/java/org/apache/cassandra/service/StorageService.java.StorageService.updateSnitch.Complex Method,3.1,5.0.0,5.0.0,17
cassandra,4.0-alpha1,org.apache.cassandra.service,StorageService,updateTokenMetadata,Complex Method,"designitejava,pmd",src/java/org/apache/cassandra/service/StorageService.java,src/java/org/apache/cassandra/service/StorageService.java.StorageService.updateTokenMetadata.Complex Method,4.0-alpha1,5.0.0,5.0.0,6
cassandra,4.0-alpha1,org.apache.cassandra.service,StorageService,verify,Long Parameter List,"designitejava,checkstyle",src/java/org/apache/cassandra/service/StorageService.java,src/java/org/apache/cassandra/service/StorageService.java.StorageService.verify.Long Parameter List,4.0-alpha1,5.0.0,5.0.0,6
cassandra,4.0-alpha1,org.apache.cassandra.service,StorageServiceMBean,enableAuditLog,Long Parameter List,"designitejava,checkstyle",src/java/org/apache/cassandra/service/StorageServiceMBean.java,src/java/org/apache/cassandra/service/StorageServiceMBean.java.StorageServiceMBean.enableAuditLog.Long Parameter List,4.0-alpha1,5.0.0,5.0.0,6
cassandra,4.0.0,org.apache.cassandra.service,StorageServiceMBean,enableFullQueryLogger,Long Parameter List,"designitejava,checkstyle",src/java/org/apache/cassandra/service/StorageServiceMBean.java,src/java/org/apache/cassandra/service/StorageServiceMBean.java.StorageServiceMBean.enableFullQueryLogger.Long Parameter List,4.0.0,5.0.0,5.0.0,5
cassandra,2.0.0-beta1,org.apache.cassandra.service,StorageServiceMBean,forceKeyspaceRepairRange,Long Parameter List,"designitejava,checkstyle",src/java/org/apache/cassandra/service/StorageServiceMBean.java,src/java/org/apache/cassandra/service/StorageServiceMBean.java.StorageServiceMBean.forceKeyspaceRepairRange.Long Parameter List,2.0.0-beta1,2.0.0,2.1.0-deb,2
cassandra,2.0.0-beta1,org.apache.cassandra.service,StorageServiceMBean,forceRepairRangeAsync,Long Parameter List,"designitejava,checkstyle",src/java/org/apache/cassandra/service/StorageServiceMBean.java,src/java/org/apache/cassandra/service/StorageServiceMBean.java.StorageServiceMBean.forceRepairRangeAsync.Long Parameter List,2.0.0-beta1,3.11.0,4.0-alpha1,19
cassandra,5.0-alpha1,org.apache.cassandra.service,StorageServiceMBean,startSamplingPartitions,Long Parameter List,"designitejava,checkstyle",src/java/org/apache/cassandra/service/StorageServiceMBean.java,src/java/org/apache/cassandra/service/StorageServiceMBean.java.StorageServiceMBean.startSamplingPartitions.Long Parameter List,5.0-alpha1,5.0.0,5.0.0,2
cassandra,4.0-alpha1,org.apache.cassandra.service,StorageServiceMBean,verify,Long Parameter List,"designitejava,checkstyle",src/java/org/apache/cassandra/service/StorageServiceMBean.java,src/java/org/apache/cassandra/service/StorageServiceMBean.java.StorageServiceMBean.verify.Long Parameter List,4.0-alpha1,5.0.0,5.0.0,6
cassandra,2.0.0-beta1,org.apache.cassandra.service.pager,QueryPagers,countPaged,Long Parameter List,"designitejava,checkstyle",src/java/org/apache/cassandra/service/pager/QueryPagers.java,src/java/org/apache/cassandra/service/pager/QueryPagers.java.QueryPagers.countPaged.Long Parameter List,2.0.0-beta1,3.11.0,4.0-alpha1,19
cassandra,4.1-alpha1,org.apache.cassandra.service.paxos,ContentionStrategy,doWaitForContention,Long Parameter List,"designitejava,checkstyle",src/java/org/apache/cassandra/service/paxos/ContentionStrategy.java,src/java/org/apache/cassandra/service/paxos/ContentionStrategy.java.ContentionStrategy.doWaitForContention.Long Parameter List,4.1-alpha1,5.0.0,5.0.0,4
cassandra,4.1-alpha1,org.apache.cassandra.service.paxos,ContentionStrategy,waitForContention,Long Parameter List,"designitejava,checkstyle",src/java/org/apache/cassandra/service/paxos/ContentionStrategy.java,src/java/org/apache/cassandra/service/paxos/ContentionStrategy.java.ContentionStrategy.waitForContention.Long Parameter List,4.1-alpha1,5.0.0,5.0.0,4
cassandra,4.1-alpha1,org.apache.cassandra.service.paxos,Paxos,,God Class,"pmd,checkstyle",src/java/org/apache/cassandra/service/paxos/Paxos.java,src/java/org/apache/cassandra/service/paxos/Paxos.java.Paxos..God Class,4.1-alpha1,5.0.0,5.0.0,4
cassandra,4.1-alpha1,org.apache.cassandra.service.paxos,Paxos,begin,Complex Method,"designitejava,pmd,checkstyle",src/java/org/apache/cassandra/service/paxos/Paxos.java,src/java/org/apache/cassandra/service/paxos/Paxos.java.Paxos.begin.Complex Method,4.1-alpha1,5.0.0,5.0.0,4
cassandra,4.1-alpha1,org.apache.cassandra.service.paxos,Paxos,begin,Long Parameter List,"designitejava,checkstyle",src/java/org/apache/cassandra/service/paxos/Paxos.java,src/java/org/apache/cassandra/service/paxos/Paxos.java.Paxos.begin.Long Parameter List,4.1-alpha1,5.0.0,5.0.0,4
cassandra,4.1-alpha1,org.apache.cassandra.service.paxos,Paxos,cas,Complex Method,"designitejava,pmd,checkstyle",src/java/org/apache/cassandra/service/paxos/Paxos.java,src/java/org/apache/cassandra/service/paxos/Paxos.java.Paxos.cas.Complex Method,4.1-alpha1,5.0.0,5.0.0,4
cassandra,4.1-alpha1,org.apache.cassandra.service.paxos,Paxos,cas,Long Parameter List,"designitejava,checkstyle",src/java/org/apache/cassandra/service/paxos/Paxos.java,src/java/org/apache/cassandra/service/paxos/Paxos.java.Paxos.cas.Long Parameter List,4.1-alpha1,5.0.0,5.0.0,4
cassandra,4.1-alpha1,org.apache.cassandra.service.paxos,Paxos,read,Complex Method,"designitejava,pmd,checkstyle",src/java/org/apache/cassandra/service/paxos/Paxos.java,src/java/org/apache/cassandra/service/paxos/Paxos.java.Paxos.read.Complex Method,4.1-alpha1,5.0.0,5.0.0,4
cassandra,4.1-alpha1,org.apache.cassandra.service.paxos,PaxosCommit,commit,Long Parameter List,"designitejava,checkstyle",src/java/org/apache/cassandra/service/paxos/PaxosCommit.java,src/java/org/apache/cassandra/service/paxos/PaxosCommit.java.PaxosCommit.commit.Long Parameter List,4.1-alpha1,5.0.0,5.0.0,4
cassandra,4.1-alpha1,org.apache.cassandra.service.paxos,PaxosPrepare,,God Class,"pmd,checkstyle",src/java/org/apache/cassandra/service/paxos/PaxosPrepare.java,src/java/org/apache/cassandra/service/paxos/PaxosPrepare.java.PaxosPrepare..God Class,4.1-alpha1,5.0.0,5.0.0,4
cassandra,4.1-alpha1,org.apache.cassandra.service.paxos,PaxosPrepare,checkForLinearizabilityViolation,Complex Method,"designitejava,pmd,checkstyle",src/java/org/apache/cassandra/service/paxos/PaxosPrepare.java,src/java/org/apache/cassandra/service/paxos/PaxosPrepare.java.PaxosPrepare.checkForLinearizabilityViolation.Complex Method,4.1-alpha1,5.0.0,5.0.0,4
cassandra,4.1-alpha1,org.apache.cassandra.service.paxos,PaxosPrepare,permitted,Complex Method,"designitejava,pmd,checkstyle",src/java/org/apache/cassandra/service/paxos/PaxosPrepare.java,src/java/org/apache/cassandra/service/paxos/PaxosPrepare.java.PaxosPrepare.permitted.Complex Method,4.1-alpha1,5.0.0,5.0.0,4
cassandra,4.1-alpha1,org.apache.cassandra.service.paxos,PaxosPrepare,prepareWithBallot,Long Parameter List,"designitejava,checkstyle",src/java/org/apache/cassandra/service/paxos/PaxosPrepare.java,src/java/org/apache/cassandra/service/paxos/PaxosPrepare.java.PaxosPrepare.prepareWithBallot.Long Parameter List,4.1-alpha1,5.0.0,5.0.0,4
cassandra,4.1-alpha1,org.apache.cassandra.service.paxos,PaxosPropose,shouldSignal,Long Parameter List,"designitejava,checkstyle",src/java/org/apache/cassandra/service/paxos/PaxosPropose.java,src/java/org/apache/cassandra/service/paxos/PaxosPropose.java.PaxosPropose.shouldSignal.Long Parameter List,4.1-alpha1,5.0.0,5.0.0,4
cassandra,4.1-alpha1,org.apache.cassandra.service.paxos,PaxosState,,God Class,"pmd,checkstyle",src/java/org/apache/cassandra/service/paxos/PaxosState.java,src/java/org/apache/cassandra/service/paxos/PaxosState.java.PaxosState..God Class,4.1-alpha1,5.0.0,5.0.0,4
cassandra,4.1-alpha1,org.apache.cassandra.service.paxos,PaxosState,promiseIfNewer,Complex Method,"designitejava,pmd",src/java/org/apache/cassandra/service/paxos/PaxosState.java,src/java/org/apache/cassandra/service/paxos/PaxosState.java.PaxosState.promiseIfNewer.Complex Method,4.1-alpha1,5.0.0,5.0.0,4
cassandra,4.1-alpha1,org.apache.cassandra.service.paxos.uncommitted,PaxosStateTracker,create,Complex Method,"designitejava,pmd,checkstyle",src/java/org/apache/cassandra/service/paxos/uncommitted/PaxosStateTracker.java,src/java/org/apache/cassandra/service/paxos/uncommitted/PaxosStateTracker.java.PaxosStateTracker.create.Complex Method,4.1-alpha1,5.0.0,5.0.0,4
cassandra,4.1-alpha1,org.apache.cassandra.service.paxos.uncommitted,PaxosUncommittedTracker,schedulePaxosAutoRepairs,Complex Method,"designitejava,pmd",src/java/org/apache/cassandra/service/paxos/uncommitted/PaxosUncommittedTracker.java,src/java/org/apache/cassandra/service/paxos/uncommitted/PaxosUncommittedTracker.java.PaxosUncommittedTracker.schedulePaxosAutoRepairs.Complex Method,4.1-alpha1,5.0.0,5.0.0,4
cassandra,4.1-alpha1,org.apache.cassandra.service.paxos.uncommitted,UncommittedTableData,load,Complex Method,"designitejava,pmd",src/java/org/apache/cassandra/service/paxos/uncommitted/UncommittedTableData.java,src/java/org/apache/cassandra/service/paxos/uncommitted/UncommittedTableData.java.UncommittedTableData.load.Complex Method,4.1-alpha1,5.0.0,5.0.0,4
cassandra,4.0-alpha1,org.apache.cassandra.service.reads,ReadCallback,awaitResults,Complex Method,"pmd,checkstyle",src/java/org/apache/cassandra/service/reads/ReadCallback.java,src/java/org/apache/cassandra/service/reads/ReadCallback.java.ReadCallback.awaitResults.Complex Method,4.0-alpha1,5.0.0,5.0.0,6
cassandra,4.0.0,org.apache.cassandra.service.reads,ReplicaFilteringProtection,getRowMergeListener,Complex Method,"designitejava,pmd",src/java/org/apache/cassandra/service/reads/ReplicaFilteringProtection.java,src/java/org/apache/cassandra/service/reads/ReplicaFilteringProtection.java.ReplicaFilteringProtection.getRowMergeListener.Complex Method,4.0.0,5.0.0,5.0.0,5
cassandra,4.0.0,org.apache.cassandra.service.reads,ReplicaFilteringProtection,mergeController,Complex Method,"designitejava,pmd",src/java/org/apache/cassandra/service/reads/ReplicaFilteringProtection.java,src/java/org/apache/cassandra/service/reads/ReplicaFilteringProtection.java.ReplicaFilteringProtection.mergeController.Complex Method,4.0.0,5.0.0,5.0.0,5
cassandra,5.0.0,org.apache.cassandra.service.reads,ReplicaFilteringProtection,onMergedRows,Complex Method,"designitejava,pmd",src/java/org/apache/cassandra/service/reads/ReplicaFilteringProtection.java,src/java/org/apache/cassandra/service/reads/ReplicaFilteringProtection.java.ReplicaFilteringProtection.onMergedRows.Complex Method,5.0.0,5.0.0,5.0.0,1
cassandra,4.0-alpha1,org.apache.cassandra.service.reads,ShortReadProtection,extend,Long Parameter List,"designitejava,checkstyle",src/java/org/apache/cassandra/service/reads/ShortReadProtection.java,src/java/org/apache/cassandra/service/reads/ShortReadProtection.java.ShortReadProtection.extend.Long Parameter List,4.0-alpha1,5.0.0,5.0.0,6
cassandra,4.0.0,org.apache.cassandra.service.reads.repair,RowIteratorMergeListener,close,Complex Method,"designitejava,checkstyle",src/java/org/apache/cassandra/service/reads/repair/RowIteratorMergeListener.java,src/java/org/apache/cassandra/service/reads/repair/RowIteratorMergeListener.java.RowIteratorMergeListener.close.Complex Method,4.0.0,5.0.0,5.0.0,5
cassandra,4.0-alpha1,org.apache.cassandra.service.reads.repair,RowIteratorMergeListener,onMergedRangeTombstoneMarkers,Complex Method,"designitejava,pmd,checkstyle",src/java/org/apache/cassandra/service/reads/repair/RowIteratorMergeListener.java,src/java/org/apache/cassandra/service/reads/repair/RowIteratorMergeListener.java.RowIteratorMergeListener.onMergedRangeTombstoneMarkers.Complex Method,4.0-alpha1,5.0.0,5.0.0,6
cassandra,4.1-alpha1,org.apache.cassandra.service.reads.thresholds,WarningsSnapshot,maybeAbort,Long Parameter List,"designitejava,checkstyle",src/java/org/apache/cassandra/service/reads/thresholds/WarningsSnapshot.java,src/java/org/apache/cassandra/service/reads/thresholds/WarningsSnapshot.java.WarningsSnapshot.maybeAbort.Long Parameter List,4.1-alpha1,5.0.0,5.0.0,4
cassandra,4.1-alpha1,org.apache.cassandra.streaming,StreamDeserializingTask,run,Complex Method,"designitejava,pmd",src/java/org/apache/cassandra/streaming/StreamDeserializingTask.java,src/java/org/apache/cassandra/streaming/StreamDeserializingTask.java.StreamDeserializingTask.run.Complex Method,4.1-alpha1,5.0.0,5.0.0,4
cassandra,4.0.0,org.apache.cassandra.streaming,StreamResultFuture,createFollower,Long Parameter List,"designitejava,checkstyle",src/java/org/apache/cassandra/streaming/StreamResultFuture.java,src/java/org/apache/cassandra/streaming/StreamResultFuture.java.StreamResultFuture.createFollower.Long Parameter List,4.0.0,5.0.0,5.0.0,5
cassandra,5.0-alpha1,org.apache.cassandra.streaming,StreamSession,checkPendingCompactions,Long Parameter List,"designitejava,checkstyle",src/java/org/apache/cassandra/streaming/StreamSession.java,src/java/org/apache/cassandra/streaming/StreamSession.java.StreamSession.checkPendingCompactions.Long Parameter List,5.0-alpha1,5.0.0,5.0.0,2
cassandra,2.2.0-beta1,org.apache.cassandra.streaming,StreamSession,getSSTableSectionsForRanges,Complex Method,"designitejava,pmd",src/java/org/apache/cassandra/streaming/StreamSession.java,src/java/org/apache/cassandra/streaming/StreamSession.java.StreamSession.getSSTableSectionsForRanges.Complex Method,2.2.0-beta1,3.11.0,4.0-alpha1,15
cassandra,1.0.0-beta1,org.apache.cassandra.streaming,StreamingRepairTask,create,Long Parameter List,"designitejava,checkstyle",src/java/org/apache/cassandra/streaming/StreamingRepairTask.java,src/java/org/apache/cassandra/streaming/StreamingRepairTask.java.StreamingRepairTask.create.Long Parameter List,1.0.0-beta1,1.2.0,2.0.0-beta1,6
cassandra,3.1,org.apache.cassandra.streaming.compress,CompressedStreamReader,read,Complex Method,"designitejava,checkstyle",src/java/org/apache/cassandra/streaming/compress/CompressedStreamReader.java,src/java/org/apache/cassandra/streaming/compress/CompressedStreamReader.java.CompressedStreamReader.read.Complex Method,3.1,3.11.0,4.0-alpha1,11
cassandra,0.3.0-final,org.apache.cassandra.test,TestChoice,assignReplicas,Complex Method,"designitejava,pmd,checkstyle",src/java/org/apache/cassandra/test/TestChoice.java,src/java/org/apache/cassandra/test/TestChoice.java.TestChoice.assignReplicas.Complex Method,0.3.0-final,0.3.0-final,0.4.0-final,1
cassandra,0.6.0-beta1,org.apache.cassandra.thrift,CassandraServer,,God Class,"pmd,checkstyle",src/java/org/apache/cassandra/thrift/CassandraServer.java,src/java/org/apache/cassandra/thrift/CassandraServer.java.CassandraServer..God Class,0.6.0-beta1,3.11.0,4.0-alpha1,31
cassandra,3.0.0-alpha1,org.apache.cassandra.thrift,CassandraServer,addRange,Long Parameter List,"designitejava,checkstyle",src/java/org/apache/cassandra/thrift/CassandraServer.java,src/java/org/apache/cassandra/thrift/CassandraServer.java.CassandraServer.addRange.Long Parameter List,3.0.0-alpha1,3.11.0,4.0-alpha1,13
cassandra,1.2.0-beta1,org.apache.cassandra.thrift,CassandraServer,createMutationList,Complex Method,"designitejava,pmd,checkstyle",src/java/org/apache/cassandra/thrift/CassandraServer.java,src/java/org/apache/cassandra/thrift/CassandraServer.java.CassandraServer.createMutationList.Complex Method,1.2.0-beta1,3.11.0,4.0-alpha1,21
cassandra,2.0.0,org.apache.cassandra.thrift,CassandraServer,deleteColumnOrSuperColumn,Complex Method,"designitejava,pmd,checkstyle",src/java/org/apache/cassandra/thrift/CassandraServer.java,src/java/org/apache/cassandra/thrift/CassandraServer.java.CassandraServer.deleteColumnOrSuperColumn.Complex Method,2.0.0,3.11.0,4.0-alpha1,18
cassandra,0.8.0-beta1,org.apache.cassandra.thrift,CassandraServer,execute_cql_query,Complex Method,"pmd,checkstyle",src/java/org/apache/cassandra/thrift/CassandraServer.java,src/java/org/apache/cassandra/thrift/CassandraServer.java.CassandraServer.execute_cql_query.Complex Method,0.8.0-beta1,1.0.0,1.1.0-beta1,4
cassandra,2.0.0-beta1,org.apache.cassandra.thrift,CassandraServer,getSliceInternal,Long Parameter List,"designitejava,checkstyle",src/java/org/apache/cassandra/thrift/CassandraServer.java,src/java/org/apache/cassandra/thrift/CassandraServer.java.CassandraServer.getSliceInternal.Long Parameter List,2.0.0-beta1,3.11.0,4.0-alpha1,19
cassandra,1.2.0-beta1,org.apache.cassandra.thrift,CassandraServer,get_count,Complex Method,"designitejava,pmd,checkstyle",src/java/org/apache/cassandra/thrift/CassandraServer.java,src/java/org/apache/cassandra/thrift/CassandraServer.java.CassandraServer.get_count.Complex Method,1.2.0-beta1,3.11.0,4.0-alpha1,21
cassandra,2.2.0-beta1,org.apache.cassandra.thrift,CassandraServer,get_multi_slice,Complex Method,"pmd,checkstyle",src/java/org/apache/cassandra/thrift/CassandraServer.java,src/java/org/apache/cassandra/thrift/CassandraServer.java.CassandraServer.get_multi_slice.Complex Method,2.2.0-beta1,2.2.0,3.0.0-alpha1,2
cassandra,0.6.0-beta1,org.apache.cassandra.thrift,CassandraServer,get_range_slice,Long Parameter List,"designitejava,checkstyle",src/java/org/apache/cassandra/thrift/CassandraServer.java,src/java/org/apache/cassandra/thrift/CassandraServer.java.CassandraServer.get_range_slice.Long Parameter List,0.6.0-beta1,0.6.0,0.7.0,2
cassandra,0.6.0-beta1,org.apache.cassandra.thrift,CassandraServer,insert,Long Parameter List,"designitejava,checkstyle",src/java/org/apache/cassandra/thrift/CassandraServer.java,src/java/org/apache/cassandra/thrift/CassandraServer.java.CassandraServer.insert.Long Parameter List,0.6.0-beta1,0.6.0,0.7.0,2
cassandra,0.8.0,org.apache.cassandra.thrift,CassandraServer,internal_batch_mutate,Complex Method,"designitejava,pmd,checkstyle",src/java/org/apache/cassandra/thrift/CassandraServer.java,src/java/org/apache/cassandra/thrift/CassandraServer.java.CassandraServer.internal_batch_mutate.Complex Method,0.8.0,1.1.0,1.2.0-beta1,5
cassandra,3.0.0-alpha1,org.apache.cassandra.thrift,CassandraServer,makeColumnFilter,Complex Method,"pmd,checkstyle",src/java/org/apache/cassandra/thrift/CassandraServer.java,src/java/org/apache/cassandra/thrift/CassandraServer.java.CassandraServer.makeColumnFilter.Complex Method,3.0.0-alpha1,3.11.0,4.0-alpha1,13
cassandra,3.0.0-alpha1,org.apache.cassandra.thrift,CassandraServer,sortAndMerge,Complex Method,"designitejava,pmd",src/java/org/apache/cassandra/thrift/CassandraServer.java,src/java/org/apache/cassandra/thrift/CassandraServer.java.CassandraServer.sortAndMerge.Complex Method,3.0.0-alpha1,3.11.0,4.0-alpha1,13
cassandra,1.1.0-beta1,org.apache.cassandra.thrift,CassandraServer,uncompress,Complex Method,"pmd,checkstyle",src/java/org/apache/cassandra/thrift/CassandraServer.java,src/java/org/apache/cassandra/thrift/CassandraServer.java.CassandraServer.uncompress.Complex Method,1.1.0-beta1,3.11.0,4.0-alpha1,23
cassandra,2.2.0-beta1,org.apache.cassandra.thrift,ThriftConversion,,God Class,"pmd,checkstyle",src/java/org/apache/cassandra/thrift/ThriftConversion.java,src/java/org/apache/cassandra/thrift/ThriftConversion.java.ThriftConversion..God Class,2.2.0-beta1,3.11.0,4.0-alpha1,15
cassandra,3.0.0-alpha1,org.apache.cassandra.thrift,ThriftConversion,addDefaultCQLMetadata,Long Parameter List,"designitejava,checkstyle",src/java/org/apache/cassandra/thrift/ThriftConversion.java,src/java/org/apache/cassandra/thrift/ThriftConversion.java.ThriftConversion.addDefaultCQLMetadata.Long Parameter List,3.0.0-alpha1,3.11.0,4.0-alpha1,13
cassandra,2.2.0-beta1,org.apache.cassandra.thrift,ThriftConversion,applyImplicitDefaults,Complex Method,"designitejava,checkstyle",src/java/org/apache/cassandra/thrift/ThriftConversion.java,src/java/org/apache/cassandra/thrift/ThriftConversion.java.ThriftConversion.applyImplicitDefaults.Complex Method,2.2.0-beta1,3.11.0,4.0-alpha1,15
cassandra,3.0.0,org.apache.cassandra.thrift,ThriftConversion,indexDefsFromThrift,Long Parameter List,"designitejava,checkstyle",src/java/org/apache/cassandra/thrift/ThriftConversion.java,src/java/org/apache/cassandra/thrift/ThriftConversion.java.ThriftConversion.indexDefsFromThrift.Long Parameter List,3.0.0,3.11.0,4.0-alpha1,12
cassandra,2.2.0-beta1,org.apache.cassandra.thrift,ThriftConversion,internalFromThrift,Complex Method,"designitejava,pmd,checkstyle",src/java/org/apache/cassandra/thrift/ThriftConversion.java,src/java/org/apache/cassandra/thrift/ThriftConversion.java.ThriftConversion.internalFromThrift.Complex Method,2.2.0-beta1,3.11.0,4.0-alpha1,15
cassandra,0.6.0-beta1,org.apache.cassandra.thrift,ThriftValidation,,God Class,"pmd,checkstyle",src/java/org/apache/cassandra/thrift/ThriftValidation.java,src/java/org/apache/cassandra/thrift/ThriftValidation.java.ThriftValidation..God Class,0.6.0-beta1,3.11.0,4.0-alpha1,31
cassandra,0.7.0,org.apache.cassandra.thrift,ThriftValidation,validateCfDef,Complex Method,"pmd,checkstyle",src/java/org/apache/cassandra/thrift/ThriftValidation.java,src/java/org/apache/cassandra/thrift/ThriftValidation.java.ThriftValidation.validateCfDef.Complex Method,0.7.0,1.1.0-beta1,1.1.0,7
cassandra,0.8.0-beta1,org.apache.cassandra.thrift,ThriftValidation,validateColumnOrSuperColumn,Complex Method,"designitejava,pmd,checkstyle",src/java/org/apache/cassandra/thrift/ThriftValidation.java,src/java/org/apache/cassandra/thrift/ThriftValidation.java.ThriftValidation.validateColumnOrSuperColumn.Complex Method,0.8.0-beta1,3.11.0,4.0-alpha1,27
cassandra,0.7.0,org.apache.cassandra.tools,ClusterCmd,main,Complex Method,"designitejava,pmd,checkstyle",src/java/org/apache/cassandra/tools/ClusterCmd.java,src/java/org/apache/cassandra/tools/ClusterCmd.java.ClusterCmd.main.Complex Method,0.7.0,0.8.0-beta1,0.8.0,3
cassandra,4.1-alpha1,org.apache.cassandra.tools,HashPassword,main,Complex Method,"designitejava,pmd,checkstyle",src/java/org/apache/cassandra/tools/HashPassword.java,src/java/org/apache/cassandra/tools/HashPassword.java.HashPassword.main.Complex Method,4.1-alpha1,5.0.0,5.0.0,4
cassandra,0.6.0-beta1,org.apache.cassandra.tools,NodeCmd,main,Complex Method,"designitejava,pmd,checkstyle",src/java/org/apache/cassandra/tools/NodeCmd.java,src/java/org/apache/cassandra/tools/NodeCmd.java.NodeCmd.main.Complex Method,0.6.0-beta1,2.0.0,2.1.0-deb,14
cassandra,0.7.0,org.apache.cassandra.tools,NodeCmd,optionalKSandCFs,Complex Method,"designitejava,pmd,checkstyle",src/java/org/apache/cassandra/tools/NodeCmd.java,src/java/org/apache/cassandra/tools/NodeCmd.java.NodeCmd.optionalKSandCFs.Complex Method,0.7.0,2.0.0,2.1.0-deb,12
cassandra,0.6.0-beta1,org.apache.cassandra.tools,NodeCmd,printColumnFamilyStats,Complex Method,"designitejava,pmd,checkstyle",src/java/org/apache/cassandra/tools/NodeCmd.java,src/java/org/apache/cassandra/tools/NodeCmd.java.NodeCmd.printColumnFamilyStats.Complex Method,0.6.0-beta1,2.0.0,2.1.0-deb,14
cassandra,0.6.0-beta1,org.apache.cassandra.tools,NodeCmd,printColumnFamilyStats,Feature Envy,"designitejava,checkstyle",src/java/org/apache/cassandra/tools/NodeCmd.java,src/java/org/apache/cassandra/tools/NodeCmd.java.NodeCmd.printColumnFamilyStats.Feature Envy,0.6.0-beta1,2.0.0,2.1.0-deb,14
cassandra,1.2.0-beta1,org.apache.cassandra.tools,NodeCmd,printDc,Complex Method,"designitejava,pmd,checkstyle",src/java/org/apache/cassandra/tools/NodeCmd.java,src/java/org/apache/cassandra/tools/NodeCmd.java.NodeCmd.printDc.Complex Method,1.2.0-beta1,2.0.0,2.1.0-deb,4
cassandra,1.2.0-beta1,org.apache.cassandra.tools,NodeCmd,printDc,Long Parameter List,"designitejava,checkstyle",src/java/org/apache/cassandra/tools/NodeCmd.java,src/java/org/apache/cassandra/tools/NodeCmd.java.NodeCmd.printDc.Long Parameter List,1.2.0-beta1,2.0.0,2.1.0-deb,4
cassandra,0.7.0,org.apache.cassandra.tools,NodeCmd,printNetworkStats,Complex Method,"designitejava,pmd,checkstyle",src/java/org/apache/cassandra/tools/NodeCmd.java,src/java/org/apache/cassandra/tools/NodeCmd.java.NodeCmd.printNetworkStats.Complex Method,0.7.0,2.0.0,2.1.0-deb,12
cassandra,0.7.0,org.apache.cassandra.tools,NodeCmd,printNetworkStats,Feature Envy,"designitejava,checkstyle",src/java/org/apache/cassandra/tools/NodeCmd.java,src/java/org/apache/cassandra/tools/NodeCmd.java.NodeCmd.printNetworkStats.Feature Envy,0.7.0,2.0.0,2.1.0-deb,12
cassandra,0.6.0-beta1,org.apache.cassandra.tools,NodeCmd,printRing,Complex Method,"pmd,checkstyle",src/java/org/apache/cassandra/tools/NodeCmd.java,src/java/org/apache/cassandra/tools/NodeCmd.java.NodeCmd.printRing.Complex Method,0.6.0-beta1,1.1.0,1.2.0-beta1,10
cassandra,0.6.0-beta1,org.apache.cassandra.tools,NodeCmd,printStreamInfo,Complex Method,"designitejava,pmd,checkstyle",src/java/org/apache/cassandra/tools/NodeCmd.java,src/java/org/apache/cassandra/tools/NodeCmd.java.NodeCmd.printStreamInfo.Complex Method,0.6.0-beta1,0.6.0,0.7.0,2
cassandra,4.0-alpha1,org.apache.cassandra.tools,NodeProbe,enableAuditLog,Long Parameter List,"designitejava,checkstyle",src/java/org/apache/cassandra/tools/NodeProbe.java,src/java/org/apache/cassandra/tools/NodeProbe.java.NodeProbe.enableAuditLog.Long Parameter List,4.0-alpha1,5.0.0,5.0.0,6
cassandra,4.0.0,org.apache.cassandra.tools,NodeProbe,enableFullQueryLogger,Long Parameter List,"designitejava,checkstyle",src/java/org/apache/cassandra/tools/NodeProbe.java,src/java/org/apache/cassandra/tools/NodeProbe.java.NodeProbe.enableFullQueryLogger.Long Parameter List,4.0.0,5.0.0,5.0.0,5
cassandra,2.0.0-beta1,org.apache.cassandra.tools,NodeProbe,forceKeyspaceRepairRange,Long Parameter List,"designitejava,checkstyle",src/java/org/apache/cassandra/tools/NodeProbe.java,src/java/org/apache/cassandra/tools/NodeProbe.java.NodeProbe.forceKeyspaceRepairRange.Long Parameter List,2.0.0-beta1,2.0.0,2.1.0-deb,2
cassandra,2.0.0-beta1,org.apache.cassandra.tools,NodeProbe,forceRepairAsync,Long Parameter List,"designitejava,checkstyle",src/java/org/apache/cassandra/tools/NodeProbe.java,src/java/org/apache/cassandra/tools/NodeProbe.java.NodeProbe.forceRepairAsync.Long Parameter List,2.0.0-beta1,2.1.0,2.2.0-beta1,4
cassandra,2.0.0-beta1,org.apache.cassandra.tools,NodeProbe,forceRepairRangeAsync,Long Parameter List,"designitejava,checkstyle",src/java/org/apache/cassandra/tools/NodeProbe.java,src/java/org/apache/cassandra/tools/NodeProbe.java.NodeProbe.forceRepairRangeAsync.Long Parameter List,2.0.0-beta1,2.1.0,2.2.0-beta1,4
cassandra,2.2.0-beta1,org.apache.cassandra.tools,NodeProbe,getPartitionSample,Long Parameter List,"designitejava,checkstyle",src/java/org/apache/cassandra/tools/NodeProbe.java,src/java/org/apache/cassandra/tools/NodeProbe.java.NodeProbe.getPartitionSample.Long Parameter List,2.2.0-beta1,5.0.0,5.0.0,21
cassandra,5.0-alpha1,org.apache.cassandra.tools,NodeProbe,handleScheduledSampling,Long Parameter List,"designitejava,checkstyle",src/java/org/apache/cassandra/tools/NodeProbe.java,src/java/org/apache/cassandra/tools/NodeProbe.java.NodeProbe.handleScheduledSampling.Long Parameter List,5.0-alpha1,5.0.0,5.0.0,2
cassandra,4.0-alpha1,org.apache.cassandra.tools,NodeProbe,importNewSSTables,Long Parameter List,"designitejava,checkstyle",src/java/org/apache/cassandra/tools/NodeProbe.java,src/java/org/apache/cassandra/tools/NodeProbe.java.NodeProbe.importNewSSTables.Long Parameter List,4.0-alpha1,5.0.0,5.0.0,6
cassandra,0.4.0-final,org.apache.cassandra.tools,NodeProbe,main,Complex Method,"designitejava,pmd,checkstyle",src/java/org/apache/cassandra/tools/NodeProbe.java,src/java/org/apache/cassandra/tools/NodeProbe.java.NodeProbe.main.Complex Method,0.4.0-final,0.5.0,0.6.0-beta1,4
cassandra,0.4.0-final,org.apache.cassandra.tools,NodeProbe,printColumnFamilyStats,Complex Method,"designitejava,pmd",src/java/org/apache/cassandra/tools/NodeProbe.java,src/java/org/apache/cassandra/tools/NodeProbe.java.NodeProbe.printColumnFamilyStats.Complex Method,0.4.0-final,0.5.0,0.6.0-beta1,4
cassandra,0.5.0-beta1,org.apache.cassandra.tools,NodeProbe,printRing,Complex Method,"pmd,checkstyle",src/java/org/apache/cassandra/tools/NodeProbe.java,src/java/org/apache/cassandra/tools/NodeProbe.java.NodeProbe.printRing.Complex Method,0.5.0-beta1,0.6.0,0.7.0,4
cassandra,3.1,org.apache.cassandra.tools,NodeProbe,setTimeout,Complex Method,"designitejava,checkstyle",src/java/org/apache/cassandra/tools/NodeProbe.java,src/java/org/apache/cassandra/tools/NodeProbe.java.NodeProbe.setTimeout.Complex Method,3.1,5.0.0,5.0.0,17
cassandra,4.0-alpha1,org.apache.cassandra.tools,NodeProbe,verify,Long Parameter List,"designitejava,checkstyle",src/java/org/apache/cassandra/tools/NodeProbe.java,src/java/org/apache/cassandra/tools/NodeProbe.java.NodeProbe.verify.Long Parameter List,4.0-alpha1,5.0.0,5.0.0,6
cassandra,3.1,org.apache.cassandra.tools,SSTableExport,main,Complex Method,"designitejava,pmd,checkstyle",src/java/org/apache/cassandra/tools/SSTableExport.java,src/java/org/apache/cassandra/tools/SSTableExport.java.SSTableExport.main.Complex Method,3.1,5.0.0,5.0.0,17
cassandra,0.7.6-2,org.apache.cassandra.tools,SSTableImport,importSorted,Complex Method,"designitejava,pmd,checkstyle",src/java/org/apache/cassandra/tools/SSTableImport.java,src/java/org/apache/cassandra/tools/SSTableImport.java.SSTableImport.importSorted.Complex Method,0.7.6-2,2.2.0,3.0.0-alpha1,15
cassandra,2.1.0-deb,org.apache.cassandra.tools,SSTableMetadataViewer,main,Complex Method,"designitejava,pmd",src/java/org/apache/cassandra/tools/SSTableMetadataViewer.java,src/java/org/apache/cassandra/tools/SSTableMetadataViewer.java.SSTableMetadataViewer.main.Complex Method,2.1.0-deb,3.11.0,4.0-alpha1,17
cassandra,4.0-alpha1,org.apache.cassandra.tools,SSTableMetadataViewer,printSStableMetadata,Complex Method,"designitejava,pmd,checkstyle",src/java/org/apache/cassandra/tools/SSTableMetadataViewer.java,src/java/org/apache/cassandra/tools/SSTableMetadataViewer.java.SSTableMetadataViewer.printSStableMetadata.Complex Method,4.0-alpha1,5.0.0,5.0.0,6
cassandra,4.0-alpha1,org.apache.cassandra.tools,SSTableMetadataViewer,printScannedOverview,Complex Method,"designitejava,pmd,checkstyle",src/java/org/apache/cassandra/tools/SSTableMetadataViewer.java,src/java/org/apache/cassandra/tools/SSTableMetadataViewer.java.SSTableMetadataViewer.printScannedOverview.Complex Method,4.0-alpha1,5.0.0,5.0.0,6
cassandra,5.0-alpha1,org.apache.cassandra.tools,SSTablePartitions,processArguments,Complex Method,"designitejava,pmd,checkstyle",src/java/org/apache/cassandra/tools/SSTablePartitions.java,src/java/org/apache/cassandra/tools/SSTablePartitions.java.SSTablePartitions.processArguments.Complex Method,5.0-alpha1,5.0.0,5.0.0,2
cassandra,5.0-alpha1,org.apache.cassandra.tools,SSTablePartitions,processDirectory,Complex Method,"designitejava,pmd,checkstyle",src/java/org/apache/cassandra/tools/SSTablePartitions.java,src/java/org/apache/cassandra/tools/SSTablePartitions.java.SSTablePartitions.processDirectory.Complex Method,5.0-alpha1,5.0.0,5.0.0,2
cassandra,5.0-alpha1,org.apache.cassandra.tools,SSTablePartitions,processSSTable,Complex Method,"designitejava,pmd,checkstyle",src/java/org/apache/cassandra/tools/SSTablePartitions.java,src/java/org/apache/cassandra/tools/SSTablePartitions.java.SSTablePartitions.processSSTable.Complex Method,5.0-alpha1,5.0.0,5.0.0,2
cassandra,5.0-alpha1,org.apache.cassandra.tools,SSTablePartitions,processSSTable,Long Parameter List,"designitejava,checkstyle",src/java/org/apache/cassandra/tools/SSTablePartitions.java,src/java/org/apache/cassandra/tools/SSTablePartitions.java.SSTablePartitions.processSSTable.Long Parameter List,5.0-alpha1,5.0.0,5.0.0,2
cassandra,1.2.0,org.apache.cassandra.tools,Shuffle,,God Class,"pmd,checkstyle",src/java/org/apache/cassandra/tools/Shuffle.java,src/java/org/apache/cassandra/tools/Shuffle.java.Shuffle..God Class,1.2.0,2.0.0,2.1.0-deb,3
cassandra,1.2.0,org.apache.cassandra.tools,Shuffle,calculateRelocations,Complex Method,"designitejava,pmd",src/java/org/apache/cassandra/tools/Shuffle.java,src/java/org/apache/cassandra/tools/Shuffle.java.Shuffle.calculateRelocations.Complex Method,1.2.0,2.0.0,2.1.0-deb,3
cassandra,1.2.0,org.apache.cassandra.tools,Shuffle,main,Complex Method,"designitejava,pmd,checkstyle",src/java/org/apache/cassandra/tools/Shuffle.java,src/java/org/apache/cassandra/tools/Shuffle.java.Shuffle.main.Complex Method,1.2.0,2.0.0,2.1.0-deb,3
cassandra,1.2.0-beta1,org.apache.cassandra.tools,StandaloneScrubber,main,Complex Method,"designitejava,pmd,checkstyle",src/java/org/apache/cassandra/tools/StandaloneScrubber.java,src/java/org/apache/cassandra/tools/StandaloneScrubber.java.StandaloneScrubber.main.Complex Method,1.2.0-beta1,5.0.0,5.0.0,27
cassandra,2.0.0,org.apache.cassandra.tools,StandaloneSplitter,main,Complex Method,"designitejava,pmd,checkstyle",src/java/org/apache/cassandra/tools/StandaloneSplitter.java,src/java/org/apache/cassandra/tools/StandaloneSplitter.java.StandaloneSplitter.main.Complex Method,2.0.0,5.0.0,5.0.0,24
cassandra,2.0.0-beta1,org.apache.cassandra.tools,StandaloneUpgrader,main,Complex Method,"designitejava,pmd,checkstyle",src/java/org/apache/cassandra/tools/StandaloneUpgrader.java,src/java/org/apache/cassandra/tools/StandaloneUpgrader.java.StandaloneUpgrader.main.Complex Method,2.0.0-beta1,5.0.0,5.0.0,25
cassandra,2.2.0-beta1,org.apache.cassandra.tools,StandaloneVerifier,main,Complex Method,"pmd,checkstyle",src/java/org/apache/cassandra/tools/StandaloneVerifier.java,src/java/org/apache/cassandra/tools/StandaloneVerifier.java.StandaloneVerifier.main.Complex Method,2.2.0-beta1,5.0.0,5.0.0,21
cassandra,5.0-alpha1,org.apache.cassandra.tools.nodetool,ClearSnapshot,execute,Complex Method,"designitejava,pmd,checkstyle",src/java/org/apache/cassandra/tools/nodetool/ClearSnapshot.java,src/java/org/apache/cassandra/tools/nodetool/ClearSnapshot.java.ClearSnapshot.execute.Complex Method,5.0-alpha1,5.0.0,5.0.0,2
cassandra,3.1,org.apache.cassandra.tools.nodetool,Compact,execute,Complex Method,"pmd,checkstyle",src/java/org/apache/cassandra/tools/nodetool/Compact.java,src/java/org/apache/cassandra/tools/nodetool/Compact.java.Compact.execute.Complex Method,3.1,5.0.0,5.0.0,17
cassandra,4.0-alpha1,org.apache.cassandra.tools.nodetool,DescribeCluster,execute,Complex Method,"designitejava,pmd,checkstyle",src/java/org/apache/cassandra/tools/nodetool/DescribeCluster.java,src/java/org/apache/cassandra/tools/nodetool/DescribeCluster.java.DescribeCluster.execute.Complex Method,4.0-alpha1,5.0.0,5.0.0,6
cassandra,4.1.0,org.apache.cassandra.tools.nodetool,GetInterDCStreamThroughput,execute,Complex Method,"designitejava,pmd,checkstyle",src/java/org/apache/cassandra/tools/nodetool/GetInterDCStreamThroughput.java,src/java/org/apache/cassandra/tools/nodetool/GetInterDCStreamThroughput.java.GetInterDCStreamThroughput.execute.Complex Method,4.1.0,5.0.0,5.0.0,3
cassandra,4.1.0,org.apache.cassandra.tools.nodetool,GetStreamThroughput,execute,Complex Method,"designitejava,pmd,checkstyle",src/java/org/apache/cassandra/tools/nodetool/GetStreamThroughput.java,src/java/org/apache/cassandra/tools/nodetool/GetStreamThroughput.java.GetStreamThroughput.execute.Complex Method,4.1.0,5.0.0,5.0.0,3
cassandra,4.1-alpha1,org.apache.cassandra.tools.nodetool,InvalidatePermissionsCache,execute,Complex Method,"designitejava,pmd,checkstyle",src/java/org/apache/cassandra/tools/nodetool/InvalidatePermissionsCache.java,src/java/org/apache/cassandra/tools/nodetool/InvalidatePermissionsCache.java.InvalidatePermissionsCache.execute.Complex Method,4.1-alpha1,5.0.0,5.0.0,4
cassandra,2.2.0-beta1,org.apache.cassandra.tools.nodetool,NetStats,execute,Complex Method,"designitejava,pmd,checkstyle",src/java/org/apache/cassandra/tools/nodetool/NetStats.java,src/java/org/apache/cassandra/tools/nodetool/NetStats.java.NetStats.execute.Complex Method,2.2.0-beta1,5.0.0,5.0.0,21
cassandra,5.0-alpha1,org.apache.cassandra.tools.nodetool,ProfileLoad,execute,Complex Method,"designitejava,pmd,checkstyle",src/java/org/apache/cassandra/tools/nodetool/ProfileLoad.java,src/java/org/apache/cassandra/tools/nodetool/ProfileLoad.java.ProfileLoad.execute.Complex Method,5.0-alpha1,5.0.0,5.0.0,2
cassandra,2.2.0-beta1,org.apache.cassandra.tools.nodetool,Repair,execute,Complex Method,"pmd,checkstyle",src/java/org/apache/cassandra/tools/nodetool/Repair.java,src/java/org/apache/cassandra/tools/nodetool/Repair.java.Repair.execute.Complex Method,2.2.0-beta1,5.0-alpha1,5.0.0,20
cassandra,4.0-alpha1,org.apache.cassandra.tools.nodetool,RepairAdmin,listSessions,Complex Method,"designitejava,pmd",src/java/org/apache/cassandra/tools/nodetool/RepairAdmin.java,src/java/org/apache/cassandra/tools/nodetool/RepairAdmin.java.RepairAdmin.listSessions.Complex Method,4.0-alpha1,4.0-alpha1,4.0.0,1
cassandra,4.0-alpha1,org.apache.cassandra.tools.nodetool,Ring,execute,Complex Method,"pmd,checkstyle",src/java/org/apache/cassandra/tools/nodetool/Ring.java,src/java/org/apache/cassandra/tools/nodetool/Ring.java.Ring.execute.Complex Method,4.0-alpha1,4.0-alpha1,4.0.0,1
cassandra,2.2.0-beta1,org.apache.cassandra.tools.nodetool,Ring,printDc,Complex Method,"pmd,checkstyle",src/java/org/apache/cassandra/tools/nodetool/Ring.java,src/java/org/apache/cassandra/tools/nodetool/Ring.java.Ring.printDc.Complex Method,2.2.0-beta1,5.0.0,5.0.0,21
cassandra,2.2.0-beta1,org.apache.cassandra.tools.nodetool,Ring,printDc,Long Parameter List,"designitejava,checkstyle",src/java/org/apache/cassandra/tools/nodetool/Ring.java,src/java/org/apache/cassandra/tools/nodetool/Ring.java.Ring.printDc.Long Parameter List,2.2.0-beta1,5.0.0,5.0.0,21
cassandra,4.0-alpha1,org.apache.cassandra.tools.nodetool,Status,addNode,Long Parameter List,"designitejava,checkstyle",src/java/org/apache/cassandra/tools/nodetool/Status.java,src/java/org/apache/cassandra/tools/nodetool/Status.java.Status.addNode.Long Parameter List,4.0-alpha1,5.0.0,5.0.0,6
cassandra,4.0-alpha1,org.apache.cassandra.tools.nodetool,Status,execute,Complex Method,"designitejava,pmd,checkstyle",src/java/org/apache/cassandra/tools/nodetool/Status.java,src/java/org/apache/cassandra/tools/nodetool/Status.java.Status.execute.Complex Method,4.0-alpha1,5.0.0,5.0.0,6
cassandra,2.2.0-beta1,org.apache.cassandra.tools.nodetool,TableHistograms,execute,Complex Method,"designitejava,pmd,checkstyle",src/java/org/apache/cassandra/tools/nodetool/TableHistograms.java,src/java/org/apache/cassandra/tools/nodetool/TableHistograms.java.TableHistograms.execute.Complex Method,2.2.0-beta1,5.0.0,5.0.0,21
cassandra,2.2.0-beta1,org.apache.cassandra.tools.nodetool,TableStats,execute,Complex Method,"designitejava,pmd,checkstyle",src/java/org/apache/cassandra/tools/nodetool/TableStats.java,src/java/org/apache/cassandra/tools/nodetool/TableStats.java.TableStats.execute.Complex Method,2.2.0-beta1,3.9,3.10,13
cassandra,3.6,org.apache.cassandra.tools.nodetool.stats,StatsHolder,convert2Map,Complex Method,"designitejava,pmd",src/java/org/apache/cassandra/tools/nodetool/stats/StatsHolder.java,src/java/org/apache/cassandra/tools/nodetool/stats/StatsHolder.java.StatsHolder.convert2Map.Complex Method,3.6,3.9,3.10,4
cassandra,4.0-alpha1,org.apache.cassandra.tools.nodetool.stats,StatsTableComparator,compare,Complex Method,"designitejava,pmd,checkstyle",src/java/org/apache/cassandra/tools/nodetool/stats/StatsTableComparator.java,src/java/org/apache/cassandra/tools/nodetool/stats/StatsTableComparator.java.StatsTableComparator.compare.Complex Method,4.0-alpha1,5.0.0,5.0.0,6
cassandra,3.1,org.apache.cassandra.tools.nodetool.stats,TableStatsHolder,convert2Map,Complex Method,"designitejava,pmd",src/java/org/apache/cassandra/tools/nodetool/stats/TableStatsHolder.java,src/java/org/apache/cassandra/tools/nodetool/stats/TableStatsHolder.java.TableStatsHolder.convert2Map.Complex Method,3.1,3.11.0,4.0-alpha1,11
cassandra,3.1,org.apache.cassandra.tools.nodetool.stats,TableStatsHolder,initializeKeyspaces,Complex Method,"designitejava,pmd,checkstyle",src/java/org/apache/cassandra/tools/nodetool/stats/TableStatsHolder.java,src/java/org/apache/cassandra/tools/nodetool/stats/TableStatsHolder.java.TableStatsHolder.initializeKeyspaces.Complex Method,3.1,5.0.0,5.0.0,17
cassandra,2.2.0-beta1,org.apache.cassandra.tracing,TraceKeyspace,makeStartSessionMutation,Long Parameter List,"designitejava,checkstyle",src/java/org/apache/cassandra/tracing/TraceKeyspace.java,src/java/org/apache/cassandra/tracing/TraceKeyspace.java.TraceKeyspace.makeStartSessionMutation.Long Parameter List,2.2.0-beta1,5.0.0,5.0.0,21
cassandra,4.1-alpha1,org.apache.cassandra.transport,CQLMessageHandler,discardAndThrow,Long Parameter List,"designitejava,checkstyle",src/java/org/apache/cassandra/transport/CQLMessageHandler.java,src/java/org/apache/cassandra/transport/CQLMessageHandler.java.CQLMessageHandler.discardAndThrow.Long Parameter List,4.1-alpha1,5.0.0,5.0.0,4
cassandra,4.1-alpha1,org.apache.cassandra.transport,CQLMessageHandler,processFirstFrameOfLargeMessage,Complex Method,"designitejava,pmd",src/java/org/apache/cassandra/transport/CQLMessageHandler.java,src/java/org/apache/cassandra/transport/CQLMessageHandler.java.CQLMessageHandler.processFirstFrameOfLargeMessage.Complex Method,4.1-alpha1,5.0.0,5.0.0,4
cassandra,4.1-alpha1,org.apache.cassandra.transport,CQLMessageHandler,processOneContainedMessage,Complex Method,"designitejava,pmd,checkstyle",src/java/org/apache/cassandra/transport/CQLMessageHandler.java,src/java/org/apache/cassandra/transport/CQLMessageHandler.java.CQLMessageHandler.processOneContainedMessage.Complex Method,4.1-alpha1,5.0.0,5.0.0,4
cassandra,1.2.0-beta1,org.apache.cassandra.transport,Client,parseLine,Complex Method,"designitejava,pmd,checkstyle",src/java/org/apache/cassandra/transport/Client.java,src/java/org/apache/cassandra/transport/Client.java.Client.parseLine.Complex Method,1.2.0-beta1,5.0.0,5.0.0,27
cassandra,2.1.0-deb,org.apache.cassandra.transport,DataType,fromType,Complex Method,"pmd,checkstyle",src/java/org/apache/cassandra/transport/DataType.java,src/java/org/apache/cassandra/transport/DataType.java.DataType.fromType.Complex Method,2.1.0-deb,5.0.0,5.0.0,23
cassandra,4.0.0,org.apache.cassandra.transport,InitialConnectionHandler,decode,Complex Method,"designitejava,pmd",src/java/org/apache/cassandra/transport/InitialConnectionHandler.java,src/java/org/apache/cassandra/transport/InitialConnectionHandler.java.InitialConnectionHandler.decode.Complex Method,4.0.0,5.0.0,5.0.0,5
cassandra,2.0.0-beta1,org.apache.cassandra.transport.messages,BatchMessage,execute,Complex Method,"designitejava,pmd,checkstyle",src/java/org/apache/cassandra/transport/messages/BatchMessage.java,src/java/org/apache/cassandra/transport/messages/BatchMessage.java.BatchMessage.execute.Complex Method,2.0.0-beta1,5.0.0,5.0.0,25
cassandra,4.0-alpha1,org.apache.cassandra.transport.messages,BatchMessage,traceQuery,Feature Envy,"designitejava,checkstyle",src/java/org/apache/cassandra/transport/messages/BatchMessage.java,src/java/org/apache/cassandra/transport/messages/BatchMessage.java.BatchMessage.traceQuery.Feature Envy,4.0-alpha1,5.0.0,5.0.0,6
cassandra,2.0.0-beta1,org.apache.cassandra.transport.messages,ExecuteMessage,encode,Complex Method,"designitejava,pmd",src/java/org/apache/cassandra/transport/messages/ExecuteMessage.java,src/java/org/apache/cassandra/transport/messages/ExecuteMessage.java.ExecuteMessage.encode.Complex Method,2.0.0-beta1,2.0.0-beta1,2.0.0,1
cassandra,4.0-alpha1,org.apache.cassandra.transport.messages,ExecuteMessage,traceQuery,Feature Envy,"designitejava,checkstyle",src/java/org/apache/cassandra/transport/messages/ExecuteMessage.java,src/java/org/apache/cassandra/transport/messages/ExecuteMessage.java.ExecuteMessage.traceQuery.Feature Envy,4.0-alpha1,5.0.0,5.0.0,6
cassandra,2.0.0-beta1,org.apache.cassandra.transport.messages,QueryMessage,encode,Complex Method,"designitejava,pmd",src/java/org/apache/cassandra/transport/messages/QueryMessage.java,src/java/org/apache/cassandra/transport/messages/QueryMessage.java.QueryMessage.encode.Complex Method,2.0.0-beta1,2.0.0-beta1,2.0.0,1
cassandra,2.0.0,org.apache.cassandra.transport.messages,QueryMessage,execute,Complex Method,"designitejava,checkstyle",src/java/org/apache/cassandra/transport/messages/QueryMessage.java,src/java/org/apache/cassandra/transport/messages/QueryMessage.java.QueryMessage.execute.Complex Method,2.0.0,4.0-alpha1,4.0.0,19
cassandra,4.0-alpha1,org.apache.cassandra.transport.messages,QueryMessage,traceQuery,Feature Envy,"designitejava,checkstyle",src/java/org/apache/cassandra/transport/messages/QueryMessage.java,src/java/org/apache/cassandra/transport/messages/QueryMessage.java.QueryMessage.traceQuery.Feature Envy,4.0-alpha1,5.0.0,5.0.0,6
cassandra,3.1,org.apache.cassandra.utils,ByteBufferUtil,contains,Complex Method,"designitejava,pmd",src/java/org/apache/cassandra/utils/ByteBufferUtil.java,src/java/org/apache/cassandra/utils/ByteBufferUtil.java.ByteBufferUtil.contains.Complex Method,3.1,5.0.0,5.0.0,17
cassandra,2.2.0,org.apache.cassandra.utils,CassandraVersion,compareIdentifiers,Complex Method,"designitejava,pmd,checkstyle",src/java/org/apache/cassandra/utils/CassandraVersion.java,src/java/org/apache/cassandra/utils/CassandraVersion.java.CassandraVersion.compareIdentifiers.Complex Method,2.2.0,5.0.0,5.0.0,20
cassandra,3.0.0-alpha1,org.apache.cassandra.utils,DynamicList,isWellFormed,Complex Method,"designitejava,pmd,checkstyle",src/java/org/apache/cassandra/utils/DynamicList.java,src/java/org/apache/cassandra/utils/DynamicList.java.DynamicList.isWellFormed.Complex Method,3.0.0-alpha1,5.0.0,5.0.0,19
cassandra,4.0-alpha1,org.apache.cassandra.utils,ExecutorUtils,awaitTerminationUntil,Complex Method,"designitejava,pmd,checkstyle",src/java/org/apache/cassandra/utils/ExecutorUtils.java,src/java/org/apache/cassandra/utils/ExecutorUtils.java.ExecutorUtils.awaitTerminationUntil.Complex Method,4.0-alpha1,5.0.0,5.0.0,6
cassandra,4.0.0,org.apache.cassandra.utils,FBUtilities,allOf,Complex Method,"designitejava,pmd",src/java/org/apache/cassandra/utils/FBUtilities.java,src/java/org/apache/cassandra/utils/FBUtilities.java.FBUtilities.allOf.Complex Method,4.0.0,4.0.0,4.1-alpha1,1
cassandra,0.7.0,org.apache.cassandra.utils,FBUtilities,compareUnsigned,Long Parameter List,"designitejava,checkstyle",src/java/org/apache/cassandra/utils/FBUtilities.java,src/java/org/apache/cassandra/utils/FBUtilities.java.FBUtilities.compareUnsigned.Long Parameter List,0.7.0,5.0.0,5.0.0,35
cassandra,5.0-alpha1,org.apache.cassandra.utils,FBUtilities,parseHumanReadable,Complex Method,"designitejava,pmd,checkstyle",src/java/org/apache/cassandra/utils/FBUtilities.java,src/java/org/apache/cassandra/utils/FBUtilities.java.FBUtilities.parseHumanReadable.Complex Method,5.0-alpha1,5.0.0,5.0.0,2
cassandra,1.1.0-beta1,org.apache.cassandra.utils,FastByteComparisons,compareTo,Long Parameter List,"designitejava,checkstyle",src/java/org/apache/cassandra/utils/FastByteComparisons.java,src/java/org/apache/cassandra/utils/FastByteComparisons.java.FastByteComparisons.compareTo.Long Parameter List,1.1.0-beta1,2.0.0,2.1.0-deb,6
cassandra,2.1.0-deb,org.apache.cassandra.utils,FastByteOperations,compareUnsigned,Long Parameter List,"designitejava,checkstyle",src/java/org/apache/cassandra/utils/FastByteOperations.java,src/java/org/apache/cassandra/utils/FastByteOperations.java.FastByteOperations.compareUnsigned.Long Parameter List,2.1.0-deb,5.0.0,5.0.0,23
cassandra,0.3.0-final,org.apache.cassandra.utils,FastHashMap,containsValue,Complex Method,"pmd,checkstyle",src/java/org/apache/cassandra/utils/FastHashMap.java,src/java/org/apache/cassandra/utils/FastHashMap.java.FastHashMap.containsValue.Complex Method,0.3.0-final,0.5.0-beta1,0.5.0,4
cassandra,0.3.0-final,org.apache.cassandra.utils,FastObjectHash,insertionIndex,Complex Method,"designitejava,pmd,checkstyle",src/java/org/apache/cassandra/utils/FastObjectHash.java,src/java/org/apache/cassandra/utils/FastObjectHash.java.FastObjectHash.insertionIndex.Complex Method,0.3.0-final,0.5.0-beta1,0.5.0,4
cassandra,2.1.0-deb,org.apache.cassandra.utils,HistogramBuilder,buildRange,Complex Method,"pmd,checkstyle",src/java/org/apache/cassandra/utils/HistogramBuilder.java,src/java/org/apache/cassandra/utils/HistogramBuilder.java.HistogramBuilder.buildRange.Complex Method,2.1.0-deb,5.0.0,5.0.0,23
cassandra,1.0.0-beta1,org.apache.cassandra.utils,IntervalTree,searchInternal,Complex Method,"designitejava,pmd,checkstyle",src/java/org/apache/cassandra/utils/IntervalTree/IntervalTree.java,src/java/org/apache/cassandra/utils/IntervalTree/IntervalTree.java.IntervalTree.searchInternal.Complex Method,1.0.0-beta1,1.1.0,1.2.0-beta1,4
cassandra,3.1,org.apache.cassandra.utils,LongTimSort,,God Class,"pmd,checkstyle",src/java/org/apache/cassandra/utils/LongTimSort.java,src/java/org/apache/cassandra/utils/LongTimSort.java.LongTimSort..God Class,3.1,5.0.0,5.0.0,17
cassandra,3.1,org.apache.cassandra.utils,LongTimSort,binarySort,Complex Method,"designitejava,pmd,checkstyle",src/java/org/apache/cassandra/utils/LongTimSort.java,src/java/org/apache/cassandra/utils/LongTimSort.java.LongTimSort.binarySort.Complex Method,3.1,5.0.0,5.0.0,17
cassandra,3.1,org.apache.cassandra.utils,LongTimSort,gallopLeft,Complex Method,"designitejava,pmd,checkstyle",src/java/org/apache/cassandra/utils/LongTimSort.java,src/java/org/apache/cassandra/utils/LongTimSort.java.LongTimSort.gallopLeft.Complex Method,3.1,5.0.0,5.0.0,17
cassandra,3.1,org.apache.cassandra.utils,LongTimSort,gallopLeft,Long Parameter List,"designitejava,checkstyle",src/java/org/apache/cassandra/utils/LongTimSort.java,src/java/org/apache/cassandra/utils/LongTimSort.java.LongTimSort.gallopLeft.Long Parameter List,3.1,5.0.0,5.0.0,17
cassandra,3.1,org.apache.cassandra.utils,LongTimSort,gallopRight,Complex Method,"designitejava,pmd,checkstyle",src/java/org/apache/cassandra/utils/LongTimSort.java,src/java/org/apache/cassandra/utils/LongTimSort.java.LongTimSort.gallopRight.Complex Method,3.1,5.0.0,5.0.0,17
cassandra,3.1,org.apache.cassandra.utils,LongTimSort,gallopRight,Long Parameter List,"designitejava,checkstyle",src/java/org/apache/cassandra/utils/LongTimSort.java,src/java/org/apache/cassandra/utils/LongTimSort.java.LongTimSort.gallopRight.Long Parameter List,3.1,5.0.0,5.0.0,17
cassandra,3.1,org.apache.cassandra.utils,LongTimSort,mergeAt,Complex Method,"designitejava,checkstyle",src/java/org/apache/cassandra/utils/LongTimSort.java,src/java/org/apache/cassandra/utils/LongTimSort.java.LongTimSort.mergeAt.Complex Method,3.1,5.0.0,5.0.0,17
cassandra,3.1,org.apache.cassandra.utils,LongTimSort,mergeHi,Complex Method,"designitejava,pmd,checkstyle",src/java/org/apache/cassandra/utils/LongTimSort.java,src/java/org/apache/cassandra/utils/LongTimSort.java.LongTimSort.mergeHi.Complex Method,3.1,5.0.0,5.0.0,17
cassandra,3.1,org.apache.cassandra.utils,LongTimSort,mergeLo,Complex Method,"designitejava,pmd,checkstyle",src/java/org/apache/cassandra/utils/LongTimSort.java,src/java/org/apache/cassandra/utils/LongTimSort.java.LongTimSort.mergeLo.Complex Method,3.1,5.0.0,5.0.0,17
cassandra,0.5.0,org.apache.cassandra.utils,MerkleTree,differenceHelper,Complex Method,"designitejava,checkstyle",src/java/org/apache/cassandra/utils/MerkleTree.java,src/java/org/apache/cassandra/utils/MerkleTree.java.MerkleTree.differenceHelper.Complex Method,0.5.0,5.0.0,5.0.0,38
cassandra,1.2.0-beta1,org.apache.cassandra.utils,MurmurHash,hash3_x64_128,Complex Method,"designitejava,checkstyle",src/java/org/apache/cassandra/utils/MurmurHash.java,src/java/org/apache/cassandra/utils/MurmurHash.java.MurmurHash.hash3_x64_128.Complex Method,1.2.0-beta1,5.0.0,5.0.0,27
cassandra,3.0.0,org.apache.cassandra.utils,NativeSSTableLoaderClient,createTableMetadata,Long Parameter List,"designitejava,checkstyle",src/java/org/apache/cassandra/utils/NativeSSTableLoaderClient.java,src/java/org/apache/cassandra/utils/NativeSSTableLoaderClient.java.NativeSSTableLoaderClient.createTableMetadata.Long Parameter List,3.0.0,5.0.0,5.0.0,18
cassandra,2.2.0-beta1,org.apache.cassandra.utils,NoSpamLogger,log,Long Parameter List,"designitejava,checkstyle",src/java/org/apache/cassandra/utils/NoSpamLogger.java,src/java/org/apache/cassandra/utils/NoSpamLogger.java.NoSpamLogger.log.Long Parameter List,2.2.0-beta1,5.0.0,5.0.0,21
cassandra,5.0-alpha1,org.apache.cassandra.utils,Overlaps,assignOverlapsIntoBuckets,Complex Method,"designitejava,pmd",src/java/org/apache/cassandra/utils/Overlaps.java,src/java/org/apache/cassandra/utils/Overlaps.java.Overlaps.assignOverlapsIntoBuckets.Complex Method,5.0-alpha1,5.0.0,5.0.0,2
cassandra,1.1.0-beta1,org.apache.cassandra.utils,SemanticVersion,compareIdentifiers,Complex Method,"designitejava,pmd,checkstyle",src/java/org/apache/cassandra/utils/SemanticVersion.java,src/java/org/apache/cassandra/utils/SemanticVersion.java.SemanticVersion.compareIdentifiers.Complex Method,1.1.0-beta1,2.2.0-beta1,2.2.0,9
cassandra,4.0.0,org.apache.cassandra.utils.btree,BTree,accumulate,Complex Method,"designitejava,pmd,checkstyle",src/java/org/apache/cassandra/utils/btree/BTree.java,src/java/org/apache/cassandra/utils/btree/BTree.java.BTree.accumulate.Complex Method,4.0.0,5.0.0,5.0.0,5
cassandra,4.0.0,org.apache.cassandra.utils.btree,BTree,accumulate,Long Parameter List,"designitejava,checkstyle",src/java/org/apache/cassandra/utils/btree/BTree.java,src/java/org/apache/cassandra/utils/btree/BTree.java.BTree.accumulate.Long Parameter List,4.0.0,5.0.0,5.0.0,5
cassandra,4.0.0,org.apache.cassandra.utils.btree,BTree,accumulateLeaf,Long Parameter List,"designitejava,checkstyle",src/java/org/apache/cassandra/utils/btree/BTree.java,src/java/org/apache/cassandra/utils/btree/BTree.java.BTree.accumulateLeaf.Long Parameter List,4.0.0,5.0.0,5.0.0,5
cassandra,3.1,org.apache.cassandra.utils.btree,BTree,applyReverse,Complex Method,"pmd,checkstyle",src/java/org/apache/cassandra/utils/btree/BTree.java,src/java/org/apache/cassandra/utils/btree/BTree.java.BTree.applyReverse.Complex Method,3.1,4.0-alpha1,4.0.0,12
cassandra,4.0.0,org.apache.cassandra.utils.btree,BTree,buildInternal,Long Parameter List,"designitejava,checkstyle",src/java/org/apache/cassandra/utils/btree/BTree.java,src/java/org/apache/cassandra/utils/btree/BTree.java.BTree.buildInternal.Long Parameter List,4.0.0,4.0.0,4.1-alpha1,1
cassandra,4.1-alpha1,org.apache.cassandra.utils.btree,BTree,buildMaximallyDense,Complex Method,"pmd,checkstyle",src/java/org/apache/cassandra/utils/btree/BTree.java,src/java/org/apache/cassandra/utils/btree/BTree.java.BTree.buildMaximallyDense.Complex Method,4.1-alpha1,5.0.0,5.0.0,4
cassandra,4.1-alpha1,org.apache.cassandra.utils.btree,BTree,exponentialSearchWithUpperBound,Long Parameter List,"designitejava,checkstyle",src/java/org/apache/cassandra/utils/btree/BTree.java,src/java/org/apache/cassandra/utils/btree/BTree.java.BTree.exponentialSearchWithUpperBound.Long Parameter List,4.1-alpha1,5.0.0,5.0.0,4
cassandra,3.1,org.apache.cassandra.utils.btree,BTree,isWellFormed,Complex Method,"designitejava,pmd,checkstyle",src/java/org/apache/cassandra/utils/btree/BTree.java,src/java/org/apache/cassandra/utils/btree/BTree.java.BTree.isWellFormed.Complex Method,3.1,4.0.0,4.1-alpha1,13
cassandra,4.1-alpha1,org.apache.cassandra.utils.btree,BTree,isWellFormedReturnHeight,Complex Method,"designitejava,pmd,checkstyle",src/java/org/apache/cassandra/utils/btree/BTree.java,src/java/org/apache/cassandra/utils/btree/BTree.java.BTree.isWellFormedReturnHeight.Complex Method,4.1-alpha1,5.0.0,5.0.0,4
cassandra,2.1.0-deb,org.apache.cassandra.utils.btree,BTree,slice,Long Parameter List,"designitejava,checkstyle",src/java/org/apache/cassandra/utils/btree/BTree.java,src/java/org/apache/cassandra/utils/btree/BTree.java.BTree.slice.Long Parameter List,2.1.0-deb,5.0.0,5.0.0,23
cassandra,4.1-alpha1,org.apache.cassandra.utils.btree,BTree,transformAndFilterLeaf,Complex Method,"designitejava,pmd,checkstyle",src/java/org/apache/cassandra/utils/btree/BTree.java,src/java/org/apache/cassandra/utils/btree/BTree.java.BTree.transformAndFilterLeaf.Complex Method,4.1-alpha1,5.0.0,5.0.0,4
cassandra,4.1-alpha1,org.apache.cassandra.utils.btree,BTree,update,Complex Method,"designitejava,pmd,checkstyle",src/java/org/apache/cassandra/utils/btree/BTree.java,src/java/org/apache/cassandra/utils/btree/BTree.java.BTree.update.Complex Method,4.1-alpha1,5.0.0,5.0.0,4
cassandra,2.1.0-deb,org.apache.cassandra.utils.btree,BTree,update,Long Parameter List,"designitejava,checkstyle",src/java/org/apache/cassandra/utils/btree/BTree.java,src/java/org/apache/cassandra/utils/btree/BTree.java.BTree.update.Long Parameter List,2.1.0-deb,4.0.0,4.1-alpha1,19
cassandra,4.1-alpha1,org.apache.cassandra.utils.btree,BTree,updateLeaves,Complex Method,"designitejava,pmd,checkstyle",src/java/org/apache/cassandra/utils/btree/BTree.java,src/java/org/apache/cassandra/utils/btree/BTree.java.BTree.updateLeaves.Complex Method,4.1-alpha1,5.0.0,5.0.0,4
cassandra,3.1,org.apache.cassandra.utils.btree,BTreeRemoval,copyWithKeyAndChildInserted,Complex Method,"designitejava,pmd,checkstyle",src/java/org/apache/cassandra/utils/btree/BTreeRemoval.java,src/java/org/apache/cassandra/utils/btree/BTreeRemoval.java.BTreeRemoval.copyWithKeyAndChildInserted.Complex Method,3.1,5.0.0,5.0.0,17
cassandra,3.1,org.apache.cassandra.utils.btree,BTreeRemoval,removeFromLeaf,Complex Method,"designitejava,pmd,checkstyle",src/java/org/apache/cassandra/utils/btree/BTreeRemoval.java,src/java/org/apache/cassandra/utils/btree/BTreeRemoval.java.BTreeRemoval.removeFromLeaf.Complex Method,3.1,5.0.0,5.0.0,17
cassandra,2.1.0-deb,org.apache.cassandra.utils.btree,Cursor,_reset,Long Parameter List,"designitejava,checkstyle",src/java/org/apache/cassandra/utils/btree/Cursor.java,src/java/org/apache/cassandra/utils/btree/Cursor.java.Cursor._reset.Long Parameter List,2.1.0-deb,2.2.0,3.0.0-alpha1,4
cassandra,2.1.0-deb,org.apache.cassandra.utils.btree,Cursor,reset,Long Parameter List,"designitejava,checkstyle",src/java/org/apache/cassandra/utils/btree/Cursor.java,src/java/org/apache/cassandra/utils/btree/Cursor.java.Cursor.reset.Long Parameter List,2.1.0-deb,2.2.0,3.0.0-alpha1,4
cassandra,2.1.0-deb,org.apache.cassandra.utils.btree,NodeBuilder,update,Complex Method,"designitejava,pmd,checkstyle",src/java/org/apache/cassandra/utils/btree/NodeBuilder.java,src/java/org/apache/cassandra/utils/btree/NodeBuilder.java.NodeBuilder.update.Complex Method,2.1.0-deb,4.0.0,4.1-alpha1,19
cassandra,2.1.0-deb,org.apache.cassandra.utils.btree,Path,find,Complex Method,"designitejava,pmd,checkstyle",src/java/org/apache/cassandra/utils/btree/Path.java,src/java/org/apache/cassandra/utils/btree/Path.java.Path.find.Complex Method,2.1.0-deb,2.2.0,3.0.0-alpha1,4
cassandra,3.0.0-alpha1,org.apache.cassandra.utils.btree,TreeCursor,seekTo,Complex Method,"designitejava,pmd,checkstyle",src/java/org/apache/cassandra/utils/btree/TreeCursor.java,src/java/org/apache/cassandra/utils/btree/TreeCursor.java.TreeCursor.seekTo.Complex Method,3.0.0-alpha1,5.0.0,5.0.0,19
cassandra,1.2.0,org.apache.cassandra.utils.obs,OffHeapBitSet,serialize,Feature Envy,"designitejava,checkstyle",src/java/org/apache/cassandra/utils/obs/OffHeapBitSet.java,src/java/org/apache/cassandra/utils/obs/OffHeapBitSet.java.OffHeapBitSet.serialize.Feature Envy,1.2.0,3.11.0,4.0-alpha1,20
cassandra,4.0-alpha1,org.apache.cassandra.utils.obs,OffHeapBitSet,serializeOldBfFormat,Feature Envy,"designitejava,checkstyle",src/java/org/apache/cassandra/utils/obs/OffHeapBitSet.java,src/java/org/apache/cassandra/utils/obs/OffHeapBitSet.java.OffHeapBitSet.serializeOldBfFormat.Feature Envy,4.0-alpha1,5.0.0,5.0.0,6
cassandra,0.7.6-2,org.apache.cassandra.utils.obs,OpenBitSet,,God Class,"pmd,checkstyle",src/java/org/apache/cassandra/utils/obs/OpenBitSet.java,src/java/org/apache/cassandra/utils/obs/OpenBitSet.java.OpenBitSet..God Class,0.7.6-2,3.11.0,4.0-alpha1,28
cassandra,2.2.0-beta1,org.apache.cassandra.concurrent,LongSharedExecutorPoolTest,testPromptnessOfExecution,Complex Method,"designitejava,pmd,checkstyle",test/burn/org/apache/cassandra/concurrent/LongSharedExecutorPoolTest.java,test/burn/org/apache/cassandra/concurrent/LongSharedExecutorPoolTest.java.LongSharedExecutorPoolTest.testPromptnessOfExecution.Complex Method,2.2.0-beta1,5.0.0,5.0.0,21
cassandra,4.0-alpha1,org.apache.cassandra.net,Verifier,,God Class,"pmd,checkstyle",test/burn/org/apache/cassandra/net/Verifier.java,test/burn/org/apache/cassandra/net/Verifier.java.Verifier..God Class,4.0-alpha1,5.0.0,5.0.0,6
cassandra,4.0-alpha1,org.apache.cassandra.net,Verifier,run,Complex Method,"designitejava,pmd,checkstyle",test/burn/org/apache/cassandra/net/Verifier.java,test/burn/org/apache/cassandra/net/Verifier.java.Verifier.run.Complex Method,4.0-alpha1,5.0.0,5.0.0,6
cassandra,4.0.0,org.apache.cassandra.transport,SimpleClientBurnTest,test,Complex Method,"designitejava,pmd,checkstyle",test/burn/org/apache/cassandra/transport/SimpleClientBurnTest.java,test/burn/org/apache/cassandra/transport/SimpleClientBurnTest.java.SimpleClientBurnTest.test.Complex Method,4.0.0,5.0.0,5.0.0,5
cassandra,3.0.0,org.apache.cassandra.utils,LongBTreeTest,main,Complex Method,"designitejava,pmd,checkstyle",test/burn/org/apache/cassandra/utils/LongBTreeTest.java,test/burn/org/apache/cassandra/utils/LongBTreeTest.java.LongBTreeTest.main.Complex Method,3.0.0,5.0.0,5.0.0,18
cassandra,3.0.0-alpha1,org.apache.cassandra.utils,LongBTreeTest,randomTreeByBuilder,Complex Method,"designitejava,pmd,checkstyle",test/burn/org/apache/cassandra/utils/LongBTreeTest.java,test/burn/org/apache/cassandra/utils/LongBTreeTest.java.LongBTreeTest.randomTreeByBuilder.Complex Method,3.0.0-alpha1,5.0.0,5.0.0,19
cassandra,2.2.0-beta1,org.apache.cassandra.utils,LongBTreeTest,run,Complex Method,"designitejava,pmd",test/burn/org/apache/cassandra/utils/LongBTreeTest.java,test/burn/org/apache/cassandra/utils/LongBTreeTest.java.LongBTreeTest.run.Complex Method,2.2.0-beta1,2.2.0,3.0.0-alpha1,2
cassandra,3.0.0-alpha1,org.apache.cassandra.utils,LongBTreeTest,testRandomSelection,Long Parameter List,"designitejava,checkstyle",test/burn/org/apache/cassandra/utils/LongBTreeTest.java,test/burn/org/apache/cassandra/utils/LongBTreeTest.java.LongBTreeTest.testRandomSelection.Long Parameter List,3.0.0-alpha1,5.0.0,5.0.0,19
cassandra,2.2.0-beta1,org.apache.cassandra.utils,LongBTreeTest,testSearchIterator,Complex Method,"designitejava,pmd",test/burn/org/apache/cassandra/utils/LongBTreeTest.java,test/burn/org/apache/cassandra/utils/LongBTreeTest.java.LongBTreeTest.testSearchIterator.Complex Method,2.2.0-beta1,5.0.0,5.0.0,21
cassandra,4.0-alpha1,org.apache.cassandra.utils.memory,LongBufferPoolTest,startWorkerThread,Complex Method,"designitejava,pmd",test/burn/org/apache/cassandra/utils/memory/LongBufferPoolTest.java,test/burn/org/apache/cassandra/utils/memory/LongBufferPoolTest.java.LongBufferPoolTest.startWorkerThread.Complex Method,4.0-alpha1,5.0.0,5.0.0,6
cassandra,3.0.0-alpha1,org.apache.cassandra.utils.memory,LongBufferPoolTest,testAllocate,Complex Method,"designitejava,pmd",test/burn/org/apache/cassandra/utils/memory/LongBufferPoolTest.java,test/burn/org/apache/cassandra/utils/memory/LongBufferPoolTest.java.LongBufferPoolTest.testAllocate.Complex Method,3.0.0-alpha1,4.1-alpha1,4.1.0,16
cassandra,3.0.0-alpha1,org.apache.cassandra.utils.memory,LongBufferPoolTest,testOne,Complex Method,"designitejava,pmd",test/burn/org/apache/cassandra/utils/memory/LongBufferPoolTest.java,test/burn/org/apache/cassandra/utils/memory/LongBufferPoolTest.java.LongBufferPoolTest.testOne.Complex Method,3.0.0-alpha1,5.0.0,5.0.0,19
cassandra,0.8.0-beta1,org.apache.cassandra,CountersTest,add,Long Parameter List,"designitejava,checkstyle",test/distributed/org/apache/cassandra/CountersTest.java,test/distributed/org/apache/cassandra/CountersTest.java.CountersTest.add.Long Parameter List,0.8.0-beta1,1.0.0,1.1.0-beta1,4
cassandra,0.7.6-2,org.apache.cassandra,MutationTest,insert,Long Parameter List,"designitejava,checkstyle",test/distributed/org/apache/cassandra/MutationTest.java,test/distributed/org/apache/cassandra/MutationTest.java.MutationTest.insert.Long Parameter List,0.7.6-2,0.8.0-beta1,0.8.0,2
cassandra,0.8.0-beta1,org.apache.cassandra,TestBase,insert,Long Parameter List,"designitejava,checkstyle",test/distributed/org/apache/cassandra/TestBase.java,test/distributed/org/apache/cassandra/TestBase.java.TestBase.insert.Long Parameter List,0.8.0-beta1,1.0.0,1.1.0-beta1,4
cassandra,4.1-alpha1,org.apache.cassandra.distributed.fuzz,SSTableLoadingVisitor,operation,Complex Method,"designitejava,checkstyle",test/distributed/org/apache/cassandra/distributed/fuzz/SSTableLoadingVisitor.java,test/distributed/org/apache/cassandra/distributed/fuzz/SSTableLoadingVisitor.java.SSTableLoadingVisitor.operation.Complex Method,4.1-alpha1,5.0.0,5.0.0,4
cassandra,4.1-alpha1,org.apache.cassandra.distributed.fuzz,SSTableLoadingVisitor,operation,Long Parameter List,"designitejava,checkstyle",test/distributed/org/apache/cassandra/distributed/fuzz/SSTableLoadingVisitor.java,test/distributed/org/apache/cassandra/distributed/fuzz/SSTableLoadingVisitor.java.SSTableLoadingVisitor.operation.Long Parameter List,4.1-alpha1,5.0.0,5.0.0,4
cassandra,4.1-alpha1,org.apache.cassandra.distributed.impl,AbstractCluster,forEach,Complex Method,"designitejava,pmd,checkstyle",test/distributed/org/apache/cassandra/distributed/impl/AbstractCluster.java,test/distributed/org/apache/cassandra/distributed/impl/AbstractCluster.java.AbstractCluster.forEach.Complex Method,4.1-alpha1,5.0.0,5.0.0,4
cassandra,4.0-alpha1,org.apache.cassandra.distributed.impl,Instance,mkdirs,Feature Envy,"designitejava,checkstyle",test/distributed/org/apache/cassandra/distributed/impl/Instance.java,test/distributed/org/apache/cassandra/distributed/impl/Instance.java.Instance.mkdirs.Feature Envy,4.0-alpha1,5.0.0,5.0.0,6
cassandra,4.0.0,org.apache.cassandra.distributed.impl,InstanceConfig,generate,Long Parameter List,"designitejava,checkstyle",test/distributed/org/apache/cassandra/distributed/impl/InstanceConfig.java,test/distributed/org/apache/cassandra/distributed/impl/InstanceConfig.java.InstanceConfig.generate.Long Parameter List,4.0.0,5.0.0,5.0.0,5
cassandra,4.0.0,org.apache.cassandra.distributed.impl,InstanceMetrics,getValue,Complex Method,"designitejava,checkstyle",test/distributed/org/apache/cassandra/distributed/impl/InstanceMetrics.java,test/distributed/org/apache/cassandra/distributed/impl/InstanceMetrics.java.InstanceMetrics.getValue.Complex Method,4.0.0,5.0.0,5.0.0,5
cassandra,4.1-alpha1,org.apache.cassandra.distributed.impl,UnsafeGossipHelper,addToRingRunner,Long Parameter List,"designitejava,checkstyle",test/distributed/org/apache/cassandra/distributed/impl/UnsafeGossipHelper.java,test/distributed/org/apache/cassandra/distributed/impl/UnsafeGossipHelper.java.UnsafeGossipHelper.addToRingRunner.Long Parameter List,4.1-alpha1,5.0.0,5.0.0,4
cassandra,5.0-alpha1,org.apache.cassandra.distributed.shared,ClusterUtils,awaitGossipSchemaMatch,Complex Method,"designitejava,pmd",test/distributed/org/apache/cassandra/distributed/shared/ClusterUtils.java,test/distributed/org/apache/cassandra/distributed/shared/ClusterUtils.java.ClusterUtils.awaitGossipSchemaMatch.Complex Method,5.0-alpha1,5.0.0,5.0.0,2
cassandra,4.1-alpha1,org.apache.cassandra.distributed.test,CASMultiDCTest,testLocalSerialCommit,Complex Method,"pmd,checkstyle",test/distributed/org/apache/cassandra/distributed/test/CASMultiDCTest.java,test/distributed/org/apache/cassandra/distributed/test/CASMultiDCTest.java.CASMultiDCTest.testLocalSerialCommit.Complex Method,4.1-alpha1,5.0.0,5.0.0,4
cassandra,4.1-alpha1,org.apache.cassandra.distributed.test,CASTestBase,drop,Long Parameter List,"designitejava,checkstyle",test/distributed/org/apache/cassandra/distributed/test/CASTestBase.java,test/distributed/org/apache/cassandra/distributed/test/CASTestBase.java.CASTestBase.drop.Long Parameter List,4.1-alpha1,5.0.0,5.0.0,4
cassandra,4.1-alpha1,org.apache.cassandra.distributed.test,CasCriticalSectionTest,criticalSectionTest,Complex Method,"designitejava,pmd,checkstyle",test/distributed/org/apache/cassandra/distributed/test/CasCriticalSectionTest.java,test/distributed/org/apache/cassandra/distributed/test/CasCriticalSectionTest.java.CasCriticalSectionTest.criticalSectionTest.Complex Method,4.1-alpha1,5.0.0,5.0.0,4
cassandra,5.0.0,org.apache.cassandra.distributed.test,CasWriteTest,testStaleCommitInSystemPaxos,Complex Method,"designitejava,pmd,checkstyle",test/distributed/org/apache/cassandra/distributed/test/CasWriteTest.java,test/distributed/org/apache/cassandra/distributed/test/CasWriteTest.java.CasWriteTest.testStaleCommitInSystemPaxos.Complex Method,5.0.0,5.0.0,5.0.0,1
cassandra,4.0.0,org.apache.cassandra.distributed.test,HintedHandoffAddRemoveNodesTest,populate,Long Parameter List,"designitejava,checkstyle",test/distributed/org/apache/cassandra/distributed/test/HintedHandoffAddRemoveNodesTest.java,test/distributed/org/apache/cassandra/distributed/test/HintedHandoffAddRemoveNodesTest.java.HintedHandoffAddRemoveNodesTest.populate.Long Parameter List,4.0.0,5.0.0,5.0.0,5
cassandra,4.0.0,org.apache.cassandra.distributed.test,HintedHandoffAddRemoveNodesTest,verify,Long Parameter List,"designitejava,checkstyle",test/distributed/org/apache/cassandra/distributed/test/HintedHandoffAddRemoveNodesTest.java,test/distributed/org/apache/cassandra/distributed/test/HintedHandoffAddRemoveNodesTest.java.HintedHandoffAddRemoveNodesTest.verify.Long Parameter List,4.0.0,5.0.0,5.0.0,5
cassandra,4.1-alpha1,org.apache.cassandra.distributed.test,MixedModeFuzzTest,mixedModeFuzzTest,Complex Method,"designitejava,pmd,checkstyle",test/distributed/org/apache/cassandra/distributed/test/MixedModeFuzzTest.java,test/distributed/org/apache/cassandra/distributed/test/MixedModeFuzzTest.java.MixedModeFuzzTest.mixedModeFuzzTest.Complex Method,4.1-alpha1,5.0.0,5.0.0,4
cassandra,5.0.0,org.apache.cassandra.distributed.test,OverloadTest,testApplyClientBackpressure,Complex Method,"designitejava,pmd",test/distributed/org/apache/cassandra/distributed/test/OverloadTest.java,test/distributed/org/apache/cassandra/distributed/test/OverloadTest.java.OverloadTest.testApplyClientBackpressure.Complex Method,5.0.0,5.0.0,5.0.0,1
cassandra,4.0.0,org.apache.cassandra.distributed.test,ReadRepairTest,testRangeSliceQueryWithTombstones,Complex Method,"designitejava,pmd,checkstyle",test/distributed/org/apache/cassandra/distributed/test/ReadRepairTest.java,test/distributed/org/apache/cassandra/distributed/test/ReadRepairTest.java.ReadRepairTest.testRangeSliceQueryWithTombstones.Complex Method,4.0.0,5.0.0,5.0.0,5
cassandra,4.1-alpha1,org.apache.cassandra.distributed.test,ReprepareFuzzTest,fuzzTest,Complex Method,"designitejava,pmd,checkstyle",test/distributed/org/apache/cassandra/distributed/test/ReprepareFuzzTest.java,test/distributed/org/apache/cassandra/distributed/test/ReprepareFuzzTest.java.ReprepareFuzzTest.fuzzTest.Complex Method,4.1-alpha1,5.0.0,5.0.0,4
cassandra,4.0.0,org.apache.cassandra.distributed.test,TestBaseImpl,typeFor,Complex Method,"designitejava,pmd,checkstyle",test/distributed/org/apache/cassandra/distributed/test/TestBaseImpl.java,test/distributed/org/apache/cassandra/distributed/test/TestBaseImpl.java.TestBaseImpl.typeFor.Complex Method,4.0.0,5.0.0,5.0.0,5
cassandra,4.1-alpha1,org.apache.cassandra.distributed.test,UpgradeSSTablesTest,rewriteSSTablesTest,Complex Method,"designitejava,pmd",test/distributed/org/apache/cassandra/distributed/test/UpgradeSSTablesTest.java,test/distributed/org/apache/cassandra/distributed/test/UpgradeSSTablesTest.java.UpgradeSSTablesTest.rewriteSSTablesTest.Complex Method,4.1-alpha1,5.0.0,5.0.0,4
cassandra,4.1-alpha1,org.apache.cassandra.distributed.test.jmx,JMXGetterCheckTest,test,Complex Method,"designitejava,pmd,checkstyle",test/distributed/org/apache/cassandra/distributed/test/jmx/JMXGetterCheckTest.java,test/distributed/org/apache/cassandra/distributed/test/jmx/JMXGetterCheckTest.java.JMXGetterCheckTest.test.Complex Method,4.1-alpha1,4.1.0,5.0-alpha1,2
cassandra,5.0-alpha1,org.apache.cassandra.distributed.test.jmx,JMXGetterCheckTest,testAllValidGetters,Complex Method,"designitejava,pmd,checkstyle",test/distributed/org/apache/cassandra/distributed/test/jmx/JMXGetterCheckTest.java,test/distributed/org/apache/cassandra/distributed/test/jmx/JMXGetterCheckTest.java.JMXGetterCheckTest.testAllValidGetters.Complex Method,5.0-alpha1,5.0.0,5.0.0,2
cassandra,4.0.0,org.apache.cassandra.distributed.test.ring,BootstrapTest,populate,Long Parameter List,"designitejava,checkstyle",test/distributed/org/apache/cassandra/distributed/test/ring/BootstrapTest.java,test/distributed/org/apache/cassandra/distributed/test/ring/BootstrapTest.java.BootstrapTest.populate.Long Parameter List,4.0.0,5.0.0,5.0.0,5
cassandra,5.0.0,org.apache.cassandra.distributed.test.sai,IndexStreamingTest,testIndexComponentStreaming,Complex Method,"pmd,checkstyle",test/distributed/org/apache/cassandra/distributed/test/sai/IndexStreamingTest.java,test/distributed/org/apache/cassandra/distributed/test/sai/IndexStreamingTest.java.IndexStreamingTest.testIndexComponentStreaming.Complex Method,5.0.0,5.0.0,5.0.0,1
cassandra,5.0.0,org.apache.cassandra.distributed.test.sai,PartialUpdateHandlingTest,parameters,Complex Method,"designitejava,pmd",test/distributed/org/apache/cassandra/distributed/test/sai/PartialUpdateHandlingTest.java,test/distributed/org/apache/cassandra/distributed/test/sai/PartialUpdateHandlingTest.java.PartialUpdateHandlingTest.parameters.Complex Method,5.0.0,5.0.0,5.0.0,1
cassandra,5.0-alpha1,org.apache.cassandra.distributed.test.topology,DecommissionAvoidTimeouts,test,Complex Method,"designitejava,pmd,checkstyle",test/distributed/org/apache/cassandra/distributed/test/topology/DecommissionAvoidTimeouts.java,test/distributed/org/apache/cassandra/distributed/test/topology/DecommissionAvoidTimeouts.java.DecommissionAvoidTimeouts.test.Complex Method,5.0-alpha1,5.0.0,5.0.0,2
cassandra,4.0.0,org.apache.cassandra.distributed.upgrade,MixedModeBatchTestBase,testBatches,Complex Method,"designitejava,pmd,checkstyle",test/distributed/org/apache/cassandra/distributed/upgrade/MixedModeBatchTestBase.java,test/distributed/org/apache/cassandra/distributed/upgrade/MixedModeBatchTestBase.java.MixedModeBatchTestBase.testBatches.Complex Method,4.0.0,5.0.0,5.0.0,5
cassandra,4.0.0,org.apache.cassandra.distributed.upgrade,MixedModeBatchTestBase,testBatches,Long Parameter List,"designitejava,checkstyle",test/distributed/org/apache/cassandra/distributed/upgrade/MixedModeBatchTestBase.java,test/distributed/org/apache/cassandra/distributed/upgrade/MixedModeBatchTestBase.java.MixedModeBatchTestBase.testBatches.Long Parameter List,4.0.0,5.0.0,5.0.0,5
cassandra,5.0-alpha1,org.apache.cassandra.distributed.util,QueryResultUtil,orderBy,Complex Method,"designitejava,pmd,checkstyle",test/distributed/org/apache/cassandra/distributed/util/QueryResultUtil.java,test/distributed/org/apache/cassandra/distributed/util/QueryResultUtil.java.QueryResultUtil.orderBy.Complex Method,5.0-alpha1,5.0.0,5.0.0,2
cassandra,4.0.0,org.apache.cassandra.io.sstable.format,ForwardingSSTableReader,,God Class,"pmd,checkstyle",test/distributed/org/apache/cassandra/io/sstable/format/ForwardingSSTableReader.java,test/distributed/org/apache/cassandra/io/sstable/format/ForwardingSSTableReader.java.ForwardingSSTableReader..God Class,4.0.0,5.0.0,5.0.0,5
cassandra,4.0.0,org.apache.cassandra.io.sstable.format,ForwardingSSTableReader,iterator,Long Parameter List,"designitejava,checkstyle",test/distributed/org/apache/cassandra/io/sstable/format/ForwardingSSTableReader.java,test/distributed/org/apache/cassandra/io/sstable/format/ForwardingSSTableReader.java.ForwardingSSTableReader.iterator.Long Parameter List,4.0.0,4.0.0,4.1-alpha1,1
cassandra,4.1-alpha1,org.apache.cassandra.io.sstable.format,ForwardingSSTableReader,rowIterator,Long Parameter List,"designitejava,checkstyle",test/distributed/org/apache/cassandra/io/sstable/format/ForwardingSSTableReader.java,test/distributed/org/apache/cassandra/io/sstable/format/ForwardingSSTableReader.java.ForwardingSSTableReader.rowIterator.Long Parameter List,4.1-alpha1,5.0.0,5.0.0,4
cassandra,2.1.0-deb,org.apache.cassandra.concurrent,LongSharedExecutorPoolTest,testPromptnessOfExecution,Complex Method,"designitejava,pmd,checkstyle",test/long/org/apache/cassandra/concurrent/LongSharedExecutorPoolTest.java,test/long/org/apache/cassandra/concurrent/LongSharedExecutorPoolTest.java.LongSharedExecutorPoolTest.testPromptnessOfExecution.Complex Method,2.1.0-deb,2.1.0,2.2.0-beta1,2
cassandra,3.0.0-alpha1,org.apache.cassandra.cql3,MaterializedViewLongTest,testConflictResolution,Complex Method,"designitejava,pmd,checkstyle",test/long/org/apache/cassandra/cql3/MaterializedViewLongTest.java,test/long/org/apache/cassandra/cql3/MaterializedViewLongTest.java.MaterializedViewLongTest.testConflictResolution.Complex Method,3.0.0-alpha1,3.0.0-alpha1,3.0.0,1
cassandra,3.0.0,org.apache.cassandra.cql3,ViewLongTest,testConflictResolution,Complex Method,"designitejava,pmd,checkstyle",test/long/org/apache/cassandra/cql3/ViewLongTest.java,test/long/org/apache/cassandra/cql3/ViewLongTest.java.ViewLongTest.testConflictResolution.Complex Method,3.0.0,5.0.0,5.0.0,18
cassandra,2.2.0-beta1,org.apache.cassandra.db.commitlog,CommitLogStressTest,testLog,Complex Method,"designitejava,pmd,checkstyle",test/long/org/apache/cassandra/db/commitlog/CommitLogStressTest.java,test/long/org/apache/cassandra/db/commitlog/CommitLogStressTest.java.CommitLogStressTest.testLog.Complex Method,2.2.0-beta1,5.0.0,5.0.0,21
cassandra,3.1,org.apache.cassandra.db.compaction,LongLeveledCompactionStrategyTest,testLeveledScanner,Complex Method,"designitejava,pmd",test/long/org/apache/cassandra/db/compaction/LongLeveledCompactionStrategyTest.java,test/long/org/apache/cassandra/db/compaction/LongLeveledCompactionStrategyTest.java.LongLeveledCompactionStrategyTest.testLeveledScanner.Complex Method,3.1,5.0.0,5.0.0,17
cassandra,1.2.0,org.apache.cassandra.db.compaction,LongLeveledCompactionStrategyTest,testParallelLeveledCompaction,Complex Method,"designitejava,pmd,checkstyle",test/long/org/apache/cassandra/db/compaction/LongLeveledCompactionStrategyTest.java,test/long/org/apache/cassandra/db/compaction/LongLeveledCompactionStrategyTest.java.LongLeveledCompactionStrategyTest.testParallelLeveledCompaction.Complex Method,1.2.0,5.0.0,5.0.0,26
cassandra,3.1,org.apache.cassandra.dht.tokenallocator,NoReplicationTokenAllocatorTest,randomWithTokenAllocator,Long Parameter List,"designitejava,checkstyle",test/long/org/apache/cassandra/dht/tokenallocator/NoReplicationTokenAllocatorTest.java,test/long/org/apache/cassandra/dht/tokenallocator/NoReplicationTokenAllocatorTest.java.NoReplicationTokenAllocatorTest.randomWithTokenAllocator.Long Parameter List,3.1,5.0.0,5.0.0,17
cassandra,3.1,org.apache.cassandra.dht.tokenallocator,TokenAllocatorTestBase,random,Long Parameter List,"designitejava,checkstyle",test/long/org/apache/cassandra/dht/tokenallocator/TokenAllocatorTestBase.java,test/long/org/apache/cassandra/dht/tokenallocator/TokenAllocatorTestBase.java.TokenAllocatorTestBase.random.Long Parameter List,3.1,5.0.0,5.0.0,17
cassandra,4.0.0,org.apache.cassandra.db.compaction,CompactionAllocationTest,measure,Complex Method,"designitejava,pmd,checkstyle",test/memory/org/apache/cassandra/db/compaction/CompactionAllocationTest.java,test/memory/org/apache/cassandra/db/compaction/CompactionAllocationTest.java.CompactionAllocationTest.measure.Complex Method,4.0.0,5.0.0,5.0.0,5
cassandra,4.1.0,org.apache.cassandra.test.microbench.btree,AtomicBTreePartitionUpdateBench,shuffle,Long Parameter List,"designitejava,checkstyle",test/microbench/org/apache/cassandra/test/microbench/btree/AtomicBTreePartitionUpdateBench.java,test/microbench/org/apache/cassandra/test/microbench/btree/AtomicBTreePartitionUpdateBench.java.AtomicBTreePartitionUpdateBench.shuffle.Long Parameter List,4.1.0,5.0.0,5.0.0,3
cassandra,4.1-alpha1,org.apache.cassandra.test.microbench.btree,Megamorphism,updateFGetter,Complex Method,"designitejava,pmd,checkstyle",test/microbench/org/apache/cassandra/test/microbench/btree/Megamorphism.java,test/microbench/org/apache/cassandra/test/microbench/btree/Megamorphism.java.Megamorphism.updateFGetter.Complex Method,4.1-alpha1,5.0.0,5.0.0,4
cassandra,2.1.0-deb,org.apache.cassandra.pig,ThriftColumnFamilyTest,,God Class,"pmd,checkstyle",test/pig/org/apache/cassandra/pig/ThriftColumnFamilyTest.java,test/pig/org/apache/cassandra/pig/ThriftColumnFamilyTest.java.ThriftColumnFamilyTest..God Class,2.1.0-deb,3.0.0-alpha1,3.0.0,5
cassandra,2.1.0-deb,org.apache.cassandra.pig,ThriftColumnFamilyTest,testCassandraStorageCompositeColumnCF,Complex Method,"designitejava,pmd,checkstyle",test/pig/org/apache/cassandra/pig/ThriftColumnFamilyTest.java,test/pig/org/apache/cassandra/pig/ThriftColumnFamilyTest.java.ThriftColumnFamilyTest.testCassandraStorageCompositeColumnCF.Complex Method,2.1.0-deb,2.2.0,3.0.0-alpha1,4
cassandra,2.1.0-deb,org.apache.cassandra.pig,ThriftColumnFamilyTest,testCassandraStorageCompositeKeyCF,Complex Method,"designitejava,pmd,checkstyle",test/pig/org/apache/cassandra/pig/ThriftColumnFamilyTest.java,test/pig/org/apache/cassandra/pig/ThriftColumnFamilyTest.java.ThriftColumnFamilyTest.testCassandraStorageCompositeKeyCF.Complex Method,2.1.0-deb,2.2.0,3.0.0-alpha1,4
cassandra,3.0.0-alpha1,org.apache.cassandra.pig,ThriftColumnFamilyTest,testCqlNativeStorageCompositeColumnCF,Complex Method,"designitejava,pmd,checkstyle",test/pig/org/apache/cassandra/pig/ThriftColumnFamilyTest.java,test/pig/org/apache/cassandra/pig/ThriftColumnFamilyTest.java.ThriftColumnFamilyTest.testCqlNativeStorageCompositeColumnCF.Complex Method,3.0.0-alpha1,3.0.0-alpha1,3.0.0,1
cassandra,5.0-alpha1,org.apache.cassandra.simulator.asm,ClassTransformer,visit,Long Parameter List,"designitejava,checkstyle",test/simulator/asm/org/apache/cassandra/simulator/asm/ClassTransformer.java,test/simulator/asm/org/apache/cassandra/simulator/asm/ClassTransformer.java.ClassTransformer.visit.Long Parameter List,5.0-alpha1,5.0.0,5.0.0,2
cassandra,4.1-alpha1,org.apache.cassandra.simulator.asm,ClassTransformer,visitMethod,Complex Method,"designitejava,pmd,checkstyle",test/simulator/asm/org/apache/cassandra/simulator/asm/ClassTransformer.java,test/simulator/asm/org/apache/cassandra/simulator/asm/ClassTransformer.java.ClassTransformer.visitMethod.Complex Method,4.1-alpha1,5.0.0,5.0.0,4
cassandra,4.1-alpha1,org.apache.cassandra.simulator.asm,GlobalMethodTransformer,visitMethodInsn,Complex Method,"designitejava,pmd,checkstyle",test/simulator/asm/org/apache/cassandra/simulator/asm/GlobalMethodTransformer.java,test/simulator/asm/org/apache/cassandra/simulator/asm/GlobalMethodTransformer.java.GlobalMethodTransformer.visitMethodInsn.Complex Method,4.1-alpha1,5.0.0,5.0.0,4
cassandra,4.1-alpha1,org.apache.cassandra.simulator.asm,InterceptAgent,setup,Complex Method,"designitejava,pmd",test/simulator/asm/org/apache/cassandra/simulator/asm/InterceptAgent.java,test/simulator/asm/org/apache/cassandra/simulator/asm/InterceptAgent.java.InterceptAgent.setup.Complex Method,4.1-alpha1,5.0.0,5.0.0,4
cassandra,4.1-alpha1,org.apache.cassandra.simulator.asm,InterceptAgent,transformThreadLocalRandom,Complex Method,"pmd,checkstyle",test/simulator/asm/org/apache/cassandra/simulator/asm/InterceptAgent.java,test/simulator/asm/org/apache/cassandra/simulator/asm/InterceptAgent.java.InterceptAgent.transformThreadLocalRandom.Complex Method,4.1-alpha1,5.0.0,5.0.0,4
cassandra,4.1-alpha1,org.apache.cassandra.simulator.asm,InterceptClasses,transform,Long Parameter List,"designitejava,checkstyle",test/simulator/asm/org/apache/cassandra/simulator/asm/InterceptClasses.java,test/simulator/asm/org/apache/cassandra/simulator/asm/InterceptClasses.java.InterceptClasses.transform.Long Parameter List,4.1-alpha1,5.0.0,5.0.0,4
cassandra,4.1-alpha1,org.apache.cassandra.simulator.asm,InterceptClasses,transformTransitiveClosure,Complex Method,"designitejava,pmd,checkstyle",test/simulator/asm/org/apache/cassandra/simulator/asm/InterceptClasses.java,test/simulator/asm/org/apache/cassandra/simulator/asm/InterceptClasses.java.InterceptClasses.transformTransitiveClosure.Complex Method,4.1-alpha1,5.0.0,5.0.0,4
cassandra,4.1-alpha1,org.apache.cassandra.simulator.asm,MonitorEnterExitParkTransformer,visitMethodInsn,Complex Method,"designitejava,checkstyle",test/simulator/asm/org/apache/cassandra/simulator/asm/MonitorEnterExitParkTransformer.java,test/simulator/asm/org/apache/cassandra/simulator/asm/MonitorEnterExitParkTransformer.java.MonitorEnterExitParkTransformer.visitMethodInsn.Complex Method,4.1-alpha1,5.0.0,5.0.0,4
cassandra,4.1-alpha1,org.apache.cassandra.simulator.asm,MonitorMethodTransformer,loadParamsAndReturnInvokeCode,Complex Method,"designitejava,pmd,checkstyle",test/simulator/asm/org/apache/cassandra/simulator/asm/MonitorMethodTransformer.java,test/simulator/asm/org/apache/cassandra/simulator/asm/MonitorMethodTransformer.java.MonitorMethodTransformer.loadParamsAndReturnInvokeCode.Complex Method,4.1-alpha1,5.0.0,5.0.0,4
cassandra,4.1-alpha1,org.apache.cassandra.simulator.asm,ShadowingTransformer,visit,Long Parameter List,"designitejava,checkstyle",test/simulator/asm/org/apache/cassandra/simulator/asm/ShadowingTransformer.java,test/simulator/asm/org/apache/cassandra/simulator/asm/ShadowingTransformer.java.ShadowingTransformer.visit.Long Parameter List,4.1-alpha1,5.0.0,5.0.0,4
cassandra,4.1-alpha1,org.apache.cassandra.simulator.asm,Utils,generateProxyCall,Long Parameter List,"designitejava,checkstyle",test/simulator/asm/org/apache/cassandra/simulator/asm/Utils.java,test/simulator/asm/org/apache/cassandra/simulator/asm/Utils.java.Utils.generateProxyCall.Long Parameter List,4.1-alpha1,5.0.0,5.0.0,4
cassandra,4.1-alpha1,org.apache.cassandra.simulator.asm,Utils,generateTryFinallyProxyCall,Long Parameter List,"designitejava,checkstyle",test/simulator/asm/org/apache/cassandra/simulator/asm/Utils.java,test/simulator/asm/org/apache/cassandra/simulator/asm/Utils.java.Utils.generateTryFinallyProxyCall.Long Parameter List,4.1-alpha1,5.0.0,5.0.0,4
cassandra,4.1-alpha1,org.apache.cassandra.simulator.asm,Utils,visitProxyCall,Complex Method,"designitejava,checkstyle",test/simulator/asm/org/apache/cassandra/simulator/asm/Utils.java,test/simulator/asm/org/apache/cassandra/simulator/asm/Utils.java.Utils.visitProxyCall.Complex Method,4.1-alpha1,5.0.0,5.0.0,4
cassandra,4.1-alpha1,org.apache.cassandra.simulator.asm,Utils,visitProxyCall,Long Parameter List,"designitejava,checkstyle",test/simulator/asm/org/apache/cassandra/simulator/asm/Utils.java,test/simulator/asm/org/apache/cassandra/simulator/asm/Utils.java.Utils.visitProxyCall.Long Parameter List,4.1-alpha1,5.0.0,5.0.0,4
cassandra,4.1-alpha1,org.apache.cassandra.simulator,Action,,God Class,"pmd,checkstyle",test/simulator/main/org/apache/cassandra/simulator/Action.java,test/simulator/main/org/apache/cassandra/simulator/Action.java.Action..God Class,4.1-alpha1,5.0.0,5.0.0,4
cassandra,4.1-alpha1,org.apache.cassandra.simulator,Action,describeModifiers,Complex Method,"designitejava,pmd",test/simulator/main/org/apache/cassandra/simulator/Action.java,test/simulator/main/org/apache/cassandra/simulator/Action.java.Action.describeModifiers.Complex Method,4.1-alpha1,5.0.0,5.0.0,4
cassandra,4.1-alpha1,org.apache.cassandra.simulator,Action,register,Complex Method,"designitejava,pmd,checkstyle",test/simulator/main/org/apache/cassandra/simulator/Action.java,test/simulator/main/org/apache/cassandra/simulator/Action.java.Action.register.Complex Method,4.1-alpha1,5.0.0,5.0.0,4
cassandra,4.1-alpha1,org.apache.cassandra.simulator,ActionPlan,iterator,Long Parameter List,"designitejava,checkstyle",test/simulator/main/org/apache/cassandra/simulator/ActionPlan.java,test/simulator/main/org/apache/cassandra/simulator/ActionPlan.java.ActionPlan.iterator.Long Parameter List,4.1-alpha1,5.0.0,5.0.0,4
cassandra,4.1-alpha1,org.apache.cassandra.simulator,ActionSchedule,add,Complex Method,"designitejava,pmd,checkstyle",test/simulator/main/org/apache/cassandra/simulator/ActionSchedule.java,test/simulator/main/org/apache/cassandra/simulator/ActionSchedule.java.ActionSchedule.add.Complex Method,4.1-alpha1,5.0.0,5.0.0,4
cassandra,4.1-alpha1,org.apache.cassandra.simulator,ActionSchedule,advance,Complex Method,"designitejava,checkstyle",test/simulator/main/org/apache/cassandra/simulator/ActionSchedule.java,test/simulator/main/org/apache/cassandra/simulator/ActionSchedule.java.ActionSchedule.advance.Complex Method,4.1-alpha1,5.0.0,5.0.0,4
cassandra,4.1-alpha1,org.apache.cassandra.simulator,ActionSchedule,hasNext,Complex Method,"pmd,checkstyle",test/simulator/main/org/apache/cassandra/simulator/ActionSchedule.java,test/simulator/main/org/apache/cassandra/simulator/ActionSchedule.java.ActionSchedule.hasNext.Complex Method,4.1-alpha1,5.0.0,5.0.0,4
cassandra,4.1-alpha1,org.apache.cassandra.simulator,Actions,streamNextSupplier,Long Parameter List,"designitejava,checkstyle",test/simulator/main/org/apache/cassandra/simulator/Actions.java,test/simulator/main/org/apache/cassandra/simulator/Actions.java.Actions.streamNextSupplier.Long Parameter List,4.1-alpha1,5.0.0,5.0.0,4
cassandra,4.1-alpha1,org.apache.cassandra.simulator,Debug,debug,Complex Method,"designitejava,pmd,checkstyle",test/simulator/main/org/apache/cassandra/simulator/Debug.java,test/simulator/main/org/apache/cassandra/simulator/Debug.java.Debug.debug.Complex Method,4.1-alpha1,5.0.0,5.0.0,4
cassandra,4.1-alpha1,org.apache.cassandra.simulator.cluster,KeyspaceActions,next,Complex Method,"designitejava,pmd,checkstyle",test/simulator/main/org/apache/cassandra/simulator/cluster/KeyspaceActions.java,test/simulator/main/org/apache/cassandra/simulator/cluster/KeyspaceActions.java.KeyspaceActions.next.Complex Method,4.1-alpha1,5.0.0,5.0.0,4
cassandra,4.1-alpha1,org.apache.cassandra.simulator.cluster,OnInstanceRepair,invokeRepair,Long Parameter List,"designitejava,checkstyle",test/simulator/main/org/apache/cassandra/simulator/cluster/OnInstanceRepair.java,test/simulator/main/org/apache/cassandra/simulator/cluster/OnInstanceRepair.java.OnInstanceRepair.invokeRepair.Long Parameter List,4.1-alpha1,5.0.0,5.0.0,4
cassandra,4.1-alpha1,org.apache.cassandra.simulator.debug,Reconcile,reconcileWith,Complex Method,"designitejava,pmd,checkstyle",test/simulator/main/org/apache/cassandra/simulator/debug/Reconcile.java,test/simulator/main/org/apache/cassandra/simulator/debug/Reconcile.java.Reconcile.reconcileWith.Complex Method,4.1-alpha1,5.0.0,5.0.0,4
cassandra,4.1-alpha1,org.apache.cassandra.simulator.debug,Record,record,Complex Method,"designitejava,pmd,checkstyle",test/simulator/main/org/apache/cassandra/simulator/debug/Record.java,test/simulator/main/org/apache/cassandra/simulator/debug/Record.java.Record.record.Complex Method,4.1-alpha1,5.0.0,5.0.0,4
cassandra,4.1-alpha1,org.apache.cassandra.simulator.paxos,Ballots,read,Long Parameter List,"designitejava,checkstyle",test/simulator/main/org/apache/cassandra/simulator/paxos/Ballots.java,test/simulator/main/org/apache/cassandra/simulator/paxos/Ballots.java.Ballots.read.Long Parameter List,4.1-alpha1,5.0.0,5.0.0,4
cassandra,4.1-alpha1,org.apache.cassandra.simulator.paxos,HistoryChecker,get,Complex Method,"designitejava,pmd",test/simulator/main/org/apache/cassandra/simulator/paxos/HistoryChecker.java,test/simulator/main/org/apache/cassandra/simulator/paxos/HistoryChecker.java.HistoryChecker.get.Complex Method,4.1-alpha1,5.0.0,5.0.0,4
cassandra,4.1-alpha1,org.apache.cassandra.simulator.paxos,PairOfSequencesPaxosSimulation,plan,Complex Method,"designitejava,pmd",test/simulator/main/org/apache/cassandra/simulator/paxos/PairOfSequencesPaxosSimulation.java,test/simulator/main/org/apache/cassandra/simulator/paxos/PairOfSequencesPaxosSimulation.java.PairOfSequencesPaxosSimulation.plan.Complex Method,4.1-alpha1,5.0.0,5.0.0,4
cassandra,4.1-alpha1,org.apache.cassandra.simulator.paxos,PaxosSimulation,run,Complex Method,"designitejava,pmd",test/simulator/main/org/apache/cassandra/simulator/paxos/PaxosSimulation.java,test/simulator/main/org/apache/cassandra/simulator/paxos/PaxosSimulation.java.PaxosSimulation.run.Complex Method,4.1-alpha1,5.0.0,5.0.0,4
cassandra,4.1-alpha1,org.apache.cassandra.simulator.paxos,PaxosSimulationRunner,propagateTo,Long Parameter List,"designitejava,checkstyle",test/simulator/main/org/apache/cassandra/simulator/paxos/PaxosSimulationRunner.java,test/simulator/main/org/apache/cassandra/simulator/paxos/PaxosSimulationRunner.java.PaxosSimulationRunner.propagateTo.Long Parameter List,4.1-alpha1,5.0.0,5.0.0,4
cassandra,4.1-alpha1,org.apache.cassandra.simulator.systems,InterceptibleThread,,God Class,"pmd,checkstyle",test/simulator/main/org/apache/cassandra/simulator/systems/InterceptibleThread.java,test/simulator/main/org/apache/cassandra/simulator/systems/InterceptibleThread.java.InterceptibleThread..God Class,4.1-alpha1,5.0.0,5.0.0,4
cassandra,4.1-alpha1,org.apache.cassandra.simulator.systems,InterceptingMonitors,preMonitorEnter,Complex Method,"designitejava,pmd,checkstyle",test/simulator/main/org/apache/cassandra/simulator/systems/InterceptingMonitors.java,test/simulator/main/org/apache/cassandra/simulator/systems/InterceptingMonitors.java.InterceptingMonitors.preMonitorEnter.Complex Method,4.1-alpha1,5.0.0,5.0.0,4
cassandra,4.1-alpha1,org.apache.cassandra.simulator.systems,SimulatedAction,applyTo,Long Parameter List,"designitejava,checkstyle",test/simulator/main/org/apache/cassandra/simulator/systems/SimulatedAction.java,test/simulator/main/org/apache/cassandra/simulator/systems/SimulatedAction.java.SimulatedAction.applyTo.Long Parameter List,4.1-alpha1,5.0.0,5.0.0,4
cassandra,4.1-alpha1,org.apache.cassandra.simulator.systems,SimulatedAction,applyToMessage,Complex Method,"designitejava,pmd,checkstyle",test/simulator/main/org/apache/cassandra/simulator/systems/SimulatedAction.java,test/simulator/main/org/apache/cassandra/simulator/systems/SimulatedAction.java.SimulatedAction.applyToMessage.Complex Method,4.1-alpha1,5.0.0,5.0.0,4
cassandra,4.1-alpha1,org.apache.cassandra.simulator.systems,SimulatedAction,applyToSignal,Long Parameter List,"designitejava,checkstyle",test/simulator/main/org/apache/cassandra/simulator/systems/SimulatedAction.java,test/simulator/main/org/apache/cassandra/simulator/systems/SimulatedAction.java.SimulatedAction.applyToSignal.Long Parameter List,4.1-alpha1,5.0.0,5.0.0,4
cassandra,4.1-alpha1,org.apache.cassandra.simulator.systems,SimulatedActionTask,unsafeTask,Long Parameter List,"designitejava,checkstyle",test/simulator/main/org/apache/cassandra/simulator/systems/SimulatedActionTask.java,test/simulator/main/org/apache/cassandra/simulator/systems/SimulatedActionTask.java.SimulatedActionTask.unsafeTask.Long Parameter List,4.1-alpha1,5.0.0,5.0.0,4
cassandra,5.0.0,utils,Invariants,,God Class,"pmd,checkstyle",test/unit/accord/utils/Invariants.java,test/unit/accord/utils/Invariants.java.Invariants..God Class,5.0.0,5.0.0,5.0.0,1
cassandra,5.0.0,accord.utils,Property,normalizeValue,Complex Method,"designitejava,checkstyle",test/unit/accord/utils/Property.java,test/unit/accord/utils/Property.java.Property.normalizeValue.Complex Method,5.0.0,5.0.0,5.0.0,1
cassandra,0.4.0-final,org.apache.cassandra,CleanupHelper,cleanup,Complex Method,"designitejava,pmd,checkstyle",test/unit/org/apache/cassandra/CleanupHelper.java,test/unit/org/apache/cassandra/CleanupHelper.java.CleanupHelper.cleanup.Complex Method,0.4.0-final,0.6.0,0.7.0,6
cassandra,3.0.0-alpha1,org.apache.cassandra,LogbackStatusListener,wrapLogger,Complex Method,"designitejava,pmd",test/unit/org/apache/cassandra/LogbackStatusListener.java,test/unit/org/apache/cassandra/LogbackStatusListener.java.LogbackStatusListener.wrapLogger.Complex Method,3.0.0-alpha1,3.11.0,4.0-alpha1,13
cassandra,2.2.0-beta1,org.apache.cassandra,SchemaLoader,createKeyspace,Long Parameter List,"designitejava,checkstyle",test/unit/org/apache/cassandra/SchemaLoader.java,test/unit/org/apache/cassandra/SchemaLoader.java.SchemaLoader.createKeyspace.Long Parameter List,2.2.0-beta1,2.2.0,3.0.0-alpha1,2
cassandra,3.0.0-alpha1,org.apache.cassandra,SchemaLoader,standardCFMD,Long Parameter List,"designitejava,checkstyle",test/unit/org/apache/cassandra/SchemaLoader.java,test/unit/org/apache/cassandra/SchemaLoader.java.SchemaLoader.standardCFMD.Long Parameter List,3.0.0-alpha1,5.0.0,5.0.0,19
cassandra,0.4.0-final,org.apache.cassandra,Util,addMutation,Long Parameter List,"designitejava,checkstyle",test/unit/org/apache/cassandra/Util.java,test/unit/org/apache/cassandra/Util.java.Util.addMutation.Long Parameter List,0.4.0-final,2.2.0,3.0.0-alpha1,22
cassandra,0.7.0,org.apache.cassandra,Util,createInitialRing,Long Parameter List,"designitejava,checkstyle",test/unit/org/apache/cassandra/Util.java,test/unit/org/apache/cassandra/Util.java.Util.createInitialRing.Long Parameter List,0.7.0,5.0.0,5.0.0,35
cassandra,4.0-alpha1,org.apache.cassandra.audit,AuditLoggerTest,assertLogEntry,Long Parameter List,"designitejava,checkstyle",test/unit/org/apache/cassandra/audit/AuditLoggerTest.java,test/unit/org/apache/cassandra/audit/AuditLoggerTest.java.AuditLoggerTest.assertLogEntry.Long Parameter List,4.0-alpha1,5.0.0,5.0.0,6
cassandra,3.0.0,org.apache.cassandra.batchlog,BatchlogManagerTest,testReplay,Complex Method,"designitejava,pmd",test/unit/org/apache/cassandra/batchlog/BatchlogManagerTest.java,test/unit/org/apache/cassandra/batchlog/BatchlogManagerTest.java.BatchlogManagerTest.testReplay.Complex Method,3.0.0,3.11.0,4.0-alpha1,12
cassandra,0.7.0,org.apache.cassandra.cli,CliTest,testCli,Complex Method,"designitejava,checkstyle",test/unit/org/apache/cassandra/cli/CliTest.java,test/unit/org/apache/cassandra/cli/CliTest.java.CliTest.testCli.Complex Method,0.7.0,2.1.0,2.2.0-beta1,14
cassandra,4.1-alpha1,org.apache.cassandra.config,ConfigCompatabilityTest,diff,Complex Method,"designitejava,pmd,checkstyle",test/unit/org/apache/cassandra/config/ConfigCompatabilityTest.java,test/unit/org/apache/cassandra/config/ConfigCompatabilityTest.java.ConfigCompatabilityTest.diff.Complex Method,4.1-alpha1,4.1.0,5.0-alpha1,2
cassandra,4.1-alpha1,org.apache.cassandra.config,ConfigCompatabilityTest,diff,Long Parameter List,"designitejava,checkstyle",test/unit/org/apache/cassandra/config/ConfigCompatabilityTest.java,test/unit/org/apache/cassandra/config/ConfigCompatabilityTest.java.ConfigCompatabilityTest.diff.Long Parameter List,4.1-alpha1,4.1.0,5.0-alpha1,2
cassandra,5.0-alpha1,org.apache.cassandra.config,ConfigCompatibilityTest,diff,Complex Method,"designitejava,pmd,checkstyle",test/unit/org/apache/cassandra/config/ConfigCompatibilityTest.java,test/unit/org/apache/cassandra/config/ConfigCompatibilityTest.java.ConfigCompatibilityTest.diff.Complex Method,5.0-alpha1,5.0.0,5.0.0,2
cassandra,5.0-alpha1,org.apache.cassandra.config,ConfigCompatibilityTest,diff,Long Parameter List,"designitejava,checkstyle",test/unit/org/apache/cassandra/config/ConfigCompatibilityTest.java,test/unit/org/apache/cassandra/config/ConfigCompatibilityTest.java.ConfigCompatibilityTest.diff.Long Parameter List,5.0-alpha1,5.0.0,5.0.0,2
cassandra,3.1,org.apache.cassandra.config,DatabaseDescriptorRefTest,testDatabaseDescriptorRef,Complex Method,"designitejava,pmd",test/unit/org/apache/cassandra/config/DatabaseDescriptorRefTest.java,test/unit/org/apache/cassandra/config/DatabaseDescriptorRefTest.java.DatabaseDescriptorRefTest.testDatabaseDescriptorRef.Complex Method,3.1,5.0.0,5.0.0,17
cassandra,3.0.0,org.apache.cassandra.cql3,CQL3TypeLiteralTest,,God Class,"pmd,checkstyle",test/unit/org/apache/cassandra/cql3/CQL3TypeLiteralTest.java,test/unit/org/apache/cassandra/cql3/CQL3TypeLiteralTest.java.CQL3TypeLiteralTest..God Class,3.0.0,4.1.0,5.0-alpha1,16
cassandra,3.0.0,org.apache.cassandra.cql3,CQL3TypeLiteralTest,generateCollectionValue,Complex Method,"designitejava,pmd,checkstyle",test/unit/org/apache/cassandra/cql3/CQL3TypeLiteralTest.java,test/unit/org/apache/cassandra/cql3/CQL3TypeLiteralTest.java.CQL3TypeLiteralTest.generateCollectionValue.Complex Method,3.0.0,4.1.0,5.0-alpha1,16
cassandra,2.1.0-deb,org.apache.cassandra.cql3,CQLTester,,God Class,"pmd,checkstyle",test/unit/org/apache/cassandra/cql3/CQLTester.java,test/unit/org/apache/cassandra/cql3/CQLTester.java.CQLTester..God Class,2.1.0-deb,5.0.0,5.0.0,23
cassandra,3.0.0,org.apache.cassandra.cql3,CQLTester,assertRowsIgnoringOrder,Complex Method,"designitejava,pmd,checkstyle",test/unit/org/apache/cassandra/cql3/CQLTester.java,test/unit/org/apache/cassandra/cql3/CQLTester.java.CQLTester.assertRowsIgnoringOrder.Complex Method,3.0.0,3.7,3.8,8
cassandra,3.1,org.apache.cassandra.cql3,CQLTester,assertRowsIgnoringOrderInternal,Complex Method,"designitejava,pmd,checkstyle",test/unit/org/apache/cassandra/cql3/CQLTester.java,test/unit/org/apache/cassandra/cql3/CQLTester.java.CQLTester.assertRowsIgnoringOrderInternal.Complex Method,3.1,5.0.0,5.0.0,17
cassandra,4.0.0,org.apache.cassandra.cql3,CQLTester,assertSchemaChange,Long Parameter List,"designitejava,checkstyle",test/unit/org/apache/cassandra/cql3/CQLTester.java,test/unit/org/apache/cassandra/cql3/CQLTester.java.CQLTester.assertSchemaChange.Long Parameter List,4.0.0,5.0.0,5.0.0,5
cassandra,3.1,org.apache.cassandra.cql3,CQLTester,execute,Complex Method,"designitejava,pmd",test/unit/org/apache/cassandra/cql3/CQLTester.java,test/unit/org/apache/cassandra/cql3/CQLTester.java.CQLTester.execute.Complex Method,3.1,3.7,3.8,7
cassandra,3.1,org.apache.cassandra.cql3,CQLTester,executeFormattedQuery,Complex Method,"designitejava,pmd",test/unit/org/apache/cassandra/cql3/CQLTester.java,test/unit/org/apache/cassandra/cql3/CQLTester.java.CQLTester.executeFormattedQuery.Complex Method,3.1,5.0.0,5.0.0,17
cassandra,2.1.0-deb,org.apache.cassandra.cql3,CQLTester,formatForCQL,Complex Method,"designitejava,pmd,checkstyle",test/unit/org/apache/cassandra/cql3/CQLTester.java,test/unit/org/apache/cassandra/cql3/CQLTester.java.CQLTester.formatForCQL.Complex Method,2.1.0-deb,5.0.0,5.0.0,23
cassandra,2.1.0-deb,org.apache.cassandra.cql3,CQLTester,typeFor,Complex Method,"designitejava,pmd,checkstyle",test/unit/org/apache/cassandra/cql3/CQLTester.java,test/unit/org/apache/cassandra/cql3/CQLTester.java.CQLTester.typeFor.Complex Method,2.1.0-deb,5.0.0,5.0.0,23
cassandra,3.0.0,org.apache.cassandra.cql3,KeyCacheCqlTest,assertClusterRows,Long Parameter List,"designitejava,checkstyle",test/unit/org/apache/cassandra/cql3/KeyCacheCqlTest.java,test/unit/org/apache/cassandra/cql3/KeyCacheCqlTest.java.KeyCacheCqlTest.assertClusterRows.Long Parameter List,3.0.0,5.0.0,5.0.0,18
cassandra,5.0-alpha1,org.apache.cassandra.cql3,KeyCacheCqlTest,testKeyCacheClustered,Complex Method,"pmd,checkstyle",test/unit/org/apache/cassandra/cql3/KeyCacheCqlTest.java,test/unit/org/apache/cassandra/cql3/KeyCacheCqlTest.java.KeyCacheCqlTest.testKeyCacheClustered.Complex Method,5.0-alpha1,5.0.0,5.0.0,2
cassandra,3.0.0-alpha1,org.apache.cassandra.cql3,MaterializedViewTest,testCompoundPartitionKey,Complex Method,"designitejava,pmd,checkstyle",test/unit/org/apache/cassandra/cql3/MaterializedViewTest.java,test/unit/org/apache/cassandra/cql3/MaterializedViewTest.java.MaterializedViewTest.testCompoundPartitionKey.Complex Method,3.0.0-alpha1,3.0.0-alpha1,3.0.0,1
cassandra,4.1-alpha1,org.apache.cassandra.cql3,MemtableQuickTest,testMemtable,Complex Method,"designitejava,pmd,checkstyle",test/unit/org/apache/cassandra/cql3/MemtableQuickTest.java,test/unit/org/apache/cassandra/cql3/MemtableQuickTest.java.MemtableQuickTest.testMemtable.Complex Method,4.1-alpha1,4.1.0,5.0-alpha1,2
cassandra,4.0-alpha1,org.apache.cassandra.cql3,ViewComplexTest,,God Class,"pmd,checkstyle",test/unit/org/apache/cassandra/cql3/ViewComplexTest.java,test/unit/org/apache/cassandra/cql3/ViewComplexTest.java.ViewComplexTest..God Class,4.0-alpha1,4.0.0,4.1-alpha1,2
cassandra,4.1-alpha1,org.apache.cassandra.cql3,ViewFiltering1Test,testViewFiltering,Complex Method,"designitejava,pmd,checkstyle",test/unit/org/apache/cassandra/cql3/ViewFiltering1Test.java,test/unit/org/apache/cassandra/cql3/ViewFiltering1Test.java.ViewFiltering1Test.testViewFiltering.Complex Method,4.1-alpha1,5.0.0,5.0.0,4
cassandra,4.0-alpha1,org.apache.cassandra.cql3,ViewFilteringTest,testViewFiltering,Complex Method,"designitejava,pmd,checkstyle",test/unit/org/apache/cassandra/cql3/ViewFilteringTest.java,test/unit/org/apache/cassandra/cql3/ViewFilteringTest.java.ViewFilteringTest.testViewFiltering.Complex Method,4.0-alpha1,4.0.0,4.1-alpha1,2
cassandra,4.0.0,org.apache.cassandra.cql3,ViewPKTest,testCompoundPartitionKey,Complex Method,"designitejava,pmd,checkstyle",test/unit/org/apache/cassandra/cql3/ViewPKTest.java,test/unit/org/apache/cassandra/cql3/ViewPKTest.java.ViewPKTest.testCompoundPartitionKey.Complex Method,4.0.0,5.0.0,5.0.0,5
cassandra,3.0.0,org.apache.cassandra.cql3,ViewTest,,God Class,"pmd,checkstyle",test/unit/org/apache/cassandra/cql3/ViewTest.java,test/unit/org/apache/cassandra/cql3/ViewTest.java.ViewTest..God Class,3.0.0,5.0.0,5.0.0,18
cassandra,3.0.0,org.apache.cassandra.cql3,ViewTest,testCompoundPartitionKey,Complex Method,"designitejava,pmd,checkstyle",test/unit/org/apache/cassandra/cql3/ViewTest.java,test/unit/org/apache/cassandra/cql3/ViewTest.java.ViewTest.testCompoundPartitionKey.Complex Method,3.0.0,4.0-alpha1,4.0.0,13
cassandra,5.0-alpha1,org.apache.cassandra.cql3.functions.masking,MaskingFunctionTester,testMaskingOnNative,Complex Method,"designitejava,checkstyle",test/unit/org/apache/cassandra/cql3/functions/masking/MaskingFunctionTester.java,test/unit/org/apache/cassandra/cql3/functions/masking/MaskingFunctionTester.java.MaskingFunctionTester.testMaskingOnNative.Complex Method,5.0-alpha1,5.0.0,5.0.0,2
cassandra,5.0-alpha1,org.apache.cassandra.cql3.functions.masking,PartialMaskingFunctionTest,testMasking,Long Parameter List,"designitejava,checkstyle",test/unit/org/apache/cassandra/cql3/functions/masking/PartialMaskingFunctionTest.java,test/unit/org/apache/cassandra/cql3/functions/masking/PartialMaskingFunctionTest.java.PartialMaskingFunctionTest.testMasking.Long Parameter List,5.0-alpha1,5.0.0,5.0.0,2
cassandra,2.2.0-beta1,org.apache.cassandra.cql3.restrictions,PrimaryKeyRestrictionSetTest,assertComposite,Long Parameter List,"designitejava,checkstyle",test/unit/org/apache/cassandra/cql3/restrictions/PrimaryKeyRestrictionSetTest.java,test/unit/org/apache/cassandra/cql3/restrictions/PrimaryKeyRestrictionSetTest.java.PrimaryKeyRestrictionSetTest.assertComposite.Long Parameter List,2.2.0-beta1,2.2.0,3.0.0-alpha1,2
cassandra,2.2.0,org.apache.cassandra.cql3.validation.entities,TimestampTest,testTimestampTTL,Complex Method,"pmd,checkstyle",test/unit/org/apache/cassandra/cql3/validation/entities/TimestampTest.java,test/unit/org/apache/cassandra/cql3/validation/entities/TimestampTest.java.TimestampTest.testTimestampTTL.Complex Method,2.2.0,5.0.0,5.0.0,20
cassandra,2.2.0,org.apache.cassandra.cql3.validation.entities,UFTest,,God Class,"pmd,checkstyle",test/unit/org/apache/cassandra/cql3/validation/entities/UFTest.java,test/unit/org/apache/cassandra/cql3/validation/entities/UFTest.java.UFTest..God Class,2.2.0,5.0.0,5.0.0,20
cassandra,4.1-alpha1,org.apache.cassandra.cql3.validation.entities,VirtualTableTest,setUpClass,Complex Method,"designitejava,pmd",test/unit/org/apache/cassandra/cql3/validation/entities/VirtualTableTest.java,test/unit/org/apache/cassandra/cql3/validation/entities/VirtualTableTest.java.VirtualTableTest.setUpClass.Complex Method,4.1-alpha1,5.0.0,5.0.0,4
cassandra,3.1,org.apache.cassandra.cql3.validation.miscellaneous,SSTablesIteratedTest,testDeletionOnOverlappingIndexedSSTable,Complex Method,"designitejava,pmd,checkstyle",test/unit/org/apache/cassandra/cql3/validation/miscellaneous/SSTablesIteratedTest.java,test/unit/org/apache/cassandra/cql3/validation/miscellaneous/SSTablesIteratedTest.java.SSTablesIteratedTest.testDeletionOnOverlappingIndexedSSTable.Complex Method,3.1,5.0.0,5.0.0,17
cassandra,4.0.0,org.apache.cassandra.cql3.validation.operations,CompactStorageTest,,God Class,"pmd,checkstyle",test/unit/org/apache/cassandra/cql3/validation/operations/CompactStorageTest.java,test/unit/org/apache/cassandra/cql3/validation/operations/CompactStorageTest.java.CompactStorageTest..God Class,4.0.0,4.1-alpha1,4.1.0,2
cassandra,2.2.0,org.apache.cassandra.cql3.validation.operations,DeleteTest,testDeleteByCompositePrefix,Complex Method,"designitejava,pmd,checkstyle",test/unit/org/apache/cassandra/cql3/validation/operations/DeleteTest.java,test/unit/org/apache/cassandra/cql3/validation/operations/DeleteTest.java.DeleteTest.testDeleteByCompositePrefix.Complex Method,2.2.0,5.0.0,5.0.0,20
cassandra,4.0-alpha1,org.apache.cassandra.cql3.validation.operations,SelectLimitTest,testFilteringOnClusteringColumnsWithLimitAndStaticColumns,Complex Method,"designitejava,pmd,checkstyle",test/unit/org/apache/cassandra/cql3/validation/operations/SelectLimitTest.java,test/unit/org/apache/cassandra/cql3/validation/operations/SelectLimitTest.java.SelectLimitTest.testFilteringOnClusteringColumnsWithLimitAndStaticColumns.Complex Method,4.0-alpha1,5.0.0,5.0.0,6
cassandra,4.0.0,org.apache.cassandra.cql3.validation.operations,TTLTest,testRecoverOverflowedExpirationWithScrub,Complex Method,"designitejava,pmd,checkstyle",test/unit/org/apache/cassandra/cql3/validation/operations/TTLTest.java,test/unit/org/apache/cassandra/cql3/validation/operations/TTLTest.java.TTLTest.testRecoverOverflowedExpirationWithScrub.Complex Method,4.0.0,5.0.0,5.0.0,5
cassandra,2.1.0-deb,org.apache.cassandra.db,CellTest,testExpiring,Long Parameter List,"designitejava,checkstyle",test/unit/org/apache/cassandra/db/CellTest.java,test/unit/org/apache/cassandra/db/CellTest.java.CellTest.testExpiring.Long Parameter List,2.1.0-deb,5.0.0,5.0.0,23
cassandra,3.1,org.apache.cassandra.db,DirectoriesTest,checkFiles,Complex Method,"designitejava,pmd",test/unit/org/apache/cassandra/db/DirectoriesTest.java,test/unit/org/apache/cassandra/db/DirectoriesTest.java.DirectoriesTest.checkFiles.Complex Method,3.1,5.0.0,5.0.0,17
cassandra,1.1.0-beta1,org.apache.cassandra.db,DirectoriesTest,createFakeSSTable,Long Parameter List,"designitejava,checkstyle",test/unit/org/apache/cassandra/db/DirectoriesTest.java,test/unit/org/apache/cassandra/db/DirectoriesTest.java.DirectoriesTest.createFakeSSTable.Long Parameter List,1.1.0-beta1,2.2.0,3.0.0-alpha1,10
cassandra,2.2.0-beta1,org.apache.cassandra.db,DirectoriesTest,testDiskFreeSpace,Complex Method,"designitejava,pmd",test/unit/org/apache/cassandra/db/DirectoriesTest.java,test/unit/org/apache/cassandra/db/DirectoriesTest.java.DirectoriesTest.testDiskFreeSpace.Complex Method,2.2.0-beta1,5.0.0,5.0.0,21
cassandra,1.1.0-beta1,org.apache.cassandra.db,DirectoriesTest,testSSTableLister,Complex Method,"designitejava,pmd,checkstyle",test/unit/org/apache/cassandra/db/DirectoriesTest.java,test/unit/org/apache/cassandra/db/DirectoriesTest.java.DirectoriesTest.testSSTableLister.Complex Method,1.1.0-beta1,3.4,3.5,16
cassandra,3.0.0-alpha1,org.apache.cassandra.db,KeyspaceTest,assertRowsInSlice,Long Parameter List,"designitejava,checkstyle",test/unit/org/apache/cassandra/db/KeyspaceTest.java,test/unit/org/apache/cassandra/db/KeyspaceTest.java.KeyspaceTest.assertRowsInSlice.Long Parameter List,3.0.0-alpha1,5.0.0,5.0.0,19
cassandra,4.1.0,org.apache.cassandra.db.commitlog,CommitLogCQLTest,testSwitchMemtable,Complex Method,"designitejava,pmd",test/unit/org/apache/cassandra/db/commitlog/CommitLogCQLTest.java,test/unit/org/apache/cassandra/db/commitlog/CommitLogCQLTest.java.CommitLogCQLTest.testSwitchMemtable.Complex Method,4.1.0,5.0.0,5.0.0,3
cassandra,4.0-alpha1,org.apache.cassandra.db.commitlog,CommitLogSegmentManagerCDCTest,testReplayLogic,Complex Method,"designitejava,pmd,checkstyle",test/unit/org/apache/cassandra/db/commitlog/CommitLogSegmentManagerCDCTest.java,test/unit/org/apache/cassandra/db/commitlog/CommitLogSegmentManagerCDCTest.java.CommitLogSegmentManagerCDCTest.testReplayLogic.Complex Method,4.0-alpha1,5.0.0,5.0.0,6
cassandra,4.0-alpha1,org.apache.cassandra.db.compaction,CompactionTaskTest,mixedSSTableFailure,Feature Envy,"designitejava,checkstyle",test/unit/org/apache/cassandra/db/compaction/CompactionTaskTest.java,test/unit/org/apache/cassandra/db/compaction/CompactionTaskTest.java.CompactionTaskTest.mixedSSTableFailure.Feature Envy,4.0-alpha1,5.0.0,5.0.0,6
cassandra,4.0.0,org.apache.cassandra.db.compaction,CompactionsCQLTest,testAbortNotifications,Complex Method,"designitejava,checkstyle",test/unit/org/apache/cassandra/db/compaction/CompactionsCQLTest.java,test/unit/org/apache/cassandra/db/compaction/CompactionsCQLTest.java.CompactionsCQLTest.testAbortNotifications.Complex Method,4.0.0,5.0.0,5.0.0,5
cassandra,4.0.0,org.apache.cassandra.db.compaction,LeveledCompactionStrategyTest,randomMultiLevelAddTest,Complex Method,"designitejava,pmd",test/unit/org/apache/cassandra/db/compaction/LeveledCompactionStrategyTest.java,test/unit/org/apache/cassandra/db/compaction/LeveledCompactionStrategyTest.java.LeveledCompactionStrategyTest.randomMultiLevelAddTest.Complex Method,4.0.0,5.0.0,5.0.0,5
cassandra,4.0-alpha1,org.apache.cassandra.db.compaction,LeveledCompactionStrategyTest,testCompactionCandidateOrdering,Feature Envy,"designitejava,checkstyle",test/unit/org/apache/cassandra/db/compaction/LeveledCompactionStrategyTest.java,test/unit/org/apache/cassandra/db/compaction/LeveledCompactionStrategyTest.java.LeveledCompactionStrategyTest.testCompactionCandidateOrdering.Feature Envy,4.0-alpha1,5.0.0,5.0.0,6
cassandra,3.0.0-alpha1,org.apache.cassandra.db.compaction,LeveledCompactionStrategyTest,testCompactionProgress,Feature Envy,"designitejava,checkstyle",test/unit/org/apache/cassandra/db/compaction/LeveledCompactionStrategyTest.java,test/unit/org/apache/cassandra/db/compaction/LeveledCompactionStrategyTest.java.LeveledCompactionStrategyTest.testCompactionProgress.Feature Envy,3.0.0-alpha1,5.0.0,5.0.0,19
cassandra,3.0.0-alpha1,org.apache.cassandra.db.compaction,LeveledCompactionStrategyTest,testGrouperLevels,Feature Envy,"designitejava,checkstyle",test/unit/org/apache/cassandra/db/compaction/LeveledCompactionStrategyTest.java,test/unit/org/apache/cassandra/db/compaction/LeveledCompactionStrategyTest.java.LeveledCompactionStrategyTest.testGrouperLevels.Feature Envy,3.0.0-alpha1,5.0.0,5.0.0,19
cassandra,4.1-alpha1,org.apache.cassandra.db.compaction,LeveledCompactionStrategyTest,testPerLevelSizeBytes,Feature Envy,"designitejava,checkstyle",test/unit/org/apache/cassandra/db/compaction/LeveledCompactionStrategyTest.java,test/unit/org/apache/cassandra/db/compaction/LeveledCompactionStrategyTest.java.LeveledCompactionStrategyTest.testPerLevelSizeBytes.Feature Envy,4.1-alpha1,5.0.0,5.0.0,4
cassandra,3.1,org.apache.cassandra.db.compaction,LeveledCompactionStrategyTest,testTokenRangeCompaction,Feature Envy,"designitejava,checkstyle",test/unit/org/apache/cassandra/db/compaction/LeveledCompactionStrategyTest.java,test/unit/org/apache/cassandra/db/compaction/LeveledCompactionStrategyTest.java.LeveledCompactionStrategyTest.testTokenRangeCompaction.Feature Envy,3.1,5.0.0,5.0.0,17
cassandra,3.1,org.apache.cassandra.db.compaction,LeveledCompactionStrategyTest,waitForLeveling,Complex Method,"designitejava,pmd",test/unit/org/apache/cassandra/db/compaction/LeveledCompactionStrategyTest.java,test/unit/org/apache/cassandra/db/compaction/LeveledCompactionStrategyTest.java.LeveledCompactionStrategyTest.waitForLeveling.Complex Method,3.1,5.0.0,5.0.0,17
cassandra,3.1,org.apache.cassandra.db.compaction,NeverPurgeTest,verifyContainsTombstones,Complex Method,"designitejava,pmd",test/unit/org/apache/cassandra/db/compaction/NeverPurgeTest.java,test/unit/org/apache/cassandra/db/compaction/NeverPurgeTest.java.NeverPurgeTest.verifyContainsTombstones.Complex Method,3.1,5.0.0,5.0.0,17
cassandra,5.0-alpha1,org.apache.cassandra.db.compaction,UnifiedCompactionStrategyTest,,God Class,"pmd,checkstyle",test/unit/org/apache/cassandra/db/compaction/UnifiedCompactionStrategyTest.java,test/unit/org/apache/cassandra/db/compaction/UnifiedCompactionStrategyTest.java.UnifiedCompactionStrategyTest..God Class,5.0-alpha1,5.0.0,5.0.0,2
cassandra,5.0-alpha1,org.apache.cassandra.db.compaction,UnifiedCompactionStrategyTest,mockSSTable,Long Parameter List,"designitejava,checkstyle",test/unit/org/apache/cassandra/db/compaction/UnifiedCompactionStrategyTest.java,test/unit/org/apache/cassandra/db/compaction/UnifiedCompactionStrategyTest.java.UnifiedCompactionStrategyTest.mockSSTable.Long Parameter List,5.0-alpha1,5.0.0,5.0.0,2
cassandra,5.0-alpha1,org.apache.cassandra.db.compaction,UnifiedCompactionStrategyTest,testBucketSelection,Complex Method,"designitejava,pmd,checkstyle",test/unit/org/apache/cassandra/db/compaction/UnifiedCompactionStrategyTest.java,test/unit/org/apache/cassandra/db/compaction/UnifiedCompactionStrategyTest.java.UnifiedCompactionStrategyTest.testBucketSelection.Complex Method,5.0-alpha1,5.0.0,5.0.0,2
cassandra,5.0-alpha1,org.apache.cassandra.db.compaction,UnifiedCompactionStrategyTest,testLayout,Complex Method,"pmd,checkstyle",test/unit/org/apache/cassandra/db/compaction/UnifiedCompactionStrategyTest.java,test/unit/org/apache/cassandra/db/compaction/UnifiedCompactionStrategyTest.java.UnifiedCompactionStrategyTest.testLayout.Complex Method,5.0-alpha1,5.0.0,5.0.0,2
cassandra,1.0.0-beta1,org.apache.cassandra.db.context,CounterContextTest,runMergeOldShards,Feature Envy,"designitejava,checkstyle",test/unit/org/apache/cassandra/db/context/CounterContextTest.java,test/unit/org/apache/cassandra/db/context/CounterContextTest.java.CounterContextTest.runMergeOldShards.Feature Envy,1.0.0-beta1,2.0.0,2.1.0-deb,8
cassandra,1.0.0-beta1,org.apache.cassandra.db.context,CounterContextTest,runRemoveOldShards,Feature Envy,"designitejava,checkstyle",test/unit/org/apache/cassandra/db/context/CounterContextTest.java,test/unit/org/apache/cassandra/db/context/CounterContextTest.java.CounterContextTest.runRemoveOldShards.Feature Envy,1.0.0-beta1,2.0.0,2.1.0-deb,8
cassandra,1.1.0-beta1,org.apache.cassandra.db.context,CounterContextTest,runRemoveOldShardsNotAllExpiring,Feature Envy,"designitejava,checkstyle",test/unit/org/apache/cassandra/db/context/CounterContextTest.java,test/unit/org/apache/cassandra/db/context/CounterContextTest.java.CounterContextTest.runRemoveOldShardsNotAllExpiring.Feature Envy,1.1.0-beta1,2.0.0,2.1.0-deb,6
cassandra,1.0.0-beta1,org.apache.cassandra.db.context,CounterContextTest,runTotal,Feature Envy,"designitejava,checkstyle",test/unit/org/apache/cassandra/db/context/CounterContextTest.java,test/unit/org/apache/cassandra/db/context/CounterContextTest.java.CounterContextTest.runTotal.Feature Envy,1.0.0-beta1,2.0.0,2.1.0-deb,8
cassandra,4.0-alpha1,org.apache.cassandra.db.context,CounterContextTest,testCounterUpdate,Feature Envy,"designitejava,checkstyle",test/unit/org/apache/cassandra/db/context/CounterContextTest.java,test/unit/org/apache/cassandra/db/context/CounterContextTest.java.CounterContextTest.testCounterUpdate.Feature Envy,4.0-alpha1,5.0.0,5.0.0,6
cassandra,0.8.0-beta1,org.apache.cassandra.db.context,CounterContextTest,testMergeOldShards,Feature Envy,"designitejava,checkstyle",test/unit/org/apache/cassandra/db/context/CounterContextTest.java,test/unit/org/apache/cassandra/db/context/CounterContextTest.java.CounterContextTest.testMergeOldShards.Feature Envy,0.8.0-beta1,0.8.0,1.0.0-beta1,2
cassandra,0.8.0-beta1,org.apache.cassandra.db.context,CounterContextTest,testRemoveOldShards,Feature Envy,"designitejava,checkstyle",test/unit/org/apache/cassandra/db/context/CounterContextTest.java,test/unit/org/apache/cassandra/db/context/CounterContextTest.java.CounterContextTest.testRemoveOldShards.Feature Envy,0.8.0-beta1,0.8.0,1.0.0-beta1,2
cassandra,0.8.0-beta1,org.apache.cassandra.db.context,CounterContextTest,testTotal,Feature Envy,"designitejava,checkstyle",test/unit/org/apache/cassandra/db/context/CounterContextTest.java,test/unit/org/apache/cassandra/db/context/CounterContextTest.java.CounterContextTest.testTotal.Feature Envy,0.8.0-beta1,5.0.0,5.0.0,33
cassandra,5.0-alpha1,org.apache.cassandra.db.marshal,AbstractTypeTest,,God Class,"pmd,checkstyle",test/unit/org/apache/cassandra/db/marshal/AbstractTypeTest.java,test/unit/org/apache/cassandra/db/marshal/AbstractTypeTest.java.AbstractTypeTest..God Class,5.0-alpha1,5.0.0,5.0.0,2
cassandra,5.0-alpha1,org.apache.cassandra.db.marshal,AbstractTypeTest,containsUnsafeGetString,Complex Method,"designitejava,pmd,checkstyle",test/unit/org/apache/cassandra/db/marshal/AbstractTypeTest.java,test/unit/org/apache/cassandra/db/marshal/AbstractTypeTest.java.AbstractTypeTest.containsUnsafeGetString.Complex Method,5.0-alpha1,5.0.0,5.0.0,2
cassandra,5.0-alpha1,org.apache.cassandra.db.marshal,AbstractTypeTest,eqHashSafe,Complex Method,"designitejava,pmd,checkstyle",test/unit/org/apache/cassandra/db/marshal/AbstractTypeTest.java,test/unit/org/apache/cassandra/db/marshal/AbstractTypeTest.java.AbstractTypeTest.eqHashSafe.Complex Method,5.0-alpha1,5.0.0,5.0.0,2
cassandra,5.0.0,org.apache.cassandra.db.marshal,AbstractTypeTest,typeRelDesc,Complex Method,"designitejava,pmd",test/unit/org/apache/cassandra/db/marshal/AbstractTypeTest.java,test/unit/org/apache/cassandra/db/marshal/AbstractTypeTest.java.AbstractTypeTest.typeRelDesc.Complex Method,5.0.0,5.0.0,5.0.0,1
cassandra,5.0.0,org.apache.cassandra.db.marshal,AbstractTypeTest,value,Complex Method,"designitejava,pmd",test/unit/org/apache/cassandra/db/marshal/AbstractTypeTest.java,test/unit/org/apache/cassandra/db/marshal/AbstractTypeTest.java.AbstractTypeTest.value.Complex Method,5.0.0,5.0.0,5.0.0,1
cassandra,5.0.0,org.apache.cassandra.db.marshal,AbstractTypeTest,verifyComparison,Long Parameter List,"designitejava,checkstyle",test/unit/org/apache/cassandra/db/marshal/AbstractTypeTest.java,test/unit/org/apache/cassandra/db/marshal/AbstractTypeTest.java.AbstractTypeTest.verifyComparison.Long Parameter List,5.0.0,5.0.0,5.0.0,1
cassandra,5.0.0,org.apache.cassandra.db.marshal,AbstractTypeTest,verifyComparisonCompatibilityForMultiCell,Long Parameter List,"designitejava,checkstyle",test/unit/org/apache/cassandra/db/marshal/AbstractTypeTest.java,test/unit/org/apache/cassandra/db/marshal/AbstractTypeTest.java.AbstractTypeTest.verifyComparisonCompatibilityForMultiCell.Long Parameter List,5.0.0,5.0.0,5.0.0,1
cassandra,5.0.0,org.apache.cassandra.db.marshal,AbstractTypeTest,verifySerializationCompatibilityForComplexCells,Long Parameter List,"designitejava,checkstyle",test/unit/org/apache/cassandra/db/marshal/AbstractTypeTest.java,test/unit/org/apache/cassandra/db/marshal/AbstractTypeTest.java.AbstractTypeTest.verifySerializationCompatibilityForComplexCells.Long Parameter List,5.0.0,5.0.0,5.0.0,1
cassandra,5.0.0,org.apache.cassandra.db.marshal,AbstractTypeTest,verifySerializationCompatibilityForSimpleCells,Long Parameter List,"designitejava,checkstyle",test/unit/org/apache/cassandra/db/marshal/AbstractTypeTest.java,test/unit/org/apache/cassandra/db/marshal/AbstractTypeTest.java.AbstractTypeTest.verifySerializationCompatibilityForSimpleCells.Long Parameter List,5.0.0,5.0.0,5.0.0,1
cassandra,5.0.0,org.apache.cassandra.db.marshal,AbstractTypeTest,verifyTypesCompatibility,Complex Method,"designitejava,pmd,checkstyle",test/unit/org/apache/cassandra/db/marshal/AbstractTypeTest.java,test/unit/org/apache/cassandra/db/marshal/AbstractTypeTest.java.AbstractTypeTest.verifyTypesCompatibility.Complex Method,5.0.0,5.0.0,5.0.0,1
cassandra,1.0.0-beta1,org.apache.cassandra.db.marshal,CompositeTypeTest,createCompositeKey,Complex Method,"pmd,checkstyle",test/unit/org/apache/cassandra/db/marshal/CompositeTypeTest.java,test/unit/org/apache/cassandra/db/marshal/CompositeTypeTest.java.CompositeTypeTest.createCompositeKey.Complex Method,1.0.0-beta1,5.0.0,5.0.0,31
cassandra,1.0.0-beta1,org.apache.cassandra.db.marshal,DynamicCompositeTypeTest,createDynamicCompositeKey,Complex Method,"pmd,checkstyle",test/unit/org/apache/cassandra/db/marshal/DynamicCompositeTypeTest.java,test/unit/org/apache/cassandra/db/marshal/DynamicCompositeTypeTest.java.DynamicCompositeTypeTest.createDynamicCompositeKey.Complex Method,1.0.0-beta1,5.0.0,5.0.0,31
cassandra,0.8.0-beta1,org.apache.cassandra.db.marshal,TimeUUIDTypeTest,testBigger,Feature Envy,"designitejava,checkstyle",test/unit/org/apache/cassandra/db/marshal/TimeUUIDTypeTest.java,test/unit/org/apache/cassandra/db/marshal/TimeUUIDTypeTest.java.TimeUUIDTypeTest.testBigger.Feature Envy,0.8.0-beta1,5.0.0,5.0.0,33
cassandra,0.8.0-beta1,org.apache.cassandra.db.marshal,TimeUUIDTypeTest,testEquality,Feature Envy,"designitejava,checkstyle",test/unit/org/apache/cassandra/db/marshal/TimeUUIDTypeTest.java,test/unit/org/apache/cassandra/db/marshal/TimeUUIDTypeTest.java.TimeUUIDTypeTest.testEquality.Feature Envy,0.8.0-beta1,5.0.0,5.0.0,33
cassandra,0.8.0-beta1,org.apache.cassandra.db.marshal,TimeUUIDTypeTest,testSmaller,Feature Envy,"designitejava,checkstyle",test/unit/org/apache/cassandra/db/marshal/TimeUUIDTypeTest.java,test/unit/org/apache/cassandra/db/marshal/TimeUUIDTypeTest.java.TimeUUIDTypeTest.testSmaller.Feature Envy,0.8.0-beta1,5.0.0,5.0.0,33
cassandra,2.2.0-beta1,org.apache.cassandra.db.marshal,UUIDTypeTest,compareV1,Complex Method,"designitejava,checkstyle",test/unit/org/apache/cassandra/db/marshal/UUIDTypeTest.java,test/unit/org/apache/cassandra/db/marshal/UUIDTypeTest.java.UUIDTypeTest.compareV1.Complex Method,2.2.0-beta1,5.0.0,5.0.0,21
cassandra,5.0-alpha1,org.apache.cassandra.db.memtable,MemtableQuickTest,testMemtable,Complex Method,"designitejava,pmd,checkstyle",test/unit/org/apache/cassandra/db/memtable/MemtableQuickTest.java,test/unit/org/apache/cassandra/db/memtable/MemtableQuickTest.java.MemtableQuickTest.testMemtable.Complex Method,5.0-alpha1,5.0.0,5.0.0,2
cassandra,3.1,org.apache.cassandra.db.partition,PartitionImplementationTest,,God Class,"pmd,checkstyle",test/unit/org/apache/cassandra/db/partition/PartitionImplementationTest.java,test/unit/org/apache/cassandra/db/partition/PartitionImplementationTest.java.PartitionImplementationTest..God Class,3.1,5.0.0,5.0.0,17
cassandra,3.1,org.apache.cassandra.db.partition,PartitionImplementationTest,addMarkers,Complex Method,"designitejava,pmd,checkstyle",test/unit/org/apache/cassandra/db/partition/PartitionImplementationTest.java,test/unit/org/apache/cassandra/db/partition/PartitionImplementationTest.java.PartitionImplementationTest.addMarkers.Complex Method,3.1,5.0.0,5.0.0,17
cassandra,5.0-alpha1,org.apache.cassandra.db.partitions,AtomicBTreePartitionMemtableAccountingTest,getUnreleasableSize,Complex Method,"designitejava,pmd,checkstyle",test/unit/org/apache/cassandra/db/partitions/AtomicBTreePartitionMemtableAccountingTest.java,test/unit/org/apache/cassandra/db/partitions/AtomicBTreePartitionMemtableAccountingTest.java.AtomicBTreePartitionMemtableAccountingTest.getUnreleasableSize.Complex Method,5.0-alpha1,5.0.0,5.0.0,2
cassandra,4.0-alpha1,org.apache.cassandra.db.partitions,PurgeFunctionTest,boundary,Long Parameter List,"designitejava,checkstyle",test/unit/org/apache/cassandra/db/partitions/PurgeFunctionTest.java,test/unit/org/apache/cassandra/db/partitions/PurgeFunctionTest.java.PurgeFunctionTest.boundary.Long Parameter List,4.0-alpha1,5.0.0,5.0.0,6
cassandra,3.0.0-alpha1,org.apache.cassandra.db.rows,RowAndDeletionMergeIteratorTest,rt,Long Parameter List,"designitejava,checkstyle",test/unit/org/apache/cassandra/db/rows/RowAndDeletionMergeIteratorTest.java,test/unit/org/apache/cassandra/db/rows/RowAndDeletionMergeIteratorTest.java.RowAndDeletionMergeIteratorTest.rt.Long Parameter List,3.0.0-alpha1,5.0.0,5.0.0,19
cassandra,4.0-alpha1,org.apache.cassandra.db.rows,ThrottledUnfilteredIteratorTest,testThrottledIteratorWithRangeDeletions,Complex Method,"designitejava,pmd",test/unit/org/apache/cassandra/db/rows/ThrottledUnfilteredIteratorTest.java,test/unit/org/apache/cassandra/db/rows/ThrottledUnfilteredIteratorTest.java.ThrottledUnfilteredIteratorTest.testThrottledIteratorWithRangeDeletions.Complex Method,4.0-alpha1,5.0.0,5.0.0,6
cassandra,4.0-alpha1,org.apache.cassandra.db.rows,ThrottledUnfilteredIteratorTest,throttledPartitionIteratorTest,Complex Method,"designitejava,pmd,checkstyle",test/unit/org/apache/cassandra/db/rows/ThrottledUnfilteredIteratorTest.java,test/unit/org/apache/cassandra/db/rows/ThrottledUnfilteredIteratorTest.java.ThrottledUnfilteredIteratorTest.throttledPartitionIteratorTest.Complex Method,4.0-alpha1,5.0.0,5.0.0,6
cassandra,4.0-alpha1,org.apache.cassandra.db.rows,ThrottledUnfilteredIteratorTest,verifyThrottleIterator,Complex Method,"designitejava,pmd,checkstyle",test/unit/org/apache/cassandra/db/rows/ThrottledUnfilteredIteratorTest.java,test/unit/org/apache/cassandra/db/rows/ThrottledUnfilteredIteratorTest.java.ThrottledUnfilteredIteratorTest.verifyThrottleIterator.Complex Method,4.0-alpha1,5.0.0,5.0.0,6
cassandra,3.0.0-alpha1,org.apache.cassandra.db.rows,UnfilteredRowIteratorsMergeTest,,God Class,"pmd,checkstyle",test/unit/org/apache/cassandra/db/rows/UnfilteredRowIteratorsMergeTest.java,test/unit/org/apache/cassandra/db/rows/UnfilteredRowIteratorsMergeTest.java.UnfilteredRowIteratorsMergeTest..God Class,3.0.0-alpha1,5.0.0,5.0.0,19
cassandra,3.0.0-alpha1,org.apache.cassandra.db.rows,UnfilteredRowIteratorsMergeTest,deletionFor,Complex Method,"designitejava,pmd,checkstyle",test/unit/org/apache/cassandra/db/rows/UnfilteredRowIteratorsMergeTest.java,test/unit/org/apache/cassandra/db/rows/UnfilteredRowIteratorsMergeTest.java.UnfilteredRowIteratorsMergeTest.deletionFor.Complex Method,3.0.0-alpha1,5.0.0,5.0.0,19
cassandra,3.0.0-alpha1,org.apache.cassandra.db.rows,UnfilteredRowIteratorsMergeTest,generateSource,Complex Method,"designitejava,pmd,checkstyle",test/unit/org/apache/cassandra/db/rows/UnfilteredRowIteratorsMergeTest.java,test/unit/org/apache/cassandra/db/rows/UnfilteredRowIteratorsMergeTest.java.UnfilteredRowIteratorsMergeTest.generateSource.Complex Method,3.0.0-alpha1,5.0.0,5.0.0,19
cassandra,3.1,org.apache.cassandra.db.rows,UnfilteredRowsGenerator,generateSource,Complex Method,"designitejava,pmd,checkstyle",test/unit/org/apache/cassandra/db/rows/UnfilteredRowsGenerator.java,test/unit/org/apache/cassandra/db/rows/UnfilteredRowsGenerator.java.UnfilteredRowsGenerator.generateSource.Complex Method,3.1,5.0.0,5.0.0,17
cassandra,4.0-alpha1,org.apache.cassandra.db.streaming,CassandraOutgoingFileTest,validateFullyContainedIn_SingleContiguousRange_Succeeds,Feature Envy,"designitejava,checkstyle",test/unit/org/apache/cassandra/db/streaming/CassandraOutgoingFileTest.java,test/unit/org/apache/cassandra/db/streaming/CassandraOutgoingFileTest.java.CassandraOutgoingFileTest.validateFullyContainedIn_SingleContiguousRange_Succeeds.Feature Envy,4.0-alpha1,5.0.0,5.0.0,6
cassandra,5.0-alpha1,org.apache.cassandra.db.tries,InMemoryTrieThreadedTest,testThreaded,Complex Method,"designitejava,pmd,checkstyle",test/unit/org/apache/cassandra/db/tries/InMemoryTrieThreadedTest.java,test/unit/org/apache/cassandra/db/tries/InMemoryTrieThreadedTest.java.InMemoryTrieThreadedTest.testThreaded.Complex Method,5.0-alpha1,5.0.0,5.0.0,2
cassandra,5.0-alpha1,org.apache.cassandra.db.tries,SlicedTrieTest,checkEqualRange,Long Parameter List,"designitejava,checkstyle",test/unit/org/apache/cassandra/db/tries/SlicedTrieTest.java,test/unit/org/apache/cassandra/db/tries/SlicedTrieTest.java.SlicedTrieTest.checkEqualRange.Long Parameter List,5.0-alpha1,5.0.0,5.0.0,2
cassandra,5.0-alpha1,org.apache.cassandra.db.tries,SlicedTrieTest,testSingletonSubtrie,Complex Method,"designitejava,pmd,checkstyle",test/unit/org/apache/cassandra/db/tries/SlicedTrieTest.java,test/unit/org/apache/cassandra/db/tries/SlicedTrieTest.java.SlicedTrieTest.testSingletonSubtrie.Complex Method,5.0-alpha1,5.0.0,5.0.0,2
cassandra,4.0.0,org.apache.cassandra.fql,FullQueryLoggerTest,logBatch,Long Parameter List,"designitejava,checkstyle",test/unit/org/apache/cassandra/fql/FullQueryLoggerTest.java,test/unit/org/apache/cassandra/fql/FullQueryLoggerTest.java.FullQueryLoggerTest.logBatch.Long Parameter List,4.0.0,5.0.0,5.0.0,5
cassandra,5.0.0,org.apache.cassandra.gms,GossiperTest,testHasVersion3NodesShouldReturnFalseWhenNoVersion3NodesDetectedAndCassandra4UpgradeInProgress,Feature Envy,"designitejava,checkstyle",test/unit/org/apache/cassandra/gms/GossiperTest.java,test/unit/org/apache/cassandra/gms/GossiperTest.java.GossiperTest.testHasVersion3NodesShouldReturnFalseWhenNoVersion3NodesDetectedAndCassandra4UpgradeInProgress.Feature Envy,5.0.0,5.0.0,5.0.0,1
cassandra,5.0.0,org.apache.cassandra.gms,GossiperTest,testHasVersion3NodesShouldReturnTrueWhenNoVersion3NodesDetectedButNotAllVersionsKnown,Feature Envy,"designitejava,checkstyle",test/unit/org/apache/cassandra/gms/GossiperTest.java,test/unit/org/apache/cassandra/gms/GossiperTest.java.GossiperTest.testHasVersion3NodesShouldReturnTrueWhenNoVersion3NodesDetectedButNotAllVersionsKnown.Feature Envy,5.0.0,5.0.0,5.0.0,1
cassandra,5.0-alpha1,org.apache.cassandra.index,StubIndexGroup,indexerFor,Long Parameter List,"designitejava,checkstyle",test/unit/org/apache/cassandra/index/StubIndexGroup.java,test/unit/org/apache/cassandra/index/StubIndexGroup.java.StubIndexGroup.indexerFor.Long Parameter List,5.0-alpha1,5.0.0,5.0.0,2
cassandra,3.0.0,org.apache.cassandra.index.internal,CustomCassandraIndex,indexerFor,Complex Method,"designitejava,pmd",test/unit/org/apache/cassandra/index/internal/CustomCassandraIndex.java,test/unit/org/apache/cassandra/index/internal/CustomCassandraIndex.java.CustomCassandraIndex.indexerFor.Complex Method,3.0.0,5.0.0,5.0.0,18
cassandra,5.0-alpha1,org.apache.cassandra.index.sai,SAITester,,God Class,"pmd,checkstyle",test/unit/org/apache/cassandra/index/sai/SAITester.java,test/unit/org/apache/cassandra/index/sai/SAITester.java.SAITester..God Class,5.0-alpha1,5.0.0,5.0.0,2
cassandra,5.0-alpha1,org.apache.cassandra.index.sai,SAITester,verifyIndexFiles,Complex Method,"designitejava,pmd",test/unit/org/apache/cassandra/index/sai/SAITester.java,test/unit/org/apache/cassandra/index/sai/SAITester.java.SAITester.verifyIndexFiles.Complex Method,5.0-alpha1,5.0-alpha1,5.0.0,1
cassandra,5.0-alpha1,org.apache.cassandra.index.sai,SAITester,verifyIndexFiles,Long Parameter List,"designitejava,checkstyle",test/unit/org/apache/cassandra/index/sai/SAITester.java,test/unit/org/apache/cassandra/index/sai/SAITester.java.SAITester.verifyIndexFiles.Long Parameter List,5.0-alpha1,5.0.0,5.0.0,2
cassandra,5.0-alpha1,org.apache.cassandra.index.sai.cql,StorageAttachedIndexDDLTest,,God Class,"pmd,checkstyle",test/unit/org/apache/cassandra/index/sai/cql/StorageAttachedIndexDDLTest.java,test/unit/org/apache/cassandra/index/sai/cql/StorageAttachedIndexDDLTest.java.StorageAttachedIndexDDLTest..God Class,5.0-alpha1,5.0.0,5.0.0,2
cassandra,5.0-alpha1,org.apache.cassandra.index.sai.cql,StorageAttachedIndexDDLTest,verifyRebuildIndexComponent,Complex Method,"pmd,checkstyle",test/unit/org/apache/cassandra/index/sai/cql/StorageAttachedIndexDDLTest.java,test/unit/org/apache/cassandra/index/sai/cql/StorageAttachedIndexDDLTest.java.StorageAttachedIndexDDLTest.verifyRebuildIndexComponent.Complex Method,5.0-alpha1,5.0.0,5.0.0,2
cassandra,5.0-alpha1,org.apache.cassandra.index.sai.cql,StorageAttachedIndexDDLTest,verifyRebuildIndexComponent,Long Parameter List,"designitejava,checkstyle",test/unit/org/apache/cassandra/index/sai/cql/StorageAttachedIndexDDLTest.java,test/unit/org/apache/cassandra/index/sai/cql/StorageAttachedIndexDDLTest.java.StorageAttachedIndexDDLTest.verifyRebuildIndexComponent.Long Parameter List,5.0-alpha1,5.0.0,5.0.0,2
cassandra,5.0.0,org.apache.cassandra.index.sai.cql.intersection,RandomIntersectionTester,runRestrictedQueries,Complex Method,"designitejava,pmd,checkstyle",test/unit/org/apache/cassandra/index/sai/cql/intersection/RandomIntersectionTester.java,test/unit/org/apache/cassandra/index/sai/cql/intersection/RandomIntersectionTester.java.RandomIntersectionTester.runRestrictedQueries.Complex Method,5.0.0,5.0.0,5.0.0,1
cassandra,5.0.0,org.apache.cassandra.index.sai.cql.intersection,RandomIntersectionTester,runUnrestrictedQueries,Complex Method,"designitejava,pmd,checkstyle",test/unit/org/apache/cassandra/index/sai/cql/intersection/RandomIntersectionTester.java,test/unit/org/apache/cassandra/index/sai/cql/intersection/RandomIntersectionTester.java.RandomIntersectionTester.runUnrestrictedQueries.Complex Method,5.0.0,5.0.0,5.0.0,1
cassandra,5.0-alpha1,org.apache.cassandra.index.sai.disk.v1.keystore,KeyLookupTest,withKeyLookup,Feature Envy,"designitejava,checkstyle",test/unit/org/apache/cassandra/index/sai/disk/v1/keystore/KeyLookupTest.java,test/unit/org/apache/cassandra/index/sai/disk/v1/keystore/KeyLookupTest.java.KeyLookupTest.withKeyLookup.Feature Envy,5.0-alpha1,5.0.0,5.0.0,2
cassandra,5.0-alpha1,org.apache.cassandra.index.sai.disk.v1.keystore,KeyLookupTest,writeKeys,Feature Envy,"designitejava,checkstyle",test/unit/org/apache/cassandra/index/sai/disk/v1/keystore/KeyLookupTest.java,test/unit/org/apache/cassandra/index/sai/disk/v1/keystore/KeyLookupTest.java.KeyLookupTest.writeKeys.Feature Envy,5.0-alpha1,5.0.0,5.0.0,2
cassandra,5.0-alpha1,org.apache.cassandra.index.sai.iterators,KeyRangeIntersectionIteratorTest,testIntersectionOfRandomRanges,Complex Method,"designitejava,pmd",test/unit/org/apache/cassandra/index/sai/iterators/KeyRangeIntersectionIteratorTest.java,test/unit/org/apache/cassandra/index/sai/iterators/KeyRangeIntersectionIteratorTest.java.KeyRangeIntersectionIteratorTest.testIntersectionOfRandomRanges.Complex Method,5.0-alpha1,5.0-alpha1,5.0.0,1
cassandra,5.0.0,org.apache.cassandra.index.sai.plan,OperationTest,assertExpression,Long Parameter List,"designitejava,checkstyle",test/unit/org/apache/cassandra/index/sai/plan/OperationTest.java,test/unit/org/apache/cassandra/index/sai/plan/OperationTest.java.OperationTest.assertExpression.Long Parameter List,5.0.0,5.0.0,5.0.0,1
cassandra,5.0-alpha1,org.apache.cassandra.index.sai.virtual,SSTablesSystemViewTest,readRow,Long Parameter List,"designitejava,checkstyle",test/unit/org/apache/cassandra/index/sai/virtual/SSTablesSystemViewTest.java,test/unit/org/apache/cassandra/index/sai/virtual/SSTablesSystemViewTest.java.SSTablesSystemViewTest.readRow.Long Parameter List,5.0-alpha1,5.0.0,5.0.0,2
cassandra,5.0-alpha1,org.apache.cassandra.index.sai.virtual,SegmentsSystemViewTest,testSegmentsMetadata,Complex Method,"designitejava,pmd",test/unit/org/apache/cassandra/index/sai/virtual/SegmentsSystemViewTest.java,test/unit/org/apache/cassandra/index/sai/virtual/SegmentsSystemViewTest.java.SegmentsSystemViewTest.testSegmentsMetadata.Complex Method,5.0-alpha1,5.0.0,5.0.0,2
cassandra,3.1,org.apache.cassandra.index.sasi,SASIIndexTest,,God Class,"pmd,checkstyle",test/unit/org/apache/cassandra/index/sasi/SASIIndexTest.java,test/unit/org/apache/cassandra/index/sasi/SASIIndexTest.java.SASIIndexTest..God Class,3.1,5.0.0,5.0.0,17
cassandra,3.1,org.apache.cassandra.index.sasi.disk,OnDiskIndexTest,,God Class,"pmd,checkstyle",test/unit/org/apache/cassandra/index/sasi/disk/OnDiskIndexTest.java,test/unit/org/apache/cassandra/index/sasi/disk/OnDiskIndexTest.java.OnDiskIndexTest..God Class,3.1,5.0.0,5.0.0,17
cassandra,3.1,org.apache.cassandra.index.sasi.disk,PerSSTableIndexWriterTest,testPartialIndexWrites,Complex Method,"designitejava,pmd,checkstyle",test/unit/org/apache/cassandra/index/sasi/disk/PerSSTableIndexWriterTest.java,test/unit/org/apache/cassandra/index/sasi/disk/PerSSTableIndexWriterTest.java.PerSSTableIndexWriterTest.testPartialIndexWrites.Complex Method,3.1,5.0.0,5.0.0,17
cassandra,3.4,org.apache.cassandra.index.sasi.disk,TokenTreeTest,buildWithMultipleMapsAndIterate,Complex Method,"designitejava,pmd",test/unit/org/apache/cassandra/index/sasi/disk/TokenTreeTest.java,test/unit/org/apache/cassandra/index/sasi/disk/TokenTreeTest.java.TokenTreeTest.buildWithMultipleMapsAndIterate.Complex Method,3.4,3.4,3.5,1
cassandra,3.1,org.apache.cassandra.index.sasi.utils,MappedBufferTest,testSequentialIterationWithPadding,Complex Method,"designitejava,pmd",test/unit/org/apache/cassandra/index/sasi/utils/MappedBufferTest.java,test/unit/org/apache/cassandra/index/sasi/utils/MappedBufferTest.java.MappedBufferTest.testSequentialIterationWithPadding.Complex Method,3.1,5.0.0,5.0.0,17
cassandra,3.1,org.apache.cassandra.index.sasi.utils,RangeIntersectionIteratorTest,testIntersectionOfRandomRanges,Complex Method,"designitejava,pmd",test/unit/org/apache/cassandra/index/sasi/utils/RangeIntersectionIteratorTest.java,test/unit/org/apache/cassandra/index/sasi/utils/RangeIntersectionIteratorTest.java.RangeIntersectionIteratorTest.testIntersectionOfRandomRanges.Complex Method,3.1,5.0.0,5.0.0,17
cassandra,0.7.6-2,org.apache.cassandra.io,CompactSerializerTest,scanClasspath,Complex Method,"designitejava,pmd,checkstyle",test/unit/org/apache/cassandra/io/CompactSerializerTest.java,test/unit/org/apache/cassandra/io/CompactSerializerTest.java.CompactSerializerTest.scanClasspath.Complex Method,0.7.6-2,1.2.0,2.0.0-beta1,9
cassandra,5.0-alpha1,org.apache.cassandra.io.filesystem,ListenableFileSystem,listen,Complex Method,"designitejava,pmd,checkstyle",test/unit/org/apache/cassandra/io/filesystem/ListenableFileSystem.java,test/unit/org/apache/cassandra/io/filesystem/ListenableFileSystem.java.ListenableFileSystem.listen.Complex Method,5.0-alpha1,5.0.0,5.0.0,2
cassandra,4.0-alpha1,org.apache.cassandra.io.sstable,LegacySSTableTest,testMutateMetadata,Complex Method,"designitejava,pmd",test/unit/org/apache/cassandra/io/sstable/LegacySSTableTest.java,test/unit/org/apache/cassandra/io/sstable/LegacySSTableTest.java.LegacySSTableTest.testMutateMetadata.Complex Method,4.0-alpha1,5.0.0,5.0.0,6
cassandra,4.0.0,org.apache.cassandra.io.sstable,LegacySSTableTest,testMutateMetadataCSM,Complex Method,"designitejava,pmd,checkstyle",test/unit/org/apache/cassandra/io/sstable/LegacySSTableTest.java,test/unit/org/apache/cassandra/io/sstable/LegacySSTableTest.java.LegacySSTableTest.testMutateMetadataCSM.Complex Method,4.0.0,5.0.0,5.0.0,5
cassandra,4.0.0,org.apache.cassandra.io.sstable,SSTableHeaderFixTest,assertFrozenUdt,Complex Method,"designitejava,pmd,checkstyle",test/unit/org/apache/cassandra/io/sstable/SSTableHeaderFixTest.java,test/unit/org/apache/cassandra/io/sstable/SSTableHeaderFixTest.java.SSTableHeaderFixTest.assertFrozenUdt.Complex Method,4.0.0,4.1.0,5.0-alpha1,3
cassandra,4.0.0,org.apache.cassandra.io.sstable,SSTableHeaderFixTest,freezeUdt,Complex Method,"designitejava,pmd",test/unit/org/apache/cassandra/io/sstable/SSTableHeaderFixTest.java,test/unit/org/apache/cassandra/io/sstable/SSTableHeaderFixTest.java.SSTableHeaderFixTest.freezeUdt.Complex Method,4.0.0,4.1.0,5.0-alpha1,3
cassandra,2.2.0-beta1,org.apache.cassandra.io.sstable,SSTableRewriterTest,,God Class,"pmd,checkstyle",test/unit/org/apache/cassandra/io/sstable/SSTableRewriterTest.java,test/unit/org/apache/cassandra/io/sstable/SSTableRewriterTest.java.SSTableRewriterTest..God Class,2.2.0-beta1,5.0.0,5.0.0,21
cassandra,4.0-alpha1,org.apache.cassandra.io.sstable,SSTableWriterTestBase,getWriter,Long Parameter List,"designitejava,checkstyle",test/unit/org/apache/cassandra/io/sstable/SSTableWriterTestBase.java,test/unit/org/apache/cassandra/io/sstable/SSTableWriterTestBase.java.SSTableWriterTestBase.getWriter.Long Parameter List,4.0-alpha1,5.0.0,5.0.0,6
cassandra,5.0-alpha1,org.apache.cassandra.io.sstable.format.bti,PartitionIndexTest,,God Class,"pmd,checkstyle",test/unit/org/apache/cassandra/io/sstable/format/bti/PartitionIndexTest.java,test/unit/org/apache/cassandra/io/sstable/format/bti/PartitionIndexTest.java.PartitionIndexTest..God Class,5.0-alpha1,5.0.0,5.0.0,2
cassandra,5.0-alpha1,org.apache.cassandra.io.sstable.format.bti,PartitionIndexTest,testConstrainedIteration,Complex Method,"designitejava,pmd,checkstyle",test/unit/org/apache/cassandra/io/sstable/format/bti/PartitionIndexTest.java,test/unit/org/apache/cassandra/io/sstable/format/bti/PartitionIndexTest.java.PartitionIndexTest.testConstrainedIteration.Complex Method,5.0-alpha1,5.0.0,5.0.0,2
cassandra,5.0-alpha1,org.apache.cassandra.io.sstable.format.bti,RowIndexTest,testConstrainedIteration,Complex Method,"designitejava,pmd,checkstyle",test/unit/org/apache/cassandra/io/sstable/format/bti/RowIndexTest.java,test/unit/org/apache/cassandra/io/sstable/format/bti/RowIndexTest.java.RowIndexTest.testConstrainedIteration.Complex Method,5.0-alpha1,5.0.0,5.0.0,2
cassandra,5.0-alpha1,org.apache.cassandra.io.sstable.format.bti,RowIndexTest,testReverseIteration,Complex Method,"designitejava,pmd,checkstyle",test/unit/org/apache/cassandra/io/sstable/format/bti/RowIndexTest.java,test/unit/org/apache/cassandra/io/sstable/format/bti/RowIndexTest.java.RowIndexTest.testReverseIteration.Complex Method,5.0-alpha1,5.0.0,5.0.0,2
cassandra,5.0-alpha1,org.apache.cassandra.io.sstable.indexsummary,IndexSummaryTest,testDownsample,Complex Method,"designitejava,pmd",test/unit/org/apache/cassandra/io/sstable/indexsummary/IndexSummaryTest.java,test/unit/org/apache/cassandra/io/sstable/indexsummary/IndexSummaryTest.java.IndexSummaryTest.testDownsample.Complex Method,5.0-alpha1,5.0.0,5.0.0,2
cassandra,5.0-alpha1,org.apache.cassandra.io.sstable.keycache,KeyCacheTest,testKeyCacheLoad,Complex Method,"designitejava,pmd,checkstyle",test/unit/org/apache/cassandra/io/sstable/keycache/KeyCacheTest.java,test/unit/org/apache/cassandra/io/sstable/keycache/KeyCacheTest.java.KeyCacheTest.testKeyCacheLoad.Complex Method,5.0-alpha1,5.0.0,5.0.0,2
cassandra,5.0-alpha1,org.apache.cassandra.io.tries,WalkerTest,checkIterates,Long Parameter List,"designitejava,checkstyle",test/unit/org/apache/cassandra/io/tries/WalkerTest.java,test/unit/org/apache/cassandra/io/tries/WalkerTest.java.WalkerTest.checkIterates.Long Parameter List,5.0-alpha1,5.0.0,5.0.0,2
cassandra,2.2.0-beta1,org.apache.cassandra.io.util,BufferedDataOutputStreamTest,fuzzOnce,Complex Method,"designitejava,pmd,checkstyle",test/unit/org/apache/cassandra/io/util/BufferedDataOutputStreamTest.java,test/unit/org/apache/cassandra/io/util/BufferedDataOutputStreamTest.java.BufferedDataOutputStreamTest.fuzzOnce.Complex Method,2.2.0-beta1,5.0.0,5.0.0,21
cassandra,2.2.0-beta1,org.apache.cassandra.io.util,NIODataInputStreamTest,,God Class,"pmd,checkstyle",test/unit/org/apache/cassandra/io/util/NIODataInputStreamTest.java,test/unit/org/apache/cassandra/io/util/NIODataInputStreamTest.java.NIODataInputStreamTest..God Class,2.2.0-beta1,5.0.0,5.0.0,21
cassandra,2.2.0-beta1,org.apache.cassandra.io.util,NIODataInputStreamTest,fuzzOnce,Complex Method,"designitejava,pmd,checkstyle",test/unit/org/apache/cassandra/io/util/NIODataInputStreamTest.java,test/unit/org/apache/cassandra/io/util/NIODataInputStreamTest.java.NIODataInputStreamTest.fuzzOnce.Complex Method,2.2.0-beta1,5.0.0,5.0.0,21
cassandra,3.1,org.apache.cassandra.locator,NetworkTopologyStrategyTest,calculateNaturalEndpoints,Complex Method,"designitejava,pmd,checkstyle",test/unit/org/apache/cassandra/locator/NetworkTopologyStrategyTest.java,test/unit/org/apache/cassandra/locator/NetworkTopologyStrategyTest.java.NetworkTopologyStrategyTest.calculateNaturalEndpoints.Complex Method,3.1,5.0.0,5.0.0,17
cassandra,4.0-alpha1,org.apache.cassandra.locator,PropertyFileSnitchTest,replaceConfigFile,Complex Method,"designitejava,pmd",test/unit/org/apache/cassandra/locator/PropertyFileSnitchTest.java,test/unit/org/apache/cassandra/locator/PropertyFileSnitchTest.java.PropertyFileSnitchTest.replaceConfigFile.Complex Method,4.0-alpha1,5.0.0,5.0.0,6
cassandra,3.1,org.apache.cassandra.metrics,DecayingEstimatedHistogramReservoirTest,testDecayingPercentile,Complex Method,"designitejava,pmd,checkstyle",test/unit/org/apache/cassandra/metrics/DecayingEstimatedHistogramReservoirTest.java,test/unit/org/apache/cassandra/metrics/DecayingEstimatedHistogramReservoirTest.java.DecayingEstimatedHistogramReservoirTest.testDecayingPercentile.Complex Method,3.1,5.0.0,5.0.0,17
cassandra,4.0-alpha1,org.apache.cassandra.net,FramingTest,testRandomSequenceOfMessages,Complex Method,"designitejava,pmd,checkstyle",test/unit/org/apache/cassandra/net/FramingTest.java,test/unit/org/apache/cassandra/net/FramingTest.java.FramingTest.testRandomSequenceOfMessages.Complex Method,4.0-alpha1,4.1.0,5.0-alpha1,4
cassandra,5.0-alpha1,org.apache.cassandra.net,HandshakeTest,testSendAllSupported,Complex Method,"designitejava,pmd",test/unit/org/apache/cassandra/net/HandshakeTest.java,test/unit/org/apache/cassandra/net/HandshakeTest.java.HandshakeTest.testSendAllSupported.Complex Method,5.0-alpha1,5.0.0,5.0.0,2
cassandra,4.0-alpha1,org.apache.cassandra.net,PrunableArrayQueueTest,testPrune,Feature Envy,"designitejava,checkstyle",test/unit/org/apache/cassandra/net/PrunableArrayQueueTest.java,test/unit/org/apache/cassandra/net/PrunableArrayQueueTest.java.PrunableArrayQueueTest.testPrune.Feature Envy,4.0-alpha1,5.0.0,5.0.0,6
cassandra,4.0-alpha1,org.apache.cassandra.net,PrunableArrayQueueTest,testTransfersInCorrectOrder,Feature Envy,"designitejava,checkstyle",test/unit/org/apache/cassandra/net/PrunableArrayQueueTest.java,test/unit/org/apache/cassandra/net/PrunableArrayQueueTest.java.PrunableArrayQueueTest.testTransfersInCorrectOrder.Feature Envy,4.0-alpha1,5.0.0,5.0.0,6
cassandra,4.0-alpha1,org.apache.cassandra.net,PrunableArrayQueueTest,testTransfersInCorrectOrderWhenInterleaved,Feature Envy,"designitejava,checkstyle",test/unit/org/apache/cassandra/net/PrunableArrayQueueTest.java,test/unit/org/apache/cassandra/net/PrunableArrayQueueTest.java.PrunableArrayQueueTest.testTransfersInCorrectOrderWhenInterleaved.Feature Envy,4.0-alpha1,5.0.0,5.0.0,6
cassandra,5.0.0,org.apache.cassandra.repair,FailedAckTest,failedAck,Complex Method,"designitejava,pmd",test/unit/org/apache/cassandra/repair/FailedAckTest.java,test/unit/org/apache/cassandra/repair/FailedAckTest.java.FailedAckTest.failedAck.Complex Method,5.0.0,5.0.0,5.0.0,1
cassandra,5.0.0,org.apache.cassandra.repair,FailingRepairFuzzTest,failingRepair,Complex Method,"designitejava,pmd,checkstyle",test/unit/org/apache/cassandra/repair/FailingRepairFuzzTest.java,test/unit/org/apache/cassandra/repair/FailingRepairFuzzTest.java.FailingRepairFuzzTest.failingRepair.Complex Method,5.0.0,5.0.0,5.0.0,1
cassandra,5.0.0,org.apache.cassandra.repair,FuzzTestBase,repairOption,Complex Method,"designitejava,checkstyle",test/unit/org/apache/cassandra/repair/FuzzTestBase.java,test/unit/org/apache/cassandra/repair/FuzzTestBase.java.FuzzTestBase.repairOption.Complex Method,5.0.0,5.0.0,5.0.0,1
cassandra,5.0.0,org.apache.cassandra.repair,FuzzTestBase,repairOption,Long Parameter List,"designitejava,checkstyle",test/unit/org/apache/cassandra/repair/FuzzTestBase.java,test/unit/org/apache/cassandra/repair/FuzzTestBase.java.FuzzTestBase.repairOption.Long Parameter List,5.0.0,5.0.0,5.0.0,1
cassandra,4.0-alpha1,org.apache.cassandra.schema,MockSchema,sstable,Long Parameter List,"designitejava,checkstyle",test/unit/org/apache/cassandra/schema/MockSchema.java,test/unit/org/apache/cassandra/schema/MockSchema.java.MockSchema.sstable.Long Parameter List,4.0-alpha1,5.0.0,5.0.0,6
cassandra,2.2.0-beta1,org.apache.cassandra.serializers,TimeSerializerTest,buildExpected,Long Parameter List,"designitejava,checkstyle",test/unit/org/apache/cassandra/serializers/TimeSerializerTest.java,test/unit/org/apache/cassandra/serializers/TimeSerializerTest.java.TimeSerializerTest.buildExpected.Long Parameter List,2.2.0-beta1,5.0.0,5.0.0,21
cassandra,0.7.0,org.apache.cassandra.service,ConsistencyLevelTest,testReadWriteConsistencyChecks,Complex Method,"designitejava,pmd,checkstyle",test/unit/org/apache/cassandra/service/ConsistencyLevelTest.java,test/unit/org/apache/cassandra/service/ConsistencyLevelTest.java.ConsistencyLevelTest.testReadWriteConsistencyChecks.Complex Method,0.7.0,1.0.0,1.1.0-beta1,6
cassandra,3.11.0,org.apache.cassandra.service,DataResolverTest,boundary,Long Parameter List,"designitejava,checkstyle",test/unit/org/apache/cassandra/service/DataResolverTest.java,test/unit/org/apache/cassandra/service/DataResolverTest.java.DataResolverTest.boundary.Long Parameter List,3.11.0,3.11.0,4.0-alpha1,1
cassandra,3.1,org.apache.cassandra.service,DataResolverTest,tombstone,Long Parameter List,"designitejava,checkstyle",test/unit/org/apache/cassandra/service/DataResolverTest.java,test/unit/org/apache/cassandra/service/DataResolverTest.java.DataResolverTest.tombstone.Long Parameter List,3.1,3.11.0,4.0-alpha1,11
cassandra,0.8.0-beta1,org.apache.cassandra.service,LeaveAndBootstrapTest,newTestWriteEndpointsDuringLeave,Complex Method,"designitejava,pmd",test/unit/org/apache/cassandra/service/LeaveAndBootstrapTest.java,test/unit/org/apache/cassandra/service/LeaveAndBootstrapTest.java.LeaveAndBootstrapTest.newTestWriteEndpointsDuringLeave.Complex Method,0.8.0-beta1,4.0-alpha1,4.0.0,28
cassandra,0.8.0-beta1,org.apache.cassandra.service,LeaveAndBootstrapTest,testSimultaneousMove,Complex Method,"designitejava,pmd,checkstyle",test/unit/org/apache/cassandra/service/LeaveAndBootstrapTest.java,test/unit/org/apache/cassandra/service/LeaveAndBootstrapTest.java.LeaveAndBootstrapTest.testSimultaneousMove.Complex Method,0.8.0-beta1,5.0.0,5.0.0,33
cassandra,0.5.0,org.apache.cassandra.service,MoveTest,createInitialRing,Long Parameter List,"designitejava,checkstyle",test/unit/org/apache/cassandra/service/MoveTest.java,test/unit/org/apache/cassandra/service/MoveTest.java.MoveTest.createInitialRing.Long Parameter List,0.5.0,0.6.0,0.7.0,3
cassandra,0.7.0,org.apache.cassandra.service,MoveTest,newTestWriteEndpointsDuringLeave,Complex Method,"designitejava,pmd",test/unit/org/apache/cassandra/service/MoveTest.java,test/unit/org/apache/cassandra/service/MoveTest.java.MoveTest.newTestWriteEndpointsDuringLeave.Complex Method,0.7.0,0.7.6-2,0.8.0-beta1,2
cassandra,3.1,org.apache.cassandra.service,MoveTest,newTestWriteEndpointsDuringMove,Complex Method,"designitejava,pmd",test/unit/org/apache/cassandra/service/MoveTest.java,test/unit/org/apache/cassandra/service/MoveTest.java.MoveTest.newTestWriteEndpointsDuringMove.Complex Method,3.1,5.0.0,5.0.0,17
cassandra,0.6.0-beta1,org.apache.cassandra.service,MoveTest,testSimultaneousMove,Complex Method,"designitejava,pmd",test/unit/org/apache/cassandra/service/MoveTest.java,test/unit/org/apache/cassandra/service/MoveTest.java.MoveTest.testSimultaneousMove.Complex Method,0.6.0-beta1,5.0.0,5.0.0,37
cassandra,4.1-alpha1,org.apache.cassandra.service.paxos,ContentionStrategyTest,assertBound,Long Parameter List,"designitejava,checkstyle",test/unit/org/apache/cassandra/service/paxos/ContentionStrategyTest.java,test/unit/org/apache/cassandra/service/paxos/ContentionStrategyTest.java.ContentionStrategyTest.assertBound.Long Parameter List,4.1-alpha1,5.0.0,5.0.0,4
cassandra,4.1-alpha1,org.apache.cassandra.service.paxos,PaxosProposeTest,testShouldSignal,Complex Method,"designitejava,pmd,checkstyle",test/unit/org/apache/cassandra/service/paxos/PaxosProposeTest.java,test/unit/org/apache/cassandra/service/paxos/PaxosProposeTest.java.PaxosProposeTest.testShouldSignal.Complex Method,4.1-alpha1,5.0.0,5.0.0,4
cassandra,4.1-alpha1,org.apache.cassandra.service.paxos,PaxosRepairHistoryTest,testRandomAdds,Long Parameter List,"designitejava,checkstyle",test/unit/org/apache/cassandra/service/paxos/PaxosRepairHistoryTest.java,test/unit/org/apache/cassandra/service/paxos/PaxosRepairHistoryTest.java.PaxosRepairHistoryTest.testRandomAdds.Long Parameter List,4.1-alpha1,5.0.0,5.0.0,4
cassandra,4.1-alpha1,org.apache.cassandra.service.paxos,PaxosRepairHistoryTest,testRandomTrims,Complex Method,"designitejava,pmd,checkstyle",test/unit/org/apache/cassandra/service/paxos/PaxosRepairHistoryTest.java,test/unit/org/apache/cassandra/service/paxos/PaxosRepairHistoryTest.java.PaxosRepairHistoryTest.testRandomTrims.Complex Method,4.1-alpha1,5.0.0,5.0.0,4
cassandra,4.1-alpha1,org.apache.cassandra.service.paxos,PaxosRepairHistoryTest,testRandomTrims,Long Parameter List,"designitejava,checkstyle",test/unit/org/apache/cassandra/service/paxos/PaxosRepairHistoryTest.java,test/unit/org/apache/cassandra/service/paxos/PaxosRepairHistoryTest.java.PaxosRepairHistoryTest.testRandomTrims.Long Parameter List,4.1-alpha1,5.0.0,5.0.0,4
cassandra,4.0-alpha1,org.apache.cassandra.service.reads,AbstractReadResponseTest,boundary,Long Parameter List,"designitejava,checkstyle",test/unit/org/apache/cassandra/service/reads/AbstractReadResponseTest.java,test/unit/org/apache/cassandra/service/reads/AbstractReadResponseTest.java.AbstractReadResponseTest.boundary.Long Parameter List,4.0-alpha1,5.0.0,5.0.0,6
cassandra,4.0-alpha1,org.apache.cassandra.service.reads,AbstractReadResponseTest,response,Long Parameter List,"designitejava,checkstyle",test/unit/org/apache/cassandra/service/reads/AbstractReadResponseTest.java,test/unit/org/apache/cassandra/service/reads/AbstractReadResponseTest.java.AbstractReadResponseTest.response.Long Parameter List,4.0-alpha1,5.0.0,5.0.0,6
cassandra,4.0-alpha1,org.apache.cassandra.service.reads,AbstractReadResponseTest,tombstone,Long Parameter List,"designitejava,checkstyle",test/unit/org/apache/cassandra/service/reads/AbstractReadResponseTest.java,test/unit/org/apache/cassandra/service/reads/AbstractReadResponseTest.java.AbstractReadResponseTest.tombstone.Long Parameter List,4.0-alpha1,5.0.0,5.0.0,6
cassandra,4.0.0,org.apache.cassandra.service.reads.range,RangeCommandsTest,testEstimateResultsPerRange,Long Parameter List,"designitejava,checkstyle",test/unit/org/apache/cassandra/service/reads/range/RangeCommandsTest.java,test/unit/org/apache/cassandra/service/reads/range/RangeCommandsTest.java.RangeCommandsTest.testEstimateResultsPerRange.Long Parameter List,4.0.0,5.0.0,5.0.0,5
cassandra,5.0-alpha1,org.apache.cassandra.service.snapshot,TableSnapshotTest,testShouldClearSnapshot,Complex Method,"designitejava,pmd,checkstyle",test/unit/org/apache/cassandra/service/snapshot/TableSnapshotTest.java,test/unit/org/apache/cassandra/service/snapshot/TableSnapshotTest.java.TableSnapshotTest.testShouldClearSnapshot.Complex Method,5.0-alpha1,5.0.0,5.0.0,2
cassandra,5.0-alpha1,org.apache.cassandra.tools,TopPartitionsTest,testTopPartitionsRowTombstoneAndSSTableCount,Complex Method,"designitejava,pmd,checkstyle",test/unit/org/apache/cassandra/tools/TopPartitionsTest.java,test/unit/org/apache/cassandra/tools/TopPartitionsTest.java.TopPartitionsTest.testTopPartitionsRowTombstoneAndSSTableCount.Complex Method,5.0-alpha1,5.0.0,5.0.0,2
cassandra,5.0-alpha1,org.apache.cassandra.tools.nodetool,ClearSnapshotTest,rewriteManifest,Long Parameter List,"designitejava,checkstyle",test/unit/org/apache/cassandra/tools/nodetool/ClearSnapshotTest.java,test/unit/org/apache/cassandra/tools/nodetool/ClearSnapshotTest.java.ClearSnapshotTest.rewriteManifest.Long Parameter List,5.0-alpha1,5.0.0,5.0.0,2
cassandra,4.0.0,org.apache.cassandra.transport,CQLConnectionTest,runTest,Long Parameter List,"designitejava,checkstyle",test/unit/org/apache/cassandra/transport/CQLConnectionTest.java,test/unit/org/apache/cassandra/transport/CQLConnectionTest.java.CQLConnectionTest.runTest.Long Parameter List,4.0.0,5.0.0,5.0.0,5
cassandra,4.0.0,org.apache.cassandra.transport,CQLConnectionTest,testFrameCorruption,Long Parameter List,"designitejava,checkstyle",test/unit/org/apache/cassandra/transport/CQLConnectionTest.java,test/unit/org/apache/cassandra/transport/CQLConnectionTest.java.CQLConnectionTest.testFrameCorruption.Long Parameter List,4.0.0,5.0.0,5.0.0,5
cassandra,4.0.0,org.apache.cassandra.utils,AbstractTypeGenerators,getTypeSupport,Complex Method,"designitejava,pmd",test/unit/org/apache/cassandra/utils/AbstractTypeGenerators.java,test/unit/org/apache/cassandra/utils/AbstractTypeGenerators.java.AbstractTypeGenerators.getTypeSupport.Complex Method,4.0.0,5.0.0,5.0.0,5
cassandra,4.0.0,org.apache.cassandra.utils,AbstractTypeGenerators,typeGen,Complex Method,"pmd,checkstyle",test/unit/org/apache/cassandra/utils/AbstractTypeGenerators.java,test/unit/org/apache/cassandra/utils/AbstractTypeGenerators.java.AbstractTypeGenerators.typeGen.Complex Method,4.0.0,4.1.0,5.0-alpha1,3
cassandra,5.0-alpha1,org.apache.cassandra.utils,AbstractTypeGenerators,typeTree,Complex Method,"designitejava,pmd,checkstyle",test/unit/org/apache/cassandra/utils/AbstractTypeGenerators.java,test/unit/org/apache/cassandra/utils/AbstractTypeGenerators.java.AbstractTypeGenerators.typeTree.Complex Method,5.0-alpha1,5.0.0,5.0.0,2
cassandra,5.0-alpha1,org.apache.cassandra.utils,AbstractTypeGenerators,uniqueElementsForDomain,Complex Method,"designitejava,pmd,checkstyle",test/unit/org/apache/cassandra/utils/AbstractTypeGenerators.java,test/unit/org/apache/cassandra/utils/AbstractTypeGenerators.java.AbstractTypeGenerators.uniqueElementsForDomain.Complex Method,5.0-alpha1,5.0.0,5.0.0,2
cassandra,3.1,org.apache.cassandra.utils,BTreeTest,testBuilder_ResolverAndReverse,Complex Method,"designitejava,pmd",test/unit/org/apache/cassandra/utils/BTreeTest.java,test/unit/org/apache/cassandra/utils/BTreeTest.java.BTreeTest.testBuilder_ResolverAndReverse.Complex Method,3.1,3.11.0,4.0-alpha1,11
cassandra,4.0-alpha1,org.apache.cassandra.utils,ByteBufferUtilTest,testWriteZeroes,Complex Method,"designitejava,pmd,checkstyle",test/unit/org/apache/cassandra/utils/ByteBufferUtilTest.java,test/unit/org/apache/cassandra/utils/ByteBufferUtilTest.java.ByteBufferUtilTest.testWriteZeroes.Complex Method,4.0-alpha1,5.0.0,5.0.0,6
cassandra,5.0-alpha1,org.apache.cassandra.utils,CassandraGenerators,gossipStatusValue,Complex Method,"designitejava,checkstyle",test/unit/org/apache/cassandra/utils/CassandraGenerators.java,test/unit/org/apache/cassandra/utils/CassandraGenerators.java.CassandraGenerators.gossipStatusValue.Complex Method,5.0-alpha1,5.0.0,5.0.0,2
cassandra,0.5.0,org.apache.cassandra.utils,MerkleTreeTest,testDifference,Feature Envy,"designitejava,checkstyle",test/unit/org/apache/cassandra/utils/MerkleTreeTest.java,test/unit/org/apache/cassandra/utils/MerkleTreeTest.java.MerkleTreeTest.testDifference.Feature Envy,0.5.0,5.0.0,5.0.0,38
cassandra,3.0.0,org.apache.cassandra.utils,MerkleTreesTest,testDifference,Feature Envy,"designitejava,checkstyle",test/unit/org/apache/cassandra/utils/MerkleTreesTest.java,test/unit/org/apache/cassandra/utils/MerkleTreesTest.java.MerkleTreesTest.testDifference.Feature Envy,3.0.0,5.0.0,5.0.0,18
cassandra,5.0-alpha1,org.apache.cassandra.utils,OverlapsTest,testMultiSetPullOldestRandom,Complex Method,"designitejava,pmd",test/unit/org/apache/cassandra/utils/OverlapsTest.java,test/unit/org/apache/cassandra/utils/OverlapsTest.java.OverlapsTest.testMultiSetPullOldestRandom.Complex Method,5.0-alpha1,5.0.0,5.0.0,2
cassandra,4.1-alpha1,org.apache.cassandra.utils,RecomputingSupplierTest,recomputingSupplierTest,Complex Method,"designitejava,pmd,checkstyle",test/unit/org/apache/cassandra/utils/RecomputingSupplierTest.java,test/unit/org/apache/cassandra/utils/RecomputingSupplierTest.java.RecomputingSupplierTest.recomputingSupplierTest.Complex Method,4.1-alpha1,5.0.0,5.0.0,4
cassandra,4.0.0,org.apache.cassandra.utils,Retry,retryWithBackoff0,Long Parameter List,"designitejava,checkstyle",test/unit/org/apache/cassandra/utils/Retry.java,test/unit/org/apache/cassandra/utils/Retry.java.Retry.retryWithBackoff0.Long Parameter List,4.0.0,5.0.0,5.0.0,5
cassandra,4.0-alpha1,org.apache.cassandra.utils.btree,BTreeTest,testBuilder_ResolverAndReverse,Complex Method,"designitejava,pmd",test/unit/org/apache/cassandra/utils/btree/BTreeTest.java,test/unit/org/apache/cassandra/utils/btree/BTreeTest.java.BTreeTest.testBuilder_ResolverAndReverse.Complex Method,4.0-alpha1,5.0.0,5.0.0,6
cassandra,5.0-alpha1,org.apache.cassandra.utils.bytecomparable,ByteSourceComparisonTest,,God Class,"pmd,checkstyle",test/unit/org/apache/cassandra/utils/bytecomparable/ByteSourceComparisonTest.java,test/unit/org/apache/cassandra/utils/bytecomparable/ByteSourceComparisonTest.java.ByteSourceComparisonTest..God Class,5.0-alpha1,5.0.0,5.0.0,2
cassandra,5.0-alpha1,org.apache.cassandra.utils.bytecomparable,ByteSourceComparisonTest,assertClusteringPairComparesSame,Long Parameter List,"designitejava,checkstyle",test/unit/org/apache/cassandra/utils/bytecomparable/ByteSourceComparisonTest.java,test/unit/org/apache/cassandra/utils/bytecomparable/ByteSourceComparisonTest.java.ByteSourceComparisonTest.assertClusteringPairComparesSame.Long Parameter List,5.0-alpha1,5.0.0,5.0.0,2
cassandra,5.0-alpha1,org.apache.cassandra.utils.bytecomparable,ByteSourceComparisonTest,assertCompositeComparesSame,Long Parameter List,"designitejava,checkstyle",test/unit/org/apache/cassandra/utils/bytecomparable/ByteSourceComparisonTest.java,test/unit/org/apache/cassandra/utils/bytecomparable/ByteSourceComparisonTest.java.ByteSourceComparisonTest.assertCompositeComparesSame.Long Parameter List,5.0-alpha1,5.0.0,5.0.0,2
cassandra,5.0-alpha1,org.apache.cassandra.utils.bytecomparable,ByteSourceComparisonTest,assertTupleComparesSame,Long Parameter List,"designitejava,checkstyle",test/unit/org/apache/cassandra/utils/bytecomparable/ByteSourceComparisonTest.java,test/unit/org/apache/cassandra/utils/bytecomparable/ByteSourceComparisonTest.java.ByteSourceComparisonTest.assertTupleComparesSame.Long Parameter List,5.0-alpha1,5.0.0,5.0.0,2
cassandra,5.0-alpha1,org.apache.cassandra.utils.bytecomparable,ByteSourceComparisonTest,testCombinationSampling,Complex Method,"designitejava,pmd",test/unit/org/apache/cassandra/utils/bytecomparable/ByteSourceComparisonTest.java,test/unit/org/apache/cassandra/utils/bytecomparable/ByteSourceComparisonTest.java.ByteSourceComparisonTest.testCombinationSampling.Complex Method,5.0-alpha1,5.0.0,5.0.0,2
cassandra,5.0-alpha1,org.apache.cassandra.utils.bytecomparable,ByteSourceConversionTest,,God Class,"pmd,checkstyle",test/unit/org/apache/cassandra/utils/bytecomparable/ByteSourceConversionTest.java,test/unit/org/apache/cassandra/utils/bytecomparable/ByteSourceConversionTest.java.ByteSourceConversionTest..God Class,5.0-alpha1,5.0.0,5.0.0,2
cassandra,5.0-alpha1,org.apache.cassandra.utils.bytecomparable,ByteSourceConversionTest,assertClusteringPairConvertsSame,Long Parameter List,"designitejava,checkstyle",test/unit/org/apache/cassandra/utils/bytecomparable/ByteSourceConversionTest.java,test/unit/org/apache/cassandra/utils/bytecomparable/ByteSourceConversionTest.java.ByteSourceConversionTest.assertClusteringPairConvertsSame.Long Parameter List,5.0-alpha1,5.0.0,5.0.0,2
cassandra,4.1-alpha1,org.apache.cassandra.utils.concurrent,LoadingMapTest,fuzzTest,Complex Method,"designitejava,pmd,checkstyle",test/unit/org/apache/cassandra/utils/concurrent/LoadingMapTest.java,test/unit/org/apache/cassandra/utils/concurrent/LoadingMapTest.java.LoadingMapTest.fuzzTest.Complex Method,4.1-alpha1,5.0.0,5.0.0,4
cassandra,3.0.0-alpha1,org.apache.cassandra.utils.memory,BufferPoolTest,checkMultipleThreads,Complex Method,"designitejava,pmd",test/unit/org/apache/cassandra/utils/memory/BufferPoolTest.java,test/unit/org/apache/cassandra/utils/memory/BufferPoolTest.java.BufferPoolTest.checkMultipleThreads.Complex Method,3.0.0-alpha1,5.0.0,5.0.0,19
cassandra,4.0-alpha1,org.apache.cassandra.fqltool.commands,Dump,dump,Complex Method,"designitejava,pmd",tools/fqltool/src/org/apache/cassandra/fqltool/commands/Dump.java,tools/fqltool/src/org/apache/cassandra/fqltool/commands/Dump.java.Dump.dump.Complex Method,4.0-alpha1,5.0.0,5.0.0,6
cassandra,4.0-alpha1,org.apache.cassandra.fqltool.commands,Dump,toHexString,Complex Method,"designitejava,pmd,checkstyle",tools/fqltool/src/org/apache/cassandra/fqltool/commands/Dump.java,tools/fqltool/src/org/apache/cassandra/fqltool/commands/Dump.java.Dump.toHexString.Complex Method,4.0-alpha1,5.0.0,5.0.0,6
cassandra,0.8.0-beta1,org.apache.cassandra.stress,Session,Session,Complex Method,"designitejava,checkstyle",tools/stress/src/org/apache/cassandra/stress/Session.java,tools/stress/src/org/apache/cassandra/stress/Session.java.Session.Session.Complex Method,0.8.0-beta1,2.0.0,2.1.0-deb,10
cassandra,1.2.0-beta1,org.apache.cassandra.stress,Session,createKeySpaces,Complex Method,"designitejava,checkstyle",tools/stress/src/org/apache/cassandra/stress/Session.java,tools/stress/src/org/apache/cassandra/stress/Session.java.Session.createKeySpaces.Complex Method,1.2.0-beta1,2.0.0,2.1.0-deb,4
cassandra,0.8.0-beta1,org.apache.cassandra.stress,Stress,main,Complex Method,"designitejava,pmd,checkstyle",tools/stress/src/org/apache/cassandra/stress/Stress.java,tools/stress/src/org/apache/cassandra/stress/Stress.java.Stress.main.Complex Method,0.8.0-beta1,3.5,3.6,21
cassandra,3.1,org.apache.cassandra.stress,Stress,run,Complex Method,"designitejava,pmd,checkstyle",tools/stress/src/org/apache/cassandra/stress/Stress.java,tools/stress/src/org/apache/cassandra/stress/Stress.java.Stress.run.Complex Method,3.1,4.0.0,4.1-alpha1,13
cassandra,1.0.0-beta1,org.apache.cassandra.stress,StressAction,run,Complex Method,"designitejava,pmd,checkstyle",tools/stress/src/org/apache/cassandra/stress/StressAction.java,tools/stress/src/org/apache/cassandra/stress/StressAction.java.StressAction.run.Complex Method,1.0.0-beta1,5.0.0,5.0.0,31
cassandra,2.2.0-beta1,org.apache.cassandra.stress,StressAction,run,Long Parameter List,"designitejava,checkstyle",tools/stress/src/org/apache/cassandra/stress/StressAction.java,tools/stress/src/org/apache/cassandra/stress/StressAction.java.StressAction.run.Long Parameter List,2.2.0-beta1,5.0.0,5.0.0,21
cassandra,2.2.0-beta1,org.apache.cassandra.stress,StressAction,runMulti,Complex Method,"designitejava,pmd,checkstyle",tools/stress/src/org/apache/cassandra/stress/StressAction.java,tools/stress/src/org/apache/cassandra/stress/StressAction.java.StressAction.runMulti.Complex Method,2.2.0-beta1,5.0.0,5.0.0,21
cassandra,3.1,org.apache.cassandra.stress,StressGraph,parseLogStats,Complex Method,"designitejava,pmd,checkstyle",tools/stress/src/org/apache/cassandra/stress/StressGraph.java,tools/stress/src/org/apache/cassandra/stress/StressGraph.java.StressGraph.parseLogStats.Complex Method,3.1,5.0.0,5.0.0,17
cassandra,2.1.0-deb,org.apache.cassandra.stress,StressProfile,getInsert,Complex Method,"designitejava,pmd,checkstyle",tools/stress/src/org/apache/cassandra/stress/StressProfile.java,tools/stress/src/org/apache/cassandra/stress/StressProfile.java.StressProfile.getInsert.Complex Method,2.1.0-deb,5.0.0,5.0.0,23
cassandra,2.1.0-deb,org.apache.cassandra.stress,StressProfile,init,Complex Method,"pmd,checkstyle",tools/stress/src/org/apache/cassandra/stress/StressProfile.java,tools/stress/src/org/apache/cassandra/stress/StressProfile.java.StressProfile.init.Complex Method,2.1.0-deb,5.0.0,5.0.0,23
cassandra,2.2.0-beta1,org.apache.cassandra.stress.generate,SeedManager,next,Complex Method,"designitejava,pmd,checkstyle",tools/stress/src/org/apache/cassandra/stress/generate/SeedManager.java,tools/stress/src/org/apache/cassandra/stress/generate/SeedManager.java.SeedManager.next.Complex Method,2.2.0-beta1,5.0.0,5.0.0,21
cassandra,1.2.0-beta1,org.apache.cassandra.stress.operations,CqlCounterAdder,run,Complex Method,"designitejava,pmd,checkstyle",tools/stress/src/org/apache/cassandra/stress/operations/CqlCounterAdder.java,tools/stress/src/org/apache/cassandra/stress/operations/CqlCounterAdder.java.CqlCounterAdder.run.Complex Method,1.2.0-beta1,2.0.0,2.1.0-deb,4
cassandra,1.2.0-beta1,org.apache.cassandra.stress.operations,CqlCounterGetter,run,Complex Method,"designitejava,pmd,checkstyle",tools/stress/src/org/apache/cassandra/stress/operations/CqlCounterGetter.java,tools/stress/src/org/apache/cassandra/stress/operations/CqlCounterGetter.java.CqlCounterGetter.run.Complex Method,1.2.0-beta1,2.0.0,2.1.0-deb,4
cassandra,1.1.0-beta1,org.apache.cassandra.stress.operations,CqlInserter,run,Complex Method,"designitejava,pmd,checkstyle",tools/stress/src/org/apache/cassandra/stress/operations/CqlInserter.java,tools/stress/src/org/apache/cassandra/stress/operations/CqlInserter.java.CqlInserter.run.Complex Method,1.1.0-beta1,2.0.0,2.1.0-deb,6
cassandra,1.2.0-beta1,org.apache.cassandra.stress.operations,CqlRangeSlicer,run,Complex Method,"designitejava,pmd",tools/stress/src/org/apache/cassandra/stress/operations/CqlRangeSlicer.java,tools/stress/src/org/apache/cassandra/stress/operations/CqlRangeSlicer.java.CqlRangeSlicer.run.Complex Method,1.2.0-beta1,1.2.0,2.0.0-beta1,2
cassandra,1.1.0-beta1,org.apache.cassandra.stress.operations,CqlReader,run,Complex Method,"designitejava,pmd",tools/stress/src/org/apache/cassandra/stress/operations/CqlReader.java,tools/stress/src/org/apache/cassandra/stress/operations/CqlReader.java.CqlReader.run.Complex Method,1.1.0-beta1,2.0.0,2.1.0-deb,6
cassandra,0.8.0,org.apache.cassandra.stress.operations,Inserter,run,Complex Method,"designitejava,checkstyle",tools/stress/src/org/apache/cassandra/stress/operations/Inserter.java,tools/stress/src/org/apache/cassandra/stress/operations/Inserter.java.Inserter.run.Complex Method,0.8.0,2.0.0,2.1.0-deb,9
cassandra,0.8.0-beta1,org.apache.cassandra.stress.operations,MultiGetter,run,Complex Method,"designitejava,pmd,checkstyle",tools/stress/src/org/apache/cassandra/stress/operations/MultiGetter.java,tools/stress/src/org/apache/cassandra/stress/operations/MultiGetter.java.MultiGetter.run.Complex Method,0.8.0-beta1,2.0.0,2.1.0-deb,10
cassandra,0.8.0-beta1,org.apache.cassandra.stress.operations,RangeSlicer,run,Complex Method,"designitejava,pmd,checkstyle",tools/stress/src/org/apache/cassandra/stress/operations/RangeSlicer.java,tools/stress/src/org/apache/cassandra/stress/operations/RangeSlicer.java.RangeSlicer.run.Complex Method,0.8.0-beta1,2.0.0,2.1.0-deb,10
cassandra,2.1.0-deb,org.apache.cassandra.stress.operations.predefined,PredefinedOperation,operation,Complex Method,"designitejava,checkstyle",tools/stress/src/org/apache/cassandra/stress/operations/predefined/PredefinedOperation.java,tools/stress/src/org/apache/cassandra/stress/operations/predefined/PredefinedOperation.java.PredefinedOperation.operation.Complex Method,2.1.0-deb,3.11.0,4.0-alpha1,17
cassandra,4.0-alpha1,org.apache.cassandra.stress.operations.userdefined,CASQuery,CASQuery,Complex Method,"designitejava,checkstyle",tools/stress/src/org/apache/cassandra/stress/operations/userdefined/CASQuery.java,tools/stress/src/org/apache/cassandra/stress/operations/userdefined/CASQuery.java.CASQuery.CASQuery.Complex Method,4.0-alpha1,5.0.0,5.0.0,6
cassandra,2.2.0-beta1,org.apache.cassandra.stress.operations.userdefined,ValidatingSchemaQuery,create,Complex Method,"pmd,checkstyle",tools/stress/src/org/apache/cassandra/stress/operations/userdefined/ValidatingSchemaQuery.java,tools/stress/src/org/apache/cassandra/stress/operations/userdefined/ValidatingSchemaQuery.java.ValidatingSchemaQuery.create.Complex Method,2.2.0-beta1,5.0.0,5.0.0,21
cassandra,3.1,org.apache.cassandra.stress.report,StressMetrics,printRow,Long Parameter List,"designitejava,checkstyle",tools/stress/src/org/apache/cassandra/stress/report/StressMetrics.java,tools/stress/src/org/apache/cassandra/stress/report/StressMetrics.java.StressMetrics.printRow.Long Parameter List,3.1,5.0.0,5.0.0,17
cassandra,3.1,org.apache.cassandra.stress.report,StressMetrics,record,Long Parameter List,"designitejava,checkstyle",tools/stress/src/org/apache/cassandra/stress/report/StressMetrics.java,tools/stress/src/org/apache/cassandra/stress/report/StressMetrics.java.StressMetrics.record.Long Parameter List,3.1,5.0.0,5.0.0,17
cassandra,3.1,org.apache.cassandra.stress.report,TimingInterval,getStringValue,Complex Method,"designitejava,checkstyle",tools/stress/src/org/apache/cassandra/stress/report/TimingInterval.java,tools/stress/src/org/apache/cassandra/stress/report/TimingInterval.java.TimingInterval.getStringValue.Complex Method,3.1,5.0.0,5.0.0,17
cassandra,2.1.0-deb,org.apache.cassandra.stress.settings,GroupedOptions,printOptions,Complex Method,"designitejava,pmd",tools/stress/src/org/apache/cassandra/stress/settings/GroupedOptions.java,tools/stress/src/org/apache/cassandra/stress/settings/GroupedOptions.java.GroupedOptions.printOptions.Complex Method,2.1.0-deb,5.0.0,5.0.0,23
cassandra,2.1.0-deb,org.apache.cassandra.stress.settings,Legacy,build,Complex Method,"designitejava,pmd,checkstyle",tools/stress/src/org/apache/cassandra/stress/settings/Legacy.java,tools/stress/src/org/apache/cassandra/stress/settings/Legacy.java.Legacy.build.Complex Method,2.1.0-deb,4.1.0,5.0-alpha1,21
cassandra,2.1.0-deb,org.apache.cassandra.stress.settings,SettingsMisc,maybePrintHelp,Complex Method,"designitejava,pmd",tools/stress/src/org/apache/cassandra/stress/settings/SettingsMisc.java,tools/stress/src/org/apache/cassandra/stress/settings/SettingsMisc.java.SettingsMisc.maybePrintHelp.Complex Method,2.1.0-deb,5.0.0,5.0.0,23
cassandra,2.2.0-beta1,org.apache.cassandra.stress.util,DynamicList,isWellFormed,Complex Method,"designitejava,pmd,checkstyle",tools/stress/src/org/apache/cassandra/stress/util/DynamicList.java,tools/stress/src/org/apache/cassandra/stress/util/DynamicList.java.DynamicList.isWellFormed.Complex Method,2.2.0-beta1,2.2.0,3.0.0-alpha1,2
cassandra,2.2.0-beta1,org.apache.cassandra.stress.util,SampleOfLongs,merge,Complex Method,"designitejava,pmd",tools/stress/src/org/apache/cassandra/stress/util/SampleOfLongs.java,tools/stress/src/org/apache/cassandra/stress/util/SampleOfLongs.java.SampleOfLongs.merge.Complex Method,2.2.0-beta1,3.7,3.8,11
cassandra,2.2.0-beta1,org.apache.cassandra.stress.util,SmartThriftClient,get,Complex Method,"designitejava,pmd,checkstyle",tools/stress/src/org/apache/cassandra/stress/util/SmartThriftClient.java,tools/stress/src/org/apache/cassandra/stress/util/SmartThriftClient.java.SmartThriftClient.get.Complex Method,2.2.0-beta1,3.11.0,4.0-alpha1,15
cassandra,2.2.0-beta1,org.apache.cassandra.stress.util,TimingInterval,getStringValue,Complex Method,"designitejava,checkstyle",tools/stress/src/org/apache/cassandra/stress/util/TimingInterval.java,tools/stress/src/org/apache/cassandra/stress/util/TimingInterval.java.TimingInterval.getStringValue.Complex Method,2.2.0-beta1,3.9,3.10,13
