Project,Version,Package Name,Type Name,Method Name,Smell,checker,File Path,SmellID,begin,end,disappear,gap
cayenne,4.0.B1,org.apache.cayenne.modeler.graph,BaseGraphBuilder,buildGraph,Complex Method,"designitejava,pmd",File Not Found,File Not Found.BaseGraphBuilder.buildGraph.Complex Method,4.0.B1,4.0.B1,4.0.RC1,1
cayenne,4.0.B1,org.apache.cayenne.tools,CgenTask,getDestDirFile,Complex Method,"designitejava,pmd",File Not Found,File Not Found.CgenTask.getDestDirFile.Complex Method,4.0.B1,4.0.B1,4.0.RC1,1
cayenne,4.0.B1,org.apache.cayenne.modeler.util,CircularArray,remove,Complex Method,"designitejava,pmd",File Not Found,File Not Found.CircularArray.remove.Complex Method,4.0.B1,4.0.B1,4.0.RC1,1
cayenne,4.0.B1,org.apache.cayenne.modeler.util,CircularArrayTest,testArray,Complex Method,"designitejava,pmd",File Not Found,File Not Found.CircularArrayTest.testArray.Complex Method,4.0.B1,4.0.B1,4.0.RC1,1
cayenne,4.0.B1,org.apache.cayenne.modeler.dialog.objentity,ClassNameUpdater,doNameUpdate,Complex Method,"designitejava,pmd",File Not Found,File Not Found.ClassNameUpdater.doNameUpdate.Complex Method,4.0.B1,4.0.B1,4.0.RC1,1
cayenne,4.0.B1,org.apache.cayenne.remote,ClientChannel,onQuery,Complex Method,"designitejava,pmd",File Not Found,File Not Found.ClientChannel.onQuery.Complex Method,4.0.B1,4.0.B1,4.0.RC1,1
cayenne,4.0.B1,org.apache.cayenne.remote,ClientChannel,onSync,Complex Method,"designitejava,pmd",File Not Found,File Not Found.ClientChannel.onSync.Complex Method,4.0.B1,4.0.B1,4.0.RC1,1
cayenne,4.0.B1,org.apache.cayenne.modeler.dialog.codegen,CodeGeneratorControllerBase,setSelected,Complex Method,"designitejava,pmd",File Not Found,File Not Found.CodeGeneratorControllerBase.setSelected.Complex Method,4.0.B1,4.0.B1,4.0.RC1,1
cayenne,4.0.B1,org.apache.cayenne.modeler.dialog.codegen,CodeGeneratorControllerBase,updateSelection,Complex Method,"designitejava,pmd",File Not Found,File Not Found.CodeGeneratorControllerBase.updateSelection.Complex Method,4.0.B1,4.0.B1,4.0.RC1,1
cayenne,4.0.B1,org.apache.cayenne.crypto,CryptoModuleExtender,configure,Complex Method,"designitejava,pmd",File Not Found,File Not Found.CryptoModuleExtender.configure.Complex Method,4.0.B1,4.0.B1,4.0.RC1,1
cayenne,4.0.B1,org.apache.cayenne.crypto,CryptoModuleExtender,module,Complex Method,"designitejava,pmd",File Not Found,File Not Found.CryptoModuleExtender.module.Complex Method,4.0.B1,4.0.B1,4.0.RC1,1
cayenne,4.0.B1,org.apache.cayenne.gen,DataMapUtils,getParameterNames,Complex Method,"designitejava,pmd",File Not Found,File Not Found.DataMapUtils.getParameterNames.Complex Method,4.0.B1,4.0.B1,4.0.RC1,1
cayenne,4.0.B1,org.apache.cayenne.modeler.dialog.pref,DataSourcePreferences,testDataSourceAction,Complex Method,"designitejava,pmd",File Not Found,File Not Found.DataSourcePreferences.testDataSourceAction.Complex Method,4.0.B1,4.0.B1,4.0.RC1,1
cayenne,4.0.B1,org.apache.cayenne.modeler.dialog.db,DbActionOptionsDialog,initFromModel,Complex Method,"designitejava,pmd",File Not Found,File Not Found.DbActionOptionsDialog.initFromModel.Complex Method,4.0.B1,4.0.B1,4.0.RC1,1
cayenne,4.0.B1,org.apache.cayenne.modeler.editor.dbentity,DbAttributeTableModel,setPrimaryKey,Complex Method,"designitejava,pmd",File Not Found,File Not Found.DbAttributeTableModel.setPrimaryKey.Complex Method,4.0.B1,4.0.B1,4.0.RC1,1
cayenne,4.0.B1,org.apache.cayenne.modeler.editor.dbentity,DbAttributeTableModel,sortByColumn,Complex Method,"designitejava,pmd",File Not Found,File Not Found.DbAttributeTableModel.sortByColumn.Complex Method,4.0.B1,4.0.B1,4.0.RC1,1
cayenne,4.0.B1,org.apache.cayenne.modeler.editor.dbentity,DbRelationshipTableModel,setUpdatedValueAt,Complex Method,"designitejava,pmd",File Not Found,File Not Found.DbRelationshipTableModel.setUpdatedValueAt.Complex Method,4.0.B1,4.0.B1,4.0.RC1,1
cayenne,4.0.B1,org.apache.cayenne.project.validation,DbRelationshipValidator,validate,Complex Method,"designitejava,pmd",File Not Found,File Not Found.DbRelationshipValidator.validate.Complex Method,4.0.B1,4.0.B1,4.0.RC1,1
cayenne,4.0.B1,org.apache.cayenne.wocompat,EOModelProcessor,makeAttributes,Complex Method,"designitejava,pmd",File Not Found,File Not Found.EOModelProcessor.makeAttributes.Complex Method,4.0.B1,4.0.B1,4.0.RC1,1
cayenne,4.0.B1,org.apache.cayenne.wocompat,EOModelProcessor,makeEOQueryDescriptor,Complex Method,"designitejava,pmd",File Not Found,File Not Found.EOModelProcessor.makeEOQueryDescriptor.Complex Method,4.0.B1,4.0.B1,4.0.RC1,1
cayenne,4.0.B1,org.apache.cayenne.wocompat,EOModelProcessor,makeEntity,Complex Method,"designitejava,pmd",File Not Found,File Not Found.EOModelProcessor.makeEntity.Complex Method,4.0.B1,4.0.B1,4.0.RC1,1
cayenne,4.0.B1,org.apache.cayenne.wocompat,EOModelProcessor,makeFlatRelationships,Complex Method,"designitejava,pmd",File Not Found,File Not Found.EOModelProcessor.makeFlatRelationships.Complex Method,4.0.B1,4.0.B1,4.0.RC1,1
cayenne,4.0.B1,org.apache.cayenne.wocompat,EOModelProcessor,makeRelationships,Complex Method,"designitejava,pmd",File Not Found,File Not Found.EOModelProcessor.makeRelationships.Complex Method,4.0.B1,4.0.B1,4.0.RC1,1
cayenne,4.0.B1,org.apache.cayenne.wocompat,EOQuery,initBindings,Complex Method,"designitejava,pmd",File Not Found,File Not Found.EOQuery.initBindings.Complex Method,4.0.B1,4.0.B1,4.0.RC1,1
cayenne,4.0.B1,org.apache.cayenne.wocompat,EOQuery,initFromPlist,Complex Method,"designitejava,pmd",File Not Found,File Not Found.EOQuery.initFromPlist.Complex Method,4.0.B1,4.0.B1,4.0.RC1,1
cayenne,4.0.B1,org.apache.cayenne.modeler.editor,EmbeddableTab,setClassName,Complex Method,"designitejava,pmd",File Not Found,File Not Found.EmbeddableTab.setClassName.Complex Method,4.0.B1,4.0.B1,4.0.RC1,1
cayenne,4.0.B1,org.apache.cayenne.project.validation,EmbeddableValidator,validate,Complex Method,"designitejava,pmd",File Not Found,File Not Found.EmbeddableValidator.validate.Complex Method,4.0.B1,4.0.B1,4.0.RC1,1
cayenne,4.0.B1,org.apache.cayenne.project,FileProjectSaver,clearRenamedFiles,Complex Method,"designitejava,pmd",File Not Found,File Not Found.FileProjectSaver.clearRenamedFiles.Complex Method,4.0.B1,4.0.B1,4.0.RC1,1
cayenne,4.0.B1,org.apache.cayenne.modeler.dialog.codegen,GeneratorController,createGenerator,Complex Method,"designitejava,pmd",File Not Found,File Not Found.GeneratorController.createGenerator.Complex Method,4.0.B1,4.0.B1,4.0.RC1,1
cayenne,4.0.B1,org.apache.cayenne.modeler.dialog.codegen,GeneratorController,validateEntity,Complex Method,"designitejava,pmd",File Not Found,File Not Found.GeneratorController.validateEntity.Complex Method,4.0.B1,4.0.B1,4.0.RC1,1
cayenne,4.0.B1,org.apache.cayenne.modeler.dialog.codegen,GeneratorController,validateRelationship,Complex Method,"designitejava,pmd",File Not Found,File Not Found.GeneratorController.validateRelationship.Complex Method,4.0.B1,4.0.B1,4.0.RC1,1
cayenne,4.0.B1,org.apache.cayenne.gen,ImportUtils,generate,Complex Method,"designitejava,pmd",File Not Found,File Not Found.ImportUtils.generate.Complex Method,4.0.B1,4.0.B1,4.0.RC1,1
cayenne,4.0.B1,org.apache.cayenne.modeler.dialog.autorelationship,InferRelationshipsControllerBase,createRelationships,Complex Method,"designitejava,pmd",File Not Found,File Not Found.InferRelationshipsControllerBase.createRelationships.Complex Method,4.0.B1,4.0.B1,4.0.RC1,1
cayenne,4.0.B1,org.apache.cayenne.modeler.dialog.autorelationship,InferRelationshipsControllerBase,getJoinAttribute,Complex Method,"designitejava,pmd",File Not Found,File Not Found.InferRelationshipsControllerBase.getJoinAttribute.Complex Method,4.0.B1,4.0.B1,4.0.RC1,1
cayenne,4.0.B1,org.apache.cayenne.modeler.dialog.datamap,LockingUpdateController,updateAction,Complex Method,"designitejava,pmd",File Not Found,File Not Found.LockingUpdateController.updateAction.Complex Method,4.0.B1,4.0.B1,4.0.RC1,1
cayenne,4.0.B1,org.apache.cayenne.modeler.dialog.objentity,ObjAttributeInfoDialog,initController,Complex Method,"designitejava,pmd",File Not Found,File Not Found.ObjAttributeInfoDialog.initController.Complex Method,4.0.B1,4.0.B1,4.0.RC1,1
cayenne,4.0.B1,org.apache.cayenne.modeler.dialog.objentity,ObjAttributeInfoDialog,saveMapping,Complex Method,"designitejava,pmd",File Not Found,File Not Found.ObjAttributeInfoDialog.saveMapping.Complex Method,4.0.B1,4.0.B1,4.0.RC1,1
cayenne,4.0.B1,org.apache.cayenne.modeler.dialog.objentity,ObjAttributeInfoDialog,setPath,Complex Method,"designitejava,pmd",File Not Found,File Not Found.ObjAttributeInfoDialog.setPath.Complex Method,4.0.B1,4.0.B1,4.0.RC1,1
cayenne,4.0.B1,org.apache.cayenne.modeler.editor,ObjEntityTab,actionPerformed,Complex Method,"designitejava,pmd",File Not Found,File Not Found.ObjEntityTab.actionPerformed.Complex Method,4.0.B1,4.0.B1,4.0.RC1,1
cayenne,4.0.B1,org.apache.cayenne.modeler.editor,ObjEntityTab,initController,Complex Method,"designitejava,pmd",File Not Found,File Not Found.ObjEntityTab.initController.Complex Method,4.0.B1,4.0.B1,4.0.RC1,1
cayenne,4.0.B1,org.apache.cayenne.project.validation,ObjEntityValidator,validateName,Complex Method,"designitejava,pmd",File Not Found,File Not Found.ObjEntityValidator.validateName.Complex Method,4.0.B1,4.0.B1,4.0.RC1,1
cayenne,4.0.B1,org.apache.cayenne.modeler.dialog.objentity,ObjRelationshipInfo,savePath,Complex Method,"designitejava,pmd",File Not Found,File Not Found.ObjRelationshipInfo.savePath.Complex Method,4.0.B1,4.0.B1,4.0.RC1,1
cayenne,4.0.B1,org.apache.cayenne.modeler.editor,ObjRelationshipTableModel,setUpdatedValueAt,Complex Method,"designitejava,pmd",File Not Found,File Not Found.ObjRelationshipTableModel.setUpdatedValueAt.Complex Method,4.0.B1,4.0.B1,4.0.RC1,1
cayenne,4.0.B1,org.apache.cayenne.project.validation,ObjRelationshipValidator,validate,Complex Method,"designitejava,pmd",File Not Found,File Not Found.ObjRelationshipValidator.validate.Complex Method,4.0.B1,4.0.B1,4.0.RC1,1
cayenne,4.0.B1,org.apache.cayenne.modeler.action,OpenProjectAction,openProject,Complex Method,"designitejava,pmd",File Not Found,File Not Found.OpenProjectAction.openProject.Complex Method,4.0.B1,4.0.B1,4.0.RC1,1
cayenne,4.0.B1,org.apache.cayenne.modeler.dialog.datamap,PackageUpdateController,updatePackage,Complex Method,"designitejava,pmd",File Not Found,File Not Found.PackageUpdateController.updatePackage.Complex Method,4.0.B1,4.0.B1,4.0.RC1,1
cayenne,4.0.B1,org.apache.cayenne.wocompat.parser,Parser,generateParseException,Complex Method,"designitejava,pmd",File Not Found,File Not Found.Parser.generateParseException.Complex Method,4.0.B1,4.0.B1,4.0.RC1,1
cayenne,4.0.B1,org.apache.cayenne.wocompat.parser,Parser,jj_add_error_token,Complex Method,"designitejava,pmd",File Not Found,File Not Found.Parser.jj_add_error_token.Complex Method,4.0.B1,4.0.B1,4.0.RC1,1
cayenne,4.0.B1,org.apache.cayenne.wocompat.parser,Parser,map,Complex Method,"designitejava,pmd",File Not Found,File Not Found.Parser.map.Complex Method,4.0.B1,4.0.B1,4.0.RC1,1
cayenne,4.0.B1,org.apache.cayenne.wocompat.parser,ParserTokenManager,MoreLexicalActions,Complex Method,"designitejava,pmd",File Not Found,File Not Found.ParserTokenManager.MoreLexicalActions.Complex Method,4.0.B1,4.0.B1,4.0.RC1,1
cayenne,4.0.B1,org.apache.cayenne.wocompat.parser,ParserTokenManager,getNextToken,Complex Method,"designitejava,pmd",File Not Found,File Not Found.ParserTokenManager.getNextToken.Complex Method,4.0.B1,4.0.B1,4.0.RC1,1
cayenne,4.0.B1,org.apache.cayenne.wocompat.parser,ParserTokenManager,jjMoveNfa_0,Complex Method,"designitejava,pmd",File Not Found,File Not Found.ParserTokenManager.jjMoveNfa_0.Complex Method,4.0.B1,4.0.B1,4.0.RC1,1
cayenne,4.0.B1,org.apache.cayenne.wocompat.parser,ParserTokenManager,jjMoveNfa_1,Complex Method,"designitejava,pmd",File Not Found,File Not Found.ParserTokenManager.jjMoveNfa_1.Complex Method,4.0.B1,4.0.B1,4.0.RC1,1
cayenne,4.0.B1,org.apache.cayenne.wocompat.parser,ParserTokenManager,jjMoveNfa_2,Complex Method,"designitejava,pmd",File Not Found,File Not Found.ParserTokenManager.jjMoveNfa_2.Complex Method,4.0.B1,4.0.B1,4.0.RC1,1
cayenne,4.0.B1,org.apache.cayenne.wocompat.parser,ParserTokenManager,jjMoveStringLiteralDfa1_2,Complex Method,"designitejava,pmd",File Not Found,File Not Found.ParserTokenManager.jjMoveStringLiteralDfa1_2.Complex Method,4.0.B1,4.0.B1,4.0.RC1,1
cayenne,4.0.B1,org.apache.cayenne.modeler.action,PasteAction,paste,Complex Method,"designitejava,pmd",File Not Found,File Not Found.PasteAction.paste.Complex Method,4.0.B1,4.0.B1,4.0.RC1,1
cayenne,4.0.B1,org.apache.cayenne.modeler.undo,PasteUndoableEdit,undo,Complex Method,"designitejava,pmd",File Not Found,File Not Found.PasteUndoableEdit.undo.Complex Method,4.0.B1,4.0.B1,4.0.RC1,1
cayenne,4.0.B1,org.apache.cayenne.modeler.editor,ProcedureParameterTab,processExistingSelection,Complex Method,"designitejava,pmd",File Not Found,File Not Found.ProcedureParameterTab.processExistingSelection.Complex Method,4.0.B1,4.0.B1,4.0.RC1,1
cayenne,4.0.B1,org.apache.cayenne.modeler,ProjectController,fireNavigationEvent,Complex Method,"designitejava,pmd",File Not Found,File Not Found.ProjectController.fireNavigationEvent.Complex Method,4.0.B1,4.0.B1,4.0.RC1,1
cayenne,4.0.B1,org.apache.cayenne.modeler,ProjectController,getCurrentObject,Complex Method,"designitejava,pmd",File Not Found,File Not Found.ProjectController.getCurrentObject.Complex Method,4.0.B1,4.0.B1,4.0.RC1,1
cayenne,4.0.B1,org.apache.cayenne.modeler,ProjectController,removeFromHistory,Complex Method,"designitejava,pmd",File Not Found,File Not Found.ProjectController.removeFromHistory.Complex Method,4.0.B1,4.0.B1,4.0.RC1,1
cayenne,4.0.B1,org.apache.cayenne.modeler,ProjectTreeModel,positionNode,Complex Method,"designitejava,pmd",File Not Found,File Not Found.ProjectTreeModel.positionNode.Complex Method,4.0.B1,4.0.B1,4.0.RC1,1
cayenne,4.0.B1,org.apache.cayenne.modeler,ProjectTreeView,dataNodeChanged,Complex Method,"designitejava,pmd",File Not Found,File Not Found.ProjectTreeView.dataNodeChanged.Complex Method,4.0.B1,4.0.B1,4.0.RC1,1
cayenne,4.0.B1,org.apache.cayenne.modeler,ProjectTreeView,initController,Complex Method,"designitejava,pmd",File Not Found,File Not Found.ProjectTreeView.initController.Complex Method,4.0.B1,4.0.B1,4.0.RC1,1
cayenne,4.0.B1,org.apache.cayenne.modeler,ProjectTreeView,processSelection,Complex Method,"designitejava,pmd",File Not Found,File Not Found.ProjectTreeView.processSelection.Complex Method,4.0.B1,4.0.B1,4.0.RC1,1
cayenne,4.0.B1,org.apache.cayenne.modeler.util,ProjectUtil,cleanObjMappings,Complex Method,"designitejava,pmd",File Not Found,File Not Found.ProjectUtil.cleanObjMappings.Complex Method,4.0.B1,4.0.B1,4.0.RC1,1
cayenne,4.0.B1,org.apache.cayenne.modeler.util,ProjectUtil,findObjAttributesForDbRelationship,Complex Method,"designitejava,pmd",File Not Found,File Not Found.ProjectUtil.findObjAttributesForDbRelationship.Complex Method,4.0.B1,4.0.B1,4.0.RC1,1
cayenne,4.0.B1,org.apache.cayenne.wocompat,PropertyListSerialization,writeObject,Complex Method,"designitejava,pmd",File Not Found,File Not Found.PropertyListSerialization.writeObject.Complex Method,4.0.B1,4.0.B1,4.0.RC1,1
cayenne,4.0.B1,org.apache.cayenne.modeler.action,RemoveAction,performAction,Complex Method,"designitejava,pmd",File Not Found,File Not Found.RemoveAction.performAction.Complex Method,4.0.B1,4.0.B1,4.0.RC1,1
cayenne,4.0.B1,org.apache.cayenne.wocompat.parser,SimpleCharStream,FillBuff,Complex Method,"designitejava,pmd",File Not Found,File Not Found.SimpleCharStream.FillBuff.Complex Method,4.0.B1,4.0.B1,4.0.RC1,1
cayenne,4.0.B1,org.apache.cayenne.modeler.dialog.db.gen,TableSelectorController,updateTables,Complex Method,"designitejava,pmd",File Not Found,File Not Found.TableSelectorController.updateTables.Complex Method,4.0.B1,4.0.B1,4.0.RC1,1
cayenne,4.0.B1,org.apache.cayenne.swing.components.textpane,TextPaneView,drawUnselectedText,Complex Method,"designitejava,pmd",File Not Found,File Not Found.TextPaneView.drawUnselectedText.Complex Method,4.0.B1,4.0.B1,4.0.RC1,1
cayenne,4.1.B1,org.apache.cayenne.tools,CayenneGeneratorTask,,God Class,"pmd,checkstyle",cayenne-ant/src/main/java/org/apache/cayenne/tools/CayenneGeneratorTask.java,cayenne-ant/src/main/java/org/apache/cayenne/tools/CayenneGeneratorTask.java.CayenneGeneratorTask..God Class,4.1.B1,5.0-M1,5.0-M1,10
cayenne,4.1.B1,org.apache.cayenne.tools,CayenneGeneratorTask,cgenConfigFromPom,Complex Method,"pmd,checkstyle",cayenne-ant/src/main/java/org/apache/cayenne/tools/CayenneGeneratorTask.java,cayenne-ant/src/main/java/org/apache/cayenne/tools/CayenneGeneratorTask.java.CayenneGeneratorTask.cgenConfigFromPom.Complex Method,4.1.B1,5.0-M1,5.0-M1,10
cayenne,5.0-M1,org.apache.cayenne.tools,CayenneGeneratorTaskTest,testTransferPluginDataToCgenConfiguration,Feature Envy,"designitejava,checkstyle",cayenne-ant/src/test/java/org/apache/cayenne/tools/CayenneGeneratorTaskTest.java,cayenne-ant/src/test/java/org/apache/cayenne/tools/CayenneGeneratorTaskTest.java.CayenneGeneratorTaskTest.testTransferPluginDataToCgenConfiguration.Feature Envy,5.0-M1,5.0-M1,5.0-M1,1
cayenne,4.0.RC1,org.apache.cayenne.gen,ImportUtils,generate,Complex Method,"designitejava,pmd",cayenne-cgen/src/main/java/org/apache/cayenne/gen/ImportUtils.java,cayenne-cgen/src/main/java/org/apache/cayenne/gen/ImportUtils.java.ImportUtils.generate.Complex Method,4.0.RC1,5.0-M1,5.0-M1,14
cayenne,4.1.B1,org.apache.cayenne.gen.xml,CgenConfigHandler,createConfig,Feature Envy,"designitejava,checkstyle",cayenne-cgen/src/main/java/org/apache/cayenne/gen/xml/CgenConfigHandler.java,cayenne-cgen/src/main/java/org/apache/cayenne/gen/xml/CgenConfigHandler.java.CgenConfigHandler.createConfig.Feature Envy,4.1.B1,5.0-M1,5.0-M1,10
cayenne,4.1.B1,org.apache.cayenne.gen.xml,CgenConfigHandler,processCharData,Complex Method,"designitejava,checkstyle",cayenne-cgen/src/main/java/org/apache/cayenne/gen/xml/CgenConfigHandler.java,cayenne-cgen/src/main/java/org/apache/cayenne/gen/xml/CgenConfigHandler.java.CgenConfigHandler.processCharData.Complex Method,4.1.B1,5.0-M1,5.0-M1,10
cayenne,4.1.RC1,org.apache.cayenne.gen.xml,CgenSaverDelegate,resolveOutputDir,Complex Method,"designitejava,pmd",cayenne-cgen/src/main/java/org/apache/cayenne/gen/xml/CgenSaverDelegate.java,cayenne-cgen/src/main/java/org/apache/cayenne/gen/xml/CgenSaverDelegate.java.CgenSaverDelegate.resolveOutputDir.Complex Method,4.1.RC1,4.2.1,5.0-M1,8
cayenne,4.0.M2,org.apache.cayenne.configuration.rop.client,HessianConnectionProvider,get,Feature Envy,"designitejava,checkstyle",cayenne-client/src/main/java/org/apache/cayenne/configuration/rop/client/HessianConnectionProvider.java,cayenne-client/src/main/java/org/apache/cayenne/configuration/rop/client/HessianConnectionProvider.java.HessianConnectionProvider.get.Feature Envy,4.0.M2,4.0.M2,4.0.B1,1
cayenne,4.0.M2,org.apache.cayenne.remote,ClientChannel,onQuery,Complex Method,"designitejava,pmd",cayenne-client/src/main/java/org/apache/cayenne/remote/ClientChannel.java,cayenne-client/src/main/java/org/apache/cayenne/remote/ClientChannel.java.ClientChannel.onQuery.Complex Method,4.0.M2,4.2.1,5.0-M1,15
cayenne,4.0.M2,org.apache.cayenne.remote,ClientChannel,onSync,Complex Method,"designitejava,pmd,checkstyle",cayenne-client/src/main/java/org/apache/cayenne/remote/ClientChannel.java,cayenne-client/src/main/java/org/apache/cayenne/remote/ClientChannel.java.ClientChannel.onSync.Complex Method,4.0.M2,4.2.1,5.0-M1,15
cayenne,4.0.M2,org.apache.cayenne,CayenneContextDeleteRulesIT,testCascadeToOne,Feature Envy,"designitejava,checkstyle",cayenne-client/src/test/java/org/apache/cayenne/CayenneContextDeleteRulesIT.java,cayenne-client/src/test/java/org/apache/cayenne/CayenneContextDeleteRulesIT.java.CayenneContextDeleteRulesIT.testCascadeToOne.Feature Envy,4.0.M2,4.2.1,5.0-M1,15
cayenne,4.0.M2,org.apache.cayenne,CayenneContextDeleteRulesIT,testNullifyToOne,Feature Envy,"designitejava,checkstyle",cayenne-client/src/test/java/org/apache/cayenne/CayenneContextDeleteRulesIT.java,cayenne-client/src/test/java/org/apache/cayenne/CayenneContextDeleteRulesIT.java.CayenneContextDeleteRulesIT.testNullifyToOne.Feature Envy,4.0.M2,4.2.1,5.0-M1,15
cayenne,4.0.M2,org.apache.cayenne,CayenneContextMeaningfulPKIT,deleteAndCreateTwoMeaningfulPKsDataSet,Feature Envy,"designitejava,checkstyle",cayenne-client/src/test/java/org/apache/cayenne/CayenneContextMeaningfulPKIT.java,cayenne-client/src/test/java/org/apache/cayenne/CayenneContextMeaningfulPKIT.java.CayenneContextMeaningfulPKIT.deleteAndCreateTwoMeaningfulPKsDataSet.Feature Envy,4.0.M2,4.2.1,5.0-M1,15
cayenne,4.0.M2,org.apache.cayenne,CayenneContextValidationIT,testValidate,Feature Envy,"designitejava,checkstyle",cayenne-client/src/test/java/org/apache/cayenne/CayenneContextValidationIT.java,cayenne-client/src/test/java/org/apache/cayenne/CayenneContextValidationIT.java.CayenneContextValidationIT.testValidate.Feature Envy,4.0.M2,4.2.1,5.0-M1,15
cayenne,4.0.M2,org.apache.cayenne,CayenneContextWithDataContextIT,testRollbackChanges,Feature Envy,"designitejava,checkstyle",cayenne-client/src/test/java/org/apache/cayenne/CayenneContextWithDataContextIT.java,cayenne-client/src/test/java/org/apache/cayenne/CayenneContextWithDataContextIT.java.CayenneContextWithDataContextIT.testRollbackChanges.Feature Envy,4.0.M2,4.2.1,5.0-M1,15
cayenne,4.0.M2,org.apache.cayenne.query,ClientExpressionIT,testArrayInASTList,Feature Envy,"designitejava,checkstyle",cayenne-client/src/test/java/org/apache/cayenne/query/ClientExpressionIT.java,cayenne-client/src/test/java/org/apache/cayenne/query/ClientExpressionIT.java.ClientExpressionIT.testArrayInASTList.Feature Envy,4.0.M2,4.2.1,5.0-M1,15
cayenne,4.0.M2,org.apache.cayenne.query,ClientExpressionIT,testListInASTList,Feature Envy,"designitejava,checkstyle",cayenne-client/src/test/java/org/apache/cayenne/query/ClientExpressionIT.java,cayenne-client/src/test/java/org/apache/cayenne/query/ClientExpressionIT.java.ClientExpressionIT.testListInASTList.Feature Envy,4.0.M2,4.2.1,5.0-M1,15
cayenne,4.0.M2,org.apache.cayenne.query,ClientExpressionIT,testPersistentValueInExpression,Feature Envy,"designitejava,checkstyle",cayenne-client/src/test/java/org/apache/cayenne/query/ClientExpressionIT.java,cayenne-client/src/test/java/org/apache/cayenne/query/ClientExpressionIT.java.ClientExpressionIT.testPersistentValueInExpression.Feature Envy,4.0.M2,4.2.1,5.0-M1,15
cayenne,4.0.M2,org.apache.cayenne.remote,RemoteCallbacksIT,assertAll,Long Parameter List,"designitejava,checkstyle",cayenne-client/src/test/java/org/apache/cayenne/remote/RemoteCallbacksIT.java,cayenne-client/src/test/java/org/apache/cayenne/remote/RemoteCallbacksIT.java.RemoteCallbacksIT.assertAll.Long Parameter List,4.0.M2,4.2.1,5.0-M1,15
cayenne,4.1.1,org.apache.cayenne.commitlog,CommitLogFilterIT,testPostCommit_Delete,Feature Envy,"designitejava,checkstyle",cayenne-commitlog/src/test/java/org/apache/cayenne/commitlog/CommitLogFilterIT.java,cayenne-commitlog/src/test/java/org/apache/cayenne/commitlog/CommitLogFilterIT.java.CommitLogFilterIT.testPostCommit_Delete.Feature Envy,4.1.1,5.0-M1,5.0-M1,7
cayenne,4.1.1,org.apache.cayenne.commitlog,CommitLogFilterIT,testPostCommit_Delete_ToOneNullify,Feature Envy,"designitejava,checkstyle",cayenne-commitlog/src/test/java/org/apache/cayenne/commitlog/CommitLogFilterIT.java,cayenne-commitlog/src/test/java/org/apache/cayenne/commitlog/CommitLogFilterIT.java.CommitLogFilterIT.testPostCommit_Delete_ToOneNullify.Feature Envy,4.1.1,5.0-M1,5.0-M1,7
cayenne,4.1.1,org.apache.cayenne.commitlog,CommitLogFilterIT,testPostCommit_Delete_ToOne_OneWay,Feature Envy,"designitejava,checkstyle",cayenne-commitlog/src/test/java/org/apache/cayenne/commitlog/CommitLogFilterIT.java,cayenne-commitlog/src/test/java/org/apache/cayenne/commitlog/CommitLogFilterIT.java.CommitLogFilterIT.testPostCommit_Delete_ToOne_OneWay.Feature Envy,4.1.1,5.0-M1,5.0-M1,7
cayenne,4.0.M2,org.apache.cayenne.crypto,CryptoModuleBuilder,build,Complex Method,"designitejava,pmd",cayenne-crypto/src/main/java/org/apache/cayenne/crypto/CryptoModuleBuilder.java,cayenne-crypto/src/main/java/org/apache/cayenne/crypto/CryptoModuleBuilder.java.CryptoModuleBuilder.build.Complex Method,4.0.M2,4.0.M2,4.0.B1,1
cayenne,4.0.M2,org.apache.cayenne.crypto,CryptoModuleBuilder,configure,Complex Method,"designitejava,pmd",cayenne-crypto/src/main/java/org/apache/cayenne/crypto/CryptoModuleBuilder.java,cayenne-crypto/src/main/java/org/apache/cayenne/crypto/CryptoModuleBuilder.java.CryptoModuleBuilder.configure.Complex Method,4.0.M2,4.0.M2,4.0.B1,1
cayenne,4.0.RC1,org.apache.cayenne.crypto,CryptoModuleExtender,configure,Complex Method,"designitejava,pmd",cayenne-crypto/src/main/java/org/apache/cayenne/crypto/CryptoModuleExtender.java,cayenne-crypto/src/main/java/org/apache/cayenne/crypto/CryptoModuleExtender.java.CryptoModuleExtender.configure.Complex Method,4.0.RC1,4.0.1,4.1.M1,3
cayenne,4.0.RC1,org.apache.cayenne.crypto,CryptoModuleExtender,module,Complex Method,"designitejava,pmd",cayenne-crypto/src/main/java/org/apache/cayenne/crypto/CryptoModuleExtender.java,cayenne-crypto/src/main/java/org/apache/cayenne/crypto/CryptoModuleExtender.java.CryptoModuleExtender.module.Complex Method,4.0.RC1,4.2.1,5.0-M1,13
cayenne,4.0.B1,org.apache.cayenne.dbsync.merge,DbAttributeMerger,needUpdateType,Complex Method,"designitejava,checkstyle",cayenne-dbsync/src/main/java/org/apache/cayenne/dbsync/merge/DbAttributeMerger.java,cayenne-dbsync/src/main/java/org/apache/cayenne/dbsync/merge/DbAttributeMerger.java.DbAttributeMerger.needUpdateType.Complex Method,4.0.B1,5.0-M1,5.0-M1,15
cayenne,4.1.B1,org.apache.cayenne.dbsync.merge,DbRelationshipDictionary,filter,Feature Envy,"designitejava,checkstyle",cayenne-dbsync/src/main/java/org/apache/cayenne/dbsync/merge/DbRelationshipDictionary.java,cayenne-dbsync/src/main/java/org/apache/cayenne/dbsync/merge/DbRelationshipDictionary.java.DbRelationshipDictionary.filter.Feature Envy,4.1.B1,5.0-M1,5.0-M1,10
cayenne,4.0.B1,org.apache.cayenne.dbsync.merge.context,EntityMergeSupport,,God Class,"pmd,checkstyle",cayenne-dbsync/src/main/java/org/apache/cayenne/dbsync/merge/context/EntityMergeSupport.java,cayenne-dbsync/src/main/java/org/apache/cayenne/dbsync/merge/context/EntityMergeSupport.java.EntityMergeSupport..God Class,4.0.B1,5.0-M1,5.0-M1,15
cayenne,4.0.RC1,org.apache.cayenne.dbsync.merge.context,EntityMergeSupport,isSameAttributes,Complex Method,"designitejava,pmd",cayenne-dbsync/src/main/java/org/apache/cayenne/dbsync/merge/context/EntityMergeSupport.java,cayenne-dbsync/src/main/java/org/apache/cayenne/dbsync/merge/context/EntityMergeSupport.java.EntityMergeSupport.isSameAttributes.Complex Method,4.0.RC1,5.0-M1,5.0-M1,14
cayenne,4.0.B1,org.apache.cayenne.dbsync.reverse.dbload,RelationshipLoader,load,Complex Method,"designitejava,pmd",cayenne-dbsync/src/main/java/org/apache/cayenne/dbsync/reverse/dbload/RelationshipLoader.java,cayenne-dbsync/src/main/java/org/apache/cayenne/dbsync/reverse/dbload/RelationshipLoader.java.RelationshipLoader.load.Complex Method,4.0.B1,4.1.M1,4.1.B1,5
cayenne,4.0.B1,org.apache.cayenne.dbsync.reverse.filters,FiltersConfigBuilder,addEmptyElements,Complex Method,"designitejava,pmd,checkstyle",cayenne-dbsync/src/main/java/org/apache/cayenne/dbsync/reverse/filters/FiltersConfigBuilder.java,cayenne-dbsync/src/main/java/org/apache/cayenne/dbsync/reverse/filters/FiltersConfigBuilder.java.FiltersConfigBuilder.addEmptyElements.Complex Method,4.0.B1,5.0-M1,5.0-M1,15
cayenne,4.0.B1,org.apache.cayenne.dbsync.reverse.filters,FiltersConfigBuilder,addEmptyElements,Feature Envy,"designitejava,checkstyle",cayenne-dbsync/src/main/java/org/apache/cayenne/dbsync/reverse/filters/FiltersConfigBuilder.java,cayenne-dbsync/src/main/java/org/apache/cayenne/dbsync/reverse/filters/FiltersConfigBuilder.java.FiltersConfigBuilder.addEmptyElements.Feature Envy,4.0.B1,5.0-M1,5.0-M1,15
cayenne,4.1.B1,org.apache.cayenne.dbsync.xml,ConfigHandler,,God Class,"pmd,checkstyle",cayenne-dbsync/src/main/java/org/apache/cayenne/dbsync/xml/ConfigHandler.java,cayenne-dbsync/src/main/java/org/apache/cayenne/dbsync/xml/ConfigHandler.java.ConfigHandler..God Class,4.1.B1,5.0-M1,5.0-M1,10
cayenne,4.1.B1,org.apache.cayenne.dbsync.xml,ConfigHandler,processCharData,Complex Method,"designitejava,checkstyle",cayenne-dbsync/src/main/java/org/apache/cayenne/dbsync/xml/ConfigHandler.java,cayenne-dbsync/src/main/java/org/apache/cayenne/dbsync/xml/ConfigHandler.java.ConfigHandler.processCharData.Complex Method,4.1.B1,5.0-M1,5.0-M1,10
cayenne,4.0.B1,org.apache.cayenne.dbsync.merge,MergerFactoryIT,testAddTableToDb,Feature Envy,"designitejava,checkstyle",cayenne-dbsync/src/test/java/org/apache/cayenne/dbsync/merge/MergerFactoryIT.java,cayenne-dbsync/src/test/java/org/apache/cayenne/dbsync/merge/MergerFactoryIT.java.MergerFactoryIT.testAddTableToDb.Feature Envy,4.0.B1,5.0-M1,5.0-M1,15
cayenne,4.0.B1,org.apache.cayenne.dbsync.merge.token,ValueForNullIT,test,Feature Envy,"designitejava,checkstyle",cayenne-dbsync/src/test/java/org/apache/cayenne/dbsync/merge/token/ValueForNullIT.java,cayenne-dbsync/src/test/java/org/apache/cayenne/dbsync/merge/token/ValueForNullIT.java.ValueForNullIT.test.Feature Envy,4.0.B1,5.0-M1,5.0-M1,15
cayenne,4.0.M2,org.apache.cayenne.di.spi,ConstructorInjectingProvider,initConstructor,Complex Method,"designitejava,pmd,checkstyle",cayenne-di/src/main/java/org/apache/cayenne/di/spi/ConstructorInjectingProvider.java,cayenne-di/src/main/java/org/apache/cayenne/di/spi/ConstructorInjectingProvider.java.ConstructorInjectingProvider.initConstructor.Complex Method,4.0.M2,5.0-M1,5.0-M1,16
cayenne,4.0.M2,org.apache.cayenne.di.spi,DefaultAdhocObjectFactory,getJavaClass,Complex Method,"designitejava,pmd,checkstyle",cayenne-di/src/main/java/org/apache/cayenne/di/spi/DefaultAdhocObjectFactory.java,cayenne-di/src/main/java/org/apache/cayenne/di/spi/DefaultAdhocObjectFactory.java.DefaultAdhocObjectFactory.getJavaClass.Complex Method,4.0.M2,5.0-M1,5.0-M1,16
cayenne,4.1.B1,org.apache.cayenne.tools,CgenTask,cgenConfigFromPom,Complex Method,"pmd,checkstyle",cayenne-gradle-plugin/src/main/java/org/apache/cayenne/tools/CgenTask.java,cayenne-gradle-plugin/src/main/java/org/apache/cayenne/tools/CgenTask.java.CgenTask.cgenConfigFromPom.Complex Method,4.1.B1,5.0-M1,5.0-M1,10
cayenne,4.0.RC1,org.apache.cayenne.tools,CgenTask,getDestDirFile,Complex Method,"designitejava,pmd",cayenne-gradle-plugin/src/main/java/org/apache/cayenne/tools/CgenTask.java,cayenne-gradle-plugin/src/main/java/org/apache/cayenne/tools/CgenTask.java.CgenTask.getDestDirFile.Complex Method,4.0.RC1,5.0-M1,5.0-M1,14
cayenne,4.1.B1,org.apache.cayenne.event,JMSBridge,shutdownExternal,Complex Method,"pmd,checkstyle",cayenne-jms/src/main/java/org/apache/cayenne/event/JMSBridge.java,cayenne-jms/src/main/java/org/apache/cayenne/event/JMSBridge.java.JMSBridge.shutdownExternal.Complex Method,4.1.B1,4.2.1,5.0-M1,9
cayenne,4.0.M2,org.apache.cayenne.lifecycle.audit,AuditableFilterTest,testOnSyncAuditEventsCollapse,Feature Envy,"designitejava,checkstyle",cayenne-lifecycle/src/test/java/org/apache/cayenne/lifecycle/audit/AuditableFilterTest.java,cayenne-lifecycle/src/test/java/org/apache/cayenne/lifecycle/audit/AuditableFilterTest.java.AuditableFilterTest.testOnSyncAuditEventsCollapse.Feature Envy,4.0.M2,4.1.M1,4.1.B1,6
cayenne,4.0.M2,org.apache.cayenne.project,FileProjectSaver,clearRenamedFiles,Complex Method,"designitejava,pmd",cayenne-project/src/main/java/org/apache/cayenne/project/FileProjectSaver.java,cayenne-project/src/main/java/org/apache/cayenne/project/FileProjectSaver.java.FileProjectSaver.clearRenamedFiles.Complex Method,4.0.M2,5.0-M1,5.0-M1,16
cayenne,4.1.M1,org.apache.cayenne.project.extension.info,PropertyHandler,getParentObject,Complex Method,"designitejava,checkstyle",cayenne-project/src/main/java/org/apache/cayenne/project/extension/info/PropertyHandler.java,cayenne-project/src/main/java/org/apache/cayenne/project/extension/info/PropertyHandler.java.PropertyHandler.getParentObject.Complex Method,4.1.M1,5.0-M1,5.0-M1,11
cayenne,4.0.M2,org.apache.cayenne.project.validation,DbRelationshipValidator,validate,Complex Method,"designitejava,pmd,checkstyle",cayenne-project/src/main/java/org/apache/cayenne/project/validation/DbRelationshipValidator.java,cayenne-project/src/main/java/org/apache/cayenne/project/validation/DbRelationshipValidator.java.DbRelationshipValidator.validate.Complex Method,4.0.M2,4.2.1,5.0-M1,15
cayenne,5.0-M1,org.apache.cayenne.project.validation,EmbeddableValidator,checkForNameDuplicates,Complex Method,"designitejava,checkstyle",cayenne-project/src/main/java/org/apache/cayenne/project/validation/EmbeddableValidator.java,cayenne-project/src/main/java/org/apache/cayenne/project/validation/EmbeddableValidator.java.EmbeddableValidator.checkForNameDuplicates.Complex Method,5.0-M1,5.0-M1,5.0-M1,1
cayenne,4.0.M2,org.apache.cayenne.project.validation,EmbeddableValidator,validate,Complex Method,"designitejava,pmd,checkstyle",cayenne-project/src/main/java/org/apache/cayenne/project/validation/EmbeddableValidator.java,cayenne-project/src/main/java/org/apache/cayenne/project/validation/EmbeddableValidator.java.EmbeddableValidator.validate.Complex Method,4.0.M2,4.2.1,5.0-M1,15
cayenne,4.0.M2,org.apache.cayenne.project.validation,ObjAttributeValidator,validate,Complex Method,"designitejava,pmd,checkstyle",cayenne-project/src/main/java/org/apache/cayenne/project/validation/ObjAttributeValidator.java,cayenne-project/src/main/java/org/apache/cayenne/project/validation/ObjAttributeValidator.java.ObjAttributeValidator.validate.Complex Method,4.0.M2,4.0.M2,4.0.B1,1
cayenne,5.0-M1,org.apache.cayenne.project.validation,ObjEntityValidator,checkForNameDuplicates,Complex Method,"designitejava,checkstyle",cayenne-project/src/main/java/org/apache/cayenne/project/validation/ObjEntityValidator.java,cayenne-project/src/main/java/org/apache/cayenne/project/validation/ObjEntityValidator.java.ObjEntityValidator.checkForNameDuplicates.Complex Method,5.0-M1,5.0-M1,5.0-M1,1
cayenne,4.0.M2,org.apache.cayenne.project.validation,ObjEntityValidator,validateName,Complex Method,"designitejava,pmd,checkstyle",cayenne-project/src/main/java/org/apache/cayenne/project/validation/ObjEntityValidator.java,cayenne-project/src/main/java/org/apache/cayenne/project/validation/ObjEntityValidator.java.ObjEntityValidator.validateName.Complex Method,4.0.M2,4.2.1,5.0-M1,15
cayenne,4.0.M2,org.apache.cayenne.project.validation,ObjRelationshipValidator,validate,Complex Method,"designitejava,pmd,checkstyle",cayenne-project/src/main/java/org/apache/cayenne/project/validation/ObjRelationshipValidator.java,cayenne-project/src/main/java/org/apache/cayenne/project/validation/ObjRelationshipValidator.java.ObjRelationshipValidator.validate.Complex Method,4.0.M2,4.2.1,5.0-M1,15
cayenne,5.0-M1,org.apache.cayenne.project.upgrade.handlers,UpgradeHandler_V11Test,testCgenDomUpgrade,Complex Method,"designitejava,checkstyle",cayenne-project/src/test/java/org/apache/cayenne/project/upgrade/handlers/UpgradeHandler_V11Test.java,cayenne-project/src/test/java/org/apache/cayenne/project/upgrade/handlers/UpgradeHandler_V11Test.java.UpgradeHandler_V11Test.testCgenDomUpgrade.Complex Method,5.0-M1,5.0-M1,5.0-M1,1
cayenne,4.1,org.apache.cayenne.rop.protostuff,ProtostuffROPSerializationTest,testPropertySerialization,Feature Envy,"designitejava,checkstyle",cayenne-protostuff/src/test/java/org/apache/cayenne/rop/protostuff/ProtostuffROPSerializationTest.java,cayenne-protostuff/src/test/java/org/apache/cayenne/rop/protostuff/ProtostuffROPSerializationTest.java.ProtostuffROPSerializationTest.testPropertySerialization.Feature Envy,4.1,4.1.1,4.2.M1,2
cayenne,4.1.B1,org.apache.cayenne,CayenneContext,doCommitChanges,Complex Method,"designitejava,pmd,checkstyle",cayenne-rop-server/src/main/java/org/apache/cayenne/CayenneContext.java,cayenne-rop-server/src/main/java/org/apache/cayenne/CayenneContext.java.CayenneContext.doCommitChanges.Complex Method,4.1.B1,4.2.1,5.0-M1,9
cayenne,4.1.B1,org.apache.cayenne.remote,RemoteIncrementalFaultList,resolveInterval,Complex Method,"designitejava,pmd,checkstyle",cayenne-rop-server/src/main/java/org/apache/cayenne/remote/RemoteIncrementalFaultList.java,cayenne-rop-server/src/main/java/org/apache/cayenne/remote/RemoteIncrementalFaultList.java.RemoteIncrementalFaultList.resolveInterval.Complex Method,4.1.B1,4.2.1,5.0-M1,9
cayenne,4.0.M2,org.apache.cayenne,BaseContext,,God Class,"pmd,checkstyle",cayenne-server/src/main/java/org/apache/cayenne/BaseContext.java,cayenne-server/src/main/java/org/apache/cayenne/BaseContext.java.BaseContext..God Class,4.0.M2,4.2.1,5.0-M1,15
cayenne,4.0.M2,org.apache.cayenne,BaseContext,prepareForAccess,Complex Method,"designitejava,pmd",cayenne-server/src/main/java/org/apache/cayenne/BaseContext.java,cayenne-server/src/main/java/org/apache/cayenne/BaseContext.java.BaseContext.prepareForAccess.Complex Method,4.0.M2,4.2.1,5.0-M1,15
cayenne,4.1.M1,org.apache.cayenne,BaseDataObject,,God Class,"pmd,checkstyle",cayenne-server/src/main/java/org/apache/cayenne/BaseDataObject.java,cayenne-server/src/main/java/org/apache/cayenne/BaseDataObject.java.BaseDataObject..God Class,4.1.M1,4.2.1,5.0-M1,10
cayenne,4.1.M1,org.apache.cayenne,BaseDataObject,validateForSave,Complex Method,"designitejava,pmd,checkstyle",cayenne-server/src/main/java/org/apache/cayenne/BaseDataObject.java,cayenne-server/src/main/java/org/apache/cayenne/BaseDataObject.java.BaseDataObject.validateForSave.Complex Method,4.1.M1,4.2.1,5.0-M1,10
cayenne,4.0.M2,org.apache.cayenne,Cayenne,readNestedProperty,Complex Method,"designitejava,pmd,checkstyle",cayenne-server/src/main/java/org/apache/cayenne/Cayenne.java,cayenne-server/src/main/java/org/apache/cayenne/Cayenne.java.Cayenne.readNestedProperty.Complex Method,4.0.M2,4.2.1,5.0-M1,15
cayenne,4.0.M2,org.apache.cayenne,CayenneContext,doCommitChanges,Complex Method,"designitejava,pmd,checkstyle",cayenne-server/src/main/java/org/apache/cayenne/CayenneContext.java,cayenne-server/src/main/java/org/apache/cayenne/CayenneContext.java.CayenneContext.doCommitChanges.Complex Method,4.0.M2,4.1.M1,4.1.B1,6
cayenne,4.0.M2,org.apache.cayenne,CayenneDataObject,,God Class,"pmd,checkstyle",cayenne-server/src/main/java/org/apache/cayenne/CayenneDataObject.java,cayenne-server/src/main/java/org/apache/cayenne/CayenneDataObject.java.CayenneDataObject..God Class,4.0.M2,4.0.1,4.1.M1,5
cayenne,4.0.M2,org.apache.cayenne,CayenneDataObject,validateForSave,Complex Method,"designitejava,pmd,checkstyle",cayenne-server/src/main/java/org/apache/cayenne/CayenneDataObject.java,cayenne-server/src/main/java/org/apache/cayenne/CayenneDataObject.java.CayenneDataObject.validateForSave.Complex Method,4.0.M2,4.0.1,4.1.M1,5
cayenne,4.0.M2,org.apache.cayenne,ObjectContextChangeLog,unregisterNode,Complex Method,"designitejava,pmd",cayenne-server/src/main/java/org/apache/cayenne/ObjectContextChangeLog.java,cayenne-server/src/main/java/org/apache/cayenne/ObjectContextChangeLog.java.ObjectContextChangeLog.unregisterNode.Complex Method,4.0.M2,4.2.1,5.0-M1,15
cayenne,4.0.M2,org.apache.cayenne,ObjectContextDeleteAction,processDeleteRules,Complex Method,"designitejava,pmd,checkstyle",cayenne-server/src/main/java/org/apache/cayenne/ObjectContextDeleteAction.java,cayenne-server/src/main/java/org/apache/cayenne/ObjectContextDeleteAction.java.ObjectContextDeleteAction.processDeleteRules.Complex Method,4.0.M2,4.2.1,5.0-M1,15
cayenne,4.0.M2,org.apache.cayenne,ObjectId,equals,Complex Method,"designitejava,pmd,checkstyle",cayenne-server/src/main/java/org/apache/cayenne/ObjectId.java,cayenne-server/src/main/java/org/apache/cayenne/ObjectId.java.ObjectId.equals.Complex Method,4.0.M2,4.1.1,4.2.M1,10
cayenne,4.0.M2,org.apache.cayenne,ObjectId,hashCode,Complex Method,"designitejava,pmd",cayenne-server/src/main/java/org/apache/cayenne/ObjectId.java,cayenne-server/src/main/java/org/apache/cayenne/ObjectId.java.ObjectId.hashCode.Complex Method,4.0.M2,4.1.1,4.2.M1,10
cayenne,4.0.M2,org.apache.cayenne.access,ClientServerChannelQueryAction,interceptObjectConversion,Feature Envy,"designitejava,checkstyle",cayenne-server/src/main/java/org/apache/cayenne/access/ClientServerChannelQueryAction.java,cayenne-server/src/main/java/org/apache/cayenne/access/ClientServerChannelQueryAction.java.ClientServerChannelQueryAction.interceptObjectConversion.Feature Envy,4.0.M2,4.2.1,5.0-M1,15
cayenne,4.0.M2,org.apache.cayenne.access,DataContext,,God Class,"pmd,checkstyle",cayenne-server/src/main/java/org/apache/cayenne/access/DataContext.java,cayenne-server/src/main/java/org/apache/cayenne/access/DataContext.java.DataContext..God Class,4.0.M2,4.2.1,5.0-M1,15
cayenne,4.0.M2,org.apache.cayenne.access,DataContext,currentSnapshot,Complex Method,"designitejava,pmd",cayenne-server/src/main/java/org/apache/cayenne/access/DataContext.java,cayenne-server/src/main/java/org/apache/cayenne/access/DataContext.java.DataContext.currentSnapshot.Complex Method,4.0.M2,4.2.1,5.0-M1,15
cayenne,4.0.M2,org.apache.cayenne.access,DataContext,registerNewObject,Complex Method,"designitejava,pmd",cayenne-server/src/main/java/org/apache/cayenne/access/DataContext.java,cayenne-server/src/main/java/org/apache/cayenne/access/DataContext.java.DataContext.registerNewObject.Complex Method,4.0.M2,4.2.1,5.0-M1,15
cayenne,4.0.M2,org.apache.cayenne.access,DataDomain,,God Class,"pmd,checkstyle",cayenne-server/src/main/java/org/apache/cayenne/access/DataDomain.java,cayenne-server/src/main/java/org/apache/cayenne/access/DataDomain.java.DataDomain..God Class,4.0.M2,4.2.1,5.0-M1,15
cayenne,4.0.M2,org.apache.cayenne.access,DataDomain,lookupDataNode,Complex Method,"designitejava,pmd",cayenne-server/src/main/java/org/apache/cayenne/access/DataDomain.java,cayenne-server/src/main/java/org/apache/cayenne/access/DataDomain.java.DataDomain.lookupDataNode.Complex Method,4.0.M2,4.2.1,5.0-M1,15
cayenne,4.0.M2,org.apache.cayenne.access,DataDomainDeleteBucket,appendQueriesInternal,Complex Method,"designitejava,pmd",cayenne-server/src/main/java/org/apache/cayenne/access/DataDomainDeleteBucket.java,cayenne-server/src/main/java/org/apache/cayenne/access/DataDomainDeleteBucket.java.DataDomainDeleteBucket.appendQueriesInternal.Complex Method,4.0.M2,4.2.1,5.0-M1,15
cayenne,4.0.B1,org.apache.cayenne.access,DataDomainFlattenedBucket,appendInserts,Complex Method,"designitejava,pmd,checkstyle",cayenne-server/src/main/java/org/apache/cayenne/access/DataDomainFlattenedBucket.java,cayenne-server/src/main/java/org/apache/cayenne/access/DataDomainFlattenedBucket.java.DataDomainFlattenedBucket.appendInserts.Complex Method,4.0.B1,4.2.1,5.0-M1,14
cayenne,4.1.B1,org.apache.cayenne.access,DataDomainIndirectDiffBuilder,arcCreated,Complex Method,"designitejava,pmd",cayenne-server/src/main/java/org/apache/cayenne/access/DataDomainIndirectDiffBuilder.java,cayenne-server/src/main/java/org/apache/cayenne/access/DataDomainIndirectDiffBuilder.java.DataDomainIndirectDiffBuilder.arcCreated.Complex Method,4.1.B1,4.2.1,5.0-M1,9
cayenne,4.1.B1,org.apache.cayenne.access,DataDomainIndirectDiffBuilder,arcDeleted,Complex Method,"designitejava,pmd",cayenne-server/src/main/java/org/apache/cayenne/access/DataDomainIndirectDiffBuilder.java,cayenne-server/src/main/java/org/apache/cayenne/access/DataDomainIndirectDiffBuilder.java.DataDomainIndirectDiffBuilder.arcDeleted.Complex Method,4.1.B1,4.2.1,5.0-M1,9
cayenne,4.0.M2,org.apache.cayenne.access,DataDomainInsertBucket,createPermIds,Complex Method,"designitejava,pmd,checkstyle",cayenne-server/src/main/java/org/apache/cayenne/access/DataDomainInsertBucket.java,cayenne-server/src/main/java/org/apache/cayenne/access/DataDomainInsertBucket.java.DataDomainInsertBucket.createPermIds.Complex Method,4.0.M2,4.2.1,5.0-M1,15
cayenne,4.0.M2,org.apache.cayenne.access,DataDomainQueryAction,,God Class,"pmd,checkstyle",cayenne-server/src/main/java/org/apache/cayenne/access/DataDomainQueryAction.java,cayenne-server/src/main/java/org/apache/cayenne/access/DataDomainQueryAction.java.DataDomainQueryAction..God Class,4.0.M2,4.2.1,5.0-M1,15
cayenne,4.0.M2,org.apache.cayenne.access,DataDomainQueryAction,interceptRefreshQuery,Complex Method,"designitejava,pmd,checkstyle",cayenne-server/src/main/java/org/apache/cayenne/access/DataDomainQueryAction.java,cayenne-server/src/main/java/org/apache/cayenne/access/DataDomainQueryAction.java.DataDomainQueryAction.interceptRefreshQuery.Complex Method,4.0.M2,4.2.1,5.0-M1,15
cayenne,4.0.M2,org.apache.cayenne.access,DataDomainQueryAction,interceptRelationshipQuery,Complex Method,"designitejava,pmd,checkstyle",cayenne-server/src/main/java/org/apache/cayenne/access/DataDomainQueryAction.java,cayenne-server/src/main/java/org/apache/cayenne/access/DataDomainQueryAction.java.DataDomainQueryAction.interceptRelationshipQuery.Complex Method,4.0.M2,4.2.1,5.0-M1,15
cayenne,4.0.M2,org.apache.cayenne.access,DataDomainSyncBucket,groupObjEntitiesBySpannedDbEntities,Complex Method,"designitejava,pmd",cayenne-server/src/main/java/org/apache/cayenne/access/DataDomainSyncBucket.java,cayenne-server/src/main/java/org/apache/cayenne/access/DataDomainSyncBucket.java.DataDomainSyncBucket.groupObjEntitiesBySpannedDbEntities.Complex Method,4.0.M2,4.1.M1,4.1.B1,6
cayenne,4.0.M2,org.apache.cayenne.access,DataDomainSyncBucket,postprocess,Complex Method,"designitejava,pmd,checkstyle",cayenne-server/src/main/java/org/apache/cayenne/access/DataDomainSyncBucket.java,cayenne-server/src/main/java/org/apache/cayenne/access/DataDomainSyncBucket.java.DataDomainSyncBucket.postprocess.Complex Method,4.0.M2,4.2.1,5.0-M1,15
cayenne,4.0.M2,org.apache.cayenne.access,DataDomainSyncBucket,postprocess,Feature Envy,"designitejava,checkstyle",cayenne-server/src/main/java/org/apache/cayenne/access/DataDomainSyncBucket.java,cayenne-server/src/main/java/org/apache/cayenne/access/DataDomainSyncBucket.java.DataDomainSyncBucket.postprocess.Feature Envy,4.0.M2,4.2.1,5.0-M1,15
cayenne,4.0.M2,org.apache.cayenne.access,DataDomainUpdateBucket,appendQueriesInternal,Complex Method,"designitejava,pmd,checkstyle",cayenne-server/src/main/java/org/apache/cayenne/access/DataDomainUpdateBucket.java,cayenne-server/src/main/java/org/apache/cayenne/access/DataDomainUpdateBucket.java.DataDomainUpdateBucket.appendQueriesInternal.Complex Method,4.0.M2,4.2.1,5.0-M1,15
cayenne,4.0.M2,org.apache.cayenne.access,DataNodeSyncQualifierDescriptor,reset,Complex Method,"designitejava,pmd,checkstyle",cayenne-server/src/main/java/org/apache/cayenne/access/DataNodeSyncQualifierDescriptor.java,cayenne-server/src/main/java/org/apache/cayenne/access/DataNodeSyncQualifierDescriptor.java.DataNodeSyncQualifierDescriptor.reset.Complex Method,4.0.M2,4.2.1,5.0-M1,15
cayenne,4.0.M2,org.apache.cayenne.access,DataPort,processInsert,Complex Method,"designitejava,pmd,checkstyle",cayenne-server/src/main/java/org/apache/cayenne/access/DataPort.java,cayenne-server/src/main/java/org/apache/cayenne/access/DataPort.java.DataPort.processInsert.Complex Method,4.0.M2,4.1.M1,4.1.B1,6
cayenne,4.0.M2,org.apache.cayenne.access,DataRowStore,,God Class,"pmd,checkstyle",cayenne-server/src/main/java/org/apache/cayenne/access/DataRowStore.java,cayenne-server/src/main/java/org/apache/cayenne/access/DataRowStore.java.DataRowStore..God Class,4.0.M2,4.2.1,5.0-M1,15
cayenne,4.0.M2,org.apache.cayenne.access,DataRowStore,processUpdatedSnapshots,Complex Method,"designitejava,pmd",cayenne-server/src/main/java/org/apache/cayenne/access/DataRowStore.java,cayenne-server/src/main/java/org/apache/cayenne/access/DataRowStore.java.DataRowStore.processUpdatedSnapshots.Complex Method,4.0.M2,4.2.1,5.0-M1,15
cayenne,4.0.M2,org.apache.cayenne.access,DataRowStore,snapshotsUpdatedForObjects,Complex Method,"designitejava,pmd,checkstyle",cayenne-server/src/main/java/org/apache/cayenne/access/DataRowStore.java,cayenne-server/src/main/java/org/apache/cayenne/access/DataRowStore.java.DataRowStore.snapshotsUpdatedForObjects.Complex Method,4.0.M2,4.2.1,5.0-M1,15
cayenne,4.0.M2,org.apache.cayenne.access,DataRowUtils,forceMergeWithSnapshot,Complex Method,"designitejava,pmd",cayenne-server/src/main/java/org/apache/cayenne/access/DataRowUtils.java,cayenne-server/src/main/java/org/apache/cayenne/access/DataRowUtils.java.DataRowUtils.forceMergeWithSnapshot.Complex Method,4.0.M2,4.2.1,5.0-M1,15
cayenne,4.0.M2,org.apache.cayenne.access,DbGenerator,,God Class,"pmd,checkstyle",cayenne-server/src/main/java/org/apache/cayenne/access/DbGenerator.java,cayenne-server/src/main/java/org/apache/cayenne/access/DbGenerator.java.DbGenerator..God Class,4.0.M2,4.2.1,5.0-M1,15
cayenne,4.0.M2,org.apache.cayenne.access,DbGenerator,createConstraintsQueries,Complex Method,"designitejava,pmd,checkstyle",cayenne-server/src/main/java/org/apache/cayenne/access/DbGenerator.java,cayenne-server/src/main/java/org/apache/cayenne/access/DbGenerator.java.DbGenerator.createConstraintsQueries.Complex Method,4.0.M2,4.2.1,5.0-M1,15
cayenne,4.0.M2,org.apache.cayenne.access,DbGenerator,prepareDbEntities,Complex Method,"designitejava,pmd,checkstyle",cayenne-server/src/main/java/org/apache/cayenne/access/DbGenerator.java,cayenne-server/src/main/java/org/apache/cayenne/access/DbGenerator.java.DbGenerator.prepareDbEntities.Complex Method,4.0.M2,4.2.1,5.0-M1,15
cayenne,4.0.M2,org.apache.cayenne.access,DbGenerator,runGenerator,Complex Method,"designitejava,pmd,checkstyle",cayenne-server/src/main/java/org/apache/cayenne/access/DbGenerator.java,cayenne-server/src/main/java/org/apache/cayenne/access/DbGenerator.java.DbGenerator.runGenerator.Complex Method,4.0.M2,4.2.1,5.0-M1,15
cayenne,4.0.M2,org.apache.cayenne.access,DbLoader,,God Class,"pmd,checkstyle",cayenne-server/src/main/java/org/apache/cayenne/access/DbLoader.java,cayenne-server/src/main/java/org/apache/cayenne/access/DbLoader.java.DbLoader..God Class,4.0.M2,4.0.M2,4.0.B1,1
cayenne,4.0.M2,org.apache.cayenne.access,DbLoader,loadDbEntities,Complex Method,"designitejava,pmd",cayenne-server/src/main/java/org/apache/cayenne/access/DbLoader.java,cayenne-server/src/main/java/org/apache/cayenne/access/DbLoader.java.DbLoader.loadDbEntities.Complex Method,4.0.M2,4.0.M2,4.0.B1,1
cayenne,4.0.M2,org.apache.cayenne.access,DbLoader,loadDbRelationships,Complex Method,"designitejava,pmd,checkstyle",cayenne-server/src/main/java/org/apache/cayenne/access/DbLoader.java,cayenne-server/src/main/java/org/apache/cayenne/access/DbLoader.java.DbLoader.loadDbRelationships.Complex Method,4.0.M2,4.0.M2,4.0.B1,1
cayenne,4.0.M2,org.apache.cayenne.access,FlattenedArcKey,buildJoinSnapshotsForDelete,Complex Method,"designitejava,pmd",cayenne-server/src/main/java/org/apache/cayenne/access/FlattenedArcKey.java,cayenne-server/src/main/java/org/apache/cayenne/access/FlattenedArcKey.java.FlattenedArcKey.buildJoinSnapshotsForDelete.Complex Method,4.0.M2,4.2.1,5.0-M1,15
cayenne,4.0.M2,org.apache.cayenne.access,IncrementalFaultList,checkPageResultConsistency,Complex Method,"designitejava,pmd",cayenne-server/src/main/java/org/apache/cayenne/access/IncrementalFaultList.java,cayenne-server/src/main/java/org/apache/cayenne/access/IncrementalFaultList.java.IncrementalFaultList.checkPageResultConsistency.Complex Method,4.0.M2,4.2.1,5.0-M1,15
cayenne,4.0.M2,org.apache.cayenne.access,IncrementalFaultList,resolveInterval,Complex Method,"designitejava,checkstyle",cayenne-server/src/main/java/org/apache/cayenne/access/IncrementalFaultList.java,cayenne-server/src/main/java/org/apache/cayenne/access/IncrementalFaultList.java.IncrementalFaultList.resolveInterval.Complex Method,4.0.M2,4.2.1,5.0-M1,15
cayenne,4.0.B1,org.apache.cayenne.access,MixedResultIncrementalFaultList,resolveInterval,Complex Method,"designitejava,pmd,checkstyle",cayenne-server/src/main/java/org/apache/cayenne/access/MixedResultIncrementalFaultList.java,cayenne-server/src/main/java/org/apache/cayenne/access/MixedResultIncrementalFaultList.java.MixedResultIncrementalFaultList.resolveInterval.Complex Method,4.0.B1,4.2.1,5.0-M1,14
cayenne,4.0.M2,org.apache.cayenne.access,ObjectDiff,addDiff,Complex Method,"designitejava,pmd,checkstyle",cayenne-server/src/main/java/org/apache/cayenne/access/ObjectDiff.java,cayenne-server/src/main/java/org/apache/cayenne/access/ObjectDiff.java.ObjectDiff.addDiff.Complex Method,4.0.M2,4.2.1,5.0-M1,15
cayenne,4.0.M2,org.apache.cayenne.access,ObjectDiff,isNoop,Complex Method,"designitejava,pmd",cayenne-server/src/main/java/org/apache/cayenne/access/ObjectDiff.java,cayenne-server/src/main/java/org/apache/cayenne/access/ObjectDiff.java.ObjectDiff.isNoop.Complex Method,4.0.M2,4.2.1,5.0-M1,15
cayenne,4.0.RC1,org.apache.cayenne.access,ObjectResolver,createObjectId,Complex Method,"pmd,checkstyle",cayenne-server/src/main/java/org/apache/cayenne/access/ObjectResolver.java,cayenne-server/src/main/java/org/apache/cayenne/access/ObjectResolver.java.ObjectResolver.createObjectId.Complex Method,4.0.RC1,4.2.1,5.0-M1,13
cayenne,4.0.M2,org.apache.cayenne.access,ObjectStore,,God Class,"pmd,checkstyle",cayenne-server/src/main/java/org/apache/cayenne/access/ObjectStore.java,cayenne-server/src/main/java/org/apache/cayenne/access/ObjectStore.java.ObjectStore..God Class,4.0.M2,4.2.1,5.0-M1,15
cayenne,4.0.M2,org.apache.cayenne.access,ObjectStore,processDeletedID,Complex Method,"designitejava,pmd",cayenne-server/src/main/java/org/apache/cayenne/access/ObjectStore.java,cayenne-server/src/main/java/org/apache/cayenne/access/ObjectStore.java.ObjectStore.processDeletedID.Complex Method,4.0.M2,4.2.1,5.0-M1,15
cayenne,4.0.M2,org.apache.cayenne.access,ObjectStore,registerDiff,Complex Method,"designitejava,pmd",cayenne-server/src/main/java/org/apache/cayenne/access/ObjectStore.java,cayenne-server/src/main/java/org/apache/cayenne/access/ObjectStore.java.ObjectStore.registerDiff.Complex Method,4.0.M2,4.2.1,5.0-M1,15
cayenne,4.0.M2,org.apache.cayenne.access,ObjectStoreGraphDiff,validateAndCheckNoop,Complex Method,"designitejava,pmd,checkstyle",cayenne-server/src/main/java/org/apache/cayenne/access/ObjectStoreGraphDiff.java,cayenne-server/src/main/java/org/apache/cayenne/access/ObjectStoreGraphDiff.java.ObjectStoreGraphDiff.validateAndCheckNoop.Complex Method,4.0.M2,4.2.1,5.0-M1,15
cayenne,4.0.M2,org.apache.cayenne.access,PrefetchProcessorJointNode,buildRowMapping,Complex Method,"designitejava,checkstyle",cayenne-server/src/main/java/org/apache/cayenne/access/PrefetchProcessorJointNode.java,cayenne-server/src/main/java/org/apache/cayenne/access/PrefetchProcessorJointNode.java.PrefetchProcessorJointNode.buildRowMapping.Complex Method,4.0.M2,4.2.1,5.0-M1,15
cayenne,4.0.M2,org.apache.cayenne.access,PrefetchProcessorTreeBuilder,addNode,Complex Method,"designitejava,pmd,checkstyle",cayenne-server/src/main/java/org/apache/cayenne/access/PrefetchProcessorTreeBuilder.java,cayenne-server/src/main/java/org/apache/cayenne/access/PrefetchProcessorTreeBuilder.java.PrefetchProcessorTreeBuilder.addNode.Complex Method,4.0.M2,4.2.1,5.0-M1,15
cayenne,4.0.M2,org.apache.cayenne.access.dbsync,SchemaAnalyzer,analyzeSchemas,Complex Method,"designitejava,pmd",cayenne-server/src/main/java/org/apache/cayenne/access/dbsync/SchemaAnalyzer.java,cayenne-server/src/main/java/org/apache/cayenne/access/dbsync/SchemaAnalyzer.java.SchemaAnalyzer.analyzeSchemas.Complex Method,4.0.M2,4.2.1,5.0-M1,15
cayenne,4.0.M2,org.apache.cayenne.access.dbsync,SchemaAnalyzer,compareColumns,Complex Method,"designitejava,pmd,checkstyle",cayenne-server/src/main/java/org/apache/cayenne/access/dbsync/SchemaAnalyzer.java,cayenne-server/src/main/java/org/apache/cayenne/access/dbsync/SchemaAnalyzer.java.SchemaAnalyzer.compareColumns.Complex Method,4.0.M2,4.2.1,5.0-M1,15
cayenne,4.0.M2,org.apache.cayenne.access.dbsync,SchemaAnalyzer,compareTables,Complex Method,"designitejava,pmd,checkstyle",cayenne-server/src/main/java/org/apache/cayenne/access/dbsync/SchemaAnalyzer.java,cayenne-server/src/main/java/org/apache/cayenne/access/dbsync/SchemaAnalyzer.java.SchemaAnalyzer.compareTables.Complex Method,4.0.M2,4.2.1,5.0-M1,15
cayenne,4.2.M1,org.apache.cayenne.access.flush,ArcValuesCreationHandler,processFlattenedPath,Complex Method,"designitejava,pmd,checkstyle",cayenne-server/src/main/java/org/apache/cayenne/access/flush/ArcValuesCreationHandler.java,cayenne-server/src/main/java/org/apache/cayenne/access/flush/ArcValuesCreationHandler.java.ArcValuesCreationHandler.processFlattenedPath.Complex Method,4.2.M1,4.2.1,5.0-M1,5
cayenne,4.2.M1,org.apache.cayenne.access.flush,ArcValuesCreationHandler,processRelationship,Complex Method,"designitejava,pmd",cayenne-server/src/main/java/org/apache/cayenne/access/flush/ArcValuesCreationHandler.java,cayenne-server/src/main/java/org/apache/cayenne/access/flush/ArcValuesCreationHandler.java.ArcValuesCreationHandler.processRelationship.Complex Method,4.2.M1,4.2.1,5.0-M1,5
cayenne,4.2.M1,org.apache.cayenne.access.flush,FlushObserver,nextGeneratedRows,Complex Method,"designitejava,pmd",cayenne-server/src/main/java/org/apache/cayenne/access/flush/FlushObserver.java,cayenne-server/src/main/java/org/apache/cayenne/access/flush/FlushObserver.java.FlushObserver.nextGeneratedRows.Complex Method,4.2.M1,4.2.1,5.0-M1,5
cayenne,4.2.M1,org.apache.cayenne.access.flush,PermanentObjectIdVisitor,createPermanentId,Complex Method,"designitejava,pmd,checkstyle",cayenne-server/src/main/java/org/apache/cayenne/access/flush/PermanentObjectIdVisitor.java,cayenne-server/src/main/java/org/apache/cayenne/access/flush/PermanentObjectIdVisitor.java.PermanentObjectIdVisitor.createPermanentId.Complex Method,4.2.M1,4.2.1,5.0-M1,5
cayenne,4.2.M1,org.apache.cayenne.access.flush.operation,Values,merge,Complex Method,"designitejava,pmd,checkstyle",cayenne-server/src/main/java/org/apache/cayenne/access/flush/operation/Values.java,cayenne-server/src/main/java/org/apache/cayenne/access/flush/operation/Values.java.Values.merge.Complex Method,4.2.M1,4.2.1,5.0-M1,5
cayenne,4.0.B1,org.apache.cayenne.access.jdbc,RowDescriptorBuilder,mergeResultSetAndPresetColumns,Complex Method,"designitejava,checkstyle",cayenne-server/src/main/java/org/apache/cayenne/access/jdbc/RowDescriptorBuilder.java,cayenne-server/src/main/java/org/apache/cayenne/access/jdbc/RowDescriptorBuilder.java.RowDescriptorBuilder.mergeResultSetAndPresetColumns.Complex Method,4.0.B1,4.2.1,5.0-M1,14
cayenne,4.0.M2,org.apache.cayenne.access.jdbc,SQLTemplateAction,configureRowDescriptorBuilder,Complex Method,"designitejava,pmd,checkstyle",cayenne-server/src/main/java/org/apache/cayenne/access/jdbc/SQLTemplateAction.java,cayenne-server/src/main/java/org/apache/cayenne/access/jdbc/SQLTemplateAction.java.SQLTemplateAction.configureRowDescriptorBuilder.Complex Method,4.0.M2,4.2.1,5.0-M1,15
cayenne,4.0.M2,org.apache.cayenne.access.jdbc,SQLTemplateAction,execute,Complex Method,"designitejava,pmd",cayenne-server/src/main/java/org/apache/cayenne/access/jdbc/SQLTemplateAction.java,cayenne-server/src/main/java/org/apache/cayenne/access/jdbc/SQLTemplateAction.java.SQLTemplateAction.execute.Complex Method,4.0.M2,4.2.1,5.0-M1,15
cayenne,4.0.M2,org.apache.cayenne.access.jdbc,SQLTemplateAction,processSelectResult,Long Parameter List,"designitejava,checkstyle",cayenne-server/src/main/java/org/apache/cayenne/access/jdbc/SQLTemplateAction.java,cayenne-server/src/main/java/org/apache/cayenne/access/jdbc/SQLTemplateAction.java.SQLTemplateAction.processSelectResult.Long Parameter List,4.0.M2,4.2.1,5.0-M1,15
cayenne,4.0.B1,org.apache.cayenne.access.jdbc,SelectAction,forFetchLimit,Feature Envy,"designitejava,checkstyle",cayenne-server/src/main/java/org/apache/cayenne/access/jdbc/SelectAction.java,cayenne-server/src/main/java/org/apache/cayenne/access/jdbc/SelectAction.java.SelectAction.forFetchLimit.Feature Envy,4.0.B1,4.2.1,5.0-M1,14
cayenne,4.0.M2,org.apache.cayenne.access.loader.mapper,DefaultJdbc2JavaTypeMapper,getSqlTypeByJava,Complex Method,"designitejava,pmd,checkstyle",cayenne-server/src/main/java/org/apache/cayenne/access/loader/mapper/DefaultJdbc2JavaTypeMapper.java,cayenne-server/src/main/java/org/apache/cayenne/access/loader/mapper/DefaultJdbc2JavaTypeMapper.java.DefaultJdbc2JavaTypeMapper.getSqlTypeByJava.Complex Method,4.0.M2,4.0.M2,4.0.B1,1
cayenne,4.2.M1,org.apache.cayenne.access.sqlbuilder.sqltree,TrimmingColumnNode,appendColumnNode,Feature Envy,"designitejava,checkstyle",cayenne-server/src/main/java/org/apache/cayenne/access/sqlbuilder/sqltree/TrimmingColumnNode.java,cayenne-server/src/main/java/org/apache/cayenne/access/sqlbuilder/sqltree/TrimmingColumnNode.java.TrimmingColumnNode.appendColumnNode.Feature Envy,4.2.M1,4.2.1,5.0-M1,5
cayenne,4.2.M1,org.apache.cayenne.access.sqlbuilder.sqltree,ValueNode,appendValue,Complex Method,"designitejava,pmd,checkstyle",cayenne-server/src/main/java/org/apache/cayenne/access/sqlbuilder/sqltree/ValueNode.java,cayenne-server/src/main/java/org/apache/cayenne/access/sqlbuilder/sqltree/ValueNode.java.ValueNode.appendValue.Complex Method,4.2.M1,4.2.1,5.0-M1,5
cayenne,4.0.M2,org.apache.cayenne.access.translator.ejbql,EJBQLConditionTranslator,,God Class,"pmd,checkstyle",cayenne-server/src/main/java/org/apache/cayenne/access/translator/ejbql/EJBQLConditionTranslator.java,cayenne-server/src/main/java/org/apache/cayenne/access/translator/ejbql/EJBQLConditionTranslator.java.EJBQLConditionTranslator..God Class,4.0.M2,4.2.1,5.0-M1,15
cayenne,4.0.M2,org.apache.cayenne.access.translator.ejbql,EJBQLConditionTranslator,checkNullParameter,Feature Envy,"designitejava,checkstyle",cayenne-server/src/main/java/org/apache/cayenne/access/translator/ejbql/EJBQLConditionTranslator.java,cayenne-server/src/main/java/org/apache/cayenne/access/translator/ejbql/EJBQLConditionTranslator.java.EJBQLConditionTranslator.checkNullParameter.Feature Envy,4.0.M2,4.2.1,5.0-M1,15
cayenne,4.0.M2,org.apache.cayenne.access.translator.ejbql,EJBQLConditionTranslator,processParameter,Complex Method,"designitejava,pmd,checkstyle",cayenne-server/src/main/java/org/apache/cayenne/access/translator/ejbql/EJBQLConditionTranslator.java,cayenne-server/src/main/java/org/apache/cayenne/access/translator/ejbql/EJBQLConditionTranslator.java.EJBQLConditionTranslator.processParameter.Complex Method,4.0.M2,4.2.1,5.0-M1,15
cayenne,4.0.M2,org.apache.cayenne.access.translator.ejbql,EJBQLConditionTranslator,visitEquals,Complex Method,"designitejava,pmd",cayenne-server/src/main/java/org/apache/cayenne/access/translator/ejbql/EJBQLConditionTranslator.java,cayenne-server/src/main/java/org/apache/cayenne/access/translator/ejbql/EJBQLConditionTranslator.java.EJBQLConditionTranslator.visitEquals.Complex Method,4.0.M2,4.2.1,5.0-M1,15
cayenne,4.0.M2,org.apache.cayenne.access.translator.ejbql,EJBQLConditionTranslator,visitNotEquals,Complex Method,"designitejava,pmd",cayenne-server/src/main/java/org/apache/cayenne/access/translator/ejbql/EJBQLConditionTranslator.java,cayenne-server/src/main/java/org/apache/cayenne/access/translator/ejbql/EJBQLConditionTranslator.java.EJBQLConditionTranslator.visitNotEquals.Complex Method,4.0.M2,4.2.1,5.0-M1,15
cayenne,4.0.M2,org.apache.cayenne.access.translator.ejbql,EJBQLIdentifierColumnsTranslator,addPrefetchedColumnsIfAny,Feature Envy,"designitejava,checkstyle",cayenne-server/src/main/java/org/apache/cayenne/access/translator/ejbql/EJBQLIdentifierColumnsTranslator.java,cayenne-server/src/main/java/org/apache/cayenne/access/translator/ejbql/EJBQLIdentifierColumnsTranslator.java.EJBQLIdentifierColumnsTranslator.addPrefetchedColumnsIfAny.Feature Envy,4.0.M2,4.2.1,5.0-M1,15
cayenne,4.0.M2,org.apache.cayenne.access.translator.ejbql,EJBQLIdentifierColumnsTranslator,visitIdentifier,Complex Method,"designitejava,pmd",cayenne-server/src/main/java/org/apache/cayenne/access/translator/ejbql/EJBQLIdentifierColumnsTranslator.java,cayenne-server/src/main/java/org/apache/cayenne/access/translator/ejbql/EJBQLIdentifierColumnsTranslator.java.EJBQLIdentifierColumnsTranslator.visitIdentifier.Complex Method,4.0.M2,4.2.1,5.0-M1,15
cayenne,4.0.M2,org.apache.cayenne.access.translator.ejbql,EJBQLJoinAppender,appendJoin,Complex Method,"designitejava,pmd",cayenne-server/src/main/java/org/apache/cayenne/access/translator/ejbql/EJBQLJoinAppender.java,cayenne-server/src/main/java/org/apache/cayenne/access/translator/ejbql/EJBQLJoinAppender.java.EJBQLJoinAppender.appendJoin.Complex Method,4.0.M2,4.2.1,5.0-M1,15
cayenne,4.0.M2,org.apache.cayenne.access.translator.ejbql,EJBQLJoinAppender,generateJoinsForFlattenedAttributes,Complex Method,"designitejava,pmd",cayenne-server/src/main/java/org/apache/cayenne/access/translator/ejbql/EJBQLJoinAppender.java,cayenne-server/src/main/java/org/apache/cayenne/access/translator/ejbql/EJBQLJoinAppender.java.EJBQLJoinAppender.generateJoinsForFlattenedAttributes.Complex Method,4.0.M2,4.2.1,5.0-M1,15
cayenne,4.0.M2,org.apache.cayenne.access.translator.ejbql,EJBQLSelectColumnsTranslator,visitPath,Complex Method,"designitejava,pmd",cayenne-server/src/main/java/org/apache/cayenne/access/translator/ejbql/EJBQLSelectColumnsTranslator.java,cayenne-server/src/main/java/org/apache/cayenne/access/translator/ejbql/EJBQLSelectColumnsTranslator.java.EJBQLSelectColumnsTranslator.visitPath.Complex Method,4.0.M2,4.2.1,5.0-M1,15
cayenne,4.0.B1,org.apache.cayenne.access.translator.procedure,ProcedureTranslator,setInParam,Feature Envy,"designitejava,checkstyle",cayenne-server/src/main/java/org/apache/cayenne/access/translator/procedure/ProcedureTranslator.java,cayenne-server/src/main/java/org/apache/cayenne/access/translator/procedure/ProcedureTranslator.java.ProcedureTranslator.setInParam.Feature Envy,4.0.B1,4.2.1,5.0-M1,14
cayenne,4.2.M1,org.apache.cayenne.access.translator.select,CustomColumnSetExtractor,extractEmbeddedObject,Feature Envy,"designitejava,checkstyle",cayenne-server/src/main/java/org/apache/cayenne/access/translator/select/CustomColumnSetExtractor.java,cayenne-server/src/main/java/org/apache/cayenne/access/translator/select/CustomColumnSetExtractor.java.CustomColumnSetExtractor.extractEmbeddedObject.Feature Envy,4.2.M1,4.2.1,5.0-M1,5
cayenne,4.2.M1,org.apache.cayenne.access.translator.select,CustomColumnSetExtractor,extractSimpleProperty,Feature Envy,"designitejava,checkstyle",cayenne-server/src/main/java/org/apache/cayenne/access/translator/select/CustomColumnSetExtractor.java,cayenne-server/src/main/java/org/apache/cayenne/access/translator/select/CustomColumnSetExtractor.java.CustomColumnSetExtractor.extractSimpleProperty.Feature Envy,4.2.M1,4.2.1,5.0-M1,5
cayenne,4.0.B1,org.apache.cayenne.access.translator.select,DefaultSelectTranslator,,God Class,"pmd,checkstyle",cayenne-server/src/main/java/org/apache/cayenne/access/translator/select/DefaultSelectTranslator.java,cayenne-server/src/main/java/org/apache/cayenne/access/translator/select/DefaultSelectTranslator.java.DefaultSelectTranslator..God Class,4.0.B1,4.1.1,4.2.M1,9
cayenne,4.0.B1,org.apache.cayenne.access.translator.select,DefaultSelectTranslator,appendColumn,Complex Method,"designitejava,pmd",cayenne-server/src/main/java/org/apache/cayenne/access/translator/select/DefaultSelectTranslator.java,cayenne-server/src/main/java/org/apache/cayenne/access/translator/select/DefaultSelectTranslator.java.DefaultSelectTranslator.appendColumn.Complex Method,4.0.B1,4.1.1,4.2.M1,9
cayenne,4.0.B1,org.apache.cayenne.access.translator.select,DefaultSelectTranslator,appendColumn,Long Parameter List,"designitejava,checkstyle",cayenne-server/src/main/java/org/apache/cayenne/access/translator/select/DefaultSelectTranslator.java,cayenne-server/src/main/java/org/apache/cayenne/access/translator/select/DefaultSelectTranslator.java.DefaultSelectTranslator.appendColumn.Long Parameter List,4.0.B1,4.1.1,4.2.M1,9
cayenne,4.0.B1,org.apache.cayenne.access.translator.select,DefaultSelectTranslator,appendOverriddenColumns,Complex Method,"designitejava,pmd,checkstyle",cayenne-server/src/main/java/org/apache/cayenne/access/translator/select/DefaultSelectTranslator.java,cayenne-server/src/main/java/org/apache/cayenne/access/translator/select/DefaultSelectTranslator.java.DefaultSelectTranslator.appendOverriddenColumns.Complex Method,4.0.B1,4.1.1,4.2.M1,9
cayenne,4.0.B1,org.apache.cayenne.access.translator.select,DefaultSelectTranslator,appendQueryColumns,Complex Method,"designitejava,pmd,checkstyle",cayenne-server/src/main/java/org/apache/cayenne/access/translator/select/DefaultSelectTranslator.java,cayenne-server/src/main/java/org/apache/cayenne/access/translator/select/DefaultSelectTranslator.java.DefaultSelectTranslator.appendQueryColumns.Complex Method,4.0.B1,4.1.1,4.2.M1,9
cayenne,4.0.B1,org.apache.cayenne.access.translator.select,DefaultSelectTranslator,doTranslate,Complex Method,"designitejava,pmd,checkstyle",cayenne-server/src/main/java/org/apache/cayenne/access/translator/select/DefaultSelectTranslator.java,cayenne-server/src/main/java/org/apache/cayenne/access/translator/select/DefaultSelectTranslator.java.DefaultSelectTranslator.doTranslate.Complex Method,4.0.B1,4.1.1,4.2.M1,9
cayenne,4.1.RC1,org.apache.cayenne.access.translator.select,DefaultSelectTranslator,getAttributeForProperty,Complex Method,"designitejava,pmd",cayenne-server/src/main/java/org/apache/cayenne/access/translator/select/DefaultSelectTranslator.java,cayenne-server/src/main/java/org/apache/cayenne/access/translator/select/DefaultSelectTranslator.java.DefaultSelectTranslator.getAttributeForProperty.Complex Method,4.1.RC1,4.1.1,4.2.M1,3
cayenne,4.0.B1,org.apache.cayenne.access.translator.select,DefaultSelectTranslator,getJdbcTypeForProperty,Complex Method,"designitejava,pmd",cayenne-server/src/main/java/org/apache/cayenne/access/translator/select/DefaultSelectTranslator.java,cayenne-server/src/main/java/org/apache/cayenne/access/translator/select/DefaultSelectTranslator.java.DefaultSelectTranslator.getJdbcTypeForProperty.Complex Method,4.0.B1,4.1.B1,4.1.RC1,6
cayenne,4.2.M1,org.apache.cayenne.access.translator.select,DescriptorColumnExtractor,extract,Complex Method,"designitejava,pmd",cayenne-server/src/main/java/org/apache/cayenne/access/translator/select/DescriptorColumnExtractor.java,cayenne-server/src/main/java/org/apache/cayenne/access/translator/select/DescriptorColumnExtractor.java.DescriptorColumnExtractor.extract.Complex Method,4.2.M1,4.2.1,5.0-M1,5
cayenne,4.0.M2,org.apache.cayenne.access.translator.select,OrderingTranslator,doAppendPart,Complex Method,"designitejava,pmd",cayenne-server/src/main/java/org/apache/cayenne/access/translator/select/OrderingTranslator.java,cayenne-server/src/main/java/org/apache/cayenne/access/translator/select/OrderingTranslator.java.OrderingTranslator.doAppendPart.Complex Method,4.0.M2,4.1.1,4.2.M1,10
cayenne,4.2.B1,org.apache.cayenne.access.translator.select,PrefetchNodeStage,processJoint,Complex Method,"pmd,checkstyle",cayenne-server/src/main/java/org/apache/cayenne/access/translator/select/PrefetchNodeStage.java,cayenne-server/src/main/java/org/apache/cayenne/access/translator/select/PrefetchNodeStage.java.PrefetchNodeStage.processJoint.Complex Method,4.2.B1,4.2.1,5.0-M1,4
cayenne,4.0.M2,org.apache.cayenne.access.translator.select,QualifierTranslator,,God Class,"pmd,checkstyle",cayenne-server/src/main/java/org/apache/cayenne/access/translator/select/QualifierTranslator.java,cayenne-server/src/main/java/org/apache/cayenne/access/translator/select/QualifierTranslator.java.QualifierTranslator..God Class,4.0.M2,4.2.1,5.0-M1,15
cayenne,4.0.B1,org.apache.cayenne.access.translator.select,QualifierTranslator,endNode,Complex Method,"designitejava,checkstyle",cayenne-server/src/main/java/org/apache/cayenne/access/translator/select/QualifierTranslator.java,cayenne-server/src/main/java/org/apache/cayenne/access/translator/select/QualifierTranslator.java.QualifierTranslator.endNode.Complex Method,4.0.B1,4.1.1,4.2.M1,9
cayenne,4.2.M1,org.apache.cayenne.access.translator.select,QualifierTranslator,expToStr,Complex Method,"designitejava,checkstyle",cayenne-server/src/main/java/org/apache/cayenne/access/translator/select/QualifierTranslator.java,cayenne-server/src/main/java/org/apache/cayenne/access/translator/select/QualifierTranslator.java.QualifierTranslator.expToStr.Complex Method,4.2.M1,4.2.1,5.0-M1,5
cayenne,4.2.M1,org.apache.cayenne.access.translator.select,QualifierTranslator,expressionNodeToSqlNode,Complex Method,"designitejava,checkstyle",cayenne-server/src/main/java/org/apache/cayenne/access/translator/select/QualifierTranslator.java,cayenne-server/src/main/java/org/apache/cayenne/access/translator/select/QualifierTranslator.java.QualifierTranslator.expressionNodeToSqlNode.Complex Method,4.2.M1,4.2.1,5.0-M1,5
cayenne,4.0.M2,org.apache.cayenne.access.translator.select,QualifierTranslator,finishedChild,Complex Method,"designitejava,pmd,checkstyle",cayenne-server/src/main/java/org/apache/cayenne/access/translator/select/QualifierTranslator.java,cayenne-server/src/main/java/org/apache/cayenne/access/translator/select/QualifierTranslator.java.QualifierTranslator.finishedChild.Complex Method,4.0.M2,4.1.1,4.2.M1,10
cayenne,4.0.M2,org.apache.cayenne.access.translator.select,QualifierTranslator,startNode,Complex Method,"designitejava,pmd,checkstyle",cayenne-server/src/main/java/org/apache/cayenne/access/translator/select/QualifierTranslator.java,cayenne-server/src/main/java/org/apache/cayenne/access/translator/select/QualifierTranslator.java.QualifierTranslator.startNode.Complex Method,4.0.M2,4.1.1,4.2.M1,10
cayenne,4.0.M2,org.apache.cayenne.access.translator.select,QueryAssemblerHelper,appendDbPath,Complex Method,"designitejava,pmd",cayenne-server/src/main/java/org/apache/cayenne/access/translator/select/QueryAssemblerHelper.java,cayenne-server/src/main/java/org/apache/cayenne/access/translator/select/QueryAssemblerHelper.java.QueryAssemblerHelper.appendDbPath.Complex Method,4.0.M2,4.1.1,4.2.M1,10
cayenne,4.0.M2,org.apache.cayenne.access.translator.select,QueryAssemblerHelper,appendLiteral,Complex Method,"designitejava,pmd",cayenne-server/src/main/java/org/apache/cayenne/access/translator/select/QueryAssemblerHelper.java,cayenne-server/src/main/java/org/apache/cayenne/access/translator/select/QueryAssemblerHelper.java.QueryAssemblerHelper.appendLiteral.Complex Method,4.0.M2,4.1.1,4.2.M1,10
cayenne,4.0.M2,org.apache.cayenne.access.translator.select,QueryAssemblerHelper,appendObjPath,Complex Method,"designitejava,pmd,checkstyle",cayenne-server/src/main/java/org/apache/cayenne/access/translator/select/QueryAssemblerHelper.java,cayenne-server/src/main/java/org/apache/cayenne/access/translator/select/QueryAssemblerHelper.java.QueryAssemblerHelper.appendObjPath.Complex Method,4.0.M2,4.1.1,4.2.M1,10
cayenne,4.0.M2,org.apache.cayenne.access.translator.select,QueryAssemblerHelper,paramsDbType,Complex Method,"designitejava,pmd,checkstyle",cayenne-server/src/main/java/org/apache/cayenne/access/translator/select/QueryAssemblerHelper.java,cayenne-server/src/main/java/org/apache/cayenne/access/translator/select/QueryAssemblerHelper.java.QueryAssemblerHelper.paramsDbType.Complex Method,4.0.M2,4.1.1,4.2.M1,10
cayenne,4.0.M2,org.apache.cayenne.access.translator.select,SelectTranslator,appendColumn,Complex Method,"designitejava,pmd",cayenne-server/src/main/java/org/apache/cayenne/access/translator/select/SelectTranslator.java,cayenne-server/src/main/java/org/apache/cayenne/access/translator/select/SelectTranslator.java.SelectTranslator.appendColumn.Complex Method,4.0.M2,4.0.M2,4.0.B1,1
cayenne,4.0.M2,org.apache.cayenne.access.translator.select,SelectTranslator,appendQueryColumns,Complex Method,"designitejava,pmd,checkstyle",cayenne-server/src/main/java/org/apache/cayenne/access/translator/select/SelectTranslator.java,cayenne-server/src/main/java/org/apache/cayenne/access/translator/select/SelectTranslator.java.SelectTranslator.appendQueryColumns.Complex Method,4.0.M2,4.0.M2,4.0.B1,1
cayenne,4.0.M2,org.apache.cayenne.access.translator.select,SelectTranslator,createSqlString,Complex Method,"designitejava,pmd,checkstyle",cayenne-server/src/main/java/org/apache/cayenne/access/translator/select/SelectTranslator.java,cayenne-server/src/main/java/org/apache/cayenne/access/translator/select/SelectTranslator.java.SelectTranslator.createSqlString.Complex Method,4.0.M2,4.0.M2,4.0.B1,1
cayenne,4.1.1,org.apache.cayenne.access.types,UtilDateType,setJdbcObject,Complex Method,"designitejava,pmd",cayenne-server/src/main/java/org/apache/cayenne/access/types/UtilDateType.java,cayenne-server/src/main/java/org/apache/cayenne/access/types/UtilDateType.java.UtilDateType.setJdbcObject.Complex Method,4.1.1,4.2.1,5.0-M1,6
cayenne,4.2.M1,org.apache.cayenne.ashwood,AshwoodEntitySorter,buildDigraph,Complex Method,"designitejava,pmd,checkstyle",cayenne-server/src/main/java/org/apache/cayenne/ashwood/AshwoodEntitySorter.java,cayenne-server/src/main/java/org/apache/cayenne/ashwood/AshwoodEntitySorter.java.AshwoodEntitySorter.buildDigraph.Complex Method,4.2.M1,4.2.1,5.0-M1,5
cayenne,4.0.M2,org.apache.cayenne.ashwood,AshwoodEntitySorter,doIndexSorter,Complex Method,"designitejava,pmd,checkstyle",cayenne-server/src/main/java/org/apache/cayenne/ashwood/AshwoodEntitySorter.java,cayenne-server/src/main/java/org/apache/cayenne/ashwood/AshwoodEntitySorter.java.AshwoodEntitySorter.doIndexSorter.Complex Method,4.0.M2,4.2.1,5.0-M1,15
cayenne,4.0.M2,org.apache.cayenne.ashwood,AshwoodEntitySorter,sortObjectsForEntity,Complex Method,"designitejava,pmd,checkstyle",cayenne-server/src/main/java/org/apache/cayenne/ashwood/AshwoodEntitySorter.java,cayenne-server/src/main/java/org/apache/cayenne/ashwood/AshwoodEntitySorter.java.AshwoodEntitySorter.sortObjectsForEntity.Complex Method,4.0.M2,4.1.1,4.2.M1,10
cayenne,4.0.M2,org.apache.cayenne.ashwood.graph,StrongConnection,contract,Complex Method,"designitejava,pmd",cayenne-server/src/main/java/org/apache/cayenne/ashwood/graph/StrongConnection.java,cayenne-server/src/main/java/org/apache/cayenne/ashwood/graph/StrongConnection.java.StrongConnection.contract.Complex Method,4.0.M2,4.2.1,5.0-M1,15
cayenne,4.0.M2,org.apache.cayenne.cache,OSQueryCache,init,Complex Method,"designitejava,pmd",cayenne-server/src/main/java/org/apache/cayenne/cache/OSQueryCache.java,cayenne-server/src/main/java/org/apache/cayenne/cache/OSQueryCache.java.OSQueryCache.init.Complex Method,4.0.M2,4.1.M1,4.1.B1,6
cayenne,4.0.M2,org.apache.cayenne.configuration,DefaultDataChannelDescriptorMerger,merge,Complex Method,"designitejava,pmd,checkstyle",cayenne-server/src/main/java/org/apache/cayenne/configuration/DefaultDataChannelDescriptorMerger.java,cayenne-server/src/main/java/org/apache/cayenne/configuration/DefaultDataChannelDescriptorMerger.java.DefaultDataChannelDescriptorMerger.merge.Complex Method,4.0.M2,4.2.1,5.0-M1,15
cayenne,4.0.M2,org.apache.cayenne.configuration.server,ServerRuntimeBuilder,buildModules,Complex Method,"designitejava,pmd",cayenne-server/src/main/java/org/apache/cayenne/configuration/server/ServerRuntimeBuilder.java,cayenne-server/src/main/java/org/apache/cayenne/configuration/server/ServerRuntimeBuilder.java.ServerRuntimeBuilder.buildModules.Complex Method,4.0.M2,4.0.M2,4.0.B1,1
cayenne,4.0.B1,org.apache.cayenne.configuration.server,ServerRuntimeBuilder,builderModules,Complex Method,"designitejava,pmd",cayenne-server/src/main/java/org/apache/cayenne/configuration/server/ServerRuntimeBuilder.java,cayenne-server/src/main/java/org/apache/cayenne/configuration/server/ServerRuntimeBuilder.java.ServerRuntimeBuilder.builderModules.Complex Method,4.0.B1,4.2.1,5.0-M1,14
cayenne,4.1.M1,org.apache.cayenne.configuration.xml,DataChannelChildrenHandler,addNode,Feature Envy,"designitejava,checkstyle",cayenne-server/src/main/java/org/apache/cayenne/configuration/xml/DataChannelChildrenHandler.java,cayenne-server/src/main/java/org/apache/cayenne/configuration/xml/DataChannelChildrenHandler.java.DataChannelChildrenHandler.addNode.Feature Envy,4.1.M1,4.2.1,5.0-M1,10
cayenne,4.1.M1,org.apache.cayenne.configuration.xml,DataSourceChildrenHandler,configureCredentials,Complex Method,"designitejava,pmd,checkstyle",cayenne-server/src/main/java/org/apache/cayenne/configuration/xml/DataSourceChildrenHandler.java,cayenne-server/src/main/java/org/apache/cayenne/configuration/xml/DataSourceChildrenHandler.java.DataSourceChildrenHandler.configureCredentials.Complex Method,4.1.M1,4.2.1,5.0-M1,10
cayenne,4.1.M1,org.apache.cayenne.configuration.xml,DataSourceChildrenHandler,configureCredentials,Feature Envy,"designitejava,checkstyle",cayenne-server/src/main/java/org/apache/cayenne/configuration/xml/DataSourceChildrenHandler.java,cayenne-server/src/main/java/org/apache/cayenne/configuration/xml/DataSourceChildrenHandler.java.DataSourceChildrenHandler.configureCredentials.Feature Envy,4.1.M1,4.2.1,5.0-M1,10
cayenne,4.1.M1,org.apache.cayenne.configuration.xml,DbEntityHandler,createDbAttribute,Feature Envy,"designitejava,checkstyle",cayenne-server/src/main/java/org/apache/cayenne/configuration/xml/DbEntityHandler.java,cayenne-server/src/main/java/org/apache/cayenne/configuration/xml/DbEntityHandler.java.DbEntityHandler.createDbAttribute.Feature Envy,4.1.M1,4.2.1,5.0-M1,10
cayenne,4.1.M1,org.apache.cayenne.configuration.xml,ObjEntityHandler,createObjAttribute,Feature Envy,"designitejava,checkstyle",cayenne-server/src/main/java/org/apache/cayenne/configuration/xml/ObjEntityHandler.java,cayenne-server/src/main/java/org/apache/cayenne/configuration/xml/ObjEntityHandler.java.ObjEntityHandler.createObjAttribute.Feature Envy,4.1.M1,4.2.1,5.0-M1,10
cayenne,4.1.M1,org.apache.cayenne.configuration.xml,ObjEntityHandler,createObjEntity,Feature Envy,"designitejava,checkstyle",cayenne-server/src/main/java/org/apache/cayenne/configuration/xml/ObjEntityHandler.java,cayenne-server/src/main/java/org/apache/cayenne/configuration/xml/ObjEntityHandler.java.ObjEntityHandler.createObjEntity.Feature Envy,4.1.M1,4.2.1,5.0-M1,10
cayenne,4.1.M1,org.apache.cayenne.configuration.xml,ObjRelationshipHandler,addObjRelationship,Feature Envy,"designitejava,checkstyle",cayenne-server/src/main/java/org/apache/cayenne/configuration/xml/ObjRelationshipHandler.java,cayenne-server/src/main/java/org/apache/cayenne/configuration/xml/ObjRelationshipHandler.java.ObjRelationshipHandler.addObjRelationship.Feature Envy,4.1.M1,4.2.1,5.0-M1,10
cayenne,4.1.M1,org.apache.cayenne.configuration.xml,ProcedureHandler,addProcedure,Feature Envy,"designitejava,checkstyle",cayenne-server/src/main/java/org/apache/cayenne/configuration/xml/ProcedureHandler.java,cayenne-server/src/main/java/org/apache/cayenne/configuration/xml/ProcedureHandler.java.ProcedureHandler.addProcedure.Feature Envy,4.1.M1,4.2.1,5.0-M1,10
cayenne,4.1.M1,org.apache.cayenne.configuration.xml,QueryDescriptorHandler,addQueryDescriptor,Feature Envy,"designitejava,checkstyle",cayenne-server/src/main/java/org/apache/cayenne/configuration/xml/QueryDescriptorHandler.java,cayenne-server/src/main/java/org/apache/cayenne/configuration/xml/QueryDescriptorHandler.java.QueryDescriptorHandler.addQueryDescriptor.Feature Envy,4.1.M1,4.2.1,5.0-M1,10
cayenne,4.0.M2,org.apache.cayenne.conn,ConnectionWrapper,,God Class,"pmd,checkstyle",cayenne-server/src/main/java/org/apache/cayenne/conn/ConnectionWrapper.java,cayenne-server/src/main/java/org/apache/cayenne/conn/ConnectionWrapper.java.ConnectionWrapper..God Class,4.0.M2,4.0.M2,4.0.B1,1
cayenne,4.0.M2,org.apache.cayenne.conn,DataSourceInfo,equals,Complex Method,"designitejava,pmd,checkstyle",cayenne-server/src/main/java/org/apache/cayenne/conn/DataSourceInfo.java,cayenne-server/src/main/java/org/apache/cayenne/conn/DataSourceInfo.java.DataSourceInfo.equals.Complex Method,4.0.M2,4.2.1,5.0-M1,15
cayenne,4.0.M2,org.apache.cayenne.conn,PoolManager,init,Long Parameter List,"designitejava,checkstyle",cayenne-server/src/main/java/org/apache/cayenne/conn/PoolManager.java,cayenne-server/src/main/java/org/apache/cayenne/conn/PoolManager.java.PoolManager.init.Long Parameter List,4.0.M2,4.0.M2,4.0.B1,1
cayenne,4.0.B1,org.apache.cayenne.datasource,PoolAwareConnection,,God Class,"pmd,checkstyle",cayenne-server/src/main/java/org/apache/cayenne/datasource/PoolAwareConnection.java,cayenne-server/src/main/java/org/apache/cayenne/datasource/PoolAwareConnection.java.PoolAwareConnection..God Class,4.0.B1,4.2.1,5.0-M1,14
cayenne,4.0.M2,org.apache.cayenne.dba,AutoAdapter,buildAttribute,Long Parameter List,"designitejava,checkstyle",cayenne-server/src/main/java/org/apache/cayenne/dba/AutoAdapter.java,cayenne-server/src/main/java/org/apache/cayenne/dba/AutoAdapter.java.AutoAdapter.buildAttribute.Long Parameter List,4.0.M2,4.2.1,5.0-M1,15
cayenne,4.0.M2,org.apache.cayenne.dba,DbAdapter,buildAttribute,Long Parameter List,"designitejava,checkstyle",cayenne-server/src/main/java/org/apache/cayenne/dba/DbAdapter.java,cayenne-server/src/main/java/org/apache/cayenne/dba/DbAdapter.java.DbAdapter.buildAttribute.Long Parameter List,4.0.M2,4.2.1,5.0-M1,15
cayenne,4.0.M2,org.apache.cayenne.dba,JdbcAdapter,,God Class,"pmd,checkstyle",cayenne-server/src/main/java/org/apache/cayenne/dba/JdbcAdapter.java,cayenne-server/src/main/java/org/apache/cayenne/dba/JdbcAdapter.java.JdbcAdapter..God Class,4.0.M2,4.2.1,5.0-M1,15
cayenne,4.0.M2,org.apache.cayenne.dba,JdbcAdapter,buildAttribute,Long Parameter List,"designitejava,checkstyle",cayenne-server/src/main/java/org/apache/cayenne/dba/JdbcAdapter.java,cayenne-server/src/main/java/org/apache/cayenne/dba/JdbcAdapter.java.JdbcAdapter.buildAttribute.Long Parameter List,4.0.M2,4.2.1,5.0-M1,15
cayenne,4.0.M2,org.apache.cayenne.dba,JdbcPkGenerator,generatePk,Complex Method,"designitejava,pmd",cayenne-server/src/main/java/org/apache/cayenne/dba/JdbcPkGenerator.java,cayenne-server/src/main/java/org/apache/cayenne/dba/JdbcPkGenerator.java.JdbcPkGenerator.generatePk.Complex Method,4.0.M2,4.2.1,5.0-M1,15
cayenne,4.0.M2,org.apache.cayenne.dba,TypesMapping,getSqlTypeByJava,Complex Method,"designitejava,pmd,checkstyle",cayenne-server/src/main/java/org/apache/cayenne/dba/TypesMapping.java,cayenne-server/src/main/java/org/apache/cayenne/dba/TypesMapping.java.TypesMapping.getSqlTypeByJava.Complex Method,4.0.M2,4.2.1,5.0-M1,15
cayenne,4.0.M2,org.apache.cayenne.dba,TypesMapping,pickDataType,Complex Method,"designitejava,pmd,checkstyle",cayenne-server/src/main/java/org/apache/cayenne/dba/TypesMapping.java,cayenne-server/src/main/java/org/apache/cayenne/dba/TypesMapping.java.TypesMapping.pickDataType.Complex Method,4.0.M2,4.2.1,5.0-M1,15
cayenne,4.0.M2,org.apache.cayenne.dba.db2,DB2Adapter,createTable,Complex Method,"designitejava,pmd,checkstyle",cayenne-server/src/main/java/org/apache/cayenne/dba/db2/DB2Adapter.java,cayenne-server/src/main/java/org/apache/cayenne/dba/db2/DB2Adapter.java.DB2Adapter.createTable.Complex Method,4.0.M2,4.0.M2,4.0.B1,1
cayenne,4.0.M2,org.apache.cayenne.dba.db2,DB2QualifierTranslator,appendLiteralDirect,Complex Method,"designitejava,pmd,checkstyle",cayenne-server/src/main/java/org/apache/cayenne/dba/db2/DB2QualifierTranslator.java,cayenne-server/src/main/java/org/apache/cayenne/dba/db2/DB2QualifierTranslator.java.DB2QualifierTranslator.appendLiteralDirect.Complex Method,4.0.M2,4.1.1,4.2.M1,10
cayenne,4.2.M1,org.apache.cayenne.dba.firebird,FirebirdSQLTreeProcessor,onInNode,Complex Method,"designitejava,pmd,checkstyle",cayenne-server/src/main/java/org/apache/cayenne/dba/firebird/FirebirdSQLTreeProcessor.java,cayenne-server/src/main/java/org/apache/cayenne/dba/firebird/FirebirdSQLTreeProcessor.java.FirebirdSQLTreeProcessor.onInNode.Complex Method,4.2.M1,4.2.1,5.0-M1,5
cayenne,4.0.M2,org.apache.cayenne.dba.frontbase,FrontBaseAdapter,createTable,Complex Method,"designitejava,pmd,checkstyle",cayenne-server/src/main/java/org/apache/cayenne/dba/frontbase/FrontBaseAdapter.java,cayenne-server/src/main/java/org/apache/cayenne/dba/frontbase/FrontBaseAdapter.java.FrontBaseAdapter.createTable.Complex Method,4.0.M2,4.2.1,5.0-M1,15
cayenne,4.2.B1,org.apache.cayenne.dba.frontbase,FrontBaseTemplateAction,execute,Complex Method,"pmd,checkstyle",cayenne-server/src/main/java/org/apache/cayenne/dba/frontbase/FrontBaseTemplateAction.java,cayenne-server/src/main/java/org/apache/cayenne/dba/frontbase/FrontBaseTemplateAction.java.FrontBaseTemplateAction.execute.Complex Method,4.2.B1,4.2.1,5.0-M1,4
cayenne,4.0.M2,org.apache.cayenne.dba.mysql,MySQLAdapter,buildAttribute,Complex Method,"designitejava,pmd,checkstyle",cayenne-server/src/main/java/org/apache/cayenne/dba/mysql/MySQLAdapter.java,cayenne-server/src/main/java/org/apache/cayenne/dba/mysql/MySQLAdapter.java.MySQLAdapter.buildAttribute.Complex Method,4.0.M2,4.2.1,5.0-M1,15
cayenne,4.0.M2,org.apache.cayenne.dba.mysql,MySQLAdapter,createTableAppendColumn,Complex Method,"pmd,checkstyle",cayenne-server/src/main/java/org/apache/cayenne/dba/mysql/MySQLAdapter.java,cayenne-server/src/main/java/org/apache/cayenne/dba/mysql/MySQLAdapter.java.MySQLAdapter.createTableAppendColumn.Complex Method,4.0.M2,4.2.M1,4.2.B1,11
cayenne,4.0.M2,org.apache.cayenne.dba.mysql,MySQLAdapter,createTableAppendPKClause,Complex Method,"designitejava,pmd",cayenne-server/src/main/java/org/apache/cayenne/dba/mysql/MySQLAdapter.java,cayenne-server/src/main/java/org/apache/cayenne/dba/mysql/MySQLAdapter.java.MySQLAdapter.createTableAppendPKClause.Complex Method,4.0.M2,4.0.M2,4.0.B1,1
cayenne,4.0.M2,org.apache.cayenne.dba.openbase,OpenBaseAdapter,createTable,Complex Method,"designitejava,pmd,checkstyle",cayenne-server/src/main/java/org/apache/cayenne/dba/openbase/OpenBaseAdapter.java,cayenne-server/src/main/java/org/apache/cayenne/dba/openbase/OpenBaseAdapter.java.OpenBaseAdapter.createTable.Complex Method,4.0.M2,4.2.1,5.0-M1,15
cayenne,4.0.M2,org.apache.cayenne.dba.oracle,Oracle8LOBBatchAction,processLOBRow,Complex Method,"designitejava,pmd,checkstyle",cayenne-server/src/main/java/org/apache/cayenne/dba/oracle/Oracle8LOBBatchAction.java,cayenne-server/src/main/java/org/apache/cayenne/dba/oracle/Oracle8LOBBatchAction.java.Oracle8LOBBatchAction.processLOBRow.Complex Method,4.0.M2,4.2.1,5.0-M1,15
cayenne,4.0.B1,org.apache.cayenne.dba.oracle,OracleResultSetWrapper,,God Class,"pmd,checkstyle",cayenne-server/src/main/java/org/apache/cayenne/dba/oracle/OracleResultSetWrapper.java,cayenne-server/src/main/java/org/apache/cayenne/dba/oracle/OracleResultSetWrapper.java.OracleResultSetWrapper..God Class,4.0.B1,4.2.1,5.0-M1,14
cayenne,4.0.M2,org.apache.cayenne.dba.oracle,OracleSQLTemplateAction,processSelectResult,Long Parameter List,"designitejava,checkstyle",cayenne-server/src/main/java/org/apache/cayenne/dba/oracle/OracleSQLTemplateAction.java,cayenne-server/src/main/java/org/apache/cayenne/dba/oracle/OracleSQLTemplateAction.java.OracleSQLTemplateAction.processSelectResult.Long Parameter List,4.0.M2,4.2.1,5.0-M1,15
cayenne,4.2.M1,org.apache.cayenne.dba.oracle,OracleSQLTreeProcessor,onFunctionNode,Complex Method,"designitejava,checkstyle",cayenne-server/src/main/java/org/apache/cayenne/dba/oracle/OracleSQLTreeProcessor.java,cayenne-server/src/main/java/org/apache/cayenne/dba/oracle/OracleSQLTreeProcessor.java.OracleSQLTreeProcessor.onFunctionNode.Complex Method,4.2.M1,4.2.1,5.0-M1,5
cayenne,4.2.M1,org.apache.cayenne.dba.oracle,OracleSQLTreeProcessor,onInNode,Complex Method,"designitejava,pmd,checkstyle",cayenne-server/src/main/java/org/apache/cayenne/dba/oracle/OracleSQLTreeProcessor.java,cayenne-server/src/main/java/org/apache/cayenne/dba/oracle/OracleSQLTreeProcessor.java.OracleSQLTreeProcessor.onInNode.Complex Method,4.2.M1,4.2.1,5.0-M1,5
cayenne,4.2.M1,org.apache.cayenne.dba.sqlite,SQLiteTreeProcessor,onFunctionNode,Complex Method,"designitejava,checkstyle",cayenne-server/src/main/java/org/apache/cayenne/dba/sqlite/SQLiteTreeProcessor.java,cayenne-server/src/main/java/org/apache/cayenne/dba/sqlite/SQLiteTreeProcessor.java.SQLiteTreeProcessor.onFunctionNode.Complex Method,4.2.M1,4.2.1,5.0-M1,5
cayenne,4.2.M1,org.apache.cayenne.dba.sybase,SybaseSQLTreeProcessor,onFunctionNode,Complex Method,"designitejava,checkstyle",cayenne-server/src/main/java/org/apache/cayenne/dba/sybase/SybaseSQLTreeProcessor.java,cayenne-server/src/main/java/org/apache/cayenne/dba/sybase/SybaseSQLTreeProcessor.java.SybaseSQLTreeProcessor.onFunctionNode.Complex Method,4.2.M1,4.2.1,5.0-M1,5
cayenne,4.0.M2,org.apache.cayenne.ejbql,EJBQLBaseVisitor,,God Class,"pmd,checkstyle",cayenne-server/src/main/java/org/apache/cayenne/ejbql/EJBQLBaseVisitor.java,cayenne-server/src/main/java/org/apache/cayenne/ejbql/EJBQLBaseVisitor.java.EJBQLBaseVisitor..God Class,4.0.M2,4.2.1,5.0-M1,15
cayenne,4.0.M2,org.apache.cayenne.ejbql,EJBQLExpressionVisitor,,God Class,"pmd,checkstyle",cayenne-server/src/main/java/org/apache/cayenne/ejbql/EJBQLExpressionVisitor.java,cayenne-server/src/main/java/org/apache/cayenne/ejbql/EJBQLExpressionVisitor.java.EJBQLExpressionVisitor..God Class,4.0.M2,4.2.1,5.0-M1,15
cayenne,4.0.M2,org.apache.cayenne.ejbql.parser,Compiler,compile,Complex Method,"designitejava,pmd,checkstyle",cayenne-server/src/main/java/org/apache/cayenne/ejbql/parser/Compiler.java,cayenne-server/src/main/java/org/apache/cayenne/ejbql/parser/Compiler.java.Compiler.compile.Complex Method,4.0.M2,4.2.1,5.0-M1,15
cayenne,4.0.M2,org.apache.cayenne.ejbql.parser,Compiler,compileEntityResult,Complex Method,"designitejava,pmd",cayenne-server/src/main/java/org/apache/cayenne/ejbql/parser/Compiler.java,cayenne-server/src/main/java/org/apache/cayenne/ejbql/parser/Compiler.java.Compiler.compileEntityResult.Complex Method,4.0.M2,4.2.1,5.0-M1,15
cayenne,4.0.M2,org.apache.cayenne.ejbql.parser,Compiler,compileEntityResultWithPrefetch,Complex Method,"designitejava,pmd",cayenne-server/src/main/java/org/apache/cayenne/ejbql/parser/Compiler.java,cayenne-server/src/main/java/org/apache/cayenne/ejbql/parser/Compiler.java.Compiler.compileEntityResultWithPrefetch.Complex Method,4.0.M2,4.2.1,5.0-M1,15
cayenne,4.0.M2,org.apache.cayenne.event,DefaultEventManager,addListener,Long Parameter List,"designitejava,checkstyle",cayenne-server/src/main/java/org/apache/cayenne/event/DefaultEventManager.java,cayenne-server/src/main/java/org/apache/cayenne/event/DefaultEventManager.java.DefaultEventManager.addListener.Long Parameter List,4.0.M2,4.2.1,5.0-M1,15
cayenne,4.0.M2,org.apache.cayenne.event,JMSBridge,shutdownExternal,Complex Method,"pmd,checkstyle",cayenne-server/src/main/java/org/apache/cayenne/event/JMSBridge.java,cayenne-server/src/main/java/org/apache/cayenne/event/JMSBridge.java.JMSBridge.shutdownExternal.Complex Method,4.0.M2,4.0.M2,4.0.B1,1
cayenne,4.0.M2,org.apache.cayenne.exp,Expression,,God Class,"pmd,checkstyle",cayenne-server/src/main/java/org/apache/cayenne/exp/Expression.java,cayenne-server/src/main/java/org/apache/cayenne/exp/Expression.java.Expression..God Class,4.0.M2,4.2.1,5.0-M1,15
cayenne,4.0.M2,org.apache.cayenne.exp,Expression,expName,Complex Method,"designitejava,checkstyle",cayenne-server/src/main/java/org/apache/cayenne/exp/Expression.java,cayenne-server/src/main/java/org/apache/cayenne/exp/Expression.java.Expression.expName.Complex Method,4.0.M2,4.2.1,5.0-M1,15
cayenne,4.0.M2,org.apache.cayenne.exp,ExpressionFactory,,God Class,"pmd,checkstyle",cayenne-server/src/main/java/org/apache/cayenne/exp/ExpressionFactory.java,cayenne-server/src/main/java/org/apache/cayenne/exp/ExpressionFactory.java.ExpressionFactory..God Class,4.0.M2,4.2.1,5.0-M1,15
cayenne,4.0.M2,org.apache.cayenne.exp,ExpressionFactory,matchAllExp,Complex Method,"pmd,checkstyle",cayenne-server/src/main/java/org/apache/cayenne/exp/ExpressionFactory.java,cayenne-server/src/main/java/org/apache/cayenne/exp/ExpressionFactory.java.ExpressionFactory.matchAllExp.Complex Method,4.0.M2,4.2.1,5.0-M1,15
cayenne,4.0.M2,org.apache.cayenne.exp.parser,ASTEqual,evaluateImpl,Complex Method,"designitejava,pmd,checkstyle",cayenne-server/src/main/java/org/apache/cayenne/exp/parser/ASTEqual.java,cayenne-server/src/main/java/org/apache/cayenne/exp/parser/ASTEqual.java.ASTEqual.evaluateImpl.Complex Method,4.0.M2,4.0.M2,4.0.B1,1
cayenne,4.0.M2,org.apache.cayenne.exp.parser,ASTIn,evaluateNode,Complex Method,"designitejava,pmd",cayenne-server/src/main/java/org/apache/cayenne/exp/parser/ASTIn.java,cayenne-server/src/main/java/org/apache/cayenne/exp/parser/ASTIn.java.ASTIn.evaluateNode.Complex Method,4.0.M2,4.0.M2,4.0.B1,1
cayenne,4.0.B1,org.apache.cayenne.exp.parser,Evaluator,compareNumbers,Complex Method,"designitejava,pmd",cayenne-server/src/main/java/org/apache/cayenne/exp/parser/Evaluator.java,cayenne-server/src/main/java/org/apache/cayenne/exp/parser/Evaluator.java.Evaluator.compareNumbers.Complex Method,4.0.B1,4.2.1,5.0-M1,14
cayenne,4.0.M2,org.apache.cayenne.exp.parser,ExpressionParser,,God Class,"pmd,checkstyle",cayenne-server/src/main/java/org/apache/cayenne/exp/parser/ExpressionParser.java,cayenne-server/src/main/java/org/apache/cayenne/exp/parser/ExpressionParser.java.ExpressionParser..God Class,4.0.M2,4.2.1,5.0-M1,15
cayenne,4.0.B1,org.apache.cayenne.exp.parser,ExpressionParser,abs,Complex Method,"designitejava,pmd",cayenne-server/src/main/java/org/apache/cayenne/exp/parser/ExpressionParser.java,cayenne-server/src/main/java/org/apache/cayenne/exp/parser/ExpressionParser.java.ExpressionParser.abs.Complex Method,4.0.B1,4.2.1,5.0-M1,14
cayenne,4.0.M2,org.apache.cayenne.exp.parser,ExpressionParser,andCondition,Complex Method,"designitejava,pmd,checkstyle",cayenne-server/src/main/java/org/apache/cayenne/exp/parser/ExpressionParser.java,cayenne-server/src/main/java/org/apache/cayenne/exp/parser/ExpressionParser.java.ExpressionParser.andCondition.Complex Method,4.0.M2,4.2.1,5.0-M1,15
cayenne,4.0.M2,org.apache.cayenne.exp.parser,ExpressionParser,arithmeticExp,Complex Method,"designitejava,pmd,checkstyle",cayenne-server/src/main/java/org/apache/cayenne/exp/parser/ExpressionParser.java,cayenne-server/src/main/java/org/apache/cayenne/exp/parser/ExpressionParser.java.ExpressionParser.arithmeticExp.Complex Method,4.0.M2,4.2.1,5.0-M1,15
cayenne,4.0.B1,org.apache.cayenne.exp.parser,ExpressionParser,avg,Complex Method,"designitejava,pmd",cayenne-server/src/main/java/org/apache/cayenne/exp/parser/ExpressionParser.java,cayenne-server/src/main/java/org/apache/cayenne/exp/parser/ExpressionParser.java.ExpressionParser.avg.Complex Method,4.0.B1,4.2.1,5.0-M1,14
cayenne,4.0.M2,org.apache.cayenne.exp.parser,ExpressionParser,bitwiseAnd,Complex Method,"designitejava,pmd,checkstyle",cayenne-server/src/main/java/org/apache/cayenne/exp/parser/ExpressionParser.java,cayenne-server/src/main/java/org/apache/cayenne/exp/parser/ExpressionParser.java.ExpressionParser.bitwiseAnd.Complex Method,4.0.M2,4.2.1,5.0-M1,15
cayenne,4.0.M2,org.apache.cayenne.exp.parser,ExpressionParser,bitwiseOr,Complex Method,"designitejava,pmd,checkstyle",cayenne-server/src/main/java/org/apache/cayenne/exp/parser/ExpressionParser.java,cayenne-server/src/main/java/org/apache/cayenne/exp/parser/ExpressionParser.java.ExpressionParser.bitwiseOr.Complex Method,4.0.M2,4.2.1,5.0-M1,15
cayenne,4.0.M2,org.apache.cayenne.exp.parser,ExpressionParser,bitwiseShift,Complex Method,"designitejava,pmd,checkstyle",cayenne-server/src/main/java/org/apache/cayenne/exp/parser/ExpressionParser.java,cayenne-server/src/main/java/org/apache/cayenne/exp/parser/ExpressionParser.java.ExpressionParser.bitwiseShift.Complex Method,4.0.M2,4.2.1,5.0-M1,15
cayenne,4.0.M2,org.apache.cayenne.exp.parser,ExpressionParser,bitwiseXor,Complex Method,"designitejava,pmd,checkstyle",cayenne-server/src/main/java/org/apache/cayenne/exp/parser/ExpressionParser.java,cayenne-server/src/main/java/org/apache/cayenne/exp/parser/ExpressionParser.java.ExpressionParser.bitwiseXor.Complex Method,4.0.M2,4.2.1,5.0-M1,15
cayenne,4.0.B1,org.apache.cayenne.exp.parser,ExpressionParser,concat,Complex Method,"designitejava,pmd,checkstyle",cayenne-server/src/main/java/org/apache/cayenne/exp/parser/ExpressionParser.java,cayenne-server/src/main/java/org/apache/cayenne/exp/parser/ExpressionParser.java.ExpressionParser.concat.Complex Method,4.0.B1,4.2.1,5.0-M1,14
cayenne,4.0.B1,org.apache.cayenne.exp.parser,ExpressionParser,count,Complex Method,"designitejava,pmd,checkstyle",cayenne-server/src/main/java/org/apache/cayenne/exp/parser/ExpressionParser.java,cayenne-server/src/main/java/org/apache/cayenne/exp/parser/ExpressionParser.java.ExpressionParser.count.Complex Method,4.0.B1,4.2.1,5.0-M1,14
cayenne,4.2.M1,org.apache.cayenne.exp.parser,ExpressionParser,customFunction,Complex Method,"designitejava,pmd,checkstyle",cayenne-server/src/main/java/org/apache/cayenne/exp/parser/ExpressionParser.java,cayenne-server/src/main/java/org/apache/cayenne/exp/parser/ExpressionParser.java.ExpressionParser.customFunction.Complex Method,4.2.M1,4.2.1,5.0-M1,5
cayenne,4.2.B1,org.apache.cayenne.exp.parser,ExpressionParser,customOperator,Complex Method,"pmd,checkstyle",cayenne-server/src/main/java/org/apache/cayenne/exp/parser/ExpressionParser.java,cayenne-server/src/main/java/org/apache/cayenne/exp/parser/ExpressionParser.java.ExpressionParser.customOperator.Complex Method,4.2.B1,4.2.1,5.0-M1,4
cayenne,4.0.B1,org.apache.cayenne.exp.parser,ExpressionParser,dateTimeExtractingFunction,Complex Method,"designitejava,pmd,checkstyle",cayenne-server/src/main/java/org/apache/cayenne/exp/parser/ExpressionParser.java,cayenne-server/src/main/java/org/apache/cayenne/exp/parser/ExpressionParser.java.ExpressionParser.dateTimeExtractingFunction.Complex Method,4.0.B1,4.2.1,5.0-M1,14
cayenne,4.1.B1,org.apache.cayenne.exp.parser,ExpressionParser,distinct,Complex Method,"designitejava,pmd",cayenne-server/src/main/java/org/apache/cayenne/exp/parser/ExpressionParser.java,cayenne-server/src/main/java/org/apache/cayenne/exp/parser/ExpressionParser.java.ExpressionParser.distinct.Complex Method,4.1.B1,4.2.1,5.0-M1,9
cayenne,4.0.M2,org.apache.cayenne.exp.parser,ExpressionParser,generateParseException,Complex Method,"designitejava,pmd",cayenne-server/src/main/java/org/apache/cayenne/exp/parser/ExpressionParser.java,cayenne-server/src/main/java/org/apache/cayenne/exp/parser/ExpressionParser.java.ExpressionParser.generateParseException.Complex Method,4.0.M2,4.2.1,5.0-M1,15
cayenne,4.0.B1,org.apache.cayenne.exp.parser,ExpressionParser,length,Complex Method,"designitejava,pmd",cayenne-server/src/main/java/org/apache/cayenne/exp/parser/ExpressionParser.java,cayenne-server/src/main/java/org/apache/cayenne/exp/parser/ExpressionParser.java.ExpressionParser.length.Complex Method,4.0.B1,4.2.1,5.0-M1,14
cayenne,4.0.B1,org.apache.cayenne.exp.parser,ExpressionParser,locate,Complex Method,"designitejava,pmd,checkstyle",cayenne-server/src/main/java/org/apache/cayenne/exp/parser/ExpressionParser.java,cayenne-server/src/main/java/org/apache/cayenne/exp/parser/ExpressionParser.java.ExpressionParser.locate.Complex Method,4.0.B1,4.2.1,5.0-M1,14
cayenne,4.0.B1,org.apache.cayenne.exp.parser,ExpressionParser,lower,Complex Method,"designitejava,pmd",cayenne-server/src/main/java/org/apache/cayenne/exp/parser/ExpressionParser.java,cayenne-server/src/main/java/org/apache/cayenne/exp/parser/ExpressionParser.java.ExpressionParser.lower.Complex Method,4.0.B1,4.2.1,5.0-M1,14
cayenne,4.0.B1,org.apache.cayenne.exp.parser,ExpressionParser,max,Complex Method,"designitejava,pmd",cayenne-server/src/main/java/org/apache/cayenne/exp/parser/ExpressionParser.java,cayenne-server/src/main/java/org/apache/cayenne/exp/parser/ExpressionParser.java.ExpressionParser.max.Complex Method,4.0.B1,4.2.1,5.0-M1,14
cayenne,4.0.B1,org.apache.cayenne.exp.parser,ExpressionParser,min,Complex Method,"designitejava,pmd",cayenne-server/src/main/java/org/apache/cayenne/exp/parser/ExpressionParser.java,cayenne-server/src/main/java/org/apache/cayenne/exp/parser/ExpressionParser.java.ExpressionParser.min.Complex Method,4.0.B1,4.2.1,5.0-M1,14
cayenne,4.0.B1,org.apache.cayenne.exp.parser,ExpressionParser,mod,Complex Method,"designitejava,pmd",cayenne-server/src/main/java/org/apache/cayenne/exp/parser/ExpressionParser.java,cayenne-server/src/main/java/org/apache/cayenne/exp/parser/ExpressionParser.java.ExpressionParser.mod.Complex Method,4.0.B1,4.2.1,5.0-M1,14
cayenne,4.0.M2,org.apache.cayenne.exp.parser,ExpressionParser,multiplySubtractExp,Complex Method,"designitejava,pmd,checkstyle",cayenne-server/src/main/java/org/apache/cayenne/exp/parser/ExpressionParser.java,cayenne-server/src/main/java/org/apache/cayenne/exp/parser/ExpressionParser.java.ExpressionParser.multiplySubtractExp.Complex Method,4.0.M2,4.2.1,5.0-M1,15
cayenne,4.0.M2,org.apache.cayenne.exp.parser,ExpressionParser,notCondition,Complex Method,"designitejava,pmd,checkstyle",cayenne-server/src/main/java/org/apache/cayenne/exp/parser/ExpressionParser.java,cayenne-server/src/main/java/org/apache/cayenne/exp/parser/ExpressionParser.java.ExpressionParser.notCondition.Complex Method,4.0.M2,4.2.1,5.0-M1,15
cayenne,4.0.M2,org.apache.cayenne.exp.parser,ExpressionParser,numericTerm,Complex Method,"designitejava,pmd,checkstyle",cayenne-server/src/main/java/org/apache/cayenne/exp/parser/ExpressionParser.java,cayenne-server/src/main/java/org/apache/cayenne/exp/parser/ExpressionParser.java.ExpressionParser.numericTerm.Complex Method,4.0.M2,4.2.1,5.0-M1,15
cayenne,4.0.M2,org.apache.cayenne.exp.parser,ExpressionParser,numericTermExt,Complex Method,"designitejava,pmd,checkstyle",cayenne-server/src/main/java/org/apache/cayenne/exp/parser/ExpressionParser.java,cayenne-server/src/main/java/org/apache/cayenne/exp/parser/ExpressionParser.java.ExpressionParser.numericTermExt.Complex Method,4.0.M2,4.2.1,5.0-M1,15
cayenne,4.0.M2,org.apache.cayenne.exp.parser,ExpressionParser,orCondition,Complex Method,"designitejava,pmd,checkstyle",cayenne-server/src/main/java/org/apache/cayenne/exp/parser/ExpressionParser.java,cayenne-server/src/main/java/org/apache/cayenne/exp/parser/ExpressionParser.java.ExpressionParser.orCondition.Complex Method,4.0.M2,4.2.1,5.0-M1,15
cayenne,4.2.RC1,org.apache.cayenne.exp.parser,ExpressionParser,pathToken,Complex Method,"designitejava,checkstyle",cayenne-server/src/main/java/org/apache/cayenne/exp/parser/ExpressionParser.java,cayenne-server/src/main/java/org/apache/cayenne/exp/parser/ExpressionParser.java.ExpressionParser.pathToken.Complex Method,4.2.RC1,4.2.1,5.0-M1,3
cayenne,4.0.M2,org.apache.cayenne.exp.parser,ExpressionParser,scalarCommaList,Complex Method,"designitejava,pmd,checkstyle",cayenne-server/src/main/java/org/apache/cayenne/exp/parser/ExpressionParser.java,cayenne-server/src/main/java/org/apache/cayenne/exp/parser/ExpressionParser.java.ExpressionParser.scalarCommaList.Complex Method,4.0.M2,4.2.1,5.0-M1,15
cayenne,4.0.M2,org.apache.cayenne.exp.parser,ExpressionParser,scalarConstExpression,Complex Method,"designitejava,pmd,checkstyle",cayenne-server/src/main/java/org/apache/cayenne/exp/parser/ExpressionParser.java,cayenne-server/src/main/java/org/apache/cayenne/exp/parser/ExpressionParser.java.ExpressionParser.scalarConstExpression.Complex Method,4.0.M2,4.2.1,5.0-M1,15
cayenne,4.0.M2,org.apache.cayenne.exp.parser,ExpressionParser,simpleCondition,Complex Method,"designitejava,pmd,checkstyle",cayenne-server/src/main/java/org/apache/cayenne/exp/parser/ExpressionParser.java,cayenne-server/src/main/java/org/apache/cayenne/exp/parser/ExpressionParser.java.ExpressionParser.simpleCondition.Complex Method,4.0.M2,4.2.1,5.0-M1,15
cayenne,4.0.M2,org.apache.cayenne.exp.parser,ExpressionParser,simpleNotCondition,Complex Method,"designitejava,pmd,checkstyle",cayenne-server/src/main/java/org/apache/cayenne/exp/parser/ExpressionParser.java,cayenne-server/src/main/java/org/apache/cayenne/exp/parser/ExpressionParser.java.ExpressionParser.simpleNotCondition.Complex Method,4.0.M2,4.2.1,5.0-M1,15
cayenne,4.0.B1,org.apache.cayenne.exp.parser,ExpressionParser,sqrt,Complex Method,"designitejava,pmd",cayenne-server/src/main/java/org/apache/cayenne/exp/parser/ExpressionParser.java,cayenne-server/src/main/java/org/apache/cayenne/exp/parser/ExpressionParser.java.ExpressionParser.sqrt.Complex Method,4.0.B1,4.2.1,5.0-M1,14
cayenne,4.0.B1,org.apache.cayenne.exp.parser,ExpressionParser,substring,Complex Method,"designitejava,pmd,checkstyle",cayenne-server/src/main/java/org/apache/cayenne/exp/parser/ExpressionParser.java,cayenne-server/src/main/java/org/apache/cayenne/exp/parser/ExpressionParser.java.ExpressionParser.substring.Complex Method,4.0.B1,4.2.1,5.0-M1,14
cayenne,4.0.B1,org.apache.cayenne.exp.parser,ExpressionParser,sum,Complex Method,"designitejava,pmd",cayenne-server/src/main/java/org/apache/cayenne/exp/parser/ExpressionParser.java,cayenne-server/src/main/java/org/apache/cayenne/exp/parser/ExpressionParser.java.ExpressionParser.sum.Complex Method,4.0.B1,4.2.1,5.0-M1,14
cayenne,4.0.B1,org.apache.cayenne.exp.parser,ExpressionParser,trim,Complex Method,"designitejava,pmd",cayenne-server/src/main/java/org/apache/cayenne/exp/parser/ExpressionParser.java,cayenne-server/src/main/java/org/apache/cayenne/exp/parser/ExpressionParser.java.ExpressionParser.trim.Complex Method,4.0.B1,4.2.1,5.0-M1,14
cayenne,4.0.B1,org.apache.cayenne.exp.parser,ExpressionParser,upper,Complex Method,"designitejava,pmd",cayenne-server/src/main/java/org/apache/cayenne/exp/parser/ExpressionParser.java,cayenne-server/src/main/java/org/apache/cayenne/exp/parser/ExpressionParser.java.ExpressionParser.upper.Complex Method,4.0.B1,4.2.1,5.0-M1,14
cayenne,4.0.M2,org.apache.cayenne.exp.parser,ExpressionParserTokenManager,,God Class,"pmd,checkstyle",cayenne-server/src/main/java/org/apache/cayenne/exp/parser/ExpressionParserTokenManager.java,cayenne-server/src/main/java/org/apache/cayenne/exp/parser/ExpressionParserTokenManager.java.ExpressionParserTokenManager..God Class,4.0.M2,4.2.1,5.0-M1,15
cayenne,4.0.M2,org.apache.cayenne.exp.parser,ExpressionParserTokenManager,escapeChar,Complex Method,"designitejava,checkstyle",cayenne-server/src/main/java/org/apache/cayenne/exp/parser/ExpressionParserTokenManager.java,cayenne-server/src/main/java/org/apache/cayenne/exp/parser/ExpressionParserTokenManager.java.ExpressionParserTokenManager.escapeChar.Complex Method,4.0.M2,4.2.1,5.0-M1,15
cayenne,4.0.M2,org.apache.cayenne.exp.parser,ExpressionParserTokenManager,getNextToken,Complex Method,"designitejava,pmd,checkstyle",cayenne-server/src/main/java/org/apache/cayenne/exp/parser/ExpressionParserTokenManager.java,cayenne-server/src/main/java/org/apache/cayenne/exp/parser/ExpressionParserTokenManager.java.ExpressionParserTokenManager.getNextToken.Complex Method,4.0.M2,4.2.1,5.0-M1,15
cayenne,4.0.M2,org.apache.cayenne.exp.parser,ExpressionParserTokenManager,jjMoveNfa_0,Complex Method,"designitejava,pmd,checkstyle",cayenne-server/src/main/java/org/apache/cayenne/exp/parser/ExpressionParserTokenManager.java,cayenne-server/src/main/java/org/apache/cayenne/exp/parser/ExpressionParserTokenManager.java.ExpressionParserTokenManager.jjMoveNfa_0.Complex Method,4.0.M2,4.2.1,5.0-M1,15
cayenne,4.0.M2,org.apache.cayenne.exp.parser,ExpressionParserTokenManager,jjMoveNfa_1,Complex Method,"designitejava,pmd,checkstyle",cayenne-server/src/main/java/org/apache/cayenne/exp/parser/ExpressionParserTokenManager.java,cayenne-server/src/main/java/org/apache/cayenne/exp/parser/ExpressionParserTokenManager.java.ExpressionParserTokenManager.jjMoveNfa_1.Complex Method,4.0.M2,4.2.1,5.0-M1,15
cayenne,4.0.M2,org.apache.cayenne.exp.parser,ExpressionParserTokenManager,jjMoveNfa_2,Complex Method,"designitejava,pmd,checkstyle",cayenne-server/src/main/java/org/apache/cayenne/exp/parser/ExpressionParserTokenManager.java,cayenne-server/src/main/java/org/apache/cayenne/exp/parser/ExpressionParserTokenManager.java.ExpressionParserTokenManager.jjMoveNfa_2.Complex Method,4.0.M2,4.2.1,5.0-M1,15
cayenne,4.0.M2,org.apache.cayenne.exp.parser,ExpressionParserTokenManager,jjMoveStringLiteralDfa0_0,Complex Method,"designitejava,checkstyle",cayenne-server/src/main/java/org/apache/cayenne/exp/parser/ExpressionParserTokenManager.java,cayenne-server/src/main/java/org/apache/cayenne/exp/parser/ExpressionParserTokenManager.java.ExpressionParserTokenManager.jjMoveStringLiteralDfa0_0.Complex Method,4.0.M2,4.2.1,5.0-M1,15
cayenne,4.0.M2,org.apache.cayenne.exp.parser,ExpressionParserTokenManager,jjMoveStringLiteralDfa1_0,Complex Method,"designitejava,pmd,checkstyle",cayenne-server/src/main/java/org/apache/cayenne/exp/parser/ExpressionParserTokenManager.java,cayenne-server/src/main/java/org/apache/cayenne/exp/parser/ExpressionParserTokenManager.java.ExpressionParserTokenManager.jjMoveStringLiteralDfa1_0.Complex Method,4.0.M2,4.2.1,5.0-M1,15
cayenne,4.0.M2,org.apache.cayenne.exp.parser,ExpressionParserTokenManager,jjMoveStringLiteralDfa2_0,Complex Method,"designitejava,checkstyle",cayenne-server/src/main/java/org/apache/cayenne/exp/parser/ExpressionParserTokenManager.java,cayenne-server/src/main/java/org/apache/cayenne/exp/parser/ExpressionParserTokenManager.java.ExpressionParserTokenManager.jjMoveStringLiteralDfa2_0.Complex Method,4.0.M2,4.2.1,5.0-M1,15
cayenne,4.0.B1,org.apache.cayenne.exp.parser,ExpressionParserTokenManager,jjMoveStringLiteralDfa4_0,Complex Method,"designitejava,checkstyle",cayenne-server/src/main/java/org/apache/cayenne/exp/parser/ExpressionParserTokenManager.java,cayenne-server/src/main/java/org/apache/cayenne/exp/parser/ExpressionParserTokenManager.java.ExpressionParserTokenManager.jjMoveStringLiteralDfa4_0.Complex Method,4.0.B1,4.2.1,5.0-M1,14
cayenne,4.0.B1,org.apache.cayenne.exp.parser,ExpressionParserTokenManager,jjMoveStringLiteralDfa5_0,Complex Method,"designitejava,checkstyle",cayenne-server/src/main/java/org/apache/cayenne/exp/parser/ExpressionParserTokenManager.java,cayenne-server/src/main/java/org/apache/cayenne/exp/parser/ExpressionParserTokenManager.java.ExpressionParserTokenManager.jjMoveStringLiteralDfa5_0.Complex Method,4.0.B1,4.2.1,5.0-M1,14
cayenne,4.0.B1,org.apache.cayenne.exp.parser,ExpressionParserTokenManager,jjMoveStringLiteralDfa8_0,Complex Method,"designitejava,checkstyle",cayenne-server/src/main/java/org/apache/cayenne/exp/parser/ExpressionParserTokenManager.java,cayenne-server/src/main/java/org/apache/cayenne/exp/parser/ExpressionParserTokenManager.java.ExpressionParserTokenManager.jjMoveStringLiteralDfa8_0.Complex Method,4.0.B1,4.2.1,5.0-M1,14
cayenne,4.0.M2,org.apache.cayenne.exp.parser,ExpressionParserTokenManager,jjStopStringLiteralDfa_0,Complex Method,"designitejava,pmd,checkstyle",cayenne-server/src/main/java/org/apache/cayenne/exp/parser/ExpressionParserTokenManager.java,cayenne-server/src/main/java/org/apache/cayenne/exp/parser/ExpressionParserTokenManager.java.ExpressionParserTokenManager.jjStopStringLiteralDfa_0.Complex Method,4.0.M2,4.2.1,5.0-M1,15
cayenne,4.0.M2,org.apache.cayenne.exp.parser,JavaCharStream,,God Class,"pmd,checkstyle",cayenne-server/src/main/java/org/apache/cayenne/exp/parser/JavaCharStream.java,cayenne-server/src/main/java/org/apache/cayenne/exp/parser/JavaCharStream.java.JavaCharStream..God Class,4.0.M2,4.2.1,5.0-M1,15
cayenne,4.0.M2,org.apache.cayenne.exp.parser,JavaCharStream,hexval,Complex Method,"designitejava,checkstyle",cayenne-server/src/main/java/org/apache/cayenne/exp/parser/JavaCharStream.java,cayenne-server/src/main/java/org/apache/cayenne/exp/parser/JavaCharStream.java.JavaCharStream.hexval.Complex Method,4.0.M2,4.2.1,5.0-M1,15
cayenne,4.0.M2,org.apache.cayenne.exp.parser,JavaCharStream,readChar,Complex Method,"designitejava,pmd,checkstyle",cayenne-server/src/main/java/org/apache/cayenne/exp/parser/JavaCharStream.java,cayenne-server/src/main/java/org/apache/cayenne/exp/parser/JavaCharStream.java.JavaCharStream.readChar.Complex Method,4.0.M2,4.2.1,5.0-M1,15
cayenne,4.0.M2,org.apache.cayenne.exp.parser,ParseException,add_escapes,Complex Method,"designitejava,checkstyle",cayenne-server/src/main/java/org/apache/cayenne/exp/parser/ParseException.java,cayenne-server/src/main/java/org/apache/cayenne/exp/parser/ParseException.java.ParseException.add_escapes.Complex Method,4.0.M2,4.2.1,5.0-M1,15
cayenne,4.0.B1,org.apache.cayenne.wocompat.parser,ParseException,getMessage,Complex Method,"designitejava,pmd",cayenne-server/src/main/java/org/apache/cayenne/exp/parser/ParseException.java,cayenne-server/src/main/java/org/apache/cayenne/exp/parser/ParseException.java.ParseException.getMessage.Complex Method,4.0.B1,4.0.B1,4.0.RC1,1
cayenne,4.0.M2,org.apache.cayenne.exp.parser,SimpleNode,,God Class,"pmd,checkstyle",cayenne-server/src/main/java/org/apache/cayenne/exp/parser/SimpleNode.java,cayenne-server/src/main/java/org/apache/cayenne/exp/parser/SimpleNode.java.SimpleNode..God Class,4.0.M2,4.2.1,5.0-M1,15
cayenne,4.0.M2,org.apache.cayenne.exp.parser,SimpleNode,encodeScalarAsEJBQL,Complex Method,"designitejava,checkstyle",cayenne-server/src/main/java/org/apache/cayenne/exp/parser/SimpleNode.java,cayenne-server/src/main/java/org/apache/cayenne/exp/parser/SimpleNode.java.SimpleNode.encodeScalarAsEJBQL.Complex Method,4.0.M2,4.2.1,5.0-M1,15
cayenne,4.0.M2,org.apache.cayenne.exp.parser,SimpleNode,flattenTree,Complex Method,"designitejava,pmd",cayenne-server/src/main/java/org/apache/cayenne/exp/parser/SimpleNode.java,cayenne-server/src/main/java/org/apache/cayenne/exp/parser/SimpleNode.java.SimpleNode.flattenTree.Complex Method,4.0.M2,4.2.1,5.0-M1,15
cayenne,4.2.RC1,org.apache.cayenne.exp.parser,TokenMgrError,LexicalErr,Long Parameter List,"designitejava,checkstyle",cayenne-server/src/main/java/org/apache/cayenne/exp/parser/TokenMgrError.java,cayenne-server/src/main/java/org/apache/cayenne/exp/parser/TokenMgrError.java.TokenMgrError.LexicalErr.Long Parameter List,4.2.RC1,4.2.1,5.0-M1,3
cayenne,4.0.M2,org.apache.cayenne.exp.parser,TokenMgrError,LexicalError,Long Parameter List,"designitejava,checkstyle",cayenne-server/src/main/java/org/apache/cayenne/exp/parser/TokenMgrError.java,cayenne-server/src/main/java/org/apache/cayenne/exp/parser/TokenMgrError.java.TokenMgrError.LexicalError.Long Parameter List,4.0.M2,4.2.B1,4.2.RC1,12
cayenne,4.0.M2,org.apache.cayenne.exp.parser,TokenMgrError,addEscapes,Complex Method,"designitejava,checkstyle",cayenne-server/src/main/java/org/apache/cayenne/exp/parser/TokenMgrError.java,cayenne-server/src/main/java/org/apache/cayenne/exp/parser/TokenMgrError.java.TokenMgrError.addEscapes.Complex Method,4.0.M2,4.2.1,5.0-M1,15
cayenne,4.0.M2,org.apache.cayenne.log,CommonsJdbcEventLogger,,God Class,"pmd,checkstyle",cayenne-server/src/main/java/org/apache/cayenne/log/CommonsJdbcEventLogger.java,cayenne-server/src/main/java/org/apache/cayenne/log/CommonsJdbcEventLogger.java.CommonsJdbcEventLogger..God Class,4.0.M2,4.0.M2,4.0.B1,1
cayenne,4.0.M2,org.apache.cayenne.log,CommonsJdbcEventLogger,buildLog,Complex Method,"designitejava,pmd,checkstyle",cayenne-server/src/main/java/org/apache/cayenne/log/CommonsJdbcEventLogger.java,cayenne-server/src/main/java/org/apache/cayenne/log/CommonsJdbcEventLogger.java.CommonsJdbcEventLogger.buildLog.Complex Method,4.0.M2,4.0.M2,4.0.B1,1
cayenne,4.0.M2,org.apache.cayenne.log,CommonsJdbcEventLogger,buildLog,Long Parameter List,"designitejava,checkstyle",cayenne-server/src/main/java/org/apache/cayenne/log/CommonsJdbcEventLogger.java,cayenne-server/src/main/java/org/apache/cayenne/log/CommonsJdbcEventLogger.java.CommonsJdbcEventLogger.buildLog.Long Parameter List,4.0.M2,4.0.M2,4.0.B1,1
cayenne,4.0.M2,org.apache.cayenne.log,CommonsJdbcEventLogger,sqlLiteralForObject,Complex Method,"designitejava,pmd,checkstyle",cayenne-server/src/main/java/org/apache/cayenne/log/CommonsJdbcEventLogger.java,cayenne-server/src/main/java/org/apache/cayenne/log/CommonsJdbcEventLogger.java.CommonsJdbcEventLogger.sqlLiteralForObject.Complex Method,4.0.M2,4.0.M2,4.0.B1,1
cayenne,4.0.M2,org.apache.cayenne.log,FormattedCommonsJdbcEventLogger,formatQuery,Complex Method,"designitejava,pmd,checkstyle",cayenne-server/src/main/java/org/apache/cayenne/log/FormattedCommonsJdbcEventLogger.java,cayenne-server/src/main/java/org/apache/cayenne/log/FormattedCommonsJdbcEventLogger.java.FormattedCommonsJdbcEventLogger.formatQuery.Complex Method,4.0.M2,4.0.M2,4.0.B1,1
cayenne,4.0.B1,org.apache.cayenne.log,FormattedSlf4jJdbcEventLogger,formatQuery,Complex Method,"designitejava,pmd,checkstyle",cayenne-server/src/main/java/org/apache/cayenne/log/FormattedSlf4jJdbcEventLogger.java,cayenne-server/src/main/java/org/apache/cayenne/log/FormattedSlf4jJdbcEventLogger.java.FormattedSlf4jJdbcEventLogger.formatQuery.Complex Method,4.0.B1,4.2.1,5.0-M1,14
cayenne,4.0.B1,org.apache.cayenne.log,Slf4jJdbcEventLogger,,God Class,"pmd,checkstyle",cayenne-server/src/main/java/org/apache/cayenne/log/Slf4jJdbcEventLogger.java,cayenne-server/src/main/java/org/apache/cayenne/log/Slf4jJdbcEventLogger.java.Slf4jJdbcEventLogger..God Class,4.0.B1,4.2.1,5.0-M1,14
cayenne,4.0.B1,org.apache.cayenne.log,Slf4jJdbcEventLogger,appendParameters,Complex Method,"designitejava,pmd",cayenne-server/src/main/java/org/apache/cayenne/log/Slf4jJdbcEventLogger.java,cayenne-server/src/main/java/org/apache/cayenne/log/Slf4jJdbcEventLogger.java.Slf4jJdbcEventLogger.appendParameters.Complex Method,4.0.B1,4.2.1,5.0-M1,14
cayenne,4.0.B1,org.apache.cayenne.log,Slf4jJdbcEventLogger,buildLog,Complex Method,"designitejava,pmd,checkstyle",cayenne-server/src/main/java/org/apache/cayenne/log/Slf4jJdbcEventLogger.java,cayenne-server/src/main/java/org/apache/cayenne/log/Slf4jJdbcEventLogger.java.Slf4jJdbcEventLogger.buildLog.Complex Method,4.0.B1,4.1.M1,4.1.B1,5
cayenne,4.0.B1,org.apache.cayenne.log,Slf4jJdbcEventLogger,buildLog,Long Parameter List,"designitejava,checkstyle",cayenne-server/src/main/java/org/apache/cayenne/log/Slf4jJdbcEventLogger.java,cayenne-server/src/main/java/org/apache/cayenne/log/Slf4jJdbcEventLogger.java.Slf4jJdbcEventLogger.buildLog.Long Parameter List,4.0.B1,4.1.M1,4.1.B1,5
cayenne,4.0.B1,org.apache.cayenne.log,Slf4jJdbcEventLogger,sqlLiteralForObject,Complex Method,"designitejava,pmd,checkstyle",cayenne-server/src/main/java/org/apache/cayenne/log/Slf4jJdbcEventLogger.java,cayenne-server/src/main/java/org/apache/cayenne/log/Slf4jJdbcEventLogger.java.Slf4jJdbcEventLogger.sqlLiteralForObject.Complex Method,4.0.B1,4.1.M1,4.1.B1,5
cayenne,4.0.M2,org.apache.cayenne.map,DataMap,,God Class,"pmd,checkstyle",cayenne-server/src/main/java/org/apache/cayenne/map/DataMap.java,cayenne-server/src/main/java/org/apache/cayenne/map/DataMap.java.DataMap..God Class,4.0.M2,4.2.1,5.0-M1,15
cayenne,4.0.M2,org.apache.cayenne.map,DataMap,encodeAsXML,Complex Method,"designitejava,checkstyle",cayenne-server/src/main/java/org/apache/cayenne/map/DataMap.java,cayenne-server/src/main/java/org/apache/cayenne/map/DataMap.java.DataMap.encodeAsXML.Complex Method,4.0.M2,4.0.1,4.1.M1,5
cayenne,4.0.M2,org.apache.cayenne.map,DataMap,removeDbEntity,Complex Method,"designitejava,pmd,checkstyle",cayenne-server/src/main/java/org/apache/cayenne/map/DataMap.java,cayenne-server/src/main/java/org/apache/cayenne/map/DataMap.java.DataMap.removeDbEntity.Complex Method,4.0.M2,4.2.1,5.0-M1,15
cayenne,4.0.M2,org.apache.cayenne.map,DbEntity,,God Class,"pmd,checkstyle",cayenne-server/src/main/java/org/apache/cayenne/map/DbEntity.java,cayenne-server/src/main/java/org/apache/cayenne/map/DbEntity.java.DbEntity..God Class,4.0.M2,4.2.1,5.0-M1,15
cayenne,4.0.M2,org.apache.cayenne.map,DbEntity,dbEntityChanged,Complex Method,"designitejava,pmd,checkstyle",cayenne-server/src/main/java/org/apache/cayenne/map/DbEntity.java,cayenne-server/src/main/java/org/apache/cayenne/map/DbEntity.java.DbEntity.dbEntityChanged.Complex Method,4.0.M2,4.2.1,5.0-M1,15
cayenne,4.0.M2,org.apache.cayenne.map,DbEntity,handleAttributeUpdate,Complex Method,"designitejava,pmd,checkstyle",cayenne-server/src/main/java/org/apache/cayenne/map/DbEntity.java,cayenne-server/src/main/java/org/apache/cayenne/map/DbEntity.java.DbEntity.handleAttributeUpdate.Complex Method,4.0.M2,4.2.1,5.0-M1,15
cayenne,4.0.M2,org.apache.cayenne.map,DbRelationship,,God Class,"pmd,checkstyle",cayenne-server/src/main/java/org/apache/cayenne/map/DbRelationship.java,cayenne-server/src/main/java/org/apache/cayenne/map/DbRelationship.java.DbRelationship..God Class,4.0.M2,4.2.1,5.0-M1,15
cayenne,4.0.M2,org.apache.cayenne.map,DbRelationship,getReverseRelationship,Complex Method,"designitejava,pmd",cayenne-server/src/main/java/org/apache/cayenne/map/DbRelationship.java,cayenne-server/src/main/java/org/apache/cayenne/map/DbRelationship.java.DbRelationship.getReverseRelationship.Complex Method,4.0.M2,4.2.1,5.0-M1,15
cayenne,4.0.M2,org.apache.cayenne.map,DbRelationship,targetPkSnapshotWithSrcSnapshot,Complex Method,"designitejava,pmd",cayenne-server/src/main/java/org/apache/cayenne/map/DbRelationship.java,cayenne-server/src/main/java/org/apache/cayenne/map/DbRelationship.java.DbRelationship.targetPkSnapshotWithSrcSnapshot.Complex Method,4.0.M2,4.2.1,5.0-M1,15
cayenne,4.0.M2,org.apache.cayenne.map,EntityResolver,,God Class,"pmd,checkstyle",cayenne-server/src/main/java/org/apache/cayenne/map/EntityResolver.java,cayenne-server/src/main/java/org/apache/cayenne/map/EntityResolver.java.EntityResolver..God Class,4.0.M2,4.2.1,5.0-M1,15
cayenne,4.0.M2,org.apache.cayenne.map,MapLoader,,God Class,"pmd,checkstyle",cayenne-server/src/main/java/org/apache/cayenne/map/MapLoader.java,cayenne-server/src/main/java/org/apache/cayenne/map/MapLoader.java.MapLoader..God Class,4.0.M2,4.0.1,4.1.M1,5
cayenne,4.0.M2,org.apache.cayenne.map,MappingCache,index,Complex Method,"designitejava,pmd,checkstyle",cayenne-server/src/main/java/org/apache/cayenne/map/MappingCache.java,cayenne-server/src/main/java/org/apache/cayenne/map/MappingCache.java.MappingCache.index.Complex Method,4.0.M2,4.2.1,5.0-M1,15
cayenne,4.0.M2,org.apache.cayenne.map,ObjEntity,,God Class,"pmd,checkstyle",cayenne-server/src/main/java/org/apache/cayenne/map/ObjEntity.java,cayenne-server/src/main/java/org/apache/cayenne/map/ObjEntity.java.ObjEntity..God Class,4.0.M2,4.2.1,5.0-M1,15
cayenne,4.0.M2,org.apache.cayenne.map,ObjEntity,encodeAsXML,Complex Method,"designitejava,pmd,checkstyle",cayenne-server/src/main/java/org/apache/cayenne/map/ObjEntity.java,cayenne-server/src/main/java/org/apache/cayenne/map/ObjEntity.java.ObjEntity.encodeAsXML.Complex Method,4.0.M2,4.2.1,5.0-M1,15
cayenne,4.0.M2,org.apache.cayenne.map,ObjRelationship,,God Class,"pmd,checkstyle",cayenne-server/src/main/java/org/apache/cayenne/map/ObjRelationship.java,cayenne-server/src/main/java/org/apache/cayenne/map/ObjRelationship.java.ObjRelationship..God Class,4.0.M2,4.2.1,5.0-M1,15
cayenne,4.0.M2,org.apache.cayenne.map,ObjRelationship,getReverseRelationship,Complex Method,"designitejava,pmd",cayenne-server/src/main/java/org/apache/cayenne/map/ObjRelationship.java,cayenne-server/src/main/java/org/apache/cayenne/map/ObjRelationship.java.ObjRelationship.getReverseRelationship.Complex Method,4.0.M2,4.2.1,5.0-M1,15
cayenne,4.0.B1,org.apache.cayenne.map,SQLTemplateDescriptor,encodeAsXML,Complex Method,"designitejava,pmd,checkstyle",cayenne-server/src/main/java/org/apache/cayenne/map/SQLTemplateDescriptor.java,cayenne-server/src/main/java/org/apache/cayenne/map/SQLTemplateDescriptor.java.SQLTemplateDescriptor.encodeAsXML.Complex Method,4.0.B1,4.2.1,5.0-M1,14
cayenne,4.0.B1,org.apache.cayenne.map,SelectQueryDescriptor,encodeAsXML,Complex Method,"designitejava,checkstyle",cayenne-server/src/main/java/org/apache/cayenne/map/SelectQueryDescriptor.java,cayenne-server/src/main/java/org/apache/cayenne/map/SelectQueryDescriptor.java.SelectQueryDescriptor.encodeAsXML.Complex Method,4.0.B1,4.2.1,5.0-M1,14
cayenne,4.0.M2,org.apache.cayenne.map.naming,NameConverter,underscoredToJava,Complex Method,"designitejava,pmd,checkstyle",cayenne-server/src/main/java/org/apache/cayenne/map/naming/NameConverter.java,cayenne-server/src/main/java/org/apache/cayenne/map/naming/NameConverter.java.NameConverter.underscoredToJava.Complex Method,4.0.M2,4.0.M2,4.0.B1,1
cayenne,4.0.M2,org.apache.cayenne.merge,DbMerger,checkRelationshipsToDrop,Complex Method,"designitejava,pmd",cayenne-server/src/main/java/org/apache/cayenne/merge/DbMerger.java,cayenne-server/src/main/java/org/apache/cayenne/merge/DbMerger.java.DbMerger.checkRelationshipsToDrop.Complex Method,4.0.M2,4.0.M2,4.0.B1,1
cayenne,4.0.M2,org.apache.cayenne.merge,DbMerger,checkRows,Complex Method,"designitejava,pmd,checkstyle",cayenne-server/src/main/java/org/apache/cayenne/merge/DbMerger.java,cayenne-server/src/main/java/org/apache/cayenne/merge/DbMerger.java.DbMerger.checkRows.Complex Method,4.0.M2,4.0.M2,4.0.B1,1
cayenne,4.0.M2,org.apache.cayenne.merge,DbMerger,checkRows,Feature Envy,"designitejava,checkstyle",cayenne-server/src/main/java/org/apache/cayenne/merge/DbMerger.java,cayenne-server/src/main/java/org/apache/cayenne/merge/DbMerger.java.DbMerger.checkRows.Feature Envy,4.0.M2,4.0.M2,4.0.B1,1
cayenne,4.0.M2,org.apache.cayenne.merge,DbMerger,createMergeTokens,Complex Method,"designitejava,pmd",cayenne-server/src/main/java/org/apache/cayenne/merge/DbMerger.java,cayenne-server/src/main/java/org/apache/cayenne/merge/DbMerger.java.DbMerger.createMergeTokens.Complex Method,4.0.M2,4.0.M2,4.0.B1,1
cayenne,4.0.M2,org.apache.cayenne.query,BaseQueryMetadata,encodeAsXML,Complex Method,"designitejava,checkstyle",cayenne-server/src/main/java/org/apache/cayenne/query/BaseQueryMetadata.java,cayenne-server/src/main/java/org/apache/cayenne/query/BaseQueryMetadata.java.BaseQueryMetadata.encodeAsXML.Complex Method,4.0.M2,4.0.1,4.1.M1,5
cayenne,4.0.M2,org.apache.cayenne.query,BaseQueryMetadata,resolve,Complex Method,"designitejava,pmd,checkstyle",cayenne-server/src/main/java/org/apache/cayenne/query/BaseQueryMetadata.java,cayenne-server/src/main/java/org/apache/cayenne/query/BaseQueryMetadata.java.BaseQueryMetadata.resolve.Complex Method,4.0.M2,4.2.1,5.0-M1,15
cayenne,4.0.M2,org.apache.cayenne.query,EJBQLQueryMetadata,resolve,Complex Method,"designitejava,pmd,checkstyle",cayenne-server/src/main/java/org/apache/cayenne/query/EJBQLQueryMetadata.java,cayenne-server/src/main/java/org/apache/cayenne/query/EJBQLQueryMetadata.java.EJBQLQueryMetadata.resolve.Complex Method,4.0.M2,4.2.1,5.0-M1,15
cayenne,4.0.B1,org.apache.cayenne.query,MappedSelect,createReplacementQuery,Complex Method,"designitejava,pmd,checkstyle",cayenne-server/src/main/java/org/apache/cayenne/query/MappedSelect.java,cayenne-server/src/main/java/org/apache/cayenne/query/MappedSelect.java.MappedSelect.createReplacementQuery.Complex Method,4.0.B1,4.2.1,5.0-M1,14
cayenne,4.0.M2,org.apache.cayenne.query,NamedQuery,equals,Complex Method,"designitejava,pmd,checkstyle",cayenne-server/src/main/java/org/apache/cayenne/query/NamedQuery.java,cayenne-server/src/main/java/org/apache/cayenne/query/NamedQuery.java.NamedQuery.equals.Complex Method,4.0.M2,4.1.M1,4.1.B1,6
cayenne,4.0.M2,org.apache.cayenne.query,ObjectSelect,,God Class,"pmd,checkstyle",cayenne-server/src/main/java/org/apache/cayenne/query/ObjectSelect.java,cayenne-server/src/main/java/org/apache/cayenne/query/ObjectSelect.java.ObjectSelect..God Class,4.0.M2,4.2.1,5.0-M1,15
cayenne,4.2.M1,org.apache.cayenne.query,ObjectSelectMetadata,makeCacheKey,Complex Method,"designitejava,pmd,checkstyle",cayenne-server/src/main/java/org/apache/cayenne/query/ObjectSelectMetadata.java,cayenne-server/src/main/java/org/apache/cayenne/query/ObjectSelectMetadata.java.ObjectSelectMetadata.makeCacheKey.Complex Method,4.2.M1,4.2.1,5.0-M1,5
cayenne,4.0.B1,org.apache.cayenne.query,Ordering,,God Class,"pmd,checkstyle",cayenne-server/src/main/java/org/apache/cayenne/query/Ordering.java,cayenne-server/src/main/java/org/apache/cayenne/query/Ordering.java.Ordering..God Class,4.0.B1,4.2.1,5.0-M1,14
cayenne,4.0.M2,org.apache.cayenne.query,Ordering,compare,Complex Method,"pmd,checkstyle",cayenne-server/src/main/java/org/apache/cayenne/query/Ordering.java,cayenne-server/src/main/java/org/apache/cayenne/query/Ordering.java.Ordering.compare.Complex Method,4.0.M2,4.2.1,5.0-M1,15
cayenne,4.0.M2,org.apache.cayenne.query,PrefetchTreeNode,,God Class,"pmd,checkstyle",cayenne-server/src/main/java/org/apache/cayenne/query/PrefetchTreeNode.java,cayenne-server/src/main/java/org/apache/cayenne/query/PrefetchTreeNode.java.PrefetchTreeNode..God Class,4.0.M2,4.2.1,5.0-M1,15
cayenne,4.0.M2,org.apache.cayenne.query,ProcedureQueryMetadata,resolve,Complex Method,"designitejava,pmd,checkstyle",cayenne-server/src/main/java/org/apache/cayenne/query/ProcedureQueryMetadata.java,cayenne-server/src/main/java/org/apache/cayenne/query/ProcedureQueryMetadata.java.ProcedureQueryMetadata.resolve.Complex Method,4.0.M2,4.2.1,5.0-M1,15
cayenne,4.0.M2,org.apache.cayenne.query,SQLTemplate,,God Class,"pmd,checkstyle",cayenne-server/src/main/java/org/apache/cayenne/query/SQLTemplate.java,cayenne-server/src/main/java/org/apache/cayenne/query/SQLTemplate.java.SQLTemplate..God Class,4.0.M2,4.2.1,5.0-M1,15
cayenne,4.0.M2,org.apache.cayenne.query,SQLTemplate,encodeAsXML,Complex Method,"designitejava,pmd,checkstyle",cayenne-server/src/main/java/org/apache/cayenne/query/SQLTemplate.java,cayenne-server/src/main/java/org/apache/cayenne/query/SQLTemplate.java.SQLTemplate.encodeAsXML.Complex Method,4.0.M2,4.0.1,4.1.M1,5
cayenne,4.0.M2,org.apache.cayenne.query,SQLTemplateMetadata,resolve,Complex Method,"designitejava,pmd,checkstyle",cayenne-server/src/main/java/org/apache/cayenne/query/SQLTemplateMetadata.java,cayenne-server/src/main/java/org/apache/cayenne/query/SQLTemplateMetadata.java.SQLTemplateMetadata.resolve.Complex Method,4.0.M2,4.2.1,5.0-M1,15
cayenne,4.0.M2,org.apache.cayenne.query,SelectQuery,,God Class,"pmd,checkstyle",cayenne-server/src/main/java/org/apache/cayenne/query/SelectQuery.java,cayenne-server/src/main/java/org/apache/cayenne/query/SelectQuery.java.SelectQuery..God Class,4.0.M2,4.2.1,5.0-M1,15
cayenne,4.0.M2,org.apache.cayenne.query,SelectQuery,encodeAsXML,Complex Method,"designitejava,checkstyle",cayenne-server/src/main/java/org/apache/cayenne/query/SelectQuery.java,cayenne-server/src/main/java/org/apache/cayenne/query/SelectQuery.java.SelectQuery.encodeAsXML.Complex Method,4.0.M2,4.0.1,4.1.M1,5
cayenne,4.0.B1,org.apache.cayenne.query,SelectQueryMetadata,buildEntityResultForColumn,Complex Method,"designitejava,pmd,checkstyle",cayenne-server/src/main/java/org/apache/cayenne/query/SelectQueryMetadata.java,cayenne-server/src/main/java/org/apache/cayenne/query/SelectQueryMetadata.java.SelectQueryMetadata.buildEntityResultForColumn.Complex Method,4.0.B1,4.1.1,4.2.M1,9
cayenne,4.0.B1,org.apache.cayenne.query,SelectQueryMetadata,buildResultSetMappingForColumns,Complex Method,"designitejava,pmd,checkstyle",cayenne-server/src/main/java/org/apache/cayenne/query/SelectQueryMetadata.java,cayenne-server/src/main/java/org/apache/cayenne/query/SelectQueryMetadata.java.SelectQueryMetadata.buildResultSetMappingForColumns.Complex Method,4.0.B1,4.1.1,4.2.M1,9
cayenne,4.0.M2,org.apache.cayenne.query,SelectQueryMetadata,makeCacheKey,Complex Method,"designitejava,pmd,checkstyle",cayenne-server/src/main/java/org/apache/cayenne/query/SelectQueryMetadata.java,cayenne-server/src/main/java/org/apache/cayenne/query/SelectQueryMetadata.java.SelectQueryMetadata.makeCacheKey.Complex Method,4.0.M2,4.2.1,5.0-M1,15
cayenne,4.2.M1,org.apache.cayenne.query,ToCacheKeyTraversalHandler,objectNode,Complex Method,"designitejava,pmd",cayenne-server/src/main/java/org/apache/cayenne/query/ToCacheKeyTraversalHandler.java,cayenne-server/src/main/java/org/apache/cayenne/query/ToCacheKeyTraversalHandler.java.ToCacheKeyTraversalHandler.objectNode.Complex Method,4.2.M1,4.2.1,5.0-M1,5
cayenne,4.0.B1,org.apache.cayenne.reflect,BeanAccessor,BeanAccessor,Complex Method,"designitejava,checkstyle",cayenne-server/src/main/java/org/apache/cayenne/reflect/BeanAccessor.java,cayenne-server/src/main/java/org/apache/cayenne/reflect/BeanAccessor.java.BeanAccessor.BeanAccessor.Complex Method,4.0.B1,4.2.1,5.0-M1,14
cayenne,4.0.M2,org.apache.cayenne.reflect,LifecycleCallbackRegistry,addListener,Complex Method,"designitejava,pmd,checkstyle",cayenne-server/src/main/java/org/apache/cayenne/reflect/LifecycleCallbackRegistry.java,cayenne-server/src/main/java/org/apache/cayenne/reflect/LifecycleCallbackRegistry.java.LifecycleCallbackRegistry.addListener.Complex Method,4.0.M2,4.2.1,5.0-M1,15
cayenne,4.0.M2,org.apache.cayenne.reflect,LifecycleCallbackRegistry,getAnnotationsMap,Long Method,"Decor,designitejava",cayenne-server/src/main/java/org/apache/cayenne/reflect/LifecycleCallbackRegistry.java,cayenne-server/src/main/java/org/apache/cayenne/reflect/LifecycleCallbackRegistry.java.LifecycleCallbackRegistry.getAnnotationsMap.Long Method,4.0.M2,4.2.1,5.0-M1,15
cayenne,4.0.M2,org.apache.cayenne.reflect,PersistentDescriptorFactory,getDescriptor,Complex Method,"designitejava,pmd,checkstyle",cayenne-server/src/main/java/org/apache/cayenne/reflect/PersistentDescriptorFactory.java,cayenne-server/src/main/java/org/apache/cayenne/reflect/PersistentDescriptorFactory.java.PersistentDescriptorFactory.getDescriptor.Complex Method,4.0.M2,4.2.1,5.0-M1,15
cayenne,4.1.B1,org.apache.cayenne.reflect,PersistentDescriptorFactory,indexAdditionalDbEntities,Complex Method,"designitejava,pmd",cayenne-server/src/main/java/org/apache/cayenne/reflect/PersistentDescriptorFactory.java,cayenne-server/src/main/java/org/apache/cayenne/reflect/PersistentDescriptorFactory.java.PersistentDescriptorFactory.indexAdditionalDbEntities.Complex Method,4.1.B1,4.2.1,5.0-M1,9
cayenne,4.0.M2,org.apache.cayenne.reflect,PropertyUtils,defaultNullValueForType,Complex Method,"designitejava,checkstyle",cayenne-server/src/main/java/org/apache/cayenne/reflect/PropertyUtils.java,cayenne-server/src/main/java/org/apache/cayenne/reflect/PropertyUtils.java.PropertyUtils.defaultNullValueForType.Complex Method,4.0.M2,4.2.1,5.0-M1,15
cayenne,4.0.M2,org.apache.cayenne.remote,RemoteIncrementalFaultList,resolveInterval,Complex Method,"designitejava,pmd,checkstyle",cayenne-server/src/main/java/org/apache/cayenne/remote/RemoteIncrementalFaultList.java,cayenne-server/src/main/java/org/apache/cayenne/remote/RemoteIncrementalFaultList.java.RemoteIncrementalFaultList.resolveInterval.Complex Method,4.0.M2,4.1.M1,4.1.B1,6
cayenne,4.1.M1,org.apache.cayenne.template.directive,BindObjectEqual,apply,Complex Method,"designitejava,checkstyle",cayenne-server/src/main/java/org/apache/cayenne/template/directive/BindObjectEqual.java,cayenne-server/src/main/java/org/apache/cayenne/template/directive/BindObjectEqual.java.BindObjectEqual.apply.Complex Method,4.1.M1,4.2.1,5.0-M1,10
cayenne,4.1.M1,org.apache.cayenne.template.parser,ASTMethod,evaluateAsObject,Complex Method,"designitejava,pmd,checkstyle",cayenne-server/src/main/java/org/apache/cayenne/template/parser/ASTMethod.java,cayenne-server/src/main/java/org/apache/cayenne/template/parser/ASTMethod.java.ASTMethod.evaluateAsObject.Complex Method,4.1.M1,4.2.1,5.0-M1,10
cayenne,4.1.M1,org.apache.cayenne.template.parser,JavaCharStream,,God Class,"pmd,checkstyle",cayenne-server/src/main/java/org/apache/cayenne/template/parser/JavaCharStream.java,cayenne-server/src/main/java/org/apache/cayenne/template/parser/JavaCharStream.java.JavaCharStream..God Class,4.1.M1,4.2.1,5.0-M1,10
cayenne,4.1.M1,org.apache.cayenne.template.parser,JavaCharStream,hexval,Complex Method,"designitejava,checkstyle",cayenne-server/src/main/java/org/apache/cayenne/template/parser/JavaCharStream.java,cayenne-server/src/main/java/org/apache/cayenne/template/parser/JavaCharStream.java.JavaCharStream.hexval.Complex Method,4.1.M1,4.2.1,5.0-M1,10
cayenne,4.1.M1,org.apache.cayenne.template.parser,JavaCharStream,readChar,Complex Method,"designitejava,pmd,checkstyle",cayenne-server/src/main/java/org/apache/cayenne/template/parser/JavaCharStream.java,cayenne-server/src/main/java/org/apache/cayenne/template/parser/JavaCharStream.java.JavaCharStream.readChar.Complex Method,4.1.M1,4.2.1,5.0-M1,10
cayenne,4.1.M1,org.apache.cayenne.template.parser,ParseException,add_escapes,Complex Method,"designitejava,checkstyle",cayenne-server/src/main/java/org/apache/cayenne/template/parser/ParseException.java,cayenne-server/src/main/java/org/apache/cayenne/template/parser/ParseException.java.ParseException.add_escapes.Complex Method,4.1.M1,4.2.1,5.0-M1,10
cayenne,4.1.M1,org.apache.cayenne.template.parser,SQLTemplateParser,,God Class,"pmd,checkstyle",cayenne-server/src/main/java/org/apache/cayenne/template/parser/SQLTemplateParser.java,cayenne-server/src/main/java/org/apache/cayenne/template/parser/SQLTemplateParser.java.SQLTemplateParser..God Class,4.1.M1,4.2.1,5.0-M1,10
cayenne,4.1.M1,org.apache.cayenne.template.parser,SQLTemplateParser,array,Complex Method,"designitejava,pmd,checkstyle",cayenne-server/src/main/java/org/apache/cayenne/template/parser/SQLTemplateParser.java,cayenne-server/src/main/java/org/apache/cayenne/template/parser/SQLTemplateParser.java.SQLTemplateParser.array.Complex Method,4.1.M1,4.2.1,5.0-M1,10
cayenne,4.1.M1,org.apache.cayenne.template.parser,SQLTemplateParser,block,Complex Method,"designitejava,pmd,checkstyle",cayenne-server/src/main/java/org/apache/cayenne/template/parser/SQLTemplateParser.java,cayenne-server/src/main/java/org/apache/cayenne/template/parser/SQLTemplateParser.java.SQLTemplateParser.block.Complex Method,4.1.M1,4.2.1,5.0-M1,10
cayenne,4.1.M1,org.apache.cayenne.template.parser,SQLTemplateParser,directive,Complex Method,"designitejava,pmd,checkstyle",cayenne-server/src/main/java/org/apache/cayenne/template/parser/SQLTemplateParser.java,cayenne-server/src/main/java/org/apache/cayenne/template/parser/SQLTemplateParser.java.SQLTemplateParser.directive.Complex Method,4.1.M1,4.2.1,5.0-M1,10
cayenne,4.1.M1,org.apache.cayenne.template.parser,SQLTemplateParser,expression,Complex Method,"designitejava,pmd,checkstyle",cayenne-server/src/main/java/org/apache/cayenne/template/parser/SQLTemplateParser.java,cayenne-server/src/main/java/org/apache/cayenne/template/parser/SQLTemplateParser.java.SQLTemplateParser.expression.Complex Method,4.1.M1,4.2.1,5.0-M1,10
cayenne,4.1.M1,org.apache.cayenne.template.parser,SQLTemplateParser,generateParseException,Complex Method,"designitejava,pmd",cayenne-server/src/main/java/org/apache/cayenne/template/parser/SQLTemplateParser.java,cayenne-server/src/main/java/org/apache/cayenne/template/parser/SQLTemplateParser.java.SQLTemplateParser.generateParseException.Complex Method,4.1.M1,4.2.1,5.0-M1,10
cayenne,4.1.M1,org.apache.cayenne.template.parser,SQLTemplateParser,ifElse,Complex Method,"designitejava,pmd,checkstyle",cayenne-server/src/main/java/org/apache/cayenne/template/parser/SQLTemplateParser.java,cayenne-server/src/main/java/org/apache/cayenne/template/parser/SQLTemplateParser.java.SQLTemplateParser.ifElse.Complex Method,4.1.M1,4.2.1,5.0-M1,10
cayenne,4.1.M1,org.apache.cayenne.template.parser,SQLTemplateParser,method,Complex Method,"designitejava,pmd,checkstyle",cayenne-server/src/main/java/org/apache/cayenne/template/parser/SQLTemplateParser.java,cayenne-server/src/main/java/org/apache/cayenne/template/parser/SQLTemplateParser.java.SQLTemplateParser.method.Complex Method,4.1.M1,4.2.1,5.0-M1,10
cayenne,4.1.M1,org.apache.cayenne.template.parser,SQLTemplateParser,scalar,Complex Method,"designitejava,pmd,checkstyle",cayenne-server/src/main/java/org/apache/cayenne/template/parser/SQLTemplateParser.java,cayenne-server/src/main/java/org/apache/cayenne/template/parser/SQLTemplateParser.java.SQLTemplateParser.scalar.Complex Method,4.1.M1,4.2.1,5.0-M1,10
cayenne,4.1.M1,org.apache.cayenne.template.parser,SQLTemplateParser,variable,Complex Method,"designitejava,pmd,checkstyle",cayenne-server/src/main/java/org/apache/cayenne/template/parser/SQLTemplateParser.java,cayenne-server/src/main/java/org/apache/cayenne/template/parser/SQLTemplateParser.java.SQLTemplateParser.variable.Complex Method,4.1.M1,4.2.1,5.0-M1,10
cayenne,4.1.M1,org.apache.cayenne.template.parser,SQLTemplateParserTokenManager,,God Class,"pmd,checkstyle",cayenne-server/src/main/java/org/apache/cayenne/template/parser/SQLTemplateParserTokenManager.java,cayenne-server/src/main/java/org/apache/cayenne/template/parser/SQLTemplateParserTokenManager.java.SQLTemplateParserTokenManager..God Class,4.1.M1,4.2.1,5.0-M1,10
cayenne,4.1.M1,org.apache.cayenne.template.parser,SQLTemplateParserTokenManager,escapeChar,Complex Method,"designitejava,checkstyle",cayenne-server/src/main/java/org/apache/cayenne/template/parser/SQLTemplateParserTokenManager.java,cayenne-server/src/main/java/org/apache/cayenne/template/parser/SQLTemplateParserTokenManager.java.SQLTemplateParserTokenManager.escapeChar.Complex Method,4.1.M1,4.2.1,5.0-M1,10
cayenne,4.1.M1,org.apache.cayenne.template.parser,SQLTemplateParserTokenManager,getNextToken,Complex Method,"designitejava,pmd,checkstyle",cayenne-server/src/main/java/org/apache/cayenne/template/parser/SQLTemplateParserTokenManager.java,cayenne-server/src/main/java/org/apache/cayenne/template/parser/SQLTemplateParserTokenManager.java.SQLTemplateParserTokenManager.getNextToken.Complex Method,4.1.M1,4.2.1,5.0-M1,10
cayenne,4.1.M1,org.apache.cayenne.template.parser,SQLTemplateParserTokenManager,jjMoveNfa_0,Complex Method,"designitejava,pmd,checkstyle",cayenne-server/src/main/java/org/apache/cayenne/template/parser/SQLTemplateParserTokenManager.java,cayenne-server/src/main/java/org/apache/cayenne/template/parser/SQLTemplateParserTokenManager.java.SQLTemplateParserTokenManager.jjMoveNfa_0.Complex Method,4.1.M1,4.2.1,5.0-M1,10
cayenne,4.1.M1,org.apache.cayenne.template.parser,SQLTemplateParserTokenManager,jjMoveNfa_1,Complex Method,"designitejava,pmd,checkstyle",cayenne-server/src/main/java/org/apache/cayenne/template/parser/SQLTemplateParserTokenManager.java,cayenne-server/src/main/java/org/apache/cayenne/template/parser/SQLTemplateParserTokenManager.java.SQLTemplateParserTokenManager.jjMoveNfa_1.Complex Method,4.1.M1,4.2.1,5.0-M1,10
cayenne,4.1.M1,org.apache.cayenne.template.parser,SQLTemplateParserTokenManager,jjMoveNfa_2,Complex Method,"designitejava,pmd,checkstyle",cayenne-server/src/main/java/org/apache/cayenne/template/parser/SQLTemplateParserTokenManager.java,cayenne-server/src/main/java/org/apache/cayenne/template/parser/SQLTemplateParserTokenManager.java.SQLTemplateParserTokenManager.jjMoveNfa_2.Complex Method,4.1.M1,4.2.1,5.0-M1,10
cayenne,4.1.M1,org.apache.cayenne.template.parser,SQLTemplateParserTokenManager,jjMoveNfa_3,Complex Method,"designitejava,pmd,checkstyle",cayenne-server/src/main/java/org/apache/cayenne/template/parser/SQLTemplateParserTokenManager.java,cayenne-server/src/main/java/org/apache/cayenne/template/parser/SQLTemplateParserTokenManager.java.SQLTemplateParserTokenManager.jjMoveNfa_3.Complex Method,4.1.M1,4.2.1,5.0-M1,10
cayenne,4.1.M1,org.apache.cayenne.template.parser,SQLTemplateParserTokenManager,jjMoveNfa_4,Complex Method,"designitejava,pmd,checkstyle",cayenne-server/src/main/java/org/apache/cayenne/template/parser/SQLTemplateParserTokenManager.java,cayenne-server/src/main/java/org/apache/cayenne/template/parser/SQLTemplateParserTokenManager.java.SQLTemplateParserTokenManager.jjMoveNfa_4.Complex Method,4.1.M1,4.2.1,5.0-M1,10
cayenne,4.1.M1,org.apache.cayenne.template.parser,SQLTemplateParserTokenManager,jjMoveNfa_5,Complex Method,"designitejava,pmd,checkstyle",cayenne-server/src/main/java/org/apache/cayenne/template/parser/SQLTemplateParserTokenManager.java,cayenne-server/src/main/java/org/apache/cayenne/template/parser/SQLTemplateParserTokenManager.java.SQLTemplateParserTokenManager.jjMoveNfa_5.Complex Method,4.1.M1,4.2.1,5.0-M1,10
cayenne,4.1.M1,org.apache.cayenne.template.parser,SQLTemplateParserTokenManager,jjMoveStringLiteralDfa0_1,Complex Method,"designitejava,checkstyle",cayenne-server/src/main/java/org/apache/cayenne/template/parser/SQLTemplateParserTokenManager.java,cayenne-server/src/main/java/org/apache/cayenne/template/parser/SQLTemplateParserTokenManager.java.SQLTemplateParserTokenManager.jjMoveStringLiteralDfa0_1.Complex Method,4.1.M1,4.2.1,5.0-M1,10
cayenne,4.1.M1,org.apache.cayenne.template.parser,TokenMgrError,LexicalError,Long Parameter List,"designitejava,checkstyle",cayenne-server/src/main/java/org/apache/cayenne/template/parser/TokenMgrError.java,cayenne-server/src/main/java/org/apache/cayenne/template/parser/TokenMgrError.java.TokenMgrError.LexicalError.Long Parameter List,4.1.M1,4.2.1,5.0-M1,10
cayenne,4.1.M1,org.apache.cayenne.template.parser,TokenMgrError,addEscapes,Complex Method,"designitejava,checkstyle",cayenne-server/src/main/java/org/apache/cayenne/template/parser/TokenMgrError.java,cayenne-server/src/main/java/org/apache/cayenne/template/parser/TokenMgrError.java.TokenMgrError.addEscapes.Complex Method,4.1.M1,4.2.1,5.0-M1,10
cayenne,4.0.M2,org.apache.cayenne.util,Base64Codec,encodeBase64,Complex Method,"designitejava,pmd,checkstyle",cayenne-server/src/main/java/org/apache/cayenne/util/Base64Codec.java,cayenne-server/src/main/java/org/apache/cayenne/util/Base64Codec.java.Base64Codec.encodeBase64.Complex Method,4.0.M2,4.2.M1,4.2.B1,11
cayenne,4.1.M1,org.apache.cayenne.util,CompareToBuilder,,God Class,"pmd,checkstyle",cayenne-server/src/main/java/org/apache/cayenne/util/CompareToBuilder.java,cayenne-server/src/main/java/org/apache/cayenne/util/CompareToBuilder.java.CompareToBuilder..God Class,4.1.M1,4.2.1,5.0-M1,10
cayenne,4.1.M1,org.apache.cayenne.util,CompareToBuilder,append,Complex Method,"designitejava,pmd,checkstyle",cayenne-server/src/main/java/org/apache/cayenne/util/CompareToBuilder.java,cayenne-server/src/main/java/org/apache/cayenne/util/CompareToBuilder.java.CompareToBuilder.append.Complex Method,4.1.M1,4.2.1,5.0-M1,10
cayenne,4.0.M2,org.apache.cayenne.util,DeepMergeOperation,merge,Complex Method,"designitejava,pmd",cayenne-server/src/main/java/org/apache/cayenne/util/DeepMergeOperation.java,cayenne-server/src/main/java/org/apache/cayenne/util/DeepMergeOperation.java.DeepMergeOperation.merge.Complex Method,4.0.M2,4.2.1,5.0-M1,15
cayenne,4.0.M2,org.apache.cayenne.util,EntityMergeSupport,getAttributesToAdd,Complex Method,"designitejava,pmd,checkstyle",cayenne-server/src/main/java/org/apache/cayenne/util/EntityMergeSupport.java,cayenne-server/src/main/java/org/apache/cayenne/util/EntityMergeSupport.java.EntityMergeSupport.getAttributesToAdd.Complex Method,4.0.M2,4.0.M2,4.0.B1,1
cayenne,4.0.M2,org.apache.cayenne.util,EqualsBuilder,,God Class,"pmd,checkstyle",cayenne-server/src/main/java/org/apache/cayenne/util/EqualsBuilder.java,cayenne-server/src/main/java/org/apache/cayenne/util/EqualsBuilder.java.EqualsBuilder..God Class,4.0.M2,4.2.1,5.0-M1,15
cayenne,4.0.M2,org.apache.cayenne.util,EqualsBuilder,append,Complex Method,"designitejava,pmd,checkstyle",cayenne-server/src/main/java/org/apache/cayenne/util/EqualsBuilder.java,cayenne-server/src/main/java/org/apache/cayenne/util/EqualsBuilder.java.EqualsBuilder.append.Complex Method,4.0.M2,4.2.1,5.0-M1,15
cayenne,4.0.M2,org.apache.cayenne.util,HashCodeBuilder,append,Complex Method,"designitejava,pmd,checkstyle",cayenne-server/src/main/java/org/apache/cayenne/util/HashCodeBuilder.java,cayenne-server/src/main/java/org/apache/cayenne/util/HashCodeBuilder.java.HashCodeBuilder.append.Complex Method,4.0.M2,4.2.1,5.0-M1,15
cayenne,4.0.M2,org.apache.cayenne.util,MemoryBlob,position,Complex Method,"designitejava,pmd,checkstyle",cayenne-server/src/main/java/org/apache/cayenne/util/MemoryBlob.java,cayenne-server/src/main/java/org/apache/cayenne/util/MemoryBlob.java.MemoryBlob.position.Complex Method,4.0.M2,4.2.1,5.0-M1,15
cayenne,4.0.M2,org.apache.cayenne.util,ObjectContextQueryAction,interceptObjectConversion,Feature Envy,"designitejava,checkstyle",cayenne-server/src/main/java/org/apache/cayenne/util/ObjectContextQueryAction.java,cayenne-server/src/main/java/org/apache/cayenne/util/ObjectContextQueryAction.java.ObjectContextQueryAction.interceptObjectConversion.Feature Envy,4.0.M2,4.2.1,5.0-M1,15
cayenne,4.0.M2,org.apache.cayenne.util,ObjectContextQueryAction,interceptRelationshipQuery,Complex Method,"designitejava,pmd,checkstyle",cayenne-server/src/main/java/org/apache/cayenne/util/ObjectContextQueryAction.java,cayenne-server/src/main/java/org/apache/cayenne/util/ObjectContextQueryAction.java.ObjectContextQueryAction.interceptRelationshipQuery.Complex Method,4.0.M2,4.2.1,5.0-M1,15
cayenne,4.0.M2,org.apache.cayenne.util,ObjectDetachOperation,detach,Complex Method,"designitejava,pmd",cayenne-server/src/main/java/org/apache/cayenne/util/ObjectDetachOperation.java,cayenne-server/src/main/java/org/apache/cayenne/util/ObjectDetachOperation.java.ObjectDetachOperation.detach.Complex Method,4.0.M2,4.2.1,5.0-M1,15
cayenne,4.0.M2,org.apache.cayenne.util,ObjectDetachOperation,visitToMany,Complex Method,"designitejava,pmd",cayenne-server/src/main/java/org/apache/cayenne/util/ObjectDetachOperation.java,cayenne-server/src/main/java/org/apache/cayenne/util/ObjectDetachOperation.java.ObjectDetachOperation.visitToMany.Complex Method,4.0.M2,4.2.1,5.0-M1,15
cayenne,4.0.M2,org.apache.cayenne.util,PersistentObjectList,,God Class,"pmd,checkstyle",cayenne-server/src/main/java/org/apache/cayenne/util/PersistentObjectList.java,cayenne-server/src/main/java/org/apache/cayenne/util/PersistentObjectList.java.PersistentObjectList..God Class,4.0.M2,4.2.1,5.0-M1,15
cayenne,4.0.M2,org.apache.cayenne.util,PersistentObjectList,mergeLocalChanges,Complex Method,"designitejava,pmd",cayenne-server/src/main/java/org/apache/cayenne/util/PersistentObjectList.java,cayenne-server/src/main/java/org/apache/cayenne/util/PersistentObjectList.java.PersistentObjectList.mergeLocalChanges.Complex Method,4.0.M2,4.2.1,5.0-M1,15
cayenne,4.0.M2,org.apache.cayenne.util,PersistentObjectSet,mergeLocalChanges,Complex Method,"designitejava,pmd",cayenne-server/src/main/java/org/apache/cayenne/util/PersistentObjectSet.java,cayenne-server/src/main/java/org/apache/cayenne/util/PersistentObjectSet.java.PersistentObjectSet.mergeLocalChanges.Complex Method,4.0.M2,4.2.1,5.0-M1,15
cayenne,4.0.M2,org.apache.cayenne.util,ShallowMergeOperation,merge,Feature Envy,"designitejava,checkstyle",cayenne-server/src/main/java/org/apache/cayenne/util/ShallowMergeOperation.java,cayenne-server/src/main/java/org/apache/cayenne/util/ShallowMergeOperation.java.ShallowMergeOperation.merge.Feature Envy,4.0.M2,4.2.1,5.0-M1,15
cayenne,4.0.M2,org.apache.cayenne.util,ToStringBuilder,appendDetail,Complex Method,"designitejava,checkstyle",cayenne-server/src/main/java/org/apache/cayenne/util/ToStringBuilder.java,cayenne-server/src/main/java/org/apache/cayenne/util/ToStringBuilder.java.ToStringBuilder.appendDetail.Complex Method,4.0.M2,4.2.1,5.0-M1,15
cayenne,4.0.M2,org.apache.cayenne.util,Util,,God Class,"pmd,checkstyle",cayenne-server/src/main/java/org/apache/cayenne/util/Util.java,cayenne-server/src/main/java/org/apache/cayenne/util/Util.java.Util..God Class,4.0.M2,4.2.1,5.0-M1,15
cayenne,4.0.B1,org.apache.cayenne.util,Util,underscoredToJava,Complex Method,"designitejava,pmd,checkstyle",cayenne-server/src/main/java/org/apache/cayenne/util/Util.java,cayenne-server/src/main/java/org/apache/cayenne/util/Util.java.Util.underscoredToJava.Complex Method,4.0.B1,4.2.1,5.0-M1,14
cayenne,4.0.M2,org.apache.cayenne.util.concurrentlinkedhashmap,ConcurrentLinkedHashMap,,God Class,"pmd,checkstyle",cayenne-server/src/main/java/org/apache/cayenne/util/concurrentlinkedhashmap/ConcurrentLinkedHashMap.java,cayenne-server/src/main/java/org/apache/cayenne/util/concurrentlinkedhashmap/ConcurrentLinkedHashMap.java.ConcurrentLinkedHashMap..God Class,4.0.M2,4.2.1,5.0-M1,15
cayenne,4.2.B1,org.apache.cayenne.value.json,JsonTokenizer,,God Class,"pmd,checkstyle",cayenne-server/src/main/java/org/apache/cayenne/value/json/JsonTokenizer.java,cayenne-server/src/main/java/org/apache/cayenne/value/json/JsonTokenizer.java.JsonTokenizer..God Class,4.2.B1,4.2.1,5.0-M1,4
cayenne,4.2.B1,org.apache.cayenne.value.json,JsonTokenizer,numericValue,Complex Method,"pmd,checkstyle",cayenne-server/src/main/java/org/apache/cayenne/value/json/JsonTokenizer.java,cayenne-server/src/main/java/org/apache/cayenne/value/json/JsonTokenizer.java.JsonTokenizer.numericValue.Complex Method,4.2.B1,4.2.1,5.0-M1,4
cayenne,4.2.B1,org.apache.cayenne.value.json,JsonTokenizer,stringValue,Complex Method,"pmd,checkstyle",cayenne-server/src/main/java/org/apache/cayenne/value/json/JsonTokenizer.java,cayenne-server/src/main/java/org/apache/cayenne/value/json/JsonTokenizer.java.JsonTokenizer.stringValue.Complex Method,4.2.B1,4.2.1,5.0-M1,4
cayenne,4.0.M2,org.apache.cayenne.velocity,BindDirective,render,Long Parameter List,"designitejava,checkstyle",cayenne-server/src/main/java/org/apache/cayenne/velocity/BindDirective.java,cayenne-server/src/main/java/org/apache/cayenne/velocity/BindDirective.java.BindDirective.render.Long Parameter List,4.0.M2,4.0.1,4.1.M1,5
cayenne,4.0.M2,org.apache.cayenne.velocity,ChainDirective,render,Complex Method,"pmd,checkstyle",cayenne-server/src/main/java/org/apache/cayenne/velocity/ChainDirective.java,cayenne-server/src/main/java/org/apache/cayenne/velocity/ChainDirective.java.ChainDirective.render.Complex Method,4.0.M2,4.0.1,4.1.M1,5
cayenne,4.0.M2,org.apache.cayenne,CDOMany2OneIT,testMultipleToOneDeletion,Feature Envy,"designitejava,checkstyle",cayenne-server/src/test/java/org/apache/cayenne/CDOMany2OneIT.java,cayenne-server/src/test/java/org/apache/cayenne/CDOMany2OneIT.java.CDOMany2OneIT.testMultipleToOneDeletion.Feature Envy,4.0.M2,4.2.1,5.0-M1,15
cayenne,4.0.M2,org.apache.cayenne,CDOMany2OneIT,testSavedAdd,Feature Envy,"designitejava,checkstyle",cayenne-server/src/test/java/org/apache/cayenne/CDOMany2OneIT.java,cayenne-server/src/test/java/org/apache/cayenne/CDOMany2OneIT.java.CDOMany2OneIT.testSavedAdd.Feature Envy,4.0.M2,4.2.1,5.0-M1,15
cayenne,4.0.M2,org.apache.cayenne,CDOMany2OneNoRevIT,testNewAdd,Feature Envy,"designitejava,checkstyle",cayenne-server/src/test/java/org/apache/cayenne/CDOMany2OneNoRevIT.java,cayenne-server/src/test/java/org/apache/cayenne/CDOMany2OneNoRevIT.java.CDOMany2OneNoRevIT.testNewAdd.Feature Envy,4.0.M2,4.2.1,5.0-M1,15
cayenne,4.0.M2,org.apache.cayenne,CDOOne2ManyIT,testPropagatePK,Feature Envy,"designitejava,checkstyle",cayenne-server/src/test/java/org/apache/cayenne/CDOOne2ManyIT.java,cayenne-server/src/test/java/org/apache/cayenne/CDOOne2ManyIT.java.CDOOne2ManyIT.testPropagatePK.Feature Envy,4.0.M2,4.2.1,5.0-M1,15
cayenne,4.0.M2,org.apache.cayenne,CDOOne2ManyIT,testSelectWithToManyDBQualifier,Feature Envy,"designitejava,checkstyle",cayenne-server/src/test/java/org/apache/cayenne/CDOOne2ManyIT.java,cayenne-server/src/test/java/org/apache/cayenne/CDOOne2ManyIT.java.CDOOne2ManyIT.testSelectWithToManyDBQualifier.Feature Envy,4.0.M2,4.2.1,5.0-M1,15
cayenne,4.0.M2,org.apache.cayenne,CDOOne2ManyIT,testSelectWithToManyQualifier,Feature Envy,"designitejava,checkstyle",cayenne-server/src/test/java/org/apache/cayenne/CDOOne2ManyIT.java,cayenne-server/src/test/java/org/apache/cayenne/CDOOne2ManyIT.java.CDOOne2ManyIT.testSelectWithToManyQualifier.Feature Envy,4.0.M2,4.2.1,5.0-M1,15
cayenne,4.0.M2,org.apache.cayenne,CDOOneToManyFKIT,testReadRelationship,Feature Envy,"designitejava,checkstyle",cayenne-server/src/test/java/org/apache/cayenne/CDOOneToManyFKIT.java,cayenne-server/src/test/java/org/apache/cayenne/CDOOneToManyFKIT.java.CDOOneToManyFKIT.testReadRelationship.Feature Envy,4.0.M2,4.2.1,5.0-M1,15
cayenne,4.0.M2,org.apache.cayenne,CDOOneToOneFKIT,testReadRelationship,Feature Envy,"designitejava,checkstyle",cayenne-server/src/test/java/org/apache/cayenne/CDOOneToOneFKIT.java,cayenne-server/src/test/java/org/apache/cayenne/CDOOneToOneFKIT.java.CDOOneToOneFKIT.testReadRelationship.Feature Envy,4.0.M2,4.2.1,5.0-M1,15
cayenne,4.0.M2,org.apache.cayenne,CDOOneToOneFKIT,testTakeObjectSnapshotDependentFault,Feature Envy,"designitejava,checkstyle",cayenne-server/src/test/java/org/apache/cayenne/CDOOneToOneFKIT.java,cayenne-server/src/test/java/org/apache/cayenne/CDOOneToOneFKIT.java.CDOOneToOneFKIT.testTakeObjectSnapshotDependentFault.Feature Envy,4.0.M2,4.2.1,5.0-M1,15
cayenne,4.0.M2,org.apache.cayenne,CDOReflexiveRelIT,testAddDeleteNoCommit,Feature Envy,"designitejava,checkstyle",cayenne-server/src/test/java/org/apache/cayenne/CDOReflexiveRelIT.java,cayenne-server/src/test/java/org/apache/cayenne/CDOReflexiveRelIT.java.CDOReflexiveRelIT.testAddDeleteNoCommit.Feature Envy,4.0.M2,4.2.1,5.0-M1,15
cayenne,4.0.M2,org.apache.cayenne,CDOReflexiveRelIT,testAddDeleteWithCommit,Feature Envy,"designitejava,checkstyle",cayenne-server/src/test/java/org/apache/cayenne/CDOReflexiveRelIT.java,cayenne-server/src/test/java/org/apache/cayenne/CDOReflexiveRelIT.java.CDOReflexiveRelIT.testAddDeleteWithCommit.Feature Envy,4.0.M2,4.2.1,5.0-M1,15
cayenne,4.0.M2,org.apache.cayenne,CDOReflexiveRelIT,testCommitReplaceCommit,Feature Envy,"designitejava,checkstyle",cayenne-server/src/test/java/org/apache/cayenne/CDOReflexiveRelIT.java,cayenne-server/src/test/java/org/apache/cayenne/CDOReflexiveRelIT.java.CDOReflexiveRelIT.testCommitReplaceCommit.Feature Envy,4.0.M2,4.2.1,5.0-M1,15
cayenne,4.0.M2,org.apache.cayenne,CDOReflexiveRelIT,testComplexInsertUpdateOrdering,Feature Envy,"designitejava,checkstyle",cayenne-server/src/test/java/org/apache/cayenne/CDOReflexiveRelIT.java,cayenne-server/src/test/java/org/apache/cayenne/CDOReflexiveRelIT.java.CDOReflexiveRelIT.testComplexInsertUpdateOrdering.Feature Envy,4.0.M2,4.2.1,5.0-M1,15
cayenne,4.0.M2,org.apache.cayenne,CDOReflexiveRelIT,testReplaceDeleteNoCommit,Feature Envy,"designitejava,checkstyle",cayenne-server/src/test/java/org/apache/cayenne/CDOReflexiveRelIT.java,cayenne-server/src/test/java/org/apache/cayenne/CDOReflexiveRelIT.java.CDOReflexiveRelIT.testReplaceDeleteNoCommit.Feature Envy,4.0.M2,4.2.1,5.0-M1,15
cayenne,4.0.M2,org.apache.cayenne,CDOReflexiveRelIT,testReplaceDeleteWithCommit,Feature Envy,"designitejava,checkstyle",cayenne-server/src/test/java/org/apache/cayenne/CDOReflexiveRelIT.java,cayenne-server/src/test/java/org/apache/cayenne/CDOReflexiveRelIT.java.CDOReflexiveRelIT.testReplaceDeleteWithCommit.Feature Envy,4.0.M2,4.2.1,5.0-M1,15
cayenne,4.0.M2,org.apache.cayenne,CayenneDataObjectInContextIT,testCommitChangesInBatch,Feature Envy,"designitejava,checkstyle",cayenne-server/src/test/java/org/apache/cayenne/CayenneDataObjectInContextIT.java,cayenne-server/src/test/java/org/apache/cayenne/CayenneDataObjectInContextIT.java.CayenneDataObjectInContextIT.testCommitChangesInBatch.Feature Envy,4.0.M2,4.2.1,5.0-M1,15
cayenne,4.0.M2,org.apache.cayenne,CayenneDataObjectInContextIT,testSnapshotVersion1,Feature Envy,"designitejava,checkstyle",cayenne-server/src/test/java/org/apache/cayenne/CayenneDataObjectInContextIT.java,cayenne-server/src/test/java/org/apache/cayenne/CayenneDataObjectInContextIT.java.CayenneDataObjectInContextIT.testSnapshotVersion1.Feature Envy,4.0.M2,4.2.1,5.0-M1,15
cayenne,4.0.M2,org.apache.cayenne,CayenneDataObjectInContextIT,testSnapshotVersion3,Feature Envy,"designitejava,checkstyle",cayenne-server/src/test/java/org/apache/cayenne/CayenneDataObjectInContextIT.java,cayenne-server/src/test/java/org/apache/cayenne/CayenneDataObjectInContextIT.java.CayenneDataObjectInContextIT.testSnapshotVersion3.Feature Envy,4.0.M2,4.2.1,5.0-M1,15
cayenne,4.0.M2,org.apache.cayenne,CayenneDataObjectInContextIT,testStateCommittedToDeleted,Feature Envy,"designitejava,checkstyle",cayenne-server/src/test/java/org/apache/cayenne/CayenneDataObjectInContextIT.java,cayenne-server/src/test/java/org/apache/cayenne/CayenneDataObjectInContextIT.java.CayenneDataObjectInContextIT.testStateCommittedToDeleted.Feature Envy,4.0.M2,4.2.1,5.0-M1,15
cayenne,4.0.M2,org.apache.cayenne,CayenneDataObjectInContextIT,testStateCommittedToModified,Feature Envy,"designitejava,checkstyle",cayenne-server/src/test/java/org/apache/cayenne/CayenneDataObjectInContextIT.java,cayenne-server/src/test/java/org/apache/cayenne/CayenneDataObjectInContextIT.java.CayenneDataObjectInContextIT.testStateCommittedToModified.Feature Envy,4.0.M2,4.2.1,5.0-M1,15
cayenne,4.0.M2,org.apache.cayenne,CayenneDataObjectInContextIT,testStateDeletedToTransient,Feature Envy,"designitejava,checkstyle",cayenne-server/src/test/java/org/apache/cayenne/CayenneDataObjectInContextIT.java,cayenne-server/src/test/java/org/apache/cayenne/CayenneDataObjectInContextIT.java.CayenneDataObjectInContextIT.testStateDeletedToTransient.Feature Envy,4.0.M2,4.2.1,5.0-M1,15
cayenne,4.0.M2,org.apache.cayenne,CayenneDataObjectInContextIT,testStateModifiedToCommitted,Feature Envy,"designitejava,checkstyle",cayenne-server/src/test/java/org/apache/cayenne/CayenneDataObjectInContextIT.java,cayenne-server/src/test/java/org/apache/cayenne/CayenneDataObjectInContextIT.java.CayenneDataObjectInContextIT.testStateModifiedToCommitted.Feature Envy,4.0.M2,4.2.1,5.0-M1,15
cayenne,4.2,org.apache.cayenne,CayenneDataObjectReflexiveIT,addReflexiveParentAndChild,Feature Envy,"designitejava,checkstyle",cayenne-server/src/test/java/org/apache/cayenne/CayenneDataObjectReflexiveIT.java,cayenne-server/src/test/java/org/apache/cayenne/CayenneDataObjectReflexiveIT.java.CayenneDataObjectReflexiveIT.addReflexiveParentAndChild.Feature Envy,4.2,4.2.1,5.0-M1,2
cayenne,4.2,org.apache.cayenne,CayenneDataObjectReflexiveIT,addReflexiveParentAndChildWithOtherRelationshipOnParent,Feature Envy,"designitejava,checkstyle",cayenne-server/src/test/java/org/apache/cayenne/CayenneDataObjectReflexiveIT.java,cayenne-server/src/test/java/org/apache/cayenne/CayenneDataObjectReflexiveIT.java.CayenneDataObjectReflexiveIT.addReflexiveParentAndChildWithOtherRelationshipOnParent.Feature Envy,4.2,4.2.1,5.0-M1,2
cayenne,4.0.M2,org.apache.cayenne,CayenneDataObjectRelationshipsIT,testReflexiveRelationshipInsertOrder1,Feature Envy,"designitejava,checkstyle",cayenne-server/src/test/java/org/apache/cayenne/CayenneDataObjectRelationshipsIT.java,cayenne-server/src/test/java/org/apache/cayenne/CayenneDataObjectRelationshipsIT.java.CayenneDataObjectRelationshipsIT.testReflexiveRelationshipInsertOrder1.Feature Envy,4.0.M2,4.2.1,5.0-M1,15
cayenne,4.0.M2,org.apache.cayenne,CayenneDataObjectRelationshipsIT,testReflexiveRelationshipInsertOrder2,Feature Envy,"designitejava,checkstyle",cayenne-server/src/test/java/org/apache/cayenne/CayenneDataObjectRelationshipsIT.java,cayenne-server/src/test/java/org/apache/cayenne/CayenneDataObjectRelationshipsIT.java.CayenneDataObjectRelationshipsIT.testReflexiveRelationshipInsertOrder2.Feature Envy,4.0.M2,4.2.1,5.0-M1,15
cayenne,4.0.M2,org.apache.cayenne,CayenneDataObjectRelationshipsIT,testReflexiveRelationshipInsertOrder3,Feature Envy,"designitejava,checkstyle",cayenne-server/src/test/java/org/apache/cayenne/CayenneDataObjectRelationshipsIT.java,cayenne-server/src/test/java/org/apache/cayenne/CayenneDataObjectRelationshipsIT.java.CayenneDataObjectRelationshipsIT.testReflexiveRelationshipInsertOrder3.Feature Envy,4.0.M2,4.2.1,5.0-M1,15
cayenne,4.0.M2,org.apache.cayenne,CayenneDataObjectRelationshipsIT,testReflexiveRelationshipInsertOrder4,Feature Envy,"designitejava,checkstyle",cayenne-server/src/test/java/org/apache/cayenne/CayenneDataObjectRelationshipsIT.java,cayenne-server/src/test/java/org/apache/cayenne/CayenneDataObjectRelationshipsIT.java.CayenneDataObjectRelationshipsIT.testReflexiveRelationshipInsertOrder4.Feature Envy,4.0.M2,4.2.1,5.0-M1,15
cayenne,4.2.M1,org.apache.cayenne,CayenneDataObjectRelationshipsIT,testTransientInsertAndDeleteOfToManyRelationship,Feature Envy,"designitejava,checkstyle",cayenne-server/src/test/java/org/apache/cayenne/CayenneDataObjectRelationshipsIT.java,cayenne-server/src/test/java/org/apache/cayenne/CayenneDataObjectRelationshipsIT.java.CayenneDataObjectRelationshipsIT.testTransientInsertAndDeleteOfToManyRelationship.Feature Envy,4.2.M1,4.2.1,5.0-M1,5
cayenne,4.2.M1,org.apache.cayenne,CayenneDataObjectRelationshipsIT,testTransientSetAndNullOfToOneRelationship,Feature Envy,"designitejava,checkstyle",cayenne-server/src/test/java/org/apache/cayenne/CayenneDataObjectRelationshipsIT.java,cayenne-server/src/test/java/org/apache/cayenne/CayenneDataObjectRelationshipsIT.java.CayenneDataObjectRelationshipsIT.testTransientSetAndNullOfToOneRelationship.Feature Envy,4.2.M1,4.2.1,5.0-M1,5
cayenne,4.0.M2,org.apache.cayenne,CayenneDataObjectValidationIT,testValidateForSaveAttributeTooLong,Feature Envy,"designitejava,checkstyle",cayenne-server/src/test/java/org/apache/cayenne/CayenneDataObjectValidationIT.java,cayenne-server/src/test/java/org/apache/cayenne/CayenneDataObjectValidationIT.java.CayenneDataObjectValidationIT.testValidateForSaveAttributeTooLong.Feature Envy,4.0.M2,4.2.1,5.0-M1,15
cayenne,4.0.B1,org.apache.cayenne,FlattenedRelationshipsIT,testFlattenedComplexToOneRelationship,Feature Envy,"designitejava,checkstyle",cayenne-server/src/test/java/org/apache/cayenne/FlattenedRelationshipsIT.java,cayenne-server/src/test/java/org/apache/cayenne/FlattenedRelationshipsIT.java.FlattenedRelationshipsIT.testFlattenedComplexToOneRelationship.Feature Envy,4.0.B1,4.2.1,5.0-M1,14
cayenne,4.2.M1,org.apache.cayenne,FlattenedRelationshipsIT,testFt1ToFt5Flattened,Feature Envy,"designitejava,checkstyle",cayenne-server/src/test/java/org/apache/cayenne/FlattenedRelationshipsIT.java,cayenne-server/src/test/java/org/apache/cayenne/FlattenedRelationshipsIT.java.FlattenedRelationshipsIT.testFt1ToFt5Flattened.Feature Envy,4.2.M1,4.2.1,5.0-M1,5
cayenne,4.2.M1,org.apache.cayenne,FlattenedRelationshipsIT,testFt5ToFt1Flattened,Feature Envy,"designitejava,checkstyle",cayenne-server/src/test/java/org/apache/cayenne/FlattenedRelationshipsIT.java,cayenne-server/src/test/java/org/apache/cayenne/FlattenedRelationshipsIT.java.FlattenedRelationshipsIT.testFt5ToFt1Flattened.Feature Envy,4.2.M1,4.2.1,5.0-M1,5
cayenne,4.0.M2,org.apache.cayenne,FlattenedRelationshipsIT,testQualifyOnToManyFlattened,Feature Envy,"designitejava,checkstyle",cayenne-server/src/test/java/org/apache/cayenne/FlattenedRelationshipsIT.java,cayenne-server/src/test/java/org/apache/cayenne/FlattenedRelationshipsIT.java.FlattenedRelationshipsIT.testQualifyOnToManyFlattened.Feature Envy,4.0.M2,4.2.1,5.0-M1,15
cayenne,4.2.M1,org.apache.cayenne,FlattenedRelationshipsIT,testSecondToOneReverseToFk,Feature Envy,"designitejava,checkstyle",cayenne-server/src/test/java/org/apache/cayenne/FlattenedRelationshipsIT.java,cayenne-server/src/test/java/org/apache/cayenne/FlattenedRelationshipsIT.java.FlattenedRelationshipsIT.testSecondToOneReverseToFk.Feature Envy,4.2.M1,4.2.1,5.0-M1,5
cayenne,4.2.M1,org.apache.cayenne,FlattenedRelationshipsIT,testSecondToOneToFk,Feature Envy,"designitejava,checkstyle",cayenne-server/src/test/java/org/apache/cayenne/FlattenedRelationshipsIT.java,cayenne-server/src/test/java/org/apache/cayenne/FlattenedRelationshipsIT.java.FlattenedRelationshipsIT.testSecondToOneToFk.Feature Envy,4.2.M1,4.2.1,5.0-M1,5
cayenne,4.2.M1,org.apache.cayenne,FlattenedRelationshipsIT,testSetFlattenedCircular,Feature Envy,"designitejava,checkstyle",cayenne-server/src/test/java/org/apache/cayenne/FlattenedRelationshipsIT.java,cayenne-server/src/test/java/org/apache/cayenne/FlattenedRelationshipsIT.java.FlattenedRelationshipsIT.testSetFlattenedCircular.Feature Envy,4.2.M1,4.2.1,5.0-M1,5
cayenne,4.2.M1,org.apache.cayenne,FlattenedRelationshipsIT,testSetFlattenedRelationship,Feature Envy,"designitejava,checkstyle",cayenne-server/src/test/java/org/apache/cayenne/FlattenedRelationshipsIT.java,cayenne-server/src/test/java/org/apache/cayenne/FlattenedRelationshipsIT.java.FlattenedRelationshipsIT.testSetFlattenedRelationship.Feature Envy,4.2.M1,4.2.1,5.0-M1,5
cayenne,4.0.M2,org.apache.cayenne,GenericMappingIT,testInsertRelated,Feature Envy,"designitejava,checkstyle",cayenne-server/src/test/java/org/apache/cayenne/GenericMappingIT.java,cayenne-server/src/test/java/org/apache/cayenne/GenericMappingIT.java.GenericMappingIT.testInsertRelated.Feature Envy,4.0.M2,4.2.1,5.0-M1,15
cayenne,4.0.M2,org.apache.cayenne,GenericMappingIT,testUpdateRelated,Feature Envy,"designitejava,checkstyle",cayenne-server/src/test/java/org/apache/cayenne/GenericMappingIT.java,cayenne-server/src/test/java/org/apache/cayenne/GenericMappingIT.java.GenericMappingIT.testUpdateRelated.Feature Envy,4.0.M2,4.2.1,5.0-M1,15
cayenne,4.1.M1,org.apache.cayenne,HybridDataObjectIT,testCreateNew,Feature Envy,"designitejava,checkstyle",cayenne-server/src/test/java/org/apache/cayenne/HybridDataObjectIT.java,cayenne-server/src/test/java/org/apache/cayenne/HybridDataObjectIT.java.HybridDataObjectIT.testCreateNew.Feature Envy,4.1.M1,4.2.1,5.0-M1,10
cayenne,4.1.M1,org.apache.cayenne,HybridDataObjectIT,testSetFieldAttributes,Feature Envy,"designitejava,checkstyle",cayenne-server/src/test/java/org/apache/cayenne/HybridDataObjectIT.java,cayenne-server/src/test/java/org/apache/cayenne/HybridDataObjectIT.java.HybridDataObjectIT.testSetFieldAttributes.Feature Envy,4.1.M1,4.2.1,5.0-M1,10
cayenne,4.1.RC1,org.apache.cayenne,ManyToManyJoinIT,testManyToManyJoinWithFlattenedRelationship,Feature Envy,"designitejava,checkstyle",cayenne-server/src/test/java/org/apache/cayenne/ManyToManyJoinIT.java,cayenne-server/src/test/java/org/apache/cayenne/ManyToManyJoinIT.java.ManyToManyJoinIT.testManyToManyJoinWithFlattenedRelationship.Feature Envy,4.1.RC1,4.2.1,5.0-M1,8
cayenne,4.2,org.apache.cayenne,ManyToManyJoinIT,testManyToManySelfRelationship,Feature Envy,"designitejava,checkstyle",cayenne-server/src/test/java/org/apache/cayenne/ManyToManyJoinIT.java,cayenne-server/src/test/java/org/apache/cayenne/ManyToManyJoinIT.java.ManyToManyJoinIT.testManyToManySelfRelationship.Feature Envy,4.2,4.2.1,5.0-M1,2
cayenne,4.0.M2,org.apache.cayenne,ManyToManyNoJoinIT,testValidateForSave1,Feature Envy,"designitejava,checkstyle",cayenne-server/src/test/java/org/apache/cayenne/ManyToManyNoJoinIT.java,cayenne-server/src/test/java/org/apache/cayenne/ManyToManyNoJoinIT.java.ManyToManyNoJoinIT.testValidateForSave1.Feature Envy,4.0.M2,4.2.1,5.0-M1,15
cayenne,4.0.M2,org.apache.cayenne.access,DataContextCharPKIT,testUpdate,Feature Envy,"designitejava,checkstyle",cayenne-server/src/test/java/org/apache/cayenne/access/DataContextCharPKIT.java,cayenne-server/src/test/java/org/apache/cayenne/access/DataContextCharPKIT.java.DataContextCharPKIT.testUpdate.Feature Envy,4.0.M2,4.2.1,5.0-M1,15
cayenne,4.0.M2,org.apache.cayenne.access,DataContextCharTypeIT,testCharTrimming,Feature Envy,"designitejava,checkstyle",cayenne-server/src/test/java/org/apache/cayenne/access/DataContextCharTypeIT.java,cayenne-server/src/test/java/org/apache/cayenne/access/DataContextCharTypeIT.java.DataContextCharTypeIT.testCharTrimming.Feature Envy,4.0.M2,4.2.1,5.0-M1,15
cayenne,4.0.M2,org.apache.cayenne.access,DataContextCrossDBIT,testMultiDBUpdate,Feature Envy,"designitejava,checkstyle",cayenne-server/src/test/java/org/apache/cayenne/access/DataContextCrossDBIT.java,cayenne-server/src/test/java/org/apache/cayenne/access/DataContextCrossDBIT.java.DataContextCrossDBIT.testMultiDBUpdate.Feature Envy,4.0.M2,4.2.1,5.0-M1,15
cayenne,4.0.M2,org.apache.cayenne.access,DataContextDeleteRulesIT,testCascadeToMany,Feature Envy,"designitejava,checkstyle",cayenne-server/src/test/java/org/apache/cayenne/access/DataContextDeleteRulesIT.java,cayenne-server/src/test/java/org/apache/cayenne/access/DataContextDeleteRulesIT.java.DataContextDeleteRulesIT.testCascadeToMany.Feature Envy,4.0.M2,4.2.1,5.0-M1,15
cayenne,4.0.M2,org.apache.cayenne.access,DataContextDeleteRulesIT,testCascadeToManyFlattened,Feature Envy,"designitejava,checkstyle",cayenne-server/src/test/java/org/apache/cayenne/access/DataContextDeleteRulesIT.java,cayenne-server/src/test/java/org/apache/cayenne/access/DataContextDeleteRulesIT.java.DataContextDeleteRulesIT.testCascadeToManyFlattened.Feature Envy,4.0.M2,4.2.1,5.0-M1,15
cayenne,4.0.M2,org.apache.cayenne.access,DataContextDeleteRulesIT,testCascadeToOne,Feature Envy,"designitejava,checkstyle",cayenne-server/src/test/java/org/apache/cayenne/access/DataContextDeleteRulesIT.java,cayenne-server/src/test/java/org/apache/cayenne/access/DataContextDeleteRulesIT.java.DataContextDeleteRulesIT.testCascadeToOne.Feature Envy,4.0.M2,4.2.1,5.0-M1,15
cayenne,4.0.M2,org.apache.cayenne.access,DataContextDeleteRulesIT,testNullifyToMany,Feature Envy,"designitejava,checkstyle",cayenne-server/src/test/java/org/apache/cayenne/access/DataContextDeleteRulesIT.java,cayenne-server/src/test/java/org/apache/cayenne/access/DataContextDeleteRulesIT.java.DataContextDeleteRulesIT.testNullifyToMany.Feature Envy,4.0.M2,4.2.1,5.0-M1,15
cayenne,4.0.M2,org.apache.cayenne.access,DataContextDeleteRulesIT,testNullifyToManyFlattened,Feature Envy,"designitejava,checkstyle",cayenne-server/src/test/java/org/apache/cayenne/access/DataContextDeleteRulesIT.java,cayenne-server/src/test/java/org/apache/cayenne/access/DataContextDeleteRulesIT.java.DataContextDeleteRulesIT.testNullifyToManyFlattened.Feature Envy,4.0.M2,4.2.1,5.0-M1,15
cayenne,4.0.M2,org.apache.cayenne.access,DataContextDeleteRulesIT,testNullifyToOne,Feature Envy,"designitejava,checkstyle",cayenne-server/src/test/java/org/apache/cayenne/access/DataContextDeleteRulesIT.java,cayenne-server/src/test/java/org/apache/cayenne/access/DataContextDeleteRulesIT.java.DataContextDeleteRulesIT.testNullifyToOne.Feature Envy,4.0.M2,4.2.1,5.0-M1,15
cayenne,4.0.M2,org.apache.cayenne.access,DataContextEJBQLConditionsPeopleIT,setUp,Feature Envy,"designitejava,checkstyle",cayenne-server/src/test/java/org/apache/cayenne/access/DataContextEJBQLConditionsPeopleIT.java,cayenne-server/src/test/java/org/apache/cayenne/access/DataContextEJBQLConditionsPeopleIT.java.DataContextEJBQLConditionsPeopleIT.setUp.Feature Envy,4.0.M2,4.2.1,5.0-M1,15
cayenne,4.0.M2,org.apache.cayenne.access,DataContextEJBQLDateTimeFunctionalExpressionsIT,testCURRENT_DATE,Feature Envy,"designitejava,checkstyle",cayenne-server/src/test/java/org/apache/cayenne/access/DataContextEJBQLDateTimeFunctionalExpressionsIT.java,cayenne-server/src/test/java/org/apache/cayenne/access/DataContextEJBQLDateTimeFunctionalExpressionsIT.java.DataContextEJBQLDateTimeFunctionalExpressionsIT.testCURRENT_DATE.Feature Envy,4.0.M2,4.2.1,5.0-M1,15
cayenne,4.0.M2,org.apache.cayenne.access,DataContextEJBQLDateTimeFunctionalExpressionsIT,testCURRENT_TIME,Feature Envy,"designitejava,checkstyle",cayenne-server/src/test/java/org/apache/cayenne/access/DataContextEJBQLDateTimeFunctionalExpressionsIT.java,cayenne-server/src/test/java/org/apache/cayenne/access/DataContextEJBQLDateTimeFunctionalExpressionsIT.java.DataContextEJBQLDateTimeFunctionalExpressionsIT.testCURRENT_TIME.Feature Envy,4.0.M2,4.2.1,5.0-M1,15
cayenne,4.0.M2,org.apache.cayenne.access,DataContextEJBQLDateTimeFunctionalExpressionsIT,testCURRENT_TIMESTAMP,Feature Envy,"designitejava,checkstyle",cayenne-server/src/test/java/org/apache/cayenne/access/DataContextEJBQLDateTimeFunctionalExpressionsIT.java,cayenne-server/src/test/java/org/apache/cayenne/access/DataContextEJBQLDateTimeFunctionalExpressionsIT.java.DataContextEJBQLDateTimeFunctionalExpressionsIT.testCURRENT_TIMESTAMP.Feature Envy,4.0.M2,4.2.1,5.0-M1,15
cayenne,4.0.M2,org.apache.cayenne.access,DataContextEJBQLFunctionalExpressionsIT,testCONCAT,Feature Envy,"designitejava,checkstyle",cayenne-server/src/test/java/org/apache/cayenne/access/DataContextEJBQLFunctionalExpressionsIT.java,cayenne-server/src/test/java/org/apache/cayenne/access/DataContextEJBQLFunctionalExpressionsIT.java.DataContextEJBQLFunctionalExpressionsIT.testCONCAT.Feature Envy,4.0.M2,4.2.1,5.0-M1,15
cayenne,4.0.M2,org.apache.cayenne.access,DataContextEJBQLFunctionalExpressionsIT,testLENGTH,Feature Envy,"designitejava,checkstyle",cayenne-server/src/test/java/org/apache/cayenne/access/DataContextEJBQLFunctionalExpressionsIT.java,cayenne-server/src/test/java/org/apache/cayenne/access/DataContextEJBQLFunctionalExpressionsIT.java.DataContextEJBQLFunctionalExpressionsIT.testLENGTH.Feature Envy,4.0.M2,4.2.1,5.0-M1,15
cayenne,4.0.M2,org.apache.cayenne.access,DataContextEJBQLFunctionalExpressionsIT,testLOCATE,Feature Envy,"designitejava,checkstyle",cayenne-server/src/test/java/org/apache/cayenne/access/DataContextEJBQLFunctionalExpressionsIT.java,cayenne-server/src/test/java/org/apache/cayenne/access/DataContextEJBQLFunctionalExpressionsIT.java.DataContextEJBQLFunctionalExpressionsIT.testLOCATE.Feature Envy,4.0.M2,4.2.1,5.0-M1,15
cayenne,4.0.M2,org.apache.cayenne.access,DataContextEJBQLFunctionalExpressionsIT,testLOWER,Feature Envy,"designitejava,checkstyle",cayenne-server/src/test/java/org/apache/cayenne/access/DataContextEJBQLFunctionalExpressionsIT.java,cayenne-server/src/test/java/org/apache/cayenne/access/DataContextEJBQLFunctionalExpressionsIT.java.DataContextEJBQLFunctionalExpressionsIT.testLOWER.Feature Envy,4.0.M2,4.2.1,5.0-M1,15
cayenne,4.0.M2,org.apache.cayenne.access,DataContextEJBQLFunctionalExpressionsIT,testSIZE,Feature Envy,"designitejava,checkstyle",cayenne-server/src/test/java/org/apache/cayenne/access/DataContextEJBQLFunctionalExpressionsIT.java,cayenne-server/src/test/java/org/apache/cayenne/access/DataContextEJBQLFunctionalExpressionsIT.java.DataContextEJBQLFunctionalExpressionsIT.testSIZE.Feature Envy,4.0.M2,4.2.1,5.0-M1,15
cayenne,4.0.M2,org.apache.cayenne.access,DataContextEJBQLFunctionalExpressionsIT,testSUBSTRING,Feature Envy,"designitejava,checkstyle",cayenne-server/src/test/java/org/apache/cayenne/access/DataContextEJBQLFunctionalExpressionsIT.java,cayenne-server/src/test/java/org/apache/cayenne/access/DataContextEJBQLFunctionalExpressionsIT.java.DataContextEJBQLFunctionalExpressionsIT.testSUBSTRING.Feature Envy,4.0.M2,4.2.1,5.0-M1,15
cayenne,4.0.M2,org.apache.cayenne.access,DataContextEJBQLFunctionalExpressionsIT,testTRIM,Feature Envy,"designitejava,checkstyle",cayenne-server/src/test/java/org/apache/cayenne/access/DataContextEJBQLFunctionalExpressionsIT.java,cayenne-server/src/test/java/org/apache/cayenne/access/DataContextEJBQLFunctionalExpressionsIT.java.DataContextEJBQLFunctionalExpressionsIT.testTRIM.Feature Envy,4.0.M2,4.2.1,5.0-M1,15
cayenne,4.0.M2,org.apache.cayenne.access,DataContextEJBQLFunctionalExpressionsIT,testTRIMChar,Feature Envy,"designitejava,checkstyle",cayenne-server/src/test/java/org/apache/cayenne/access/DataContextEJBQLFunctionalExpressionsIT.java,cayenne-server/src/test/java/org/apache/cayenne/access/DataContextEJBQLFunctionalExpressionsIT.java.DataContextEJBQLFunctionalExpressionsIT.testTRIMChar.Feature Envy,4.0.M2,4.2.1,5.0-M1,15
cayenne,4.0.M2,org.apache.cayenne.access,DataContextEJBQLFunctionalExpressionsIT,testUPPER,Feature Envy,"designitejava,checkstyle",cayenne-server/src/test/java/org/apache/cayenne/access/DataContextEJBQLFunctionalExpressionsIT.java,cayenne-server/src/test/java/org/apache/cayenne/access/DataContextEJBQLFunctionalExpressionsIT.java.DataContextEJBQLFunctionalExpressionsIT.testUPPER.Feature Envy,4.0.M2,4.2.1,5.0-M1,15
cayenne,4.0.M2,org.apache.cayenne.access,DataContextEJBQLNumericalFunctionalIT,testABS,Feature Envy,"designitejava,checkstyle",cayenne-server/src/test/java/org/apache/cayenne/access/DataContextEJBQLNumericalFunctionalIT.java,cayenne-server/src/test/java/org/apache/cayenne/access/DataContextEJBQLNumericalFunctionalIT.java.DataContextEJBQLNumericalFunctionalIT.testABS.Feature Envy,4.0.M2,4.2.1,5.0-M1,15
cayenne,4.0.M2,org.apache.cayenne.access,DataContextEJBQLNumericalFunctionalIT,testMOD,Feature Envy,"designitejava,checkstyle",cayenne-server/src/test/java/org/apache/cayenne/access/DataContextEJBQLNumericalFunctionalIT.java,cayenne-server/src/test/java/org/apache/cayenne/access/DataContextEJBQLNumericalFunctionalIT.java.DataContextEJBQLNumericalFunctionalIT.testMOD.Feature Envy,4.0.M2,4.2.1,5.0-M1,15
cayenne,4.0.M2,org.apache.cayenne.access,DataContextEJBQLNumericalFunctionalIT,testSQRT,Feature Envy,"designitejava,checkstyle",cayenne-server/src/test/java/org/apache/cayenne/access/DataContextEJBQLNumericalFunctionalIT.java,cayenne-server/src/test/java/org/apache/cayenne/access/DataContextEJBQLNumericalFunctionalIT.java.DataContextEJBQLNumericalFunctionalIT.testSQRT.Feature Envy,4.0.M2,4.2.1,5.0-M1,15
cayenne,4.0.M2,org.apache.cayenne.access,DataContextEJBQLNumericalFunctionalIT,testUpdateNoQualifierBoolean,Feature Envy,"designitejava,checkstyle",cayenne-server/src/test/java/org/apache/cayenne/access/DataContextEJBQLNumericalFunctionalIT.java,cayenne-server/src/test/java/org/apache/cayenne/access/DataContextEJBQLNumericalFunctionalIT.java.DataContextEJBQLNumericalFunctionalIT.testUpdateNoQualifierBoolean.Feature Envy,4.0.M2,4.2.1,5.0-M1,15
cayenne,4.0.M2,org.apache.cayenne.access,DataContextEntityWithMeaningfulPKIT,testChangeKey,Feature Envy,"designitejava,checkstyle",cayenne-server/src/test/java/org/apache/cayenne/access/DataContextEntityWithMeaningfulPKIT.java,cayenne-server/src/test/java/org/apache/cayenne/access/DataContextEntityWithMeaningfulPKIT.java.DataContextEntityWithMeaningfulPKIT.testChangeKey.Feature Envy,4.0.M2,4.2.1,5.0-M1,15
cayenne,4.0.M2,org.apache.cayenne.access,DataContextEntityWithMeaningfulPKIT,testGeneratedKey,Feature Envy,"designitejava,checkstyle",cayenne-server/src/test/java/org/apache/cayenne/access/DataContextEntityWithMeaningfulPKIT.java,cayenne-server/src/test/java/org/apache/cayenne/access/DataContextEntityWithMeaningfulPKIT.java.DataContextEntityWithMeaningfulPKIT.testGeneratedKey.Feature Envy,4.0.M2,4.2.1,5.0-M1,15
cayenne,4.0.M2,org.apache.cayenne.access,DataContextFlattenedAttributesIT,testDelete,Feature Envy,"designitejava,checkstyle",cayenne-server/src/test/java/org/apache/cayenne/access/DataContextFlattenedAttributesIT.java,cayenne-server/src/test/java/org/apache/cayenne/access/DataContextFlattenedAttributesIT.java.DataContextFlattenedAttributesIT.testDelete.Feature Envy,4.0.M2,4.2.1,5.0-M1,15
cayenne,4.0.M2,org.apache.cayenne.access,DataContextFlattenedAttributesIT,testInsert,Feature Envy,"designitejava,checkstyle",cayenne-server/src/test/java/org/apache/cayenne/access/DataContextFlattenedAttributesIT.java,cayenne-server/src/test/java/org/apache/cayenne/access/DataContextFlattenedAttributesIT.java.DataContextFlattenedAttributesIT.testInsert.Feature Envy,4.0.M2,4.2.1,5.0-M1,15
cayenne,4.0.M2,org.apache.cayenne.access,DataContextFlattenedAttributesIT,testUpdate,Feature Envy,"designitejava,checkstyle",cayenne-server/src/test/java/org/apache/cayenne/access/DataContextFlattenedAttributesIT.java,cayenne-server/src/test/java/org/apache/cayenne/access/DataContextFlattenedAttributesIT.java.DataContextFlattenedAttributesIT.testUpdate.Feature Envy,4.0.M2,4.2.1,5.0-M1,15
cayenne,4.0.M2,org.apache.cayenne.access,DataContextObjectIdQueryIT,testRefreshNullifiedValuesNew,Feature Envy,"designitejava,checkstyle",cayenne-server/src/test/java/org/apache/cayenne/access/DataContextObjectIdQueryIT.java,cayenne-server/src/test/java/org/apache/cayenne/access/DataContextObjectIdQueryIT.java.DataContextObjectIdQueryIT.testRefreshNullifiedValuesNew.Feature Envy,4.0.M2,4.2.1,5.0-M1,15
cayenne,4.0.M2,org.apache.cayenne.access,DataContextOrderingIT,testMultipleOrdering,Feature Envy,"designitejava,checkstyle",cayenne-server/src/test/java/org/apache/cayenne/access/DataContextOrderingIT.java,cayenne-server/src/test/java/org/apache/cayenne/access/DataContextOrderingIT.java.DataContextOrderingIT.testMultipleOrdering.Feature Envy,4.0.M2,4.2.1,5.0-M1,15
cayenne,4.0.M2,org.apache.cayenne.access,DataContextOrderingIT,testMultipleOrderingInSelectClauseCAY_1074,Feature Envy,"designitejava,checkstyle",cayenne-server/src/test/java/org/apache/cayenne/access/DataContextOrderingIT.java,cayenne-server/src/test/java/org/apache/cayenne/access/DataContextOrderingIT.java.DataContextOrderingIT.testMultipleOrderingInSelectClauseCAY_1074.Feature Envy,4.0.M2,4.2.1,5.0-M1,15
cayenne,4.0.M2,org.apache.cayenne.access,DataContextPrefetchIT,testPrefetch_ReflexiveRelationship,Feature Envy,"designitejava,checkstyle",cayenne-server/src/test/java/org/apache/cayenne/access/DataContextPrefetchIT.java,cayenne-server/src/test/java/org/apache/cayenne/access/DataContextPrefetchIT.java.DataContextPrefetchIT.testPrefetch_ReflexiveRelationship.Feature Envy,4.0.M2,4.2.1,5.0-M1,15
cayenne,4.0.M2,org.apache.cayenne.access,DataContextQueryChainIT,testSelectQuery,Feature Envy,"designitejava,checkstyle",cayenne-server/src/test/java/org/apache/cayenne/access/DataContextQueryChainIT.java,cayenne-server/src/test/java/org/apache/cayenne/access/DataContextQueryChainIT.java.DataContextQueryChainIT.testSelectQuery.Feature Envy,4.0.M2,4.2.1,5.0-M1,15
cayenne,4.0.M2,org.apache.cayenne.access,DataContextRollbackIT,testRollbackModifiedObject,Feature Envy,"designitejava,checkstyle",cayenne-server/src/test/java/org/apache/cayenne/access/DataContextRollbackIT.java,cayenne-server/src/test/java/org/apache/cayenne/access/DataContextRollbackIT.java.DataContextRollbackIT.testRollbackModifiedObject.Feature Envy,4.0.M2,4.2.1,5.0-M1,15
cayenne,4.0.M2,org.apache.cayenne.access,DataContextRollbackIT,testRollbackNew,Feature Envy,"designitejava,checkstyle",cayenne-server/src/test/java/org/apache/cayenne/access/DataContextRollbackIT.java,cayenne-server/src/test/java/org/apache/cayenne/access/DataContextRollbackIT.java.DataContextRollbackIT.testRollbackNew.Feature Envy,4.0.M2,4.2.1,5.0-M1,15
cayenne,4.0.M2,org.apache.cayenne.access,DataContextRollbackIT,testRollbackRelationshipModification,Feature Envy,"designitejava,checkstyle",cayenne-server/src/test/java/org/apache/cayenne/access/DataContextRollbackIT.java,cayenne-server/src/test/java/org/apache/cayenne/access/DataContextRollbackIT.java.DataContextRollbackIT.testRollbackRelationshipModification.Feature Envy,4.0.M2,4.2.1,5.0-M1,15
cayenne,4.0.M2,org.apache.cayenne.access,DataContextSerializationIT,testSerializeCommitted,Feature Envy,"designitejava,checkstyle",cayenne-server/src/test/java/org/apache/cayenne/access/DataContextSerializationIT.java,cayenne-server/src/test/java/org/apache/cayenne/access/DataContextSerializationIT.java.DataContextSerializationIT.testSerializeCommitted.Feature Envy,4.0.M2,4.2.1,5.0-M1,15
cayenne,4.0.M2,org.apache.cayenne.access,DataContextSerializationIT,testSerializeModified,Feature Envy,"designitejava,checkstyle",cayenne-server/src/test/java/org/apache/cayenne/access/DataContextSerializationIT.java,cayenne-server/src/test/java/org/apache/cayenne/access/DataContextSerializationIT.java.DataContextSerializationIT.testSerializeModified.Feature Envy,4.0.M2,4.2.1,5.0-M1,15
cayenne,4.0.M2,org.apache.cayenne.access,DataContextSharedCacheIT,testSnapshotEvictedAndChangedForModified,Feature Envy,"designitejava,checkstyle",cayenne-server/src/test/java/org/apache/cayenne/access/DataContextSharedCacheIT.java,cayenne-server/src/test/java/org/apache/cayenne/access/DataContextSharedCacheIT.java.DataContextSharedCacheIT.testSnapshotEvictedAndChangedForModified.Feature Envy,4.0.M2,4.2.1,5.0-M1,15
cayenne,4.0.M2,org.apache.cayenne.access,DataDomainCallbacksIT,testPostLoad,Feature Envy,"designitejava,checkstyle",cayenne-server/src/test/java/org/apache/cayenne/access/DataDomainCallbacksIT.java,cayenne-server/src/test/java/org/apache/cayenne/access/DataDomainCallbacksIT.java.DataDomainCallbacksIT.testPostLoad.Feature Envy,4.0.M2,4.2.1,5.0-M1,15
cayenne,4.0.M2,org.apache.cayenne.access,DataDomainCallbacksIT,testPostLoad_MixedResult,Feature Envy,"designitejava,checkstyle",cayenne-server/src/test/java/org/apache/cayenne/access/DataDomainCallbacksIT.java,cayenne-server/src/test/java/org/apache/cayenne/access/DataDomainCallbacksIT.java.DataDomainCallbacksIT.testPostLoad_MixedResult.Feature Envy,4.0.M2,4.2.1,5.0-M1,15
cayenne,4.0.M2,org.apache.cayenne.access,DataDomainCallbacksIT,testPostRemove,Feature Envy,"designitejava,checkstyle",cayenne-server/src/test/java/org/apache/cayenne/access/DataDomainCallbacksIT.java,cayenne-server/src/test/java/org/apache/cayenne/access/DataDomainCallbacksIT.java.DataDomainCallbacksIT.testPostRemove.Feature Envy,4.0.M2,4.2.1,5.0-M1,15
cayenne,4.0.M2,org.apache.cayenne.access,DataDomainCallbacksIT,testPostRemove_InsertedUpdatedDeleted,Feature Envy,"designitejava,checkstyle",cayenne-server/src/test/java/org/apache/cayenne/access/DataDomainCallbacksIT.java,cayenne-server/src/test/java/org/apache/cayenne/access/DataDomainCallbacksIT.java.DataDomainCallbacksIT.testPostRemove_InsertedUpdatedDeleted.Feature Envy,4.0.M2,4.2.1,5.0-M1,15
cayenne,4.0.M2,org.apache.cayenne.access,DataDomainCallbacksIT,testPostRemove_UpdatedDeleted,Feature Envy,"designitejava,checkstyle",cayenne-server/src/test/java/org/apache/cayenne/access/DataDomainCallbacksIT.java,cayenne-server/src/test/java/org/apache/cayenne/access/DataDomainCallbacksIT.java.DataDomainCallbacksIT.testPostRemove_UpdatedDeleted.Feature Envy,4.0.M2,4.2.1,5.0-M1,15
cayenne,4.0.M2,org.apache.cayenne.access,DataNodeQueriesIT,testPerfomQueriesSQLTemplate,Feature Envy,"designitejava,checkstyle",cayenne-server/src/test/java/org/apache/cayenne/access/DataNodeQueriesIT.java,cayenne-server/src/test/java/org/apache/cayenne/access/DataNodeQueriesIT.java.DataNodeQueriesIT.testPerfomQueriesSQLTemplate.Feature Envy,4.0.M2,4.2.1,5.0-M1,15
cayenne,4.0.M2,org.apache.cayenne.access,DataRowUtilsIT,testIsToOneTargetModified,Feature Envy,"designitejava,checkstyle",cayenne-server/src/test/java/org/apache/cayenne/access/DataRowUtilsIT.java,cayenne-server/src/test/java/org/apache/cayenne/access/DataRowUtilsIT.java.DataRowUtilsIT.testIsToOneTargetModified.Feature Envy,4.0.M2,4.2.1,5.0-M1,15
cayenne,4.0.M2,org.apache.cayenne.access,DateTimeTypesIT,testCalendar,Feature Envy,"designitejava,checkstyle",cayenne-server/src/test/java/org/apache/cayenne/access/DateTimeTypesIT.java,cayenne-server/src/test/java/org/apache/cayenne/access/DateTimeTypesIT.java.DateTimeTypesIT.testCalendar.Feature Envy,4.0.M2,4.2.1,5.0-M1,15
cayenne,4.0.M2,org.apache.cayenne.access,DateTimeTypesIT,testDate,Feature Envy,"designitejava,checkstyle",cayenne-server/src/test/java/org/apache/cayenne/access/DateTimeTypesIT.java,cayenne-server/src/test/java/org/apache/cayenne/access/DateTimeTypesIT.java.DateTimeTypesIT.testDate.Feature Envy,4.0.M2,4.2.1,5.0-M1,15
cayenne,4.0.M2,org.apache.cayenne.access,DateTimeTypesIT,testTime,Feature Envy,"designitejava,checkstyle",cayenne-server/src/test/java/org/apache/cayenne/access/DateTimeTypesIT.java,cayenne-server/src/test/java/org/apache/cayenne/access/DateTimeTypesIT.java.DateTimeTypesIT.testTime.Feature Envy,4.0.M2,4.2.1,5.0-M1,15
cayenne,4.0.M2,org.apache.cayenne.access,DateTimeTypesIT,testTimestamp,Feature Envy,"designitejava,checkstyle",cayenne-server/src/test/java/org/apache/cayenne/access/DateTimeTypesIT.java,cayenne-server/src/test/java/org/apache/cayenne/access/DateTimeTypesIT.java.DateTimeTypesIT.testTimestamp.Feature Envy,4.0.M2,4.2.1,5.0-M1,15
cayenne,4.0.M2,org.apache.cayenne.access,EmbeddingIT,createSelectDataSet,Feature Envy,"designitejava,checkstyle",cayenne-server/src/test/java/org/apache/cayenne/access/EmbeddingIT.java,cayenne-server/src/test/java/org/apache/cayenne/access/EmbeddingIT.java.EmbeddingIT.createSelectDataSet.Feature Envy,4.0.M2,4.1.B1,4.1.RC1,7
cayenne,4.0.M2,org.apache.cayenne.access,EmbeddingIT,testInsert,Feature Envy,"designitejava,checkstyle",cayenne-server/src/test/java/org/apache/cayenne/access/EmbeddingIT.java,cayenne-server/src/test/java/org/apache/cayenne/access/EmbeddingIT.java.EmbeddingIT.testInsert.Feature Envy,4.0.M2,4.2.1,5.0-M1,15
cayenne,4.0.M2,org.apache.cayenne.access,IdentityColumnsIT,testCAY823,Feature Envy,"designitejava,checkstyle",cayenne-server/src/test/java/org/apache/cayenne/access/IdentityColumnsIT.java,cayenne-server/src/test/java/org/apache/cayenne/access/IdentityColumnsIT.java.IdentityColumnsIT.testCAY823.Feature Envy,4.0.M2,4.2.1,5.0-M1,15
cayenne,4.0.M2,org.apache.cayenne.access,IdentityColumnsIT,testCompoundPKWithGeneratedColumn,Feature Envy,"designitejava,checkstyle",cayenne-server/src/test/java/org/apache/cayenne/access/IdentityColumnsIT.java,cayenne-server/src/test/java/org/apache/cayenne/access/IdentityColumnsIT.java.IdentityColumnsIT.testCompoundPKWithGeneratedColumn.Feature Envy,4.0.M2,4.2.1,5.0-M1,15
cayenne,4.0.M2,org.apache.cayenne.access,IdentityColumnsIT,testMultipleNewObjects,Feature Envy,"designitejava,checkstyle",cayenne-server/src/test/java/org/apache/cayenne/access/IdentityColumnsIT.java,cayenne-server/src/test/java/org/apache/cayenne/access/IdentityColumnsIT.java.IdentityColumnsIT.testMultipleNewObjects.Feature Envy,4.0.M2,4.2.1,5.0-M1,15
cayenne,4.0.M2,org.apache.cayenne.access,IdentityColumnsIT,testMultipleNewObjectsSeparateTables,Feature Envy,"designitejava,checkstyle",cayenne-server/src/test/java/org/apache/cayenne/access/IdentityColumnsIT.java,cayenne-server/src/test/java/org/apache/cayenne/access/IdentityColumnsIT.java.IdentityColumnsIT.testMultipleNewObjectsSeparateTables.Feature Envy,4.0.M2,4.2.1,5.0-M1,15
cayenne,4.0.M2,org.apache.cayenne.access,IdentityColumnsIT,testPropagateToDependent,Feature Envy,"designitejava,checkstyle",cayenne-server/src/test/java/org/apache/cayenne/access/IdentityColumnsIT.java,cayenne-server/src/test/java/org/apache/cayenne/access/IdentityColumnsIT.java.IdentityColumnsIT.testPropagateToDependent.Feature Envy,4.0.M2,4.2.1,5.0-M1,15
cayenne,4.0.M2,org.apache.cayenne.access,IdentityColumnsIT,testUnrelatedUpdate,Feature Envy,"designitejava,checkstyle",cayenne-server/src/test/java/org/apache/cayenne/access/IdentityColumnsIT.java,cayenne-server/src/test/java/org/apache/cayenne/access/IdentityColumnsIT.java.IdentityColumnsIT.testUnrelatedUpdate.Feature Envy,4.0.M2,4.2.1,5.0-M1,15
cayenne,4.0.M2,org.apache.cayenne.access,IdentityColumnsIT,testUpdateDependentWithNewMaster,Feature Envy,"designitejava,checkstyle",cayenne-server/src/test/java/org/apache/cayenne/access/IdentityColumnsIT.java,cayenne-server/src/test/java/org/apache/cayenne/access/IdentityColumnsIT.java.IdentityColumnsIT.testUpdateDependentWithNewMaster.Feature Envy,4.0.M2,4.2.1,5.0-M1,15
cayenne,4.1.RC1,org.apache.cayenne.access,IdentityColumnsIT,testUpdateMasterEntity,Feature Envy,"designitejava,checkstyle",cayenne-server/src/test/java/org/apache/cayenne/access/IdentityColumnsIT.java,cayenne-server/src/test/java/org/apache/cayenne/access/IdentityColumnsIT.java.IdentityColumnsIT.testUpdateMasterEntity.Feature Envy,4.1.RC1,4.1.1,4.2.M1,3
cayenne,4.0.M2,org.apache.cayenne.access,MiscTypesIT,testByteArray,Feature Envy,"designitejava,checkstyle",cayenne-server/src/test/java/org/apache/cayenne/access/MiscTypesIT.java,cayenne-server/src/test/java/org/apache/cayenne/access/MiscTypesIT.java.MiscTypesIT.testByteArray.Feature Envy,4.0.M2,4.2.1,5.0-M1,15
cayenne,4.0.M2,org.apache.cayenne.access,MiscTypesIT,testByteWrapperArray,Feature Envy,"designitejava,checkstyle",cayenne-server/src/test/java/org/apache/cayenne/access/MiscTypesIT.java,cayenne-server/src/test/java/org/apache/cayenne/access/MiscTypesIT.java.MiscTypesIT.testByteWrapperArray.Feature Envy,4.0.M2,4.2.1,5.0-M1,15
cayenne,4.0.M2,org.apache.cayenne.access,MiscTypesIT,testCharArray,Feature Envy,"designitejava,checkstyle",cayenne-server/src/test/java/org/apache/cayenne/access/MiscTypesIT.java,cayenne-server/src/test/java/org/apache/cayenne/access/MiscTypesIT.java.MiscTypesIT.testCharArray.Feature Envy,4.0.M2,4.2.1,5.0-M1,15
cayenne,4.0.M2,org.apache.cayenne.access,MiscTypesIT,testCharacter,Feature Envy,"designitejava,checkstyle",cayenne-server/src/test/java/org/apache/cayenne/access/MiscTypesIT.java,cayenne-server/src/test/java/org/apache/cayenne/access/MiscTypesIT.java.MiscTypesIT.testCharacter.Feature Envy,4.0.M2,4.2.1,5.0-M1,15
cayenne,4.0.M2,org.apache.cayenne.access,MiscTypesIT,testCharacterArray,Feature Envy,"designitejava,checkstyle",cayenne-server/src/test/java/org/apache/cayenne/access/MiscTypesIT.java,cayenne-server/src/test/java/org/apache/cayenne/access/MiscTypesIT.java.MiscTypesIT.testCharacterArray.Feature Envy,4.0.M2,4.2.1,5.0-M1,15
cayenne,4.0.M2,org.apache.cayenne.access,MiscTypesIT,testSerializable,Feature Envy,"designitejava,checkstyle",cayenne-server/src/test/java/org/apache/cayenne/access/MiscTypesIT.java,cayenne-server/src/test/java/org/apache/cayenne/access/MiscTypesIT.java.MiscTypesIT.testSerializable.Feature Envy,4.0.M2,4.2.1,5.0-M1,15
cayenne,4.0.M2,org.apache.cayenne.access,NumericTypesIT,testBigDecimal,Feature Envy,"designitejava,checkstyle",cayenne-server/src/test/java/org/apache/cayenne/access/NumericTypesIT.java,cayenne-server/src/test/java/org/apache/cayenne/access/NumericTypesIT.java.NumericTypesIT.testBigDecimal.Feature Envy,4.0.M2,4.2.M1,4.2.B1,11
cayenne,4.0.M2,org.apache.cayenne.access,NumericTypesIT,testBigInteger,Feature Envy,"designitejava,checkstyle",cayenne-server/src/test/java/org/apache/cayenne/access/NumericTypesIT.java,cayenne-server/src/test/java/org/apache/cayenne/access/NumericTypesIT.java.NumericTypesIT.testBigInteger.Feature Envy,4.0.M2,4.2.1,5.0-M1,15
cayenne,4.0.M2,org.apache.cayenne.access,NumericTypesIT,testLong,Feature Envy,"designitejava,checkstyle",cayenne-server/src/test/java/org/apache/cayenne/access/NumericTypesIT.java,cayenne-server/src/test/java/org/apache/cayenne/access/NumericTypesIT.java.NumericTypesIT.testLong.Feature Envy,4.0.M2,4.2.1,5.0-M1,15
cayenne,4.0.M2,org.apache.cayenne.access,ObjectStoreIT,testUnregisterThenRegister,Feature Envy,"designitejava,checkstyle",cayenne-server/src/test/java/org/apache/cayenne/access/ObjectStoreIT.java,cayenne-server/src/test/java/org/apache/cayenne/access/ObjectStoreIT.java.ObjectStoreIT.testUnregisterThenRegister.Feature Envy,4.0.M2,4.2.1,5.0-M1,15
cayenne,4.0.M2,org.apache.cayenne.access,QuotedIdentifiersIT,setUp,Feature Envy,"designitejava,checkstyle",cayenne-server/src/test/java/org/apache/cayenne/access/QuotedIdentifiersIT.java,cayenne-server/src/test/java/org/apache/cayenne/access/QuotedIdentifiersIT.java.QuotedIdentifiersIT.setUp.Feature Envy,4.0.M2,4.2.1,5.0-M1,15
cayenne,4.1.B1,org.apache.cayenne.access,QuotedIdentifiersIT,testInsert,Feature Envy,"designitejava,checkstyle",cayenne-server/src/test/java/org/apache/cayenne/access/QuotedIdentifiersIT.java,cayenne-server/src/test/java/org/apache/cayenne/access/QuotedIdentifiersIT.java.QuotedIdentifiersIT.testInsert.Feature Envy,4.1.B1,4.2.1,5.0-M1,9
cayenne,4.0.M2,org.apache.cayenne.access,QuotedIdentifiersIT,testPrefetchQuote,Feature Envy,"designitejava,checkstyle",cayenne-server/src/test/java/org/apache/cayenne/access/QuotedIdentifiersIT.java,cayenne-server/src/test/java/org/apache/cayenne/access/QuotedIdentifiersIT.java.QuotedIdentifiersIT.testPrefetchQuote.Feature Envy,4.0.M2,4.2.1,5.0-M1,15
cayenne,4.0.M2,org.apache.cayenne.access,SingleTableInheritance1IT,testFlattenedNullifyNullifyDeleteRules,Feature Envy,"designitejava,checkstyle",cayenne-server/src/test/java/org/apache/cayenne/access/SingleTableInheritance1IT.java,cayenne-server/src/test/java/org/apache/cayenne/access/SingleTableInheritance1IT.java.SingleTableInheritance1IT.testFlattenedNullifyNullifyDeleteRules.Feature Envy,4.0.M2,4.2.1,5.0-M1,15
cayenne,4.0.M2,org.apache.cayenne.access,SingleTableInheritance1IT,testGroupActions,Feature Envy,"designitejava,checkstyle",cayenne-server/src/test/java/org/apache/cayenne/access/SingleTableInheritance1IT.java,cayenne-server/src/test/java/org/apache/cayenne/access/SingleTableInheritance1IT.java.SingleTableInheritance1IT.testGroupActions.Feature Envy,4.0.M2,4.2.1,5.0-M1,15
cayenne,4.0.M2,org.apache.cayenne.access,ToManyListIT,testRealRelationship,Feature Envy,"designitejava,checkstyle",cayenne-server/src/test/java/org/apache/cayenne/access/ToManyListIT.java,cayenne-server/src/test/java/org/apache/cayenne/access/ToManyListIT.java.ToManyListIT.testRealRelationship.Feature Envy,4.0.M2,4.2.1,5.0-M1,15
cayenne,4.0.M2,org.apache.cayenne.access,ToManyListIT,testRealRelationshipRollback,Feature Envy,"designitejava,checkstyle",cayenne-server/src/test/java/org/apache/cayenne/access/ToManyListIT.java,cayenne-server/src/test/java/org/apache/cayenne/access/ToManyListIT.java.ToManyListIT.testRealRelationshipRollback.Feature Envy,4.0.M2,4.2.1,5.0-M1,15
cayenne,4.0.M2,org.apache.cayenne.access,UUIDIT,testUUID,Feature Envy,"designitejava,checkstyle",cayenne-server/src/test/java/org/apache/cayenne/access/UUIDIT.java,cayenne-server/src/test/java/org/apache/cayenne/access/UUIDIT.java.UUIDIT.testUUID.Feature Envy,4.0.M2,4.2.1,5.0-M1,15
cayenne,4.0.M2,org.apache.cayenne.access,VerticalInheritanceIT,testDelete_Mix,Feature Envy,"designitejava,checkstyle",cayenne-server/src/test/java/org/apache/cayenne/access/VerticalInheritanceIT.java,cayenne-server/src/test/java/org/apache/cayenne/access/VerticalInheritanceIT.java.VerticalInheritanceIT.testDelete_Mix.Feature Envy,4.0.M2,4.2.1,5.0-M1,15
cayenne,4.0.M2,org.apache.cayenne.access.dbsync,SchemaUpdateStrategyBase,tablesMap,Feature Envy,"designitejava,checkstyle",cayenne-server/src/test/java/org/apache/cayenne/access/dbsync/SchemaUpdateStrategyBase.java,cayenne-server/src/test/java/org/apache/cayenne/access/dbsync/SchemaUpdateStrategyBase.java.SchemaUpdateStrategyBase.tablesMap.Feature Envy,4.0.M2,4.2.1,5.0-M1,15
cayenne,4.2.M1,org.apache.cayenne.access.translator.select,GroupByStageTest,groupByWithAggregates,Feature Envy,"designitejava,checkstyle",cayenne-server/src/test/java/org/apache/cayenne/access/translator/select/GroupByStageTest.java,cayenne-server/src/test/java/org/apache/cayenne/access/translator/select/GroupByStageTest.java.GroupByStageTest.groupByWithAggregates.Feature Envy,4.2.M1,4.2.1,5.0-M1,5
cayenne,4.1.M1,org.apache.cayenne.access.types,Java8TimeIT,columnSelectWithJava8Type,Feature Envy,"designitejava,checkstyle",cayenne-server/src/test/java/org/apache/cayenne/access/types/Java8TimeIT.java,cayenne-server/src/test/java/org/apache/cayenne/access/types/Java8TimeIT.java.Java8TimeIT.columnSelectWithJava8Type.Feature Envy,4.1.M1,4.2.1,5.0-M1,10
cayenne,4.2.M1,org.apache.cayenne.access.types,Java8TimeIT,testJava8Duration,Feature Envy,"designitejava,checkstyle",cayenne-server/src/test/java/org/apache/cayenne/access/types/Java8TimeIT.java,cayenne-server/src/test/java/org/apache/cayenne/access/types/Java8TimeIT.java.Java8TimeIT.testJava8Duration.Feature Envy,4.2.M1,4.2.1,5.0-M1,5
cayenne,4.1.M1,org.apache.cayenne.access.types,Java8TimeIT,testJava8LocalDate,Feature Envy,"designitejava,checkstyle",cayenne-server/src/test/java/org/apache/cayenne/access/types/Java8TimeIT.java,cayenne-server/src/test/java/org/apache/cayenne/access/types/Java8TimeIT.java.Java8TimeIT.testJava8LocalDate.Feature Envy,4.1.M1,4.2.1,5.0-M1,10
cayenne,4.1.M1,org.apache.cayenne.access.types,Java8TimeIT,testJava8LocalDateTime,Feature Envy,"designitejava,checkstyle",cayenne-server/src/test/java/org/apache/cayenne/access/types/Java8TimeIT.java,cayenne-server/src/test/java/org/apache/cayenne/access/types/Java8TimeIT.java.Java8TimeIT.testJava8LocalDateTime.Feature Envy,4.1.M1,4.2.1,5.0-M1,10
cayenne,4.1.M1,org.apache.cayenne.access.types,Java8TimeIT,testJava8LocalTime,Feature Envy,"designitejava,checkstyle",cayenne-server/src/test/java/org/apache/cayenne/access/types/Java8TimeIT.java,cayenne-server/src/test/java/org/apache/cayenne/access/types/Java8TimeIT.java.Java8TimeIT.testJava8LocalTime.Feature Envy,4.1.M1,4.2.1,5.0-M1,10
cayenne,4.2.M1,org.apache.cayenne.access.types,Java8TimeIT,testJava8Period,Feature Envy,"designitejava,checkstyle",cayenne-server/src/test/java/org/apache/cayenne/access/types/Java8TimeIT.java,cayenne-server/src/test/java/org/apache/cayenne/access/types/Java8TimeIT.java.Java8TimeIT.testJava8Period.Feature Envy,4.2.M1,4.2.1,5.0-M1,5
cayenne,4.0.M2,org.apache.cayenne.cache,QueryCacheIT,testLocalCache,Feature Envy,"designitejava,checkstyle",cayenne-server/src/test/java/org/apache/cayenne/cache/QueryCacheIT.java,cayenne-server/src/test/java/org/apache/cayenne/cache/QueryCacheIT.java.QueryCacheIT.testLocalCache.Feature Envy,4.0.M2,4.2.1,5.0-M1,15
cayenne,4.0.B1,org.apache.cayenne.configuration.server,ServerRuntimeBuilderIT,tesConfigFree_WithDBParams,Feature Envy,"designitejava,checkstyle",cayenne-server/src/test/java/org/apache/cayenne/configuration/server/ServerRuntimeBuilderIT.java,cayenne-server/src/test/java/org/apache/cayenne/configuration/server/ServerRuntimeBuilderIT.java.ServerRuntimeBuilderIT.tesConfigFree_WithDBParams.Feature Envy,4.0.B1,4.2.1,5.0-M1,14
cayenne,4.0.M2,org.apache.cayenne.configuration.server,ServerRuntimeBuilderIT,testConfigFree_WithDBParams,Feature Envy,"designitejava,checkstyle",cayenne-server/src/test/java/org/apache/cayenne/configuration/server/ServerRuntimeBuilderIT.java,cayenne-server/src/test/java/org/apache/cayenne/configuration/server/ServerRuntimeBuilderIT.java.ServerRuntimeBuilderIT.testConfigFree_WithDBParams.Feature Envy,4.0.M2,4.2.1,5.0-M1,15
cayenne,4.0.M2,org.apache.cayenne.configuration.server,ServerRuntimeBuilderIT,testNoNodeConfig_WithDBParams,Feature Envy,"designitejava,checkstyle",cayenne-server/src/test/java/org/apache/cayenne/configuration/server/ServerRuntimeBuilderIT.java,cayenne-server/src/test/java/org/apache/cayenne/configuration/server/ServerRuntimeBuilderIT.java.ServerRuntimeBuilderIT.testNoNodeConfig_WithDBParams.Feature Envy,4.0.M2,4.0.M2,4.0.B1,1
cayenne,4.2.M1,org.apache.cayenne.dba,AutoAdapterIT,testCorrectProxyMethods,Feature Envy,"designitejava,checkstyle",cayenne-server/src/test/java/org/apache/cayenne/dba/AutoAdapterIT.java,cayenne-server/src/test/java/org/apache/cayenne/dba/AutoAdapterIT.java.AutoAdapterIT.testCorrectProxyMethods.Feature Envy,4.2.M1,4.2.1,5.0-M1,5
cayenne,4.0.M2,org.apache.cayenne.exp,ExpressionFactoryIT,testCollectionMatch,Feature Envy,"designitejava,checkstyle",cayenne-server/src/test/java/org/apache/cayenne/exp/ExpressionFactoryIT.java,cayenne-server/src/test/java/org/apache/cayenne/exp/ExpressionFactoryIT.java.ExpressionFactoryIT.testCollectionMatch.Feature Envy,4.0.M2,4.2.1,5.0-M1,15
cayenne,4.0.M2,org.apache.cayenne.exp,ExpressionFactoryIT,testContains_Escape,Feature Envy,"designitejava,checkstyle",cayenne-server/src/test/java/org/apache/cayenne/exp/ExpressionFactoryIT.java,cayenne-server/src/test/java/org/apache/cayenne/exp/ExpressionFactoryIT.java.ExpressionFactoryIT.testContains_Escape.Feature Envy,4.0.M2,4.2.1,5.0-M1,15
cayenne,4.0.M2,org.apache.cayenne.exp,ExpressionFactoryIT,testEscapeCharacter,Feature Envy,"designitejava,checkstyle",cayenne-server/src/test/java/org/apache/cayenne/exp/ExpressionFactoryIT.java,cayenne-server/src/test/java/org/apache/cayenne/exp/ExpressionFactoryIT.java.ExpressionFactoryIT.testEscapeCharacter.Feature Envy,4.0.M2,4.2.1,5.0-M1,15
cayenne,4.2,org.apache.cayenne.exp,ExpressionFactoryIT,testSplitExpressions,Feature Envy,"designitejava,checkstyle",cayenne-server/src/test/java/org/apache/cayenne/exp/ExpressionFactoryIT.java,cayenne-server/src/test/java/org/apache/cayenne/exp/ExpressionFactoryIT.java.ExpressionFactoryIT.testSplitExpressions.Feature Envy,4.2,4.2.1,5.0-M1,2
cayenne,4.2,org.apache.cayenne.exp,ExpressionFactoryIT,testSplitExpressions_EndsWithRelationship,Feature Envy,"designitejava,checkstyle",cayenne-server/src/test/java/org/apache/cayenne/exp/ExpressionFactoryIT.java,cayenne-server/src/test/java/org/apache/cayenne/exp/ExpressionFactoryIT.java.ExpressionFactoryIT.testSplitExpressions_EndsWithRelationship.Feature Envy,4.2,4.2.1,5.0-M1,2
cayenne,4.2,org.apache.cayenne.exp,ExpressionFactoryIT,testSplitExpressions_EndsWithRelationship_DifferentObjDbPath,Feature Envy,"designitejava,checkstyle",cayenne-server/src/test/java/org/apache/cayenne/exp/ExpressionFactoryIT.java,cayenne-server/src/test/java/org/apache/cayenne/exp/ExpressionFactoryIT.java.ExpressionFactoryIT.testSplitExpressions_EndsWithRelationship_DifferentObjDbPath.Feature Envy,4.2,4.2.1,5.0-M1,2
cayenne,4.2,org.apache.cayenne.exp,ExpressionFactoryIT,testSplitExpressions_EndsWithRelationship_Flattened,Feature Envy,"designitejava,checkstyle",cayenne-server/src/test/java/org/apache/cayenne/exp/ExpressionFactoryIT.java,cayenne-server/src/test/java/org/apache/cayenne/exp/ExpressionFactoryIT.java.ExpressionFactoryIT.testSplitExpressions_EndsWithRelationship_Flattened.Feature Envy,4.2,4.2.1,5.0-M1,2
cayenne,4.0.M2,org.apache.cayenne.exp.parser,ExpressionEvaluateInMemoryIT,testEvaluateEQUAL_TODataObject,Feature Envy,"designitejava,checkstyle",cayenne-server/src/test/java/org/apache/cayenne/exp/parser/ExpressionEvaluateInMemoryIT.java,cayenne-server/src/test/java/org/apache/cayenne/exp/parser/ExpressionEvaluateInMemoryIT.java.ExpressionEvaluateInMemoryIT.testEvaluateEQUAL_TODataObject.Feature Envy,4.0.M2,4.0.M2,4.0.B1,1
cayenne,4.0.M2,org.apache.cayenne.merge,MergerFactoryIT,testAddTableToDb,Feature Envy,"designitejava,checkstyle",cayenne-server/src/test/java/org/apache/cayenne/merge/MergerFactoryIT.java,cayenne-server/src/test/java/org/apache/cayenne/merge/MergerFactoryIT.java.MergerFactoryIT.testAddTableToDb.Feature Envy,4.0.M2,4.0.M2,4.0.B1,1
cayenne,4.0.M2,org.apache.cayenne.merge,ValueForNullIT,test,Feature Envy,"designitejava,checkstyle",cayenne-server/src/test/java/org/apache/cayenne/merge/ValueForNullIT.java,cayenne-server/src/test/java/org/apache/cayenne/merge/ValueForNullIT.java.ValueForNullIT.test.Feature Envy,4.0.M2,4.0.M2,4.0.B1,1
cayenne,4.2.M1,org.apache.cayenne.query,ColumnSelectIT,test2Objects2Pk,Feature Envy,"designitejava,checkstyle",cayenne-server/src/test/java/org/apache/cayenne/query/ColumnSelectIT.java,cayenne-server/src/test/java/org/apache/cayenne/query/ColumnSelectIT.java.ColumnSelectIT.test2Objects2Pk.Feature Envy,4.2.M1,4.2.1,5.0-M1,5
cayenne,4.0.M2,org.apache.cayenne.query,EJBQLQueryIT,testOrBrackets,Feature Envy,"designitejava,checkstyle",cayenne-server/src/test/java/org/apache/cayenne/query/EJBQLQueryIT.java,cayenne-server/src/test/java/org/apache/cayenne/query/EJBQLQueryIT.java.EJBQLQueryIT.testOrBrackets.Feature Envy,4.0.M2,4.2.1,5.0-M1,15
cayenne,4.0.M2,org.apache.cayenne.query,EJBQLQueryIT,testRelationshipWhereClause,Feature Envy,"designitejava,checkstyle",cayenne-server/src/test/java/org/apache/cayenne/query/EJBQLQueryIT.java,cayenne-server/src/test/java/org/apache/cayenne/query/EJBQLQueryIT.java.EJBQLQueryIT.testRelationshipWhereClause.Feature Envy,4.0.M2,4.2.1,5.0-M1,15
cayenne,4.2.M1,org.apache.cayenne.query,QueryTimeoutIT,testMappedSelect,Feature Envy,"designitejava,checkstyle",cayenne-server/src/test/java/org/apache/cayenne/query/QueryTimeoutIT.java,cayenne-server/src/test/java/org/apache/cayenne/query/QueryTimeoutIT.java.QueryTimeoutIT.testMappedSelect.Feature Envy,4.2.M1,4.2.1,5.0-M1,5
cayenne,4.0.M2,org.apache.cayenne.query,SQLTemplateIT,testSQLTemplate_PositionalParams,Feature Envy,"designitejava,checkstyle",cayenne-server/src/test/java/org/apache/cayenne/query/SQLTemplateIT.java,cayenne-server/src/test/java/org/apache/cayenne/query/SQLTemplateIT.java.SQLTemplateIT.testSQLTemplate_PositionalParams.Feature Envy,4.0.M2,4.2.1,5.0-M1,15
cayenne,4.0.M2,org.apache.cayenne.query,SQLTemplateIT,testSQLTemplate_PositionalParams_RepeatingVars,Feature Envy,"designitejava,checkstyle",cayenne-server/src/test/java/org/apache/cayenne/query/SQLTemplateIT.java,cayenne-server/src/test/java/org/apache/cayenne/query/SQLTemplateIT.java.SQLTemplateIT.testSQLTemplate_PositionalParams_RepeatingVars.Feature Envy,4.0.M2,4.2.1,5.0-M1,15
cayenne,4.0.B1,org.apache.cayenne.query,SelectQueryIT,testMatchByRelatedObject,Feature Envy,"designitejava,checkstyle",cayenne-server/src/test/java/org/apache/cayenne/query/SelectQueryIT.java,cayenne-server/src/test/java/org/apache/cayenne/query/SelectQueryIT.java.SelectQueryIT.testMatchByRelatedObject.Feature Envy,4.0.B1,4.2.1,5.0-M1,14
cayenne,4.0.B1,org.apache.cayenne.query,SelectQueryIT,testMatchByRelatedObjectId,Feature Envy,"designitejava,checkstyle",cayenne-server/src/test/java/org/apache/cayenne/query/SelectQueryIT.java,cayenne-server/src/test/java/org/apache/cayenne/query/SelectQueryIT.java.SelectQueryIT.testMatchByRelatedObjectId.Feature Envy,4.0.B1,4.2.1,5.0-M1,14
cayenne,4.0.B1,org.apache.cayenne.query,SelectQueryIT,testMatchByRelatedObjectIdValue,Feature Envy,"designitejava,checkstyle",cayenne-server/src/test/java/org/apache/cayenne/query/SelectQueryIT.java,cayenne-server/src/test/java/org/apache/cayenne/query/SelectQueryIT.java.SelectQueryIT.testMatchByRelatedObjectIdValue.Feature Envy,4.0.B1,4.2.1,5.0-M1,14
cayenne,4.0.B1,org.apache.cayenne.query,SelectQueryIT,testMatchObject,Feature Envy,"designitejava,checkstyle",cayenne-server/src/test/java/org/apache/cayenne/query/SelectQueryIT.java,cayenne-server/src/test/java/org/apache/cayenne/query/SelectQueryIT.java.SelectQueryIT.testMatchObject.Feature Envy,4.0.B1,4.2.1,5.0-M1,14
cayenne,4.0.B1,org.apache.cayenne.query,SelectQueryIT,testMatchObjects,Feature Envy,"designitejava,checkstyle",cayenne-server/src/test/java/org/apache/cayenne/query/SelectQueryIT.java,cayenne-server/src/test/java/org/apache/cayenne/query/SelectQueryIT.java.SelectQueryIT.testMatchObjects.Feature Envy,4.0.B1,4.2.1,5.0-M1,14
cayenne,4.0.M2,org.apache.cayenne.query,SelectQueryIT,testSelect_MatchObject,Feature Envy,"designitejava,checkstyle",cayenne-server/src/test/java/org/apache/cayenne/query/SelectQueryIT.java,cayenne-server/src/test/java/org/apache/cayenne/query/SelectQueryIT.java.SelectQueryIT.testSelect_MatchObject.Feature Envy,4.0.M2,4.0.M2,4.0.B1,1
cayenne,4.0.M2,org.apache.cayenne.query,SelectQueryIT,testSelect_WithOrdering,Feature Envy,"designitejava,checkstyle",cayenne-server/src/test/java/org/apache/cayenne/query/SelectQueryIT.java,cayenne-server/src/test/java/org/apache/cayenne/query/SelectQueryIT.java.SelectQueryIT.testSelect_WithOrdering.Feature Envy,4.0.M2,4.2.1,5.0-M1,15
cayenne,4.0.M2,org.apache.cayenne.query,StatementFetchSizeIT,test,Feature Envy,"designitejava,checkstyle",cayenne-server/src/test/java/org/apache/cayenne/query/StatementFetchSizeIT.java,cayenne-server/src/test/java/org/apache/cayenne/query/StatementFetchSizeIT.java.StatementFetchSizeIT.test.Feature Envy,4.0.M2,4.1.1,4.2.M1,10
cayenne,4.0.M2,org.apache.cayenne.reflect,LifecycleCallbackRegistryIT,testAddListener_PostAdd,Feature Envy,"designitejava,checkstyle",cayenne-server/src/test/java/org/apache/cayenne/reflect/LifecycleCallbackRegistryIT.java,cayenne-server/src/test/java/org/apache/cayenne/reflect/LifecycleCallbackRegistryIT.java.LifecycleCallbackRegistryIT.testAddListener_PostAdd.Feature Envy,4.0.M2,4.2.1,5.0-M1,15
cayenne,4.0.M2,org.apache.cayenne.reflect,LifecycleCallbackRegistryIT,testAddListener_PostAdd_InheritedListenerMethods,Feature Envy,"designitejava,checkstyle",cayenne-server/src/test/java/org/apache/cayenne/reflect/LifecycleCallbackRegistryIT.java,cayenne-server/src/test/java/org/apache/cayenne/reflect/LifecycleCallbackRegistryIT.java.LifecycleCallbackRegistryIT.testAddListener_PostAdd_InheritedListenerMethods.Feature Envy,4.0.M2,4.2.1,5.0-M1,15
cayenne,4.0.M2,org.apache.cayenne.reflect,LifecycleCallbackRegistry_InheritanceIT,testAddListener_PostAdd_EntityInheritance,Feature Envy,"designitejava,checkstyle",cayenne-server/src/test/java/org/apache/cayenne/reflect/LifecycleCallbackRegistry_InheritanceIT.java,cayenne-server/src/test/java/org/apache/cayenne/reflect/LifecycleCallbackRegistry_InheritanceIT.java.LifecycleCallbackRegistry_InheritanceIT.testAddListener_PostAdd_EntityInheritance.Feature Envy,4.0.M2,4.2.1,5.0-M1,15
cayenne,4.1.M1,org.apache.cayenne.testdo.return_types.auto,_ReturnTypesMap1,,God Class,"pmd,checkstyle",cayenne-server/src/test/java/org/apache/cayenne/testdo/return_types/auto/_ReturnTypesMap1.java,cayenne-server/src/test/java/org/apache/cayenne/testdo/return_types/auto/_ReturnTypesMap1.java._ReturnTypesMap1..God Class,4.1.M1,4.2.1,5.0-M1,10
cayenne,4.1.M1,org.apache.cayenne.testdo.return_types.auto,_ReturnTypesMap1,readPropertyDirectly,Complex Method,"designitejava,checkstyle",cayenne-server/src/test/java/org/apache/cayenne/testdo/return_types/auto/_ReturnTypesMap1.java,cayenne-server/src/test/java/org/apache/cayenne/testdo/return_types/auto/_ReturnTypesMap1.java._ReturnTypesMap1.readPropertyDirectly.Complex Method,4.1.M1,4.2.1,5.0-M1,10
cayenne,4.1.M1,org.apache.cayenne.testdo.return_types.auto,_ReturnTypesMap1,writePropertyDirectly,Complex Method,"designitejava,checkstyle",cayenne-server/src/test/java/org/apache/cayenne/testdo/return_types/auto/_ReturnTypesMap1.java,cayenne-server/src/test/java/org/apache/cayenne/testdo/return_types/auto/_ReturnTypesMap1.java._ReturnTypesMap1.writePropertyDirectly.Complex Method,4.1.M1,4.2.1,5.0-M1,10
cayenne,4.1.M1,org.apache.cayenne.testdo.testmap.auto,_CompoundPaintingLongNames,readPropertyDirectly,Complex Method,"designitejava,checkstyle",cayenne-server/src/test/java/org/apache/cayenne/testdo/testmap/auto/_CompoundPaintingLongNames.java,cayenne-server/src/test/java/org/apache/cayenne/testdo/testmap/auto/_CompoundPaintingLongNames.java._CompoundPaintingLongNames.readPropertyDirectly.Complex Method,4.1.M1,4.2.1,5.0-M1,10
cayenne,4.1.M1,org.apache.cayenne.testdo.testmap.auto,_CompoundPaintingLongNames,writePropertyDirectly,Complex Method,"designitejava,checkstyle",cayenne-server/src/test/java/org/apache/cayenne/testdo/testmap/auto/_CompoundPaintingLongNames.java,cayenne-server/src/test/java/org/apache/cayenne/testdo/testmap/auto/_CompoundPaintingLongNames.java._CompoundPaintingLongNames.writePropertyDirectly.Complex Method,4.1.M1,4.2.1,5.0-M1,10
cayenne,4.0.M2,org.apache.cayenne.unit.di.server,SchemaBuilder,dbEntitiesFilter,Complex Method,"designitejava,pmd,checkstyle",cayenne-server/src/test/java/org/apache/cayenne/unit/di/server/SchemaBuilder.java,cayenne-server/src/test/java/org/apache/cayenne/unit/di/server/SchemaBuilder.java.SchemaBuilder.dbEntitiesFilter.Complex Method,4.0.M2,4.2.1,5.0-M1,15
cayenne,4.0.M2,org.apache.cayenne.unit.jira,CAY_194IT,testQualifyOnToMany,Feature Envy,"designitejava,checkstyle",cayenne-server/src/test/java/org/apache/cayenne/unit/jira/CAY_194IT.java,cayenne-server/src/test/java/org/apache/cayenne/unit/jira/CAY_194IT.java.CAY_194IT.testQualifyOnToMany.Feature Envy,4.0.M2,4.2.1,5.0-M1,15
cayenne,4.0.M2,org.apache.cayenne.unit.jira,CAY_194IT,testQualifyOnToOne,Feature Envy,"designitejava,checkstyle",cayenne-server/src/test/java/org/apache/cayenne/unit/jira/CAY_194IT.java,cayenne-server/src/test/java/org/apache/cayenne/unit/jira/CAY_194IT.java.CAY_194IT.testQualifyOnToOne.Feature Envy,4.0.M2,4.2.1,5.0-M1,15
cayenne,4.0.M2,org.apache.cayenne.gen,ClassGenerationAction,,God Class,"pmd,checkstyle",cayenne-tools/src/main/java/org/apache/cayenne/gen/ClassGenerationAction.java,cayenne-tools/src/main/java/org/apache/cayenne/gen/ClassGenerationAction.java.ClassGenerationAction..God Class,4.0.M2,4.0.M2,4.0.B1,1
cayenne,4.0.M2,org.apache.cayenne.gen,DataMapUtils,getParameterNames,Complex Method,"designitejava,pmd,checkstyle",cayenne-tools/src/main/java/org/apache/cayenne/gen/DataMapUtils.java,cayenne-tools/src/main/java/org/apache/cayenne/gen/DataMapUtils.java.DataMapUtils.getParameterNames.Complex Method,4.0.M2,4.0.M2,4.0.B1,1
cayenne,4.0.M2,org.apache.cayenne.gen,ImportUtils,generate,Complex Method,"designitejava,pmd",cayenne-tools/src/main/java/org/apache/cayenne/gen/ImportUtils.java,cayenne-tools/src/main/java/org/apache/cayenne/gen/ImportUtils.java.ImportUtils.generate.Complex Method,4.0.M2,4.0.M2,4.0.B1,1
cayenne,4.0.M2,org.apache.cayenne.tools,DbImporterTask,DbImporterTask,Feature Envy,"designitejava,checkstyle",cayenne-tools/src/main/java/org/apache/cayenne/tools/DbImporterTask.java,cayenne-tools/src/main/java/org/apache/cayenne/tools/DbImporterTask.java.DbImporterTask.DbImporterTask.Feature Envy,4.0.M2,4.0.M2,4.0.B1,1
cayenne,4.1.M1,org.apache.cayenne.velocity,BindDirective,render,Long Parameter List,"designitejava,checkstyle",cayenne-velocity/src/main/java/org/apache/cayenne/velocity/BindDirective.java,cayenne-velocity/src/main/java/org/apache/cayenne/velocity/BindDirective.java.BindDirective.render.Long Parameter List,4.1.M1,5.0-M1,5.0-M1,11
cayenne,4.1.M1,org.apache.cayenne.velocity,ChainDirective,render,Complex Method,"pmd,checkstyle",cayenne-velocity/src/main/java/org/apache/cayenne/velocity/ChainDirective.java,cayenne-velocity/src/main/java/org/apache/cayenne/velocity/ChainDirective.java.ChainDirective.render.Complex Method,4.1.M1,5.0-M1,5.0-M1,11
cayenne,4.2.B1,org.apache.cayenne.event.util,Base64Codec,encodeBase64,Complex Method,"pmd,checkstyle",cayenne-xmpp/src/main/java/org/apache/cayenne/event/util/Base64Codec.java,cayenne-xmpp/src/main/java/org/apache/cayenne/event/util/Base64Codec.java.Base64Codec.encodeBase64.Complex Method,4.2.B1,4.2.1,5.0-M1,4
cayenne,3.0M1,org.apache.cayenne,CayenneContext,doCommitChanges,Complex Method,"designitejava,pmd,checkstyle",cayenne/framework/cayenne-jdk1.4-unpublished/src/main/java/org/apache/cayenne/CayenneContext.java,cayenne/framework/cayenne-jdk1.4-unpublished/src/main/java/org/apache/cayenne/CayenneContext.java.CayenneContext.doCommitChanges.Complex Method,3.0M1,3.0M1,3.0B1,1
cayenne,3.0M1,org.apache.cayenne,CayenneDataObject,,God Class,"pmd,checkstyle",cayenne/framework/cayenne-jdk1.4-unpublished/src/main/java/org/apache/cayenne/CayenneDataObject.java,cayenne/framework/cayenne-jdk1.4-unpublished/src/main/java/org/apache/cayenne/CayenneDataObject.java.CayenneDataObject..God Class,3.0M1,3.0M1,3.0B1,1
cayenne,3.0M1,org.apache.cayenne,CayenneDataObject,validateForSave,Complex Method,"designitejava,pmd,checkstyle",cayenne/framework/cayenne-jdk1.4-unpublished/src/main/java/org/apache/cayenne/CayenneDataObject.java,cayenne/framework/cayenne-jdk1.4-unpublished/src/main/java/org/apache/cayenne/CayenneDataObject.java.CayenneDataObject.validateForSave.Complex Method,3.0M1,3.0M1,3.0B1,1
cayenne,3.0M1,org.apache.cayenne,ObjectContextChangeLog,unregisterNode,Complex Method,"designitejava,pmd",cayenne/framework/cayenne-jdk1.4-unpublished/src/main/java/org/apache/cayenne/ObjectContextChangeLog.java,cayenne/framework/cayenne-jdk1.4-unpublished/src/main/java/org/apache/cayenne/ObjectContextChangeLog.java.ObjectContextChangeLog.unregisterNode.Complex Method,3.0M1,3.0M1,3.0B1,1
cayenne,3.0M1,org.apache.cayenne,ObjectContextDeleteAction,processRules,Complex Method,"designitejava,pmd,checkstyle",cayenne/framework/cayenne-jdk1.4-unpublished/src/main/java/org/apache/cayenne/ObjectContextDeleteAction.java,cayenne/framework/cayenne-jdk1.4-unpublished/src/main/java/org/apache/cayenne/ObjectContextDeleteAction.java.ObjectContextDeleteAction.processRules.Complex Method,3.0M1,3.0M1,3.0B1,1
cayenne,3.0M1,org.apache.cayenne,ObjectId,equals,Complex Method,"designitejava,pmd,checkstyle",cayenne/framework/cayenne-jdk1.4-unpublished/src/main/java/org/apache/cayenne/ObjectId.java,cayenne/framework/cayenne-jdk1.4-unpublished/src/main/java/org/apache/cayenne/ObjectId.java.ObjectId.equals.Complex Method,3.0M1,3.0M1,3.0B1,1
cayenne,3.0M1,org.apache.cayenne,ObjectId,hashCode,Complex Method,"designitejava,pmd",cayenne/framework/cayenne-jdk1.4-unpublished/src/main/java/org/apache/cayenne/ObjectId.java,cayenne/framework/cayenne-jdk1.4-unpublished/src/main/java/org/apache/cayenne/ObjectId.java.ObjectId.hashCode.Complex Method,3.0M1,3.0M1,3.0B1,1
cayenne,3.0M1,org.apache.cayenne.access,ClientServerChannelQueryAction,interceptObjectConversion,Feature Envy,"designitejava,checkstyle",cayenne/framework/cayenne-jdk1.4-unpublished/src/main/java/org/apache/cayenne/access/ClientServerChannelQueryAction.java,cayenne/framework/cayenne-jdk1.4-unpublished/src/main/java/org/apache/cayenne/access/ClientServerChannelQueryAction.java.ClientServerChannelQueryAction.interceptObjectConversion.Feature Envy,3.0M1,3.0M1,3.0B1,1
cayenne,3.0M1,org.apache.cayenne.access,DataContext,,God Class,"pmd,checkstyle",cayenne/framework/cayenne-jdk1.4-unpublished/src/main/java/org/apache/cayenne/access/DataContext.java,cayenne/framework/cayenne-jdk1.4-unpublished/src/main/java/org/apache/cayenne/access/DataContext.java.DataContext..God Class,3.0M1,3.0M1,3.0B1,1
cayenne,3.0M1,org.apache.cayenne.access,DataContext,currentSnapshot,Complex Method,"designitejava,pmd",cayenne/framework/cayenne-jdk1.4-unpublished/src/main/java/org/apache/cayenne/access/DataContext.java,cayenne/framework/cayenne-jdk1.4-unpublished/src/main/java/org/apache/cayenne/access/DataContext.java.DataContext.currentSnapshot.Complex Method,3.0M1,3.0M1,3.0B1,1
cayenne,3.0M1,org.apache.cayenne.access,DataContext,flushToParent,Complex Method,"designitejava,checkstyle",cayenne/framework/cayenne-jdk1.4-unpublished/src/main/java/org/apache/cayenne/access/DataContext.java,cayenne/framework/cayenne-jdk1.4-unpublished/src/main/java/org/apache/cayenne/access/DataContext.java.DataContext.flushToParent.Complex Method,3.0M1,3.0M1,3.0B1,1
cayenne,3.0M1,org.apache.cayenne.access,DataContext,localObject,Complex Method,"pmd,checkstyle",cayenne/framework/cayenne-jdk1.4-unpublished/src/main/java/org/apache/cayenne/access/DataContext.java,cayenne/framework/cayenne-jdk1.4-unpublished/src/main/java/org/apache/cayenne/access/DataContext.java.DataContext.localObject.Complex Method,3.0M1,3.0M1,3.0B1,1
cayenne,3.0M1,org.apache.cayenne.access,DataContext,registerNewObject,Complex Method,"designitejava,pmd",cayenne/framework/cayenne-jdk1.4-unpublished/src/main/java/org/apache/cayenne/access/DataContext.java,cayenne/framework/cayenne-jdk1.4-unpublished/src/main/java/org/apache/cayenne/access/DataContext.java.DataContext.registerNewObject.Complex Method,3.0M1,3.0M1,3.0B1,1
cayenne,3.0M1,org.apache.cayenne.access,DataContextDeleteAction,processDeleteRules,Complex Method,"designitejava,pmd,checkstyle",cayenne/framework/cayenne-jdk1.4-unpublished/src/main/java/org/apache/cayenne/access/DataContextDeleteAction.java,cayenne/framework/cayenne-jdk1.4-unpublished/src/main/java/org/apache/cayenne/access/DataContextDeleteAction.java.DataContextDeleteAction.processDeleteRules.Complex Method,3.0M1,3.0M1,3.0B1,1
cayenne,3.0M1,org.apache.cayenne.access,DataDomain,,God Class,"pmd,checkstyle",cayenne/framework/cayenne-jdk1.4-unpublished/src/main/java/org/apache/cayenne/access/DataDomain.java,cayenne/framework/cayenne-jdk1.4-unpublished/src/main/java/org/apache/cayenne/access/DataDomain.java.DataDomain..God Class,3.0M1,3.0M1,3.0B1,1
cayenne,3.0M1,org.apache.cayenne.access,DataDomainDeleteBucket,appendQueriesInternal,Complex Method,"designitejava,pmd",cayenne/framework/cayenne-jdk1.4-unpublished/src/main/java/org/apache/cayenne/access/DataDomainDeleteBucket.java,cayenne/framework/cayenne-jdk1.4-unpublished/src/main/java/org/apache/cayenne/access/DataDomainDeleteBucket.java.DataDomainDeleteBucket.appendQueriesInternal.Complex Method,3.0M1,3.0M1,3.0B1,1
cayenne,3.0M1,org.apache.cayenne.access,DataDomainInsertBucket,createPermIdsForObjEntity,Complex Method,"designitejava,pmd,checkstyle",cayenne/framework/cayenne-jdk1.4-unpublished/src/main/java/org/apache/cayenne/access/DataDomainInsertBucket.java,cayenne/framework/cayenne-jdk1.4-unpublished/src/main/java/org/apache/cayenne/access/DataDomainInsertBucket.java.DataDomainInsertBucket.createPermIdsForObjEntity.Complex Method,3.0M1,3.0M1,3.0B1,1
cayenne,3.0M1,org.apache.cayenne.access,DataDomainQueryAction,,God Class,"pmd,checkstyle",cayenne/framework/cayenne-jdk1.4-unpublished/src/main/java/org/apache/cayenne/access/DataDomainQueryAction.java,cayenne/framework/cayenne-jdk1.4-unpublished/src/main/java/org/apache/cayenne/access/DataDomainQueryAction.java.DataDomainQueryAction..God Class,3.0M1,3.0M1,3.0B1,1
cayenne,3.0M1,org.apache.cayenne.access,DataDomainQueryAction,execute,Complex Method,"designitejava,pmd",cayenne/framework/cayenne-jdk1.4-unpublished/src/main/java/org/apache/cayenne/access/DataDomainQueryAction.java,cayenne/framework/cayenne-jdk1.4-unpublished/src/main/java/org/apache/cayenne/access/DataDomainQueryAction.java.DataDomainQueryAction.execute.Complex Method,3.0M1,3.0M1,3.0B1,1
cayenne,3.0M1,org.apache.cayenne.access,DataDomainQueryAction,interceptMappedConversion,Complex Method,"designitejava,pmd,checkstyle",cayenne/framework/cayenne-jdk1.4-unpublished/src/main/java/org/apache/cayenne/access/DataDomainQueryAction.java,cayenne/framework/cayenne-jdk1.4-unpublished/src/main/java/org/apache/cayenne/access/DataDomainQueryAction.java.DataDomainQueryAction.interceptMappedConversion.Complex Method,3.0M1,3.0M1,3.0B1,1
cayenne,3.0M1,org.apache.cayenne.access,DataDomainQueryAction,interceptObjectConversion,Feature Envy,"designitejava,checkstyle",cayenne/framework/cayenne-jdk1.4-unpublished/src/main/java/org/apache/cayenne/access/DataDomainQueryAction.java,cayenne/framework/cayenne-jdk1.4-unpublished/src/main/java/org/apache/cayenne/access/DataDomainQueryAction.java.DataDomainQueryAction.interceptObjectConversion.Feature Envy,3.0M1,3.0M1,3.0B1,1
cayenne,3.0M1,org.apache.cayenne.access,DataDomainQueryAction,interceptRefreshQuery,Complex Method,"designitejava,pmd,checkstyle",cayenne/framework/cayenne-jdk1.4-unpublished/src/main/java/org/apache/cayenne/access/DataDomainQueryAction.java,cayenne/framework/cayenne-jdk1.4-unpublished/src/main/java/org/apache/cayenne/access/DataDomainQueryAction.java.DataDomainQueryAction.interceptRefreshQuery.Complex Method,3.0M1,3.0M1,3.0B1,1
cayenne,3.0M1,org.apache.cayenne.access,DataDomainSyncBucket,groupObjEntitiesBySpannedDbEntities,Complex Method,"designitejava,pmd",cayenne/framework/cayenne-jdk1.4-unpublished/src/main/java/org/apache/cayenne/access/DataDomainSyncBucket.java,cayenne/framework/cayenne-jdk1.4-unpublished/src/main/java/org/apache/cayenne/access/DataDomainSyncBucket.java.DataDomainSyncBucket.groupObjEntitiesBySpannedDbEntities.Complex Method,3.0M1,3.0M1,3.0B1,1
cayenne,3.0M1,org.apache.cayenne.access,DataDomainSyncBucket,postprocess,Complex Method,"designitejava,pmd",cayenne/framework/cayenne-jdk1.4-unpublished/src/main/java/org/apache/cayenne/access/DataDomainSyncBucket.java,cayenne/framework/cayenne-jdk1.4-unpublished/src/main/java/org/apache/cayenne/access/DataDomainSyncBucket.java.DataDomainSyncBucket.postprocess.Complex Method,3.0M1,3.0M1,3.0B1,1
cayenne,3.0M1,org.apache.cayenne.access,DataDomainSyncBucket,postprocess,Feature Envy,"designitejava,checkstyle",cayenne/framework/cayenne-jdk1.4-unpublished/src/main/java/org/apache/cayenne/access/DataDomainSyncBucket.java,cayenne/framework/cayenne-jdk1.4-unpublished/src/main/java/org/apache/cayenne/access/DataDomainSyncBucket.java.DataDomainSyncBucket.postprocess.Feature Envy,3.0M1,3.0M1,3.0B1,1
cayenne,3.0M1,org.apache.cayenne.access,DataDomainUpdateBucket,appendQueriesInternal,Complex Method,"designitejava,pmd,checkstyle",cayenne/framework/cayenne-jdk1.4-unpublished/src/main/java/org/apache/cayenne/access/DataDomainUpdateBucket.java,cayenne/framework/cayenne-jdk1.4-unpublished/src/main/java/org/apache/cayenne/access/DataDomainUpdateBucket.java.DataDomainUpdateBucket.appendQueriesInternal.Complex Method,3.0M1,3.0M1,3.0B1,1
cayenne,3.0M1,org.apache.cayenne.access,DataNodeSyncQualifierDescriptor,reset,Complex Method,"designitejava,pmd,checkstyle",cayenne/framework/cayenne-jdk1.4-unpublished/src/main/java/org/apache/cayenne/access/DataNodeSyncQualifierDescriptor.java,cayenne/framework/cayenne-jdk1.4-unpublished/src/main/java/org/apache/cayenne/access/DataNodeSyncQualifierDescriptor.java.DataNodeSyncQualifierDescriptor.reset.Complex Method,3.0M1,3.0M1,3.0B1,1
cayenne,3.0M1,org.apache.cayenne.access,DataPort,processInsert,Complex Method,"designitejava,pmd,checkstyle",cayenne/framework/cayenne-jdk1.4-unpublished/src/main/java/org/apache/cayenne/access/DataPort.java,cayenne/framework/cayenne-jdk1.4-unpublished/src/main/java/org/apache/cayenne/access/DataPort.java.DataPort.processInsert.Complex Method,3.0M1,3.0M1,3.0B1,1
cayenne,3.0M1,org.apache.cayenne.access,DataRowStore,,God Class,"pmd,checkstyle",cayenne/framework/cayenne-jdk1.4-unpublished/src/main/java/org/apache/cayenne/access/DataRowStore.java,cayenne/framework/cayenne-jdk1.4-unpublished/src/main/java/org/apache/cayenne/access/DataRowStore.java.DataRowStore..God Class,3.0M1,3.0M1,3.0B1,1
cayenne,3.0M1,org.apache.cayenne.access,DataRowStore,snapshotsUpdatedForObjects,Complex Method,"designitejava,pmd,checkstyle",cayenne/framework/cayenne-jdk1.4-unpublished/src/main/java/org/apache/cayenne/access/DataRowStore.java,cayenne/framework/cayenne-jdk1.4-unpublished/src/main/java/org/apache/cayenne/access/DataRowStore.java.DataRowStore.snapshotsUpdatedForObjects.Complex Method,3.0M1,3.0M1,3.0B1,1
cayenne,3.0M1,org.apache.cayenne.access,DataRowUtils,forceMergeWithSnapshot,Complex Method,"designitejava,pmd",cayenne/framework/cayenne-jdk1.4-unpublished/src/main/java/org/apache/cayenne/access/DataRowUtils.java,cayenne/framework/cayenne-jdk1.4-unpublished/src/main/java/org/apache/cayenne/access/DataRowUtils.java.DataRowUtils.forceMergeWithSnapshot.Complex Method,3.0M1,3.0M1,3.0B1,1
cayenne,3.0M1,org.apache.cayenne.access,DbGenerator,,God Class,"pmd,checkstyle",cayenne/framework/cayenne-jdk1.4-unpublished/src/main/java/org/apache/cayenne/access/DbGenerator.java,cayenne/framework/cayenne-jdk1.4-unpublished/src/main/java/org/apache/cayenne/access/DbGenerator.java.DbGenerator..God Class,3.0M1,3.0M1,3.0B1,1
cayenne,3.0M1,org.apache.cayenne.access,DbGenerator,createConstraintsQueries,Complex Method,"designitejava,pmd,checkstyle",cayenne/framework/cayenne-jdk1.4-unpublished/src/main/java/org/apache/cayenne/access/DbGenerator.java,cayenne/framework/cayenne-jdk1.4-unpublished/src/main/java/org/apache/cayenne/access/DbGenerator.java.DbGenerator.createConstraintsQueries.Complex Method,3.0M1,3.0M1,3.0B1,1
cayenne,3.0M1,org.apache.cayenne.access,DbGenerator,prepareDbEntities,Complex Method,"designitejava,pmd,checkstyle",cayenne/framework/cayenne-jdk1.4-unpublished/src/main/java/org/apache/cayenne/access/DbGenerator.java,cayenne/framework/cayenne-jdk1.4-unpublished/src/main/java/org/apache/cayenne/access/DbGenerator.java.DbGenerator.prepareDbEntities.Complex Method,3.0M1,3.0M1,3.0B1,1
cayenne,3.0M1,org.apache.cayenne.access,DbGenerator,runGenerator,Complex Method,"designitejava,pmd,checkstyle",cayenne/framework/cayenne-jdk1.4-unpublished/src/main/java/org/apache/cayenne/access/DbGenerator.java,cayenne/framework/cayenne-jdk1.4-unpublished/src/main/java/org/apache/cayenne/access/DbGenerator.java.DbGenerator.runGenerator.Complex Method,3.0M1,3.0M1,3.0B1,1
cayenne,3.0M1,org.apache.cayenne.access,DbLoader,,God Class,"pmd,checkstyle",cayenne/framework/cayenne-jdk1.4-unpublished/src/main/java/org/apache/cayenne/access/DbLoader.java,cayenne/framework/cayenne-jdk1.4-unpublished/src/main/java/org/apache/cayenne/access/DbLoader.java.DbLoader..God Class,3.0M1,3.0M1,3.0B1,1
cayenne,3.0M1,org.apache.cayenne.access,DbLoader,loadDbEntities,Complex Method,"designitejava,pmd,checkstyle",cayenne/framework/cayenne-jdk1.4-unpublished/src/main/java/org/apache/cayenne/access/DbLoader.java,cayenne/framework/cayenne-jdk1.4-unpublished/src/main/java/org/apache/cayenne/access/DbLoader.java.DbLoader.loadDbEntities.Complex Method,3.0M1,3.0M1,3.0B1,1
cayenne,3.0M1,org.apache.cayenne.access,DbLoader,loadDbRelationships,Complex Method,"designitejava,pmd,checkstyle",cayenne/framework/cayenne-jdk1.4-unpublished/src/main/java/org/apache/cayenne/access/DbLoader.java,cayenne/framework/cayenne-jdk1.4-unpublished/src/main/java/org/apache/cayenne/access/DbLoader.java.DbLoader.loadDbRelationships.Complex Method,3.0M1,3.0M1,3.0B1,1
cayenne,3.0M1,org.apache.cayenne.access,DbLoader,loadProceduresFromDB,Complex Method,"designitejava,pmd,checkstyle",cayenne/framework/cayenne-jdk1.4-unpublished/src/main/java/org/apache/cayenne/access/DbLoader.java,cayenne/framework/cayenne-jdk1.4-unpublished/src/main/java/org/apache/cayenne/access/DbLoader.java.DbLoader.loadProceduresFromDB.Complex Method,3.0M1,3.0M1,3.0B1,1
cayenne,3.0M1,org.apache.cayenne.access,IncrementalFaultList,,God Class,"pmd,checkstyle",cayenne/framework/cayenne-jdk1.4-unpublished/src/main/java/org/apache/cayenne/access/IncrementalFaultList.java,cayenne/framework/cayenne-jdk1.4-unpublished/src/main/java/org/apache/cayenne/access/IncrementalFaultList.java.IncrementalFaultList..God Class,3.0M1,3.0M1,3.0B1,1
cayenne,3.0M1,org.apache.cayenne.access,IncrementalFaultList,resolveInterval,Complex Method,"designitejava,pmd,checkstyle",cayenne/framework/cayenne-jdk1.4-unpublished/src/main/java/org/apache/cayenne/access/IncrementalFaultList.java,cayenne/framework/cayenne-jdk1.4-unpublished/src/main/java/org/apache/cayenne/access/IncrementalFaultList.java.IncrementalFaultList.resolveInterval.Complex Method,3.0M1,3.0M1,3.0B1,1
cayenne,3.0M1,org.apache.cayenne.access,ObjectDiff,addDiff,Complex Method,"designitejava,pmd,checkstyle",cayenne/framework/cayenne-jdk1.4-unpublished/src/main/java/org/apache/cayenne/access/ObjectDiff.java,cayenne/framework/cayenne-jdk1.4-unpublished/src/main/java/org/apache/cayenne/access/ObjectDiff.java.ObjectDiff.addDiff.Complex Method,3.0M1,3.0M1,3.0B1,1
cayenne,3.0M1,org.apache.cayenne.access,ObjectDiff,isNoop,Complex Method,"designitejava,pmd",cayenne/framework/cayenne-jdk1.4-unpublished/src/main/java/org/apache/cayenne/access/ObjectDiff.java,cayenne/framework/cayenne-jdk1.4-unpublished/src/main/java/org/apache/cayenne/access/ObjectDiff.java.ObjectDiff.isNoop.Complex Method,3.0M1,3.0M1,3.0B1,1
cayenne,3.0M1,org.apache.cayenne.access,ObjectResolver,objectFromDataRow,Complex Method,"designitejava,pmd",cayenne/framework/cayenne-jdk1.4-unpublished/src/main/java/org/apache/cayenne/access/ObjectResolver.java,cayenne/framework/cayenne-jdk1.4-unpublished/src/main/java/org/apache/cayenne/access/ObjectResolver.java.ObjectResolver.objectFromDataRow.Complex Method,3.0M1,3.0M1,3.0B1,1
cayenne,3.0M1,org.apache.cayenne.access,ObjectStore,,God Class,"pmd,checkstyle",cayenne/framework/cayenne-jdk1.4-unpublished/src/main/java/org/apache/cayenne/access/ObjectStore.java,cayenne/framework/cayenne-jdk1.4-unpublished/src/main/java/org/apache/cayenne/access/ObjectStore.java.ObjectStore..God Class,3.0M1,3.0M1,3.0B1,1
cayenne,3.0M1,org.apache.cayenne.access,ObjectStore,processDeletedID,Complex Method,"designitejava,pmd,checkstyle",cayenne/framework/cayenne-jdk1.4-unpublished/src/main/java/org/apache/cayenne/access/ObjectStore.java,cayenne/framework/cayenne-jdk1.4-unpublished/src/main/java/org/apache/cayenne/access/ObjectStore.java.ObjectStore.processDeletedID.Complex Method,3.0M1,3.0M1,3.0B1,1
cayenne,3.0M1,org.apache.cayenne.access,ObjectStore,registerDiff,Complex Method,"designitejava,pmd",cayenne/framework/cayenne-jdk1.4-unpublished/src/main/java/org/apache/cayenne/access/ObjectStore.java,cayenne/framework/cayenne-jdk1.4-unpublished/src/main/java/org/apache/cayenne/access/ObjectStore.java.ObjectStore.registerDiff.Complex Method,3.0M1,3.0M1,3.0B1,1
cayenne,3.0M1,org.apache.cayenne.access,ObjectStoreGraphDiff,validateAndCheckNoop,Complex Method,"designitejava,pmd,checkstyle",cayenne/framework/cayenne-jdk1.4-unpublished/src/main/java/org/apache/cayenne/access/ObjectStoreGraphDiff.java,cayenne/framework/cayenne-jdk1.4-unpublished/src/main/java/org/apache/cayenne/access/ObjectStoreGraphDiff.java.ObjectStoreGraphDiff.validateAndCheckNoop.Complex Method,3.0M1,3.0M1,3.0B1,1
cayenne,3.0M1,org.apache.cayenne.access,PrefetchProcessorJointNode,buildRowMapping,Complex Method,"designitejava,pmd,checkstyle",cayenne/framework/cayenne-jdk1.4-unpublished/src/main/java/org/apache/cayenne/access/PrefetchProcessorJointNode.java,cayenne/framework/cayenne-jdk1.4-unpublished/src/main/java/org/apache/cayenne/access/PrefetchProcessorJointNode.java.PrefetchProcessorJointNode.buildRowMapping.Complex Method,3.0M1,3.0M1,3.0B1,1
cayenne,3.0M1,org.apache.cayenne.access,QueryLogger,sqlLiteralForObject,Complex Method,"designitejava,pmd,checkstyle",cayenne/framework/cayenne-jdk1.4-unpublished/src/main/java/org/apache/cayenne/access/QueryLogger.java,cayenne/framework/cayenne-jdk1.4-unpublished/src/main/java/org/apache/cayenne/access/QueryLogger.java.QueryLogger.sqlLiteralForObject.Complex Method,3.0M1,3.0M1,3.0B1,1
cayenne,3.0M1,org.apache.cayenne.access,ToManyList,mergeLocalChanges,Complex Method,"designitejava,pmd",cayenne/framework/cayenne-jdk1.4-unpublished/src/main/java/org/apache/cayenne/access/ToManyList.java,cayenne/framework/cayenne-jdk1.4-unpublished/src/main/java/org/apache/cayenne/access/ToManyList.java.ToManyList.mergeLocalChanges.Complex Method,3.0M1,3.0M1,3.0B1,1
cayenne,3.0M1,org.apache.cayenne.access.jdbc,BatchAction,runAsBatch,Feature Envy,"designitejava,checkstyle",cayenne/framework/cayenne-jdk1.4-unpublished/src/main/java/org/apache/cayenne/access/jdbc/BatchAction.java,cayenne/framework/cayenne-jdk1.4-unpublished/src/main/java/org/apache/cayenne/access/jdbc/BatchAction.java.BatchAction.runAsBatch.Feature Envy,3.0M1,3.0M1,3.0B1,1
cayenne,3.0M1,org.apache.cayenne.access.jdbc,BatchAction,runAsIndividualQueries,Complex Method,"designitejava,pmd,checkstyle",cayenne/framework/cayenne-jdk1.4-unpublished/src/main/java/org/apache/cayenne/access/jdbc/BatchAction.java,cayenne/framework/cayenne-jdk1.4-unpublished/src/main/java/org/apache/cayenne/access/jdbc/BatchAction.java.BatchAction.runAsIndividualQueries.Complex Method,3.0M1,3.0M1,3.0B1,1
cayenne,3.0M1,org.apache.cayenne.access.jdbc,BatchAction,runAsIndividualQueries,Feature Envy,"designitejava,checkstyle",cayenne/framework/cayenne-jdk1.4-unpublished/src/main/java/org/apache/cayenne/access/jdbc/BatchAction.java,cayenne/framework/cayenne-jdk1.4-unpublished/src/main/java/org/apache/cayenne/access/jdbc/BatchAction.java.BatchAction.runAsIndividualQueries.Feature Envy,3.0M1,3.0M1,3.0B1,1
cayenne,3.0M1,org.apache.cayenne.access.jdbc,ChainDirective,render,Complex Method,"pmd,checkstyle",cayenne/framework/cayenne-jdk1.4-unpublished/src/main/java/org/apache/cayenne/access/jdbc/ChainDirective.java,cayenne/framework/cayenne-jdk1.4-unpublished/src/main/java/org/apache/cayenne/access/jdbc/ChainDirective.java.ChainDirective.render.Complex Method,3.0M1,3.0M1,3.0B1,1
cayenne,3.0M1,org.apache.cayenne.access.jdbc,DataRowPostProcessor,createPostProcessor,Complex Method,"designitejava,pmd",cayenne/framework/cayenne-jdk1.4-unpublished/src/main/java/org/apache/cayenne/access/jdbc/DataRowPostProcessor.java,cayenne/framework/cayenne-jdk1.4-unpublished/src/main/java/org/apache/cayenne/access/jdbc/DataRowPostProcessor.java.DataRowPostProcessor.createPostProcessor.Complex Method,3.0M1,3.0M1,3.0B1,1
cayenne,3.0M1,org.apache.cayenne.access.jdbc,EJBQLConditionTranslator,visitDecimalLiteral,Feature Envy,"designitejava,checkstyle",cayenne/framework/cayenne-jdk1.4-unpublished/src/main/java/org/apache/cayenne/access/jdbc/EJBQLConditionTranslator.java,cayenne/framework/cayenne-jdk1.4-unpublished/src/main/java/org/apache/cayenne/access/jdbc/EJBQLConditionTranslator.java.EJBQLConditionTranslator.visitDecimalLiteral.Feature Envy,3.0M1,3.0M1,3.0B1,1
cayenne,3.0M1,org.apache.cayenne.access.jdbc,EJBQLConditionTranslator,visitIntegerLiteral,Feature Envy,"designitejava,checkstyle",cayenne/framework/cayenne-jdk1.4-unpublished/src/main/java/org/apache/cayenne/access/jdbc/EJBQLConditionTranslator.java,cayenne/framework/cayenne-jdk1.4-unpublished/src/main/java/org/apache/cayenne/access/jdbc/EJBQLConditionTranslator.java.EJBQLConditionTranslator.visitIntegerLiteral.Feature Envy,3.0M1,3.0M1,3.0B1,1
cayenne,3.0M1,org.apache.cayenne.access.jdbc,EJBQLFromTranslator,appendJoin,Feature Envy,"designitejava,checkstyle",cayenne/framework/cayenne-jdk1.4-unpublished/src/main/java/org/apache/cayenne/access/jdbc/EJBQLFromTranslator.java,cayenne/framework/cayenne-jdk1.4-unpublished/src/main/java/org/apache/cayenne/access/jdbc/EJBQLFromTranslator.java.EJBQLFromTranslator.appendJoin.Feature Envy,3.0M1,3.0M1,3.0B1,1
cayenne,3.0M1,org.apache.cayenne.access.jdbc,SQLTemplateAction,execute,Complex Method,"designitejava,pmd",cayenne/framework/cayenne-jdk1.4-unpublished/src/main/java/org/apache/cayenne/access/jdbc/SQLTemplateAction.java,cayenne/framework/cayenne-jdk1.4-unpublished/src/main/java/org/apache/cayenne/access/jdbc/SQLTemplateAction.java.SQLTemplateAction.execute.Complex Method,3.0M1,3.0M1,3.0B1,1
cayenne,3.0M1,org.apache.cayenne.access.jdbc,SQLTemplateAction,processSelectResult,Long Parameter List,"designitejava,checkstyle",cayenne/framework/cayenne-jdk1.4-unpublished/src/main/java/org/apache/cayenne/access/jdbc/SQLTemplateAction.java,cayenne/framework/cayenne-jdk1.4-unpublished/src/main/java/org/apache/cayenne/access/jdbc/SQLTemplateAction.java.SQLTemplateAction.processSelectResult.Long Parameter List,3.0M1,3.0M1,3.0B1,1
cayenne,3.0M1,org.apache.cayenne.access.trans,OrderingTranslator,doTranslation,Complex Method,"designitejava,pmd,checkstyle",cayenne/framework/cayenne-jdk1.4-unpublished/src/main/java/org/apache/cayenne/access/trans/OrderingTranslator.java,cayenne/framework/cayenne-jdk1.4-unpublished/src/main/java/org/apache/cayenne/access/trans/OrderingTranslator.java.OrderingTranslator.doTranslation.Complex Method,3.0M1,3.0M1,3.0B1,1
cayenne,3.0M1,org.apache.cayenne.access.trans,QualifierTranslator,,God Class,"pmd,checkstyle",cayenne/framework/cayenne-jdk1.4-unpublished/src/main/java/org/apache/cayenne/access/trans/QualifierTranslator.java,cayenne/framework/cayenne-jdk1.4-unpublished/src/main/java/org/apache/cayenne/access/trans/QualifierTranslator.java.QualifierTranslator..God Class,3.0M1,3.0M1,3.0B1,1
cayenne,3.0M1,org.apache.cayenne.access.trans,QualifierTranslator,finishedChild,Complex Method,"designitejava,pmd,checkstyle",cayenne/framework/cayenne-jdk1.4-unpublished/src/main/java/org/apache/cayenne/access/trans/QualifierTranslator.java,cayenne/framework/cayenne-jdk1.4-unpublished/src/main/java/org/apache/cayenne/access/trans/QualifierTranslator.java.QualifierTranslator.finishedChild.Complex Method,3.0M1,3.0M1,3.0B1,1
cayenne,3.0M1,org.apache.cayenne.access.trans,QualifierTranslator,startNode,Complex Method,"designitejava,checkstyle",cayenne/framework/cayenne-jdk1.4-unpublished/src/main/java/org/apache/cayenne/access/trans/QualifierTranslator.java,cayenne/framework/cayenne-jdk1.4-unpublished/src/main/java/org/apache/cayenne/access/trans/QualifierTranslator.java.QualifierTranslator.startNode.Complex Method,3.0M1,3.0M1,3.0B1,1
cayenne,3.0M1,org.apache.cayenne.access.trans,QueryAssemblerHelper,paramsDbType,Complex Method,"designitejava,pmd,checkstyle",cayenne/framework/cayenne-jdk1.4-unpublished/src/main/java/org/apache/cayenne/access/trans/QueryAssemblerHelper.java,cayenne/framework/cayenne-jdk1.4-unpublished/src/main/java/org/apache/cayenne/access/trans/QueryAssemblerHelper.java.QueryAssemblerHelper.paramsDbType.Complex Method,3.0M1,3.0M1,3.0B1,1
cayenne,3.0M1,org.apache.cayenne.access.trans,SelectTranslator,,God Class,"pmd,checkstyle",cayenne/framework/cayenne-jdk1.4-unpublished/src/main/java/org/apache/cayenne/access/trans/SelectTranslator.java,cayenne/framework/cayenne-jdk1.4-unpublished/src/main/java/org/apache/cayenne/access/trans/SelectTranslator.java.SelectTranslator..God Class,3.0M1,3.0M1,3.0B1,1
cayenne,3.0M1,org.apache.cayenne.access.trans,SelectTranslator,appendColumn,Complex Method,"designitejava,pmd",cayenne/framework/cayenne-jdk1.4-unpublished/src/main/java/org/apache/cayenne/access/trans/SelectTranslator.java,cayenne/framework/cayenne-jdk1.4-unpublished/src/main/java/org/apache/cayenne/access/trans/SelectTranslator.java.SelectTranslator.appendColumn.Complex Method,3.0M1,3.0M1,3.0B1,1
cayenne,3.0M1,org.apache.cayenne.access.trans,SelectTranslator,appendQueryColumns,Complex Method,"designitejava,pmd,checkstyle",cayenne/framework/cayenne-jdk1.4-unpublished/src/main/java/org/apache/cayenne/access/trans/SelectTranslator.java,cayenne/framework/cayenne-jdk1.4-unpublished/src/main/java/org/apache/cayenne/access/trans/SelectTranslator.java.SelectTranslator.appendQueryColumns.Complex Method,3.0M1,3.0M1,3.0B1,1
cayenne,3.0M1,org.apache.cayenne.access.trans,SelectTranslator,createSqlString,Complex Method,"designitejava,pmd,checkstyle",cayenne/framework/cayenne-jdk1.4-unpublished/src/main/java/org/apache/cayenne/access/trans/SelectTranslator.java,cayenne/framework/cayenne-jdk1.4-unpublished/src/main/java/org/apache/cayenne/access/trans/SelectTranslator.java.SelectTranslator.createSqlString.Complex Method,3.0M1,3.0M1,3.0B1,1
cayenne,3.0M1,org.apache.cayenne.cache,OSQueryCache,init,Complex Method,"designitejava,pmd",cayenne/framework/cayenne-jdk1.4-unpublished/src/main/java/org/apache/cayenne/cache/OSQueryCache.java,cayenne/framework/cayenne-jdk1.4-unpublished/src/main/java/org/apache/cayenne/cache/OSQueryCache.java.OSQueryCache.init.Complex Method,3.0M1,3.0M1,3.0B1,1
cayenne,3.0M1,org.apache.cayenne.conf,ConfigSaver,storeDataNode,Complex Method,"designitejava,pmd",cayenne/framework/cayenne-jdk1.4-unpublished/src/main/java/org/apache/cayenne/conf/ConfigSaver.java,cayenne/framework/cayenne-jdk1.4-unpublished/src/main/java/org/apache/cayenne/conf/ConfigSaver.java.ConfigSaver.storeDataNode.Complex Method,3.0M1,3.0M1,3.0B1,1
cayenne,3.0M1,org.apache.cayenne.conf,ConfigSaver,storeDomain,Complex Method,"designitejava,pmd,checkstyle",cayenne/framework/cayenne-jdk1.4-unpublished/src/main/java/org/apache/cayenne/conf/ConfigSaver.java,cayenne/framework/cayenne-jdk1.4-unpublished/src/main/java/org/apache/cayenne/conf/ConfigSaver.java.ConfigSaver.storeDomain.Complex Method,3.0M1,3.0M1,3.0B1,1
cayenne,3.0M1,org.apache.cayenne.conf,ConfigStatus,describeFailures,Complex Method,"designitejava,pmd,checkstyle",cayenne/framework/cayenne-jdk1.4-unpublished/src/main/java/org/apache/cayenne/conf/ConfigStatus.java,cayenne/framework/cayenne-jdk1.4-unpublished/src/main/java/org/apache/cayenne/conf/ConfigStatus.java.ConfigStatus.describeFailures.Complex Method,3.0M1,3.0M1,3.0B1,1
cayenne,3.0M1,org.apache.cayenne.conf,DriverDataSourceFactory,getDataSource,Feature Envy,"designitejava,checkstyle",cayenne/framework/cayenne-jdk1.4-unpublished/src/main/java/org/apache/cayenne/conf/DriverDataSourceFactory.java,cayenne/framework/cayenne-jdk1.4-unpublished/src/main/java/org/apache/cayenne/conf/DriverDataSourceFactory.java.DriverDataSourceFactory.getDataSource.Feature Envy,3.0M1,3.0M1,3.0B1,1
cayenne,3.0M1,org.apache.cayenne.conn,DataSourceInfo,equals,Complex Method,"designitejava,pmd,checkstyle",cayenne/framework/cayenne-jdk1.4-unpublished/src/main/java/org/apache/cayenne/conn/DataSourceInfo.java,cayenne/framework/cayenne-jdk1.4-unpublished/src/main/java/org/apache/cayenne/conn/DataSourceInfo.java.DataSourceInfo.equals.Complex Method,3.0M1,3.0M1,3.0B1,1
cayenne,3.0M1,org.apache.cayenne.dataview,DataTypeSpec,fromDataType,Complex Method,"designitejava,pmd,checkstyle",cayenne/framework/cayenne-jdk1.4-unpublished/src/main/java/org/apache/cayenne/dataview/DataTypeSpec.java,cayenne/framework/cayenne-jdk1.4-unpublished/src/main/java/org/apache/cayenne/dataview/DataTypeSpec.java.DataTypeSpec.fromDataType.Complex Method,3.0M1,3.0M1,3.0B1,1
cayenne,3.0M1,org.apache.cayenne.dataview,DataTypeSpec,toDataType,Complex Method,"designitejava,pmd,checkstyle",cayenne/framework/cayenne-jdk1.4-unpublished/src/main/java/org/apache/cayenne/dataview/DataTypeSpec.java,cayenne/framework/cayenne-jdk1.4-unpublished/src/main/java/org/apache/cayenne/dataview/DataTypeSpec.java.DataTypeSpec.toDataType.Complex Method,3.0M1,3.0M1,3.0B1,1
cayenne,3.0M1,org.apache.cayenne.dataview,FieldComponentFactory,createFieldEditComponent,Complex Method,"designitejava,pmd",cayenne/framework/cayenne-jdk1.4-unpublished/src/main/java/org/apache/cayenne/dataview/FieldComponentFactory.java,cayenne/framework/cayenne-jdk1.4-unpublished/src/main/java/org/apache/cayenne/dataview/FieldComponentFactory.java.FieldComponentFactory.createFieldEditComponent.Complex Method,3.0M1,3.0M1,3.0B1,1
cayenne,3.0M1,org.apache.cayenne.dataview,MapFormat,parseObject,Complex Method,"designitejava,pmd",cayenne/framework/cayenne-jdk1.4-unpublished/src/main/java/org/apache/cayenne/dataview/MapFormat.java,cayenne/framework/cayenne-jdk1.4-unpublished/src/main/java/org/apache/cayenne/dataview/MapFormat.java.MapFormat.parseObject.Complex Method,3.0M1,3.0M1,3.0B1,1
cayenne,3.0M1,org.apache.cayenne.dba,AutoAdapter,buildAttribute,Long Parameter List,"designitejava,checkstyle",cayenne/framework/cayenne-jdk1.4-unpublished/src/main/java/org/apache/cayenne/dba/AutoAdapter.java,cayenne/framework/cayenne-jdk1.4-unpublished/src/main/java/org/apache/cayenne/dba/AutoAdapter.java.AutoAdapter.buildAttribute.Long Parameter List,3.0M1,3.0M1,3.0B1,1
cayenne,3.0M1,org.apache.cayenne.dba,DbAdapter,buildAttribute,Long Parameter List,"designitejava,checkstyle",cayenne/framework/cayenne-jdk1.4-unpublished/src/main/java/org/apache/cayenne/dba/DbAdapter.java,cayenne/framework/cayenne-jdk1.4-unpublished/src/main/java/org/apache/cayenne/dba/DbAdapter.java.DbAdapter.buildAttribute.Long Parameter List,3.0M1,3.0M1,3.0B1,1
cayenne,3.0M1,org.apache.cayenne.dba,JdbcAdapter,buildAttribute,Long Parameter List,"designitejava,checkstyle",cayenne/framework/cayenne-jdk1.4-unpublished/src/main/java/org/apache/cayenne/dba/JdbcAdapter.java,cayenne/framework/cayenne-jdk1.4-unpublished/src/main/java/org/apache/cayenne/dba/JdbcAdapter.java.JdbcAdapter.buildAttribute.Long Parameter List,3.0M1,3.0M1,3.0B1,1
cayenne,3.0M1,org.apache.cayenne.dba,TypesMapping,TypesMapping,Complex Method,"designitejava,checkstyle",cayenne/framework/cayenne-jdk1.4-unpublished/src/main/java/org/apache/cayenne/dba/TypesMapping.java,cayenne/framework/cayenne-jdk1.4-unpublished/src/main/java/org/apache/cayenne/dba/TypesMapping.java.TypesMapping.TypesMapping.Complex Method,3.0M1,3.0M1,3.0B1,1
cayenne,3.0M1,org.apache.cayenne.dba,TypesMapping,getSqlTypeByJava,Complex Method,"designitejava,pmd,checkstyle",cayenne/framework/cayenne-jdk1.4-unpublished/src/main/java/org/apache/cayenne/dba/TypesMapping.java,cayenne/framework/cayenne-jdk1.4-unpublished/src/main/java/org/apache/cayenne/dba/TypesMapping.java.TypesMapping.getSqlTypeByJava.Complex Method,3.0M1,3.0M1,3.0B1,1
cayenne,3.0M1,org.apache.cayenne.dba,TypesMapping,pickDataType,Complex Method,"designitejava,pmd,checkstyle",cayenne/framework/cayenne-jdk1.4-unpublished/src/main/java/org/apache/cayenne/dba/TypesMapping.java,cayenne/framework/cayenne-jdk1.4-unpublished/src/main/java/org/apache/cayenne/dba/TypesMapping.java.TypesMapping.pickDataType.Complex Method,3.0M1,3.0M1,3.0B1,1
cayenne,3.0M1,org.apache.cayenne.dba.db2,DB2Adapter,createTable,Complex Method,"designitejava,pmd,checkstyle",cayenne/framework/cayenne-jdk1.4-unpublished/src/main/java/org/apache/cayenne/dba/db2/DB2Adapter.java,cayenne/framework/cayenne-jdk1.4-unpublished/src/main/java/org/apache/cayenne/dba/db2/DB2Adapter.java.DB2Adapter.createTable.Complex Method,3.0M1,3.0M1,3.0B1,1
cayenne,3.0M1,org.apache.cayenne.dba.db2,DB2QualifierTranslator,appendLiteralDirect,Complex Method,"designitejava,pmd,checkstyle",cayenne/framework/cayenne-jdk1.4-unpublished/src/main/java/org/apache/cayenne/dba/db2/DB2QualifierTranslator.java,cayenne/framework/cayenne-jdk1.4-unpublished/src/main/java/org/apache/cayenne/dba/db2/DB2QualifierTranslator.java.DB2QualifierTranslator.appendLiteralDirect.Complex Method,3.0M1,3.0M1,3.0B1,1
cayenne,3.0M1,org.apache.cayenne.dba.derby,DerbyAdapter,createTableAppendColumn,Complex Method,"designitejava,pmd,checkstyle",cayenne/framework/cayenne-jdk1.4-unpublished/src/main/java/org/apache/cayenne/dba/derby/DerbyAdapter.java,cayenne/framework/cayenne-jdk1.4-unpublished/src/main/java/org/apache/cayenne/dba/derby/DerbyAdapter.java.DerbyAdapter.createTableAppendColumn.Complex Method,3.0M1,3.0M1,3.0B1,1
cayenne,3.0M1,org.apache.cayenne.dba.frontbase,FrontBaseAdapter,createTable,Complex Method,"designitejava,pmd,checkstyle",cayenne/framework/cayenne-jdk1.4-unpublished/src/main/java/org/apache/cayenne/dba/frontbase/FrontBaseAdapter.java,cayenne/framework/cayenne-jdk1.4-unpublished/src/main/java/org/apache/cayenne/dba/frontbase/FrontBaseAdapter.java.FrontBaseAdapter.createTable.Complex Method,3.0M1,3.0M1,3.0B1,1
cayenne,3.0M1,org.apache.cayenne.dba.ingres,IngresAdapter,createTable,Complex Method,"designitejava,pmd,checkstyle",cayenne/framework/cayenne-jdk1.4-unpublished/src/main/java/org/apache/cayenne/dba/ingres/IngresAdapter.java,cayenne/framework/cayenne-jdk1.4-unpublished/src/main/java/org/apache/cayenne/dba/ingres/IngresAdapter.java.IngresAdapter.createTable.Complex Method,3.0M1,3.0M1,3.0B1,1
cayenne,3.0M1,org.apache.cayenne.dba.mysql,MySQLAdapter,buildAttribute,Complex Method,"designitejava,pmd,checkstyle",cayenne/framework/cayenne-jdk1.4-unpublished/src/main/java/org/apache/cayenne/dba/mysql/MySQLAdapter.java,cayenne/framework/cayenne-jdk1.4-unpublished/src/main/java/org/apache/cayenne/dba/mysql/MySQLAdapter.java.MySQLAdapter.buildAttribute.Complex Method,3.0M1,3.0M1,3.0B1,1
cayenne,3.0M1,org.apache.cayenne.dba.mysql,MySQLAdapter,createTableAppendPKClause,Complex Method,"designitejava,pmd",cayenne/framework/cayenne-jdk1.4-unpublished/src/main/java/org/apache/cayenne/dba/mysql/MySQLAdapter.java,cayenne/framework/cayenne-jdk1.4-unpublished/src/main/java/org/apache/cayenne/dba/mysql/MySQLAdapter.java.MySQLAdapter.createTableAppendPKClause.Complex Method,3.0M1,3.0M1,3.0B1,1
cayenne,3.0M1,org.apache.cayenne.dba.openbase,OpenBaseAdapter,createTable,Complex Method,"designitejava,pmd,checkstyle",cayenne/framework/cayenne-jdk1.4-unpublished/src/main/java/org/apache/cayenne/dba/openbase/OpenBaseAdapter.java,cayenne/framework/cayenne-jdk1.4-unpublished/src/main/java/org/apache/cayenne/dba/openbase/OpenBaseAdapter.java.OpenBaseAdapter.createTable.Complex Method,3.0M1,3.0M1,3.0B1,1
cayenne,3.0M1,org.apache.cayenne.dba.oracle,OracleLOBBatchAction,processLOBRow,Complex Method,"designitejava,pmd,checkstyle",cayenne/framework/cayenne-jdk1.4-unpublished/src/main/java/org/apache/cayenne/dba/oracle/OracleLOBBatchAction.java,cayenne/framework/cayenne-jdk1.4-unpublished/src/main/java/org/apache/cayenne/dba/oracle/OracleLOBBatchAction.java.OracleLOBBatchAction.processLOBRow.Complex Method,3.0M1,3.0M1,3.0B1,1
cayenne,3.0M1,org.apache.cayenne.dba.postgres,PostgresAdapter,createTable,Complex Method,"designitejava,pmd,checkstyle",cayenne/framework/cayenne-jdk1.4-unpublished/src/main/java/org/apache/cayenne/dba/postgres/PostgresAdapter.java,cayenne/framework/cayenne-jdk1.4-unpublished/src/main/java/org/apache/cayenne/dba/postgres/PostgresAdapter.java.PostgresAdapter.createTable.Complex Method,3.0M1,3.0M1,3.0B1,1
cayenne,3.0M1,org.apache.cayenne.ejbql,EJBQLBaseVisitor,,God Class,"pmd,checkstyle",cayenne/framework/cayenne-jdk1.4-unpublished/src/main/java/org/apache/cayenne/ejbql/EJBQLBaseVisitor.java,cayenne/framework/cayenne-jdk1.4-unpublished/src/main/java/org/apache/cayenne/ejbql/EJBQLBaseVisitor.java.EJBQLBaseVisitor..God Class,3.0M1,3.0M1,3.0B1,1
cayenne,3.0M1,org.apache.cayenne.ejbql,EJBQLExpressionVisitor,,God Class,"pmd,checkstyle",cayenne/framework/cayenne-jdk1.4-unpublished/src/main/java/org/apache/cayenne/ejbql/EJBQLExpressionVisitor.java,cayenne/framework/cayenne-jdk1.4-unpublished/src/main/java/org/apache/cayenne/ejbql/EJBQLExpressionVisitor.java.EJBQLExpressionVisitor..God Class,3.0M1,3.0M1,3.0B1,1
cayenne,3.0M1,org.apache.cayenne.event,EventManager,addListener,Long Parameter List,"designitejava,checkstyle",cayenne/framework/cayenne-jdk1.4-unpublished/src/main/java/org/apache/cayenne/event/EventManager.java,cayenne/framework/cayenne-jdk1.4-unpublished/src/main/java/org/apache/cayenne/event/EventManager.java.EventManager.addListener.Long Parameter List,3.0M1,3.0M1,3.0B1,1
cayenne,3.0M1,org.apache.cayenne.event,JMSBridge,shutdownExternal,Complex Method,"pmd,checkstyle",cayenne/framework/cayenne-jdk1.4-unpublished/src/main/java/org/apache/cayenne/event/JMSBridge.java,cayenne/framework/cayenne-jdk1.4-unpublished/src/main/java/org/apache/cayenne/event/JMSBridge.java.JMSBridge.shutdownExternal.Complex Method,3.0M1,3.0M1,3.0B1,1
cayenne,3.0M1,org.apache.cayenne.exp,Expression,expName,Complex Method,"designitejava,checkstyle",cayenne/framework/cayenne-jdk1.4-unpublished/src/main/java/org/apache/cayenne/exp/Expression.java,cayenne/framework/cayenne-jdk1.4-unpublished/src/main/java/org/apache/cayenne/exp/Expression.java.Expression.expName.Complex Method,3.0M1,3.0M1,3.0B1,1
cayenne,3.0M1,org.apache.cayenne.exp.parser,ExpressionParser,,God Class,"pmd,checkstyle",cayenne/framework/cayenne-jdk1.4-unpublished/src/main/java/org/apache/cayenne/exp/parser/ExpressionParser.java,cayenne/framework/cayenne-jdk1.4-unpublished/src/main/java/org/apache/cayenne/exp/parser/ExpressionParser.java.ExpressionParser..God Class,3.0M1,3.0M1,3.0B1,1
cayenne,3.0M1,org.apache.cayenne.exp.parser,ExpressionParser,andCondition,Complex Method,"designitejava,pmd,checkstyle",cayenne/framework/cayenne-jdk1.4-unpublished/src/main/java/org/apache/cayenne/exp/parser/ExpressionParser.java,cayenne/framework/cayenne-jdk1.4-unpublished/src/main/java/org/apache/cayenne/exp/parser/ExpressionParser.java.ExpressionParser.andCondition.Complex Method,3.0M1,3.0M1,3.0B1,1
cayenne,3.0M1,org.apache.cayenne.exp.parser,ExpressionParser,generateParseException,Complex Method,"designitejava,pmd,checkstyle",cayenne/framework/cayenne-jdk1.4-unpublished/src/main/java/org/apache/cayenne/exp/parser/ExpressionParser.java,cayenne/framework/cayenne-jdk1.4-unpublished/src/main/java/org/apache/cayenne/exp/parser/ExpressionParser.java.ExpressionParser.generateParseException.Complex Method,3.0M1,3.0M1,3.0B1,1
cayenne,3.0M1,org.apache.cayenne.exp.parser,ExpressionParser,multiplySubtractExp,Complex Method,"designitejava,pmd,checkstyle",cayenne/framework/cayenne-jdk1.4-unpublished/src/main/java/org/apache/cayenne/exp/parser/ExpressionParser.java,cayenne/framework/cayenne-jdk1.4-unpublished/src/main/java/org/apache/cayenne/exp/parser/ExpressionParser.java.ExpressionParser.multiplySubtractExp.Complex Method,3.0M1,3.0M1,3.0B1,1
cayenne,3.0M1,org.apache.cayenne.exp.parser,ExpressionParser,notCondition,Complex Method,"designitejava,pmd,checkstyle",cayenne/framework/cayenne-jdk1.4-unpublished/src/main/java/org/apache/cayenne/exp/parser/ExpressionParser.java,cayenne/framework/cayenne-jdk1.4-unpublished/src/main/java/org/apache/cayenne/exp/parser/ExpressionParser.java.ExpressionParser.notCondition.Complex Method,3.0M1,3.0M1,3.0B1,1
cayenne,3.0M1,org.apache.cayenne.exp.parser,ExpressionParser,numericTerm,Complex Method,"designitejava,pmd,checkstyle",cayenne/framework/cayenne-jdk1.4-unpublished/src/main/java/org/apache/cayenne/exp/parser/ExpressionParser.java,cayenne/framework/cayenne-jdk1.4-unpublished/src/main/java/org/apache/cayenne/exp/parser/ExpressionParser.java.ExpressionParser.numericTerm.Complex Method,3.0M1,3.0M1,3.0B1,1
cayenne,3.0M1,org.apache.cayenne.exp.parser,ExpressionParser,orCondition,Complex Method,"designitejava,pmd,checkstyle",cayenne/framework/cayenne-jdk1.4-unpublished/src/main/java/org/apache/cayenne/exp/parser/ExpressionParser.java,cayenne/framework/cayenne-jdk1.4-unpublished/src/main/java/org/apache/cayenne/exp/parser/ExpressionParser.java.ExpressionParser.orCondition.Complex Method,3.0M1,3.0M1,3.0B1,1
cayenne,3.0M1,org.apache.cayenne.exp.parser,ExpressionParser,scalarCommaList,Complex Method,"designitejava,pmd,checkstyle",cayenne/framework/cayenne-jdk1.4-unpublished/src/main/java/org/apache/cayenne/exp/parser/ExpressionParser.java,cayenne/framework/cayenne-jdk1.4-unpublished/src/main/java/org/apache/cayenne/exp/parser/ExpressionParser.java.ExpressionParser.scalarCommaList.Complex Method,3.0M1,3.0M1,3.0B1,1
cayenne,3.0M1,org.apache.cayenne.exp.parser,ExpressionParser,scalarConstExpression,Complex Method,"designitejava,checkstyle",cayenne/framework/cayenne-jdk1.4-unpublished/src/main/java/org/apache/cayenne/exp/parser/ExpressionParser.java,cayenne/framework/cayenne-jdk1.4-unpublished/src/main/java/org/apache/cayenne/exp/parser/ExpressionParser.java.ExpressionParser.scalarConstExpression.Complex Method,3.0M1,3.0M1,3.0B1,1
cayenne,3.0M1,org.apache.cayenne.exp.parser,ExpressionParser,scalarNumericExpression,Complex Method,"designitejava,pmd,checkstyle",cayenne/framework/cayenne-jdk1.4-unpublished/src/main/java/org/apache/cayenne/exp/parser/ExpressionParser.java,cayenne/framework/cayenne-jdk1.4-unpublished/src/main/java/org/apache/cayenne/exp/parser/ExpressionParser.java.ExpressionParser.scalarNumericExpression.Complex Method,3.0M1,3.0M1,3.0B1,1
cayenne,3.0M1,org.apache.cayenne.exp.parser,ExpressionParser,simpleCondition,Complex Method,"designitejava,pmd,checkstyle",cayenne/framework/cayenne-jdk1.4-unpublished/src/main/java/org/apache/cayenne/exp/parser/ExpressionParser.java,cayenne/framework/cayenne-jdk1.4-unpublished/src/main/java/org/apache/cayenne/exp/parser/ExpressionParser.java.ExpressionParser.simpleCondition.Complex Method,3.0M1,3.0M1,3.0B1,1
cayenne,3.0M1,org.apache.cayenne.exp.parser,ExpressionParser,simpleNotCondition,Complex Method,"designitejava,pmd,checkstyle",cayenne/framework/cayenne-jdk1.4-unpublished/src/main/java/org/apache/cayenne/exp/parser/ExpressionParser.java,cayenne/framework/cayenne-jdk1.4-unpublished/src/main/java/org/apache/cayenne/exp/parser/ExpressionParser.java.ExpressionParser.simpleNotCondition.Complex Method,3.0M1,3.0M1,3.0B1,1
cayenne,3.0M1,org.apache.cayenne.exp.parser,ExpressionParserTokenManager,,God Class,"pmd,checkstyle",cayenne/framework/cayenne-jdk1.4-unpublished/src/main/java/org/apache/cayenne/exp/parser/ExpressionParserTokenManager.java,cayenne/framework/cayenne-jdk1.4-unpublished/src/main/java/org/apache/cayenne/exp/parser/ExpressionParserTokenManager.java.ExpressionParserTokenManager..God Class,3.0M1,3.0M1,3.0B1,1
cayenne,3.0M1,org.apache.cayenne.exp.parser,ExpressionParserTokenManager,MoreLexicalActions,Complex Method,"designitejava,checkstyle",cayenne/framework/cayenne-jdk1.4-unpublished/src/main/java/org/apache/cayenne/exp/parser/ExpressionParserTokenManager.java,cayenne/framework/cayenne-jdk1.4-unpublished/src/main/java/org/apache/cayenne/exp/parser/ExpressionParserTokenManager.java.ExpressionParserTokenManager.MoreLexicalActions.Complex Method,3.0M1,3.0M1,3.0B1,1
cayenne,3.0M1,org.apache.cayenne.exp.parser,ExpressionParserTokenManager,escapeChar,Complex Method,"designitejava,checkstyle",cayenne/framework/cayenne-jdk1.4-unpublished/src/main/java/org/apache/cayenne/exp/parser/ExpressionParserTokenManager.java,cayenne/framework/cayenne-jdk1.4-unpublished/src/main/java/org/apache/cayenne/exp/parser/ExpressionParserTokenManager.java.ExpressionParserTokenManager.escapeChar.Complex Method,3.0M1,3.0M1,3.0B1,1
cayenne,3.0M1,org.apache.cayenne.exp.parser,ExpressionParserTokenManager,getNextToken,Complex Method,"designitejava,pmd,checkstyle",cayenne/framework/cayenne-jdk1.4-unpublished/src/main/java/org/apache/cayenne/exp/parser/ExpressionParserTokenManager.java,cayenne/framework/cayenne-jdk1.4-unpublished/src/main/java/org/apache/cayenne/exp/parser/ExpressionParserTokenManager.java.ExpressionParserTokenManager.getNextToken.Complex Method,3.0M1,3.0M1,3.0B1,1
cayenne,3.0M1,org.apache.cayenne.exp.parser,ExpressionParserTokenManager,jjMoveNfa_0,Complex Method,"designitejava,pmd,checkstyle",cayenne/framework/cayenne-jdk1.4-unpublished/src/main/java/org/apache/cayenne/exp/parser/ExpressionParserTokenManager.java,cayenne/framework/cayenne-jdk1.4-unpublished/src/main/java/org/apache/cayenne/exp/parser/ExpressionParserTokenManager.java.ExpressionParserTokenManager.jjMoveNfa_0.Complex Method,3.0M1,3.0M1,3.0B1,1
cayenne,3.0M1,org.apache.cayenne.exp.parser,ExpressionParserTokenManager,jjMoveNfa_1,Complex Method,"designitejava,pmd,checkstyle",cayenne/framework/cayenne-jdk1.4-unpublished/src/main/java/org/apache/cayenne/exp/parser/ExpressionParserTokenManager.java,cayenne/framework/cayenne-jdk1.4-unpublished/src/main/java/org/apache/cayenne/exp/parser/ExpressionParserTokenManager.java.ExpressionParserTokenManager.jjMoveNfa_1.Complex Method,3.0M1,3.0M1,3.0B1,1
cayenne,3.0M1,org.apache.cayenne.exp.parser,ExpressionParserTokenManager,jjMoveNfa_2,Complex Method,"designitejava,pmd,checkstyle",cayenne/framework/cayenne-jdk1.4-unpublished/src/main/java/org/apache/cayenne/exp/parser/ExpressionParserTokenManager.java,cayenne/framework/cayenne-jdk1.4-unpublished/src/main/java/org/apache/cayenne/exp/parser/ExpressionParserTokenManager.java.ExpressionParserTokenManager.jjMoveNfa_2.Complex Method,3.0M1,3.0M1,3.0B1,1
cayenne,3.0M1,org.apache.cayenne.exp.parser,ExpressionParserTokenManager,jjMoveStringLiteralDfa0_0,Complex Method,"designitejava,checkstyle",cayenne/framework/cayenne-jdk1.4-unpublished/src/main/java/org/apache/cayenne/exp/parser/ExpressionParserTokenManager.java,cayenne/framework/cayenne-jdk1.4-unpublished/src/main/java/org/apache/cayenne/exp/parser/ExpressionParserTokenManager.java.ExpressionParserTokenManager.jjMoveStringLiteralDfa0_0.Complex Method,3.0M1,3.0M1,3.0B1,1
cayenne,3.0M1,org.apache.cayenne.exp.parser,ExpressionParserTokenManager,jjMoveStringLiteralDfa1_0,Complex Method,"designitejava,checkstyle",cayenne/framework/cayenne-jdk1.4-unpublished/src/main/java/org/apache/cayenne/exp/parser/ExpressionParserTokenManager.java,cayenne/framework/cayenne-jdk1.4-unpublished/src/main/java/org/apache/cayenne/exp/parser/ExpressionParserTokenManager.java.ExpressionParserTokenManager.jjMoveStringLiteralDfa1_0.Complex Method,3.0M1,3.0M1,3.0B1,1
cayenne,3.0M1,org.apache.cayenne.exp.parser,ExpressionParserTokenManager,jjMoveStringLiteralDfa2_0,Complex Method,"designitejava,checkstyle",cayenne/framework/cayenne-jdk1.4-unpublished/src/main/java/org/apache/cayenne/exp/parser/ExpressionParserTokenManager.java,cayenne/framework/cayenne-jdk1.4-unpublished/src/main/java/org/apache/cayenne/exp/parser/ExpressionParserTokenManager.java.ExpressionParserTokenManager.jjMoveStringLiteralDfa2_0.Complex Method,3.0M1,3.0M1,3.0B1,1
cayenne,3.0M1,org.apache.cayenne.exp.parser,ExpressionParserTokenManager,jjStopStringLiteralDfa_0,Complex Method,"designitejava,pmd,checkstyle",cayenne/framework/cayenne-jdk1.4-unpublished/src/main/java/org/apache/cayenne/exp/parser/ExpressionParserTokenManager.java,cayenne/framework/cayenne-jdk1.4-unpublished/src/main/java/org/apache/cayenne/exp/parser/ExpressionParserTokenManager.java.ExpressionParserTokenManager.jjStopStringLiteralDfa_0.Complex Method,3.0M1,3.0M1,3.0B1,1
cayenne,3.0M1,org.apache.cayenne.exp.parser,JavaCharStream,,God Class,"pmd,checkstyle",cayenne/framework/cayenne-jdk1.4-unpublished/src/main/java/org/apache/cayenne/exp/parser/JavaCharStream.java,cayenne/framework/cayenne-jdk1.4-unpublished/src/main/java/org/apache/cayenne/exp/parser/JavaCharStream.java.JavaCharStream..God Class,3.0M1,3.0M1,3.0B1,1
cayenne,3.0M1,org.apache.cayenne.exp.parser,JavaCharStream,hexval,Complex Method,"designitejava,checkstyle",cayenne/framework/cayenne-jdk1.4-unpublished/src/main/java/org/apache/cayenne/exp/parser/JavaCharStream.java,cayenne/framework/cayenne-jdk1.4-unpublished/src/main/java/org/apache/cayenne/exp/parser/JavaCharStream.java.JavaCharStream.hexval.Complex Method,3.0M1,3.0M1,3.0B1,1
cayenne,3.0M1,org.apache.cayenne.exp.parser,JavaCharStream,readChar,Complex Method,"designitejava,pmd,checkstyle",cayenne/framework/cayenne-jdk1.4-unpublished/src/main/java/org/apache/cayenne/exp/parser/JavaCharStream.java,cayenne/framework/cayenne-jdk1.4-unpublished/src/main/java/org/apache/cayenne/exp/parser/JavaCharStream.java.JavaCharStream.readChar.Complex Method,3.0M1,3.0M1,3.0B1,1
cayenne,3.0M1,org.apache.cayenne.exp.parser,ParseException,add_escapes,Complex Method,"designitejava,checkstyle",cayenne/framework/cayenne-jdk1.4-unpublished/src/main/java/org/apache/cayenne/exp/parser/ParseException.java,cayenne/framework/cayenne-jdk1.4-unpublished/src/main/java/org/apache/cayenne/exp/parser/ParseException.java.ParseException.add_escapes.Complex Method,3.0M1,3.0M1,3.0B1,1
cayenne,3.0M1,org.apache.cayenne.exp.parser,ParseException,getMessage,Complex Method,"designitejava,pmd",cayenne/framework/cayenne-jdk1.4-unpublished/src/main/java/org/apache/cayenne/exp/parser/ParseException.java,cayenne/framework/cayenne-jdk1.4-unpublished/src/main/java/org/apache/cayenne/exp/parser/ParseException.java.ParseException.getMessage.Complex Method,3.0M1,3.0M1,3.0B1,1
cayenne,3.0M1,org.apache.cayenne.exp.parser,SimpleNode,flattenTree,Complex Method,"designitejava,pmd",cayenne/framework/cayenne-jdk1.4-unpublished/src/main/java/org/apache/cayenne/exp/parser/SimpleNode.java,cayenne/framework/cayenne-jdk1.4-unpublished/src/main/java/org/apache/cayenne/exp/parser/SimpleNode.java.SimpleNode.flattenTree.Complex Method,3.0M1,3.0M1,3.0B1,1
cayenne,3.0M1,org.apache.cayenne.exp.parser,TokenMgrError,LexicalError,Long Parameter List,"designitejava,checkstyle",cayenne/framework/cayenne-jdk1.4-unpublished/src/main/java/org/apache/cayenne/exp/parser/TokenMgrError.java,cayenne/framework/cayenne-jdk1.4-unpublished/src/main/java/org/apache/cayenne/exp/parser/TokenMgrError.java.TokenMgrError.LexicalError.Long Parameter List,3.0M1,3.0M1,3.0B1,1
cayenne,3.0M1,org.apache.cayenne.exp.parser,TokenMgrError,addEscapes,Complex Method,"designitejava,checkstyle",cayenne/framework/cayenne-jdk1.4-unpublished/src/main/java/org/apache/cayenne/exp/parser/TokenMgrError.java,cayenne/framework/cayenne-jdk1.4-unpublished/src/main/java/org/apache/cayenne/exp/parser/TokenMgrError.java.TokenMgrError.addEscapes.Complex Method,3.0M1,3.0M1,3.0B1,1
cayenne,3.0M1,org.apache.cayenne.gen,ClassGenerator,generateClass,Long Parameter List,"designitejava,checkstyle",cayenne/framework/cayenne-jdk1.4-unpublished/src/main/java/org/apache/cayenne/gen/ClassGenerator.java,cayenne/framework/cayenne-jdk1.4-unpublished/src/main/java/org/apache/cayenne/gen/ClassGenerator.java.ClassGenerator.generateClass.Long Parameter List,3.0M1,3.0M1,3.0B1,1
cayenne,3.0M1,org.apache.cayenne.gen,ImportUtils,generate,Complex Method,"designitejava,pmd",cayenne/framework/cayenne-jdk1.4-unpublished/src/main/java/org/apache/cayenne/gen/ImportUtils.java,cayenne/framework/cayenne-jdk1.4-unpublished/src/main/java/org/apache/cayenne/gen/ImportUtils.java.ImportUtils.generate.Complex Method,3.0M1,3.0M1,3.0B1,1
cayenne,3.0M1,org.apache.cayenne.gen,MapClassGenerator,,God Class,"pmd,checkstyle",cayenne/framework/cayenne-jdk1.4-unpublished/src/main/java/org/apache/cayenne/gen/MapClassGenerator.java,cayenne/framework/cayenne-jdk1.4-unpublished/src/main/java/org/apache/cayenne/gen/MapClassGenerator.java.MapClassGenerator..God Class,3.0M1,3.0M1,3.0B1,1
cayenne,3.0M1,org.apache.cayenne.gen,MapClassGenerator,initClassGenerator_1_1,Complex Method,"pmd,checkstyle",cayenne/framework/cayenne-jdk1.4-unpublished/src/main/java/org/apache/cayenne/gen/MapClassGenerator.java,cayenne/framework/cayenne-jdk1.4-unpublished/src/main/java/org/apache/cayenne/gen/MapClassGenerator.java.MapClassGenerator.initClassGenerator_1_1.Complex Method,3.0M1,3.0M1,3.0B1,1
cayenne,3.0M1,org.apache.cayenne.map,AshwoodEntitySorter,sortObjectsForEntity,Complex Method,"designitejava,pmd,checkstyle",cayenne/framework/cayenne-jdk1.4-unpublished/src/main/java/org/apache/cayenne/map/AshwoodEntitySorter.java,cayenne/framework/cayenne-jdk1.4-unpublished/src/main/java/org/apache/cayenne/map/AshwoodEntitySorter.java.AshwoodEntitySorter.sortObjectsForEntity.Complex Method,3.0M1,3.0M1,3.0B1,1
cayenne,3.0M1,org.apache.cayenne.map,DataMap,,God Class,"pmd,checkstyle",cayenne/framework/cayenne-jdk1.4-unpublished/src/main/java/org/apache/cayenne/map/DataMap.java,cayenne/framework/cayenne-jdk1.4-unpublished/src/main/java/org/apache/cayenne/map/DataMap.java.DataMap..God Class,3.0M1,3.0M1,3.0B1,1
cayenne,3.0M1,org.apache.cayenne.map,DataMap,encodeAsXML,Complex Method,"designitejava,pmd,checkstyle",cayenne/framework/cayenne-jdk1.4-unpublished/src/main/java/org/apache/cayenne/map/DataMap.java,cayenne/framework/cayenne-jdk1.4-unpublished/src/main/java/org/apache/cayenne/map/DataMap.java.DataMap.encodeAsXML.Complex Method,3.0M1,3.0M1,3.0B1,1
cayenne,3.0M1,org.apache.cayenne.map,DataMap,removeDbEntity,Complex Method,"designitejava,pmd,checkstyle",cayenne/framework/cayenne-jdk1.4-unpublished/src/main/java/org/apache/cayenne/map/DataMap.java,cayenne/framework/cayenne-jdk1.4-unpublished/src/main/java/org/apache/cayenne/map/DataMap.java.DataMap.removeDbEntity.Complex Method,3.0M1,3.0M1,3.0B1,1
cayenne,3.0M1,org.apache.cayenne.map,DbEntity,,God Class,"pmd,checkstyle",cayenne/framework/cayenne-jdk1.4-unpublished/src/main/java/org/apache/cayenne/map/DbEntity.java,cayenne/framework/cayenne-jdk1.4-unpublished/src/main/java/org/apache/cayenne/map/DbEntity.java.DbEntity..God Class,3.0M1,3.0M1,3.0B1,1
cayenne,3.0M1,org.apache.cayenne.map,DbEntity,dbEntityChanged,Complex Method,"designitejava,pmd,checkstyle",cayenne/framework/cayenne-jdk1.4-unpublished/src/main/java/org/apache/cayenne/map/DbEntity.java,cayenne/framework/cayenne-jdk1.4-unpublished/src/main/java/org/apache/cayenne/map/DbEntity.java.DbEntity.dbEntityChanged.Complex Method,3.0M1,3.0M1,3.0B1,1
cayenne,3.0M1,org.apache.cayenne.map,DbEntity,dbRelationshipChanged,Complex Method,"designitejava,pmd",cayenne/framework/cayenne-jdk1.4-unpublished/src/main/java/org/apache/cayenne/map/DbEntity.java,cayenne/framework/cayenne-jdk1.4-unpublished/src/main/java/org/apache/cayenne/map/DbEntity.java.DbEntity.dbRelationshipChanged.Complex Method,3.0M1,3.0M1,3.0B1,1
cayenne,3.0M1,org.apache.cayenne.map,DbEntity,handleAttributeUpdate,Complex Method,"designitejava,pmd,checkstyle",cayenne/framework/cayenne-jdk1.4-unpublished/src/main/java/org/apache/cayenne/map/DbEntity.java,cayenne/framework/cayenne-jdk1.4-unpublished/src/main/java/org/apache/cayenne/map/DbEntity.java.DbEntity.handleAttributeUpdate.Complex Method,3.0M1,3.0M1,3.0B1,1
cayenne,3.0M1,org.apache.cayenne.map,DbRelationship,getReverseRelationship,Complex Method,"designitejava,pmd",cayenne/framework/cayenne-jdk1.4-unpublished/src/main/java/org/apache/cayenne/map/DbRelationship.java,cayenne/framework/cayenne-jdk1.4-unpublished/src/main/java/org/apache/cayenne/map/DbRelationship.java.DbRelationship.getReverseRelationship.Complex Method,3.0M1,3.0M1,3.0B1,1
cayenne,3.0M1,org.apache.cayenne.map,DbRelationship,targetPkSnapshotWithSrcSnapshot,Complex Method,"designitejava,pmd",cayenne/framework/cayenne-jdk1.4-unpublished/src/main/java/org/apache/cayenne/map/DbRelationship.java,cayenne/framework/cayenne-jdk1.4-unpublished/src/main/java/org/apache/cayenne/map/DbRelationship.java.DbRelationship.targetPkSnapshotWithSrcSnapshot.Complex Method,3.0M1,3.0M1,3.0B1,1
cayenne,3.0M1,org.apache.cayenne.map,DerivedDbAttribute,encodeAsXML,Complex Method,"designitejava,checkstyle",cayenne/framework/cayenne-jdk1.4-unpublished/src/main/java/org/apache/cayenne/map/DerivedDbAttribute.java,cayenne/framework/cayenne-jdk1.4-unpublished/src/main/java/org/apache/cayenne/map/DerivedDbAttribute.java.DerivedDbAttribute.encodeAsXML.Complex Method,3.0M1,3.0M1,3.0B1,1
cayenne,3.0M1,org.apache.cayenne.map,EntityResolver,,God Class,"pmd,checkstyle",cayenne/framework/cayenne-jdk1.4-unpublished/src/main/java/org/apache/cayenne/map/EntityResolver.java,cayenne/framework/cayenne-jdk1.4-unpublished/src/main/java/org/apache/cayenne/map/EntityResolver.java.EntityResolver..God Class,3.0M1,3.0M1,3.0B1,1
cayenne,3.0M1,org.apache.cayenne.map,EntityResolver,constructCache,Complex Method,"designitejava,pmd,checkstyle",cayenne/framework/cayenne-jdk1.4-unpublished/src/main/java/org/apache/cayenne/map/EntityResolver.java,cayenne/framework/cayenne-jdk1.4-unpublished/src/main/java/org/apache/cayenne/map/EntityResolver.java.EntityResolver.constructCache.Complex Method,3.0M1,3.0M1,3.0B1,1
cayenne,3.0M1,org.apache.cayenne.map,EntityResolver,initCallbacks,Complex Method,"designitejava,pmd,checkstyle",cayenne/framework/cayenne-jdk1.4-unpublished/src/main/java/org/apache/cayenne/map/EntityResolver.java,cayenne/framework/cayenne-jdk1.4-unpublished/src/main/java/org/apache/cayenne/map/EntityResolver.java.EntityResolver.initCallbacks.Complex Method,3.0M1,3.0M1,3.0B1,1
cayenne,3.0M1,org.apache.cayenne.map,MapLoader,,God Class,"pmd,checkstyle",cayenne/framework/cayenne-jdk1.4-unpublished/src/main/java/org/apache/cayenne/map/MapLoader.java,cayenne/framework/cayenne-jdk1.4-unpublished/src/main/java/org/apache/cayenne/map/MapLoader.java.MapLoader..God Class,3.0M1,3.0M1,3.0B1,1
cayenne,3.0M1,org.apache.cayenne.map,MapLoader,processStartDerivedDbAttribute,Complex Method,"designitejava,checkstyle",cayenne/framework/cayenne-jdk1.4-unpublished/src/main/java/org/apache/cayenne/map/MapLoader.java,cayenne/framework/cayenne-jdk1.4-unpublished/src/main/java/org/apache/cayenne/map/MapLoader.java.MapLoader.processStartDerivedDbAttribute.Complex Method,3.0M1,3.0M1,3.0B1,1
cayenne,3.0M1,org.apache.cayenne.map,ObjEntity,,God Class,"pmd,checkstyle",cayenne/framework/cayenne-jdk1.4-unpublished/src/main/java/org/apache/cayenne/map/ObjEntity.java,cayenne/framework/cayenne-jdk1.4-unpublished/src/main/java/org/apache/cayenne/map/ObjEntity.java.ObjEntity..God Class,3.0M1,3.0M1,3.0B1,1
cayenne,3.0M1,org.apache.cayenne.map,ObjEntity,encodeAsXML,Complex Method,"designitejava,checkstyle",cayenne/framework/cayenne-jdk1.4-unpublished/src/main/java/org/apache/cayenne/map/ObjEntity.java,cayenne/framework/cayenne-jdk1.4-unpublished/src/main/java/org/apache/cayenne/map/ObjEntity.java.ObjEntity.encodeAsXML.Complex Method,3.0M1,3.0M1,3.0B1,1
cayenne,3.0M1,org.apache.cayenne.map,ObjRelationship,,God Class,"pmd,checkstyle",cayenne/framework/cayenne-jdk1.4-unpublished/src/main/java/org/apache/cayenne/map/ObjRelationship.java,cayenne/framework/cayenne-jdk1.4-unpublished/src/main/java/org/apache/cayenne/map/ObjRelationship.java.ObjRelationship..God Class,3.0M1,3.0M1,3.0B1,1
cayenne,3.0M1,org.apache.cayenne.map,ObjRelationship,getReverseRelationship,Complex Method,"designitejava,pmd",cayenne/framework/cayenne-jdk1.4-unpublished/src/main/java/org/apache/cayenne/map/ObjRelationship.java,cayenne/framework/cayenne-jdk1.4-unpublished/src/main/java/org/apache/cayenne/map/ObjRelationship.java.ObjRelationship.getReverseRelationship.Complex Method,3.0M1,3.0M1,3.0B1,1
cayenne,3.0M1,org.apache.cayenne.project,ApplicationProject,loadProject,Feature Envy,"designitejava,checkstyle",cayenne/framework/cayenne-jdk1.4-unpublished/src/main/java/org/apache/cayenne/project/ApplicationProject.java,cayenne/framework/cayenne-jdk1.4-unpublished/src/main/java/org/apache/cayenne/project/ApplicationProject.java.ApplicationProject.loadProject.Feature Envy,3.0M1,3.0M1,3.0B1,1
cayenne,3.0M1,org.apache.cayenne.project,ProjectConfigurator,reconfigureProject,Complex Method,"designitejava,pmd,checkstyle",cayenne/framework/cayenne-jdk1.4-unpublished/src/main/java/org/apache/cayenne/project/ProjectConfigurator.java,cayenne/framework/cayenne-jdk1.4-unpublished/src/main/java/org/apache/cayenne/project/ProjectConfigurator.java.ProjectConfigurator.reconfigureProject.Complex Method,3.0M1,3.0M1,3.0B1,1
cayenne,3.0M1,org.apache.cayenne.project,ProjectTraversal,traverse,Complex Method,"designitejava,pmd",cayenne/framework/cayenne-jdk1.4-unpublished/src/main/java/org/apache/cayenne/project/ProjectTraversal.java,cayenne/framework/cayenne-jdk1.4-unpublished/src/main/java/org/apache/cayenne/project/ProjectTraversal.java.ProjectTraversal.traverse.Complex Method,3.0M1,3.0M1,3.0B1,1
cayenne,3.0M1,org.apache.cayenne.project.validator,DbAttributeValidator,validateObject,Complex Method,"designitejava,pmd,checkstyle",cayenne/framework/cayenne-jdk1.4-unpublished/src/main/java/org/apache/cayenne/project/validator/DbAttributeValidator.java,cayenne/framework/cayenne-jdk1.4-unpublished/src/main/java/org/apache/cayenne/project/validator/DbAttributeValidator.java.DbAttributeValidator.validateObject.Complex Method,3.0M1,3.0M1,3.0B1,1
cayenne,3.0M1,org.apache.cayenne.project.validator,DbRelationshipValidator,validateObject,Complex Method,"designitejava,pmd,checkstyle",cayenne/framework/cayenne-jdk1.4-unpublished/src/main/java/org/apache/cayenne/project/validator/DbRelationshipValidator.java,cayenne/framework/cayenne-jdk1.4-unpublished/src/main/java/org/apache/cayenne/project/validator/DbRelationshipValidator.java.DbRelationshipValidator.validateObject.Complex Method,3.0M1,3.0M1,3.0B1,1
cayenne,3.0M1,org.apache.cayenne.project.validator,ObjEntityValidator,validateName,Complex Method,"designitejava,pmd,checkstyle",cayenne/framework/cayenne-jdk1.4-unpublished/src/main/java/org/apache/cayenne/project/validator/ObjEntityValidator.java,cayenne/framework/cayenne-jdk1.4-unpublished/src/main/java/org/apache/cayenne/project/validator/ObjEntityValidator.java.ObjEntityValidator.validateName.Complex Method,3.0M1,3.0M1,3.0B1,1
cayenne,3.0M1,org.apache.cayenne.project.validator,ObjRelationshipValidator,validateObject,Complex Method,"designitejava,pmd,checkstyle",cayenne/framework/cayenne-jdk1.4-unpublished/src/main/java/org/apache/cayenne/project/validator/ObjRelationshipValidator.java,cayenne/framework/cayenne-jdk1.4-unpublished/src/main/java/org/apache/cayenne/project/validator/ObjRelationshipValidator.java.ObjRelationshipValidator.validateObject.Complex Method,3.0M1,3.0M1,3.0B1,1
cayenne,3.0M1,org.apache.cayenne.project.validator,TreeNodeValidator,validate,Complex Method,"designitejava,pmd,checkstyle",cayenne/framework/cayenne-jdk1.4-unpublished/src/main/java/org/apache/cayenne/project/validator/TreeNodeValidator.java,cayenne/framework/cayenne-jdk1.4-unpublished/src/main/java/org/apache/cayenne/project/validator/TreeNodeValidator.java.TreeNodeValidator.validate.Complex Method,3.0M1,3.0M1,3.0B1,1
cayenne,3.0M1,org.apache.cayenne.query,BaseQueryMetadata,encodeAsXML,Complex Method,"designitejava,checkstyle",cayenne/framework/cayenne-jdk1.4-unpublished/src/main/java/org/apache/cayenne/query/BaseQueryMetadata.java,cayenne/framework/cayenne-jdk1.4-unpublished/src/main/java/org/apache/cayenne/query/BaseQueryMetadata.java.BaseQueryMetadata.encodeAsXML.Complex Method,3.0M1,3.0M1,3.0B1,1
cayenne,3.0M1,org.apache.cayenne.query,BaseQueryMetadata,resolve,Complex Method,"designitejava,pmd,checkstyle",cayenne/framework/cayenne-jdk1.4-unpublished/src/main/java/org/apache/cayenne/query/BaseQueryMetadata.java,cayenne/framework/cayenne-jdk1.4-unpublished/src/main/java/org/apache/cayenne/query/BaseQueryMetadata.java.BaseQueryMetadata.resolve.Complex Method,3.0M1,3.0M1,3.0B1,1
cayenne,3.0M1,org.apache.cayenne.query,NamedQuery,equals,Complex Method,"designitejava,pmd,checkstyle",cayenne/framework/cayenne-jdk1.4-unpublished/src/main/java/org/apache/cayenne/query/NamedQuery.java,cayenne/framework/cayenne-jdk1.4-unpublished/src/main/java/org/apache/cayenne/query/NamedQuery.java.NamedQuery.equals.Complex Method,3.0M1,3.0M1,3.0B1,1
cayenne,3.0M1,org.apache.cayenne.query,ObjectIdQuery,createReplacementQuery,Feature Envy,"designitejava,checkstyle",cayenne/framework/cayenne-jdk1.4-unpublished/src/main/java/org/apache/cayenne/query/ObjectIdQuery.java,cayenne/framework/cayenne-jdk1.4-unpublished/src/main/java/org/apache/cayenne/query/ObjectIdQuery.java.ObjectIdQuery.createReplacementQuery.Feature Envy,3.0M1,3.0M1,3.0B1,1
cayenne,3.0M1,org.apache.cayenne.query,ProcedureQueryMetadata,resolve,Complex Method,"designitejava,pmd,checkstyle",cayenne/framework/cayenne-jdk1.4-unpublished/src/main/java/org/apache/cayenne/query/ProcedureQueryMetadata.java,cayenne/framework/cayenne-jdk1.4-unpublished/src/main/java/org/apache/cayenne/query/ProcedureQueryMetadata.java.ProcedureQueryMetadata.resolve.Complex Method,3.0M1,3.0M1,3.0B1,1
cayenne,3.0M1,org.apache.cayenne.query,SQLTemplate,,God Class,"pmd,checkstyle",cayenne/framework/cayenne-jdk1.4-unpublished/src/main/java/org/apache/cayenne/query/SQLTemplate.java,cayenne/framework/cayenne-jdk1.4-unpublished/src/main/java/org/apache/cayenne/query/SQLTemplate.java.SQLTemplate..God Class,3.0M1,3.0M1,3.0B1,1
cayenne,3.0M1,org.apache.cayenne.query,SQLTemplate,encodeAsXML,Complex Method,"designitejava,pmd,checkstyle",cayenne/framework/cayenne-jdk1.4-unpublished/src/main/java/org/apache/cayenne/query/SQLTemplate.java,cayenne/framework/cayenne-jdk1.4-unpublished/src/main/java/org/apache/cayenne/query/SQLTemplate.java.SQLTemplate.encodeAsXML.Complex Method,3.0M1,3.0M1,3.0B1,1
cayenne,3.0M1,org.apache.cayenne.query,SQLTemplateMetadata,resolve,Complex Method,"designitejava,pmd",cayenne/framework/cayenne-jdk1.4-unpublished/src/main/java/org/apache/cayenne/query/SQLTemplateMetadata.java,cayenne/framework/cayenne-jdk1.4-unpublished/src/main/java/org/apache/cayenne/query/SQLTemplateMetadata.java.SQLTemplateMetadata.resolve.Complex Method,3.0M1,3.0M1,3.0B1,1
cayenne,3.0M1,org.apache.cayenne.query,SelectQuery,,God Class,"pmd,checkstyle",cayenne/framework/cayenne-jdk1.4-unpublished/src/main/java/org/apache/cayenne/query/SelectQuery.java,cayenne/framework/cayenne-jdk1.4-unpublished/src/main/java/org/apache/cayenne/query/SelectQuery.java.SelectQuery..God Class,3.0M1,3.0M1,3.0B1,1
cayenne,3.0M1,org.apache.cayenne.query,SelectQuery,encodeAsXML,Complex Method,"designitejava,checkstyle",cayenne/framework/cayenne-jdk1.4-unpublished/src/main/java/org/apache/cayenne/query/SelectQuery.java,cayenne/framework/cayenne-jdk1.4-unpublished/src/main/java/org/apache/cayenne/query/SelectQuery.java.SelectQuery.encodeAsXML.Complex Method,3.0M1,3.0M1,3.0B1,1
cayenne,3.0M1,org.apache.cayenne.query,SelectQueryMetadata,resolve,Complex Method,"designitejava,pmd,checkstyle",cayenne/framework/cayenne-jdk1.4-unpublished/src/main/java/org/apache/cayenne/query/SelectQueryMetadata.java,cayenne/framework/cayenne-jdk1.4-unpublished/src/main/java/org/apache/cayenne/query/SelectQueryMetadata.java.SelectQueryMetadata.resolve.Complex Method,3.0M1,3.0M1,3.0B1,1
cayenne,3.0M1,org.apache.cayenne.remote,ClientChannel,onQuery,Complex Method,"designitejava,pmd",cayenne/framework/cayenne-jdk1.4-unpublished/src/main/java/org/apache/cayenne/remote/ClientChannel.java,cayenne/framework/cayenne-jdk1.4-unpublished/src/main/java/org/apache/cayenne/remote/ClientChannel.java.ClientChannel.onQuery.Complex Method,3.0M1,3.0M1,3.0B1,1
cayenne,3.0M1,org.apache.cayenne.remote,ClientChannel,onSync,Complex Method,"designitejava,pmd,checkstyle",cayenne/framework/cayenne-jdk1.4-unpublished/src/main/java/org/apache/cayenne/remote/ClientChannel.java,cayenne/framework/cayenne-jdk1.4-unpublished/src/main/java/org/apache/cayenne/remote/ClientChannel.java.ClientChannel.onSync.Complex Method,3.0M1,3.0M1,3.0B1,1
cayenne,3.0M1,org.apache.cayenne.remote,RemoteIncrementalFaultList,resolveInterval,Complex Method,"designitejava,pmd,checkstyle",cayenne/framework/cayenne-jdk1.4-unpublished/src/main/java/org/apache/cayenne/remote/RemoteIncrementalFaultList.java,cayenne/framework/cayenne-jdk1.4-unpublished/src/main/java/org/apache/cayenne/remote/RemoteIncrementalFaultList.java.RemoteIncrementalFaultList.resolveInterval.Complex Method,3.0M1,3.0M1,3.0B1,1
cayenne,3.0M1,org.apache.cayenne.tools,DeploymentConfigurator,validateAttributes,Complex Method,"designitejava,checkstyle",cayenne/framework/cayenne-jdk1.4-unpublished/src/main/java/org/apache/cayenne/tools/DeploymentConfigurator.java,cayenne/framework/cayenne-jdk1.4-unpublished/src/main/java/org/apache/cayenne/tools/DeploymentConfigurator.java.DeploymentConfigurator.validateAttributes.Complex Method,3.0M1,3.0M1,3.0B1,1
cayenne,3.0M1,org.apache.cayenne.tools,DeploymentConfigurator,validateAttributes,Feature Envy,"designitejava,checkstyle",cayenne/framework/cayenne-jdk1.4-unpublished/src/main/java/org/apache/cayenne/tools/DeploymentConfigurator.java,cayenne/framework/cayenne-jdk1.4-unpublished/src/main/java/org/apache/cayenne/tools/DeploymentConfigurator.java.DeploymentConfigurator.validateAttributes.Feature Envy,3.0M1,3.0M1,3.0B1,1
cayenne,3.0M1,org.apache.cayenne.util,Base64Codec,encodeBase64,Complex Method,"designitejava,pmd,checkstyle",cayenne/framework/cayenne-jdk1.4-unpublished/src/main/java/org/apache/cayenne/util/Base64Codec.java,cayenne/framework/cayenne-jdk1.4-unpublished/src/main/java/org/apache/cayenne/util/Base64Codec.java.Base64Codec.encodeBase64.Complex Method,3.0M1,3.0M1,3.0B1,1
cayenne,3.0M1,org.apache.cayenne.util,EntityMergeSupport,getAttributesToAdd,Complex Method,"designitejava,pmd",cayenne/framework/cayenne-jdk1.4-unpublished/src/main/java/org/apache/cayenne/util/EntityMergeSupport.java,cayenne/framework/cayenne-jdk1.4-unpublished/src/main/java/org/apache/cayenne/util/EntityMergeSupport.java.EntityMergeSupport.getAttributesToAdd.Complex Method,3.0M1,3.0M1,3.0B1,1
cayenne,3.0M1,org.apache.cayenne.util,MemoryBlob,position,Complex Method,"designitejava,pmd,checkstyle",cayenne/framework/cayenne-jdk1.4-unpublished/src/main/java/org/apache/cayenne/util/MemoryBlob.java,cayenne/framework/cayenne-jdk1.4-unpublished/src/main/java/org/apache/cayenne/util/MemoryBlob.java.MemoryBlob.position.Complex Method,3.0M1,3.0M1,3.0B1,1
cayenne,3.0M1,org.apache.cayenne.util,NameConverter,underscoredToJava,Complex Method,"designitejava,pmd,checkstyle",cayenne/framework/cayenne-jdk1.4-unpublished/src/main/java/org/apache/cayenne/util/NameConverter.java,cayenne/framework/cayenne-jdk1.4-unpublished/src/main/java/org/apache/cayenne/util/NameConverter.java.NameConverter.underscoredToJava.Complex Method,3.0M1,3.0M1,3.0B1,1
cayenne,3.0M1,org.apache.cayenne.util,ObjectContextQueryAction,interceptObjectConversion,Feature Envy,"designitejava,checkstyle",cayenne/framework/cayenne-jdk1.4-unpublished/src/main/java/org/apache/cayenne/util/ObjectContextQueryAction.java,cayenne/framework/cayenne-jdk1.4-unpublished/src/main/java/org/apache/cayenne/util/ObjectContextQueryAction.java.ObjectContextQueryAction.interceptObjectConversion.Feature Envy,3.0M1,3.0M1,3.0B1,1
cayenne,3.0M1,org.apache.cayenne.util,ObjectContextQueryAction,interceptRelationshipQuery,Complex Method,"designitejava,pmd",cayenne/framework/cayenne-jdk1.4-unpublished/src/main/java/org/apache/cayenne/util/ObjectContextQueryAction.java,cayenne/framework/cayenne-jdk1.4-unpublished/src/main/java/org/apache/cayenne/util/ObjectContextQueryAction.java.ObjectContextQueryAction.interceptRelationshipQuery.Complex Method,3.0M1,3.0M1,3.0B1,1
cayenne,3.0M1,org.apache.cayenne.util,ObjectDetachOperation,detach,Complex Method,"designitejava,pmd",cayenne/framework/cayenne-jdk1.4-unpublished/src/main/java/org/apache/cayenne/util/ObjectDetachOperation.java,cayenne/framework/cayenne-jdk1.4-unpublished/src/main/java/org/apache/cayenne/util/ObjectDetachOperation.java.ObjectDetachOperation.detach.Complex Method,3.0M1,3.0M1,3.0B1,1
cayenne,3.0M1,org.apache.cayenne.util,PersistentObjectList,mergeLocalChanges,Complex Method,"designitejava,pmd",cayenne/framework/cayenne-jdk1.4-unpublished/src/main/java/org/apache/cayenne/util/PersistentObjectList.java,cayenne/framework/cayenne-jdk1.4-unpublished/src/main/java/org/apache/cayenne/util/PersistentObjectList.java.PersistentObjectList.mergeLocalChanges.Complex Method,3.0M1,3.0M1,3.0B1,1
cayenne,3.0M1,org.apache.cayenne.util,ResourceLocator,findResource,Complex Method,"designitejava,pmd,checkstyle",cayenne/framework/cayenne-jdk1.4-unpublished/src/main/java/org/apache/cayenne/util/ResourceLocator.java,cayenne/framework/cayenne-jdk1.4-unpublished/src/main/java/org/apache/cayenne/util/ResourceLocator.java.ResourceLocator.findResource.Complex Method,3.0M1,3.0M1,3.0B1,1
cayenne,3.0M1,org.apache.cayenne.util,Util,,God Class,"pmd,checkstyle",cayenne/framework/cayenne-jdk1.4-unpublished/src/main/java/org/apache/cayenne/util/Util.java,cayenne/framework/cayenne-jdk1.4-unpublished/src/main/java/org/apache/cayenne/util/Util.java.Util..God Class,3.0M1,3.0M1,3.0B1,1
cayenne,3.0M1,org.apache.cayenne.util,Util,getJavaClass,Complex Method,"designitejava,pmd,checkstyle",cayenne/framework/cayenne-jdk1.4-unpublished/src/main/java/org/apache/cayenne/util/Util.java,cayenne/framework/cayenne-jdk1.4-unpublished/src/main/java/org/apache/cayenne/util/Util.java.Util.getJavaClass.Complex Method,3.0M1,3.0M1,3.0B1,1
cayenne,3.0M1,org.apache.cayenne.wocompat,EOModelHelper,javaTypeForEOModelerType,Complex Method,"pmd,checkstyle",cayenne/framework/cayenne-jdk1.4-unpublished/src/main/java/org/apache/cayenne/wocompat/EOModelHelper.java,cayenne/framework/cayenne-jdk1.4-unpublished/src/main/java/org/apache/cayenne/wocompat/EOModelHelper.java.EOModelHelper.javaTypeForEOModelerType.Complex Method,3.0M1,3.0M1,3.0B1,1
cayenne,3.0M1,org.apache.cayenne.wocompat,EOModelProcessor,,God Class,"pmd,checkstyle",cayenne/framework/cayenne-jdk1.4-unpublished/src/main/java/org/apache/cayenne/wocompat/EOModelProcessor.java,cayenne/framework/cayenne-jdk1.4-unpublished/src/main/java/org/apache/cayenne/wocompat/EOModelProcessor.java.EOModelProcessor..God Class,3.0M1,3.0M1,3.0B1,1
cayenne,3.0M1,org.apache.cayenne.wocompat,EOModelProcessor,makeAttributes,Complex Method,"designitejava,pmd,checkstyle",cayenne/framework/cayenne-jdk1.4-unpublished/src/main/java/org/apache/cayenne/wocompat/EOModelProcessor.java,cayenne/framework/cayenne-jdk1.4-unpublished/src/main/java/org/apache/cayenne/wocompat/EOModelProcessor.java.EOModelProcessor.makeAttributes.Complex Method,3.0M1,3.0M1,3.0B1,1
cayenne,3.0M1,org.apache.cayenne.wocompat,EOModelProcessor,makeEntity,Complex Method,"designitejava,pmd",cayenne/framework/cayenne-jdk1.4-unpublished/src/main/java/org/apache/cayenne/wocompat/EOModelProcessor.java,cayenne/framework/cayenne-jdk1.4-unpublished/src/main/java/org/apache/cayenne/wocompat/EOModelProcessor.java.EOModelProcessor.makeEntity.Complex Method,3.0M1,3.0M1,3.0B1,1
cayenne,3.0M1,org.apache.cayenne.wocompat,EOModelProcessor,makeFlatRelationships,Complex Method,"designitejava,pmd",cayenne/framework/cayenne-jdk1.4-unpublished/src/main/java/org/apache/cayenne/wocompat/EOModelProcessor.java,cayenne/framework/cayenne-jdk1.4-unpublished/src/main/java/org/apache/cayenne/wocompat/EOModelProcessor.java.EOModelProcessor.makeFlatRelationships.Complex Method,3.0M1,3.0M1,3.0B1,1
cayenne,3.0M1,org.apache.cayenne.wocompat,EOModelProcessor,makeRelationships,Complex Method,"designitejava,pmd,checkstyle",cayenne/framework/cayenne-jdk1.4-unpublished/src/main/java/org/apache/cayenne/wocompat/EOModelProcessor.java,cayenne/framework/cayenne-jdk1.4-unpublished/src/main/java/org/apache/cayenne/wocompat/EOModelProcessor.java.EOModelProcessor.makeRelationships.Complex Method,3.0M1,3.0M1,3.0B1,1
cayenne,3.0M1,org.apache.cayenne.wocompat,EOQuery,initBindings,Complex Method,"designitejava,pmd,checkstyle",cayenne/framework/cayenne-jdk1.4-unpublished/src/main/java/org/apache/cayenne/wocompat/EOQuery.java,cayenne/framework/cayenne-jdk1.4-unpublished/src/main/java/org/apache/cayenne/wocompat/EOQuery.java.EOQuery.initBindings.Complex Method,3.0M1,3.0M1,3.0B1,1
cayenne,3.0M1,org.apache.cayenne.wocompat,EOQuery,initFromPlist,Complex Method,"designitejava,pmd,checkstyle",cayenne/framework/cayenne-jdk1.4-unpublished/src/main/java/org/apache/cayenne/wocompat/EOQuery.java,cayenne/framework/cayenne-jdk1.4-unpublished/src/main/java/org/apache/cayenne/wocompat/EOQuery.java.EOQuery.initFromPlist.Complex Method,3.0M1,3.0M1,3.0B1,1
cayenne,3.0M1,org.apache.cayenne.wocompat,PropertyListSerialization,writeObject,Complex Method,"designitejava,pmd,checkstyle",cayenne/framework/cayenne-jdk1.4-unpublished/src/main/java/org/apache/cayenne/wocompat/PropertyListSerialization.java,cayenne/framework/cayenne-jdk1.4-unpublished/src/main/java/org/apache/cayenne/wocompat/PropertyListSerialization.java.PropertyListSerialization.writeObject.Complex Method,3.0M1,3.0M1,3.0B1,1
cayenne,3.0M1,org.apache.cayenne.wocompat.parser,ParseException,add_escapes,Complex Method,"designitejava,checkstyle",cayenne/framework/cayenne-jdk1.4-unpublished/src/main/java/org/apache/cayenne/wocompat/parser/ParseException.java,cayenne/framework/cayenne-jdk1.4-unpublished/src/main/java/org/apache/cayenne/wocompat/parser/ParseException.java.ParseException.add_escapes.Complex Method,3.0M1,3.0M1,3.0B1,1
cayenne,3.0M1,org.apache.cayenne.wocompat.parser,ParseException,getMessage,Complex Method,"designitejava,pmd",cayenne/framework/cayenne-jdk1.4-unpublished/src/main/java/org/apache/cayenne/wocompat/parser/ParseException.java,cayenne/framework/cayenne-jdk1.4-unpublished/src/main/java/org/apache/cayenne/wocompat/parser/ParseException.java.ParseException.getMessage.Complex Method,3.0M1,3.0M1,3.0B1,1
cayenne,3.0M1,org.apache.cayenne.wocompat.parser,Parser,,God Class,"pmd,checkstyle",cayenne/framework/cayenne-jdk1.4-unpublished/src/main/java/org/apache/cayenne/wocompat/parser/Parser.java,cayenne/framework/cayenne-jdk1.4-unpublished/src/main/java/org/apache/cayenne/wocompat/parser/Parser.java.Parser..God Class,3.0M1,3.0M1,3.0B1,1
cayenne,3.0M1,org.apache.cayenne.wocompat.parser,Parser,generateParseException,Complex Method,"designitejava,pmd",cayenne/framework/cayenne-jdk1.4-unpublished/src/main/java/org/apache/cayenne/wocompat/parser/Parser.java,cayenne/framework/cayenne-jdk1.4-unpublished/src/main/java/org/apache/cayenne/wocompat/parser/Parser.java.Parser.generateParseException.Complex Method,3.0M1,3.0M1,3.0B1,1
cayenne,3.0M1,org.apache.cayenne.wocompat.parser,Parser,jj_add_error_token,Complex Method,"designitejava,pmd,checkstyle",cayenne/framework/cayenne-jdk1.4-unpublished/src/main/java/org/apache/cayenne/wocompat/parser/Parser.java,cayenne/framework/cayenne-jdk1.4-unpublished/src/main/java/org/apache/cayenne/wocompat/parser/Parser.java.Parser.jj_add_error_token.Complex Method,3.0M1,3.0M1,3.0B1,1
cayenne,3.0M1,org.apache.cayenne.wocompat.parser,Parser,map,Complex Method,"designitejava,pmd",cayenne/framework/cayenne-jdk1.4-unpublished/src/main/java/org/apache/cayenne/wocompat/parser/Parser.java,cayenne/framework/cayenne-jdk1.4-unpublished/src/main/java/org/apache/cayenne/wocompat/parser/Parser.java.Parser.map.Complex Method,3.0M1,3.0M1,3.0B1,1
cayenne,3.0M1,org.apache.cayenne.wocompat.parser,ParserTokenManager,,God Class,"pmd,checkstyle",cayenne/framework/cayenne-jdk1.4-unpublished/src/main/java/org/apache/cayenne/wocompat/parser/ParserTokenManager.java,cayenne/framework/cayenne-jdk1.4-unpublished/src/main/java/org/apache/cayenne/wocompat/parser/ParserTokenManager.java.ParserTokenManager..God Class,3.0M1,3.0M1,3.0B1,1
cayenne,3.0M1,org.apache.cayenne.wocompat.parser,ParserTokenManager,MoreLexicalActions,Complex Method,"designitejava,pmd,checkstyle",cayenne/framework/cayenne-jdk1.4-unpublished/src/main/java/org/apache/cayenne/wocompat/parser/ParserTokenManager.java,cayenne/framework/cayenne-jdk1.4-unpublished/src/main/java/org/apache/cayenne/wocompat/parser/ParserTokenManager.java.ParserTokenManager.MoreLexicalActions.Complex Method,3.0M1,3.0M1,3.0B1,1
cayenne,3.0M1,org.apache.cayenne.wocompat.parser,ParserTokenManager,getNextToken,Complex Method,"designitejava,pmd,checkstyle",cayenne/framework/cayenne-jdk1.4-unpublished/src/main/java/org/apache/cayenne/wocompat/parser/ParserTokenManager.java,cayenne/framework/cayenne-jdk1.4-unpublished/src/main/java/org/apache/cayenne/wocompat/parser/ParserTokenManager.java.ParserTokenManager.getNextToken.Complex Method,3.0M1,3.0M1,3.0B1,1
cayenne,3.0M1,org.apache.cayenne.wocompat.parser,ParserTokenManager,jjMoveNfa_0,Complex Method,"designitejava,pmd,checkstyle",cayenne/framework/cayenne-jdk1.4-unpublished/src/main/java/org/apache/cayenne/wocompat/parser/ParserTokenManager.java,cayenne/framework/cayenne-jdk1.4-unpublished/src/main/java/org/apache/cayenne/wocompat/parser/ParserTokenManager.java.ParserTokenManager.jjMoveNfa_0.Complex Method,3.0M1,3.0M1,3.0B1,1
cayenne,3.0M1,org.apache.cayenne.wocompat.parser,ParserTokenManager,jjMoveNfa_1,Complex Method,"designitejava,pmd,checkstyle",cayenne/framework/cayenne-jdk1.4-unpublished/src/main/java/org/apache/cayenne/wocompat/parser/ParserTokenManager.java,cayenne/framework/cayenne-jdk1.4-unpublished/src/main/java/org/apache/cayenne/wocompat/parser/ParserTokenManager.java.ParserTokenManager.jjMoveNfa_1.Complex Method,3.0M1,3.0M1,3.0B1,1
cayenne,3.0M1,org.apache.cayenne.wocompat.parser,ParserTokenManager,jjMoveNfa_2,Complex Method,"designitejava,pmd,checkstyle",cayenne/framework/cayenne-jdk1.4-unpublished/src/main/java/org/apache/cayenne/wocompat/parser/ParserTokenManager.java,cayenne/framework/cayenne-jdk1.4-unpublished/src/main/java/org/apache/cayenne/wocompat/parser/ParserTokenManager.java.ParserTokenManager.jjMoveNfa_2.Complex Method,3.0M1,3.0M1,3.0B1,1
cayenne,3.0M1,org.apache.cayenne.wocompat.parser,ParserTokenManager,jjMoveStringLiteralDfa1_2,Complex Method,"designitejava,pmd,checkstyle",cayenne/framework/cayenne-jdk1.4-unpublished/src/main/java/org/apache/cayenne/wocompat/parser/ParserTokenManager.java,cayenne/framework/cayenne-jdk1.4-unpublished/src/main/java/org/apache/cayenne/wocompat/parser/ParserTokenManager.java.ParserTokenManager.jjMoveStringLiteralDfa1_2.Complex Method,3.0M1,3.0M1,3.0B1,1
cayenne,3.0M1,org.apache.cayenne.wocompat.parser,SimpleCharStream,FillBuff,Complex Method,"designitejava,pmd",cayenne/framework/cayenne-jdk1.4-unpublished/src/main/java/org/apache/cayenne/wocompat/parser/SimpleCharStream.java,cayenne/framework/cayenne-jdk1.4-unpublished/src/main/java/org/apache/cayenne/wocompat/parser/SimpleCharStream.java.SimpleCharStream.FillBuff.Complex Method,3.0M1,3.0M1,3.0B1,1
cayenne,3.0M1,org.apache.cayenne.wocompat.parser,TokenMgrError,LexicalError,Long Parameter List,"designitejava,checkstyle",cayenne/framework/cayenne-jdk1.4-unpublished/src/main/java/org/apache/cayenne/wocompat/parser/TokenMgrError.java,cayenne/framework/cayenne-jdk1.4-unpublished/src/main/java/org/apache/cayenne/wocompat/parser/TokenMgrError.java.TokenMgrError.LexicalError.Long Parameter List,3.0M1,3.0M1,3.0B1,1
cayenne,3.0M1,org.apache.cayenne.wocompat.parser,TokenMgrError,addEscapes,Complex Method,"designitejava,checkstyle",cayenne/framework/cayenne-jdk1.4-unpublished/src/main/java/org/apache/cayenne/wocompat/parser/TokenMgrError.java,cayenne/framework/cayenne-jdk1.4-unpublished/src/main/java/org/apache/cayenne/wocompat/parser/TokenMgrError.java.TokenMgrError.addEscapes.Complex Method,3.0M1,3.0M1,3.0B1,1
cayenne,3.0M1,org.apache.cayenne.xml,XMLDecoder,decodeObject,Complex Method,"pmd,checkstyle",cayenne/framework/cayenne-jdk1.4-unpublished/src/main/java/org/apache/cayenne/xml/XMLDecoder.java,cayenne/framework/cayenne-jdk1.4-unpublished/src/main/java/org/apache/cayenne/xml/XMLDecoder.java.XMLDecoder.decodeObject.Complex Method,3.0M1,3.0M1,3.0B1,1
cayenne,3.0M1,org.apache.cayenne,CDOOneToOneFKTest,test2Null,Feature Envy,"designitejava,checkstyle",cayenne/framework/cayenne-jdk1.4-unpublished/src/test/java/org/apache/cayenne/CDOOneToOneFKTest.java,cayenne/framework/cayenne-jdk1.4-unpublished/src/test/java/org/apache/cayenne/CDOOneToOneFKTest.java.CDOOneToOneFKTest.test2Null.Feature Envy,3.0M1,3.0M1,3.0B1,1
cayenne,3.0M1,org.apache.cayenne,CDOOneToOneFKTest,testDelete,Feature Envy,"designitejava,checkstyle",cayenne/framework/cayenne-jdk1.4-unpublished/src/test/java/org/apache/cayenne/CDOOneToOneFKTest.java,cayenne/framework/cayenne-jdk1.4-unpublished/src/test/java/org/apache/cayenne/CDOOneToOneFKTest.java.CDOOneToOneFKTest.testDelete.Feature Envy,3.0M1,3.0M1,3.0B1,1
cayenne,3.0M1,org.apache.cayenne,CDOOneToOneFKTest,testNewAdd,Feature Envy,"designitejava,checkstyle",cayenne/framework/cayenne-jdk1.4-unpublished/src/test/java/org/apache/cayenne/CDOOneToOneFKTest.java,cayenne/framework/cayenne-jdk1.4-unpublished/src/test/java/org/apache/cayenne/CDOOneToOneFKTest.java.CDOOneToOneFKTest.testNewAdd.Feature Envy,3.0M1,3.0M1,3.0B1,1
cayenne,3.0M1,org.apache.cayenne,CDOOneToOneFKTest,testReadRelationship,Feature Envy,"designitejava,checkstyle",cayenne/framework/cayenne-jdk1.4-unpublished/src/test/java/org/apache/cayenne/CDOOneToOneFKTest.java,cayenne/framework/cayenne-jdk1.4-unpublished/src/test/java/org/apache/cayenne/CDOOneToOneFKTest.java.CDOOneToOneFKTest.testReadRelationship.Feature Envy,3.0M1,3.0M1,3.0B1,1
cayenne,3.0M1,org.apache.cayenne,CDOOneToOneFKTest,testReplaceNull1,Feature Envy,"designitejava,checkstyle",cayenne/framework/cayenne-jdk1.4-unpublished/src/test/java/org/apache/cayenne/CDOOneToOneFKTest.java,cayenne/framework/cayenne-jdk1.4-unpublished/src/test/java/org/apache/cayenne/CDOOneToOneFKTest.java.CDOOneToOneFKTest.testReplaceNull1.Feature Envy,3.0M1,3.0M1,3.0B1,1
cayenne,3.0M1,org.apache.cayenne,CDOOneToOneFKTest,testReplaceNull2,Feature Envy,"designitejava,checkstyle",cayenne/framework/cayenne-jdk1.4-unpublished/src/test/java/org/apache/cayenne/CDOOneToOneFKTest.java,cayenne/framework/cayenne-jdk1.4-unpublished/src/test/java/org/apache/cayenne/CDOOneToOneFKTest.java.CDOOneToOneFKTest.testReplaceNull2.Feature Envy,3.0M1,3.0M1,3.0B1,1
cayenne,3.0M1,org.apache.cayenne,CDOOneToOneFKTest,testTakeObjectSnapshotDependentFault,Feature Envy,"designitejava,checkstyle",cayenne/framework/cayenne-jdk1.4-unpublished/src/test/java/org/apache/cayenne/CDOOneToOneFKTest.java,cayenne/framework/cayenne-jdk1.4-unpublished/src/test/java/org/apache/cayenne/CDOOneToOneFKTest.java.CDOOneToOneFKTest.testTakeObjectSnapshotDependentFault.Feature Envy,3.0M1,3.0M1,3.0B1,1
cayenne,3.0M1,org.apache.cayenne,FlattenedRelationshipsTest,testInsertJoinWithPK,Feature Envy,"designitejava,checkstyle",cayenne/framework/cayenne-jdk1.4-unpublished/src/test/java/org/apache/cayenne/FlattenedRelationshipsTest.java,cayenne/framework/cayenne-jdk1.4-unpublished/src/test/java/org/apache/cayenne/FlattenedRelationshipsTest.java.FlattenedRelationshipsTest.testInsertJoinWithPK.Feature Envy,3.0M1,3.0M1,3.0B1,1
cayenne,3.0M1,org.apache.cayenne,FlattenedRelationshipsTest,testQualifyOnToManyFlattened,Feature Envy,"designitejava,checkstyle",cayenne/framework/cayenne-jdk1.4-unpublished/src/test/java/org/apache/cayenne/FlattenedRelationshipsTest.java,cayenne/framework/cayenne-jdk1.4-unpublished/src/test/java/org/apache/cayenne/FlattenedRelationshipsTest.java.FlattenedRelationshipsTest.testQualifyOnToManyFlattened.Feature Envy,3.0M1,3.0M1,3.0B1,1
cayenne,3.0M1,org.apache.cayenne,FlattenedRelationshipsTest,testToOneSeriesFlattenedRel,Feature Envy,"designitejava,checkstyle",cayenne/framework/cayenne-jdk1.4-unpublished/src/test/java/org/apache/cayenne/FlattenedRelationshipsTest.java,cayenne/framework/cayenne-jdk1.4-unpublished/src/test/java/org/apache/cayenne/FlattenedRelationshipsTest.java.FlattenedRelationshipsTest.testToOneSeriesFlattenedRel.Feature Envy,3.0M1,3.0M1,3.0B1,1
cayenne,3.0M1,org.apache.cayenne,FlattenedRelationshipsTest,testUnsetJoinWithPK,Feature Envy,"designitejava,checkstyle",cayenne/framework/cayenne-jdk1.4-unpublished/src/test/java/org/apache/cayenne/FlattenedRelationshipsTest.java,cayenne/framework/cayenne-jdk1.4-unpublished/src/test/java/org/apache/cayenne/FlattenedRelationshipsTest.java.FlattenedRelationshipsTest.testUnsetJoinWithPK.Feature Envy,3.0M1,3.0M1,3.0B1,1
cayenne,3.0M1,org.apache.cayenne.access,DataContextBinaryPKTest,testFetchRelationshipBinaryPK,Feature Envy,"designitejava,checkstyle",cayenne/framework/cayenne-jdk1.4-unpublished/src/test/java/org/apache/cayenne/access/DataContextBinaryPKTest.java,cayenne/framework/cayenne-jdk1.4-unpublished/src/test/java/org/apache/cayenne/access/DataContextBinaryPKTest.java.DataContextBinaryPKTest.testFetchRelationshipBinaryPK.Feature Envy,3.0M1,3.0M1,3.0B1,1
cayenne,3.0M1,org.apache.cayenne.access,DataContextBlobTest,runWithBlobSize,Feature Envy,"designitejava,checkstyle",cayenne/framework/cayenne-jdk1.4-unpublished/src/test/java/org/apache/cayenne/access/DataContextBlobTest.java,cayenne/framework/cayenne-jdk1.4-unpublished/src/test/java/org/apache/cayenne/access/DataContextBlobTest.java.DataContextBlobTest.runWithBlobSize.Feature Envy,3.0M1,3.0M1,3.0B1,1
cayenne,3.0M1,org.apache.cayenne.access,DataContextCharPKTest,testUpdate,Feature Envy,"designitejava,checkstyle",cayenne/framework/cayenne-jdk1.4-unpublished/src/test/java/org/apache/cayenne/access/DataContextCharPKTest.java,cayenne/framework/cayenne-jdk1.4-unpublished/src/test/java/org/apache/cayenne/access/DataContextCharPKTest.java.DataContextCharPKTest.testUpdate.Feature Envy,3.0M1,3.0M1,3.0B1,1
cayenne,3.0M1,org.apache.cayenne.access,DataContextClobTest,runWithClobSize,Feature Envy,"designitejava,checkstyle",cayenne/framework/cayenne-jdk1.4-unpublished/src/test/java/org/apache/cayenne/access/DataContextClobTest.java,cayenne/framework/cayenne-jdk1.4-unpublished/src/test/java/org/apache/cayenne/access/DataContextClobTest.java.DataContextClobTest.runWithClobSize.Feature Envy,3.0M1,3.0M1,3.0B1,1
cayenne,3.0M1,org.apache.cayenne.access,DataContextCompoundRelTest,testFetchQualifyingToMany,Feature Envy,"designitejava,checkstyle",cayenne/framework/cayenne-jdk1.4-unpublished/src/test/java/org/apache/cayenne/access/DataContextCompoundRelTest.java,cayenne/framework/cayenne-jdk1.4-unpublished/src/test/java/org/apache/cayenne/access/DataContextCompoundRelTest.java.DataContextCompoundRelTest.testFetchQualifyingToMany.Feature Envy,3.0M1,3.0M1,3.0B1,1
cayenne,3.0M1,org.apache.cayenne.access,DataContextCompoundRelTest,testFetchQualifyingToOne,Feature Envy,"designitejava,checkstyle",cayenne/framework/cayenne-jdk1.4-unpublished/src/test/java/org/apache/cayenne/access/DataContextCompoundRelTest.java,cayenne/framework/cayenne-jdk1.4-unpublished/src/test/java/org/apache/cayenne/access/DataContextCompoundRelTest.java.DataContextCompoundRelTest.testFetchQualifyingToOne.Feature Envy,3.0M1,3.0M1,3.0B1,1
cayenne,3.0M1,org.apache.cayenne.access,DataContextCompoundRelTest,testInsert,Feature Envy,"designitejava,checkstyle",cayenne/framework/cayenne-jdk1.4-unpublished/src/test/java/org/apache/cayenne/access/DataContextCompoundRelTest.java,cayenne/framework/cayenne-jdk1.4-unpublished/src/test/java/org/apache/cayenne/access/DataContextCompoundRelTest.java.DataContextCompoundRelTest.testInsert.Feature Envy,3.0M1,3.0M1,3.0B1,1
cayenne,3.0M1,org.apache.cayenne.access,DataContextDeleteRulesTest,testCascadeToMany,Feature Envy,"designitejava,checkstyle",cayenne/framework/cayenne-jdk1.4-unpublished/src/test/java/org/apache/cayenne/access/DataContextDeleteRulesTest.java,cayenne/framework/cayenne-jdk1.4-unpublished/src/test/java/org/apache/cayenne/access/DataContextDeleteRulesTest.java.DataContextDeleteRulesTest.testCascadeToMany.Feature Envy,3.0M1,3.0M1,3.0B1,1
cayenne,3.0M1,org.apache.cayenne.access,DataContextDeleteRulesTest,testCascadeToManyFlattened,Feature Envy,"designitejava,checkstyle",cayenne/framework/cayenne-jdk1.4-unpublished/src/test/java/org/apache/cayenne/access/DataContextDeleteRulesTest.java,cayenne/framework/cayenne-jdk1.4-unpublished/src/test/java/org/apache/cayenne/access/DataContextDeleteRulesTest.java.DataContextDeleteRulesTest.testCascadeToManyFlattened.Feature Envy,3.0M1,3.0M1,3.0B1,1
cayenne,3.0M1,org.apache.cayenne.access,DataContextDeleteRulesTest,testCascadeToOne,Feature Envy,"designitejava,checkstyle",cayenne/framework/cayenne-jdk1.4-unpublished/src/test/java/org/apache/cayenne/access/DataContextDeleteRulesTest.java,cayenne/framework/cayenne-jdk1.4-unpublished/src/test/java/org/apache/cayenne/access/DataContextDeleteRulesTest.java.DataContextDeleteRulesTest.testCascadeToOne.Feature Envy,3.0M1,3.0M1,3.0B1,1
cayenne,3.0M1,org.apache.cayenne.access,DataContextDeleteRulesTest,testNullifyToMany,Feature Envy,"designitejava,checkstyle",cayenne/framework/cayenne-jdk1.4-unpublished/src/test/java/org/apache/cayenne/access/DataContextDeleteRulesTest.java,cayenne/framework/cayenne-jdk1.4-unpublished/src/test/java/org/apache/cayenne/access/DataContextDeleteRulesTest.java.DataContextDeleteRulesTest.testNullifyToMany.Feature Envy,3.0M1,3.0M1,3.0B1,1
cayenne,3.0M1,org.apache.cayenne.access,DataContextDeleteRulesTest,testNullifyToManyFlattened,Feature Envy,"designitejava,checkstyle",cayenne/framework/cayenne-jdk1.4-unpublished/src/test/java/org/apache/cayenne/access/DataContextDeleteRulesTest.java,cayenne/framework/cayenne-jdk1.4-unpublished/src/test/java/org/apache/cayenne/access/DataContextDeleteRulesTest.java.DataContextDeleteRulesTest.testNullifyToManyFlattened.Feature Envy,3.0M1,3.0M1,3.0B1,1
cayenne,3.0M1,org.apache.cayenne.access,DataContextDeleteRulesTest,testNullifyToOne,Feature Envy,"designitejava,checkstyle",cayenne/framework/cayenne-jdk1.4-unpublished/src/test/java/org/apache/cayenne/access/DataContextDeleteRulesTest.java,cayenne/framework/cayenne-jdk1.4-unpublished/src/test/java/org/apache/cayenne/access/DataContextDeleteRulesTest.java.DataContextDeleteRulesTest.testNullifyToOne.Feature Envy,3.0M1,3.0M1,3.0B1,1
cayenne,3.0M1,org.apache.cayenne.access,DataContextEntityWithMeaningfulPKTest,testChangeKey,Feature Envy,"designitejava,checkstyle",cayenne/framework/cayenne-jdk1.4-unpublished/src/test/java/org/apache/cayenne/access/DataContextEntityWithMeaningfulPKTest.java,cayenne/framework/cayenne-jdk1.4-unpublished/src/test/java/org/apache/cayenne/access/DataContextEntityWithMeaningfulPKTest.java.DataContextEntityWithMeaningfulPKTest.testChangeKey.Feature Envy,3.0M1,3.0M1,3.0B1,1
cayenne,3.0M1,org.apache.cayenne.access,DataContextEntityWithMeaningfulPKTest,testGeneratedKey,Feature Envy,"designitejava,checkstyle",cayenne/framework/cayenne-jdk1.4-unpublished/src/test/java/org/apache/cayenne/access/DataContextEntityWithMeaningfulPKTest.java,cayenne/framework/cayenne-jdk1.4-unpublished/src/test/java/org/apache/cayenne/access/DataContextEntityWithMeaningfulPKTest.java.DataContextEntityWithMeaningfulPKTest.testGeneratedKey.Feature Envy,3.0M1,3.0M1,3.0B1,1
cayenne,3.0M1,org.apache.cayenne.access,DataContextEntityWithMeaningfulPKTest,testToManyRelationshipWithMeaningfulPK1,Feature Envy,"designitejava,checkstyle",cayenne/framework/cayenne-jdk1.4-unpublished/src/test/java/org/apache/cayenne/access/DataContextEntityWithMeaningfulPKTest.java,cayenne/framework/cayenne-jdk1.4-unpublished/src/test/java/org/apache/cayenne/access/DataContextEntityWithMeaningfulPKTest.java.DataContextEntityWithMeaningfulPKTest.testToManyRelationshipWithMeaningfulPK1.Feature Envy,3.0M1,3.0M1,3.0B1,1
cayenne,3.0M1,org.apache.cayenne.access,DataContextQueryCachingTest,testLocalCacheDataObjectsNoRefresh,Feature Envy,"designitejava,checkstyle",cayenne/framework/cayenne-jdk1.4-unpublished/src/test/java/org/apache/cayenne/access/DataContextQueryCachingTest.java,cayenne/framework/cayenne-jdk1.4-unpublished/src/test/java/org/apache/cayenne/access/DataContextQueryCachingTest.java.DataContextQueryCachingTest.testLocalCacheDataObjectsNoRefresh.Feature Envy,3.0M1,3.0M1,3.0B1,1
cayenne,3.0M1,org.apache.cayenne.access,DataContextQueryCachingTest,testLocalCacheDataObjectsRefresh,Feature Envy,"designitejava,checkstyle",cayenne/framework/cayenne-jdk1.4-unpublished/src/test/java/org/apache/cayenne/access/DataContextQueryCachingTest.java,cayenne/framework/cayenne-jdk1.4-unpublished/src/test/java/org/apache/cayenne/access/DataContextQueryCachingTest.java.DataContextQueryCachingTest.testLocalCacheDataObjectsRefresh.Feature Envy,3.0M1,3.0M1,3.0B1,1
cayenne,3.0M1,org.apache.cayenne.access,DataContextQueryCachingTest,testLocalCacheDataRowsNoRefresh,Feature Envy,"designitejava,checkstyle",cayenne/framework/cayenne-jdk1.4-unpublished/src/test/java/org/apache/cayenne/access/DataContextQueryCachingTest.java,cayenne/framework/cayenne-jdk1.4-unpublished/src/test/java/org/apache/cayenne/access/DataContextQueryCachingTest.java.DataContextQueryCachingTest.testLocalCacheDataRowsNoRefresh.Feature Envy,3.0M1,3.0M1,3.0B1,1
cayenne,3.0M1,org.apache.cayenne.access,DataContextQueryCachingTest,testLocalCacheDataRowsRefresh,Feature Envy,"designitejava,checkstyle",cayenne/framework/cayenne-jdk1.4-unpublished/src/test/java/org/apache/cayenne/access/DataContextQueryCachingTest.java,cayenne/framework/cayenne-jdk1.4-unpublished/src/test/java/org/apache/cayenne/access/DataContextQueryCachingTest.java.DataContextQueryCachingTest.testLocalCacheDataRowsRefresh.Feature Envy,3.0M1,3.0M1,3.0B1,1
cayenne,3.0M1,org.apache.cayenne.access,DataContextQueryCachingTest,testSharedCacheDataRowsRefresh,Feature Envy,"designitejava,checkstyle",cayenne/framework/cayenne-jdk1.4-unpublished/src/test/java/org/apache/cayenne/access/DataContextQueryCachingTest.java,cayenne/framework/cayenne-jdk1.4-unpublished/src/test/java/org/apache/cayenne/access/DataContextQueryCachingTest.java.DataContextQueryCachingTest.testSharedCacheDataRowsRefresh.Feature Envy,3.0M1,3.0M1,3.0B1,1
cayenne,3.0M1,org.apache.cayenne.access,DataContextSharedCacheTest,testSnapshotChangePropagationOnSelect,Feature Envy,"designitejava,checkstyle",cayenne/framework/cayenne-jdk1.4-unpublished/src/test/java/org/apache/cayenne/access/DataContextSharedCacheTest.java,cayenne/framework/cayenne-jdk1.4-unpublished/src/test/java/org/apache/cayenne/access/DataContextSharedCacheTest.java.DataContextSharedCacheTest.testSnapshotChangePropagationOnSelect.Feature Envy,3.0M1,3.0M1,3.0B1,1
cayenne,3.0M1,org.apache.cayenne.access,DataContextSharedCacheTest,testSnapshotDeletePropagationToManyRefresh,Feature Envy,"designitejava,checkstyle",cayenne/framework/cayenne-jdk1.4-unpublished/src/test/java/org/apache/cayenne/access/DataContextSharedCacheTest.java,cayenne/framework/cayenne-jdk1.4-unpublished/src/test/java/org/apache/cayenne/access/DataContextSharedCacheTest.java.DataContextSharedCacheTest.testSnapshotDeletePropagationToManyRefresh.Feature Envy,3.0M1,3.0M1,3.0B1,1
cayenne,3.0M1,org.apache.cayenne.access,DataContextSharedCacheTest,testSnapshotEvictedAndChangedForModified,Feature Envy,"designitejava,checkstyle",cayenne/framework/cayenne-jdk1.4-unpublished/src/test/java/org/apache/cayenne/access/DataContextSharedCacheTest.java,cayenne/framework/cayenne-jdk1.4-unpublished/src/test/java/org/apache/cayenne/access/DataContextSharedCacheTest.java.DataContextSharedCacheTest.testSnapshotEvictedAndChangedForModified.Feature Envy,3.0M1,3.0M1,3.0B1,1
cayenne,3.0M1,org.apache.cayenne.access,DataRowUtilsTest,testIsToOneTargetModified,Feature Envy,"designitejava,checkstyle",cayenne/framework/cayenne-jdk1.4-unpublished/src/test/java/org/apache/cayenne/access/DataRowUtilsTest.java,cayenne/framework/cayenne-jdk1.4-unpublished/src/test/java/org/apache/cayenne/access/DataRowUtilsTest.java.DataRowUtilsTest.testIsToOneTargetModified.Feature Envy,3.0M1,3.0M1,3.0B1,1
cayenne,3.0M1,org.apache.cayenne.access,DataRowUtilsTest,testMerge,Feature Envy,"designitejava,checkstyle",cayenne/framework/cayenne-jdk1.4-unpublished/src/test/java/org/apache/cayenne/access/DataRowUtilsTest.java,cayenne/framework/cayenne-jdk1.4-unpublished/src/test/java/org/apache/cayenne/access/DataRowUtilsTest.java.DataRowUtilsTest.testMerge.Feature Envy,3.0M1,3.0M1,3.0B1,1
cayenne,3.0M1,org.apache.cayenne.access,DateTimeTypesTest,testCalendar,Feature Envy,"designitejava,checkstyle",cayenne/framework/cayenne-jdk1.4-unpublished/src/test/java/org/apache/cayenne/access/DateTimeTypesTest.java,cayenne/framework/cayenne-jdk1.4-unpublished/src/test/java/org/apache/cayenne/access/DateTimeTypesTest.java.DateTimeTypesTest.testCalendar.Feature Envy,3.0M1,3.0M1,3.0B1,1
cayenne,3.0M1,org.apache.cayenne.access,DateTimeTypesTest,testDate,Feature Envy,"designitejava,checkstyle",cayenne/framework/cayenne-jdk1.4-unpublished/src/test/java/org/apache/cayenne/access/DateTimeTypesTest.java,cayenne/framework/cayenne-jdk1.4-unpublished/src/test/java/org/apache/cayenne/access/DateTimeTypesTest.java.DateTimeTypesTest.testDate.Feature Envy,3.0M1,3.0M1,3.0B1,1
cayenne,3.0M1,org.apache.cayenne.access,DateTimeTypesTest,testTime,Feature Envy,"designitejava,checkstyle",cayenne/framework/cayenne-jdk1.4-unpublished/src/test/java/org/apache/cayenne/access/DateTimeTypesTest.java,cayenne/framework/cayenne-jdk1.4-unpublished/src/test/java/org/apache/cayenne/access/DateTimeTypesTest.java.DateTimeTypesTest.testTime.Feature Envy,3.0M1,3.0M1,3.0B1,1
cayenne,3.0M1,org.apache.cayenne.access,DateTimeTypesTest,testTimestamp,Feature Envy,"designitejava,checkstyle",cayenne/framework/cayenne-jdk1.4-unpublished/src/test/java/org/apache/cayenne/access/DateTimeTypesTest.java,cayenne/framework/cayenne-jdk1.4-unpublished/src/test/java/org/apache/cayenne/access/DateTimeTypesTest.java.DateTimeTypesTest.testTimestamp.Feature Envy,3.0M1,3.0M1,3.0B1,1
cayenne,3.0M1,org.apache.cayenne.access,InheritanceTest,testCAY592,Feature Envy,"designitejava,checkstyle",cayenne/framework/cayenne-jdk1.4-unpublished/src/test/java/org/apache/cayenne/access/InheritanceTest.java,cayenne/framework/cayenne-jdk1.4-unpublished/src/test/java/org/apache/cayenne/access/InheritanceTest.java.InheritanceTest.testCAY592.Feature Envy,3.0M1,3.0M1,3.0B1,1
cayenne,3.0M1,org.apache.cayenne.access,InheritanceTest,testSave,Feature Envy,"designitejava,checkstyle",cayenne/framework/cayenne-jdk1.4-unpublished/src/test/java/org/apache/cayenne/access/InheritanceTest.java,cayenne/framework/cayenne-jdk1.4-unpublished/src/test/java/org/apache/cayenne/access/InheritanceTest.java.InheritanceTest.testSave.Feature Envy,3.0M1,3.0M1,3.0B1,1
cayenne,3.0M1,org.apache.cayenne.access,NumericTypesTest,testBigDecimal,Feature Envy,"designitejava,checkstyle",cayenne/framework/cayenne-jdk1.4-unpublished/src/test/java/org/apache/cayenne/access/NumericTypesTest.java,cayenne/framework/cayenne-jdk1.4-unpublished/src/test/java/org/apache/cayenne/access/NumericTypesTest.java.NumericTypesTest.testBigDecimal.Feature Envy,3.0M1,3.0M1,3.0B1,1
cayenne,3.0M1,org.apache.cayenne.access,NumericTypesTest,testBigInteger,Feature Envy,"designitejava,checkstyle",cayenne/framework/cayenne-jdk1.4-unpublished/src/test/java/org/apache/cayenne/access/NumericTypesTest.java,cayenne/framework/cayenne-jdk1.4-unpublished/src/test/java/org/apache/cayenne/access/NumericTypesTest.java.NumericTypesTest.testBigInteger.Feature Envy,3.0M1,3.0M1,3.0B1,1
cayenne,3.0M1,org.apache.cayenne.access,NumericTypesTest,testBooleanBit,Feature Envy,"designitejava,checkstyle",cayenne/framework/cayenne-jdk1.4-unpublished/src/test/java/org/apache/cayenne/access/NumericTypesTest.java,cayenne/framework/cayenne-jdk1.4-unpublished/src/test/java/org/apache/cayenne/access/NumericTypesTest.java.NumericTypesTest.testBooleanBit.Feature Envy,3.0M1,3.0M1,3.0B1,1
cayenne,3.0M1,org.apache.cayenne.access,NumericTypesTest,testBooleanBoolean,Feature Envy,"designitejava,checkstyle",cayenne/framework/cayenne-jdk1.4-unpublished/src/test/java/org/apache/cayenne/access/NumericTypesTest.java,cayenne/framework/cayenne-jdk1.4-unpublished/src/test/java/org/apache/cayenne/access/NumericTypesTest.java.NumericTypesTest.testBooleanBoolean.Feature Envy,3.0M1,3.0M1,3.0B1,1
cayenne,3.0M1,org.apache.cayenne.access,NumericTypesTest,testLong,Feature Envy,"designitejava,checkstyle",cayenne/framework/cayenne-jdk1.4-unpublished/src/test/java/org/apache/cayenne/access/NumericTypesTest.java,cayenne/framework/cayenne-jdk1.4-unpublished/src/test/java/org/apache/cayenne/access/NumericTypesTest.java.NumericTypesTest.testLong.Feature Envy,3.0M1,3.0M1,3.0B1,1
cayenne,3.0M1,org.apache.cayenne.access,OptimisticLockingTest,testFailLockingOnToOne,Feature Envy,"designitejava,checkstyle",cayenne/framework/cayenne-jdk1.4-unpublished/src/test/java/org/apache/cayenne/access/OptimisticLockingTest.java,cayenne/framework/cayenne-jdk1.4-unpublished/src/test/java/org/apache/cayenne/access/OptimisticLockingTest.java.OptimisticLockingTest.testFailLockingOnToOne.Feature Envy,3.0M1,3.0M1,3.0B1,1
cayenne,3.0M1,org.apache.cayenne.access,OptimisticLockingTest,testSuccessLockingOnMixed,Feature Envy,"designitejava,checkstyle",cayenne/framework/cayenne-jdk1.4-unpublished/src/test/java/org/apache/cayenne/access/OptimisticLockingTest.java,cayenne/framework/cayenne-jdk1.4-unpublished/src/test/java/org/apache/cayenne/access/OptimisticLockingTest.java.OptimisticLockingTest.testSuccessLockingOnMixed.Feature Envy,3.0M1,3.0M1,3.0B1,1
cayenne,3.0M1,org.apache.cayenne.access,ToManyListTest,testRealRelationship,Feature Envy,"designitejava,checkstyle",cayenne/framework/cayenne-jdk1.4-unpublished/src/test/java/org/apache/cayenne/access/ToManyListTest.java,cayenne/framework/cayenne-jdk1.4-unpublished/src/test/java/org/apache/cayenne/access/ToManyListTest.java.ToManyListTest.testRealRelationship.Feature Envy,3.0M1,3.0M1,3.0B1,1
cayenne,3.0M1,org.apache.cayenne.access,ToManyListTest,testRealRelationshipRollback,Feature Envy,"designitejava,checkstyle",cayenne/framework/cayenne-jdk1.4-unpublished/src/test/java/org/apache/cayenne/access/ToManyListTest.java,cayenne/framework/cayenne-jdk1.4-unpublished/src/test/java/org/apache/cayenne/access/ToManyListTest.java.ToManyListTest.testRealRelationshipRollback.Feature Envy,3.0M1,3.0M1,3.0B1,1
cayenne,3.0M1,org.apache.cayenne.access,ToManyListTest,testThrowOutDeleted,Feature Envy,"designitejava,checkstyle",cayenne/framework/cayenne-jdk1.4-unpublished/src/test/java/org/apache/cayenne/access/ToManyListTest.java,cayenne/framework/cayenne-jdk1.4-unpublished/src/test/java/org/apache/cayenne/access/ToManyListTest.java.ToManyListTest.testThrowOutDeleted.Feature Envy,3.0M1,3.0M1,3.0B1,1
cayenne,3.0M1,org.apache.cayenne.tools,CayenneGeneratorv1_2Test,testCrossDataMapRelationships,Feature Envy,"designitejava,checkstyle",cayenne/framework/cayenne-jdk1.4-unpublished/src/test/java/org/apache/cayenne/tools/CayenneGeneratorv1_2Test.java,cayenne/framework/cayenne-jdk1.4-unpublished/src/test/java/org/apache/cayenne/tools/CayenneGeneratorv1_2Test.java.CayenneGeneratorv1_2Test.testCrossDataMapRelationships.Feature Envy,3.0M1,3.0M1,3.0B1,1
cayenne,3.0M1,org.apache.cayenne.tools,CayenneGeneratorv1_2Test,testCrossDataMapRelationships_v1_1,Feature Envy,"designitejava,checkstyle",cayenne/framework/cayenne-jdk1.4-unpublished/src/test/java/org/apache/cayenne/tools/CayenneGeneratorv1_2Test.java,cayenne/framework/cayenne-jdk1.4-unpublished/src/test/java/org/apache/cayenne/tools/CayenneGeneratorv1_2Test.java.CayenneGeneratorv1_2Test.testCrossDataMapRelationships_v1_1.Feature Envy,3.0M1,3.0M1,3.0B1,1
cayenne,3.0M1,org.apache.cayenne.unit,AbstractAccessStack,dbEntitiesInInsertOrder,Complex Method,"designitejava,pmd,checkstyle",cayenne/framework/cayenne-jdk1.4-unpublished/src/test/java/org/apache/cayenne/unit/AbstractAccessStack.java,cayenne/framework/cayenne-jdk1.4-unpublished/src/test/java/org/apache/cayenne/unit/AbstractAccessStack.java.AbstractAccessStack.dbEntitiesInInsertOrder.Complex Method,3.0M1,3.0M1,3.0B1,1
cayenne,3.0M1,org.apache.cayenne.unit,CayenneResources,createDataSource,Feature Envy,"designitejava,checkstyle",cayenne/framework/cayenne-jdk1.4-unpublished/src/test/java/org/apache/cayenne/unit/CayenneResources.java,cayenne/framework/cayenne-jdk1.4-unpublished/src/test/java/org/apache/cayenne/unit/CayenneResources.java.CayenneResources.createDataSource.Feature Envy,3.0M1,3.0M1,3.0B1,1
cayenne,3.0M1,org.apache.cayenne.enhancer,AccessorVisitor,visit,Long Parameter List,"designitejava,checkstyle",cayenne/framework/cayenne-jdk1.5-unpublished/src/main/java/org/apache/cayenne/enhancer/AccessorVisitor.java,cayenne/framework/cayenne-jdk1.5-unpublished/src/main/java/org/apache/cayenne/enhancer/AccessorVisitor.java.AccessorVisitor.visit.Long Parameter List,3.0M1,3.0M1,3.0B1,1
cayenne,3.0M1,org.apache.cayenne.enhancer,PersistentInterfaceVisitor,visit,Long Parameter List,"designitejava,checkstyle",cayenne/framework/cayenne-jdk1.5-unpublished/src/main/java/org/apache/cayenne/enhancer/PersistentInterfaceVisitor.java,cayenne/framework/cayenne-jdk1.5-unpublished/src/main/java/org/apache/cayenne/enhancer/PersistentInterfaceVisitor.java.PersistentInterfaceVisitor.visit.Long Parameter List,3.0M1,3.0M1,3.0B1,1
cayenne,3.0M1,org.apache.cayenne.jpa.conf,EntityMapAnnotationLoader,loadClassMapping,Complex Method,"designitejava,pmd,checkstyle",cayenne/framework/cayenne-jpa-unpublished/src/main/java/org/apache/cayenne/jpa/conf/EntityMapAnnotationLoader.java,cayenne/framework/cayenne-jpa-unpublished/src/main/java/org/apache/cayenne/jpa/conf/EntityMapAnnotationLoader.java.EntityMapAnnotationLoader.loadClassMapping.Complex Method,3.0M1,3.0M1,3.0B1,1
cayenne,3.0M1,org.apache.cayenne.jpa.conf,UnitDescriptorParser,endElement,Complex Method,"designitejava,pmd",cayenne/framework/cayenne-jpa-unpublished/src/main/java/org/apache/cayenne/jpa/conf/UnitDescriptorParser.java,cayenne/framework/cayenne-jpa-unpublished/src/main/java/org/apache/cayenne/jpa/conf/UnitDescriptorParser.java.UnitDescriptorParser.endElement.Complex Method,3.0M1,3.0M1,3.0B1,1
cayenne,3.0M1,org.apache.cayenne.jpa.conf,UnitDescriptorParser,getPersistenceUnits,Complex Method,"designitejava,pmd",cayenne/framework/cayenne-jpa-unpublished/src/main/java/org/apache/cayenne/jpa/conf/UnitDescriptorParser.java,cayenne/framework/cayenne-jpa-unpublished/src/main/java/org/apache/cayenne/jpa/conf/UnitDescriptorParser.java.UnitDescriptorParser.getPersistenceUnits.Complex Method,3.0M1,3.0M1,3.0B1,1
cayenne,3.0M1,org.apache.cayenne.jpa.map,JpaAttributes,,God Class,"pmd,checkstyle",cayenne/framework/cayenne-jpa-unpublished/src/main/java/org/apache/cayenne/jpa/map/JpaAttributes.java,cayenne/framework/cayenne-jpa-unpublished/src/main/java/org/apache/cayenne/jpa/map/JpaAttributes.java.JpaAttributes..God Class,3.0M1,3.0M1,3.0B1,1
cayenne,3.0M1,org.apache.cayenne.jpa.map,JpaAttributes,getAttribute,Complex Method,"designitejava,checkstyle",cayenne/framework/cayenne-jpa-unpublished/src/main/java/org/apache/cayenne/jpa/map/JpaAttributes.java,cayenne/framework/cayenne-jpa-unpublished/src/main/java/org/apache/cayenne/jpa/map/JpaAttributes.java.JpaAttributes.getAttribute.Complex Method,3.0M1,3.0M1,3.0B1,1
cayenne,3.0M1,org.apache.cayenne.jpa.map,JpaAttributes,size,Complex Method,"designitejava,checkstyle",cayenne/framework/cayenne-jpa-unpublished/src/main/java/org/apache/cayenne/jpa/map/JpaAttributes.java,cayenne/framework/cayenne-jpa-unpublished/src/main/java/org/apache/cayenne/jpa/map/JpaAttributes.java.JpaAttributes.size.Complex Method,3.0M1,3.0M1,3.0B1,1
cayenne,3.0M1,org.apache.cayenne.jpa.map,JpaClassDescriptor,compileProperties,Complex Method,"designitejava,pmd,checkstyle",cayenne/framework/cayenne-jpa-unpublished/src/main/java/org/apache/cayenne/jpa/map/JpaClassDescriptor.java,cayenne/framework/cayenne-jpa-unpublished/src/main/java/org/apache/cayenne/jpa/map/JpaClassDescriptor.java.JpaClassDescriptor.compileProperties.Complex Method,3.0M1,3.0M1,3.0B1,1
cayenne,3.0M1,org.apache.cayenne.jpa.map,JpaEntityMap,containsManagedClass,Complex Method,"designitejava,pmd,checkstyle",cayenne/framework/cayenne-jpa-unpublished/src/main/java/org/apache/cayenne/jpa/map/JpaEntityMap.java,cayenne/framework/cayenne-jpa-unpublished/src/main/java/org/apache/cayenne/jpa/map/JpaEntityMap.java.JpaEntityMap.containsManagedClass.Complex Method,3.0M1,3.0M1,3.0B1,1
cayenne,3.0M1,org.apache.cayenne.util,TraversalUtil,traverse,Complex Method,"designitejava,pmd,checkstyle",cayenne/framework/cayenne-jpa-unpublished/src/main/java/org/apache/cayenne/util/TraversalUtil.java,cayenne/framework/cayenne-jpa-unpublished/src/main/java/org/apache/cayenne/util/TraversalUtil.java.TraversalUtil.traverse.Complex Method,3.0M1,3.0M1,3.0B1,1
cayenne,3.0M1,org.apache.cayenne.modeler,ProjectController,,God Class,"pmd,checkstyle",cayenne/framework/cayenne-modeler/src/main/java/org/apache/cayenne/modeler/ProjectController.java,cayenne/framework/cayenne-modeler/src/main/java/org/apache/cayenne/modeler/ProjectController.java.ProjectController..God Class,3.0M1,3.0M1,3.0B1,1
cayenne,3.0M1,org.apache.cayenne.modeler,ProjectController,fireNavigationEvent,Complex Method,"designitejava,pmd,checkstyle",cayenne/framework/cayenne-modeler/src/main/java/org/apache/cayenne/modeler/ProjectController.java,cayenne/framework/cayenne-modeler/src/main/java/org/apache/cayenne/modeler/ProjectController.java.ProjectController.fireNavigationEvent.Complex Method,3.0M1,3.0M1,3.0B1,1
cayenne,3.0M1,org.apache.cayenne.modeler,ProjectController,removeFromHistory,Complex Method,"designitejava,pmd,checkstyle",cayenne/framework/cayenne-modeler/src/main/java/org/apache/cayenne/modeler/ProjectController.java,cayenne/framework/cayenne-modeler/src/main/java/org/apache/cayenne/modeler/ProjectController.java.ProjectController.removeFromHistory.Complex Method,3.0M1,3.0M1,3.0B1,1
cayenne,3.0M1,org.apache.cayenne.modeler,ProjectController,removeFromHistory,Feature Envy,"designitejava,checkstyle",cayenne/framework/cayenne-modeler/src/main/java/org/apache/cayenne/modeler/ProjectController.java,cayenne/framework/cayenne-modeler/src/main/java/org/apache/cayenne/modeler/ProjectController.java.ProjectController.removeFromHistory.Feature Envy,3.0M1,3.0M1,3.0B1,1
cayenne,3.0M1,org.apache.cayenne.modeler,ProjectTreeModel,positionNode,Complex Method,"designitejava,pmd,checkstyle",cayenne/framework/cayenne-modeler/src/main/java/org/apache/cayenne/modeler/ProjectTreeModel.java,cayenne/framework/cayenne-modeler/src/main/java/org/apache/cayenne/modeler/ProjectTreeModel.java.ProjectTreeModel.positionNode.Complex Method,3.0M1,3.0M1,3.0B1,1
cayenne,3.0M1,org.apache.cayenne.modeler,ProjectTreeView,,God Class,"pmd,checkstyle",cayenne/framework/cayenne-modeler/src/main/java/org/apache/cayenne/modeler/ProjectTreeView.java,cayenne/framework/cayenne-modeler/src/main/java/org/apache/cayenne/modeler/ProjectTreeView.java.ProjectTreeView..God Class,3.0M1,3.0M1,3.0B1,1
cayenne,3.0M1,org.apache.cayenne.modeler,ProjectTreeView,dataNodeChanged,Complex Method,"designitejava,pmd,checkstyle",cayenne/framework/cayenne-modeler/src/main/java/org/apache/cayenne/modeler/ProjectTreeView.java,cayenne/framework/cayenne-modeler/src/main/java/org/apache/cayenne/modeler/ProjectTreeView.java.ProjectTreeView.dataNodeChanged.Complex Method,3.0M1,3.0M1,3.0B1,1
cayenne,3.0M1,org.apache.cayenne.modeler,ProjectTreeView,processSelection,Complex Method,"designitejava,pmd,checkstyle",cayenne/framework/cayenne-modeler/src/main/java/org/apache/cayenne/modeler/ProjectTreeView.java,cayenne/framework/cayenne-modeler/src/main/java/org/apache/cayenne/modeler/ProjectTreeView.java.ProjectTreeView.processSelection.Complex Method,3.0M1,3.0M1,3.0B1,1
cayenne,3.0M1,org.apache.cayenne.modeler.action,ProjectOpener,newProjectDir,Complex Method,"designitejava,pmd",cayenne/framework/cayenne-modeler/src/main/java/org/apache/cayenne/modeler/action/ProjectOpener.java,cayenne/framework/cayenne-modeler/src/main/java/org/apache/cayenne/modeler/action/ProjectOpener.java.ProjectOpener.newProjectDir.Complex Method,3.0M1,3.0M1,3.0B1,1
cayenne,3.0M1,org.apache.cayenne.modeler.dialog,AboutDialog,getLicenseString,Complex Method,"designitejava,pmd,checkstyle",cayenne/framework/cayenne-modeler/src/main/java/org/apache/cayenne/modeler/dialog/AboutDialog.java,cayenne/framework/cayenne-modeler/src/main/java/org/apache/cayenne/modeler/dialog/AboutDialog.java.AboutDialog.getLicenseString.Complex Method,3.0M1,3.0M1,3.0B1,1
cayenne,3.0M1,org.apache.cayenne.modeler.dialog,ResolveDbRelationshipDialog,save,Complex Method,"designitejava,pmd,checkstyle",cayenne/framework/cayenne-modeler/src/main/java/org/apache/cayenne/modeler/dialog/ResolveDbRelationshipDialog.java,cayenne/framework/cayenne-modeler/src/main/java/org/apache/cayenne/modeler/dialog/ResolveDbRelationshipDialog.java.ResolveDbRelationshipDialog.save.Complex Method,3.0M1,3.0M1,3.0B1,1
cayenne,3.0M1,org.apache.cayenne.modeler.dialog.codegen,CustomModeController,CustomModeController,Feature Envy,"designitejava,checkstyle",cayenne/framework/cayenne-modeler/src/main/java/org/apache/cayenne/modeler/dialog/codegen/CustomModeController.java,cayenne/framework/cayenne-modeler/src/main/java/org/apache/cayenne/modeler/dialog/codegen/CustomModeController.java.CustomModeController.CustomModeController.Feature Envy,3.0M1,3.0M1,3.0B1,1
cayenne,3.0M1,org.apache.cayenne.modeler.dialog.codegen,CustomModeController,createGenerator,Feature Envy,"designitejava,checkstyle",cayenne/framework/cayenne-modeler/src/main/java/org/apache/cayenne/modeler/dialog/codegen/CustomModeController.java,cayenne/framework/cayenne-modeler/src/main/java/org/apache/cayenne/modeler/dialog/codegen/CustomModeController.java.CustomModeController.createGenerator.Feature Envy,3.0M1,3.0M1,3.0B1,1
cayenne,3.0M1,org.apache.cayenne.modeler.dialog.codegen,GeneratorController,validateRelationship,Complex Method,"designitejava,pmd",cayenne/framework/cayenne-modeler/src/main/java/org/apache/cayenne/modeler/dialog/codegen/GeneratorController.java,cayenne/framework/cayenne-modeler/src/main/java/org/apache/cayenne/modeler/dialog/codegen/GeneratorController.java.GeneratorController.validateRelationship.Complex Method,3.0M1,3.0M1,3.0B1,1
cayenne,3.0M1,org.apache.cayenne.modeler.dialog.datamap,LockingUpdateController,updateAction,Complex Method,"designitejava,pmd,checkstyle",cayenne/framework/cayenne-modeler/src/main/java/org/apache/cayenne/modeler/dialog/datamap/LockingUpdateController.java,cayenne/framework/cayenne-modeler/src/main/java/org/apache/cayenne/modeler/dialog/datamap/LockingUpdateController.java.LockingUpdateController.updateAction.Complex Method,3.0M1,3.0M1,3.0B1,1
cayenne,3.0M1,org.apache.cayenne.modeler.dialog.datamap,SchemaUpdateController,updateSchema,Complex Method,"designitejava,pmd",cayenne/framework/cayenne-modeler/src/main/java/org/apache/cayenne/modeler/dialog/datamap/SchemaUpdateController.java,cayenne/framework/cayenne-modeler/src/main/java/org/apache/cayenne/modeler/dialog/datamap/SchemaUpdateController.java.SchemaUpdateController.updateSchema.Complex Method,3.0M1,3.0M1,3.0B1,1
cayenne,3.0M1,org.apache.cayenne.modeler.dialog.db,DBGeneratorOptions,initController,Feature Envy,"designitejava,checkstyle",cayenne/framework/cayenne-modeler/src/main/java/org/apache/cayenne/modeler/dialog/db/DBGeneratorOptions.java,cayenne/framework/cayenne-modeler/src/main/java/org/apache/cayenne/modeler/dialog/db/DBGeneratorOptions.java.DBGeneratorOptions.initController.Feature Envy,3.0M1,3.0M1,3.0B1,1
cayenne,3.0M1,org.apache.cayenne.modeler.dialog.db,TableSelectorController,updateTables,Complex Method,"designitejava,pmd,checkstyle",cayenne/framework/cayenne-modeler/src/main/java/org/apache/cayenne/modeler/dialog/db/TableSelectorController.java,cayenne/framework/cayenne-modeler/src/main/java/org/apache/cayenne/modeler/dialog/db/TableSelectorController.java.TableSelectorController.updateTables.Complex Method,3.0M1,3.0M1,3.0B1,1
cayenne,3.0M1,org.apache.cayenne.modeler.dialog.objentity,ClassNameUpdater,doNameUpdate,Complex Method,"designitejava,pmd,checkstyle",cayenne/framework/cayenne-modeler/src/main/java/org/apache/cayenne/modeler/dialog/objentity/ClassNameUpdater.java,cayenne/framework/cayenne-modeler/src/main/java/org/apache/cayenne/modeler/dialog/objentity/ClassNameUpdater.java.ClassNameUpdater.doNameUpdate.Complex Method,3.0M1,3.0M1,3.0B1,1
cayenne,3.0M1,org.apache.cayenne.modeler.dialog.objentity,ObjRelationshipInfoModel,savePath,Complex Method,"designitejava,pmd",cayenne/framework/cayenne-modeler/src/main/java/org/apache/cayenne/modeler/dialog/objentity/ObjRelationshipInfoModel.java,cayenne/framework/cayenne-modeler/src/main/java/org/apache/cayenne/modeler/dialog/objentity/ObjRelationshipInfoModel.java.ObjRelationshipInfoModel.savePath.Complex Method,3.0M1,3.0M1,3.0B1,1
cayenne,3.0M1,org.apache.cayenne.modeler.dialog.pref,DBConnectionInfoEditor,initBindings,Feature Envy,"designitejava,checkstyle",cayenne/framework/cayenne-modeler/src/main/java/org/apache/cayenne/modeler/dialog/pref/DBConnectionInfoEditor.java,cayenne/framework/cayenne-modeler/src/main/java/org/apache/cayenne/modeler/dialog/pref/DBConnectionInfoEditor.java.DBConnectionInfoEditor.initBindings.Feature Envy,3.0M1,3.0M1,3.0B1,1
cayenne,3.0M1,org.apache.cayenne.modeler.dialog.pref,TemplatePreferences,initBindings,Feature Envy,"designitejava,checkstyle",cayenne/framework/cayenne-modeler/src/main/java/org/apache/cayenne/modeler/dialog/pref/TemplatePreferences.java,cayenne/framework/cayenne-modeler/src/main/java/org/apache/cayenne/modeler/dialog/pref/TemplatePreferences.java.TemplatePreferences.initBindings.Feature Envy,3.0M1,3.0M1,3.0B1,1
cayenne,3.0M1,org.apache.cayenne.modeler.editor,DataDomainView,setDomainName,Feature Envy,"designitejava,checkstyle",cayenne/framework/cayenne-modeler/src/main/java/org/apache/cayenne/modeler/editor/DataDomainView.java,cayenne/framework/cayenne-modeler/src/main/java/org/apache/cayenne/modeler/editor/DataDomainView.java.DataDomainView.setDomainName.Feature Envy,3.0M1,3.0M1,3.0B1,1
cayenne,3.0M1,org.apache.cayenne.modeler.editor,DataMapView,setDataMapName,Feature Envy,"designitejava,checkstyle",cayenne/framework/cayenne-modeler/src/main/java/org/apache/cayenne/modeler/editor/DataMapView.java,cayenne/framework/cayenne-modeler/src/main/java/org/apache/cayenne/modeler/editor/DataMapView.java.DataMapView.setDataMapName.Feature Envy,3.0M1,3.0M1,3.0B1,1
cayenne,3.0M1,org.apache.cayenne.modeler.editor,DataMapView,setDataNode,Feature Envy,"designitejava,checkstyle",cayenne/framework/cayenne-modeler/src/main/java/org/apache/cayenne/modeler/editor/DataMapView.java,cayenne/framework/cayenne-modeler/src/main/java/org/apache/cayenne/modeler/editor/DataMapView.java.DataMapView.setDataNode.Feature Envy,3.0M1,3.0M1,3.0B1,1
cayenne,3.0M1,org.apache.cayenne.modeler.editor,DataMapView,setDefaultPackage,Feature Envy,"designitejava,checkstyle",cayenne/framework/cayenne-modeler/src/main/java/org/apache/cayenne/modeler/editor/DataMapView.java,cayenne/framework/cayenne-modeler/src/main/java/org/apache/cayenne/modeler/editor/DataMapView.java.DataMapView.setDefaultPackage.Feature Envy,3.0M1,3.0M1,3.0B1,1
cayenne,3.0M1,org.apache.cayenne.modeler.editor,EditorView,initController,Feature Envy,"designitejava,checkstyle",cayenne/framework/cayenne-modeler/src/main/java/org/apache/cayenne/modeler/editor/EditorView.java,cayenne/framework/cayenne-modeler/src/main/java/org/apache/cayenne/modeler/editor/EditorView.java.EditorView.initController.Feature Envy,3.0M1,3.0M1,3.0B1,1
cayenne,3.0M1,org.apache.cayenne.modeler.editor,ObjEntityAttributeTab,processExistingSelection,Feature Envy,"designitejava,checkstyle",cayenne/framework/cayenne-modeler/src/main/java/org/apache/cayenne/modeler/editor/ObjEntityAttributeTab.java,cayenne/framework/cayenne-modeler/src/main/java/org/apache/cayenne/modeler/editor/ObjEntityAttributeTab.java.ObjEntityAttributeTab.processExistingSelection.Feature Envy,3.0M1,3.0M1,3.0B1,1
cayenne,3.0M1,org.apache.cayenne.modeler.editor,ObjEntityRelationshipTab,processExistingSelection,Feature Envy,"designitejava,checkstyle",cayenne/framework/cayenne-modeler/src/main/java/org/apache/cayenne/modeler/editor/ObjEntityRelationshipTab.java,cayenne/framework/cayenne-modeler/src/main/java/org/apache/cayenne/modeler/editor/ObjEntityRelationshipTab.java.ObjEntityRelationshipTab.processExistingSelection.Feature Envy,3.0M1,3.0M1,3.0B1,1
cayenne,3.0M1,org.apache.cayenne.modeler.editor,ObjEntityTab,processExistingSelection,Feature Envy,"designitejava,checkstyle",cayenne/framework/cayenne-modeler/src/main/java/org/apache/cayenne/modeler/editor/ObjEntityTab.java,cayenne/framework/cayenne-modeler/src/main/java/org/apache/cayenne/modeler/editor/ObjEntityTab.java.ObjEntityTab.processExistingSelection.Feature Envy,3.0M1,3.0M1,3.0B1,1
cayenne,3.0M1,org.apache.cayenne.modeler.editor,ObjEntityTabbedView,initController,Feature Envy,"designitejava,checkstyle",cayenne/framework/cayenne-modeler/src/main/java/org/apache/cayenne/modeler/editor/ObjEntityTabbedView.java,cayenne/framework/cayenne-modeler/src/main/java/org/apache/cayenne/modeler/editor/ObjEntityTabbedView.java.ObjEntityTabbedView.initController.Feature Envy,3.0M1,3.0M1,3.0B1,1
cayenne,3.0M1,org.apache.cayenne.modeler.editor,ObjRelationshipTableModel,setUpdatedValueAt,Complex Method,"designitejava,pmd",cayenne/framework/cayenne-modeler/src/main/java/org/apache/cayenne/modeler/editor/ObjRelationshipTableModel.java,cayenne/framework/cayenne-modeler/src/main/java/org/apache/cayenne/modeler/editor/ObjRelationshipTableModel.java.ObjRelationshipTableModel.setUpdatedValueAt.Complex Method,3.0M1,3.0M1,3.0B1,1
cayenne,3.0M1,org.apache.cayenne.modeler.editor,ProcedureQueryView,setQueryName,Feature Envy,"designitejava,checkstyle",cayenne/framework/cayenne-modeler/src/main/java/org/apache/cayenne/modeler/editor/ProcedureQueryView.java,cayenne/framework/cayenne-modeler/src/main/java/org/apache/cayenne/modeler/editor/ProcedureQueryView.java.ProcedureQueryView.setQueryName.Feature Envy,3.0M1,3.0M1,3.0B1,1
cayenne,3.0M1,org.apache.cayenne.modeler.editor,ProcedureTab,processExistingSelection,Feature Envy,"designitejava,checkstyle",cayenne/framework/cayenne-modeler/src/main/java/org/apache/cayenne/modeler/editor/ProcedureTab.java,cayenne/framework/cayenne-modeler/src/main/java/org/apache/cayenne/modeler/editor/ProcedureTab.java.ProcedureTab.processExistingSelection.Feature Envy,3.0M1,3.0M1,3.0B1,1
cayenne,3.0M1,org.apache.cayenne.modeler.editor,ProcedureTab,setProcedureName,Feature Envy,"designitejava,checkstyle",cayenne/framework/cayenne-modeler/src/main/java/org/apache/cayenne/modeler/editor/ProcedureTab.java,cayenne/framework/cayenne-modeler/src/main/java/org/apache/cayenne/modeler/editor/ProcedureTab.java.ProcedureTab.setProcedureName.Feature Envy,3.0M1,3.0M1,3.0B1,1
cayenne,3.0M1,org.apache.cayenne.modeler.editor,SQLTemplateScriptsTab,disableEditor,Feature Envy,"designitejava,checkstyle",cayenne/framework/cayenne-modeler/src/main/java/org/apache/cayenne/modeler/editor/SQLTemplateScriptsTab.java,cayenne/framework/cayenne-modeler/src/main/java/org/apache/cayenne/modeler/editor/SQLTemplateScriptsTab.java.SQLTemplateScriptsTab.disableEditor.Feature Envy,3.0M1,3.0M1,3.0B1,1
cayenne,3.0M1,org.apache.cayenne.modeler.editor.datanode,JDBCDataSourceEditor,prepareBindings,Feature Envy,"designitejava,checkstyle",cayenne/framework/cayenne-modeler/src/main/java/org/apache/cayenne/modeler/editor/datanode/JDBCDataSourceEditor.java,cayenne/framework/cayenne-modeler/src/main/java/org/apache/cayenne/modeler/editor/datanode/JDBCDataSourceEditor.java.JDBCDataSourceEditor.prepareBindings.Feature Envy,3.0M1,3.0M1,3.0B1,1
cayenne,3.0M1,org.apache.cayenne.modeler.editor.dbentity,DbAttributeTableModel,setPrimaryKey,Complex Method,"designitejava,pmd",cayenne/framework/cayenne-modeler/src/main/java/org/apache/cayenne/modeler/editor/dbentity/DbAttributeTableModel.java,cayenne/framework/cayenne-modeler/src/main/java/org/apache/cayenne/modeler/editor/dbentity/DbAttributeTableModel.java.DbAttributeTableModel.setPrimaryKey.Complex Method,3.0M1,3.0M1,3.0B1,1
cayenne,3.0M1,org.apache.cayenne.modeler.editor.dbentity,DbEntityAttributeTab,processExistingSelection,Feature Envy,"designitejava,checkstyle",cayenne/framework/cayenne-modeler/src/main/java/org/apache/cayenne/modeler/editor/dbentity/DbEntityAttributeTab.java,cayenne/framework/cayenne-modeler/src/main/java/org/apache/cayenne/modeler/editor/dbentity/DbEntityAttributeTab.java.DbEntityAttributeTab.processExistingSelection.Feature Envy,3.0M1,3.0M1,3.0B1,1
cayenne,3.0M1,org.apache.cayenne.modeler.editor.dbentity,DbEntityRelationshipTab,processExistingSelection,Feature Envy,"designitejava,checkstyle",cayenne/framework/cayenne-modeler/src/main/java/org/apache/cayenne/modeler/editor/dbentity/DbEntityRelationshipTab.java,cayenne/framework/cayenne-modeler/src/main/java/org/apache/cayenne/modeler/editor/dbentity/DbEntityRelationshipTab.java.DbEntityRelationshipTab.processExistingSelection.Feature Envy,3.0M1,3.0M1,3.0B1,1
cayenne,3.0M1,org.apache.cayenne.modeler.editor.dbentity,DbEntityTab,currentDbEntityChanged,Complex Method,"designitejava,pmd",cayenne/framework/cayenne-modeler/src/main/java/org/apache/cayenne/modeler/editor/dbentity/DbEntityTab.java,cayenne/framework/cayenne-modeler/src/main/java/org/apache/cayenne/modeler/editor/dbentity/DbEntityTab.java.DbEntityTab.currentDbEntityChanged.Complex Method,3.0M1,3.0M1,3.0B1,1
cayenne,3.0M1,org.apache.cayenne.modeler.editor.dbentity,DbEntityTab,processExistingSelection,Feature Envy,"designitejava,checkstyle",cayenne/framework/cayenne-modeler/src/main/java/org/apache/cayenne/modeler/editor/dbentity/DbEntityTab.java,cayenne/framework/cayenne-modeler/src/main/java/org/apache/cayenne/modeler/editor/dbentity/DbEntityTab.java.DbEntityTab.processExistingSelection.Feature Envy,3.0M1,3.0M1,3.0B1,1
cayenne,3.0M1,org.apache.cayenne.modeler.editor.dbentity,DbRelationshipTableModel,setUpdatedValueAt,Complex Method,"designitejava,pmd",cayenne/framework/cayenne-modeler/src/main/java/org/apache/cayenne/modeler/editor/dbentity/DbRelationshipTableModel.java,cayenne/framework/cayenne-modeler/src/main/java/org/apache/cayenne/modeler/editor/dbentity/DbRelationshipTableModel.java.DbRelationshipTableModel.setUpdatedValueAt.Complex Method,3.0M1,3.0M1,3.0B1,1
cayenne,3.0M1,org.apache.cayenne.modeler.util,CellRenderers,iconForObject,Complex Method,"designitejava,pmd,checkstyle",cayenne/framework/cayenne-modeler/src/main/java/org/apache/cayenne/modeler/util/CellRenderers.java,cayenne/framework/cayenne-modeler/src/main/java/org/apache/cayenne/modeler/util/CellRenderers.java.CellRenderers.iconForObject.Complex Method,3.0M1,3.0M1,3.0B1,1
cayenne,3.0M1,org.apache.cayenne.modeler.util,CircularArray,remove,Complex Method,"designitejava,pmd,checkstyle",cayenne/framework/cayenne-modeler/src/main/java/org/apache/cayenne/modeler/util/CircularArray.java,cayenne/framework/cayenne-modeler/src/main/java/org/apache/cayenne/modeler/util/CircularArray.java.CircularArray.remove.Complex Method,3.0M1,3.0M1,3.0B1,1
cayenne,3.0M1,org.apache.cayenne.modeler.util,ProjectUtil,cleanObjMappings,Complex Method,"designitejava,pmd,checkstyle",cayenne/framework/cayenne-modeler/src/main/java/org/apache/cayenne/modeler/util/ProjectUtil.java,cayenne/framework/cayenne-modeler/src/main/java/org/apache/cayenne/modeler/util/ProjectUtil.java.ProjectUtil.cleanObjMappings.Complex Method,3.0M1,3.0M1,3.0B1,1
cayenne,3.0M1,org.apache.cayenne.swing,BindingBase,setValue,Complex Method,"designitejava,checkstyle",cayenne/framework/cayenne-modeler/src/main/java/org/apache/cayenne/swing/BindingBase.java,cayenne/framework/cayenne-modeler/src/main/java/org/apache/cayenne/swing/BindingBase.java.BindingBase.setValue.Complex Method,3.0M1,3.0M1,3.0B1,1
cayenne,3.0M1,org.apache.cayenne.swing,BindingFactory,bindToTable,Long Parameter List,"designitejava,checkstyle",cayenne/framework/cayenne-modeler/src/main/java/org/apache/cayenne/swing/BindingFactory.java,cayenne/framework/cayenne-modeler/src/main/java/org/apache/cayenne/swing/BindingFactory.java.BindingFactory.bindToTable.Long Parameter List,3.0M1,3.0M1,3.0B1,1
cayenne,3.0M1,org.apache.cayenne.modeler.util,CircularArrayTest,testArray,Complex Method,"designitejava,pmd,checkstyle",cayenne/framework/cayenne-modeler/src/test/java/org/apache/cayenne/modeler/util/CircularArrayTest.java,cayenne/framework/cayenne-modeler/src/test/java/org/apache/cayenne/modeler/util/CircularArrayTest.java.CircularArrayTest.testArray.Complex Method,3.0M1,3.0M1,3.0B1,1
cayenne,5.0-M1,org.apache.cayenne,Cayenne,readNestedProperty,Complex Method,"designitejava,pmd,checkstyle",cayenne/src/main/java/org/apache/cayenne/Cayenne.java,cayenne/src/main/java/org/apache/cayenne/Cayenne.java.Cayenne.readNestedProperty.Complex Method,5.0-M1,5.0-M1,5.0-M1,1
cayenne,5.0-M1,org.apache.cayenne,ObjectContextChangeLog,unregisterNode,Complex Method,"designitejava,pmd",cayenne/src/main/java/org/apache/cayenne/ObjectContextChangeLog.java,cayenne/src/main/java/org/apache/cayenne/ObjectContextChangeLog.java.ObjectContextChangeLog.unregisterNode.Complex Method,5.0-M1,5.0-M1,5.0-M1,1
cayenne,5.0-M1,org.apache.cayenne,PersistentObject,,God Class,"pmd,checkstyle",cayenne/src/main/java/org/apache/cayenne/PersistentObject.java,cayenne/src/main/java/org/apache/cayenne/PersistentObject.java.PersistentObject..God Class,5.0-M1,5.0-M1,5.0-M1,1
cayenne,5.0-M1,org.apache.cayenne,PersistentObject,validateForSave,Complex Method,"designitejava,pmd,checkstyle",cayenne/src/main/java/org/apache/cayenne/PersistentObject.java,cayenne/src/main/java/org/apache/cayenne/PersistentObject.java.PersistentObject.validateForSave.Complex Method,5.0-M1,5.0-M1,5.0-M1,1
cayenne,5.0-M1,org.apache.cayenne.access,DataContext,,God Class,"pmd,checkstyle",cayenne/src/main/java/org/apache/cayenne/access/DataContext.java,cayenne/src/main/java/org/apache/cayenne/access/DataContext.java.DataContext..God Class,5.0-M1,5.0-M1,5.0-M1,1
cayenne,5.0-M1,org.apache.cayenne.access,DataContextDeleteAction,processDeleteRules,Complex Method,"designitejava,pmd,checkstyle",cayenne/src/main/java/org/apache/cayenne/access/DataContextDeleteAction.java,cayenne/src/main/java/org/apache/cayenne/access/DataContextDeleteAction.java.DataContextDeleteAction.processDeleteRules.Complex Method,5.0-M1,5.0-M1,5.0-M1,1
cayenne,5.0-M1,org.apache.cayenne.access,DataContextObjectCreator,injectInitialValue,Feature Envy,"designitejava,checkstyle",cayenne/src/main/java/org/apache/cayenne/access/DataContextObjectCreator.java,cayenne/src/main/java/org/apache/cayenne/access/DataContextObjectCreator.java.DataContextObjectCreator.injectInitialValue.Feature Envy,5.0-M1,5.0-M1,5.0-M1,1
cayenne,5.0-M1,org.apache.cayenne.access,DataContextObjectCreator,registerNewObject,Complex Method,"designitejava,pmd",cayenne/src/main/java/org/apache/cayenne/access/DataContextObjectCreator.java,cayenne/src/main/java/org/apache/cayenne/access/DataContextObjectCreator.java.DataContextObjectCreator.registerNewObject.Complex Method,5.0-M1,5.0-M1,5.0-M1,1
cayenne,5.0-M1,org.apache.cayenne.access,DataDomain,,God Class,"pmd,checkstyle",cayenne/src/main/java/org/apache/cayenne/access/DataDomain.java,cayenne/src/main/java/org/apache/cayenne/access/DataDomain.java.DataDomain..God Class,5.0-M1,5.0-M1,5.0-M1,1
cayenne,5.0-M1,org.apache.cayenne.access,DataDomain,lookupDataNode,Complex Method,"designitejava,pmd",cayenne/src/main/java/org/apache/cayenne/access/DataDomain.java,cayenne/src/main/java/org/apache/cayenne/access/DataDomain.java.DataDomain.lookupDataNode.Complex Method,5.0-M1,5.0-M1,5.0-M1,1
cayenne,5.0-M1,org.apache.cayenne.access,DataDomainQueryAction,,God Class,"pmd,checkstyle",cayenne/src/main/java/org/apache/cayenne/access/DataDomainQueryAction.java,cayenne/src/main/java/org/apache/cayenne/access/DataDomainQueryAction.java.DataDomainQueryAction..God Class,5.0-M1,5.0-M1,5.0-M1,1
cayenne,5.0-M1,org.apache.cayenne.access,DataDomainQueryAction,interceptRefreshQuery,Complex Method,"designitejava,pmd,checkstyle",cayenne/src/main/java/org/apache/cayenne/access/DataDomainQueryAction.java,cayenne/src/main/java/org/apache/cayenne/access/DataDomainQueryAction.java.DataDomainQueryAction.interceptRefreshQuery.Complex Method,5.0-M1,5.0-M1,5.0-M1,1
cayenne,5.0-M1,org.apache.cayenne.access,DataDomainQueryAction,interceptRelationshipQuery,Complex Method,"designitejava,pmd,checkstyle",cayenne/src/main/java/org/apache/cayenne/access/DataDomainQueryAction.java,cayenne/src/main/java/org/apache/cayenne/access/DataDomainQueryAction.java.DataDomainQueryAction.interceptRelationshipQuery.Complex Method,5.0-M1,5.0-M1,5.0-M1,1
cayenne,5.0-M1,org.apache.cayenne.access,DataRowStore,processUpdatedSnapshots,Complex Method,"designitejava,pmd",cayenne/src/main/java/org/apache/cayenne/access/DataRowStore.java,cayenne/src/main/java/org/apache/cayenne/access/DataRowStore.java.DataRowStore.processUpdatedSnapshots.Complex Method,5.0-M1,5.0-M1,5.0-M1,1
cayenne,5.0-M1,org.apache.cayenne.access,DataRowStore,snapshotsUpdatedForObjects,Complex Method,"designitejava,pmd,checkstyle",cayenne/src/main/java/org/apache/cayenne/access/DataRowStore.java,cayenne/src/main/java/org/apache/cayenne/access/DataRowStore.java.DataRowStore.snapshotsUpdatedForObjects.Complex Method,5.0-M1,5.0-M1,5.0-M1,1
cayenne,5.0-M1,org.apache.cayenne.access,DataRowUtils,forceMergeWithSnapshot,Complex Method,"designitejava,pmd",cayenne/src/main/java/org/apache/cayenne/access/DataRowUtils.java,cayenne/src/main/java/org/apache/cayenne/access/DataRowUtils.java.DataRowUtils.forceMergeWithSnapshot.Complex Method,5.0-M1,5.0-M1,5.0-M1,1
cayenne,5.0-M1,org.apache.cayenne.access,DbGenerator,,God Class,"pmd,checkstyle",cayenne/src/main/java/org/apache/cayenne/access/DbGenerator.java,cayenne/src/main/java/org/apache/cayenne/access/DbGenerator.java.DbGenerator..God Class,5.0-M1,5.0-M1,5.0-M1,1
cayenne,5.0-M1,org.apache.cayenne.access,DbGenerator,createConstraintsQueries,Complex Method,"designitejava,pmd,checkstyle",cayenne/src/main/java/org/apache/cayenne/access/DbGenerator.java,cayenne/src/main/java/org/apache/cayenne/access/DbGenerator.java.DbGenerator.createConstraintsQueries.Complex Method,5.0-M1,5.0-M1,5.0-M1,1
cayenne,5.0-M1,org.apache.cayenne.access,DbGenerator,prepareDbEntities,Complex Method,"designitejava,pmd,checkstyle",cayenne/src/main/java/org/apache/cayenne/access/DbGenerator.java,cayenne/src/main/java/org/apache/cayenne/access/DbGenerator.java.DbGenerator.prepareDbEntities.Complex Method,5.0-M1,5.0-M1,5.0-M1,1
cayenne,5.0-M1,org.apache.cayenne.access,DbGenerator,runGenerator,Complex Method,"designitejava,pmd,checkstyle",cayenne/src/main/java/org/apache/cayenne/access/DbGenerator.java,cayenne/src/main/java/org/apache/cayenne/access/DbGenerator.java.DbGenerator.runGenerator.Complex Method,5.0-M1,5.0-M1,5.0-M1,1
cayenne,5.0-M1,org.apache.cayenne.access,IncrementalFaultList,,God Class,"pmd,checkstyle",cayenne/src/main/java/org/apache/cayenne/access/IncrementalFaultList.java,cayenne/src/main/java/org/apache/cayenne/access/IncrementalFaultList.java.IncrementalFaultList..God Class,5.0-M1,5.0-M1,5.0-M1,1
cayenne,5.0-M1,org.apache.cayenne.access,IncrementalFaultList,checkPageResultConsistency,Complex Method,"designitejava,pmd",cayenne/src/main/java/org/apache/cayenne/access/IncrementalFaultList.java,cayenne/src/main/java/org/apache/cayenne/access/IncrementalFaultList.java.IncrementalFaultList.checkPageResultConsistency.Complex Method,5.0-M1,5.0-M1,5.0-M1,1
cayenne,5.0-M1,org.apache.cayenne.access,IncrementalFaultList,resolveInterval,Complex Method,"designitejava,checkstyle",cayenne/src/main/java/org/apache/cayenne/access/IncrementalFaultList.java,cayenne/src/main/java/org/apache/cayenne/access/IncrementalFaultList.java.IncrementalFaultList.resolveInterval.Complex Method,5.0-M1,5.0-M1,5.0-M1,1
cayenne,5.0-M1,org.apache.cayenne.access,MixedResultIncrementalFaultList,resolveInterval,Complex Method,"designitejava,pmd,checkstyle",cayenne/src/main/java/org/apache/cayenne/access/MixedResultIncrementalFaultList.java,cayenne/src/main/java/org/apache/cayenne/access/MixedResultIncrementalFaultList.java.MixedResultIncrementalFaultList.resolveInterval.Complex Method,5.0-M1,5.0-M1,5.0-M1,1
cayenne,5.0-M1,org.apache.cayenne.access,ObjectDiff,addDiff,Complex Method,"designitejava,pmd,checkstyle",cayenne/src/main/java/org/apache/cayenne/access/ObjectDiff.java,cayenne/src/main/java/org/apache/cayenne/access/ObjectDiff.java.ObjectDiff.addDiff.Complex Method,5.0-M1,5.0-M1,5.0-M1,1
cayenne,5.0-M1,org.apache.cayenne.access,ObjectDiff,isNoop,Complex Method,"designitejava,pmd",cayenne/src/main/java/org/apache/cayenne/access/ObjectDiff.java,cayenne/src/main/java/org/apache/cayenne/access/ObjectDiff.java.ObjectDiff.isNoop.Complex Method,5.0-M1,5.0-M1,5.0-M1,1
cayenne,5.0-M1,org.apache.cayenne.access,ObjectStore,,God Class,"pmd,checkstyle",cayenne/src/main/java/org/apache/cayenne/access/ObjectStore.java,cayenne/src/main/java/org/apache/cayenne/access/ObjectStore.java.ObjectStore..God Class,5.0-M1,5.0-M1,5.0-M1,1
cayenne,5.0-M1,org.apache.cayenne.access,ObjectStore,registerDiff,Complex Method,"designitejava,pmd",cayenne/src/main/java/org/apache/cayenne/access/ObjectStore.java,cayenne/src/main/java/org/apache/cayenne/access/ObjectStore.java.ObjectStore.registerDiff.Complex Method,5.0-M1,5.0-M1,5.0-M1,1
cayenne,5.0-M1,org.apache.cayenne.access,ObjectStoreGraphDiff,validateAndCheckNoop,Complex Method,"designitejava,pmd,checkstyle",cayenne/src/main/java/org/apache/cayenne/access/ObjectStoreGraphDiff.java,cayenne/src/main/java/org/apache/cayenne/access/ObjectStoreGraphDiff.java.ObjectStoreGraphDiff.validateAndCheckNoop.Complex Method,5.0-M1,5.0-M1,5.0-M1,1
cayenne,5.0-M1,org.apache.cayenne.access,PrefetchProcessorJointNode,buildRowMapping,Complex Method,"designitejava,checkstyle",cayenne/src/main/java/org/apache/cayenne/access/PrefetchProcessorJointNode.java,cayenne/src/main/java/org/apache/cayenne/access/PrefetchProcessorJointNode.java.PrefetchProcessorJointNode.buildRowMapping.Complex Method,5.0-M1,5.0-M1,5.0-M1,1
cayenne,5.0-M1,org.apache.cayenne.access,PrefetchProcessorTreeBuilder,addNode,Complex Method,"designitejava,pmd,checkstyle",cayenne/src/main/java/org/apache/cayenne/access/PrefetchProcessorTreeBuilder.java,cayenne/src/main/java/org/apache/cayenne/access/PrefetchProcessorTreeBuilder.java.PrefetchProcessorTreeBuilder.addNode.Complex Method,5.0-M1,5.0-M1,5.0-M1,1
cayenne,5.0-M1,org.apache.cayenne.access.dbsync,SchemaAnalyzer,analyzeSchemas,Complex Method,"designitejava,pmd",cayenne/src/main/java/org/apache/cayenne/access/dbsync/SchemaAnalyzer.java,cayenne/src/main/java/org/apache/cayenne/access/dbsync/SchemaAnalyzer.java.SchemaAnalyzer.analyzeSchemas.Complex Method,5.0-M1,5.0-M1,5.0-M1,1
cayenne,5.0-M1,org.apache.cayenne.access.dbsync,SchemaAnalyzer,compareColumns,Complex Method,"designitejava,pmd,checkstyle",cayenne/src/main/java/org/apache/cayenne/access/dbsync/SchemaAnalyzer.java,cayenne/src/main/java/org/apache/cayenne/access/dbsync/SchemaAnalyzer.java.SchemaAnalyzer.compareColumns.Complex Method,5.0-M1,5.0-M1,5.0-M1,1
cayenne,5.0-M1,org.apache.cayenne.access.dbsync,SchemaAnalyzer,compareTables,Complex Method,"designitejava,pmd,checkstyle",cayenne/src/main/java/org/apache/cayenne/access/dbsync/SchemaAnalyzer.java,cayenne/src/main/java/org/apache/cayenne/access/dbsync/SchemaAnalyzer.java.SchemaAnalyzer.compareTables.Complex Method,5.0-M1,5.0-M1,5.0-M1,1
cayenne,5.0-M1,org.apache.cayenne.access.flush,ArcValuesCreationHandler,processFlattenedPath,Complex Method,"designitejava,pmd,checkstyle",cayenne/src/main/java/org/apache/cayenne/access/flush/ArcValuesCreationHandler.java,cayenne/src/main/java/org/apache/cayenne/access/flush/ArcValuesCreationHandler.java.ArcValuesCreationHandler.processFlattenedPath.Complex Method,5.0-M1,5.0-M1,5.0-M1,1
cayenne,5.0-M1,org.apache.cayenne.access.flush,ArcValuesCreationHandler,processRelationship,Complex Method,"designitejava,pmd",cayenne/src/main/java/org/apache/cayenne/access/flush/ArcValuesCreationHandler.java,cayenne/src/main/java/org/apache/cayenne/access/flush/ArcValuesCreationHandler.java.ArcValuesCreationHandler.processRelationship.Complex Method,5.0-M1,5.0-M1,5.0-M1,1
cayenne,5.0-M1,org.apache.cayenne.access.flush,FlushObserver,nextGeneratedRows,Complex Method,"designitejava,pmd",cayenne/src/main/java/org/apache/cayenne/access/flush/FlushObserver.java,cayenne/src/main/java/org/apache/cayenne/access/flush/FlushObserver.java.FlushObserver.nextGeneratedRows.Complex Method,5.0-M1,5.0-M1,5.0-M1,1
cayenne,5.0-M1,org.apache.cayenne.access.flush,PermanentObjectIdVisitor,createPermanentId,Complex Method,"designitejava,pmd,checkstyle",cayenne/src/main/java/org/apache/cayenne/access/flush/PermanentObjectIdVisitor.java,cayenne/src/main/java/org/apache/cayenne/access/flush/PermanentObjectIdVisitor.java.PermanentObjectIdVisitor.createPermanentId.Complex Method,5.0-M1,5.0-M1,5.0-M1,1
cayenne,5.0-M1,org.apache.cayenne.access.flush,ReplacementIdVisitor,updateId,Complex Method,"designitejava,pmd",cayenne/src/main/java/org/apache/cayenne/access/flush/ReplacementIdVisitor.java,cayenne/src/main/java/org/apache/cayenne/access/flush/ReplacementIdVisitor.java.ReplacementIdVisitor.updateId.Complex Method,5.0-M1,5.0-M1,5.0-M1,1
cayenne,5.0-M1,org.apache.cayenne.access.flush.operation,GraphBasedDbRowOpSorter,processRelationships,Complex Method,"designitejava,pmd,checkstyle",cayenne/src/main/java/org/apache/cayenne/access/flush/operation/GraphBasedDbRowOpSorter.java,cayenne/src/main/java/org/apache/cayenne/access/flush/operation/GraphBasedDbRowOpSorter.java.GraphBasedDbRowOpSorter.processRelationships.Complex Method,5.0-M1,5.0-M1,5.0-M1,1
cayenne,5.0-M1,org.apache.cayenne.access.flush.operation,Values,merge,Complex Method,"designitejava,pmd,checkstyle",cayenne/src/main/java/org/apache/cayenne/access/flush/operation/Values.java,cayenne/src/main/java/org/apache/cayenne/access/flush/operation/Values.java.Values.merge.Complex Method,5.0-M1,5.0-M1,5.0-M1,1
cayenne,5.0-M1,org.apache.cayenne.access.jdbc,RowDescriptorBuilder,mergeResultSetAndPresetColumns,Complex Method,"designitejava,pmd,checkstyle",cayenne/src/main/java/org/apache/cayenne/access/jdbc/RowDescriptorBuilder.java,cayenne/src/main/java/org/apache/cayenne/access/jdbc/RowDescriptorBuilder.java.RowDescriptorBuilder.mergeResultSetAndPresetColumns.Complex Method,5.0-M1,5.0-M1,5.0-M1,1
cayenne,5.0-M1,org.apache.cayenne.access.jdbc,SQLTemplateAction,configureRowDescriptorBuilder,Complex Method,"designitejava,pmd,checkstyle",cayenne/src/main/java/org/apache/cayenne/access/jdbc/SQLTemplateAction.java,cayenne/src/main/java/org/apache/cayenne/access/jdbc/SQLTemplateAction.java.SQLTemplateAction.configureRowDescriptorBuilder.Complex Method,5.0-M1,5.0-M1,5.0-M1,1
cayenne,5.0-M1,org.apache.cayenne.access.jdbc,SQLTemplateAction,execute,Complex Method,"designitejava,pmd,checkstyle",cayenne/src/main/java/org/apache/cayenne/access/jdbc/SQLTemplateAction.java,cayenne/src/main/java/org/apache/cayenne/access/jdbc/SQLTemplateAction.java.SQLTemplateAction.execute.Complex Method,5.0-M1,5.0-M1,5.0-M1,1
cayenne,5.0-M1,org.apache.cayenne.access.jdbc,SQLTemplateAction,processSelectResult,Long Parameter List,"designitejava,checkstyle",cayenne/src/main/java/org/apache/cayenne/access/jdbc/SQLTemplateAction.java,cayenne/src/main/java/org/apache/cayenne/access/jdbc/SQLTemplateAction.java.SQLTemplateAction.processSelectResult.Long Parameter List,5.0-M1,5.0-M1,5.0-M1,1
cayenne,5.0-M1,org.apache.cayenne.access.jdbc,SelectAction,forFetchLimit,Feature Envy,"designitejava,checkstyle",cayenne/src/main/java/org/apache/cayenne/access/jdbc/SelectAction.java,cayenne/src/main/java/org/apache/cayenne/access/jdbc/SelectAction.java.SelectAction.forFetchLimit.Feature Envy,5.0-M1,5.0-M1,5.0-M1,1
cayenne,5.0-M1,org.apache.cayenne.access.jdbc.reader,DefaultRowReaderFactory,rowReader,Complex Method,"designitejava,pmd",cayenne/src/main/java/org/apache/cayenne/access/jdbc/reader/DefaultRowReaderFactory.java,cayenne/src/main/java/org/apache/cayenne/access/jdbc/reader/DefaultRowReaderFactory.java.DefaultRowReaderFactory.rowReader.Complex Method,5.0-M1,5.0-M1,5.0-M1,1
cayenne,5.0-M1,org.apache.cayenne.access.sqlbuilder.sqltree,TrimmingColumnNode,appendColumnNode,Feature Envy,"designitejava,checkstyle",cayenne/src/main/java/org/apache/cayenne/access/sqlbuilder/sqltree/TrimmingColumnNode.java,cayenne/src/main/java/org/apache/cayenne/access/sqlbuilder/sqltree/TrimmingColumnNode.java.TrimmingColumnNode.appendColumnNode.Feature Envy,5.0-M1,5.0-M1,5.0-M1,1
cayenne,5.0-M1,org.apache.cayenne.access.sqlbuilder.sqltree,ValueNode,appendValue,Complex Method,"designitejava,pmd,checkstyle",cayenne/src/main/java/org/apache/cayenne/access/sqlbuilder/sqltree/ValueNode.java,cayenne/src/main/java/org/apache/cayenne/access/sqlbuilder/sqltree/ValueNode.java.ValueNode.appendValue.Complex Method,5.0-M1,5.0-M1,5.0-M1,1
cayenne,5.0-M1,org.apache.cayenne.access.translator.ejbql,EJBQLConditionTranslator,,God Class,"pmd,checkstyle",cayenne/src/main/java/org/apache/cayenne/access/translator/ejbql/EJBQLConditionTranslator.java,cayenne/src/main/java/org/apache/cayenne/access/translator/ejbql/EJBQLConditionTranslator.java.EJBQLConditionTranslator..God Class,5.0-M1,5.0-M1,5.0-M1,1
cayenne,5.0-M1,org.apache.cayenne.access.translator.ejbql,EJBQLConditionTranslator,checkNullParameter,Feature Envy,"designitejava,checkstyle",cayenne/src/main/java/org/apache/cayenne/access/translator/ejbql/EJBQLConditionTranslator.java,cayenne/src/main/java/org/apache/cayenne/access/translator/ejbql/EJBQLConditionTranslator.java.EJBQLConditionTranslator.checkNullParameter.Feature Envy,5.0-M1,5.0-M1,5.0-M1,1
cayenne,5.0-M1,org.apache.cayenne.access.translator.ejbql,EJBQLConditionTranslator,processParameter,Complex Method,"designitejava,pmd,checkstyle",cayenne/src/main/java/org/apache/cayenne/access/translator/ejbql/EJBQLConditionTranslator.java,cayenne/src/main/java/org/apache/cayenne/access/translator/ejbql/EJBQLConditionTranslator.java.EJBQLConditionTranslator.processParameter.Complex Method,5.0-M1,5.0-M1,5.0-M1,1
cayenne,5.0-M1,org.apache.cayenne.access.translator.ejbql,EJBQLConditionTranslator,visitEquals,Complex Method,"designitejava,pmd",cayenne/src/main/java/org/apache/cayenne/access/translator/ejbql/EJBQLConditionTranslator.java,cayenne/src/main/java/org/apache/cayenne/access/translator/ejbql/EJBQLConditionTranslator.java.EJBQLConditionTranslator.visitEquals.Complex Method,5.0-M1,5.0-M1,5.0-M1,1
cayenne,5.0-M1,org.apache.cayenne.access.translator.ejbql,EJBQLConditionTranslator,visitNotEquals,Complex Method,"designitejava,pmd",cayenne/src/main/java/org/apache/cayenne/access/translator/ejbql/EJBQLConditionTranslator.java,cayenne/src/main/java/org/apache/cayenne/access/translator/ejbql/EJBQLConditionTranslator.java.EJBQLConditionTranslator.visitNotEquals.Complex Method,5.0-M1,5.0-M1,5.0-M1,1
cayenne,5.0-M1,org.apache.cayenne.access.translator.ejbql,EJBQLIdentifierColumnsTranslator,addPrefetchedColumnsIfAny,Feature Envy,"designitejava,checkstyle",cayenne/src/main/java/org/apache/cayenne/access/translator/ejbql/EJBQLIdentifierColumnsTranslator.java,cayenne/src/main/java/org/apache/cayenne/access/translator/ejbql/EJBQLIdentifierColumnsTranslator.java.EJBQLIdentifierColumnsTranslator.addPrefetchedColumnsIfAny.Feature Envy,5.0-M1,5.0-M1,5.0-M1,1
cayenne,5.0-M1,org.apache.cayenne.access.translator.ejbql,EJBQLIdentifierColumnsTranslator,visitIdentifier,Complex Method,"designitejava,pmd",cayenne/src/main/java/org/apache/cayenne/access/translator/ejbql/EJBQLIdentifierColumnsTranslator.java,cayenne/src/main/java/org/apache/cayenne/access/translator/ejbql/EJBQLIdentifierColumnsTranslator.java.EJBQLIdentifierColumnsTranslator.visitIdentifier.Complex Method,5.0-M1,5.0-M1,5.0-M1,1
cayenne,5.0-M1,org.apache.cayenne.access.translator.ejbql,EJBQLJoinAppender,generateJoinsForFlattenedAttributes,Complex Method,"designitejava,pmd",cayenne/src/main/java/org/apache/cayenne/access/translator/ejbql/EJBQLJoinAppender.java,cayenne/src/main/java/org/apache/cayenne/access/translator/ejbql/EJBQLJoinAppender.java.EJBQLJoinAppender.generateJoinsForFlattenedAttributes.Complex Method,5.0-M1,5.0-M1,5.0-M1,1
cayenne,5.0-M1,org.apache.cayenne.access.translator.ejbql,EJBQLSelectColumnsTranslator,visitPath,Complex Method,"designitejava,pmd",cayenne/src/main/java/org/apache/cayenne/access/translator/ejbql/EJBQLSelectColumnsTranslator.java,cayenne/src/main/java/org/apache/cayenne/access/translator/ejbql/EJBQLSelectColumnsTranslator.java.EJBQLSelectColumnsTranslator.visitPath.Complex Method,5.0-M1,5.0-M1,5.0-M1,1
cayenne,5.0-M1,org.apache.cayenne.access.translator.procedure,ProcedureTranslator,setInParam,Feature Envy,"designitejava,checkstyle",cayenne/src/main/java/org/apache/cayenne/access/translator/procedure/ProcedureTranslator.java,cayenne/src/main/java/org/apache/cayenne/access/translator/procedure/ProcedureTranslator.java.ProcedureTranslator.setInParam.Feature Envy,5.0-M1,5.0-M1,5.0-M1,1
cayenne,5.0-M1,org.apache.cayenne.access.translator.select,CustomColumnSetExtractor,extractEmbeddedObject,Feature Envy,"designitejava,checkstyle",cayenne/src/main/java/org/apache/cayenne/access/translator/select/CustomColumnSetExtractor.java,cayenne/src/main/java/org/apache/cayenne/access/translator/select/CustomColumnSetExtractor.java.CustomColumnSetExtractor.extractEmbeddedObject.Feature Envy,5.0-M1,5.0-M1,5.0-M1,1
cayenne,5.0-M1,org.apache.cayenne.access.translator.select,CustomColumnSetExtractor,extractSimpleProperty,Feature Envy,"designitejava,checkstyle",cayenne/src/main/java/org/apache/cayenne/access/translator/select/CustomColumnSetExtractor.java,cayenne/src/main/java/org/apache/cayenne/access/translator/select/CustomColumnSetExtractor.java.CustomColumnSetExtractor.extractSimpleProperty.Feature Envy,5.0-M1,5.0-M1,5.0-M1,1
cayenne,5.0-M1,org.apache.cayenne.access.translator.select,DescriptorColumnExtractor,extract,Complex Method,"designitejava,pmd",cayenne/src/main/java/org/apache/cayenne/access/translator/select/DescriptorColumnExtractor.java,cayenne/src/main/java/org/apache/cayenne/access/translator/select/DescriptorColumnExtractor.java.DescriptorColumnExtractor.extract.Complex Method,5.0-M1,5.0-M1,5.0-M1,1
cayenne,5.0-M1,org.apache.cayenne.access.translator.select,PrefetchNodeStage,processJoint,Complex Method,"designitejava,pmd,checkstyle",cayenne/src/main/java/org/apache/cayenne/access/translator/select/PrefetchNodeStage.java,cayenne/src/main/java/org/apache/cayenne/access/translator/select/PrefetchNodeStage.java.PrefetchNodeStage.processJoint.Complex Method,5.0-M1,5.0-M1,5.0-M1,1
cayenne,5.0-M1,org.apache.cayenne.access.translator.select,QualifierTranslator,,God Class,"pmd,checkstyle",cayenne/src/main/java/org/apache/cayenne/access/translator/select/QualifierTranslator.java,cayenne/src/main/java/org/apache/cayenne/access/translator/select/QualifierTranslator.java.QualifierTranslator..God Class,5.0-M1,5.0-M1,5.0-M1,1
cayenne,5.0-M1,org.apache.cayenne.access.translator.select,QualifierTranslator,expToStr,Complex Method,"designitejava,checkstyle",cayenne/src/main/java/org/apache/cayenne/access/translator/select/QualifierTranslator.java,cayenne/src/main/java/org/apache/cayenne/access/translator/select/QualifierTranslator.java.QualifierTranslator.expToStr.Complex Method,5.0-M1,5.0-M1,5.0-M1,1
cayenne,5.0-M1,org.apache.cayenne.access.translator.select,QualifierTranslator,expressionNodeToSqlNode,Complex Method,"designitejava,pmd,checkstyle",cayenne/src/main/java/org/apache/cayenne/access/translator/select/QualifierTranslator.java,cayenne/src/main/java/org/apache/cayenne/access/translator/select/QualifierTranslator.java.QualifierTranslator.expressionNodeToSqlNode.Complex Method,5.0-M1,5.0-M1,5.0-M1,1
cayenne,5.0-M1,org.apache.cayenne.access.translator.select,QualifierTranslator,findDbAttribute,Complex Method,"designitejava,pmd,checkstyle",cayenne/src/main/java/org/apache/cayenne/access/translator/select/QualifierTranslator.java,cayenne/src/main/java/org/apache/cayenne/access/translator/select/QualifierTranslator.java.QualifierTranslator.findDbAttribute.Complex Method,5.0-M1,5.0-M1,5.0-M1,1
cayenne,5.0-M1,org.apache.cayenne.access.types,UtilDateType,setJdbcObject,Complex Method,"designitejava,pmd",cayenne/src/main/java/org/apache/cayenne/access/types/UtilDateType.java,cayenne/src/main/java/org/apache/cayenne/access/types/UtilDateType.java.UtilDateType.setJdbcObject.Complex Method,5.0-M1,5.0-M1,5.0-M1,1
cayenne,5.0-M1,org.apache.cayenne.ashwood,AshwoodEntitySorter,buildDigraph,Complex Method,"designitejava,pmd,checkstyle",cayenne/src/main/java/org/apache/cayenne/ashwood/AshwoodEntitySorter.java,cayenne/src/main/java/org/apache/cayenne/ashwood/AshwoodEntitySorter.java.AshwoodEntitySorter.buildDigraph.Complex Method,5.0-M1,5.0-M1,5.0-M1,1
cayenne,5.0-M1,org.apache.cayenne.ashwood,AshwoodEntitySorter,doIndexSorter,Complex Method,"designitejava,pmd,checkstyle",cayenne/src/main/java/org/apache/cayenne/ashwood/AshwoodEntitySorter.java,cayenne/src/main/java/org/apache/cayenne/ashwood/AshwoodEntitySorter.java.AshwoodEntitySorter.doIndexSorter.Complex Method,5.0-M1,5.0-M1,5.0-M1,1
cayenne,5.0-M1,org.apache.cayenne.ashwood.graph,StrongConnection,contract,Complex Method,"designitejava,pmd",cayenne/src/main/java/org/apache/cayenne/ashwood/graph/StrongConnection.java,cayenne/src/main/java/org/apache/cayenne/ashwood/graph/StrongConnection.java.StrongConnection.contract.Complex Method,5.0-M1,5.0-M1,5.0-M1,1
cayenne,5.0-M1,org.apache.cayenne.configuration,DefaultDataChannelDescriptorMerger,merge,Complex Method,"designitejava,pmd,checkstyle",cayenne/src/main/java/org/apache/cayenne/configuration/DefaultDataChannelDescriptorMerger.java,cayenne/src/main/java/org/apache/cayenne/configuration/DefaultDataChannelDescriptorMerger.java.DefaultDataChannelDescriptorMerger.merge.Complex Method,5.0-M1,5.0-M1,5.0-M1,1
cayenne,5.0-M1,org.apache.cayenne.configuration.xml,DataChannelChildrenHandler,addNode,Feature Envy,"designitejava,checkstyle",cayenne/src/main/java/org/apache/cayenne/configuration/xml/DataChannelChildrenHandler.java,cayenne/src/main/java/org/apache/cayenne/configuration/xml/DataChannelChildrenHandler.java.DataChannelChildrenHandler.addNode.Feature Envy,5.0-M1,5.0-M1,5.0-M1,1
cayenne,5.0-M1,org.apache.cayenne.configuration.xml,DbEntityHandler,createDbAttribute,Feature Envy,"designitejava,checkstyle",cayenne/src/main/java/org/apache/cayenne/configuration/xml/DbEntityHandler.java,cayenne/src/main/java/org/apache/cayenne/configuration/xml/DbEntityHandler.java.DbEntityHandler.createDbAttribute.Feature Envy,5.0-M1,5.0-M1,5.0-M1,1
cayenne,5.0-M1,org.apache.cayenne.configuration.xml,ObjEntityHandler,createObjAttribute,Feature Envy,"designitejava,checkstyle",cayenne/src/main/java/org/apache/cayenne/configuration/xml/ObjEntityHandler.java,cayenne/src/main/java/org/apache/cayenne/configuration/xml/ObjEntityHandler.java.ObjEntityHandler.createObjAttribute.Feature Envy,5.0-M1,5.0-M1,5.0-M1,1
cayenne,5.0-M1,org.apache.cayenne.configuration.xml,ObjEntityHandler,createObjEntity,Feature Envy,"designitejava,checkstyle",cayenne/src/main/java/org/apache/cayenne/configuration/xml/ObjEntityHandler.java,cayenne/src/main/java/org/apache/cayenne/configuration/xml/ObjEntityHandler.java.ObjEntityHandler.createObjEntity.Feature Envy,5.0-M1,5.0-M1,5.0-M1,1
cayenne,5.0-M1,org.apache.cayenne.configuration.xml,ObjRelationshipHandler,addObjRelationship,Feature Envy,"designitejava,checkstyle",cayenne/src/main/java/org/apache/cayenne/configuration/xml/ObjRelationshipHandler.java,cayenne/src/main/java/org/apache/cayenne/configuration/xml/ObjRelationshipHandler.java.ObjRelationshipHandler.addObjRelationship.Feature Envy,5.0-M1,5.0-M1,5.0-M1,1
cayenne,5.0-M1,org.apache.cayenne.configuration.xml,ProcedureHandler,addProcedure,Feature Envy,"designitejava,checkstyle",cayenne/src/main/java/org/apache/cayenne/configuration/xml/ProcedureHandler.java,cayenne/src/main/java/org/apache/cayenne/configuration/xml/ProcedureHandler.java.ProcedureHandler.addProcedure.Feature Envy,5.0-M1,5.0-M1,5.0-M1,1
cayenne,5.0-M1,org.apache.cayenne.configuration.xml,QueryDescriptorHandler,addQueryDescriptor,Feature Envy,"designitejava,checkstyle",cayenne/src/main/java/org/apache/cayenne/configuration/xml/QueryDescriptorHandler.java,cayenne/src/main/java/org/apache/cayenne/configuration/xml/QueryDescriptorHandler.java.QueryDescriptorHandler.addQueryDescriptor.Feature Envy,5.0-M1,5.0-M1,5.0-M1,1
cayenne,5.0-M1,org.apache.cayenne.datasource,PoolAwareConnection,,God Class,"pmd,checkstyle",cayenne/src/main/java/org/apache/cayenne/datasource/PoolAwareConnection.java,cayenne/src/main/java/org/apache/cayenne/datasource/PoolAwareConnection.java.PoolAwareConnection..God Class,5.0-M1,5.0-M1,5.0-M1,1
cayenne,5.0-M1,org.apache.cayenne.dba,AutoAdapter,buildAttribute,Long Parameter List,"designitejava,checkstyle",cayenne/src/main/java/org/apache/cayenne/dba/AutoAdapter.java,cayenne/src/main/java/org/apache/cayenne/dba/AutoAdapter.java.AutoAdapter.buildAttribute.Long Parameter List,5.0-M1,5.0-M1,5.0-M1,1
cayenne,5.0-M1,org.apache.cayenne.dba,DbAdapter,buildAttribute,Long Parameter List,"designitejava,checkstyle",cayenne/src/main/java/org/apache/cayenne/dba/DbAdapter.java,cayenne/src/main/java/org/apache/cayenne/dba/DbAdapter.java.DbAdapter.buildAttribute.Long Parameter List,5.0-M1,5.0-M1,5.0-M1,1
cayenne,5.0-M1,org.apache.cayenne.dba,JdbcAdapter,,God Class,"pmd,checkstyle",cayenne/src/main/java/org/apache/cayenne/dba/JdbcAdapter.java,cayenne/src/main/java/org/apache/cayenne/dba/JdbcAdapter.java.JdbcAdapter..God Class,5.0-M1,5.0-M1,5.0-M1,1
cayenne,5.0-M1,org.apache.cayenne.dba,JdbcAdapter,buildAttribute,Long Parameter List,"designitejava,checkstyle",cayenne/src/main/java/org/apache/cayenne/dba/JdbcAdapter.java,cayenne/src/main/java/org/apache/cayenne/dba/JdbcAdapter.java.JdbcAdapter.buildAttribute.Long Parameter List,5.0-M1,5.0-M1,5.0-M1,1
cayenne,5.0-M1,org.apache.cayenne.dba,JdbcPkGenerator,generatePk,Complex Method,"designitejava,pmd",cayenne/src/main/java/org/apache/cayenne/dba/JdbcPkGenerator.java,cayenne/src/main/java/org/apache/cayenne/dba/JdbcPkGenerator.java.JdbcPkGenerator.generatePk.Complex Method,5.0-M1,5.0-M1,5.0-M1,1
cayenne,5.0-M1,org.apache.cayenne.dba,TypesMapping,getSqlTypeByJava,Complex Method,"designitejava,pmd,checkstyle",cayenne/src/main/java/org/apache/cayenne/dba/TypesMapping.java,cayenne/src/main/java/org/apache/cayenne/dba/TypesMapping.java.TypesMapping.getSqlTypeByJava.Complex Method,5.0-M1,5.0-M1,5.0-M1,1
cayenne,5.0-M1,org.apache.cayenne.dba,TypesMapping,pickDataType,Complex Method,"designitejava,pmd,checkstyle",cayenne/src/main/java/org/apache/cayenne/dba/TypesMapping.java,cayenne/src/main/java/org/apache/cayenne/dba/TypesMapping.java.TypesMapping.pickDataType.Complex Method,5.0-M1,5.0-M1,5.0-M1,1
cayenne,5.0-M1,org.apache.cayenne.dba.firebird,FirebirdSQLTreeProcessor,onInNode,Complex Method,"designitejava,pmd,checkstyle",cayenne/src/main/java/org/apache/cayenne/dba/firebird/FirebirdSQLTreeProcessor.java,cayenne/src/main/java/org/apache/cayenne/dba/firebird/FirebirdSQLTreeProcessor.java.FirebirdSQLTreeProcessor.onInNode.Complex Method,5.0-M1,5.0-M1,5.0-M1,1
cayenne,5.0-M1,org.apache.cayenne.dba.frontbase,FrontBaseAdapter,createTable,Complex Method,"designitejava,pmd,checkstyle",cayenne/src/main/java/org/apache/cayenne/dba/frontbase/FrontBaseAdapter.java,cayenne/src/main/java/org/apache/cayenne/dba/frontbase/FrontBaseAdapter.java.FrontBaseAdapter.createTable.Complex Method,5.0-M1,5.0-M1,5.0-M1,1
cayenne,5.0-M1,org.apache.cayenne.dba.frontbase,FrontBaseTemplateAction,execute,Complex Method,"designitejava,pmd,checkstyle",cayenne/src/main/java/org/apache/cayenne/dba/frontbase/FrontBaseTemplateAction.java,cayenne/src/main/java/org/apache/cayenne/dba/frontbase/FrontBaseTemplateAction.java.FrontBaseTemplateAction.execute.Complex Method,5.0-M1,5.0-M1,5.0-M1,1
cayenne,5.0-M1,org.apache.cayenne.dba.mysql,MySQLAdapter,buildAttribute,Complex Method,"designitejava,pmd,checkstyle",cayenne/src/main/java/org/apache/cayenne/dba/mysql/MySQLAdapter.java,cayenne/src/main/java/org/apache/cayenne/dba/mysql/MySQLAdapter.java.MySQLAdapter.buildAttribute.Complex Method,5.0-M1,5.0-M1,5.0-M1,1
cayenne,5.0-M1,org.apache.cayenne.dba.oracle,Oracle8LOBBatchAction,processLOBRow,Complex Method,"designitejava,pmd,checkstyle",cayenne/src/main/java/org/apache/cayenne/dba/oracle/Oracle8LOBBatchAction.java,cayenne/src/main/java/org/apache/cayenne/dba/oracle/Oracle8LOBBatchAction.java.Oracle8LOBBatchAction.processLOBRow.Complex Method,5.0-M1,5.0-M1,5.0-M1,1
cayenne,5.0-M1,org.apache.cayenne.dba.oracle,OracleAdapter,buildAttribute,Complex Method,"designitejava,pmd,checkstyle",cayenne/src/main/java/org/apache/cayenne/dba/oracle/OracleAdapter.java,cayenne/src/main/java/org/apache/cayenne/dba/oracle/OracleAdapter.java.OracleAdapter.buildAttribute.Complex Method,5.0-M1,5.0-M1,5.0-M1,1
cayenne,5.0-M1,org.apache.cayenne.dba.oracle,OracleResultSetWrapper,,God Class,"pmd,checkstyle",cayenne/src/main/java/org/apache/cayenne/dba/oracle/OracleResultSetWrapper.java,cayenne/src/main/java/org/apache/cayenne/dba/oracle/OracleResultSetWrapper.java.OracleResultSetWrapper..God Class,5.0-M1,5.0-M1,5.0-M1,1
cayenne,5.0-M1,org.apache.cayenne.dba.oracle,OracleSQLTemplateAction,processSelectResult,Long Parameter List,"designitejava,checkstyle",cayenne/src/main/java/org/apache/cayenne/dba/oracle/OracleSQLTemplateAction.java,cayenne/src/main/java/org/apache/cayenne/dba/oracle/OracleSQLTemplateAction.java.OracleSQLTemplateAction.processSelectResult.Long Parameter List,5.0-M1,5.0-M1,5.0-M1,1
cayenne,5.0-M1,org.apache.cayenne.dba.oracle,OracleSQLTreeProcessor,onFunctionNode,Complex Method,"designitejava,checkstyle",cayenne/src/main/java/org/apache/cayenne/dba/oracle/OracleSQLTreeProcessor.java,cayenne/src/main/java/org/apache/cayenne/dba/oracle/OracleSQLTreeProcessor.java.OracleSQLTreeProcessor.onFunctionNode.Complex Method,5.0-M1,5.0-M1,5.0-M1,1
cayenne,5.0-M1,org.apache.cayenne.dba.oracle,OracleSQLTreeProcessor,onInNode,Complex Method,"designitejava,pmd,checkstyle",cayenne/src/main/java/org/apache/cayenne/dba/oracle/OracleSQLTreeProcessor.java,cayenne/src/main/java/org/apache/cayenne/dba/oracle/OracleSQLTreeProcessor.java.OracleSQLTreeProcessor.onInNode.Complex Method,5.0-M1,5.0-M1,5.0-M1,1
cayenne,5.0-M1,org.apache.cayenne.dba.sqlite,SQLiteTreeProcessor,onFunctionNode,Complex Method,"designitejava,checkstyle",cayenne/src/main/java/org/apache/cayenne/dba/sqlite/SQLiteTreeProcessor.java,cayenne/src/main/java/org/apache/cayenne/dba/sqlite/SQLiteTreeProcessor.java.SQLiteTreeProcessor.onFunctionNode.Complex Method,5.0-M1,5.0-M1,5.0-M1,1
cayenne,5.0-M1,org.apache.cayenne.dba.sybase,SybaseSQLTreeProcessor,onFunctionNode,Complex Method,"designitejava,checkstyle",cayenne/src/main/java/org/apache/cayenne/dba/sybase/SybaseSQLTreeProcessor.java,cayenne/src/main/java/org/apache/cayenne/dba/sybase/SybaseSQLTreeProcessor.java.SybaseSQLTreeProcessor.onFunctionNode.Complex Method,5.0-M1,5.0-M1,5.0-M1,1
cayenne,5.0-M1,org.apache.cayenne.ejbql,EJBQLBaseVisitor,,God Class,"pmd,checkstyle",cayenne/src/main/java/org/apache/cayenne/ejbql/EJBQLBaseVisitor.java,cayenne/src/main/java/org/apache/cayenne/ejbql/EJBQLBaseVisitor.java.EJBQLBaseVisitor..God Class,5.0-M1,5.0-M1,5.0-M1,1
cayenne,5.0-M1,org.apache.cayenne.ejbql,EJBQLExpressionVisitor,,God Class,"pmd,checkstyle",cayenne/src/main/java/org/apache/cayenne/ejbql/EJBQLExpressionVisitor.java,cayenne/src/main/java/org/apache/cayenne/ejbql/EJBQLExpressionVisitor.java.EJBQLExpressionVisitor..God Class,5.0-M1,5.0-M1,5.0-M1,1
cayenne,5.0-M1,org.apache.cayenne.ejbql.parser,Compiler,compile,Complex Method,"designitejava,pmd,checkstyle",cayenne/src/main/java/org/apache/cayenne/ejbql/parser/Compiler.java,cayenne/src/main/java/org/apache/cayenne/ejbql/parser/Compiler.java.Compiler.compile.Complex Method,5.0-M1,5.0-M1,5.0-M1,1
cayenne,5.0-M1,org.apache.cayenne.ejbql.parser,Compiler,compileEntityResult,Complex Method,"designitejava,pmd",cayenne/src/main/java/org/apache/cayenne/ejbql/parser/Compiler.java,cayenne/src/main/java/org/apache/cayenne/ejbql/parser/Compiler.java.Compiler.compileEntityResult.Complex Method,5.0-M1,5.0-M1,5.0-M1,1
cayenne,5.0-M1,org.apache.cayenne.ejbql.parser,Compiler,compileEntityResultWithPrefetch,Complex Method,"designitejava,pmd",cayenne/src/main/java/org/apache/cayenne/ejbql/parser/Compiler.java,cayenne/src/main/java/org/apache/cayenne/ejbql/parser/Compiler.java.Compiler.compileEntityResultWithPrefetch.Complex Method,5.0-M1,5.0-M1,5.0-M1,1
cayenne,5.0-M1,org.apache.cayenne.event,DefaultEventManager,addListener,Long Parameter List,"designitejava,checkstyle",cayenne/src/main/java/org/apache/cayenne/event/DefaultEventManager.java,cayenne/src/main/java/org/apache/cayenne/event/DefaultEventManager.java.DefaultEventManager.addListener.Long Parameter List,5.0-M1,5.0-M1,5.0-M1,1
cayenne,5.0-M1,org.apache.cayenne.exp,Expression,,God Class,"pmd,checkstyle",cayenne/src/main/java/org/apache/cayenne/exp/Expression.java,cayenne/src/main/java/org/apache/cayenne/exp/Expression.java.Expression..God Class,5.0-M1,5.0-M1,5.0-M1,1
cayenne,5.0-M1,org.apache.cayenne.exp,Expression,expName,Complex Method,"designitejava,checkstyle",cayenne/src/main/java/org/apache/cayenne/exp/Expression.java,cayenne/src/main/java/org/apache/cayenne/exp/Expression.java.Expression.expName.Complex Method,5.0-M1,5.0-M1,5.0-M1,1
cayenne,5.0-M1,org.apache.cayenne.exp,ExpressionFactory,,God Class,"pmd,checkstyle",cayenne/src/main/java/org/apache/cayenne/exp/ExpressionFactory.java,cayenne/src/main/java/org/apache/cayenne/exp/ExpressionFactory.java.ExpressionFactory..God Class,5.0-M1,5.0-M1,5.0-M1,1
cayenne,5.0-M1,org.apache.cayenne.exp,ExpressionFactory,matchAllExp,Complex Method,"pmd,checkstyle",cayenne/src/main/java/org/apache/cayenne/exp/ExpressionFactory.java,cayenne/src/main/java/org/apache/cayenne/exp/ExpressionFactory.java.ExpressionFactory.matchAllExp.Complex Method,5.0-M1,5.0-M1,5.0-M1,1
cayenne,5.0-M1,org.apache.cayenne.exp.parser,Evaluator,compareNumbers,Complex Method,"designitejava,pmd",cayenne/src/main/java/org/apache/cayenne/exp/parser/Evaluator.java,cayenne/src/main/java/org/apache/cayenne/exp/parser/Evaluator.java.Evaluator.compareNumbers.Complex Method,5.0-M1,5.0-M1,5.0-M1,1
cayenne,5.0-M1,org.apache.cayenne.exp.parser,ExpressionParser,,God Class,"pmd,checkstyle",cayenne/src/main/java/org/apache/cayenne/exp/parser/ExpressionParser.java,cayenne/src/main/java/org/apache/cayenne/exp/parser/ExpressionParser.java.ExpressionParser..God Class,5.0-M1,5.0-M1,5.0-M1,1
cayenne,5.0-M1,org.apache.cayenne.exp.parser,ExpressionParser,abs,Complex Method,"designitejava,pmd",cayenne/src/main/java/org/apache/cayenne/exp/parser/ExpressionParser.java,cayenne/src/main/java/org/apache/cayenne/exp/parser/ExpressionParser.java.ExpressionParser.abs.Complex Method,5.0-M1,5.0-M1,5.0-M1,1
cayenne,5.0-M1,org.apache.cayenne.exp.parser,ExpressionParser,andCondition,Complex Method,"designitejava,pmd,checkstyle",cayenne/src/main/java/org/apache/cayenne/exp/parser/ExpressionParser.java,cayenne/src/main/java/org/apache/cayenne/exp/parser/ExpressionParser.java.ExpressionParser.andCondition.Complex Method,5.0-M1,5.0-M1,5.0-M1,1
cayenne,5.0-M1,org.apache.cayenne.exp.parser,ExpressionParser,arithmeticExp,Complex Method,"designitejava,pmd,checkstyle",cayenne/src/main/java/org/apache/cayenne/exp/parser/ExpressionParser.java,cayenne/src/main/java/org/apache/cayenne/exp/parser/ExpressionParser.java.ExpressionParser.arithmeticExp.Complex Method,5.0-M1,5.0-M1,5.0-M1,1
cayenne,5.0-M1,org.apache.cayenne.exp.parser,ExpressionParser,avg,Complex Method,"designitejava,pmd",cayenne/src/main/java/org/apache/cayenne/exp/parser/ExpressionParser.java,cayenne/src/main/java/org/apache/cayenne/exp/parser/ExpressionParser.java.ExpressionParser.avg.Complex Method,5.0-M1,5.0-M1,5.0-M1,1
cayenne,5.0-M1,org.apache.cayenne.exp.parser,ExpressionParser,bitwiseAnd,Complex Method,"designitejava,pmd,checkstyle",cayenne/src/main/java/org/apache/cayenne/exp/parser/ExpressionParser.java,cayenne/src/main/java/org/apache/cayenne/exp/parser/ExpressionParser.java.ExpressionParser.bitwiseAnd.Complex Method,5.0-M1,5.0-M1,5.0-M1,1
cayenne,5.0-M1,org.apache.cayenne.exp.parser,ExpressionParser,bitwiseOr,Complex Method,"designitejava,pmd,checkstyle",cayenne/src/main/java/org/apache/cayenne/exp/parser/ExpressionParser.java,cayenne/src/main/java/org/apache/cayenne/exp/parser/ExpressionParser.java.ExpressionParser.bitwiseOr.Complex Method,5.0-M1,5.0-M1,5.0-M1,1
cayenne,5.0-M1,org.apache.cayenne.exp.parser,ExpressionParser,bitwiseShift,Complex Method,"designitejava,pmd,checkstyle",cayenne/src/main/java/org/apache/cayenne/exp/parser/ExpressionParser.java,cayenne/src/main/java/org/apache/cayenne/exp/parser/ExpressionParser.java.ExpressionParser.bitwiseShift.Complex Method,5.0-M1,5.0-M1,5.0-M1,1
cayenne,5.0-M1,org.apache.cayenne.exp.parser,ExpressionParser,bitwiseXor,Complex Method,"designitejava,pmd,checkstyle",cayenne/src/main/java/org/apache/cayenne/exp/parser/ExpressionParser.java,cayenne/src/main/java/org/apache/cayenne/exp/parser/ExpressionParser.java.ExpressionParser.bitwiseXor.Complex Method,5.0-M1,5.0-M1,5.0-M1,1
cayenne,5.0-M1,org.apache.cayenne.exp.parser,ExpressionParser,concat,Complex Method,"designitejava,pmd,checkstyle",cayenne/src/main/java/org/apache/cayenne/exp/parser/ExpressionParser.java,cayenne/src/main/java/org/apache/cayenne/exp/parser/ExpressionParser.java.ExpressionParser.concat.Complex Method,5.0-M1,5.0-M1,5.0-M1,1
cayenne,5.0-M1,org.apache.cayenne.exp.parser,ExpressionParser,count,Complex Method,"designitejava,pmd,checkstyle",cayenne/src/main/java/org/apache/cayenne/exp/parser/ExpressionParser.java,cayenne/src/main/java/org/apache/cayenne/exp/parser/ExpressionParser.java.ExpressionParser.count.Complex Method,5.0-M1,5.0-M1,5.0-M1,1
cayenne,5.0-M1,org.apache.cayenne.exp.parser,ExpressionParser,customAggregate,Complex Method,"designitejava,pmd,checkstyle",cayenne/src/main/java/org/apache/cayenne/exp/parser/ExpressionParser.java,cayenne/src/main/java/org/apache/cayenne/exp/parser/ExpressionParser.java.ExpressionParser.customAggregate.Complex Method,5.0-M1,5.0-M1,5.0-M1,1
cayenne,5.0-M1,org.apache.cayenne.exp.parser,ExpressionParser,customFunction,Complex Method,"designitejava,pmd,checkstyle",cayenne/src/main/java/org/apache/cayenne/exp/parser/ExpressionParser.java,cayenne/src/main/java/org/apache/cayenne/exp/parser/ExpressionParser.java.ExpressionParser.customFunction.Complex Method,5.0-M1,5.0-M1,5.0-M1,1
cayenne,5.0-M1,org.apache.cayenne.exp.parser,ExpressionParser,customOperator,Complex Method,"designitejava,pmd,checkstyle",cayenne/src/main/java/org/apache/cayenne/exp/parser/ExpressionParser.java,cayenne/src/main/java/org/apache/cayenne/exp/parser/ExpressionParser.java.ExpressionParser.customOperator.Complex Method,5.0-M1,5.0-M1,5.0-M1,1
cayenne,5.0-M1,org.apache.cayenne.exp.parser,ExpressionParser,dateTimeExtractingFunction,Complex Method,"designitejava,pmd,checkstyle",cayenne/src/main/java/org/apache/cayenne/exp/parser/ExpressionParser.java,cayenne/src/main/java/org/apache/cayenne/exp/parser/ExpressionParser.java.ExpressionParser.dateTimeExtractingFunction.Complex Method,5.0-M1,5.0-M1,5.0-M1,1
cayenne,5.0-M1,org.apache.cayenne.exp.parser,ExpressionParser,distinct,Complex Method,"designitejava,pmd",cayenne/src/main/java/org/apache/cayenne/exp/parser/ExpressionParser.java,cayenne/src/main/java/org/apache/cayenne/exp/parser/ExpressionParser.java.ExpressionParser.distinct.Complex Method,5.0-M1,5.0-M1,5.0-M1,1
cayenne,5.0-M1,org.apache.cayenne.exp.parser,ExpressionParser,generateParseException,Complex Method,"designitejava,pmd,checkstyle",cayenne/src/main/java/org/apache/cayenne/exp/parser/ExpressionParser.java,cayenne/src/main/java/org/apache/cayenne/exp/parser/ExpressionParser.java.ExpressionParser.generateParseException.Complex Method,5.0-M1,5.0-M1,5.0-M1,1
cayenne,5.0-M1,org.apache.cayenne.exp.parser,ExpressionParser,length,Complex Method,"designitejava,pmd",cayenne/src/main/java/org/apache/cayenne/exp/parser/ExpressionParser.java,cayenne/src/main/java/org/apache/cayenne/exp/parser/ExpressionParser.java.ExpressionParser.length.Complex Method,5.0-M1,5.0-M1,5.0-M1,1
cayenne,5.0-M1,org.apache.cayenne.exp.parser,ExpressionParser,locate,Complex Method,"designitejava,pmd,checkstyle",cayenne/src/main/java/org/apache/cayenne/exp/parser/ExpressionParser.java,cayenne/src/main/java/org/apache/cayenne/exp/parser/ExpressionParser.java.ExpressionParser.locate.Complex Method,5.0-M1,5.0-M1,5.0-M1,1
cayenne,5.0-M1,org.apache.cayenne.exp.parser,ExpressionParser,lower,Complex Method,"designitejava,pmd",cayenne/src/main/java/org/apache/cayenne/exp/parser/ExpressionParser.java,cayenne/src/main/java/org/apache/cayenne/exp/parser/ExpressionParser.java.ExpressionParser.lower.Complex Method,5.0-M1,5.0-M1,5.0-M1,1
cayenne,5.0-M1,org.apache.cayenne.exp.parser,ExpressionParser,max,Complex Method,"designitejava,pmd",cayenne/src/main/java/org/apache/cayenne/exp/parser/ExpressionParser.java,cayenne/src/main/java/org/apache/cayenne/exp/parser/ExpressionParser.java.ExpressionParser.max.Complex Method,5.0-M1,5.0-M1,5.0-M1,1
cayenne,5.0-M1,org.apache.cayenne.exp.parser,ExpressionParser,min,Complex Method,"designitejava,pmd",cayenne/src/main/java/org/apache/cayenne/exp/parser/ExpressionParser.java,cayenne/src/main/java/org/apache/cayenne/exp/parser/ExpressionParser.java.ExpressionParser.min.Complex Method,5.0-M1,5.0-M1,5.0-M1,1
cayenne,5.0-M1,org.apache.cayenne.exp.parser,ExpressionParser,mod,Complex Method,"designitejava,pmd",cayenne/src/main/java/org/apache/cayenne/exp/parser/ExpressionParser.java,cayenne/src/main/java/org/apache/cayenne/exp/parser/ExpressionParser.java.ExpressionParser.mod.Complex Method,5.0-M1,5.0-M1,5.0-M1,1
cayenne,5.0-M1,org.apache.cayenne.exp.parser,ExpressionParser,multiplySubtractExp,Complex Method,"designitejava,pmd,checkstyle",cayenne/src/main/java/org/apache/cayenne/exp/parser/ExpressionParser.java,cayenne/src/main/java/org/apache/cayenne/exp/parser/ExpressionParser.java.ExpressionParser.multiplySubtractExp.Complex Method,5.0-M1,5.0-M1,5.0-M1,1
cayenne,5.0-M1,org.apache.cayenne.exp.parser,ExpressionParser,notCondition,Complex Method,"designitejava,pmd,checkstyle",cayenne/src/main/java/org/apache/cayenne/exp/parser/ExpressionParser.java,cayenne/src/main/java/org/apache/cayenne/exp/parser/ExpressionParser.java.ExpressionParser.notCondition.Complex Method,5.0-M1,5.0-M1,5.0-M1,1
cayenne,5.0-M1,org.apache.cayenne.exp.parser,ExpressionParser,numericPrimary,Complex Method,"designitejava,checkstyle",cayenne/src/main/java/org/apache/cayenne/exp/parser/ExpressionParser.java,cayenne/src/main/java/org/apache/cayenne/exp/parser/ExpressionParser.java.ExpressionParser.numericPrimary.Complex Method,5.0-M1,5.0-M1,5.0-M1,1
cayenne,5.0-M1,org.apache.cayenne.exp.parser,ExpressionParser,numericTerm,Complex Method,"designitejava,pmd,checkstyle",cayenne/src/main/java/org/apache/cayenne/exp/parser/ExpressionParser.java,cayenne/src/main/java/org/apache/cayenne/exp/parser/ExpressionParser.java.ExpressionParser.numericTerm.Complex Method,5.0-M1,5.0-M1,5.0-M1,1
cayenne,5.0-M1,org.apache.cayenne.exp.parser,ExpressionParser,numericTermExt,Complex Method,"designitejava,pmd,checkstyle",cayenne/src/main/java/org/apache/cayenne/exp/parser/ExpressionParser.java,cayenne/src/main/java/org/apache/cayenne/exp/parser/ExpressionParser.java.ExpressionParser.numericTermExt.Complex Method,5.0-M1,5.0-M1,5.0-M1,1
cayenne,5.0-M1,org.apache.cayenne.exp.parser,ExpressionParser,orCondition,Complex Method,"designitejava,pmd,checkstyle",cayenne/src/main/java/org/apache/cayenne/exp/parser/ExpressionParser.java,cayenne/src/main/java/org/apache/cayenne/exp/parser/ExpressionParser.java.ExpressionParser.orCondition.Complex Method,5.0-M1,5.0-M1,5.0-M1,1
cayenne,5.0-M1,org.apache.cayenne.exp.parser,ExpressionParser,pathExpression,Complex Method,"designitejava,checkstyle",cayenne/src/main/java/org/apache/cayenne/exp/parser/ExpressionParser.java,cayenne/src/main/java/org/apache/cayenne/exp/parser/ExpressionParser.java.ExpressionParser.pathExpression.Complex Method,5.0-M1,5.0-M1,5.0-M1,1
cayenne,5.0-M1,org.apache.cayenne.exp.parser,ExpressionParser,pathToken,Complex Method,"designitejava,checkstyle",cayenne/src/main/java/org/apache/cayenne/exp/parser/ExpressionParser.java,cayenne/src/main/java/org/apache/cayenne/exp/parser/ExpressionParser.java.ExpressionParser.pathToken.Complex Method,5.0-M1,5.0-M1,5.0-M1,1
cayenne,5.0-M1,org.apache.cayenne.exp.parser,ExpressionParser,scalarCommaList,Complex Method,"designitejava,pmd,checkstyle",cayenne/src/main/java/org/apache/cayenne/exp/parser/ExpressionParser.java,cayenne/src/main/java/org/apache/cayenne/exp/parser/ExpressionParser.java.ExpressionParser.scalarCommaList.Complex Method,5.0-M1,5.0-M1,5.0-M1,1
cayenne,5.0-M1,org.apache.cayenne.exp.parser,ExpressionParser,scalarConstExpression,Complex Method,"designitejava,pmd,checkstyle",cayenne/src/main/java/org/apache/cayenne/exp/parser/ExpressionParser.java,cayenne/src/main/java/org/apache/cayenne/exp/parser/ExpressionParser.java.ExpressionParser.scalarConstExpression.Complex Method,5.0-M1,5.0-M1,5.0-M1,1
cayenne,5.0-M1,org.apache.cayenne.exp.parser,ExpressionParser,simpleCondition,Complex Method,"designitejava,pmd,checkstyle",cayenne/src/main/java/org/apache/cayenne/exp/parser/ExpressionParser.java,cayenne/src/main/java/org/apache/cayenne/exp/parser/ExpressionParser.java.ExpressionParser.simpleCondition.Complex Method,5.0-M1,5.0-M1,5.0-M1,1
cayenne,5.0-M1,org.apache.cayenne.exp.parser,ExpressionParser,simpleNotCondition,Complex Method,"designitejava,pmd,checkstyle",cayenne/src/main/java/org/apache/cayenne/exp/parser/ExpressionParser.java,cayenne/src/main/java/org/apache/cayenne/exp/parser/ExpressionParser.java.ExpressionParser.simpleNotCondition.Complex Method,5.0-M1,5.0-M1,5.0-M1,1
cayenne,5.0-M1,org.apache.cayenne.exp.parser,ExpressionParser,sqrt,Complex Method,"designitejava,pmd",cayenne/src/main/java/org/apache/cayenne/exp/parser/ExpressionParser.java,cayenne/src/main/java/org/apache/cayenne/exp/parser/ExpressionParser.java.ExpressionParser.sqrt.Complex Method,5.0-M1,5.0-M1,5.0-M1,1
cayenne,5.0-M1,org.apache.cayenne.exp.parser,ExpressionParser,substring,Complex Method,"designitejava,pmd,checkstyle",cayenne/src/main/java/org/apache/cayenne/exp/parser/ExpressionParser.java,cayenne/src/main/java/org/apache/cayenne/exp/parser/ExpressionParser.java.ExpressionParser.substring.Complex Method,5.0-M1,5.0-M1,5.0-M1,1
cayenne,5.0-M1,org.apache.cayenne.exp.parser,ExpressionParser,sum,Complex Method,"designitejava,pmd",cayenne/src/main/java/org/apache/cayenne/exp/parser/ExpressionParser.java,cayenne/src/main/java/org/apache/cayenne/exp/parser/ExpressionParser.java.ExpressionParser.sum.Complex Method,5.0-M1,5.0-M1,5.0-M1,1
cayenne,5.0-M1,org.apache.cayenne.exp.parser,ExpressionParser,trim,Complex Method,"designitejava,pmd",cayenne/src/main/java/org/apache/cayenne/exp/parser/ExpressionParser.java,cayenne/src/main/java/org/apache/cayenne/exp/parser/ExpressionParser.java.ExpressionParser.trim.Complex Method,5.0-M1,5.0-M1,5.0-M1,1
cayenne,5.0-M1,org.apache.cayenne.exp.parser,ExpressionParser,upper,Complex Method,"designitejava,pmd",cayenne/src/main/java/org/apache/cayenne/exp/parser/ExpressionParser.java,cayenne/src/main/java/org/apache/cayenne/exp/parser/ExpressionParser.java.ExpressionParser.upper.Complex Method,5.0-M1,5.0-M1,5.0-M1,1
cayenne,5.0-M1,org.apache.cayenne.exp.parser,ExpressionParserTokenManager,,God Class,"pmd,checkstyle",cayenne/src/main/java/org/apache/cayenne/exp/parser/ExpressionParserTokenManager.java,cayenne/src/main/java/org/apache/cayenne/exp/parser/ExpressionParserTokenManager.java.ExpressionParserTokenManager..God Class,5.0-M1,5.0-M1,5.0-M1,1
cayenne,5.0-M1,org.apache.cayenne.exp.parser,ExpressionParserTokenManager,escapeChar,Complex Method,"designitejava,checkstyle",cayenne/src/main/java/org/apache/cayenne/exp/parser/ExpressionParserTokenManager.java,cayenne/src/main/java/org/apache/cayenne/exp/parser/ExpressionParserTokenManager.java.ExpressionParserTokenManager.escapeChar.Complex Method,5.0-M1,5.0-M1,5.0-M1,1
cayenne,5.0-M1,org.apache.cayenne.exp.parser,ExpressionParserTokenManager,getNextToken,Complex Method,"designitejava,pmd,checkstyle",cayenne/src/main/java/org/apache/cayenne/exp/parser/ExpressionParserTokenManager.java,cayenne/src/main/java/org/apache/cayenne/exp/parser/ExpressionParserTokenManager.java.ExpressionParserTokenManager.getNextToken.Complex Method,5.0-M1,5.0-M1,5.0-M1,1
cayenne,5.0-M1,org.apache.cayenne.exp.parser,ExpressionParserTokenManager,jjMoveNfa_0,Complex Method,"designitejava,pmd,checkstyle",cayenne/src/main/java/org/apache/cayenne/exp/parser/ExpressionParserTokenManager.java,cayenne/src/main/java/org/apache/cayenne/exp/parser/ExpressionParserTokenManager.java.ExpressionParserTokenManager.jjMoveNfa_0.Complex Method,5.0-M1,5.0-M1,5.0-M1,1
cayenne,5.0-M1,org.apache.cayenne.exp.parser,ExpressionParserTokenManager,jjMoveNfa_1,Complex Method,"designitejava,pmd,checkstyle",cayenne/src/main/java/org/apache/cayenne/exp/parser/ExpressionParserTokenManager.java,cayenne/src/main/java/org/apache/cayenne/exp/parser/ExpressionParserTokenManager.java.ExpressionParserTokenManager.jjMoveNfa_1.Complex Method,5.0-M1,5.0-M1,5.0-M1,1
cayenne,5.0-M1,org.apache.cayenne.exp.parser,ExpressionParserTokenManager,jjMoveNfa_2,Complex Method,"designitejava,pmd,checkstyle",cayenne/src/main/java/org/apache/cayenne/exp/parser/ExpressionParserTokenManager.java,cayenne/src/main/java/org/apache/cayenne/exp/parser/ExpressionParserTokenManager.java.ExpressionParserTokenManager.jjMoveNfa_2.Complex Method,5.0-M1,5.0-M1,5.0-M1,1
cayenne,5.0-M1,org.apache.cayenne.exp.parser,ExpressionParserTokenManager,jjMoveStringLiteralDfa0_0,Complex Method,"designitejava,checkstyle",cayenne/src/main/java/org/apache/cayenne/exp/parser/ExpressionParserTokenManager.java,cayenne/src/main/java/org/apache/cayenne/exp/parser/ExpressionParserTokenManager.java.ExpressionParserTokenManager.jjMoveStringLiteralDfa0_0.Complex Method,5.0-M1,5.0-M1,5.0-M1,1
cayenne,5.0-M1,org.apache.cayenne.exp.parser,ExpressionParserTokenManager,jjMoveStringLiteralDfa1_0,Complex Method,"designitejava,pmd,checkstyle",cayenne/src/main/java/org/apache/cayenne/exp/parser/ExpressionParserTokenManager.java,cayenne/src/main/java/org/apache/cayenne/exp/parser/ExpressionParserTokenManager.java.ExpressionParserTokenManager.jjMoveStringLiteralDfa1_0.Complex Method,5.0-M1,5.0-M1,5.0-M1,1
cayenne,5.0-M1,org.apache.cayenne.exp.parser,ExpressionParserTokenManager,jjMoveStringLiteralDfa2_0,Complex Method,"designitejava,pmd,checkstyle",cayenne/src/main/java/org/apache/cayenne/exp/parser/ExpressionParserTokenManager.java,cayenne/src/main/java/org/apache/cayenne/exp/parser/ExpressionParserTokenManager.java.ExpressionParserTokenManager.jjMoveStringLiteralDfa2_0.Complex Method,5.0-M1,5.0-M1,5.0-M1,1
cayenne,5.0-M1,org.apache.cayenne.exp.parser,ExpressionParserTokenManager,jjMoveStringLiteralDfa3_0,Complex Method,"designitejava,pmd,checkstyle",cayenne/src/main/java/org/apache/cayenne/exp/parser/ExpressionParserTokenManager.java,cayenne/src/main/java/org/apache/cayenne/exp/parser/ExpressionParserTokenManager.java.ExpressionParserTokenManager.jjMoveStringLiteralDfa3_0.Complex Method,5.0-M1,5.0-M1,5.0-M1,1
cayenne,5.0-M1,org.apache.cayenne.exp.parser,ExpressionParserTokenManager,jjMoveStringLiteralDfa4_0,Complex Method,"designitejava,checkstyle",cayenne/src/main/java/org/apache/cayenne/exp/parser/ExpressionParserTokenManager.java,cayenne/src/main/java/org/apache/cayenne/exp/parser/ExpressionParserTokenManager.java.ExpressionParserTokenManager.jjMoveStringLiteralDfa4_0.Complex Method,5.0-M1,5.0-M1,5.0-M1,1
cayenne,5.0-M1,org.apache.cayenne.exp.parser,ExpressionParserTokenManager,jjMoveStringLiteralDfa5_0,Complex Method,"designitejava,checkstyle",cayenne/src/main/java/org/apache/cayenne/exp/parser/ExpressionParserTokenManager.java,cayenne/src/main/java/org/apache/cayenne/exp/parser/ExpressionParserTokenManager.java.ExpressionParserTokenManager.jjMoveStringLiteralDfa5_0.Complex Method,5.0-M1,5.0-M1,5.0-M1,1
cayenne,5.0-M1,org.apache.cayenne.exp.parser,ExpressionParserTokenManager,jjMoveStringLiteralDfa7_0,Complex Method,"designitejava,checkstyle",cayenne/src/main/java/org/apache/cayenne/exp/parser/ExpressionParserTokenManager.java,cayenne/src/main/java/org/apache/cayenne/exp/parser/ExpressionParserTokenManager.java.ExpressionParserTokenManager.jjMoveStringLiteralDfa7_0.Complex Method,5.0-M1,5.0-M1,5.0-M1,1
cayenne,5.0-M1,org.apache.cayenne.exp.parser,ExpressionParserTokenManager,jjMoveStringLiteralDfa8_0,Complex Method,"designitejava,checkstyle",cayenne/src/main/java/org/apache/cayenne/exp/parser/ExpressionParserTokenManager.java,cayenne/src/main/java/org/apache/cayenne/exp/parser/ExpressionParserTokenManager.java.ExpressionParserTokenManager.jjMoveStringLiteralDfa8_0.Complex Method,5.0-M1,5.0-M1,5.0-M1,1
cayenne,5.0-M1,org.apache.cayenne.exp.parser,ExpressionParserTokenManager,jjStopStringLiteralDfa_0,Complex Method,"designitejava,pmd,checkstyle",cayenne/src/main/java/org/apache/cayenne/exp/parser/ExpressionParserTokenManager.java,cayenne/src/main/java/org/apache/cayenne/exp/parser/ExpressionParserTokenManager.java.ExpressionParserTokenManager.jjStopStringLiteralDfa_0.Complex Method,5.0-M1,5.0-M1,5.0-M1,1
cayenne,5.0-M1,org.apache.cayenne.exp.parser,JavaCharStream,,God Class,"pmd,checkstyle",cayenne/src/main/java/org/apache/cayenne/exp/parser/JavaCharStream.java,cayenne/src/main/java/org/apache/cayenne/exp/parser/JavaCharStream.java.JavaCharStream..God Class,5.0-M1,5.0-M1,5.0-M1,1
cayenne,5.0-M1,org.apache.cayenne.exp.parser,JavaCharStream,hexval,Complex Method,"designitejava,checkstyle",cayenne/src/main/java/org/apache/cayenne/exp/parser/JavaCharStream.java,cayenne/src/main/java/org/apache/cayenne/exp/parser/JavaCharStream.java.JavaCharStream.hexval.Complex Method,5.0-M1,5.0-M1,5.0-M1,1
cayenne,5.0-M1,org.apache.cayenne.exp.parser,JavaCharStream,readChar,Complex Method,"designitejava,pmd,checkstyle",cayenne/src/main/java/org/apache/cayenne/exp/parser/JavaCharStream.java,cayenne/src/main/java/org/apache/cayenne/exp/parser/JavaCharStream.java.JavaCharStream.readChar.Complex Method,5.0-M1,5.0-M1,5.0-M1,1
cayenne,5.0-M1,org.apache.cayenne.exp.parser,ParseException,add_escapes,Complex Method,"designitejava,checkstyle",cayenne/src/main/java/org/apache/cayenne/exp/parser/ParseException.java,cayenne/src/main/java/org/apache/cayenne/exp/parser/ParseException.java.ParseException.add_escapes.Complex Method,5.0-M1,5.0-M1,5.0-M1,1
cayenne,5.0-M1,org.apache.cayenne.exp.parser,ParseException,initialise,Complex Method,"designitejava,pmd,checkstyle",cayenne/src/main/java/org/apache/cayenne/exp/parser/ParseException.java,cayenne/src/main/java/org/apache/cayenne/exp/parser/ParseException.java.ParseException.initialise.Complex Method,5.0-M1,5.0-M1,5.0-M1,1
cayenne,5.0-M1,org.apache.cayenne.exp.parser,SimpleNode,,God Class,"pmd,checkstyle",cayenne/src/main/java/org/apache/cayenne/exp/parser/SimpleNode.java,cayenne/src/main/java/org/apache/cayenne/exp/parser/SimpleNode.java.SimpleNode..God Class,5.0-M1,5.0-M1,5.0-M1,1
cayenne,5.0-M1,org.apache.cayenne.exp.parser,SimpleNode,encodeScalarAsEJBQL,Complex Method,"designitejava,checkstyle",cayenne/src/main/java/org/apache/cayenne/exp/parser/SimpleNode.java,cayenne/src/main/java/org/apache/cayenne/exp/parser/SimpleNode.java.SimpleNode.encodeScalarAsEJBQL.Complex Method,5.0-M1,5.0-M1,5.0-M1,1
cayenne,5.0-M1,org.apache.cayenne.exp.parser,SimpleNode,flattenTree,Complex Method,"designitejava,pmd",cayenne/src/main/java/org/apache/cayenne/exp/parser/SimpleNode.java,cayenne/src/main/java/org/apache/cayenne/exp/parser/SimpleNode.java.SimpleNode.flattenTree.Complex Method,5.0-M1,5.0-M1,5.0-M1,1
cayenne,5.0-M1,org.apache.cayenne.exp.parser,TokenMgrError,LexicalErr,Long Parameter List,"designitejava,checkstyle",cayenne/src/main/java/org/apache/cayenne/exp/parser/TokenMgrError.java,cayenne/src/main/java/org/apache/cayenne/exp/parser/TokenMgrError.java.TokenMgrError.LexicalErr.Long Parameter List,5.0-M1,5.0-M1,5.0-M1,1
cayenne,5.0-M1,org.apache.cayenne.exp.parser,TokenMgrError,addEscapes,Complex Method,"designitejava,checkstyle",cayenne/src/main/java/org/apache/cayenne/exp/parser/TokenMgrError.java,cayenne/src/main/java/org/apache/cayenne/exp/parser/TokenMgrError.java.TokenMgrError.addEscapes.Complex Method,5.0-M1,5.0-M1,5.0-M1,1
cayenne,5.0-M1,org.apache.cayenne.log,FormattedSlf4jJdbcEventLogger,formatQuery,Complex Method,"designitejava,pmd,checkstyle",cayenne/src/main/java/org/apache/cayenne/log/FormattedSlf4jJdbcEventLogger.java,cayenne/src/main/java/org/apache/cayenne/log/FormattedSlf4jJdbcEventLogger.java.FormattedSlf4jJdbcEventLogger.formatQuery.Complex Method,5.0-M1,5.0-M1,5.0-M1,1
cayenne,5.0-M1,org.apache.cayenne.log,Slf4jJdbcEventLogger,appendParameters,Complex Method,"designitejava,pmd",cayenne/src/main/java/org/apache/cayenne/log/Slf4jJdbcEventLogger.java,cayenne/src/main/java/org/apache/cayenne/log/Slf4jJdbcEventLogger.java.Slf4jJdbcEventLogger.appendParameters.Complex Method,5.0-M1,5.0-M1,5.0-M1,1
cayenne,5.0-M1,org.apache.cayenne.map,DataMap,,God Class,"pmd,checkstyle",cayenne/src/main/java/org/apache/cayenne/map/DataMap.java,cayenne/src/main/java/org/apache/cayenne/map/DataMap.java.DataMap..God Class,5.0-M1,5.0-M1,5.0-M1,1
cayenne,5.0-M1,org.apache.cayenne.map,DataMap,removeDbEntity,Complex Method,"designitejava,pmd,checkstyle",cayenne/src/main/java/org/apache/cayenne/map/DataMap.java,cayenne/src/main/java/org/apache/cayenne/map/DataMap.java.DataMap.removeDbEntity.Complex Method,5.0-M1,5.0-M1,5.0-M1,1
cayenne,5.0-M1,org.apache.cayenne.map,DbEntity,,God Class,"pmd,checkstyle",cayenne/src/main/java/org/apache/cayenne/map/DbEntity.java,cayenne/src/main/java/org/apache/cayenne/map/DbEntity.java.DbEntity..God Class,5.0-M1,5.0-M1,5.0-M1,1
cayenne,5.0-M1,org.apache.cayenne.map,DbEntity,dbEntityChanged,Complex Method,"designitejava,pmd,checkstyle",cayenne/src/main/java/org/apache/cayenne/map/DbEntity.java,cayenne/src/main/java/org/apache/cayenne/map/DbEntity.java.DbEntity.dbEntityChanged.Complex Method,5.0-M1,5.0-M1,5.0-M1,1
cayenne,5.0-M1,org.apache.cayenne.map,DbEntity,handleAttributeUpdate,Complex Method,"designitejava,pmd,checkstyle",cayenne/src/main/java/org/apache/cayenne/map/DbEntity.java,cayenne/src/main/java/org/apache/cayenne/map/DbEntity.java.DbEntity.handleAttributeUpdate.Complex Method,5.0-M1,5.0-M1,5.0-M1,1
cayenne,5.0-M1,org.apache.cayenne.map,DbRelationship,,God Class,"pmd,checkstyle",cayenne/src/main/java/org/apache/cayenne/map/DbRelationship.java,cayenne/src/main/java/org/apache/cayenne/map/DbRelationship.java.DbRelationship..God Class,5.0-M1,5.0-M1,5.0-M1,1
cayenne,5.0-M1,org.apache.cayenne.map,DbRelationship,getReverseRelationship,Complex Method,"designitejava,pmd",cayenne/src/main/java/org/apache/cayenne/map/DbRelationship.java,cayenne/src/main/java/org/apache/cayenne/map/DbRelationship.java.DbRelationship.getReverseRelationship.Complex Method,5.0-M1,5.0-M1,5.0-M1,1
cayenne,5.0-M1,org.apache.cayenne.map,DbRelationship,targetPkSnapshotWithSrcSnapshot,Complex Method,"designitejava,pmd",cayenne/src/main/java/org/apache/cayenne/map/DbRelationship.java,cayenne/src/main/java/org/apache/cayenne/map/DbRelationship.java.DbRelationship.targetPkSnapshotWithSrcSnapshot.Complex Method,5.0-M1,5.0-M1,5.0-M1,1
cayenne,5.0-M1,org.apache.cayenne.map,MappingCache,index,Complex Method,"designitejava,pmd,checkstyle",cayenne/src/main/java/org/apache/cayenne/map/MappingCache.java,cayenne/src/main/java/org/apache/cayenne/map/MappingCache.java.MappingCache.index.Complex Method,5.0-M1,5.0-M1,5.0-M1,1
cayenne,5.0-M1,org.apache.cayenne.map,ObjAttribute,getDbPathIterator,Feature Envy,"designitejava,checkstyle",cayenne/src/main/java/org/apache/cayenne/map/ObjAttribute.java,cayenne/src/main/java/org/apache/cayenne/map/ObjAttribute.java.ObjAttribute.getDbPathIterator.Feature Envy,5.0-M1,5.0-M1,5.0-M1,1
cayenne,5.0-M1,org.apache.cayenne.map,ObjEntity,,God Class,"pmd,checkstyle",cayenne/src/main/java/org/apache/cayenne/map/ObjEntity.java,cayenne/src/main/java/org/apache/cayenne/map/ObjEntity.java.ObjEntity..God Class,5.0-M1,5.0-M1,5.0-M1,1
cayenne,5.0-M1,org.apache.cayenne.map,ObjEntity,encodeAsXML,Complex Method,"designitejava,pmd,checkstyle",cayenne/src/main/java/org/apache/cayenne/map/ObjEntity.java,cayenne/src/main/java/org/apache/cayenne/map/ObjEntity.java.ObjEntity.encodeAsXML.Complex Method,5.0-M1,5.0-M1,5.0-M1,1
cayenne,5.0-M1,org.apache.cayenne.map,ObjRelationship,,God Class,"pmd,checkstyle",cayenne/src/main/java/org/apache/cayenne/map/ObjRelationship.java,cayenne/src/main/java/org/apache/cayenne/map/ObjRelationship.java.ObjRelationship..God Class,5.0-M1,5.0-M1,5.0-M1,1
cayenne,5.0-M1,org.apache.cayenne.map,ObjRelationship,getReverseRelationship,Complex Method,"designitejava,pmd,checkstyle",cayenne/src/main/java/org/apache/cayenne/map/ObjRelationship.java,cayenne/src/main/java/org/apache/cayenne/map/ObjRelationship.java.ObjRelationship.getReverseRelationship.Complex Method,5.0-M1,5.0-M1,5.0-M1,1
cayenne,5.0-M1,org.apache.cayenne.map,SQLTemplateDescriptor,encodeAsXML,Complex Method,"designitejava,pmd,checkstyle",cayenne/src/main/java/org/apache/cayenne/map/SQLTemplateDescriptor.java,cayenne/src/main/java/org/apache/cayenne/map/SQLTemplateDescriptor.java.SQLTemplateDescriptor.encodeAsXML.Complex Method,5.0-M1,5.0-M1,5.0-M1,1
cayenne,5.0-M1,org.apache.cayenne.query,BaseQueryMetadata,initWithProperties,Complex Method,"pmd,checkstyle",cayenne/src/main/java/org/apache/cayenne/query/BaseQueryMetadata.java,cayenne/src/main/java/org/apache/cayenne/query/BaseQueryMetadata.java.BaseQueryMetadata.initWithProperties.Complex Method,5.0-M1,5.0-M1,5.0-M1,1
cayenne,5.0-M1,org.apache.cayenne.query,BaseQueryMetadata,resolve,Complex Method,"designitejava,pmd,checkstyle",cayenne/src/main/java/org/apache/cayenne/query/BaseQueryMetadata.java,cayenne/src/main/java/org/apache/cayenne/query/BaseQueryMetadata.java.BaseQueryMetadata.resolve.Complex Method,5.0-M1,5.0-M1,5.0-M1,1
cayenne,5.0-M1,org.apache.cayenne.query,EJBQLQueryMetadata,resolve,Complex Method,"designitejava,pmd,checkstyle",cayenne/src/main/java/org/apache/cayenne/query/EJBQLQueryMetadata.java,cayenne/src/main/java/org/apache/cayenne/query/EJBQLQueryMetadata.java.EJBQLQueryMetadata.resolve.Complex Method,5.0-M1,5.0-M1,5.0-M1,1
cayenne,5.0-M1,org.apache.cayenne.query,MappedSelect,createReplacementQuery,Complex Method,"designitejava,pmd,checkstyle",cayenne/src/main/java/org/apache/cayenne/query/MappedSelect.java,cayenne/src/main/java/org/apache/cayenne/query/MappedSelect.java.MappedSelect.createReplacementQuery.Complex Method,5.0-M1,5.0-M1,5.0-M1,1
cayenne,5.0-M1,org.apache.cayenne.query,ObjectSelectMetadata,makeCacheKey,Complex Method,"designitejava,pmd,checkstyle",cayenne/src/main/java/org/apache/cayenne/query/ObjectSelectMetadata.java,cayenne/src/main/java/org/apache/cayenne/query/ObjectSelectMetadata.java.ObjectSelectMetadata.makeCacheKey.Complex Method,5.0-M1,5.0-M1,5.0-M1,1
cayenne,5.0-M1,org.apache.cayenne.query,Ordering,,God Class,"pmd,checkstyle",cayenne/src/main/java/org/apache/cayenne/query/Ordering.java,cayenne/src/main/java/org/apache/cayenne/query/Ordering.java.Ordering..God Class,5.0-M1,5.0-M1,5.0-M1,1
cayenne,5.0-M1,org.apache.cayenne.query,Ordering,compare,Complex Method,"pmd,checkstyle",cayenne/src/main/java/org/apache/cayenne/query/Ordering.java,cayenne/src/main/java/org/apache/cayenne/query/Ordering.java.Ordering.compare.Complex Method,5.0-M1,5.0-M1,5.0-M1,1
cayenne,5.0-M1,org.apache.cayenne.query,PrefetchTreeNode,,God Class,"pmd,checkstyle",cayenne/src/main/java/org/apache/cayenne/query/PrefetchTreeNode.java,cayenne/src/main/java/org/apache/cayenne/query/PrefetchTreeNode.java.PrefetchTreeNode..God Class,5.0-M1,5.0-M1,5.0-M1,1
cayenne,5.0-M1,org.apache.cayenne.query,ProcedureQueryMetadata,resolve,Complex Method,"designitejava,pmd,checkstyle",cayenne/src/main/java/org/apache/cayenne/query/ProcedureQueryMetadata.java,cayenne/src/main/java/org/apache/cayenne/query/ProcedureQueryMetadata.java.ProcedureQueryMetadata.resolve.Complex Method,5.0-M1,5.0-M1,5.0-M1,1
cayenne,5.0-M1,org.apache.cayenne.query,SQLSelect,,God Class,"pmd,checkstyle",cayenne/src/main/java/org/apache/cayenne/query/SQLSelect.java,cayenne/src/main/java/org/apache/cayenne/query/SQLSelect.java.SQLSelect..God Class,5.0-M1,5.0-M1,5.0-M1,1
cayenne,5.0-M1,org.apache.cayenne.query,SQLTemplate,,God Class,"pmd,checkstyle",cayenne/src/main/java/org/apache/cayenne/query/SQLTemplate.java,cayenne/src/main/java/org/apache/cayenne/query/SQLTemplate.java.SQLTemplate..God Class,5.0-M1,5.0-M1,5.0-M1,1
cayenne,5.0-M1,org.apache.cayenne.query,SQLTemplateMetadata,resolve,Complex Method,"designitejava,pmd,checkstyle",cayenne/src/main/java/org/apache/cayenne/query/SQLTemplateMetadata.java,cayenne/src/main/java/org/apache/cayenne/query/SQLTemplateMetadata.java.SQLTemplateMetadata.resolve.Complex Method,5.0-M1,5.0-M1,5.0-M1,1
cayenne,5.0-M1,org.apache.cayenne.query,ToCacheKeyTraversalHandler,objectNode,Complex Method,"designitejava,pmd",cayenne/src/main/java/org/apache/cayenne/query/ToCacheKeyTraversalHandler.java,cayenne/src/main/java/org/apache/cayenne/query/ToCacheKeyTraversalHandler.java.ToCacheKeyTraversalHandler.objectNode.Complex Method,5.0-M1,5.0-M1,5.0-M1,1
cayenne,5.0-M1,org.apache.cayenne.reflect,BeanAccessor,BeanAccessor,Complex Method,"designitejava,checkstyle",cayenne/src/main/java/org/apache/cayenne/reflect/BeanAccessor.java,cayenne/src/main/java/org/apache/cayenne/reflect/BeanAccessor.java.BeanAccessor.BeanAccessor.Complex Method,5.0-M1,5.0-M1,5.0-M1,1
cayenne,5.0-M1,org.apache.cayenne.reflect,ConverterFactory,ConverterFactory,Complex Method,"designitejava,checkstyle",cayenne/src/main/java/org/apache/cayenne/reflect/ConverterFactory.java,cayenne/src/main/java/org/apache/cayenne/reflect/ConverterFactory.java.ConverterFactory.ConverterFactory.Complex Method,5.0-M1,5.0-M1,5.0-M1,1
cayenne,5.0-M1,org.apache.cayenne.reflect,LifecycleCallbackRegistry,addListener,Complex Method,"designitejava,pmd,checkstyle",cayenne/src/main/java/org/apache/cayenne/reflect/LifecycleCallbackRegistry.java,cayenne/src/main/java/org/apache/cayenne/reflect/LifecycleCallbackRegistry.java.LifecycleCallbackRegistry.addListener.Complex Method,5.0-M1,5.0-M1,5.0-M1,1
cayenne,5.0-M1,org.apache.cayenne.reflect,PersistentDescriptorFactory,getDescriptor,Complex Method,"designitejava,pmd,checkstyle",cayenne/src/main/java/org/apache/cayenne/reflect/PersistentDescriptorFactory.java,cayenne/src/main/java/org/apache/cayenne/reflect/PersistentDescriptorFactory.java.PersistentDescriptorFactory.getDescriptor.Complex Method,5.0-M1,5.0-M1,5.0-M1,1
cayenne,5.0-M1,org.apache.cayenne.reflect,PropertyUtils,defaultNullValueForType,Complex Method,"designitejava,checkstyle",cayenne/src/main/java/org/apache/cayenne/reflect/PropertyUtils.java,cayenne/src/main/java/org/apache/cayenne/reflect/PropertyUtils.java.PropertyUtils.defaultNullValueForType.Complex Method,5.0-M1,5.0-M1,5.0-M1,1
cayenne,5.0-M1,org.apache.cayenne.runtime,CayenneRuntimeBuilder,builderModules,Complex Method,"designitejava,pmd,checkstyle",cayenne/src/main/java/org/apache/cayenne/runtime/CayenneRuntimeBuilder.java,cayenne/src/main/java/org/apache/cayenne/runtime/CayenneRuntimeBuilder.java.CayenneRuntimeBuilder.builderModules.Complex Method,5.0-M1,5.0-M1,5.0-M1,1
cayenne,5.0-M1,org.apache.cayenne.template.directive,BindObjectEqual,apply,Complex Method,"designitejava,checkstyle",cayenne/src/main/java/org/apache/cayenne/template/directive/BindObjectEqual.java,cayenne/src/main/java/org/apache/cayenne/template/directive/BindObjectEqual.java.BindObjectEqual.apply.Complex Method,5.0-M1,5.0-M1,5.0-M1,1
cayenne,5.0-M1,org.apache.cayenne.template.parser,ASTMethod,evaluateAsObject,Complex Method,"designitejava,pmd,checkstyle",cayenne/src/main/java/org/apache/cayenne/template/parser/ASTMethod.java,cayenne/src/main/java/org/apache/cayenne/template/parser/ASTMethod.java.ASTMethod.evaluateAsObject.Complex Method,5.0-M1,5.0-M1,5.0-M1,1
cayenne,5.0-M1,org.apache.cayenne.template.parser,JavaCharStream,,God Class,"pmd,checkstyle",cayenne/src/main/java/org/apache/cayenne/template/parser/JavaCharStream.java,cayenne/src/main/java/org/apache/cayenne/template/parser/JavaCharStream.java.JavaCharStream..God Class,5.0-M1,5.0-M1,5.0-M1,1
cayenne,5.0-M1,org.apache.cayenne.template.parser,JavaCharStream,hexval,Complex Method,"designitejava,checkstyle",cayenne/src/main/java/org/apache/cayenne/template/parser/JavaCharStream.java,cayenne/src/main/java/org/apache/cayenne/template/parser/JavaCharStream.java.JavaCharStream.hexval.Complex Method,5.0-M1,5.0-M1,5.0-M1,1
cayenne,5.0-M1,org.apache.cayenne.template.parser,JavaCharStream,readChar,Complex Method,"designitejava,pmd,checkstyle",cayenne/src/main/java/org/apache/cayenne/template/parser/JavaCharStream.java,cayenne/src/main/java/org/apache/cayenne/template/parser/JavaCharStream.java.JavaCharStream.readChar.Complex Method,5.0-M1,5.0-M1,5.0-M1,1
cayenne,5.0-M1,org.apache.cayenne.template.parser,ParseException,add_escapes,Complex Method,"designitejava,checkstyle",cayenne/src/main/java/org/apache/cayenne/template/parser/ParseException.java,cayenne/src/main/java/org/apache/cayenne/template/parser/ParseException.java.ParseException.add_escapes.Complex Method,5.0-M1,5.0-M1,5.0-M1,1
cayenne,5.0-M1,org.apache.cayenne.template.parser,SQLTemplateParser,,God Class,"pmd,checkstyle",cayenne/src/main/java/org/apache/cayenne/template/parser/SQLTemplateParser.java,cayenne/src/main/java/org/apache/cayenne/template/parser/SQLTemplateParser.java.SQLTemplateParser..God Class,5.0-M1,5.0-M1,5.0-M1,1
cayenne,5.0-M1,org.apache.cayenne.template.parser,SQLTemplateParser,array,Complex Method,"designitejava,pmd,checkstyle",cayenne/src/main/java/org/apache/cayenne/template/parser/SQLTemplateParser.java,cayenne/src/main/java/org/apache/cayenne/template/parser/SQLTemplateParser.java.SQLTemplateParser.array.Complex Method,5.0-M1,5.0-M1,5.0-M1,1
cayenne,5.0-M1,org.apache.cayenne.template.parser,SQLTemplateParser,block,Complex Method,"designitejava,pmd,checkstyle",cayenne/src/main/java/org/apache/cayenne/template/parser/SQLTemplateParser.java,cayenne/src/main/java/org/apache/cayenne/template/parser/SQLTemplateParser.java.SQLTemplateParser.block.Complex Method,5.0-M1,5.0-M1,5.0-M1,1
cayenne,5.0-M1,org.apache.cayenne.template.parser,SQLTemplateParser,directive,Complex Method,"designitejava,pmd,checkstyle",cayenne/src/main/java/org/apache/cayenne/template/parser/SQLTemplateParser.java,cayenne/src/main/java/org/apache/cayenne/template/parser/SQLTemplateParser.java.SQLTemplateParser.directive.Complex Method,5.0-M1,5.0-M1,5.0-M1,1
cayenne,5.0-M1,org.apache.cayenne.template.parser,SQLTemplateParser,expression,Complex Method,"designitejava,pmd,checkstyle",cayenne/src/main/java/org/apache/cayenne/template/parser/SQLTemplateParser.java,cayenne/src/main/java/org/apache/cayenne/template/parser/SQLTemplateParser.java.SQLTemplateParser.expression.Complex Method,5.0-M1,5.0-M1,5.0-M1,1
cayenne,5.0-M1,org.apache.cayenne.template.parser,SQLTemplateParser,generateParseException,Complex Method,"designitejava,pmd",cayenne/src/main/java/org/apache/cayenne/template/parser/SQLTemplateParser.java,cayenne/src/main/java/org/apache/cayenne/template/parser/SQLTemplateParser.java.SQLTemplateParser.generateParseException.Complex Method,5.0-M1,5.0-M1,5.0-M1,1
cayenne,5.0-M1,org.apache.cayenne.template.parser,SQLTemplateParser,ifElse,Complex Method,"designitejava,pmd,checkstyle",cayenne/src/main/java/org/apache/cayenne/template/parser/SQLTemplateParser.java,cayenne/src/main/java/org/apache/cayenne/template/parser/SQLTemplateParser.java.SQLTemplateParser.ifElse.Complex Method,5.0-M1,5.0-M1,5.0-M1,1
cayenne,5.0-M1,org.apache.cayenne.template.parser,SQLTemplateParser,method,Complex Method,"designitejava,pmd,checkstyle",cayenne/src/main/java/org/apache/cayenne/template/parser/SQLTemplateParser.java,cayenne/src/main/java/org/apache/cayenne/template/parser/SQLTemplateParser.java.SQLTemplateParser.method.Complex Method,5.0-M1,5.0-M1,5.0-M1,1
cayenne,5.0-M1,org.apache.cayenne.template.parser,SQLTemplateParser,scalar,Complex Method,"designitejava,pmd,checkstyle",cayenne/src/main/java/org/apache/cayenne/template/parser/SQLTemplateParser.java,cayenne/src/main/java/org/apache/cayenne/template/parser/SQLTemplateParser.java.SQLTemplateParser.scalar.Complex Method,5.0-M1,5.0-M1,5.0-M1,1
cayenne,5.0-M1,org.apache.cayenne.template.parser,SQLTemplateParser,variable,Complex Method,"designitejava,pmd,checkstyle",cayenne/src/main/java/org/apache/cayenne/template/parser/SQLTemplateParser.java,cayenne/src/main/java/org/apache/cayenne/template/parser/SQLTemplateParser.java.SQLTemplateParser.variable.Complex Method,5.0-M1,5.0-M1,5.0-M1,1
cayenne,5.0-M1,org.apache.cayenne.template.parser,SQLTemplateParserTokenManager,,God Class,"pmd,checkstyle",cayenne/src/main/java/org/apache/cayenne/template/parser/SQLTemplateParserTokenManager.java,cayenne/src/main/java/org/apache/cayenne/template/parser/SQLTemplateParserTokenManager.java.SQLTemplateParserTokenManager..God Class,5.0-M1,5.0-M1,5.0-M1,1
cayenne,5.0-M1,org.apache.cayenne.template.parser,SQLTemplateParserTokenManager,escapeChar,Complex Method,"designitejava,checkstyle",cayenne/src/main/java/org/apache/cayenne/template/parser/SQLTemplateParserTokenManager.java,cayenne/src/main/java/org/apache/cayenne/template/parser/SQLTemplateParserTokenManager.java.SQLTemplateParserTokenManager.escapeChar.Complex Method,5.0-M1,5.0-M1,5.0-M1,1
cayenne,5.0-M1,org.apache.cayenne.template.parser,SQLTemplateParserTokenManager,getNextToken,Complex Method,"designitejava,pmd,checkstyle",cayenne/src/main/java/org/apache/cayenne/template/parser/SQLTemplateParserTokenManager.java,cayenne/src/main/java/org/apache/cayenne/template/parser/SQLTemplateParserTokenManager.java.SQLTemplateParserTokenManager.getNextToken.Complex Method,5.0-M1,5.0-M1,5.0-M1,1
cayenne,5.0-M1,org.apache.cayenne.template.parser,SQLTemplateParserTokenManager,jjMoveNfa_0,Complex Method,"designitejava,pmd,checkstyle",cayenne/src/main/java/org/apache/cayenne/template/parser/SQLTemplateParserTokenManager.java,cayenne/src/main/java/org/apache/cayenne/template/parser/SQLTemplateParserTokenManager.java.SQLTemplateParserTokenManager.jjMoveNfa_0.Complex Method,5.0-M1,5.0-M1,5.0-M1,1
cayenne,5.0-M1,org.apache.cayenne.template.parser,SQLTemplateParserTokenManager,jjMoveNfa_1,Complex Method,"designitejava,pmd,checkstyle",cayenne/src/main/java/org/apache/cayenne/template/parser/SQLTemplateParserTokenManager.java,cayenne/src/main/java/org/apache/cayenne/template/parser/SQLTemplateParserTokenManager.java.SQLTemplateParserTokenManager.jjMoveNfa_1.Complex Method,5.0-M1,5.0-M1,5.0-M1,1
cayenne,5.0-M1,org.apache.cayenne.template.parser,SQLTemplateParserTokenManager,jjMoveNfa_2,Complex Method,"designitejava,pmd,checkstyle",cayenne/src/main/java/org/apache/cayenne/template/parser/SQLTemplateParserTokenManager.java,cayenne/src/main/java/org/apache/cayenne/template/parser/SQLTemplateParserTokenManager.java.SQLTemplateParserTokenManager.jjMoveNfa_2.Complex Method,5.0-M1,5.0-M1,5.0-M1,1
cayenne,5.0-M1,org.apache.cayenne.template.parser,SQLTemplateParserTokenManager,jjMoveNfa_3,Complex Method,"designitejava,pmd,checkstyle",cayenne/src/main/java/org/apache/cayenne/template/parser/SQLTemplateParserTokenManager.java,cayenne/src/main/java/org/apache/cayenne/template/parser/SQLTemplateParserTokenManager.java.SQLTemplateParserTokenManager.jjMoveNfa_3.Complex Method,5.0-M1,5.0-M1,5.0-M1,1
cayenne,5.0-M1,org.apache.cayenne.template.parser,SQLTemplateParserTokenManager,jjMoveNfa_4,Complex Method,"designitejava,pmd,checkstyle",cayenne/src/main/java/org/apache/cayenne/template/parser/SQLTemplateParserTokenManager.java,cayenne/src/main/java/org/apache/cayenne/template/parser/SQLTemplateParserTokenManager.java.SQLTemplateParserTokenManager.jjMoveNfa_4.Complex Method,5.0-M1,5.0-M1,5.0-M1,1
cayenne,5.0-M1,org.apache.cayenne.template.parser,SQLTemplateParserTokenManager,jjMoveNfa_5,Complex Method,"designitejava,pmd,checkstyle",cayenne/src/main/java/org/apache/cayenne/template/parser/SQLTemplateParserTokenManager.java,cayenne/src/main/java/org/apache/cayenne/template/parser/SQLTemplateParserTokenManager.java.SQLTemplateParserTokenManager.jjMoveNfa_5.Complex Method,5.0-M1,5.0-M1,5.0-M1,1
cayenne,5.0-M1,org.apache.cayenne.template.parser,SQLTemplateParserTokenManager,jjMoveStringLiteralDfa0_1,Complex Method,"designitejava,checkstyle",cayenne/src/main/java/org/apache/cayenne/template/parser/SQLTemplateParserTokenManager.java,cayenne/src/main/java/org/apache/cayenne/template/parser/SQLTemplateParserTokenManager.java.SQLTemplateParserTokenManager.jjMoveStringLiteralDfa0_1.Complex Method,5.0-M1,5.0-M1,5.0-M1,1
cayenne,5.0-M1,org.apache.cayenne.template.parser,TokenMgrError,LexicalError,Long Parameter List,"designitejava,checkstyle",cayenne/src/main/java/org/apache/cayenne/template/parser/TokenMgrError.java,cayenne/src/main/java/org/apache/cayenne/template/parser/TokenMgrError.java.TokenMgrError.LexicalError.Long Parameter List,5.0-M1,5.0-M1,5.0-M1,1
cayenne,5.0-M1,org.apache.cayenne.template.parser,TokenMgrError,addEscapes,Complex Method,"designitejava,checkstyle",cayenne/src/main/java/org/apache/cayenne/template/parser/TokenMgrError.java,cayenne/src/main/java/org/apache/cayenne/template/parser/TokenMgrError.java.TokenMgrError.addEscapes.Complex Method,5.0-M1,5.0-M1,5.0-M1,1
cayenne,5.0-M1,org.apache.cayenne.util,CompareToBuilder,,God Class,"pmd,checkstyle",cayenne/src/main/java/org/apache/cayenne/util/CompareToBuilder.java,cayenne/src/main/java/org/apache/cayenne/util/CompareToBuilder.java.CompareToBuilder..God Class,5.0-M1,5.0-M1,5.0-M1,1
cayenne,5.0-M1,org.apache.cayenne.util,CompareToBuilder,append,Complex Method,"designitejava,pmd,checkstyle",cayenne/src/main/java/org/apache/cayenne/util/CompareToBuilder.java,cayenne/src/main/java/org/apache/cayenne/util/CompareToBuilder.java.CompareToBuilder.append.Complex Method,5.0-M1,5.0-M1,5.0-M1,1
cayenne,5.0-M1,org.apache.cayenne.util,DeepMergeOperation,merge,Complex Method,"designitejava,pmd",cayenne/src/main/java/org/apache/cayenne/util/DeepMergeOperation.java,cayenne/src/main/java/org/apache/cayenne/util/DeepMergeOperation.java.DeepMergeOperation.merge.Complex Method,5.0-M1,5.0-M1,5.0-M1,1
cayenne,5.0-M1,org.apache.cayenne.util,EqualsBuilder,,God Class,"pmd,checkstyle",cayenne/src/main/java/org/apache/cayenne/util/EqualsBuilder.java,cayenne/src/main/java/org/apache/cayenne/util/EqualsBuilder.java.EqualsBuilder..God Class,5.0-M1,5.0-M1,5.0-M1,1
cayenne,5.0-M1,org.apache.cayenne.util,EqualsBuilder,append,Complex Method,"designitejava,pmd,checkstyle",cayenne/src/main/java/org/apache/cayenne/util/EqualsBuilder.java,cayenne/src/main/java/org/apache/cayenne/util/EqualsBuilder.java.EqualsBuilder.append.Complex Method,5.0-M1,5.0-M1,5.0-M1,1
cayenne,5.0-M1,org.apache.cayenne.util,HashCodeBuilder,append,Complex Method,"designitejava,pmd,checkstyle",cayenne/src/main/java/org/apache/cayenne/util/HashCodeBuilder.java,cayenne/src/main/java/org/apache/cayenne/util/HashCodeBuilder.java.HashCodeBuilder.append.Complex Method,5.0-M1,5.0-M1,5.0-M1,1
cayenne,5.0-M1,org.apache.cayenne.util,MemoryBlob,position,Complex Method,"designitejava,pmd,checkstyle",cayenne/src/main/java/org/apache/cayenne/util/MemoryBlob.java,cayenne/src/main/java/org/apache/cayenne/util/MemoryBlob.java.MemoryBlob.position.Complex Method,5.0-M1,5.0-M1,5.0-M1,1
cayenne,5.0-M1,org.apache.cayenne.util,ObjectContextQueryAction,interceptObjectConversion,Complex Method,"designitejava,pmd,checkstyle",cayenne/src/main/java/org/apache/cayenne/util/ObjectContextQueryAction.java,cayenne/src/main/java/org/apache/cayenne/util/ObjectContextQueryAction.java.ObjectContextQueryAction.interceptObjectConversion.Complex Method,5.0-M1,5.0-M1,5.0-M1,1
cayenne,5.0-M1,org.apache.cayenne.util,ObjectContextQueryAction,interceptObjectConversion,Feature Envy,"designitejava,checkstyle",cayenne/src/main/java/org/apache/cayenne/util/ObjectContextQueryAction.java,cayenne/src/main/java/org/apache/cayenne/util/ObjectContextQueryAction.java.ObjectContextQueryAction.interceptObjectConversion.Feature Envy,5.0-M1,5.0-M1,5.0-M1,1
cayenne,5.0-M1,org.apache.cayenne.util,ObjectContextQueryAction,interceptRelationshipQuery,Complex Method,"designitejava,pmd,checkstyle",cayenne/src/main/java/org/apache/cayenne/util/ObjectContextQueryAction.java,cayenne/src/main/java/org/apache/cayenne/util/ObjectContextQueryAction.java.ObjectContextQueryAction.interceptRelationshipQuery.Complex Method,5.0-M1,5.0-M1,5.0-M1,1
cayenne,5.0-M1,org.apache.cayenne.util,PersistentObjectList,,God Class,"pmd,checkstyle",cayenne/src/main/java/org/apache/cayenne/util/PersistentObjectList.java,cayenne/src/main/java/org/apache/cayenne/util/PersistentObjectList.java.PersistentObjectList..God Class,5.0-M1,5.0-M1,5.0-M1,1
cayenne,5.0-M1,org.apache.cayenne.util,PersistentObjectList,mergeLocalChanges,Complex Method,"designitejava,pmd",cayenne/src/main/java/org/apache/cayenne/util/PersistentObjectList.java,cayenne/src/main/java/org/apache/cayenne/util/PersistentObjectList.java.PersistentObjectList.mergeLocalChanges.Complex Method,5.0-M1,5.0-M1,5.0-M1,1
cayenne,5.0-M1,org.apache.cayenne.util,PersistentObjectSet,mergeLocalChanges,Complex Method,"designitejava,pmd",cayenne/src/main/java/org/apache/cayenne/util/PersistentObjectSet.java,cayenne/src/main/java/org/apache/cayenne/util/PersistentObjectSet.java.PersistentObjectSet.mergeLocalChanges.Complex Method,5.0-M1,5.0-M1,5.0-M1,1
cayenne,5.0-M1,org.apache.cayenne.util,ShallowMergeOperation,merge,Feature Envy,"designitejava,checkstyle",cayenne/src/main/java/org/apache/cayenne/util/ShallowMergeOperation.java,cayenne/src/main/java/org/apache/cayenne/util/ShallowMergeOperation.java.ShallowMergeOperation.merge.Feature Envy,5.0-M1,5.0-M1,5.0-M1,1
cayenne,5.0-M1,org.apache.cayenne.util,ToStringBuilder,appendDetail,Complex Method,"designitejava,checkstyle",cayenne/src/main/java/org/apache/cayenne/util/ToStringBuilder.java,cayenne/src/main/java/org/apache/cayenne/util/ToStringBuilder.java.ToStringBuilder.appendDetail.Complex Method,5.0-M1,5.0-M1,5.0-M1,1
cayenne,5.0-M1,org.apache.cayenne.util,Util,,God Class,"pmd,checkstyle",cayenne/src/main/java/org/apache/cayenne/util/Util.java,cayenne/src/main/java/org/apache/cayenne/util/Util.java.Util..God Class,5.0-M1,5.0-M1,5.0-M1,1
cayenne,5.0-M1,org.apache.cayenne.util,Util,underscoredToJava,Complex Method,"designitejava,pmd,checkstyle",cayenne/src/main/java/org/apache/cayenne/util/Util.java,cayenne/src/main/java/org/apache/cayenne/util/Util.java.Util.underscoredToJava.Complex Method,5.0-M1,5.0-M1,5.0-M1,1
cayenne,5.0-M1,org.apache.cayenne.util.concurrentlinkedhashmap,ConcurrentLinkedHashMap,,God Class,"pmd,checkstyle",cayenne/src/main/java/org/apache/cayenne/util/concurrentlinkedhashmap/ConcurrentLinkedHashMap.java,cayenne/src/main/java/org/apache/cayenne/util/concurrentlinkedhashmap/ConcurrentLinkedHashMap.java.ConcurrentLinkedHashMap..God Class,5.0-M1,5.0-M1,5.0-M1,1
cayenne,5.0-M1,org.apache.cayenne.value.json,JsonTokenizer,,God Class,"pmd,checkstyle",cayenne/src/main/java/org/apache/cayenne/value/json/JsonTokenizer.java,cayenne/src/main/java/org/apache/cayenne/value/json/JsonTokenizer.java.JsonTokenizer..God Class,5.0-M1,5.0-M1,5.0-M1,1
cayenne,5.0-M1,org.apache.cayenne.value.json,JsonTokenizer,nextToken,Complex Method,"designitejava,pmd,checkstyle",cayenne/src/main/java/org/apache/cayenne/value/json/JsonTokenizer.java,cayenne/src/main/java/org/apache/cayenne/value/json/JsonTokenizer.java.JsonTokenizer.nextToken.Complex Method,5.0-M1,5.0-M1,5.0-M1,1
cayenne,5.0-M1,org.apache.cayenne.value.json,JsonTokenizer,nextValue,Complex Method,"designitejava,checkstyle",cayenne/src/main/java/org/apache/cayenne/value/json/JsonTokenizer.java,cayenne/src/main/java/org/apache/cayenne/value/json/JsonTokenizer.java.JsonTokenizer.nextValue.Complex Method,5.0-M1,5.0-M1,5.0-M1,1
cayenne,5.0-M1,org.apache.cayenne.value.json,JsonTokenizer,numericValue,Complex Method,"designitejava,pmd,checkstyle",cayenne/src/main/java/org/apache/cayenne/value/json/JsonTokenizer.java,cayenne/src/main/java/org/apache/cayenne/value/json/JsonTokenizer.java.JsonTokenizer.numericValue.Complex Method,5.0-M1,5.0-M1,5.0-M1,1
cayenne,5.0-M1,org.apache.cayenne.value.json,JsonTokenizer,stringValue,Complex Method,"designitejava,pmd,checkstyle",cayenne/src/main/java/org/apache/cayenne/value/json/JsonTokenizer.java,cayenne/src/main/java/org/apache/cayenne/value/json/JsonTokenizer.java.JsonTokenizer.stringValue.Complex Method,5.0-M1,5.0-M1,5.0-M1,1
cayenne,5.0-M1,org.apache.cayenne,CDOMany2OneIT,testMultipleToOneDeletion,Feature Envy,"designitejava,checkstyle",cayenne/src/test/java/org/apache/cayenne/CDOMany2OneIT.java,cayenne/src/test/java/org/apache/cayenne/CDOMany2OneIT.java.CDOMany2OneIT.testMultipleToOneDeletion.Feature Envy,5.0-M1,5.0-M1,5.0-M1,1
cayenne,5.0-M1,org.apache.cayenne,CDOMany2OneIT,testSavedAdd,Feature Envy,"designitejava,checkstyle",cayenne/src/test/java/org/apache/cayenne/CDOMany2OneIT.java,cayenne/src/test/java/org/apache/cayenne/CDOMany2OneIT.java.CDOMany2OneIT.testSavedAdd.Feature Envy,5.0-M1,5.0-M1,5.0-M1,1
cayenne,5.0-M1,org.apache.cayenne,CDOMany2OneNoRevIT,testNewAdd,Feature Envy,"designitejava,checkstyle",cayenne/src/test/java/org/apache/cayenne/CDOMany2OneNoRevIT.java,cayenne/src/test/java/org/apache/cayenne/CDOMany2OneNoRevIT.java.CDOMany2OneNoRevIT.testNewAdd.Feature Envy,5.0-M1,5.0-M1,5.0-M1,1
cayenne,5.0-M1,org.apache.cayenne,CDOOne2ManyIT,testPropagatePK,Feature Envy,"designitejava,checkstyle",cayenne/src/test/java/org/apache/cayenne/CDOOne2ManyIT.java,cayenne/src/test/java/org/apache/cayenne/CDOOne2ManyIT.java.CDOOne2ManyIT.testPropagatePK.Feature Envy,5.0-M1,5.0-M1,5.0-M1,1
cayenne,5.0-M1,org.apache.cayenne,CDOOne2ManyIT,testSelectWithToManyDBQualifier,Feature Envy,"designitejava,checkstyle",cayenne/src/test/java/org/apache/cayenne/CDOOne2ManyIT.java,cayenne/src/test/java/org/apache/cayenne/CDOOne2ManyIT.java.CDOOne2ManyIT.testSelectWithToManyDBQualifier.Feature Envy,5.0-M1,5.0-M1,5.0-M1,1
cayenne,5.0-M1,org.apache.cayenne,CDOOne2ManyIT,testSelectWithToManyQualifier,Feature Envy,"designitejava,checkstyle",cayenne/src/test/java/org/apache/cayenne/CDOOne2ManyIT.java,cayenne/src/test/java/org/apache/cayenne/CDOOne2ManyIT.java.CDOOne2ManyIT.testSelectWithToManyQualifier.Feature Envy,5.0-M1,5.0-M1,5.0-M1,1
cayenne,5.0-M1,org.apache.cayenne,CDOOneToManyFKIT,testReadRelationship,Feature Envy,"designitejava,checkstyle",cayenne/src/test/java/org/apache/cayenne/CDOOneToManyFKIT.java,cayenne/src/test/java/org/apache/cayenne/CDOOneToManyFKIT.java.CDOOneToManyFKIT.testReadRelationship.Feature Envy,5.0-M1,5.0-M1,5.0-M1,1
cayenne,5.0-M1,org.apache.cayenne,CDOOneToOneFKIT,testDelete,Feature Envy,"designitejava,checkstyle",cayenne/src/test/java/org/apache/cayenne/CDOOneToOneFKIT.java,cayenne/src/test/java/org/apache/cayenne/CDOOneToOneFKIT.java.CDOOneToOneFKIT.testDelete.Feature Envy,5.0-M1,5.0-M1,5.0-M1,1
cayenne,5.0-M1,org.apache.cayenne,CDOOneToOneFKIT,testReadRelationship,Feature Envy,"designitejava,checkstyle",cayenne/src/test/java/org/apache/cayenne/CDOOneToOneFKIT.java,cayenne/src/test/java/org/apache/cayenne/CDOOneToOneFKIT.java.CDOOneToOneFKIT.testReadRelationship.Feature Envy,5.0-M1,5.0-M1,5.0-M1,1
cayenne,5.0-M1,org.apache.cayenne,CDOOneToOneFKIT,testTakeObjectSnapshotDependentFault,Feature Envy,"designitejava,checkstyle",cayenne/src/test/java/org/apache/cayenne/CDOOneToOneFKIT.java,cayenne/src/test/java/org/apache/cayenne/CDOOneToOneFKIT.java.CDOOneToOneFKIT.testTakeObjectSnapshotDependentFault.Feature Envy,5.0-M1,5.0-M1,5.0-M1,1
cayenne,5.0-M1,org.apache.cayenne,CDOReflexiveRelICustomSorterIT,linkedDependencyTest,Feature Envy,"designitejava,checkstyle",cayenne/src/test/java/org/apache/cayenne/CDOReflexiveRelICustomSorterIT.java,cayenne/src/test/java/org/apache/cayenne/CDOReflexiveRelICustomSorterIT.java.CDOReflexiveRelICustomSorterIT.linkedDependencyTest.Feature Envy,5.0-M1,5.0-M1,5.0-M1,1
cayenne,5.0-M1,org.apache.cayenne,CDOReflexiveRelICustomSorterIT,testAdd,Feature Envy,"designitejava,checkstyle",cayenne/src/test/java/org/apache/cayenne/CDOReflexiveRelICustomSorterIT.java,cayenne/src/test/java/org/apache/cayenne/CDOReflexiveRelICustomSorterIT.java.CDOReflexiveRelICustomSorterIT.testAdd.Feature Envy,5.0-M1,5.0-M1,5.0-M1,1
cayenne,5.0-M1,org.apache.cayenne,CDOReflexiveRelICustomSorterIT,testAddDeleteNoCommit,Feature Envy,"designitejava,checkstyle",cayenne/src/test/java/org/apache/cayenne/CDOReflexiveRelICustomSorterIT.java,cayenne/src/test/java/org/apache/cayenne/CDOReflexiveRelICustomSorterIT.java.CDOReflexiveRelICustomSorterIT.testAddDeleteNoCommit.Feature Envy,5.0-M1,5.0-M1,5.0-M1,1
cayenne,5.0-M1,org.apache.cayenne,CDOReflexiveRelICustomSorterIT,testAddDeleteWithCommit,Feature Envy,"designitejava,checkstyle",cayenne/src/test/java/org/apache/cayenne/CDOReflexiveRelICustomSorterIT.java,cayenne/src/test/java/org/apache/cayenne/CDOReflexiveRelICustomSorterIT.java.CDOReflexiveRelICustomSorterIT.testAddDeleteWithCommit.Feature Envy,5.0-M1,5.0-M1,5.0-M1,1
cayenne,5.0-M1,org.apache.cayenne,CDOReflexiveRelICustomSorterIT,testCommitReplaceCommit,Feature Envy,"designitejava,checkstyle",cayenne/src/test/java/org/apache/cayenne/CDOReflexiveRelICustomSorterIT.java,cayenne/src/test/java/org/apache/cayenne/CDOReflexiveRelICustomSorterIT.java.CDOReflexiveRelICustomSorterIT.testCommitReplaceCommit.Feature Envy,5.0-M1,5.0-M1,5.0-M1,1
cayenne,5.0-M1,org.apache.cayenne,CDOReflexiveRelICustomSorterIT,testComplexInsertUpdateOrdering,Feature Envy,"designitejava,checkstyle",cayenne/src/test/java/org/apache/cayenne/CDOReflexiveRelICustomSorterIT.java,cayenne/src/test/java/org/apache/cayenne/CDOReflexiveRelICustomSorterIT.java.CDOReflexiveRelICustomSorterIT.testComplexInsertUpdateOrdering.Feature Envy,5.0-M1,5.0-M1,5.0-M1,1
cayenne,5.0-M1,org.apache.cayenne,CDOReflexiveRelICustomSorterIT,testReplaceDeleteNoCommit,Feature Envy,"designitejava,checkstyle",cayenne/src/test/java/org/apache/cayenne/CDOReflexiveRelICustomSorterIT.java,cayenne/src/test/java/org/apache/cayenne/CDOReflexiveRelICustomSorterIT.java.CDOReflexiveRelICustomSorterIT.testReplaceDeleteNoCommit.Feature Envy,5.0-M1,5.0-M1,5.0-M1,1
cayenne,5.0-M1,org.apache.cayenne,CDOReflexiveRelICustomSorterIT,testReplaceDeleteWithCommit,Feature Envy,"designitejava,checkstyle",cayenne/src/test/java/org/apache/cayenne/CDOReflexiveRelICustomSorterIT.java,cayenne/src/test/java/org/apache/cayenne/CDOReflexiveRelICustomSorterIT.java.CDOReflexiveRelICustomSorterIT.testReplaceDeleteWithCommit.Feature Envy,5.0-M1,5.0-M1,5.0-M1,1
cayenne,5.0-M1,org.apache.cayenne,CDOReflexiveRelIT,testAdd,Feature Envy,"designitejava,checkstyle",cayenne/src/test/java/org/apache/cayenne/CDOReflexiveRelIT.java,cayenne/src/test/java/org/apache/cayenne/CDOReflexiveRelIT.java.CDOReflexiveRelIT.testAdd.Feature Envy,5.0-M1,5.0-M1,5.0-M1,1
cayenne,5.0-M1,org.apache.cayenne,CDOReflexiveRelIT,testAddDeleteNoCommit,Feature Envy,"designitejava,checkstyle",cayenne/src/test/java/org/apache/cayenne/CDOReflexiveRelIT.java,cayenne/src/test/java/org/apache/cayenne/CDOReflexiveRelIT.java.CDOReflexiveRelIT.testAddDeleteNoCommit.Feature Envy,5.0-M1,5.0-M1,5.0-M1,1
cayenne,5.0-M1,org.apache.cayenne,CDOReflexiveRelIT,testAddDeleteWithCommit,Feature Envy,"designitejava,checkstyle",cayenne/src/test/java/org/apache/cayenne/CDOReflexiveRelIT.java,cayenne/src/test/java/org/apache/cayenne/CDOReflexiveRelIT.java.CDOReflexiveRelIT.testAddDeleteWithCommit.Feature Envy,5.0-M1,5.0-M1,5.0-M1,1
cayenne,5.0-M1,org.apache.cayenne,CDOReflexiveRelIT,testCommitReplaceCommit,Feature Envy,"designitejava,checkstyle",cayenne/src/test/java/org/apache/cayenne/CDOReflexiveRelIT.java,cayenne/src/test/java/org/apache/cayenne/CDOReflexiveRelIT.java.CDOReflexiveRelIT.testCommitReplaceCommit.Feature Envy,5.0-M1,5.0-M1,5.0-M1,1
cayenne,5.0-M1,org.apache.cayenne,CDOReflexiveRelIT,testComplexInsertUpdateOrdering,Feature Envy,"designitejava,checkstyle",cayenne/src/test/java/org/apache/cayenne/CDOReflexiveRelIT.java,cayenne/src/test/java/org/apache/cayenne/CDOReflexiveRelIT.java.CDOReflexiveRelIT.testComplexInsertUpdateOrdering.Feature Envy,5.0-M1,5.0-M1,5.0-M1,1
cayenne,5.0-M1,org.apache.cayenne,CDOReflexiveRelIT,testReplaceDeleteNoCommit,Feature Envy,"designitejava,checkstyle",cayenne/src/test/java/org/apache/cayenne/CDOReflexiveRelIT.java,cayenne/src/test/java/org/apache/cayenne/CDOReflexiveRelIT.java.CDOReflexiveRelIT.testReplaceDeleteNoCommit.Feature Envy,5.0-M1,5.0-M1,5.0-M1,1
cayenne,5.0-M1,org.apache.cayenne,CDOReflexiveRelIT,testReplaceDeleteWithCommit,Feature Envy,"designitejava,checkstyle",cayenne/src/test/java/org/apache/cayenne/CDOReflexiveRelIT.java,cayenne/src/test/java/org/apache/cayenne/CDOReflexiveRelIT.java.CDOReflexiveRelIT.testReplaceDeleteWithCommit.Feature Envy,5.0-M1,5.0-M1,5.0-M1,1
cayenne,5.0-M1,org.apache.cayenne,Cay2412IT,testDisjointByIdPrefetch,Feature Envy,"designitejava,checkstyle",cayenne/src/test/java/org/apache/cayenne/Cay2412IT.java,cayenne/src/test/java/org/apache/cayenne/Cay2412IT.java.Cay2412IT.testDisjointByIdPrefetch.Feature Envy,5.0-M1,5.0-M1,5.0-M1,1
cayenne,5.0-M1,org.apache.cayenne,Cay2412IT,testJoinPrefetch,Feature Envy,"designitejava,checkstyle",cayenne/src/test/java/org/apache/cayenne/Cay2412IT.java,cayenne/src/test/java/org/apache/cayenne/Cay2412IT.java.Cay2412IT.testJoinPrefetch.Feature Envy,5.0-M1,5.0-M1,5.0-M1,1
cayenne,5.0-M1,org.apache.cayenne,CayennePersistentObjectInContextIT,testCommitChangesInBatch,Feature Envy,"designitejava,checkstyle",cayenne/src/test/java/org/apache/cayenne/CayennePersistentObjectInContextIT.java,cayenne/src/test/java/org/apache/cayenne/CayennePersistentObjectInContextIT.java.CayennePersistentObjectInContextIT.testCommitChangesInBatch.Feature Envy,5.0-M1,5.0-M1,5.0-M1,1
cayenne,5.0-M1,org.apache.cayenne,CayennePersistentObjectInContextIT,testSnapshotVersion1,Feature Envy,"designitejava,checkstyle",cayenne/src/test/java/org/apache/cayenne/CayennePersistentObjectInContextIT.java,cayenne/src/test/java/org/apache/cayenne/CayennePersistentObjectInContextIT.java.CayennePersistentObjectInContextIT.testSnapshotVersion1.Feature Envy,5.0-M1,5.0-M1,5.0-M1,1
cayenne,5.0-M1,org.apache.cayenne,CayennePersistentObjectInContextIT,testSnapshotVersion3,Feature Envy,"designitejava,checkstyle",cayenne/src/test/java/org/apache/cayenne/CayennePersistentObjectInContextIT.java,cayenne/src/test/java/org/apache/cayenne/CayennePersistentObjectInContextIT.java.CayennePersistentObjectInContextIT.testSnapshotVersion3.Feature Envy,5.0-M1,5.0-M1,5.0-M1,1
cayenne,5.0-M1,org.apache.cayenne,CayennePersistentObjectInContextIT,testStateCommittedToDeleted,Feature Envy,"designitejava,checkstyle",cayenne/src/test/java/org/apache/cayenne/CayennePersistentObjectInContextIT.java,cayenne/src/test/java/org/apache/cayenne/CayennePersistentObjectInContextIT.java.CayennePersistentObjectInContextIT.testStateCommittedToDeleted.Feature Envy,5.0-M1,5.0-M1,5.0-M1,1
cayenne,5.0-M1,org.apache.cayenne,CayennePersistentObjectInContextIT,testStateCommittedToModified,Feature Envy,"designitejava,checkstyle",cayenne/src/test/java/org/apache/cayenne/CayennePersistentObjectInContextIT.java,cayenne/src/test/java/org/apache/cayenne/CayennePersistentObjectInContextIT.java.CayennePersistentObjectInContextIT.testStateCommittedToModified.Feature Envy,5.0-M1,5.0-M1,5.0-M1,1
cayenne,5.0-M1,org.apache.cayenne,CayennePersistentObjectInContextIT,testStateDeletedToTransient,Feature Envy,"designitejava,checkstyle",cayenne/src/test/java/org/apache/cayenne/CayennePersistentObjectInContextIT.java,cayenne/src/test/java/org/apache/cayenne/CayennePersistentObjectInContextIT.java.CayennePersistentObjectInContextIT.testStateDeletedToTransient.Feature Envy,5.0-M1,5.0-M1,5.0-M1,1
cayenne,5.0-M1,org.apache.cayenne,CayennePersistentObjectInContextIT,testStateModifiedToCommitted,Feature Envy,"designitejava,checkstyle",cayenne/src/test/java/org/apache/cayenne/CayennePersistentObjectInContextIT.java,cayenne/src/test/java/org/apache/cayenne/CayennePersistentObjectInContextIT.java.CayennePersistentObjectInContextIT.testStateModifiedToCommitted.Feature Envy,5.0-M1,5.0-M1,5.0-M1,1
cayenne,5.0-M1,org.apache.cayenne,CayennePersistentObjectReflexiveIT,addReflexiveParentAndChild,Feature Envy,"designitejava,checkstyle",cayenne/src/test/java/org/apache/cayenne/CayennePersistentObjectReflexiveIT.java,cayenne/src/test/java/org/apache/cayenne/CayennePersistentObjectReflexiveIT.java.CayennePersistentObjectReflexiveIT.addReflexiveParentAndChild.Feature Envy,5.0-M1,5.0-M1,5.0-M1,1
cayenne,5.0-M1,org.apache.cayenne,CayennePersistentObjectReflexiveIT,addReflexiveParentAndChildWithOtherRelationshipOnParent,Feature Envy,"designitejava,checkstyle",cayenne/src/test/java/org/apache/cayenne/CayennePersistentObjectReflexiveIT.java,cayenne/src/test/java/org/apache/cayenne/CayennePersistentObjectReflexiveIT.java.CayennePersistentObjectReflexiveIT.addReflexiveParentAndChildWithOtherRelationshipOnParent.Feature Envy,5.0-M1,5.0-M1,5.0-M1,1
cayenne,5.0-M1,org.apache.cayenne,CayennePersistentObjectRelationshipsIT,testReflexiveRelationshipInsertOrder1,Feature Envy,"designitejava,checkstyle",cayenne/src/test/java/org/apache/cayenne/CayennePersistentObjectRelationshipsIT.java,cayenne/src/test/java/org/apache/cayenne/CayennePersistentObjectRelationshipsIT.java.CayennePersistentObjectRelationshipsIT.testReflexiveRelationshipInsertOrder1.Feature Envy,5.0-M1,5.0-M1,5.0-M1,1
cayenne,5.0-M1,org.apache.cayenne,CayennePersistentObjectRelationshipsIT,testReflexiveRelationshipInsertOrder2,Feature Envy,"designitejava,checkstyle",cayenne/src/test/java/org/apache/cayenne/CayennePersistentObjectRelationshipsIT.java,cayenne/src/test/java/org/apache/cayenne/CayennePersistentObjectRelationshipsIT.java.CayennePersistentObjectRelationshipsIT.testReflexiveRelationshipInsertOrder2.Feature Envy,5.0-M1,5.0-M1,5.0-M1,1
cayenne,5.0-M1,org.apache.cayenne,CayennePersistentObjectRelationshipsIT,testReflexiveRelationshipInsertOrder3,Feature Envy,"designitejava,checkstyle",cayenne/src/test/java/org/apache/cayenne/CayennePersistentObjectRelationshipsIT.java,cayenne/src/test/java/org/apache/cayenne/CayennePersistentObjectRelationshipsIT.java.CayennePersistentObjectRelationshipsIT.testReflexiveRelationshipInsertOrder3.Feature Envy,5.0-M1,5.0-M1,5.0-M1,1
cayenne,5.0-M1,org.apache.cayenne,CayennePersistentObjectRelationshipsIT,testReflexiveRelationshipInsertOrder4,Feature Envy,"designitejava,checkstyle",cayenne/src/test/java/org/apache/cayenne/CayennePersistentObjectRelationshipsIT.java,cayenne/src/test/java/org/apache/cayenne/CayennePersistentObjectRelationshipsIT.java.CayennePersistentObjectRelationshipsIT.testReflexiveRelationshipInsertOrder4.Feature Envy,5.0-M1,5.0-M1,5.0-M1,1
cayenne,5.0-M1,org.apache.cayenne,CayennePersistentObjectRelationshipsIT,testTransientInsertAndDeleteOfToManyRelationship,Feature Envy,"designitejava,checkstyle",cayenne/src/test/java/org/apache/cayenne/CayennePersistentObjectRelationshipsIT.java,cayenne/src/test/java/org/apache/cayenne/CayennePersistentObjectRelationshipsIT.java.CayennePersistentObjectRelationshipsIT.testTransientInsertAndDeleteOfToManyRelationship.Feature Envy,5.0-M1,5.0-M1,5.0-M1,1
cayenne,5.0-M1,org.apache.cayenne,CayennePersistentObjectRelationshipsIT,testTransientSetAndNullOfToOneRelationship,Feature Envy,"designitejava,checkstyle",cayenne/src/test/java/org/apache/cayenne/CayennePersistentObjectRelationshipsIT.java,cayenne/src/test/java/org/apache/cayenne/CayennePersistentObjectRelationshipsIT.java.CayennePersistentObjectRelationshipsIT.testTransientSetAndNullOfToOneRelationship.Feature Envy,5.0-M1,5.0-M1,5.0-M1,1
cayenne,5.0-M1,org.apache.cayenne,CayennePersistentObjectValidationIT,testValidateForSaveAttributeTooLong,Feature Envy,"designitejava,checkstyle",cayenne/src/test/java/org/apache/cayenne/CayennePersistentObjectValidationIT.java,cayenne/src/test/java/org/apache/cayenne/CayennePersistentObjectValidationIT.java.CayennePersistentObjectValidationIT.testValidateForSaveAttributeTooLong.Feature Envy,5.0-M1,5.0-M1,5.0-M1,1
cayenne,5.0-M1,org.apache.cayenne,CircularDependencyIT,testUpdateSelfRelationship,Feature Envy,"designitejava,checkstyle",cayenne/src/test/java/org/apache/cayenne/CircularDependencyIT.java,cayenne/src/test/java/org/apache/cayenne/CircularDependencyIT.java.CircularDependencyIT.testUpdateSelfRelationship.Feature Envy,5.0-M1,5.0-M1,5.0-M1,1
cayenne,5.0-M1,org.apache.cayenne,FlattenedRelationshipsIT,testFlattenedComplexToOneRelationship,Feature Envy,"designitejava,checkstyle",cayenne/src/test/java/org/apache/cayenne/FlattenedRelationshipsIT.java,cayenne/src/test/java/org/apache/cayenne/FlattenedRelationshipsIT.java.FlattenedRelationshipsIT.testFlattenedComplexToOneRelationship.Feature Envy,5.0-M1,5.0-M1,5.0-M1,1
cayenne,5.0-M1,org.apache.cayenne,FlattenedRelationshipsIT,testFt1ToFt5Flattened,Feature Envy,"designitejava,checkstyle",cayenne/src/test/java/org/apache/cayenne/FlattenedRelationshipsIT.java,cayenne/src/test/java/org/apache/cayenne/FlattenedRelationshipsIT.java.FlattenedRelationshipsIT.testFt1ToFt5Flattened.Feature Envy,5.0-M1,5.0-M1,5.0-M1,1
cayenne,5.0-M1,org.apache.cayenne,FlattenedRelationshipsIT,testFt5ToFt1Flattened,Feature Envy,"designitejava,checkstyle",cayenne/src/test/java/org/apache/cayenne/FlattenedRelationshipsIT.java,cayenne/src/test/java/org/apache/cayenne/FlattenedRelationshipsIT.java.FlattenedRelationshipsIT.testFt5ToFt1Flattened.Feature Envy,5.0-M1,5.0-M1,5.0-M1,1
cayenne,5.0-M1,org.apache.cayenne,FlattenedRelationshipsIT,testInsertJoinWithPK,Feature Envy,"designitejava,checkstyle",cayenne/src/test/java/org/apache/cayenne/FlattenedRelationshipsIT.java,cayenne/src/test/java/org/apache/cayenne/FlattenedRelationshipsIT.java.FlattenedRelationshipsIT.testInsertJoinWithPK.Feature Envy,5.0-M1,5.0-M1,5.0-M1,1
cayenne,5.0-M1,org.apache.cayenne,FlattenedRelationshipsIT,testQualifyOnToManyFlattened,Feature Envy,"designitejava,checkstyle",cayenne/src/test/java/org/apache/cayenne/FlattenedRelationshipsIT.java,cayenne/src/test/java/org/apache/cayenne/FlattenedRelationshipsIT.java.FlattenedRelationshipsIT.testQualifyOnToManyFlattened.Feature Envy,5.0-M1,5.0-M1,5.0-M1,1
cayenne,5.0-M1,org.apache.cayenne,FlattenedRelationshipsIT,testSecondToOneReverseToFk,Feature Envy,"designitejava,checkstyle",cayenne/src/test/java/org/apache/cayenne/FlattenedRelationshipsIT.java,cayenne/src/test/java/org/apache/cayenne/FlattenedRelationshipsIT.java.FlattenedRelationshipsIT.testSecondToOneReverseToFk.Feature Envy,5.0-M1,5.0-M1,5.0-M1,1
cayenne,5.0-M1,org.apache.cayenne,FlattenedRelationshipsIT,testSecondToOneToFk,Feature Envy,"designitejava,checkstyle",cayenne/src/test/java/org/apache/cayenne/FlattenedRelationshipsIT.java,cayenne/src/test/java/org/apache/cayenne/FlattenedRelationshipsIT.java.FlattenedRelationshipsIT.testSecondToOneToFk.Feature Envy,5.0-M1,5.0-M1,5.0-M1,1
cayenne,5.0-M1,org.apache.cayenne,FlattenedRelationshipsIT,testSetFlattenedCircular,Feature Envy,"designitejava,checkstyle",cayenne/src/test/java/org/apache/cayenne/FlattenedRelationshipsIT.java,cayenne/src/test/java/org/apache/cayenne/FlattenedRelationshipsIT.java.FlattenedRelationshipsIT.testSetFlattenedCircular.Feature Envy,5.0-M1,5.0-M1,5.0-M1,1
cayenne,5.0-M1,org.apache.cayenne,FlattenedRelationshipsIT,testSetFlattenedRelationship,Feature Envy,"designitejava,checkstyle",cayenne/src/test/java/org/apache/cayenne/FlattenedRelationshipsIT.java,cayenne/src/test/java/org/apache/cayenne/FlattenedRelationshipsIT.java.FlattenedRelationshipsIT.testSetFlattenedRelationship.Feature Envy,5.0-M1,5.0-M1,5.0-M1,1
cayenne,5.0-M1,org.apache.cayenne,FlattenedRelationshipsIT,testToOneSeriesFlattenedRel,Feature Envy,"designitejava,checkstyle",cayenne/src/test/java/org/apache/cayenne/FlattenedRelationshipsIT.java,cayenne/src/test/java/org/apache/cayenne/FlattenedRelationshipsIT.java.FlattenedRelationshipsIT.testToOneSeriesFlattenedRel.Feature Envy,5.0-M1,5.0-M1,5.0-M1,1
cayenne,5.0-M1,org.apache.cayenne,GenericMappingIT,testInsertRelated,Feature Envy,"designitejava,checkstyle",cayenne/src/test/java/org/apache/cayenne/GenericMappingIT.java,cayenne/src/test/java/org/apache/cayenne/GenericMappingIT.java.GenericMappingIT.testInsertRelated.Feature Envy,5.0-M1,5.0-M1,5.0-M1,1
cayenne,5.0-M1,org.apache.cayenne,GenericMappingIT,testUpdateRelated,Feature Envy,"designitejava,checkstyle",cayenne/src/test/java/org/apache/cayenne/GenericMappingIT.java,cayenne/src/test/java/org/apache/cayenne/GenericMappingIT.java.GenericMappingIT.testUpdateRelated.Feature Envy,5.0-M1,5.0-M1,5.0-M1,1
cayenne,5.0-M1,org.apache.cayenne,HybridPersistentObjectIT,testCreateNew,Feature Envy,"designitejava,checkstyle",cayenne/src/test/java/org/apache/cayenne/HybridPersistentObjectIT.java,cayenne/src/test/java/org/apache/cayenne/HybridPersistentObjectIT.java.HybridPersistentObjectIT.testCreateNew.Feature Envy,5.0-M1,5.0-M1,5.0-M1,1
cayenne,5.0-M1,org.apache.cayenne,HybridPersistentObjectIT,testSetFieldAttributes,Feature Envy,"designitejava,checkstyle",cayenne/src/test/java/org/apache/cayenne/HybridPersistentObjectIT.java,cayenne/src/test/java/org/apache/cayenne/HybridPersistentObjectIT.java.HybridPersistentObjectIT.testSetFieldAttributes.Feature Envy,5.0-M1,5.0-M1,5.0-M1,1
cayenne,5.0-M1,org.apache.cayenne,LazyAttributesIT,testUpdateFetch,Feature Envy,"designitejava,checkstyle",cayenne/src/test/java/org/apache/cayenne/LazyAttributesIT.java,cayenne/src/test/java/org/apache/cayenne/LazyAttributesIT.java.LazyAttributesIT.testUpdateFetch.Feature Envy,5.0-M1,5.0-M1,5.0-M1,1
cayenne,5.0-M1,org.apache.cayenne,LazyAttributesIT,testUpdateNoFetch,Feature Envy,"designitejava,checkstyle",cayenne/src/test/java/org/apache/cayenne/LazyAttributesIT.java,cayenne/src/test/java/org/apache/cayenne/LazyAttributesIT.java.LazyAttributesIT.testUpdateNoFetch.Feature Envy,5.0-M1,5.0-M1,5.0-M1,1
cayenne,5.0-M1,org.apache.cayenne,LazyAttributesIT,testWrite,Feature Envy,"designitejava,checkstyle",cayenne/src/test/java/org/apache/cayenne/LazyAttributesIT.java,cayenne/src/test/java/org/apache/cayenne/LazyAttributesIT.java.LazyAttributesIT.testWrite.Feature Envy,5.0-M1,5.0-M1,5.0-M1,1
cayenne,5.0-M1,org.apache.cayenne,ManyToManyJoinIT,testManyToManyJoinWithFlattenedRelationship,Feature Envy,"designitejava,checkstyle",cayenne/src/test/java/org/apache/cayenne/ManyToManyJoinIT.java,cayenne/src/test/java/org/apache/cayenne/ManyToManyJoinIT.java.ManyToManyJoinIT.testManyToManyJoinWithFlattenedRelationship.Feature Envy,5.0-M1,5.0-M1,5.0-M1,1
cayenne,5.0-M1,org.apache.cayenne,ManyToManyJoinIT,testManyToManySelfRelationship,Feature Envy,"designitejava,checkstyle",cayenne/src/test/java/org/apache/cayenne/ManyToManyJoinIT.java,cayenne/src/test/java/org/apache/cayenne/ManyToManyJoinIT.java.ManyToManyJoinIT.testManyToManySelfRelationship.Feature Envy,5.0-M1,5.0-M1,5.0-M1,1
cayenne,5.0-M1,org.apache.cayenne,ManyToManyNoJoinIT,testValidateForSave1,Feature Envy,"designitejava,checkstyle",cayenne/src/test/java/org/apache/cayenne/ManyToManyNoJoinIT.java,cayenne/src/test/java/org/apache/cayenne/ManyToManyNoJoinIT.java.ManyToManyNoJoinIT.testValidateForSave1.Feature Envy,5.0-M1,5.0-M1,5.0-M1,1
cayenne,5.0-M1,org.apache.cayenne.access,CAY2723IT,phantomToDepPKUpdate,Feature Envy,"designitejava,checkstyle",cayenne/src/test/java/org/apache/cayenne/access/CAY2723IT.java,cayenne/src/test/java/org/apache/cayenne/access/CAY2723IT.java.CAY2723IT.phantomToDepPKUpdate.Feature Envy,5.0-M1,5.0-M1,5.0-M1,1
cayenne,5.0-M1,org.apache.cayenne.access,DataContextArrayTypeIT,testDoubleArray,Feature Envy,"designitejava,checkstyle",cayenne/src/test/java/org/apache/cayenne/access/DataContextArrayTypeIT.java,cayenne/src/test/java/org/apache/cayenne/access/DataContextArrayTypeIT.java.DataContextArrayTypeIT.testDoubleArray.Feature Envy,5.0-M1,5.0-M1,5.0-M1,1
cayenne,5.0-M1,org.apache.cayenne.access,DataContextBinaryPKIT,testFetchRelationshipBinaryPK,Feature Envy,"designitejava,checkstyle",cayenne/src/test/java/org/apache/cayenne/access/DataContextBinaryPKIT.java,cayenne/src/test/java/org/apache/cayenne/access/DataContextBinaryPKIT.java.DataContextBinaryPKIT.testFetchRelationshipBinaryPK.Feature Envy,5.0-M1,5.0-M1,5.0-M1,1
cayenne,5.0-M1,org.apache.cayenne.access,DataContextCallbacksIT,testPreRemoveCallbacks,Feature Envy,"designitejava,checkstyle",cayenne/src/test/java/org/apache/cayenne/access/DataContextCallbacksIT.java,cayenne/src/test/java/org/apache/cayenne/access/DataContextCallbacksIT.java.DataContextCallbacksIT.testPreRemoveCallbacks.Feature Envy,5.0-M1,5.0-M1,5.0-M1,1
cayenne,5.0-M1,org.apache.cayenne.access,DataContextCharPKIT,testUpdate,Feature Envy,"designitejava,checkstyle",cayenne/src/test/java/org/apache/cayenne/access/DataContextCharPKIT.java,cayenne/src/test/java/org/apache/cayenne/access/DataContextCharPKIT.java.DataContextCharPKIT.testUpdate.Feature Envy,5.0-M1,5.0-M1,5.0-M1,1
cayenne,5.0-M1,org.apache.cayenne.access,DataContextCharTypeIT,testCharTrimming,Feature Envy,"designitejava,checkstyle",cayenne/src/test/java/org/apache/cayenne/access/DataContextCharTypeIT.java,cayenne/src/test/java/org/apache/cayenne/access/DataContextCharTypeIT.java.DataContextCharTypeIT.testCharTrimming.Feature Envy,5.0-M1,5.0-M1,5.0-M1,1
cayenne,5.0-M1,org.apache.cayenne.access,DataContextCompoundRelIT,testFetchQualifyingToMany,Feature Envy,"designitejava,checkstyle",cayenne/src/test/java/org/apache/cayenne/access/DataContextCompoundRelIT.java,cayenne/src/test/java/org/apache/cayenne/access/DataContextCompoundRelIT.java.DataContextCompoundRelIT.testFetchQualifyingToMany.Feature Envy,5.0-M1,5.0-M1,5.0-M1,1
cayenne,5.0-M1,org.apache.cayenne.access,DataContextCompoundRelIT,testFetchQualifyingToOne,Feature Envy,"designitejava,checkstyle",cayenne/src/test/java/org/apache/cayenne/access/DataContextCompoundRelIT.java,cayenne/src/test/java/org/apache/cayenne/access/DataContextCompoundRelIT.java.DataContextCompoundRelIT.testFetchQualifyingToOne.Feature Envy,5.0-M1,5.0-M1,5.0-M1,1
cayenne,5.0-M1,org.apache.cayenne.access,DataContextCompoundRelIT,testInsert,Feature Envy,"designitejava,checkstyle",cayenne/src/test/java/org/apache/cayenne/access/DataContextCompoundRelIT.java,cayenne/src/test/java/org/apache/cayenne/access/DataContextCompoundRelIT.java.DataContextCompoundRelIT.testInsert.Feature Envy,5.0-M1,5.0-M1,5.0-M1,1
cayenne,5.0-M1,org.apache.cayenne.access,DataContextCompoundRelIT,testToOne,Feature Envy,"designitejava,checkstyle",cayenne/src/test/java/org/apache/cayenne/access/DataContextCompoundRelIT.java,cayenne/src/test/java/org/apache/cayenne/access/DataContextCompoundRelIT.java.DataContextCompoundRelIT.testToOne.Feature Envy,5.0-M1,5.0-M1,5.0-M1,1
cayenne,5.0-M1,org.apache.cayenne.access,DataContextDecoratedStackIT,testCommitDecorated,Feature Envy,"designitejava,checkstyle",cayenne/src/test/java/org/apache/cayenne/access/DataContextDecoratedStackIT.java,cayenne/src/test/java/org/apache/cayenne/access/DataContextDecoratedStackIT.java.DataContextDecoratedStackIT.testCommitDecorated.Feature Envy,5.0-M1,5.0-M1,5.0-M1,1
cayenne,5.0-M1,org.apache.cayenne.access,DataContextDeleteRulesIT,testCascadeToMany,Feature Envy,"designitejava,checkstyle",cayenne/src/test/java/org/apache/cayenne/access/DataContextDeleteRulesIT.java,cayenne/src/test/java/org/apache/cayenne/access/DataContextDeleteRulesIT.java.DataContextDeleteRulesIT.testCascadeToMany.Feature Envy,5.0-M1,5.0-M1,5.0-M1,1
cayenne,5.0-M1,org.apache.cayenne.access,DataContextDeleteRulesIT,testCascadeToManyFlattened,Feature Envy,"designitejava,checkstyle",cayenne/src/test/java/org/apache/cayenne/access/DataContextDeleteRulesIT.java,cayenne/src/test/java/org/apache/cayenne/access/DataContextDeleteRulesIT.java.DataContextDeleteRulesIT.testCascadeToManyFlattened.Feature Envy,5.0-M1,5.0-M1,5.0-M1,1
cayenne,5.0-M1,org.apache.cayenne.access,DataContextDeleteRulesIT,testCascadeToOne,Feature Envy,"designitejava,checkstyle",cayenne/src/test/java/org/apache/cayenne/access/DataContextDeleteRulesIT.java,cayenne/src/test/java/org/apache/cayenne/access/DataContextDeleteRulesIT.java.DataContextDeleteRulesIT.testCascadeToOne.Feature Envy,5.0-M1,5.0-M1,5.0-M1,1
cayenne,5.0-M1,org.apache.cayenne.access,DataContextDeleteRulesIT,testNullifyToMany,Feature Envy,"designitejava,checkstyle",cayenne/src/test/java/org/apache/cayenne/access/DataContextDeleteRulesIT.java,cayenne/src/test/java/org/apache/cayenne/access/DataContextDeleteRulesIT.java.DataContextDeleteRulesIT.testNullifyToMany.Feature Envy,5.0-M1,5.0-M1,5.0-M1,1
cayenne,5.0-M1,org.apache.cayenne.access,DataContextDeleteRulesIT,testNullifyToManyFlattened,Feature Envy,"designitejava,checkstyle",cayenne/src/test/java/org/apache/cayenne/access/DataContextDeleteRulesIT.java,cayenne/src/test/java/org/apache/cayenne/access/DataContextDeleteRulesIT.java.DataContextDeleteRulesIT.testNullifyToManyFlattened.Feature Envy,5.0-M1,5.0-M1,5.0-M1,1
cayenne,5.0-M1,org.apache.cayenne.access,DataContextDeleteRulesIT,testNullifyToOne,Feature Envy,"designitejava,checkstyle",cayenne/src/test/java/org/apache/cayenne/access/DataContextDeleteRulesIT.java,cayenne/src/test/java/org/apache/cayenne/access/DataContextDeleteRulesIT.java.DataContextDeleteRulesIT.testNullifyToOne.Feature Envy,5.0-M1,5.0-M1,5.0-M1,1
cayenne,5.0-M1,org.apache.cayenne.access,DataContextEJBQLConditionsPeopleIT,setUp,Feature Envy,"designitejava,checkstyle",cayenne/src/test/java/org/apache/cayenne/access/DataContextEJBQLConditionsPeopleIT.java,cayenne/src/test/java/org/apache/cayenne/access/DataContextEJBQLConditionsPeopleIT.java.DataContextEJBQLConditionsPeopleIT.setUp.Feature Envy,5.0-M1,5.0-M1,5.0-M1,1
cayenne,5.0-M1,org.apache.cayenne.access,DataContextEJBQLDateTimeFunctionalExpressionsIT,testCURRENT_DATE,Feature Envy,"designitejava,checkstyle",cayenne/src/test/java/org/apache/cayenne/access/DataContextEJBQLDateTimeFunctionalExpressionsIT.java,cayenne/src/test/java/org/apache/cayenne/access/DataContextEJBQLDateTimeFunctionalExpressionsIT.java.DataContextEJBQLDateTimeFunctionalExpressionsIT.testCURRENT_DATE.Feature Envy,5.0-M1,5.0-M1,5.0-M1,1
cayenne,5.0-M1,org.apache.cayenne.access,DataContextEJBQLDateTimeFunctionalExpressionsIT,testCURRENT_TIME,Feature Envy,"designitejava,checkstyle",cayenne/src/test/java/org/apache/cayenne/access/DataContextEJBQLDateTimeFunctionalExpressionsIT.java,cayenne/src/test/java/org/apache/cayenne/access/DataContextEJBQLDateTimeFunctionalExpressionsIT.java.DataContextEJBQLDateTimeFunctionalExpressionsIT.testCURRENT_TIME.Feature Envy,5.0-M1,5.0-M1,5.0-M1,1
cayenne,5.0-M1,org.apache.cayenne.access,DataContextEJBQLDateTimeFunctionalExpressionsIT,testCURRENT_TIMESTAMP,Feature Envy,"designitejava,checkstyle",cayenne/src/test/java/org/apache/cayenne/access/DataContextEJBQLDateTimeFunctionalExpressionsIT.java,cayenne/src/test/java/org/apache/cayenne/access/DataContextEJBQLDateTimeFunctionalExpressionsIT.java.DataContextEJBQLDateTimeFunctionalExpressionsIT.testCURRENT_TIMESTAMP.Feature Envy,5.0-M1,5.0-M1,5.0-M1,1
cayenne,5.0-M1,org.apache.cayenne.access,DataContextEJBQLFunctionalExpressionsIT,testCONCAT,Feature Envy,"designitejava,checkstyle",cayenne/src/test/java/org/apache/cayenne/access/DataContextEJBQLFunctionalExpressionsIT.java,cayenne/src/test/java/org/apache/cayenne/access/DataContextEJBQLFunctionalExpressionsIT.java.DataContextEJBQLFunctionalExpressionsIT.testCONCAT.Feature Envy,5.0-M1,5.0-M1,5.0-M1,1
cayenne,5.0-M1,org.apache.cayenne.access,DataContextEJBQLFunctionalExpressionsIT,testLENGTH,Feature Envy,"designitejava,checkstyle",cayenne/src/test/java/org/apache/cayenne/access/DataContextEJBQLFunctionalExpressionsIT.java,cayenne/src/test/java/org/apache/cayenne/access/DataContextEJBQLFunctionalExpressionsIT.java.DataContextEJBQLFunctionalExpressionsIT.testLENGTH.Feature Envy,5.0-M1,5.0-M1,5.0-M1,1
cayenne,5.0-M1,org.apache.cayenne.access,DataContextEJBQLFunctionalExpressionsIT,testLOCATE,Feature Envy,"designitejava,checkstyle",cayenne/src/test/java/org/apache/cayenne/access/DataContextEJBQLFunctionalExpressionsIT.java,cayenne/src/test/java/org/apache/cayenne/access/DataContextEJBQLFunctionalExpressionsIT.java.DataContextEJBQLFunctionalExpressionsIT.testLOCATE.Feature Envy,5.0-M1,5.0-M1,5.0-M1,1
cayenne,5.0-M1,org.apache.cayenne.access,DataContextEJBQLFunctionalExpressionsIT,testLOWER,Feature Envy,"designitejava,checkstyle",cayenne/src/test/java/org/apache/cayenne/access/DataContextEJBQLFunctionalExpressionsIT.java,cayenne/src/test/java/org/apache/cayenne/access/DataContextEJBQLFunctionalExpressionsIT.java.DataContextEJBQLFunctionalExpressionsIT.testLOWER.Feature Envy,5.0-M1,5.0-M1,5.0-M1,1
cayenne,5.0-M1,org.apache.cayenne.access,DataContextEJBQLFunctionalExpressionsIT,testSIZE,Feature Envy,"designitejava,checkstyle",cayenne/src/test/java/org/apache/cayenne/access/DataContextEJBQLFunctionalExpressionsIT.java,cayenne/src/test/java/org/apache/cayenne/access/DataContextEJBQLFunctionalExpressionsIT.java.DataContextEJBQLFunctionalExpressionsIT.testSIZE.Feature Envy,5.0-M1,5.0-M1,5.0-M1,1
cayenne,5.0-M1,org.apache.cayenne.access,DataContextEJBQLFunctionalExpressionsIT,testSUBSTRING,Feature Envy,"designitejava,checkstyle",cayenne/src/test/java/org/apache/cayenne/access/DataContextEJBQLFunctionalExpressionsIT.java,cayenne/src/test/java/org/apache/cayenne/access/DataContextEJBQLFunctionalExpressionsIT.java.DataContextEJBQLFunctionalExpressionsIT.testSUBSTRING.Feature Envy,5.0-M1,5.0-M1,5.0-M1,1
cayenne,5.0-M1,org.apache.cayenne.access,DataContextEJBQLFunctionalExpressionsIT,testTRIM,Feature Envy,"designitejava,checkstyle",cayenne/src/test/java/org/apache/cayenne/access/DataContextEJBQLFunctionalExpressionsIT.java,cayenne/src/test/java/org/apache/cayenne/access/DataContextEJBQLFunctionalExpressionsIT.java.DataContextEJBQLFunctionalExpressionsIT.testTRIM.Feature Envy,5.0-M1,5.0-M1,5.0-M1,1
cayenne,5.0-M1,org.apache.cayenne.access,DataContextEJBQLFunctionalExpressionsIT,testTRIMChar,Feature Envy,"designitejava,checkstyle",cayenne/src/test/java/org/apache/cayenne/access/DataContextEJBQLFunctionalExpressionsIT.java,cayenne/src/test/java/org/apache/cayenne/access/DataContextEJBQLFunctionalExpressionsIT.java.DataContextEJBQLFunctionalExpressionsIT.testTRIMChar.Feature Envy,5.0-M1,5.0-M1,5.0-M1,1
cayenne,5.0-M1,org.apache.cayenne.access,DataContextEJBQLFunctionalExpressionsIT,testUPPER,Feature Envy,"designitejava,checkstyle",cayenne/src/test/java/org/apache/cayenne/access/DataContextEJBQLFunctionalExpressionsIT.java,cayenne/src/test/java/org/apache/cayenne/access/DataContextEJBQLFunctionalExpressionsIT.java.DataContextEJBQLFunctionalExpressionsIT.testUPPER.Feature Envy,5.0-M1,5.0-M1,5.0-M1,1
cayenne,5.0-M1,org.apache.cayenne.access,DataContextEJBQLNumericalFunctionalIT,testABS,Feature Envy,"designitejava,checkstyle",cayenne/src/test/java/org/apache/cayenne/access/DataContextEJBQLNumericalFunctionalIT.java,cayenne/src/test/java/org/apache/cayenne/access/DataContextEJBQLNumericalFunctionalIT.java.DataContextEJBQLNumericalFunctionalIT.testABS.Feature Envy,5.0-M1,5.0-M1,5.0-M1,1
cayenne,5.0-M1,org.apache.cayenne.access,DataContextEJBQLNumericalFunctionalIT,testMOD,Feature Envy,"designitejava,checkstyle",cayenne/src/test/java/org/apache/cayenne/access/DataContextEJBQLNumericalFunctionalIT.java,cayenne/src/test/java/org/apache/cayenne/access/DataContextEJBQLNumericalFunctionalIT.java.DataContextEJBQLNumericalFunctionalIT.testMOD.Feature Envy,5.0-M1,5.0-M1,5.0-M1,1
cayenne,5.0-M1,org.apache.cayenne.access,DataContextEJBQLNumericalFunctionalIT,testSQRT,Feature Envy,"designitejava,checkstyle",cayenne/src/test/java/org/apache/cayenne/access/DataContextEJBQLNumericalFunctionalIT.java,cayenne/src/test/java/org/apache/cayenne/access/DataContextEJBQLNumericalFunctionalIT.java.DataContextEJBQLNumericalFunctionalIT.testSQRT.Feature Envy,5.0-M1,5.0-M1,5.0-M1,1
cayenne,5.0-M1,org.apache.cayenne.access,DataContextEJBQLNumericalFunctionalIT,testUpdateNoQualifierBoolean,Feature Envy,"designitejava,checkstyle",cayenne/src/test/java/org/apache/cayenne/access/DataContextEJBQLNumericalFunctionalIT.java,cayenne/src/test/java/org/apache/cayenne/access/DataContextEJBQLNumericalFunctionalIT.java.DataContextEJBQLNumericalFunctionalIT.testUpdateNoQualifierBoolean.Feature Envy,5.0-M1,5.0-M1,5.0-M1,1
cayenne,5.0-M1,org.apache.cayenne.access,DataContextEntityWithMeaningfulPKAndCustomDbRowOpSorterIT,test_MeaningfulPkInsertDeleteCascade,Feature Envy,"designitejava,checkstyle",cayenne/src/test/java/org/apache/cayenne/access/DataContextEntityWithMeaningfulPKAndCustomDbRowOpSorterIT.java,cayenne/src/test/java/org/apache/cayenne/access/DataContextEntityWithMeaningfulPKAndCustomDbRowOpSorterIT.java.DataContextEntityWithMeaningfulPKAndCustomDbRowOpSorterIT.test_MeaningfulPkInsertDeleteCascade.Feature Envy,5.0-M1,5.0-M1,5.0-M1,1
cayenne,5.0-M1,org.apache.cayenne.access,DataContextEntityWithMeaningfulPKAndCustomDbRowOpSorterIT,test_MeaningfulPkWithFkUpdate,Feature Envy,"designitejava,checkstyle",cayenne/src/test/java/org/apache/cayenne/access/DataContextEntityWithMeaningfulPKAndCustomDbRowOpSorterIT.java,cayenne/src/test/java/org/apache/cayenne/access/DataContextEntityWithMeaningfulPKAndCustomDbRowOpSorterIT.java.DataContextEntityWithMeaningfulPKAndCustomDbRowOpSorterIT.test_MeaningfulPkWithFkUpdate.Feature Envy,5.0-M1,5.0-M1,5.0-M1,1
cayenne,5.0-M1,org.apache.cayenne.access,DataContextEntityWithMeaningfulPKIT,testChangeKey,Feature Envy,"designitejava,checkstyle",cayenne/src/test/java/org/apache/cayenne/access/DataContextEntityWithMeaningfulPKIT.java,cayenne/src/test/java/org/apache/cayenne/access/DataContextEntityWithMeaningfulPKIT.java.DataContextEntityWithMeaningfulPKIT.testChangeKey.Feature Envy,5.0-M1,5.0-M1,5.0-M1,1
cayenne,5.0-M1,org.apache.cayenne.access,DataContextEntityWithMeaningfulPKIT,testGeneratedKey,Feature Envy,"designitejava,checkstyle",cayenne/src/test/java/org/apache/cayenne/access/DataContextEntityWithMeaningfulPKIT.java,cayenne/src/test/java/org/apache/cayenne/access/DataContextEntityWithMeaningfulPKIT.java.DataContextEntityWithMeaningfulPKIT.testGeneratedKey.Feature Envy,5.0-M1,5.0-M1,5.0-M1,1
cayenne,5.0-M1,org.apache.cayenne.access,DataContextEntityWithMeaningfulPKIT,test_MeaningfulPkInsertDeleteCascade,Feature Envy,"designitejava,checkstyle",cayenne/src/test/java/org/apache/cayenne/access/DataContextEntityWithMeaningfulPKIT.java,cayenne/src/test/java/org/apache/cayenne/access/DataContextEntityWithMeaningfulPKIT.java.DataContextEntityWithMeaningfulPKIT.test_MeaningfulPkInsertDeleteCascade.Feature Envy,5.0-M1,5.0-M1,5.0-M1,1
cayenne,5.0-M1,org.apache.cayenne.access,DataContextEntityWithMeaningfulPKIT,test_MeaningfulPkWithFkUpdate,Feature Envy,"designitejava,checkstyle",cayenne/src/test/java/org/apache/cayenne/access/DataContextEntityWithMeaningfulPKIT.java,cayenne/src/test/java/org/apache/cayenne/access/DataContextEntityWithMeaningfulPKIT.java.DataContextEntityWithMeaningfulPKIT.test_MeaningfulPkWithFkUpdate.Feature Envy,5.0-M1,5.0-M1,5.0-M1,1
cayenne,5.0-M1,org.apache.cayenne.access,DataContextFlattenedAttributesIT,testDelete,Feature Envy,"designitejava,checkstyle",cayenne/src/test/java/org/apache/cayenne/access/DataContextFlattenedAttributesIT.java,cayenne/src/test/java/org/apache/cayenne/access/DataContextFlattenedAttributesIT.java.DataContextFlattenedAttributesIT.testDelete.Feature Envy,5.0-M1,5.0-M1,5.0-M1,1
cayenne,5.0-M1,org.apache.cayenne.access,DataContextFlattenedAttributesIT,testDelete2,Feature Envy,"designitejava,checkstyle",cayenne/src/test/java/org/apache/cayenne/access/DataContextFlattenedAttributesIT.java,cayenne/src/test/java/org/apache/cayenne/access/DataContextFlattenedAttributesIT.java.DataContextFlattenedAttributesIT.testDelete2.Feature Envy,5.0-M1,5.0-M1,5.0-M1,1
cayenne,5.0-M1,org.apache.cayenne.access,DataContextFlattenedAttributesIT,testInsert,Feature Envy,"designitejava,checkstyle",cayenne/src/test/java/org/apache/cayenne/access/DataContextFlattenedAttributesIT.java,cayenne/src/test/java/org/apache/cayenne/access/DataContextFlattenedAttributesIT.java.DataContextFlattenedAttributesIT.testInsert.Feature Envy,5.0-M1,5.0-M1,5.0-M1,1
cayenne,5.0-M1,org.apache.cayenne.access,DataContextFlattenedAttributesIT,testUpdate,Feature Envy,"designitejava,checkstyle",cayenne/src/test/java/org/apache/cayenne/access/DataContextFlattenedAttributesIT.java,cayenne/src/test/java/org/apache/cayenne/access/DataContextFlattenedAttributesIT.java.DataContextFlattenedAttributesIT.testUpdate.Feature Envy,5.0-M1,5.0-M1,5.0-M1,1
cayenne,5.0-M1,org.apache.cayenne.access,DataContextObjectIdQueryIT,testRefreshNullifiedValuesNew,Feature Envy,"designitejava,checkstyle",cayenne/src/test/java/org/apache/cayenne/access/DataContextObjectIdQueryIT.java,cayenne/src/test/java/org/apache/cayenne/access/DataContextObjectIdQueryIT.java.DataContextObjectIdQueryIT.testRefreshNullifiedValuesNew.Feature Envy,5.0-M1,5.0-M1,5.0-M1,1
cayenne,5.0-M1,org.apache.cayenne.access,DataContextObjectTrackingIT,testInvalidateObjects_Vararg,Feature Envy,"designitejava,checkstyle",cayenne/src/test/java/org/apache/cayenne/access/DataContextObjectTrackingIT.java,cayenne/src/test/java/org/apache/cayenne/access/DataContextObjectTrackingIT.java.DataContextObjectTrackingIT.testInvalidateObjects_Vararg.Feature Envy,5.0-M1,5.0-M1,5.0-M1,1
cayenne,5.0-M1,org.apache.cayenne.access,DataContextObjectTrackingIT,testUnregisterObject,Feature Envy,"designitejava,checkstyle",cayenne/src/test/java/org/apache/cayenne/access/DataContextObjectTrackingIT.java,cayenne/src/test/java/org/apache/cayenne/access/DataContextObjectTrackingIT.java.DataContextObjectTrackingIT.testUnregisterObject.Feature Envy,5.0-M1,5.0-M1,5.0-M1,1
cayenne,5.0-M1,org.apache.cayenne.access,DataContextOrderingIT,testCustomPropertySort,Feature Envy,"designitejava,checkstyle",cayenne/src/test/java/org/apache/cayenne/access/DataContextOrderingIT.java,cayenne/src/test/java/org/apache/cayenne/access/DataContextOrderingIT.java.DataContextOrderingIT.testCustomPropertySort.Feature Envy,5.0-M1,5.0-M1,5.0-M1,1
cayenne,5.0-M1,org.apache.cayenne.access,DataContextOrderingIT,testMultipleOrdering,Feature Envy,"designitejava,checkstyle",cayenne/src/test/java/org/apache/cayenne/access/DataContextOrderingIT.java,cayenne/src/test/java/org/apache/cayenne/access/DataContextOrderingIT.java.DataContextOrderingIT.testMultipleOrdering.Feature Envy,5.0-M1,5.0-M1,5.0-M1,1
cayenne,5.0-M1,org.apache.cayenne.access,DataContextOrderingIT,testMultipleOrderingInSelectClauseCAY_1074,Feature Envy,"designitejava,checkstyle",cayenne/src/test/java/org/apache/cayenne/access/DataContextOrderingIT.java,cayenne/src/test/java/org/apache/cayenne/access/DataContextOrderingIT.java.DataContextOrderingIT.testMultipleOrderingInSelectClauseCAY_1074.Feature Envy,5.0-M1,5.0-M1,5.0-M1,1
cayenne,5.0-M1,org.apache.cayenne.access,DataContextPrefetchIT,testPrefetch_ReflexiveRelationship,Feature Envy,"designitejava,checkstyle",cayenne/src/test/java/org/apache/cayenne/access/DataContextPrefetchIT.java,cayenne/src/test/java/org/apache/cayenne/access/DataContextPrefetchIT.java.DataContextPrefetchIT.testPrefetch_ReflexiveRelationship.Feature Envy,5.0-M1,5.0-M1,5.0-M1,1
cayenne,5.0-M1,org.apache.cayenne.access,DataContextQueryChainIT,testSelectQuery,Feature Envy,"designitejava,checkstyle",cayenne/src/test/java/org/apache/cayenne/access/DataContextQueryChainIT.java,cayenne/src/test/java/org/apache/cayenne/access/DataContextQueryChainIT.java.DataContextQueryChainIT.testSelectQuery.Feature Envy,5.0-M1,5.0-M1,5.0-M1,1
cayenne,5.0-M1,org.apache.cayenne.access,DataContextRollbackIT,testRollbackModifiedObject,Feature Envy,"designitejava,checkstyle",cayenne/src/test/java/org/apache/cayenne/access/DataContextRollbackIT.java,cayenne/src/test/java/org/apache/cayenne/access/DataContextRollbackIT.java.DataContextRollbackIT.testRollbackModifiedObject.Feature Envy,5.0-M1,5.0-M1,5.0-M1,1
cayenne,5.0-M1,org.apache.cayenne.access,DataContextRollbackIT,testRollbackNew,Feature Envy,"designitejava,checkstyle",cayenne/src/test/java/org/apache/cayenne/access/DataContextRollbackIT.java,cayenne/src/test/java/org/apache/cayenne/access/DataContextRollbackIT.java.DataContextRollbackIT.testRollbackNew.Feature Envy,5.0-M1,5.0-M1,5.0-M1,1
cayenne,5.0-M1,org.apache.cayenne.access,DataContextRollbackIT,testRollbackRelationshipModification,Feature Envy,"designitejava,checkstyle",cayenne/src/test/java/org/apache/cayenne/access/DataContextRollbackIT.java,cayenne/src/test/java/org/apache/cayenne/access/DataContextRollbackIT.java.DataContextRollbackIT.testRollbackRelationshipModification.Feature Envy,5.0-M1,5.0-M1,5.0-M1,1
cayenne,5.0-M1,org.apache.cayenne.access,DataContextSerializationIT,testSerializeCommitted,Feature Envy,"designitejava,checkstyle",cayenne/src/test/java/org/apache/cayenne/access/DataContextSerializationIT.java,cayenne/src/test/java/org/apache/cayenne/access/DataContextSerializationIT.java.DataContextSerializationIT.testSerializeCommitted.Feature Envy,5.0-M1,5.0-M1,5.0-M1,1
cayenne,5.0-M1,org.apache.cayenne.access,DataContextSerializationIT,testSerializeModified,Feature Envy,"designitejava,checkstyle",cayenne/src/test/java/org/apache/cayenne/access/DataContextSerializationIT.java,cayenne/src/test/java/org/apache/cayenne/access/DataContextSerializationIT.java.DataContextSerializationIT.testSerializeModified.Feature Envy,5.0-M1,5.0-M1,5.0-M1,1
cayenne,5.0-M1,org.apache.cayenne.access,DataContextSharedCacheIT,testSnapshotEvictedAndChangedForModified,Feature Envy,"designitejava,checkstyle",cayenne/src/test/java/org/apache/cayenne/access/DataContextSharedCacheIT.java,cayenne/src/test/java/org/apache/cayenne/access/DataContextSharedCacheIT.java.DataContextSharedCacheIT.testSnapshotEvictedAndChangedForModified.Feature Envy,5.0-M1,5.0-M1,5.0-M1,1
cayenne,5.0-M1,org.apache.cayenne.access,DataDomainCallbacksIT,testPostLoad,Feature Envy,"designitejava,checkstyle",cayenne/src/test/java/org/apache/cayenne/access/DataDomainCallbacksIT.java,cayenne/src/test/java/org/apache/cayenne/access/DataDomainCallbacksIT.java.DataDomainCallbacksIT.testPostLoad.Feature Envy,5.0-M1,5.0-M1,5.0-M1,1
cayenne,5.0-M1,org.apache.cayenne.access,DataDomainCallbacksIT,testPostLoad_MixedResult,Feature Envy,"designitejava,checkstyle",cayenne/src/test/java/org/apache/cayenne/access/DataDomainCallbacksIT.java,cayenne/src/test/java/org/apache/cayenne/access/DataDomainCallbacksIT.java.DataDomainCallbacksIT.testPostLoad_MixedResult.Feature Envy,5.0-M1,5.0-M1,5.0-M1,1
cayenne,5.0-M1,org.apache.cayenne.access,DataDomainCallbacksIT,testPostLoad_Prefetch,Feature Envy,"designitejava,checkstyle",cayenne/src/test/java/org/apache/cayenne/access/DataDomainCallbacksIT.java,cayenne/src/test/java/org/apache/cayenne/access/DataDomainCallbacksIT.java.DataDomainCallbacksIT.testPostLoad_Prefetch.Feature Envy,5.0-M1,5.0-M1,5.0-M1,1
cayenne,5.0-M1,org.apache.cayenne.access,DataDomainCallbacksIT,testPostLoad_Relationship,Feature Envy,"designitejava,checkstyle",cayenne/src/test/java/org/apache/cayenne/access/DataDomainCallbacksIT.java,cayenne/src/test/java/org/apache/cayenne/access/DataDomainCallbacksIT.java.DataDomainCallbacksIT.testPostLoad_Relationship.Feature Envy,5.0-M1,5.0-M1,5.0-M1,1
cayenne,5.0-M1,org.apache.cayenne.access,DataDomainCallbacksIT,testPostRemove,Feature Envy,"designitejava,checkstyle",cayenne/src/test/java/org/apache/cayenne/access/DataDomainCallbacksIT.java,cayenne/src/test/java/org/apache/cayenne/access/DataDomainCallbacksIT.java.DataDomainCallbacksIT.testPostRemove.Feature Envy,5.0-M1,5.0-M1,5.0-M1,1
cayenne,5.0-M1,org.apache.cayenne.access,DataDomainCallbacksIT,testPostRemove_InsertedUpdatedDeleted,Feature Envy,"designitejava,checkstyle",cayenne/src/test/java/org/apache/cayenne/access/DataDomainCallbacksIT.java,cayenne/src/test/java/org/apache/cayenne/access/DataDomainCallbacksIT.java.DataDomainCallbacksIT.testPostRemove_InsertedUpdatedDeleted.Feature Envy,5.0-M1,5.0-M1,5.0-M1,1
cayenne,5.0-M1,org.apache.cayenne.access,DataDomainCallbacksIT,testPostRemove_UpdatedDeleted,Feature Envy,"designitejava,checkstyle",cayenne/src/test/java/org/apache/cayenne/access/DataDomainCallbacksIT.java,cayenne/src/test/java/org/apache/cayenne/access/DataDomainCallbacksIT.java.DataDomainCallbacksIT.testPostRemove_UpdatedDeleted.Feature Envy,5.0-M1,5.0-M1,5.0-M1,1
cayenne,5.0-M1,org.apache.cayenne.access,DataDomainIT,testAddListener,Feature Envy,"designitejava,checkstyle",cayenne/src/test/java/org/apache/cayenne/access/DataDomainIT.java,cayenne/src/test/java/org/apache/cayenne/access/DataDomainIT.java.DataDomainIT.testAddListener.Feature Envy,5.0-M1,5.0-M1,5.0-M1,1
cayenne,5.0-M1,org.apache.cayenne.access,DataNodeQueriesIT,testPerfomQueriesSQLTemplate,Feature Envy,"designitejava,checkstyle",cayenne/src/test/java/org/apache/cayenne/access/DataNodeQueriesIT.java,cayenne/src/test/java/org/apache/cayenne/access/DataNodeQueriesIT.java.DataNodeQueriesIT.testPerfomQueriesSQLTemplate.Feature Envy,5.0-M1,5.0-M1,5.0-M1,1
cayenne,5.0-M1,org.apache.cayenne.access,DataRowUtilsIT,testIsToOneTargetModified,Feature Envy,"designitejava,checkstyle",cayenne/src/test/java/org/apache/cayenne/access/DataRowUtilsIT.java,cayenne/src/test/java/org/apache/cayenne/access/DataRowUtilsIT.java.DataRowUtilsIT.testIsToOneTargetModified.Feature Envy,5.0-M1,5.0-M1,5.0-M1,1
cayenne,5.0-M1,org.apache.cayenne.access,DateTimeTypesIT,testCalendar,Feature Envy,"designitejava,checkstyle",cayenne/src/test/java/org/apache/cayenne/access/DateTimeTypesIT.java,cayenne/src/test/java/org/apache/cayenne/access/DateTimeTypesIT.java.DateTimeTypesIT.testCalendar.Feature Envy,5.0-M1,5.0-M1,5.0-M1,1
cayenne,5.0-M1,org.apache.cayenne.access,DateTimeTypesIT,testDate,Feature Envy,"designitejava,checkstyle",cayenne/src/test/java/org/apache/cayenne/access/DateTimeTypesIT.java,cayenne/src/test/java/org/apache/cayenne/access/DateTimeTypesIT.java.DateTimeTypesIT.testDate.Feature Envy,5.0-M1,5.0-M1,5.0-M1,1
cayenne,5.0-M1,org.apache.cayenne.access,DateTimeTypesIT,testTime,Feature Envy,"designitejava,checkstyle",cayenne/src/test/java/org/apache/cayenne/access/DateTimeTypesIT.java,cayenne/src/test/java/org/apache/cayenne/access/DateTimeTypesIT.java.DateTimeTypesIT.testTime.Feature Envy,5.0-M1,5.0-M1,5.0-M1,1
cayenne,5.0-M1,org.apache.cayenne.access,DateTimeTypesIT,testTimestamp,Feature Envy,"designitejava,checkstyle",cayenne/src/test/java/org/apache/cayenne/access/DateTimeTypesIT.java,cayenne/src/test/java/org/apache/cayenne/access/DateTimeTypesIT.java.DateTimeTypesIT.testTimestamp.Feature Envy,5.0-M1,5.0-M1,5.0-M1,1
cayenne,5.0-M1,org.apache.cayenne.access,EmbeddingIT,testInsert,Feature Envy,"designitejava,checkstyle",cayenne/src/test/java/org/apache/cayenne/access/EmbeddingIT.java,cayenne/src/test/java/org/apache/cayenne/access/EmbeddingIT.java.EmbeddingIT.testInsert.Feature Envy,5.0-M1,5.0-M1,5.0-M1,1
cayenne,5.0-M1,org.apache.cayenne.access,EmbeddingIT,testInsertWithInheritance,Feature Envy,"designitejava,checkstyle",cayenne/src/test/java/org/apache/cayenne/access/EmbeddingIT.java,cayenne/src/test/java/org/apache/cayenne/access/EmbeddingIT.java.EmbeddingIT.testInsertWithInheritance.Feature Envy,5.0-M1,5.0-M1,5.0-M1,1
cayenne,5.0-M1,org.apache.cayenne.access,FlattenedRelationshipInContextIT,testIsToOneTargetModifiedFlattenedFault1,Feature Envy,"designitejava,checkstyle",cayenne/src/test/java/org/apache/cayenne/access/FlattenedRelationshipInContextIT.java,cayenne/src/test/java/org/apache/cayenne/access/FlattenedRelationshipInContextIT.java.FlattenedRelationshipInContextIT.testIsToOneTargetModifiedFlattenedFault1.Feature Envy,5.0-M1,5.0-M1,5.0-M1,1
cayenne,5.0-M1,org.apache.cayenne.access,IdentityColumnsIT,testCompoundPKWithGeneratedColumn,Feature Envy,"designitejava,checkstyle",cayenne/src/test/java/org/apache/cayenne/access/IdentityColumnsIT.java,cayenne/src/test/java/org/apache/cayenne/access/IdentityColumnsIT.java.IdentityColumnsIT.testCompoundPKWithGeneratedColumn.Feature Envy,5.0-M1,5.0-M1,5.0-M1,1
cayenne,5.0-M1,org.apache.cayenne.access,IdentityColumnsIT,testMultipleNewObjects,Feature Envy,"designitejava,checkstyle",cayenne/src/test/java/org/apache/cayenne/access/IdentityColumnsIT.java,cayenne/src/test/java/org/apache/cayenne/access/IdentityColumnsIT.java.IdentityColumnsIT.testMultipleNewObjects.Feature Envy,5.0-M1,5.0-M1,5.0-M1,1
cayenne,5.0-M1,org.apache.cayenne.access,IdentityColumnsIT,testMultipleNewObjectsSeparateTables,Feature Envy,"designitejava,checkstyle",cayenne/src/test/java/org/apache/cayenne/access/IdentityColumnsIT.java,cayenne/src/test/java/org/apache/cayenne/access/IdentityColumnsIT.java.IdentityColumnsIT.testMultipleNewObjectsSeparateTables.Feature Envy,5.0-M1,5.0-M1,5.0-M1,1
cayenne,5.0-M1,org.apache.cayenne.access,IdentityColumnsIT,testPropagateToDependent,Feature Envy,"designitejava,checkstyle",cayenne/src/test/java/org/apache/cayenne/access/IdentityColumnsIT.java,cayenne/src/test/java/org/apache/cayenne/access/IdentityColumnsIT.java.IdentityColumnsIT.testPropagateToDependent.Feature Envy,5.0-M1,5.0-M1,5.0-M1,1
cayenne,5.0-M1,org.apache.cayenne.access,IdentityColumnsIT,testReflexiveDep,Feature Envy,"designitejava,checkstyle",cayenne/src/test/java/org/apache/cayenne/access/IdentityColumnsIT.java,cayenne/src/test/java/org/apache/cayenne/access/IdentityColumnsIT.java.IdentityColumnsIT.testReflexiveDep.Feature Envy,5.0-M1,5.0-M1,5.0-M1,1
cayenne,5.0-M1,org.apache.cayenne.access,IdentityColumnsIT,testUnrelatedUpdate,Feature Envy,"designitejava,checkstyle",cayenne/src/test/java/org/apache/cayenne/access/IdentityColumnsIT.java,cayenne/src/test/java/org/apache/cayenne/access/IdentityColumnsIT.java.IdentityColumnsIT.testUnrelatedUpdate.Feature Envy,5.0-M1,5.0-M1,5.0-M1,1
cayenne,5.0-M1,org.apache.cayenne.access,IdentityColumnsIT,testUpdateDependentWithNewMaster,Feature Envy,"designitejava,checkstyle",cayenne/src/test/java/org/apache/cayenne/access/IdentityColumnsIT.java,cayenne/src/test/java/org/apache/cayenne/access/IdentityColumnsIT.java.IdentityColumnsIT.testUpdateDependentWithNewMaster.Feature Envy,5.0-M1,5.0-M1,5.0-M1,1
cayenne,5.0-M1,org.apache.cayenne.access,JointPrefetchIT,testJointPrefetchDataTypes,Feature Envy,"designitejava,checkstyle",cayenne/src/test/java/org/apache/cayenne/access/JointPrefetchIT.java,cayenne/src/test/java/org/apache/cayenne/access/JointPrefetchIT.java.JointPrefetchIT.testJointPrefetchDataTypes.Feature Envy,5.0-M1,5.0-M1,5.0-M1,1
cayenne,5.0-M1,org.apache.cayenne.access,MiscTypesIT,testByteArray,Feature Envy,"designitejava,checkstyle",cayenne/src/test/java/org/apache/cayenne/access/MiscTypesIT.java,cayenne/src/test/java/org/apache/cayenne/access/MiscTypesIT.java.MiscTypesIT.testByteArray.Feature Envy,5.0-M1,5.0-M1,5.0-M1,1
cayenne,5.0-M1,org.apache.cayenne.access,MiscTypesIT,testByteWrapperArray,Feature Envy,"designitejava,checkstyle",cayenne/src/test/java/org/apache/cayenne/access/MiscTypesIT.java,cayenne/src/test/java/org/apache/cayenne/access/MiscTypesIT.java.MiscTypesIT.testByteWrapperArray.Feature Envy,5.0-M1,5.0-M1,5.0-M1,1
cayenne,5.0-M1,org.apache.cayenne.access,MiscTypesIT,testCharArray,Feature Envy,"designitejava,checkstyle",cayenne/src/test/java/org/apache/cayenne/access/MiscTypesIT.java,cayenne/src/test/java/org/apache/cayenne/access/MiscTypesIT.java.MiscTypesIT.testCharArray.Feature Envy,5.0-M1,5.0-M1,5.0-M1,1
cayenne,5.0-M1,org.apache.cayenne.access,MiscTypesIT,testCharacter,Feature Envy,"designitejava,checkstyle",cayenne/src/test/java/org/apache/cayenne/access/MiscTypesIT.java,cayenne/src/test/java/org/apache/cayenne/access/MiscTypesIT.java.MiscTypesIT.testCharacter.Feature Envy,5.0-M1,5.0-M1,5.0-M1,1
cayenne,5.0-M1,org.apache.cayenne.access,MiscTypesIT,testCharacterArray,Feature Envy,"designitejava,checkstyle",cayenne/src/test/java/org/apache/cayenne/access/MiscTypesIT.java,cayenne/src/test/java/org/apache/cayenne/access/MiscTypesIT.java.MiscTypesIT.testCharacterArray.Feature Envy,5.0-M1,5.0-M1,5.0-M1,1
cayenne,5.0-M1,org.apache.cayenne.access,MiscTypesIT,testSerializable,Feature Envy,"designitejava,checkstyle",cayenne/src/test/java/org/apache/cayenne/access/MiscTypesIT.java,cayenne/src/test/java/org/apache/cayenne/access/MiscTypesIT.java.MiscTypesIT.testSerializable.Feature Envy,5.0-M1,5.0-M1,5.0-M1,1
cayenne,5.0-M1,org.apache.cayenne.access,NumericTypesIT,testBigInteger,Feature Envy,"designitejava,checkstyle",cayenne/src/test/java/org/apache/cayenne/access/NumericTypesIT.java,cayenne/src/test/java/org/apache/cayenne/access/NumericTypesIT.java.NumericTypesIT.testBigInteger.Feature Envy,5.0-M1,5.0-M1,5.0-M1,1
cayenne,5.0-M1,org.apache.cayenne.access,NumericTypesIT,testBigIntegerColumnSelect,Feature Envy,"designitejava,checkstyle",cayenne/src/test/java/org/apache/cayenne/access/NumericTypesIT.java,cayenne/src/test/java/org/apache/cayenne/access/NumericTypesIT.java.NumericTypesIT.testBigIntegerColumnSelect.Feature Envy,5.0-M1,5.0-M1,5.0-M1,1
cayenne,5.0-M1,org.apache.cayenne.access,NumericTypesIT,testBooleanBit,Feature Envy,"designitejava,checkstyle",cayenne/src/test/java/org/apache/cayenne/access/NumericTypesIT.java,cayenne/src/test/java/org/apache/cayenne/access/NumericTypesIT.java.NumericTypesIT.testBooleanBit.Feature Envy,5.0-M1,5.0-M1,5.0-M1,1
cayenne,5.0-M1,org.apache.cayenne.access,NumericTypesIT,testBooleanBoolean,Feature Envy,"designitejava,checkstyle",cayenne/src/test/java/org/apache/cayenne/access/NumericTypesIT.java,cayenne/src/test/java/org/apache/cayenne/access/NumericTypesIT.java.NumericTypesIT.testBooleanBoolean.Feature Envy,5.0-M1,5.0-M1,5.0-M1,1
cayenne,5.0-M1,org.apache.cayenne.access,NumericTypesIT,testLong,Feature Envy,"designitejava,checkstyle",cayenne/src/test/java/org/apache/cayenne/access/NumericTypesIT.java,cayenne/src/test/java/org/apache/cayenne/access/NumericTypesIT.java.NumericTypesIT.testLong.Feature Envy,5.0-M1,5.0-M1,5.0-M1,1
cayenne,5.0-M1,org.apache.cayenne.access,ObjectStoreIT,testUnregisterThenRegister,Feature Envy,"designitejava,checkstyle",cayenne/src/test/java/org/apache/cayenne/access/ObjectStoreIT.java,cayenne/src/test/java/org/apache/cayenne/access/ObjectStoreIT.java.ObjectStoreIT.testUnregisterThenRegister.Feature Envy,5.0-M1,5.0-M1,5.0-M1,1
cayenne,5.0-M1,org.apache.cayenne.access,PrimitiveAttributesIT,testCommit,Feature Envy,"designitejava,checkstyle",cayenne/src/test/java/org/apache/cayenne/access/PrimitiveAttributesIT.java,cayenne/src/test/java/org/apache/cayenne/access/PrimitiveAttributesIT.java.PrimitiveAttributesIT.testCommit.Feature Envy,5.0-M1,5.0-M1,5.0-M1,1
cayenne,5.0-M1,org.apache.cayenne.access,QuotedIdentifiersIT,setUp,Feature Envy,"designitejava,checkstyle",cayenne/src/test/java/org/apache/cayenne/access/QuotedIdentifiersIT.java,cayenne/src/test/java/org/apache/cayenne/access/QuotedIdentifiersIT.java.QuotedIdentifiersIT.setUp.Feature Envy,5.0-M1,5.0-M1,5.0-M1,1
cayenne,5.0-M1,org.apache.cayenne.access,QuotedIdentifiersIT,testInsert,Feature Envy,"designitejava,checkstyle",cayenne/src/test/java/org/apache/cayenne/access/QuotedIdentifiersIT.java,cayenne/src/test/java/org/apache/cayenne/access/QuotedIdentifiersIT.java.QuotedIdentifiersIT.testInsert.Feature Envy,5.0-M1,5.0-M1,5.0-M1,1
cayenne,5.0-M1,org.apache.cayenne.access,QuotedIdentifiersIT,testPrefetchQuote,Feature Envy,"designitejava,checkstyle",cayenne/src/test/java/org/apache/cayenne/access/QuotedIdentifiersIT.java,cayenne/src/test/java/org/apache/cayenne/access/QuotedIdentifiersIT.java.QuotedIdentifiersIT.testPrefetchQuote.Feature Envy,5.0-M1,5.0-M1,5.0-M1,1
cayenne,5.0-M1,org.apache.cayenne.access,ReturnTypesMappingIT,,God Class,"pmd,checkstyle",cayenne/src/test/java/org/apache/cayenne/access/ReturnTypesMappingIT.java,cayenne/src/test/java/org/apache/cayenne/access/ReturnTypesMappingIT.java.ReturnTypesMappingIT..God Class,5.0-M1,5.0-M1,5.0-M1,1
cayenne,5.0-M1,org.apache.cayenne.access,SingleTableInheritance1IT,testFlattenedNullifyNullifyDeleteRules,Feature Envy,"designitejava,checkstyle",cayenne/src/test/java/org/apache/cayenne/access/SingleTableInheritance1IT.java,cayenne/src/test/java/org/apache/cayenne/access/SingleTableInheritance1IT.java.SingleTableInheritance1IT.testFlattenedNullifyNullifyDeleteRules.Feature Envy,5.0-M1,5.0-M1,5.0-M1,1
cayenne,5.0-M1,org.apache.cayenne.access,SingleTableInheritance1IT,testGroupActions,Feature Envy,"designitejava,checkstyle",cayenne/src/test/java/org/apache/cayenne/access/SingleTableInheritance1IT.java,cayenne/src/test/java/org/apache/cayenne/access/SingleTableInheritance1IT.java.SingleTableInheritance1IT.testGroupActions.Feature Envy,5.0-M1,5.0-M1,5.0-M1,1
cayenne,5.0-M1,org.apache.cayenne.access,ToManyListIT,testRealRelationship,Feature Envy,"designitejava,checkstyle",cayenne/src/test/java/org/apache/cayenne/access/ToManyListIT.java,cayenne/src/test/java/org/apache/cayenne/access/ToManyListIT.java.ToManyListIT.testRealRelationship.Feature Envy,5.0-M1,5.0-M1,5.0-M1,1
cayenne,5.0-M1,org.apache.cayenne.access,ToManyListIT,testRealRelationshipRollback,Feature Envy,"designitejava,checkstyle",cayenne/src/test/java/org/apache/cayenne/access/ToManyListIT.java,cayenne/src/test/java/org/apache/cayenne/access/ToManyListIT.java.ToManyListIT.testRealRelationshipRollback.Feature Envy,5.0-M1,5.0-M1,5.0-M1,1
cayenne,5.0-M1,org.apache.cayenne.access,UUIDIT,testUUID,Feature Envy,"designitejava,checkstyle",cayenne/src/test/java/org/apache/cayenne/access/UUIDIT.java,cayenne/src/test/java/org/apache/cayenne/access/UUIDIT.java.UUIDIT.testUUID.Feature Envy,5.0-M1,5.0-M1,5.0-M1,1
cayenne,5.0-M1,org.apache.cayenne.access,UUIDIT,testUUIDColumnSelect,Feature Envy,"designitejava,checkstyle",cayenne/src/test/java/org/apache/cayenne/access/UUIDIT.java,cayenne/src/test/java/org/apache/cayenne/access/UUIDIT.java.UUIDIT.testUUIDColumnSelect.Feature Envy,5.0-M1,5.0-M1,5.0-M1,1
cayenne,5.0-M1,org.apache.cayenne.access,VerticalInheritanceIT,testDelete_Mix,Feature Envy,"designitejava,checkstyle",cayenne/src/test/java/org/apache/cayenne/access/VerticalInheritanceIT.java,cayenne/src/test/java/org/apache/cayenne/access/VerticalInheritanceIT.java.VerticalInheritanceIT.testDelete_Mix.Feature Envy,5.0-M1,5.0-M1,5.0-M1,1
cayenne,5.0-M1,org.apache.cayenne.access,VerticalInheritanceIT,testInsertTwoGenericVerticalInheritanceObjects,Feature Envy,"designitejava,checkstyle",cayenne/src/test/java/org/apache/cayenne/access/VerticalInheritanceIT.java,cayenne/src/test/java/org/apache/cayenne/access/VerticalInheritanceIT.java.VerticalInheritanceIT.testInsertTwoGenericVerticalInheritanceObjects.Feature Envy,5.0-M1,5.0-M1,5.0-M1,1
cayenne,5.0-M1,org.apache.cayenne.access,VerticalInheritanceIT,testInsertTwoObjectsWithMultipleAttributeAndMultipleRelationship,Feature Envy,"designitejava,checkstyle",cayenne/src/test/java/org/apache/cayenne/access/VerticalInheritanceIT.java,cayenne/src/test/java/org/apache/cayenne/access/VerticalInheritanceIT.java.VerticalInheritanceIT.testInsertTwoObjectsWithMultipleAttributeAndMultipleRelationship.Feature Envy,5.0-M1,5.0-M1,5.0-M1,1
cayenne,5.0-M1,org.apache.cayenne.access,VerticalInheritanceIT,testInsertWithAttributeAndRelationship,Feature Envy,"designitejava,checkstyle",cayenne/src/test/java/org/apache/cayenne/access/VerticalInheritanceIT.java,cayenne/src/test/java/org/apache/cayenne/access/VerticalInheritanceIT.java.VerticalInheritanceIT.testInsertWithAttributeAndRelationship.Feature Envy,5.0-M1,5.0-M1,5.0-M1,1
cayenne,5.0-M1,org.apache.cayenne.access,VerticalInheritanceIT,testInsertWithMultipleAttributeAndMultipleRelationship,Feature Envy,"designitejava,checkstyle",cayenne/src/test/java/org/apache/cayenne/access/VerticalInheritanceIT.java,cayenne/src/test/java/org/apache/cayenne/access/VerticalInheritanceIT.java.VerticalInheritanceIT.testInsertWithMultipleAttributeAndMultipleRelationship.Feature Envy,5.0-M1,5.0-M1,5.0-M1,1
cayenne,5.0-M1,org.apache.cayenne.access,VerticalInheritanceIT,testUpdateWithRelationship,Feature Envy,"designitejava,checkstyle",cayenne/src/test/java/org/apache/cayenne/access/VerticalInheritanceIT.java,cayenne/src/test/java/org/apache/cayenne/access/VerticalInheritanceIT.java.VerticalInheritanceIT.testUpdateWithRelationship.Feature Envy,5.0-M1,5.0-M1,5.0-M1,1
cayenne,5.0-M1,org.apache.cayenne.access.dbsync,SchemaUpdateStrategyBase,tablesMap,Feature Envy,"designitejava,checkstyle",cayenne/src/test/java/org/apache/cayenne/access/dbsync/SchemaUpdateStrategyBase.java,cayenne/src/test/java/org/apache/cayenne/access/dbsync/SchemaUpdateStrategyBase.java.SchemaUpdateStrategyBase.tablesMap.Feature Envy,5.0-M1,5.0-M1,5.0-M1,1
cayenne,5.0-M1,org.apache.cayenne.access.translator.select,GroupByStageTest,groupByWithAggregates,Feature Envy,"designitejava,checkstyle",cayenne/src/test/java/org/apache/cayenne/access/translator/select/GroupByStageTest.java,cayenne/src/test/java/org/apache/cayenne/access/translator/select/GroupByStageTest.java.GroupByStageTest.groupByWithAggregates.Feature Envy,5.0-M1,5.0-M1,5.0-M1,1
cayenne,5.0-M1,org.apache.cayenne.access.types,Java8TimeIT,columnSelectWithJava8Type,Feature Envy,"designitejava,checkstyle",cayenne/src/test/java/org/apache/cayenne/access/types/Java8TimeIT.java,cayenne/src/test/java/org/apache/cayenne/access/types/Java8TimeIT.java.Java8TimeIT.columnSelectWithJava8Type.Feature Envy,5.0-M1,5.0-M1,5.0-M1,1
cayenne,5.0-M1,org.apache.cayenne.access.types,Java8TimeIT,testJava8Duration,Feature Envy,"designitejava,checkstyle",cayenne/src/test/java/org/apache/cayenne/access/types/Java8TimeIT.java,cayenne/src/test/java/org/apache/cayenne/access/types/Java8TimeIT.java.Java8TimeIT.testJava8Duration.Feature Envy,5.0-M1,5.0-M1,5.0-M1,1
cayenne,5.0-M1,org.apache.cayenne.access.types,Java8TimeIT,testJava8LocalDate,Feature Envy,"designitejava,checkstyle",cayenne/src/test/java/org/apache/cayenne/access/types/Java8TimeIT.java,cayenne/src/test/java/org/apache/cayenne/access/types/Java8TimeIT.java.Java8TimeIT.testJava8LocalDate.Feature Envy,5.0-M1,5.0-M1,5.0-M1,1
cayenne,5.0-M1,org.apache.cayenne.access.types,Java8TimeIT,testJava8LocalDateTime,Feature Envy,"designitejava,checkstyle",cayenne/src/test/java/org/apache/cayenne/access/types/Java8TimeIT.java,cayenne/src/test/java/org/apache/cayenne/access/types/Java8TimeIT.java.Java8TimeIT.testJava8LocalDateTime.Feature Envy,5.0-M1,5.0-M1,5.0-M1,1
cayenne,5.0-M1,org.apache.cayenne.access.types,Java8TimeIT,testJava8LocalTime,Feature Envy,"designitejava,checkstyle",cayenne/src/test/java/org/apache/cayenne/access/types/Java8TimeIT.java,cayenne/src/test/java/org/apache/cayenne/access/types/Java8TimeIT.java.Java8TimeIT.testJava8LocalTime.Feature Envy,5.0-M1,5.0-M1,5.0-M1,1
cayenne,5.0-M1,org.apache.cayenne.access.types,Java8TimeIT,testJava8Period,Feature Envy,"designitejava,checkstyle",cayenne/src/test/java/org/apache/cayenne/access/types/Java8TimeIT.java,cayenne/src/test/java/org/apache/cayenne/access/types/Java8TimeIT.java.Java8TimeIT.testJava8Period.Feature Envy,5.0-M1,5.0-M1,5.0-M1,1
cayenne,5.0-M1,org.apache.cayenne.cache,QueryCacheIT,testLocalCacheStoresAnImmutableList,Feature Envy,"designitejava,checkstyle",cayenne/src/test/java/org/apache/cayenne/cache/QueryCacheIT.java,cayenne/src/test/java/org/apache/cayenne/cache/QueryCacheIT.java.QueryCacheIT.testLocalCacheStoresAnImmutableList.Feature Envy,5.0-M1,5.0-M1,5.0-M1,1
cayenne,5.0-M1,org.apache.cayenne.cache,QueryCacheIT,testSharedCacheStoresAnImmutableList,Feature Envy,"designitejava,checkstyle",cayenne/src/test/java/org/apache/cayenne/cache/QueryCacheIT.java,cayenne/src/test/java/org/apache/cayenne/cache/QueryCacheIT.java.QueryCacheIT.testSharedCacheStoresAnImmutableList.Feature Envy,5.0-M1,5.0-M1,5.0-M1,1
cayenne,5.0-M1,org.apache.cayenne.datasource,PoolingDataSource_FailingValidationQueryIT,testConstructor,Feature Envy,"designitejava,checkstyle",cayenne/src/test/java/org/apache/cayenne/datasource/PoolingDataSource_FailingValidationQueryIT.java,cayenne/src/test/java/org/apache/cayenne/datasource/PoolingDataSource_FailingValidationQueryIT.java.PoolingDataSource_FailingValidationQueryIT.testConstructor.Feature Envy,5.0-M1,5.0-M1,5.0-M1,1
cayenne,5.0-M1,org.apache.cayenne.dba,AutoAdapterIT,testCorrectProxyMethods,Feature Envy,"designitejava,checkstyle",cayenne/src/test/java/org/apache/cayenne/dba/AutoAdapterIT.java,cayenne/src/test/java/org/apache/cayenne/dba/AutoAdapterIT.java.AutoAdapterIT.testCorrectProxyMethods.Feature Envy,5.0-M1,5.0-M1,5.0-M1,1
cayenne,5.0-M1,org.apache.cayenne.exp,ExpressionFactoryIT,testCollectionMatch,Feature Envy,"designitejava,checkstyle",cayenne/src/test/java/org/apache/cayenne/exp/ExpressionFactoryIT.java,cayenne/src/test/java/org/apache/cayenne/exp/ExpressionFactoryIT.java.ExpressionFactoryIT.testCollectionMatch.Feature Envy,5.0-M1,5.0-M1,5.0-M1,1
cayenne,5.0-M1,org.apache.cayenne.exp,ExpressionFactoryIT,testContains_Escape,Feature Envy,"designitejava,checkstyle",cayenne/src/test/java/org/apache/cayenne/exp/ExpressionFactoryIT.java,cayenne/src/test/java/org/apache/cayenne/exp/ExpressionFactoryIT.java.ExpressionFactoryIT.testContains_Escape.Feature Envy,5.0-M1,5.0-M1,5.0-M1,1
cayenne,5.0-M1,org.apache.cayenne.exp,ExpressionFactoryIT,testEscapeCharacter,Feature Envy,"designitejava,checkstyle",cayenne/src/test/java/org/apache/cayenne/exp/ExpressionFactoryIT.java,cayenne/src/test/java/org/apache/cayenne/exp/ExpressionFactoryIT.java.ExpressionFactoryIT.testEscapeCharacter.Feature Envy,5.0-M1,5.0-M1,5.0-M1,1
cayenne,5.0-M1,org.apache.cayenne.exp,ExpressionFactoryIT,testSplitExpressions,Feature Envy,"designitejava,checkstyle",cayenne/src/test/java/org/apache/cayenne/exp/ExpressionFactoryIT.java,cayenne/src/test/java/org/apache/cayenne/exp/ExpressionFactoryIT.java.ExpressionFactoryIT.testSplitExpressions.Feature Envy,5.0-M1,5.0-M1,5.0-M1,1
cayenne,5.0-M1,org.apache.cayenne.exp,ExpressionFactoryIT,testSplitExpressions_EndsWithRelationship,Feature Envy,"designitejava,checkstyle",cayenne/src/test/java/org/apache/cayenne/exp/ExpressionFactoryIT.java,cayenne/src/test/java/org/apache/cayenne/exp/ExpressionFactoryIT.java.ExpressionFactoryIT.testSplitExpressions_EndsWithRelationship.Feature Envy,5.0-M1,5.0-M1,5.0-M1,1
cayenne,5.0-M1,org.apache.cayenne.exp,ExpressionFactoryIT,testSplitExpressions_EndsWithRelationship_DifferentObjDbPath,Feature Envy,"designitejava,checkstyle",cayenne/src/test/java/org/apache/cayenne/exp/ExpressionFactoryIT.java,cayenne/src/test/java/org/apache/cayenne/exp/ExpressionFactoryIT.java.ExpressionFactoryIT.testSplitExpressions_EndsWithRelationship_DifferentObjDbPath.Feature Envy,5.0-M1,5.0-M1,5.0-M1,1
cayenne,5.0-M1,org.apache.cayenne.exp,ExpressionFactoryIT,testSplitExpressions_EndsWithRelationship_Flattened,Feature Envy,"designitejava,checkstyle",cayenne/src/test/java/org/apache/cayenne/exp/ExpressionFactoryIT.java,cayenne/src/test/java/org/apache/cayenne/exp/ExpressionFactoryIT.java.ExpressionFactoryIT.testSplitExpressions_EndsWithRelationship_Flattened.Feature Envy,5.0-M1,5.0-M1,5.0-M1,1
cayenne,5.0-M1,org.apache.cayenne.exp.parser,ASTDbPathIT,testEvaluate_Related_PersistentObject,Feature Envy,"designitejava,checkstyle",cayenne/src/test/java/org/apache/cayenne/exp/parser/ASTDbPathIT.java,cayenne/src/test/java/org/apache/cayenne/exp/parser/ASTDbPathIT.java.ASTDbPathIT.testEvaluate_Related_PersistentObject.Feature Envy,5.0-M1,5.0-M1,5.0-M1,1
cayenne,5.0-M1,org.apache.cayenne.exp.parser,ASTEqualIT,testEvaluate_Id,Feature Envy,"designitejava,checkstyle",cayenne/src/test/java/org/apache/cayenne/exp/parser/ASTEqualIT.java,cayenne/src/test/java/org/apache/cayenne/exp/parser/ASTEqualIT.java.ASTEqualIT.testEvaluate_Id.Feature Envy,5.0-M1,5.0-M1,5.0-M1,1
cayenne,5.0-M1,org.apache.cayenne.exp.parser,ASTEqualIT,testEvaluate_PersistentObject,Feature Envy,"designitejava,checkstyle",cayenne/src/test/java/org/apache/cayenne/exp/parser/ASTEqualIT.java,cayenne/src/test/java/org/apache/cayenne/exp/parser/ASTEqualIT.java.ASTEqualIT.testEvaluate_PersistentObject.Feature Envy,5.0-M1,5.0-M1,5.0-M1,1
cayenne,5.0-M1,org.apache.cayenne.exp.parser,ASTExtractIT,createDataSet,Feature Envy,"designitejava,checkstyle",cayenne/src/test/java/org/apache/cayenne/exp/parser/ASTExtractIT.java,cayenne/src/test/java/org/apache/cayenne/exp/parser/ASTExtractIT.java.ASTExtractIT.createDataSet.Feature Envy,5.0-M1,5.0-M1,5.0-M1,1
cayenne,5.0-M1,org.apache.cayenne.exp.parser,ASTFunctionCallDateIT,createDataSet,Feature Envy,"designitejava,checkstyle",cayenne/src/test/java/org/apache/cayenne/exp/parser/ASTFunctionCallDateIT.java,cayenne/src/test/java/org/apache/cayenne/exp/parser/ASTFunctionCallDateIT.java.ASTFunctionCallDateIT.createDataSet.Feature Envy,5.0-M1,5.0-M1,5.0-M1,1
cayenne,5.0-M1,org.apache.cayenne.exp.parser,ExpressionCollectionEvaluationIT,testExpression,Feature Envy,"designitejava,checkstyle",cayenne/src/test/java/org/apache/cayenne/exp/parser/ExpressionCollectionEvaluationIT.java,cayenne/src/test/java/org/apache/cayenne/exp/parser/ExpressionCollectionEvaluationIT.java.ExpressionCollectionEvaluationIT.testExpression.Feature Envy,5.0-M1,5.0-M1,5.0-M1,1
cayenne,5.0-M1,org.apache.cayenne.exp.property,IdPropertyIT,filterByObjectId,Feature Envy,"designitejava,checkstyle",cayenne/src/test/java/org/apache/cayenne/exp/property/IdPropertyIT.java,cayenne/src/test/java/org/apache/cayenne/exp/property/IdPropertyIT.java.IdPropertyIT.filterByObjectId.Feature Envy,5.0-M1,5.0-M1,5.0-M1,1
cayenne,5.0-M1,org.apache.cayenne.map,AnnotationIT,testWorkCallback,Feature Envy,"designitejava,checkstyle",cayenne/src/test/java/org/apache/cayenne/map/AnnotationIT.java,cayenne/src/test/java/org/apache/cayenne/map/AnnotationIT.java.AnnotationIT.testWorkCallback.Feature Envy,5.0-M1,5.0-M1,5.0-M1,1
cayenne,5.0-M1,org.apache.cayenne.query,ColumnSelectIT,,God Class,"pmd,checkstyle",cayenne/src/test/java/org/apache/cayenne/query/ColumnSelectIT.java,cayenne/src/test/java/org/apache/cayenne/query/ColumnSelectIT.java.ColumnSelectIT..God Class,5.0-M1,5.0-M1,5.0-M1,1
cayenne,5.0-M1,org.apache.cayenne.query,ColumnSelectIT,test2Objects2Pk,Feature Envy,"designitejava,checkstyle",cayenne/src/test/java/org/apache/cayenne/query/ColumnSelectIT.java,cayenne/src/test/java/org/apache/cayenne/query/ColumnSelectIT.java.ColumnSelectIT.test2Objects2Pk.Feature Envy,5.0-M1,5.0-M1,5.0-M1,1
cayenne,5.0-M1,org.apache.cayenne.query,EJBQLQueryIT,testOrBrackets,Feature Envy,"designitejava,checkstyle",cayenne/src/test/java/org/apache/cayenne/query/EJBQLQueryIT.java,cayenne/src/test/java/org/apache/cayenne/query/EJBQLQueryIT.java.EJBQLQueryIT.testOrBrackets.Feature Envy,5.0-M1,5.0-M1,5.0-M1,1
cayenne,5.0-M1,org.apache.cayenne.query,EJBQLQueryIT,testRelationshipWhereClause,Feature Envy,"designitejava,checkstyle",cayenne/src/test/java/org/apache/cayenne/query/EJBQLQueryIT.java,cayenne/src/test/java/org/apache/cayenne/query/EJBQLQueryIT.java.EJBQLQueryIT.testRelationshipWhereClause.Feature Envy,5.0-M1,5.0-M1,5.0-M1,1
cayenne,5.0-M1,org.apache.cayenne.query,ProcedureCallIT,createArtist,Feature Envy,"designitejava,checkstyle",cayenne/src/test/java/org/apache/cayenne/query/ProcedureCallIT.java,cayenne/src/test/java/org/apache/cayenne/query/ProcedureCallIT.java.ProcedureCallIT.createArtist.Feature Envy,5.0-M1,5.0-M1,5.0-M1,1
cayenne,5.0-M1,org.apache.cayenne.query,QueryTimeoutIT,testMappedSelect,Feature Envy,"designitejava,checkstyle",cayenne/src/test/java/org/apache/cayenne/query/QueryTimeoutIT.java,cayenne/src/test/java/org/apache/cayenne/query/QueryTimeoutIT.java.QueryTimeoutIT.testMappedSelect.Feature Envy,5.0-M1,5.0-M1,5.0-M1,1
cayenne,5.0-M1,org.apache.cayenne.query,SQLTemplateIT,testSQLTemplate_PositionalParams,Feature Envy,"designitejava,checkstyle",cayenne/src/test/java/org/apache/cayenne/query/SQLTemplateIT.java,cayenne/src/test/java/org/apache/cayenne/query/SQLTemplateIT.java.SQLTemplateIT.testSQLTemplate_PositionalParams.Feature Envy,5.0-M1,5.0-M1,5.0-M1,1
cayenne,5.0-M1,org.apache.cayenne.query,SQLTemplateIT,testSQLTemplate_PositionalParams_RepeatingVars,Feature Envy,"designitejava,checkstyle",cayenne/src/test/java/org/apache/cayenne/query/SQLTemplateIT.java,cayenne/src/test/java/org/apache/cayenne/query/SQLTemplateIT.java.SQLTemplateIT.testSQLTemplate_PositionalParams_RepeatingVars.Feature Envy,5.0-M1,5.0-M1,5.0-M1,1
cayenne,5.0-M1,org.apache.cayenne.reflect,LifecycleCallbackOrderIT,testLifecycleCallbackOrder,Feature Envy,"designitejava,checkstyle",cayenne/src/test/java/org/apache/cayenne/reflect/LifecycleCallbackOrderIT.java,cayenne/src/test/java/org/apache/cayenne/reflect/LifecycleCallbackOrderIT.java.LifecycleCallbackOrderIT.testLifecycleCallbackOrder.Feature Envy,5.0-M1,5.0-M1,5.0-M1,1
cayenne,5.0-M1,org.apache.cayenne.reflect,LifecycleCallbackRegistryIT,testAddListener_PostAdd,Feature Envy,"designitejava,checkstyle",cayenne/src/test/java/org/apache/cayenne/reflect/LifecycleCallbackRegistryIT.java,cayenne/src/test/java/org/apache/cayenne/reflect/LifecycleCallbackRegistryIT.java.LifecycleCallbackRegistryIT.testAddListener_PostAdd.Feature Envy,5.0-M1,5.0-M1,5.0-M1,1
cayenne,5.0-M1,org.apache.cayenne.reflect,LifecycleCallbackRegistryIT,testAddListener_PostAdd_InheritedListenerMethods,Feature Envy,"designitejava,checkstyle",cayenne/src/test/java/org/apache/cayenne/reflect/LifecycleCallbackRegistryIT.java,cayenne/src/test/java/org/apache/cayenne/reflect/LifecycleCallbackRegistryIT.java.LifecycleCallbackRegistryIT.testAddListener_PostAdd_InheritedListenerMethods.Feature Envy,5.0-M1,5.0-M1,5.0-M1,1
cayenne,5.0-M1,org.apache.cayenne.reflect,LifecycleCallbackRegistry_InheritanceIT,testAddListener_PostAdd_EntityInheritance,Feature Envy,"designitejava,checkstyle",cayenne/src/test/java/org/apache/cayenne/reflect/LifecycleCallbackRegistry_InheritanceIT.java,cayenne/src/test/java/org/apache/cayenne/reflect/LifecycleCallbackRegistry_InheritanceIT.java.LifecycleCallbackRegistry_InheritanceIT.testAddListener_PostAdd_EntityInheritance.Feature Envy,5.0-M1,5.0-M1,5.0-M1,1
cayenne,5.0-M1,org.apache.cayenne.runtime,CayenneRuntimeBuilderIT,tesConfigFree_WithDBParams,Feature Envy,"designitejava,checkstyle",cayenne/src/test/java/org/apache/cayenne/runtime/CayenneRuntimeBuilderIT.java,cayenne/src/test/java/org/apache/cayenne/runtime/CayenneRuntimeBuilderIT.java.CayenneRuntimeBuilderIT.tesConfigFree_WithDBParams.Feature Envy,5.0-M1,5.0-M1,5.0-M1,1
cayenne,5.0-M1,org.apache.cayenne.runtime,CayenneRuntimeBuilderIT,testConfigFree_WithDBParams,Feature Envy,"designitejava,checkstyle",cayenne/src/test/java/org/apache/cayenne/runtime/CayenneRuntimeBuilderIT.java,cayenne/src/test/java/org/apache/cayenne/runtime/CayenneRuntimeBuilderIT.java.CayenneRuntimeBuilderIT.testConfigFree_WithDBParams.Feature Envy,5.0-M1,5.0-M1,5.0-M1,1
cayenne,5.0-M1,org.apache.cayenne.testdo.return_types.auto,_ReturnTypesMap1,,God Class,"pmd,checkstyle",cayenne/src/test/java/org/apache/cayenne/testdo/return_types/auto/_ReturnTypesMap1.java,cayenne/src/test/java/org/apache/cayenne/testdo/return_types/auto/_ReturnTypesMap1.java._ReturnTypesMap1..God Class,5.0-M1,5.0-M1,5.0-M1,1
cayenne,5.0-M1,org.apache.cayenne.testdo.return_types.auto,_ReturnTypesMap1,readPropertyDirectly,Complex Method,"designitejava,checkstyle",cayenne/src/test/java/org/apache/cayenne/testdo/return_types/auto/_ReturnTypesMap1.java,cayenne/src/test/java/org/apache/cayenne/testdo/return_types/auto/_ReturnTypesMap1.java._ReturnTypesMap1.readPropertyDirectly.Complex Method,5.0-M1,5.0-M1,5.0-M1,1
cayenne,5.0-M1,org.apache.cayenne.testdo.return_types.auto,_ReturnTypesMap1,writePropertyDirectly,Complex Method,"designitejava,checkstyle",cayenne/src/test/java/org/apache/cayenne/testdo/return_types/auto/_ReturnTypesMap1.java,cayenne/src/test/java/org/apache/cayenne/testdo/return_types/auto/_ReturnTypesMap1.java._ReturnTypesMap1.writePropertyDirectly.Complex Method,5.0-M1,5.0-M1,5.0-M1,1
cayenne,5.0-M1,org.apache.cayenne.testdo.testmap.auto,_CompoundPaintingLongNames,readPropertyDirectly,Complex Method,"designitejava,checkstyle",cayenne/src/test/java/org/apache/cayenne/testdo/testmap/auto/_CompoundPaintingLongNames.java,cayenne/src/test/java/org/apache/cayenne/testdo/testmap/auto/_CompoundPaintingLongNames.java._CompoundPaintingLongNames.readPropertyDirectly.Complex Method,5.0-M1,5.0-M1,5.0-M1,1
cayenne,5.0-M1,org.apache.cayenne.testdo.testmap.auto,_CompoundPaintingLongNames,writePropertyDirectly,Complex Method,"designitejava,checkstyle",cayenne/src/test/java/org/apache/cayenne/testdo/testmap/auto/_CompoundPaintingLongNames.java,cayenne/src/test/java/org/apache/cayenne/testdo/testmap/auto/_CompoundPaintingLongNames.java._CompoundPaintingLongNames.writePropertyDirectly.Complex Method,5.0-M1,5.0-M1,5.0-M1,1
cayenne,5.0-M1,org.apache.cayenne.unit.di.runtime,RuntimeCaseDataSourceDescriptorProvider,applyOverrides,Complex Method,"designitejava,checkstyle",cayenne/src/test/java/org/apache/cayenne/unit/di/runtime/RuntimeCaseDataSourceDescriptorProvider.java,cayenne/src/test/java/org/apache/cayenne/unit/di/runtime/RuntimeCaseDataSourceDescriptorProvider.java.RuntimeCaseDataSourceDescriptorProvider.applyOverrides.Complex Method,5.0-M1,5.0-M1,5.0-M1,1
cayenne,5.0-M1,org.apache.cayenne.unit.di.runtime,RuntimeCaseDataSourceFactory,createDataSource,Feature Envy,"designitejava,checkstyle",cayenne/src/test/java/org/apache/cayenne/unit/di/runtime/RuntimeCaseDataSourceFactory.java,cayenne/src/test/java/org/apache/cayenne/unit/di/runtime/RuntimeCaseDataSourceFactory.java.RuntimeCaseDataSourceFactory.createDataSource.Feature Envy,5.0-M1,5.0-M1,5.0-M1,1
cayenne,5.0-M1,org.apache.cayenne.unit.di.runtime,SchemaBuilder,excludeEntities,Complex Method,"designitejava,pmd,checkstyle",cayenne/src/test/java/org/apache/cayenne/unit/di/runtime/SchemaBuilder.java,cayenne/src/test/java/org/apache/cayenne/unit/di/runtime/SchemaBuilder.java.SchemaBuilder.excludeEntities.Complex Method,5.0-M1,5.0-M1,5.0-M1,1
cayenne,5.0-M1,org.apache.cayenne.unit.jira,CAY_194IT,testQualifyOnToMany,Feature Envy,"designitejava,checkstyle",cayenne/src/test/java/org/apache/cayenne/unit/jira/CAY_194IT.java,cayenne/src/test/java/org/apache/cayenne/unit/jira/CAY_194IT.java.CAY_194IT.testQualifyOnToMany.Feature Envy,5.0-M1,5.0-M1,5.0-M1,1
cayenne,5.0-M1,org.apache.cayenne.unit.jira,CAY_194IT,testQualifyOnToOne,Feature Envy,"designitejava,checkstyle",cayenne/src/test/java/org/apache/cayenne/unit/jira/CAY_194IT.java,cayenne/src/test/java/org/apache/cayenne/unit/jira/CAY_194IT.java.CAY_194IT.testQualifyOnToOne.Feature Envy,5.0-M1,5.0-M1,5.0-M1,1
cayenne,5.0-M1,org.apache.cayenne.value.json,JsonTypeIT,testJsonOther,Feature Envy,"designitejava,checkstyle",cayenne/src/test/java/org/apache/cayenne/value/json/JsonTypeIT.java,cayenne/src/test/java/org/apache/cayenne/value/json/JsonTypeIT.java.JsonTypeIT.testJsonOther.Feature Envy,5.0-M1,5.0-M1,5.0-M1,1
cayenne,5.0-M1,org.apache.cayenne.value.json,JsonTypeIT,testJsonVarchar,Feature Envy,"designitejava,checkstyle",cayenne/src/test/java/org/apache/cayenne/value/json/JsonTypeIT.java,cayenne/src/test/java/org/apache/cayenne/value/json/JsonTypeIT.java.JsonTypeIT.testJsonVarchar.Feature Envy,5.0-M1,5.0-M1,5.0-M1,1
cayenne,4.0.B1,org.apache.cayenne.event,JMSBridge,shutdownExternal,Complex Method,"pmd,checkstyle",eventbridges/cayenne-jms/src/main/java/org/apache/cayenne/event/JMSBridge.java,eventbridges/cayenne-jms/src/main/java/org/apache/cayenne/event/JMSBridge.java.JMSBridge.shutdownExternal.Complex Method,4.0.B1,4.1.M1,4.1.B1,5
cayenne,3.1M1,org.apache.cayenne.di.spi,ConstructorInjectingProvider,initConstructor,Complex Method,"designitejava,pmd,checkstyle",framework/cayenne-di-unpublished/src/main/java/org/apache/cayenne/di/spi/ConstructorInjectingProvider.java,framework/cayenne-di-unpublished/src/main/java/org/apache/cayenne/di/spi/ConstructorInjectingProvider.java.ConstructorInjectingProvider.initConstructor.Complex Method,3.1M1,3.2M1,4.0.M2,6
cayenne,3.1B1,org.apache.cayenne.di.spi,DefaultAdhocObjectFactory,getJavaClass,Complex Method,"designitejava,pmd,checkstyle",framework/cayenne-di-unpublished/src/main/java/org/apache/cayenne/di/spi/DefaultAdhocObjectFactory.java,framework/cayenne-di-unpublished/src/main/java/org/apache/cayenne/di/spi/DefaultAdhocObjectFactory.java.DefaultAdhocObjectFactory.getJavaClass.Complex Method,3.1B1,3.2M1,4.0.M2,5
cayenne,3.1B1,org.apache.cayenne,BaseContext,localObject,Complex Method,"pmd,checkstyle",framework/cayenne-jdk1.5-unpublished/src/main/java/org/apache/cayenne/BaseContext.java,framework/cayenne-jdk1.5-unpublished/src/main/java/org/apache/cayenne/BaseContext.java.BaseContext.localObject.Complex Method,3.1B1,3.1.1,3.2M1,4
cayenne,3.0B1,org.apache.cayenne,BaseContext,prepareForAccess,Complex Method,"designitejava,pmd",framework/cayenne-jdk1.5-unpublished/src/main/java/org/apache/cayenne/BaseContext.java,framework/cayenne-jdk1.5-unpublished/src/main/java/org/apache/cayenne/BaseContext.java.BaseContext.prepareForAccess.Complex Method,3.0B1,3.2M1,4.0.M2,10
cayenne,3.1M1,org.apache.cayenne,Cayenne,readNestedProperty,Complex Method,"designitejava,pmd,checkstyle",framework/cayenne-jdk1.5-unpublished/src/main/java/org/apache/cayenne/Cayenne.java,framework/cayenne-jdk1.5-unpublished/src/main/java/org/apache/cayenne/Cayenne.java.Cayenne.readNestedProperty.Complex Method,3.1M1,3.2M1,4.0.M2,6
cayenne,3.0B1,org.apache.cayenne,CayenneContext,doCommitChanges,Complex Method,"designitejava,pmd,checkstyle",framework/cayenne-jdk1.5-unpublished/src/main/java/org/apache/cayenne/CayenneContext.java,framework/cayenne-jdk1.5-unpublished/src/main/java/org/apache/cayenne/CayenneContext.java.CayenneContext.doCommitChanges.Complex Method,3.0B1,3.2M1,4.0.M2,10
cayenne,3.0B1,org.apache.cayenne,CayenneContext,localObject,Complex Method,"pmd,checkstyle",framework/cayenne-jdk1.5-unpublished/src/main/java/org/apache/cayenne/CayenneContext.java,framework/cayenne-jdk1.5-unpublished/src/main/java/org/apache/cayenne/CayenneContext.java.CayenneContext.localObject.Complex Method,3.0B1,3.1M1,3.1B1,5
cayenne,3.0B1,org.apache.cayenne,CayenneDataObject,,God Class,"pmd,checkstyle",framework/cayenne-jdk1.5-unpublished/src/main/java/org/apache/cayenne/CayenneDataObject.java,framework/cayenne-jdk1.5-unpublished/src/main/java/org/apache/cayenne/CayenneDataObject.java.CayenneDataObject..God Class,3.0B1,3.2M1,4.0.M2,10
cayenne,3.0B1,org.apache.cayenne,CayenneDataObject,readNestedProperty,Complex Method,"designitejava,pmd",framework/cayenne-jdk1.5-unpublished/src/main/java/org/apache/cayenne/CayenneDataObject.java,framework/cayenne-jdk1.5-unpublished/src/main/java/org/apache/cayenne/CayenneDataObject.java.CayenneDataObject.readNestedProperty.Complex Method,3.0B1,3.2M1,4.0.M2,10
cayenne,3.0B1,org.apache.cayenne,CayenneDataObject,validateForSave,Complex Method,"designitejava,pmd,checkstyle",framework/cayenne-jdk1.5-unpublished/src/main/java/org/apache/cayenne/CayenneDataObject.java,framework/cayenne-jdk1.5-unpublished/src/main/java/org/apache/cayenne/CayenneDataObject.java.CayenneDataObject.validateForSave.Complex Method,3.0B1,3.2M1,4.0.M2,10
cayenne,3.0B1,org.apache.cayenne,ObjectContextChangeLog,unregisterNode,Complex Method,"designitejava,pmd",framework/cayenne-jdk1.5-unpublished/src/main/java/org/apache/cayenne/ObjectContextChangeLog.java,framework/cayenne-jdk1.5-unpublished/src/main/java/org/apache/cayenne/ObjectContextChangeLog.java.ObjectContextChangeLog.unregisterNode.Complex Method,3.0B1,3.2M1,4.0.M2,10
cayenne,3.1M1,org.apache.cayenne,ObjectContextDeleteAction,processDeleteRules,Complex Method,"designitejava,pmd,checkstyle",framework/cayenne-jdk1.5-unpublished/src/main/java/org/apache/cayenne/ObjectContextDeleteAction.java,framework/cayenne-jdk1.5-unpublished/src/main/java/org/apache/cayenne/ObjectContextDeleteAction.java.ObjectContextDeleteAction.processDeleteRules.Complex Method,3.1M1,3.2M1,4.0.M2,6
cayenne,3.0B1,org.apache.cayenne,ObjectContextDeleteAction,processRules,Complex Method,"designitejava,pmd,checkstyle",framework/cayenne-jdk1.5-unpublished/src/main/java/org/apache/cayenne/ObjectContextDeleteAction.java,framework/cayenne-jdk1.5-unpublished/src/main/java/org/apache/cayenne/ObjectContextDeleteAction.java.ObjectContextDeleteAction.processRules.Complex Method,3.0B1,3.0.1,3.1M1,4
cayenne,3.0B1,org.apache.cayenne,ObjectId,equals,Complex Method,"designitejava,pmd,checkstyle",framework/cayenne-jdk1.5-unpublished/src/main/java/org/apache/cayenne/ObjectId.java,framework/cayenne-jdk1.5-unpublished/src/main/java/org/apache/cayenne/ObjectId.java.ObjectId.equals.Complex Method,3.0B1,3.2M1,4.0.M2,10
cayenne,3.0B1,org.apache.cayenne,ObjectId,hashCode,Complex Method,"designitejava,pmd",framework/cayenne-jdk1.5-unpublished/src/main/java/org/apache/cayenne/ObjectId.java,framework/cayenne-jdk1.5-unpublished/src/main/java/org/apache/cayenne/ObjectId.java.ObjectId.hashCode.Complex Method,3.0B1,3.2M1,4.0.M2,10
cayenne,3.0B1,org.apache.cayenne.access,ClientServerChannelQueryAction,interceptObjectConversion,Feature Envy,"designitejava,checkstyle",framework/cayenne-jdk1.5-unpublished/src/main/java/org/apache/cayenne/access/ClientServerChannelQueryAction.java,framework/cayenne-jdk1.5-unpublished/src/main/java/org/apache/cayenne/access/ClientServerChannelQueryAction.java.ClientServerChannelQueryAction.interceptObjectConversion.Feature Envy,3.0B1,3.2M1,4.0.M2,10
cayenne,3.0B1,org.apache.cayenne.access,DataContext,,God Class,"pmd,checkstyle",framework/cayenne-jdk1.5-unpublished/src/main/java/org/apache/cayenne/access/DataContext.java,framework/cayenne-jdk1.5-unpublished/src/main/java/org/apache/cayenne/access/DataContext.java.DataContext..God Class,3.0B1,3.2M1,4.0.M2,10
cayenne,3.0B1,org.apache.cayenne.access,DataContext,currentSnapshot,Complex Method,"designitejava,pmd",framework/cayenne-jdk1.5-unpublished/src/main/java/org/apache/cayenne/access/DataContext.java,framework/cayenne-jdk1.5-unpublished/src/main/java/org/apache/cayenne/access/DataContext.java.DataContext.currentSnapshot.Complex Method,3.0B1,3.2M1,4.0.M2,10
cayenne,3.0B1,org.apache.cayenne.access,DataContext,localObject,Complex Method,"pmd,checkstyle",framework/cayenne-jdk1.5-unpublished/src/main/java/org/apache/cayenne/access/DataContext.java,framework/cayenne-jdk1.5-unpublished/src/main/java/org/apache/cayenne/access/DataContext.java.DataContext.localObject.Complex Method,3.0B1,3.1M1,3.1B1,5
cayenne,3.0B1,org.apache.cayenne.access,DataContext,registerNewObject,Complex Method,"designitejava,pmd",framework/cayenne-jdk1.5-unpublished/src/main/java/org/apache/cayenne/access/DataContext.java,framework/cayenne-jdk1.5-unpublished/src/main/java/org/apache/cayenne/access/DataContext.java.DataContext.registerNewObject.Complex Method,3.0B1,3.2M1,4.0.M2,10
cayenne,3.0B1,org.apache.cayenne.access,DataContextDeleteAction,processDeleteRules,Complex Method,"designitejava,pmd,checkstyle",framework/cayenne-jdk1.5-unpublished/src/main/java/org/apache/cayenne/access/DataContextDeleteAction.java,framework/cayenne-jdk1.5-unpublished/src/main/java/org/apache/cayenne/access/DataContextDeleteAction.java.DataContextDeleteAction.processDeleteRules.Complex Method,3.0B1,3.0.1,3.1M1,4
cayenne,3.0B1,org.apache.cayenne.access,DataDomain,,God Class,"pmd,checkstyle",framework/cayenne-jdk1.5-unpublished/src/main/java/org/apache/cayenne/access/DataDomain.java,framework/cayenne-jdk1.5-unpublished/src/main/java/org/apache/cayenne/access/DataDomain.java.DataDomain..God Class,3.0B1,3.2M1,4.0.M2,10
cayenne,3.1B1,org.apache.cayenne.access,DataDomain,lookupDataNode,Complex Method,"designitejava,pmd",framework/cayenne-jdk1.5-unpublished/src/main/java/org/apache/cayenne/access/DataDomain.java,framework/cayenne-jdk1.5-unpublished/src/main/java/org/apache/cayenne/access/DataDomain.java.DataDomain.lookupDataNode.Complex Method,3.1B1,3.2M1,4.0.M2,5
cayenne,3.0B1,org.apache.cayenne.access,DataDomainDeleteBucket,appendQueriesInternal,Complex Method,"designitejava,pmd",framework/cayenne-jdk1.5-unpublished/src/main/java/org/apache/cayenne/access/DataDomainDeleteBucket.java,framework/cayenne-jdk1.5-unpublished/src/main/java/org/apache/cayenne/access/DataDomainDeleteBucket.java.DataDomainDeleteBucket.appendQueriesInternal.Complex Method,3.0B1,3.2M1,4.0.M2,10
cayenne,3.0B1,org.apache.cayenne.access,DataDomainFlushObserver,nextGeneratedRows,Complex Method,"designitejava,checkstyle",framework/cayenne-jdk1.5-unpublished/src/main/java/org/apache/cayenne/access/DataDomainFlushObserver.java,framework/cayenne-jdk1.5-unpublished/src/main/java/org/apache/cayenne/access/DataDomainFlushObserver.java.DataDomainFlushObserver.nextGeneratedRows.Complex Method,3.0B1,3.2M1,4.0.M2,10
cayenne,3.0B1,org.apache.cayenne.access,DataDomainInsertBucket,createPermIds,Complex Method,"designitejava,pmd,checkstyle",framework/cayenne-jdk1.5-unpublished/src/main/java/org/apache/cayenne/access/DataDomainInsertBucket.java,framework/cayenne-jdk1.5-unpublished/src/main/java/org/apache/cayenne/access/DataDomainInsertBucket.java.DataDomainInsertBucket.createPermIds.Complex Method,3.0B1,3.2M1,4.0.M2,10
cayenne,3.0B1,org.apache.cayenne.access,DataDomainQueryAction,,God Class,"pmd,checkstyle",framework/cayenne-jdk1.5-unpublished/src/main/java/org/apache/cayenne/access/DataDomainQueryAction.java,framework/cayenne-jdk1.5-unpublished/src/main/java/org/apache/cayenne/access/DataDomainQueryAction.java.DataDomainQueryAction..God Class,3.0B1,3.2M1,4.0.M2,10
cayenne,3.0B1,org.apache.cayenne.access,DataDomainQueryAction,interceptRefreshQuery,Complex Method,"designitejava,pmd,checkstyle",framework/cayenne-jdk1.5-unpublished/src/main/java/org/apache/cayenne/access/DataDomainQueryAction.java,framework/cayenne-jdk1.5-unpublished/src/main/java/org/apache/cayenne/access/DataDomainQueryAction.java.DataDomainQueryAction.interceptRefreshQuery.Complex Method,3.0B1,3.2M1,4.0.M2,10
cayenne,3.0B1,org.apache.cayenne.access,DataDomainQueryAction,interceptRelationshipQuery,Complex Method,"designitejava,pmd",framework/cayenne-jdk1.5-unpublished/src/main/java/org/apache/cayenne/access/DataDomainQueryAction.java,framework/cayenne-jdk1.5-unpublished/src/main/java/org/apache/cayenne/access/DataDomainQueryAction.java.DataDomainQueryAction.interceptRelationshipQuery.Complex Method,3.0B1,3.2M1,4.0.M2,10
cayenne,3.1B1,org.apache.cayenne.access,DataDomainSyncBucket,groupObjEntitiesBySpannedDbEntities,Complex Method,"designitejava,pmd",framework/cayenne-jdk1.5-unpublished/src/main/java/org/apache/cayenne/access/DataDomainSyncBucket.java,framework/cayenne-jdk1.5-unpublished/src/main/java/org/apache/cayenne/access/DataDomainSyncBucket.java.DataDomainSyncBucket.groupObjEntitiesBySpannedDbEntities.Complex Method,3.1B1,3.2M1,4.0.M2,5
cayenne,3.0B1,org.apache.cayenne.access,DataDomainSyncBucket,postprocess,Complex Method,"designitejava,pmd,checkstyle",framework/cayenne-jdk1.5-unpublished/src/main/java/org/apache/cayenne/access/DataDomainSyncBucket.java,framework/cayenne-jdk1.5-unpublished/src/main/java/org/apache/cayenne/access/DataDomainSyncBucket.java.DataDomainSyncBucket.postprocess.Complex Method,3.0B1,3.2M1,4.0.M2,10
cayenne,3.0B1,org.apache.cayenne.access,DataDomainSyncBucket,postprocess,Feature Envy,"designitejava,checkstyle",framework/cayenne-jdk1.5-unpublished/src/main/java/org/apache/cayenne/access/DataDomainSyncBucket.java,framework/cayenne-jdk1.5-unpublished/src/main/java/org/apache/cayenne/access/DataDomainSyncBucket.java.DataDomainSyncBucket.postprocess.Feature Envy,3.0B1,3.2M1,4.0.M2,10
cayenne,3.0B1,org.apache.cayenne.access,DataDomainUpdateBucket,appendQueriesInternal,Complex Method,"designitejava,pmd,checkstyle",framework/cayenne-jdk1.5-unpublished/src/main/java/org/apache/cayenne/access/DataDomainUpdateBucket.java,framework/cayenne-jdk1.5-unpublished/src/main/java/org/apache/cayenne/access/DataDomainUpdateBucket.java.DataDomainUpdateBucket.appendQueriesInternal.Complex Method,3.0B1,3.2M1,4.0.M2,10
cayenne,3.0B1,org.apache.cayenne.access,DataNodeSyncQualifierDescriptor,reset,Complex Method,"designitejava,pmd,checkstyle",framework/cayenne-jdk1.5-unpublished/src/main/java/org/apache/cayenne/access/DataNodeSyncQualifierDescriptor.java,framework/cayenne-jdk1.5-unpublished/src/main/java/org/apache/cayenne/access/DataNodeSyncQualifierDescriptor.java.DataNodeSyncQualifierDescriptor.reset.Complex Method,3.0B1,3.2M1,4.0.M2,10
cayenne,3.0B1,org.apache.cayenne.access,DataPort,processInsert,Complex Method,"designitejava,pmd,checkstyle",framework/cayenne-jdk1.5-unpublished/src/main/java/org/apache/cayenne/access/DataPort.java,framework/cayenne-jdk1.5-unpublished/src/main/java/org/apache/cayenne/access/DataPort.java.DataPort.processInsert.Complex Method,3.0B1,3.2M1,4.0.M2,10
cayenne,3.0B1,org.apache.cayenne.access,DataRowStore,,God Class,"pmd,checkstyle",framework/cayenne-jdk1.5-unpublished/src/main/java/org/apache/cayenne/access/DataRowStore.java,framework/cayenne-jdk1.5-unpublished/src/main/java/org/apache/cayenne/access/DataRowStore.java.DataRowStore..God Class,3.0B1,3.2M1,4.0.M2,10
cayenne,3.0B1,org.apache.cayenne.access,DataRowStore,snapshotsUpdatedForObjects,Complex Method,"designitejava,pmd,checkstyle",framework/cayenne-jdk1.5-unpublished/src/main/java/org/apache/cayenne/access/DataRowStore.java,framework/cayenne-jdk1.5-unpublished/src/main/java/org/apache/cayenne/access/DataRowStore.java.DataRowStore.snapshotsUpdatedForObjects.Complex Method,3.0B1,3.2M1,4.0.M2,10
cayenne,3.0B1,org.apache.cayenne.access,DataRowUtils,forceMergeWithSnapshot,Complex Method,"designitejava,pmd",framework/cayenne-jdk1.5-unpublished/src/main/java/org/apache/cayenne/access/DataRowUtils.java,framework/cayenne-jdk1.5-unpublished/src/main/java/org/apache/cayenne/access/DataRowUtils.java.DataRowUtils.forceMergeWithSnapshot.Complex Method,3.0B1,3.2M1,4.0.M2,10
cayenne,3.0B1,org.apache.cayenne.access,DbGenerator,,God Class,"pmd,checkstyle",framework/cayenne-jdk1.5-unpublished/src/main/java/org/apache/cayenne/access/DbGenerator.java,framework/cayenne-jdk1.5-unpublished/src/main/java/org/apache/cayenne/access/DbGenerator.java.DbGenerator..God Class,3.0B1,3.2M1,4.0.M2,10
cayenne,3.0B1,org.apache.cayenne.access,DbGenerator,createConstraintsQueries,Complex Method,"designitejava,pmd,checkstyle",framework/cayenne-jdk1.5-unpublished/src/main/java/org/apache/cayenne/access/DbGenerator.java,framework/cayenne-jdk1.5-unpublished/src/main/java/org/apache/cayenne/access/DbGenerator.java.DbGenerator.createConstraintsQueries.Complex Method,3.0B1,3.2M1,4.0.M2,10
cayenne,3.0B1,org.apache.cayenne.access,DbGenerator,prepareDbEntities,Complex Method,"designitejava,pmd,checkstyle",framework/cayenne-jdk1.5-unpublished/src/main/java/org/apache/cayenne/access/DbGenerator.java,framework/cayenne-jdk1.5-unpublished/src/main/java/org/apache/cayenne/access/DbGenerator.java.DbGenerator.prepareDbEntities.Complex Method,3.0B1,3.2M1,4.0.M2,10
cayenne,3.0B1,org.apache.cayenne.access,DbGenerator,runGenerator,Complex Method,"designitejava,pmd,checkstyle",framework/cayenne-jdk1.5-unpublished/src/main/java/org/apache/cayenne/access/DbGenerator.java,framework/cayenne-jdk1.5-unpublished/src/main/java/org/apache/cayenne/access/DbGenerator.java.DbGenerator.runGenerator.Complex Method,3.0B1,3.2M1,4.0.M2,10
cayenne,3.0B1,org.apache.cayenne.access,DbLoader,,God Class,"pmd,checkstyle",framework/cayenne-jdk1.5-unpublished/src/main/java/org/apache/cayenne/access/DbLoader.java,framework/cayenne-jdk1.5-unpublished/src/main/java/org/apache/cayenne/access/DbLoader.java.DbLoader..God Class,3.0B1,3.2M1,4.0.M2,10
cayenne,3.0B1,org.apache.cayenne.access,DbLoader,loadDbEntities,Complex Method,"designitejava,pmd,checkstyle",framework/cayenne-jdk1.5-unpublished/src/main/java/org/apache/cayenne/access/DbLoader.java,framework/cayenne-jdk1.5-unpublished/src/main/java/org/apache/cayenne/access/DbLoader.java.DbLoader.loadDbEntities.Complex Method,3.0B1,3.2M1,4.0.M2,10
cayenne,3.0B1,org.apache.cayenne.access,DbLoader,loadDbRelationships,Complex Method,"designitejava,pmd,checkstyle",framework/cayenne-jdk1.5-unpublished/src/main/java/org/apache/cayenne/access/DbLoader.java,framework/cayenne-jdk1.5-unpublished/src/main/java/org/apache/cayenne/access/DbLoader.java.DbLoader.loadDbRelationships.Complex Method,3.0B1,3.2M1,4.0.M2,10
cayenne,3.2M1,org.apache.cayenne.access,DbLoader,loadProcedures,Complex Method,"designitejava,pmd,checkstyle",framework/cayenne-jdk1.5-unpublished/src/main/java/org/apache/cayenne/access/DbLoader.java,framework/cayenne-jdk1.5-unpublished/src/main/java/org/apache/cayenne/access/DbLoader.java.DbLoader.loadProcedures.Complex Method,3.2M1,3.2M1,4.0.M2,1
cayenne,3.0B1,org.apache.cayenne.access,DbLoader,loadProceduresFromDB,Complex Method,"designitejava,pmd,checkstyle",framework/cayenne-jdk1.5-unpublished/src/main/java/org/apache/cayenne/access/DbLoader.java,framework/cayenne-jdk1.5-unpublished/src/main/java/org/apache/cayenne/access/DbLoader.java.DbLoader.loadProceduresFromDB.Complex Method,3.0B1,3.1.1,3.2M1,9
cayenne,3.0B1,org.apache.cayenne.access,IncrementalFaultList,checkPageResultConsistency,Complex Method,"designitejava,pmd",framework/cayenne-jdk1.5-unpublished/src/main/java/org/apache/cayenne/access/IncrementalFaultList.java,framework/cayenne-jdk1.5-unpublished/src/main/java/org/apache/cayenne/access/IncrementalFaultList.java.IncrementalFaultList.checkPageResultConsistency.Complex Method,3.0B1,3.2M1,4.0.M2,10
cayenne,3.0B1,org.apache.cayenne.access,IncrementalFaultList,resolveInterval,Complex Method,"designitejava,checkstyle",framework/cayenne-jdk1.5-unpublished/src/main/java/org/apache/cayenne/access/IncrementalFaultList.java,framework/cayenne-jdk1.5-unpublished/src/main/java/org/apache/cayenne/access/IncrementalFaultList.java.IncrementalFaultList.resolveInterval.Complex Method,3.0B1,3.2M1,4.0.M2,10
cayenne,3.0B1,org.apache.cayenne.access,ObjectDiff,addDiff,Complex Method,"designitejava,pmd,checkstyle",framework/cayenne-jdk1.5-unpublished/src/main/java/org/apache/cayenne/access/ObjectDiff.java,framework/cayenne-jdk1.5-unpublished/src/main/java/org/apache/cayenne/access/ObjectDiff.java.ObjectDiff.addDiff.Complex Method,3.0B1,3.2M1,4.0.M2,10
cayenne,3.0B1,org.apache.cayenne.access,ObjectDiff,isNoop,Complex Method,"designitejava,pmd",framework/cayenne-jdk1.5-unpublished/src/main/java/org/apache/cayenne/access/ObjectDiff.java,framework/cayenne-jdk1.5-unpublished/src/main/java/org/apache/cayenne/access/ObjectDiff.java.ObjectDiff.isNoop.Complex Method,3.0B1,3.2M1,4.0.M2,10
cayenne,3.0B1,org.apache.cayenne.access,ObjectStore,,God Class,"pmd,checkstyle",framework/cayenne-jdk1.5-unpublished/src/main/java/org/apache/cayenne/access/ObjectStore.java,framework/cayenne-jdk1.5-unpublished/src/main/java/org/apache/cayenne/access/ObjectStore.java.ObjectStore..God Class,3.0B1,3.2M1,4.0.M2,10
cayenne,3.0B1,org.apache.cayenne.access,ObjectStore,processDeletedID,Complex Method,"designitejava,pmd",framework/cayenne-jdk1.5-unpublished/src/main/java/org/apache/cayenne/access/ObjectStore.java,framework/cayenne-jdk1.5-unpublished/src/main/java/org/apache/cayenne/access/ObjectStore.java.ObjectStore.processDeletedID.Complex Method,3.0B1,3.2M1,4.0.M2,10
cayenne,3.0B1,org.apache.cayenne.access,ObjectStore,registerDiff,Complex Method,"designitejava,pmd",framework/cayenne-jdk1.5-unpublished/src/main/java/org/apache/cayenne/access/ObjectStore.java,framework/cayenne-jdk1.5-unpublished/src/main/java/org/apache/cayenne/access/ObjectStore.java.ObjectStore.registerDiff.Complex Method,3.0B1,3.2M1,4.0.M2,10
cayenne,3.0B1,org.apache.cayenne.access,ObjectStoreGraphDiff,validateAndCheckNoop,Complex Method,"designitejava,pmd,checkstyle",framework/cayenne-jdk1.5-unpublished/src/main/java/org/apache/cayenne/access/ObjectStoreGraphDiff.java,framework/cayenne-jdk1.5-unpublished/src/main/java/org/apache/cayenne/access/ObjectStoreGraphDiff.java.ObjectStoreGraphDiff.validateAndCheckNoop.Complex Method,3.0B1,3.2M1,4.0.M2,10
cayenne,3.0B1,org.apache.cayenne.access,PrefetchProcessorJointNode,buildRowMapping,Complex Method,"designitejava,checkstyle",framework/cayenne-jdk1.5-unpublished/src/main/java/org/apache/cayenne/access/PrefetchProcessorJointNode.java,framework/cayenne-jdk1.5-unpublished/src/main/java/org/apache/cayenne/access/PrefetchProcessorJointNode.java.PrefetchProcessorJointNode.buildRowMapping.Complex Method,3.0B1,3.2M1,4.0.M2,10
cayenne,3.0B1,org.apache.cayenne.access,PrefetchProcessorTreeBuilder,addNode,Complex Method,"designitejava,checkstyle",framework/cayenne-jdk1.5-unpublished/src/main/java/org/apache/cayenne/access/PrefetchProcessorTreeBuilder.java,framework/cayenne-jdk1.5-unpublished/src/main/java/org/apache/cayenne/access/PrefetchProcessorTreeBuilder.java.PrefetchProcessorTreeBuilder.addNode.Complex Method,3.0B1,3.2M1,4.0.M2,10
cayenne,3.0B1,org.apache.cayenne.access,QueryLogger,,God Class,"pmd,checkstyle",framework/cayenne-jdk1.5-unpublished/src/main/java/org/apache/cayenne/access/QueryLogger.java,framework/cayenne-jdk1.5-unpublished/src/main/java/org/apache/cayenne/access/QueryLogger.java.QueryLogger..God Class,3.0B1,3.1.1,3.2M1,9
cayenne,3.0B1,org.apache.cayenne.access,QueryLogger,buildLog,Complex Method,"designitejava,pmd,checkstyle",framework/cayenne-jdk1.5-unpublished/src/main/java/org/apache/cayenne/access/QueryLogger.java,framework/cayenne-jdk1.5-unpublished/src/main/java/org/apache/cayenne/access/QueryLogger.java.QueryLogger.buildLog.Complex Method,3.0B1,3.0.1,3.1M1,4
cayenne,3.0B1,org.apache.cayenne.access,QueryLogger,buildLog,Long Parameter List,"designitejava,checkstyle",framework/cayenne-jdk1.5-unpublished/src/main/java/org/apache/cayenne/access/QueryLogger.java,framework/cayenne-jdk1.5-unpublished/src/main/java/org/apache/cayenne/access/QueryLogger.java.QueryLogger.buildLog.Long Parameter List,3.0B1,3.0.1,3.1M1,4
cayenne,3.0B1,org.apache.cayenne.access,QueryLogger,sqlLiteralForObject,Complex Method,"designitejava,pmd,checkstyle",framework/cayenne-jdk1.5-unpublished/src/main/java/org/apache/cayenne/access/QueryLogger.java,framework/cayenne-jdk1.5-unpublished/src/main/java/org/apache/cayenne/access/QueryLogger.java.QueryLogger.sqlLiteralForObject.Complex Method,3.0B1,3.1.1,3.2M1,9
cayenne,3.0B1,org.apache.cayenne.access.dbsync,SchemaAnalyzer,analyzeSchemas,Complex Method,"designitejava,pmd",framework/cayenne-jdk1.5-unpublished/src/main/java/org/apache/cayenne/access/dbsync/SchemaAnalyzer.java,framework/cayenne-jdk1.5-unpublished/src/main/java/org/apache/cayenne/access/dbsync/SchemaAnalyzer.java.SchemaAnalyzer.analyzeSchemas.Complex Method,3.0B1,3.2M1,4.0.M2,10
cayenne,3.0B1,org.apache.cayenne.access.dbsync,SchemaAnalyzer,compareColumns,Complex Method,"designitejava,pmd,checkstyle",framework/cayenne-jdk1.5-unpublished/src/main/java/org/apache/cayenne/access/dbsync/SchemaAnalyzer.java,framework/cayenne-jdk1.5-unpublished/src/main/java/org/apache/cayenne/access/dbsync/SchemaAnalyzer.java.SchemaAnalyzer.compareColumns.Complex Method,3.0B1,3.2M1,4.0.M2,10
cayenne,3.0B1,org.apache.cayenne.access.dbsync,SchemaAnalyzer,compareTables,Complex Method,"designitejava,pmd,checkstyle",framework/cayenne-jdk1.5-unpublished/src/main/java/org/apache/cayenne/access/dbsync/SchemaAnalyzer.java,framework/cayenne-jdk1.5-unpublished/src/main/java/org/apache/cayenne/access/dbsync/SchemaAnalyzer.java.SchemaAnalyzer.compareTables.Complex Method,3.0B1,3.2M1,4.0.M2,10
cayenne,3.0B1,org.apache.cayenne.access.jdbc,BatchAction,runAsBatch,Feature Envy,"designitejava,checkstyle",framework/cayenne-jdk1.5-unpublished/src/main/java/org/apache/cayenne/access/jdbc/BatchAction.java,framework/cayenne-jdk1.5-unpublished/src/main/java/org/apache/cayenne/access/jdbc/BatchAction.java.BatchAction.runAsBatch.Feature Envy,3.0B1,3.2M1,4.0.M2,10
cayenne,3.0B1,org.apache.cayenne.access.jdbc,BatchAction,runAsIndividualQueries,Complex Method,"designitejava,pmd,checkstyle",framework/cayenne-jdk1.5-unpublished/src/main/java/org/apache/cayenne/access/jdbc/BatchAction.java,framework/cayenne-jdk1.5-unpublished/src/main/java/org/apache/cayenne/access/jdbc/BatchAction.java.BatchAction.runAsIndividualQueries.Complex Method,3.0B1,3.2M1,4.0.M2,10
cayenne,3.0B1,org.apache.cayenne.access.jdbc,BatchAction,runAsIndividualQueries,Feature Envy,"designitejava,checkstyle",framework/cayenne-jdk1.5-unpublished/src/main/java/org/apache/cayenne/access/jdbc/BatchAction.java,framework/cayenne-jdk1.5-unpublished/src/main/java/org/apache/cayenne/access/jdbc/BatchAction.java.BatchAction.runAsIndividualQueries.Feature Envy,3.0B1,3.2M1,4.0.M2,10
cayenne,3.0B1,org.apache.cayenne.access.jdbc,BindDirective,render,Long Parameter List,"designitejava,checkstyle",framework/cayenne-jdk1.5-unpublished/src/main/java/org/apache/cayenne/access/jdbc/BindDirective.java,framework/cayenne-jdk1.5-unpublished/src/main/java/org/apache/cayenne/access/jdbc/BindDirective.java.BindDirective.render.Long Parameter List,3.0B1,3.2M1,4.0.M2,10
cayenne,3.0B1,org.apache.cayenne.access.jdbc,ChainDirective,render,Complex Method,"pmd,checkstyle",framework/cayenne-jdk1.5-unpublished/src/main/java/org/apache/cayenne/access/jdbc/ChainDirective.java,framework/cayenne-jdk1.5-unpublished/src/main/java/org/apache/cayenne/access/jdbc/ChainDirective.java.ChainDirective.render.Complex Method,3.0B1,3.2M1,4.0.M2,10
cayenne,3.0B1,org.apache.cayenne.access.jdbc,DataRowPostProcessor,createPostProcessor,Complex Method,"designitejava,pmd",framework/cayenne-jdk1.5-unpublished/src/main/java/org/apache/cayenne/access/jdbc/DataRowPostProcessor.java,framework/cayenne-jdk1.5-unpublished/src/main/java/org/apache/cayenne/access/jdbc/DataRowPostProcessor.java.DataRowPostProcessor.createPostProcessor.Complex Method,3.0B1,3.2M1,4.0.M2,10
cayenne,3.0B1,org.apache.cayenne.access.jdbc,EJBQLConditionTranslator,,God Class,"pmd,checkstyle",framework/cayenne-jdk1.5-unpublished/src/main/java/org/apache/cayenne/access/jdbc/EJBQLConditionTranslator.java,framework/cayenne-jdk1.5-unpublished/src/main/java/org/apache/cayenne/access/jdbc/EJBQLConditionTranslator.java.EJBQLConditionTranslator..God Class,3.0B1,3.2M1,4.0.M2,10
cayenne,3.0.1,org.apache.cayenne.access.jdbc,EJBQLConditionTranslator,checkNullParameter,Feature Envy,"designitejava,checkstyle",framework/cayenne-jdk1.5-unpublished/src/main/java/org/apache/cayenne/access/jdbc/EJBQLConditionTranslator.java,framework/cayenne-jdk1.5-unpublished/src/main/java/org/apache/cayenne/access/jdbc/EJBQLConditionTranslator.java.EJBQLConditionTranslator.checkNullParameter.Feature Envy,3.0.1,3.2M1,4.0.M2,7
cayenne,3.0B1,org.apache.cayenne.access.jdbc,EJBQLConditionTranslator,processParameter,Complex Method,"designitejava,pmd",framework/cayenne-jdk1.5-unpublished/src/main/java/org/apache/cayenne/access/jdbc/EJBQLConditionTranslator.java,framework/cayenne-jdk1.5-unpublished/src/main/java/org/apache/cayenne/access/jdbc/EJBQLConditionTranslator.java.EJBQLConditionTranslator.processParameter.Complex Method,3.0B1,3.2M1,4.0.M2,10
cayenne,3.0-final,org.apache.cayenne.access.jdbc,EJBQLConditionTranslator,visitEquals,Complex Method,"designitejava,pmd,checkstyle",framework/cayenne-jdk1.5-unpublished/src/main/java/org/apache/cayenne/access/jdbc/EJBQLConditionTranslator.java,framework/cayenne-jdk1.5-unpublished/src/main/java/org/apache/cayenne/access/jdbc/EJBQLConditionTranslator.java.EJBQLConditionTranslator.visitEquals.Complex Method,3.0-final,3.2M1,4.0.M2,8
cayenne,3.0.1,org.apache.cayenne.access.jdbc,EJBQLConditionTranslator,visitNotEquals,Complex Method,"designitejava,pmd",framework/cayenne-jdk1.5-unpublished/src/main/java/org/apache/cayenne/access/jdbc/EJBQLConditionTranslator.java,framework/cayenne-jdk1.5-unpublished/src/main/java/org/apache/cayenne/access/jdbc/EJBQLConditionTranslator.java.EJBQLConditionTranslator.visitNotEquals.Complex Method,3.0.1,3.2M1,4.0.M2,7
cayenne,3.0-final,org.apache.cayenne.access.jdbc,EJBQLIdentifierColumnsTranslator,addPrefetchedColumnsIfAny,Feature Envy,"designitejava,checkstyle",framework/cayenne-jdk1.5-unpublished/src/main/java/org/apache/cayenne/access/jdbc/EJBQLIdentifierColumnsTranslator.java,framework/cayenne-jdk1.5-unpublished/src/main/java/org/apache/cayenne/access/jdbc/EJBQLIdentifierColumnsTranslator.java.EJBQLIdentifierColumnsTranslator.addPrefetchedColumnsIfAny.Feature Envy,3.0-final,3.2M1,4.0.M2,8
cayenne,3.0B1,org.apache.cayenne.access.jdbc,EJBQLIdentifierColumnsTranslator,visitIdentifier,Complex Method,"designitejava,pmd",framework/cayenne-jdk1.5-unpublished/src/main/java/org/apache/cayenne/access/jdbc/EJBQLIdentifierColumnsTranslator.java,framework/cayenne-jdk1.5-unpublished/src/main/java/org/apache/cayenne/access/jdbc/EJBQLIdentifierColumnsTranslator.java.EJBQLIdentifierColumnsTranslator.visitIdentifier.Complex Method,3.0B1,3.2M1,4.0.M2,10
cayenne,3.0-final,org.apache.cayenne.access.jdbc,EJBQLJoinAppender,appendJoin,Complex Method,"designitejava,pmd",framework/cayenne-jdk1.5-unpublished/src/main/java/org/apache/cayenne/access/jdbc/EJBQLJoinAppender.java,framework/cayenne-jdk1.5-unpublished/src/main/java/org/apache/cayenne/access/jdbc/EJBQLJoinAppender.java.EJBQLJoinAppender.appendJoin.Complex Method,3.0-final,3.2M1,4.0.M2,8
cayenne,3.0B1,org.apache.cayenne.access.jdbc,EJBQLJoinAppender,appendJoin,Feature Envy,"designitejava,checkstyle",framework/cayenne-jdk1.5-unpublished/src/main/java/org/apache/cayenne/access/jdbc/EJBQLJoinAppender.java,framework/cayenne-jdk1.5-unpublished/src/main/java/org/apache/cayenne/access/jdbc/EJBQLJoinAppender.java.EJBQLJoinAppender.appendJoin.Feature Envy,3.0B1,3.2M1,4.0.M2,10
cayenne,3.0-final,org.apache.cayenne.access.jdbc,EJBQLJoinAppender,generateJoinsForFlattenedAttributes,Complex Method,"designitejava,pmd",framework/cayenne-jdk1.5-unpublished/src/main/java/org/apache/cayenne/access/jdbc/EJBQLJoinAppender.java,framework/cayenne-jdk1.5-unpublished/src/main/java/org/apache/cayenne/access/jdbc/EJBQLJoinAppender.java.EJBQLJoinAppender.generateJoinsForFlattenedAttributes.Complex Method,3.0-final,3.2M1,4.0.M2,8
cayenne,3.0B1,org.apache.cayenne.access.jdbc,EJBQLSelectColumnsTranslator,visitPath,Complex Method,"designitejava,pmd",framework/cayenne-jdk1.5-unpublished/src/main/java/org/apache/cayenne/access/jdbc/EJBQLSelectColumnsTranslator.java,framework/cayenne-jdk1.5-unpublished/src/main/java/org/apache/cayenne/access/jdbc/EJBQLSelectColumnsTranslator.java.EJBQLSelectColumnsTranslator.visitPath.Complex Method,3.0B1,3.2M1,4.0.M2,10
cayenne,3.0B1,org.apache.cayenne.access.jdbc,SQLTemplateAction,configureRowDescriptorBuilder,Complex Method,"designitejava,pmd,checkstyle",framework/cayenne-jdk1.5-unpublished/src/main/java/org/apache/cayenne/access/jdbc/SQLTemplateAction.java,framework/cayenne-jdk1.5-unpublished/src/main/java/org/apache/cayenne/access/jdbc/SQLTemplateAction.java.SQLTemplateAction.configureRowDescriptorBuilder.Complex Method,3.0B1,3.2M1,4.0.M2,10
cayenne,3.0B1,org.apache.cayenne.access.jdbc,SQLTemplateAction,execute,Complex Method,"designitejava,pmd",framework/cayenne-jdk1.5-unpublished/src/main/java/org/apache/cayenne/access/jdbc/SQLTemplateAction.java,framework/cayenne-jdk1.5-unpublished/src/main/java/org/apache/cayenne/access/jdbc/SQLTemplateAction.java.SQLTemplateAction.execute.Complex Method,3.0B1,3.2M1,4.0.M2,10
cayenne,3.0B1,org.apache.cayenne.access.jdbc,SQLTemplateAction,processSelectResult,Long Parameter List,"designitejava,checkstyle",framework/cayenne-jdk1.5-unpublished/src/main/java/org/apache/cayenne/access/jdbc/SQLTemplateAction.java,framework/cayenne-jdk1.5-unpublished/src/main/java/org/apache/cayenne/access/jdbc/SQLTemplateAction.java.SQLTemplateAction.processSelectResult.Long Parameter List,3.0B1,3.2M1,4.0.M2,10
cayenne,3.0B1,org.apache.cayenne.access.jdbc,SelectAction,performAction,Feature Envy,"designitejava,checkstyle",framework/cayenne-jdk1.5-unpublished/src/main/java/org/apache/cayenne/access/jdbc/SelectAction.java,framework/cayenne-jdk1.5-unpublished/src/main/java/org/apache/cayenne/access/jdbc/SelectAction.java.SelectAction.performAction.Feature Envy,3.0B1,3.2M1,4.0.M2,10
cayenne,3.0B1,org.apache.cayenne.access.select,SelectDescriptorBuilder,fromQueryMetadata,Complex Method,"designitejava,pmd",framework/cayenne-jdk1.5-unpublished/src/main/java/org/apache/cayenne/access/select/SelectDescriptorBuilder.java,framework/cayenne-jdk1.5-unpublished/src/main/java/org/apache/cayenne/access/select/SelectDescriptorBuilder.java.SelectDescriptorBuilder.fromQueryMetadata.Complex Method,3.0B1,3.0.1,3.1M1,4
cayenne,3.0B1,org.apache.cayenne.access.trans,OrderingTranslator,doAppendPart,Complex Method,"designitejava,pmd",framework/cayenne-jdk1.5-unpublished/src/main/java/org/apache/cayenne/access/trans/OrderingTranslator.java,framework/cayenne-jdk1.5-unpublished/src/main/java/org/apache/cayenne/access/trans/OrderingTranslator.java.OrderingTranslator.doAppendPart.Complex Method,3.0B1,3.2M1,4.0.M2,10
cayenne,3.0B1,org.apache.cayenne.access.trans,QualifierTranslator,,God Class,"pmd,checkstyle",framework/cayenne-jdk1.5-unpublished/src/main/java/org/apache/cayenne/access/trans/QualifierTranslator.java,framework/cayenne-jdk1.5-unpublished/src/main/java/org/apache/cayenne/access/trans/QualifierTranslator.java.QualifierTranslator..God Class,3.0B1,3.2M1,4.0.M2,10
cayenne,3.0B1,org.apache.cayenne.access.trans,QualifierTranslator,finishedChild,Complex Method,"designitejava,pmd,checkstyle",framework/cayenne-jdk1.5-unpublished/src/main/java/org/apache/cayenne/access/trans/QualifierTranslator.java,framework/cayenne-jdk1.5-unpublished/src/main/java/org/apache/cayenne/access/trans/QualifierTranslator.java.QualifierTranslator.finishedChild.Complex Method,3.0B1,3.2M1,4.0.M2,10
cayenne,3.0B1,org.apache.cayenne.access.trans,QualifierTranslator,startNode,Complex Method,"designitejava,checkstyle",framework/cayenne-jdk1.5-unpublished/src/main/java/org/apache/cayenne/access/trans/QualifierTranslator.java,framework/cayenne-jdk1.5-unpublished/src/main/java/org/apache/cayenne/access/trans/QualifierTranslator.java.QualifierTranslator.startNode.Complex Method,3.0B1,3.2M1,4.0.M2,10
cayenne,3.0B1,org.apache.cayenne.access.trans,QueryAssemblerHelper,appendDbPath,Complex Method,"designitejava,pmd",framework/cayenne-jdk1.5-unpublished/src/main/java/org/apache/cayenne/access/trans/QueryAssemblerHelper.java,framework/cayenne-jdk1.5-unpublished/src/main/java/org/apache/cayenne/access/trans/QueryAssemblerHelper.java.QueryAssemblerHelper.appendDbPath.Complex Method,3.0B1,3.2M1,4.0.M2,10
cayenne,3.0B1,org.apache.cayenne.access.trans,QueryAssemblerHelper,appendObjPath,Complex Method,"designitejava,pmd,checkstyle",framework/cayenne-jdk1.5-unpublished/src/main/java/org/apache/cayenne/access/trans/QueryAssemblerHelper.java,framework/cayenne-jdk1.5-unpublished/src/main/java/org/apache/cayenne/access/trans/QueryAssemblerHelper.java.QueryAssemblerHelper.appendObjPath.Complex Method,3.0B1,3.2M1,4.0.M2,10
cayenne,3.0B1,org.apache.cayenne.access.trans,QueryAssemblerHelper,paramsDbType,Complex Method,"designitejava,pmd,checkstyle",framework/cayenne-jdk1.5-unpublished/src/main/java/org/apache/cayenne/access/trans/QueryAssemblerHelper.java,framework/cayenne-jdk1.5-unpublished/src/main/java/org/apache/cayenne/access/trans/QueryAssemblerHelper.java.QueryAssemblerHelper.paramsDbType.Complex Method,3.0B1,3.2M1,4.0.M2,10
cayenne,3.0B1,org.apache.cayenne.access.trans,SelectTranslator,appendColumn,Complex Method,"designitejava,pmd",framework/cayenne-jdk1.5-unpublished/src/main/java/org/apache/cayenne/access/trans/SelectTranslator.java,framework/cayenne-jdk1.5-unpublished/src/main/java/org/apache/cayenne/access/trans/SelectTranslator.java.SelectTranslator.appendColumn.Complex Method,3.0B1,3.2M1,4.0.M2,10
cayenne,3.0B1,org.apache.cayenne.access.trans,SelectTranslator,appendQueryColumns,Complex Method,"designitejava,pmd,checkstyle",framework/cayenne-jdk1.5-unpublished/src/main/java/org/apache/cayenne/access/trans/SelectTranslator.java,framework/cayenne-jdk1.5-unpublished/src/main/java/org/apache/cayenne/access/trans/SelectTranslator.java.SelectTranslator.appendQueryColumns.Complex Method,3.0B1,3.2M1,4.0.M2,10
cayenne,3.0B1,org.apache.cayenne.access.trans,SelectTranslator,createSqlString,Complex Method,"designitejava,pmd,checkstyle",framework/cayenne-jdk1.5-unpublished/src/main/java/org/apache/cayenne/access/trans/SelectTranslator.java,framework/cayenne-jdk1.5-unpublished/src/main/java/org/apache/cayenne/access/trans/SelectTranslator.java.SelectTranslator.createSqlString.Complex Method,3.0B1,3.2M1,4.0.M2,10
cayenne,3.1M1,org.apache.cayenne.ashwood,AshwoodEntitySorter,doIndexSorter,Complex Method,"designitejava,pmd,checkstyle",framework/cayenne-jdk1.5-unpublished/src/main/java/org/apache/cayenne/ashwood/AshwoodEntitySorter.java,framework/cayenne-jdk1.5-unpublished/src/main/java/org/apache/cayenne/ashwood/AshwoodEntitySorter.java.AshwoodEntitySorter.doIndexSorter.Complex Method,3.1M1,3.2M1,4.0.M2,6
cayenne,3.1M1,org.apache.cayenne.ashwood,AshwoodEntitySorter,sortObjectsForEntity,Complex Method,"designitejava,pmd,checkstyle",framework/cayenne-jdk1.5-unpublished/src/main/java/org/apache/cayenne/ashwood/AshwoodEntitySorter.java,framework/cayenne-jdk1.5-unpublished/src/main/java/org/apache/cayenne/ashwood/AshwoodEntitySorter.java.AshwoodEntitySorter.sortObjectsForEntity.Complex Method,3.1M1,3.2M1,4.0.M2,6
cayenne,3.1M1,org.apache.cayenne.ashwood.graph,StrongConnection,contract,Complex Method,"designitejava,pmd",framework/cayenne-jdk1.5-unpublished/src/main/java/org/apache/cayenne/ashwood/graph/StrongConnection.java,framework/cayenne-jdk1.5-unpublished/src/main/java/org/apache/cayenne/ashwood/graph/StrongConnection.java.StrongConnection.contract.Complex Method,3.1M1,3.2M1,4.0.M2,6
cayenne,3.1B1,org.apache.cayenne.cache,EhCacheQueryCache,get,Complex Method,"designitejava,pmd",framework/cayenne-jdk1.5-unpublished/src/main/java/org/apache/cayenne/cache/EhCacheQueryCache.java,framework/cayenne-jdk1.5-unpublished/src/main/java/org/apache/cayenne/cache/EhCacheQueryCache.java.EhCacheQueryCache.get.Complex Method,3.1B1,3.1B1,3.1RC1,1
cayenne,3.0B1,org.apache.cayenne.cache,OSQueryCache,init,Complex Method,"designitejava,pmd",framework/cayenne-jdk1.5-unpublished/src/main/java/org/apache/cayenne/cache/OSQueryCache.java,framework/cayenne-jdk1.5-unpublished/src/main/java/org/apache/cayenne/cache/OSQueryCache.java.OSQueryCache.init.Complex Method,3.0B1,3.2M1,4.0.M2,10
cayenne,3.0B1,org.apache.cayenne.conf,ConfigLoaderDelegate,shouldLoadDataNode,Long Parameter List,"designitejava,checkstyle",framework/cayenne-jdk1.5-unpublished/src/main/java/org/apache/cayenne/conf/ConfigLoaderDelegate.java,framework/cayenne-jdk1.5-unpublished/src/main/java/org/apache/cayenne/conf/ConfigLoaderDelegate.java.ConfigLoaderDelegate.shouldLoadDataNode.Long Parameter List,3.0B1,3.0.1,3.1M1,4
cayenne,3.0B1,org.apache.cayenne.conf,ConfigSaver,storeDataNode,Complex Method,"designitejava,pmd,checkstyle",framework/cayenne-jdk1.5-unpublished/src/main/java/org/apache/cayenne/conf/ConfigSaver.java,framework/cayenne-jdk1.5-unpublished/src/main/java/org/apache/cayenne/conf/ConfigSaver.java.ConfigSaver.storeDataNode.Complex Method,3.0B1,3.0.1,3.1M1,4
cayenne,3.0B1,org.apache.cayenne.conf,ConfigSaver,storeDomain,Complex Method,"designitejava,pmd,checkstyle",framework/cayenne-jdk1.5-unpublished/src/main/java/org/apache/cayenne/conf/ConfigSaver.java,framework/cayenne-jdk1.5-unpublished/src/main/java/org/apache/cayenne/conf/ConfigSaver.java.ConfigSaver.storeDomain.Complex Method,3.0B1,3.0.1,3.1M1,4
cayenne,3.0B1,org.apache.cayenne.conf,ConfigStatus,describeFailures,Complex Method,"designitejava,pmd,checkstyle",framework/cayenne-jdk1.5-unpublished/src/main/java/org/apache/cayenne/conf/ConfigStatus.java,framework/cayenne-jdk1.5-unpublished/src/main/java/org/apache/cayenne/conf/ConfigStatus.java.ConfigStatus.describeFailures.Complex Method,3.0B1,3.0.1,3.1M1,4
cayenne,3.0B1,org.apache.cayenne.conf,DriverDataSourceFactory,getDataSource,Feature Envy,"designitejava,checkstyle",framework/cayenne-jdk1.5-unpublished/src/main/java/org/apache/cayenne/conf/DriverDataSourceFactory.java,framework/cayenne-jdk1.5-unpublished/src/main/java/org/apache/cayenne/conf/DriverDataSourceFactory.java.DriverDataSourceFactory.getDataSource.Feature Envy,3.0B1,3.0.1,3.1M1,4
cayenne,3.0B1,org.apache.cayenne.conf,RuntimeLoadDelegate,shouldLoadDataNode,Complex Method,"pmd,checkstyle",framework/cayenne-jdk1.5-unpublished/src/main/java/org/apache/cayenne/conf/RuntimeLoadDelegate.java,framework/cayenne-jdk1.5-unpublished/src/main/java/org/apache/cayenne/conf/RuntimeLoadDelegate.java.RuntimeLoadDelegate.shouldLoadDataNode.Complex Method,3.0B1,3.0.1,3.1M1,4
cayenne,3.0B1,org.apache.cayenne.conf,RuntimeLoadDelegate,shouldLoadDataNode,Long Parameter List,"designitejava,checkstyle",framework/cayenne-jdk1.5-unpublished/src/main/java/org/apache/cayenne/conf/RuntimeLoadDelegate.java,framework/cayenne-jdk1.5-unpublished/src/main/java/org/apache/cayenne/conf/RuntimeLoadDelegate.java.RuntimeLoadDelegate.shouldLoadDataNode.Long Parameter List,3.0B1,3.0.1,3.1M1,4
cayenne,3.1B1,org.apache.cayenne.configuration,DefaultDataChannelDescriptorMerger,merge,Complex Method,"designitejava,pmd,checkstyle",framework/cayenne-jdk1.5-unpublished/src/main/java/org/apache/cayenne/configuration/DefaultDataChannelDescriptorMerger.java,framework/cayenne-jdk1.5-unpublished/src/main/java/org/apache/cayenne/configuration/DefaultDataChannelDescriptorMerger.java.DefaultDataChannelDescriptorMerger.merge.Complex Method,3.1B1,3.2M1,4.0.M2,5
cayenne,3.1M1,org.apache.cayenne.configuration.server,DataContextFactory,createFromGenericChannel,Feature Envy,"designitejava,checkstyle",framework/cayenne-jdk1.5-unpublished/src/main/java/org/apache/cayenne/configuration/server/DataContextFactory.java,framework/cayenne-jdk1.5-unpublished/src/main/java/org/apache/cayenne/configuration/server/DataContextFactory.java.DataContextFactory.createFromGenericChannel.Feature Envy,3.1M1,3.2M1,4.0.M2,6
cayenne,3.1M1,org.apache.cayenne.configuration.server,DataDomainProvider,createAndInitDataDomain,Complex Method,"designitejava,checkstyle",framework/cayenne-jdk1.5-unpublished/src/main/java/org/apache/cayenne/configuration/server/DataDomainProvider.java,framework/cayenne-jdk1.5-unpublished/src/main/java/org/apache/cayenne/configuration/server/DataDomainProvider.java.DataDomainProvider.createAndInitDataDomain.Complex Method,3.1M1,3.2M1,4.0.M2,6
cayenne,3.0B1,org.apache.cayenne.conn,ConnectionWrapper,,God Class,"pmd,checkstyle",framework/cayenne-jdk1.5-unpublished/src/main/java/org/apache/cayenne/conn/ConnectionWrapper.java,framework/cayenne-jdk1.5-unpublished/src/main/java/org/apache/cayenne/conn/ConnectionWrapper.java.ConnectionWrapper..God Class,3.0B1,3.2M1,4.0.M2,10
cayenne,3.0B1,org.apache.cayenne.conn,DataSourceInfo,equals,Complex Method,"designitejava,pmd,checkstyle",framework/cayenne-jdk1.5-unpublished/src/main/java/org/apache/cayenne/conn/DataSourceInfo.java,framework/cayenne-jdk1.5-unpublished/src/main/java/org/apache/cayenne/conn/DataSourceInfo.java.DataSourceInfo.equals.Complex Method,3.0B1,3.2M1,4.0.M2,10
cayenne,3.0B1,org.apache.cayenne.dba,AutoAdapter,buildAttribute,Long Parameter List,"designitejava,checkstyle",framework/cayenne-jdk1.5-unpublished/src/main/java/org/apache/cayenne/dba/AutoAdapter.java,framework/cayenne-jdk1.5-unpublished/src/main/java/org/apache/cayenne/dba/AutoAdapter.java.AutoAdapter.buildAttribute.Long Parameter List,3.0B1,3.2M1,4.0.M2,10
cayenne,3.0B1,org.apache.cayenne.dba,DbAdapter,buildAttribute,Long Parameter List,"designitejava,checkstyle",framework/cayenne-jdk1.5-unpublished/src/main/java/org/apache/cayenne/dba/DbAdapter.java,framework/cayenne-jdk1.5-unpublished/src/main/java/org/apache/cayenne/dba/DbAdapter.java.DbAdapter.buildAttribute.Long Parameter List,3.0B1,3.2M1,4.0.M2,10
cayenne,3.0B1,org.apache.cayenne.dba,JdbcAdapter,buildAttribute,Long Parameter List,"designitejava,checkstyle",framework/cayenne-jdk1.5-unpublished/src/main/java/org/apache/cayenne/dba/JdbcAdapter.java,framework/cayenne-jdk1.5-unpublished/src/main/java/org/apache/cayenne/dba/JdbcAdapter.java.JdbcAdapter.buildAttribute.Long Parameter List,3.0B1,3.2M1,4.0.M2,10
cayenne,3.0B1,org.apache.cayenne.dba,JdbcAdapter,createTableAppendColumn,Complex Method,"pmd,checkstyle",framework/cayenne-jdk1.5-unpublished/src/main/java/org/apache/cayenne/dba/JdbcAdapter.java,framework/cayenne-jdk1.5-unpublished/src/main/java/org/apache/cayenne/dba/JdbcAdapter.java.JdbcAdapter.createTableAppendColumn.Complex Method,3.0B1,3.2M1,4.0.M2,10
cayenne,3.0B1,org.apache.cayenne.dba,TypesMapping,TypesMapping,Complex Method,"designitejava,checkstyle",framework/cayenne-jdk1.5-unpublished/src/main/java/org/apache/cayenne/dba/TypesMapping.java,framework/cayenne-jdk1.5-unpublished/src/main/java/org/apache/cayenne/dba/TypesMapping.java.TypesMapping.TypesMapping.Complex Method,3.0B1,3.2M1,4.0.M2,10
cayenne,3.0B1,org.apache.cayenne.dba,TypesMapping,getSqlTypeByJava,Complex Method,"designitejava,pmd,checkstyle",framework/cayenne-jdk1.5-unpublished/src/main/java/org/apache/cayenne/dba/TypesMapping.java,framework/cayenne-jdk1.5-unpublished/src/main/java/org/apache/cayenne/dba/TypesMapping.java.TypesMapping.getSqlTypeByJava.Complex Method,3.0B1,3.2M1,4.0.M2,10
cayenne,3.0B1,org.apache.cayenne.dba,TypesMapping,pickDataType,Complex Method,"designitejava,pmd,checkstyle",framework/cayenne-jdk1.5-unpublished/src/main/java/org/apache/cayenne/dba/TypesMapping.java,framework/cayenne-jdk1.5-unpublished/src/main/java/org/apache/cayenne/dba/TypesMapping.java.TypesMapping.pickDataType.Complex Method,3.0B1,3.2M1,4.0.M2,10
cayenne,3.0B1,org.apache.cayenne.dba.db2,DB2Adapter,createTable,Complex Method,"designitejava,pmd,checkstyle",framework/cayenne-jdk1.5-unpublished/src/main/java/org/apache/cayenne/dba/db2/DB2Adapter.java,framework/cayenne-jdk1.5-unpublished/src/main/java/org/apache/cayenne/dba/db2/DB2Adapter.java.DB2Adapter.createTable.Complex Method,3.0B1,3.2M1,4.0.M2,10
cayenne,3.0B1,org.apache.cayenne.dba.db2,DB2QualifierTranslator,appendLiteralDirect,Complex Method,"designitejava,pmd,checkstyle",framework/cayenne-jdk1.5-unpublished/src/main/java/org/apache/cayenne/dba/db2/DB2QualifierTranslator.java,framework/cayenne-jdk1.5-unpublished/src/main/java/org/apache/cayenne/dba/db2/DB2QualifierTranslator.java.DB2QualifierTranslator.appendLiteralDirect.Complex Method,3.0B1,3.2M1,4.0.M2,10
cayenne,3.0B1,org.apache.cayenne.dba.derby,DerbyAdapter,createTableAppendColumn,Complex Method,"designitejava,pmd,checkstyle",framework/cayenne-jdk1.5-unpublished/src/main/java/org/apache/cayenne/dba/derby/DerbyAdapter.java,framework/cayenne-jdk1.5-unpublished/src/main/java/org/apache/cayenne/dba/derby/DerbyAdapter.java.DerbyAdapter.createTableAppendColumn.Complex Method,3.0B1,3.2M1,4.0.M2,10
cayenne,3.2M1,org.apache.cayenne.dba.firebird,FirebirdAdapter,createTableAppendColumn,Complex Method,"pmd,checkstyle",framework/cayenne-jdk1.5-unpublished/src/main/java/org/apache/cayenne/dba/firebird/FirebirdAdapter.java,framework/cayenne-jdk1.5-unpublished/src/main/java/org/apache/cayenne/dba/firebird/FirebirdAdapter.java.FirebirdAdapter.createTableAppendColumn.Complex Method,3.2M1,3.2M1,4.0.M2,1
cayenne,3.0B1,org.apache.cayenne.dba.frontbase,FrontBaseAdapter,createTable,Complex Method,"designitejava,pmd,checkstyle",framework/cayenne-jdk1.5-unpublished/src/main/java/org/apache/cayenne/dba/frontbase/FrontBaseAdapter.java,framework/cayenne-jdk1.5-unpublished/src/main/java/org/apache/cayenne/dba/frontbase/FrontBaseAdapter.java.FrontBaseAdapter.createTable.Complex Method,3.0B1,3.2M1,4.0.M2,10
cayenne,3.0B1,org.apache.cayenne.dba.ingres,IngresAdapter,createTable,Complex Method,"designitejava,pmd,checkstyle",framework/cayenne-jdk1.5-unpublished/src/main/java/org/apache/cayenne/dba/ingres/IngresAdapter.java,framework/cayenne-jdk1.5-unpublished/src/main/java/org/apache/cayenne/dba/ingres/IngresAdapter.java.IngresAdapter.createTable.Complex Method,3.0B1,3.1M1,3.1B1,5
cayenne,3.1B1,org.apache.cayenne.dba.ingres,IngresAdapter,createTableAppendColumn,Complex Method,"designitejava,pmd,checkstyle",framework/cayenne-jdk1.5-unpublished/src/main/java/org/apache/cayenne/dba/ingres/IngresAdapter.java,framework/cayenne-jdk1.5-unpublished/src/main/java/org/apache/cayenne/dba/ingres/IngresAdapter.java.IngresAdapter.createTableAppendColumn.Complex Method,3.1B1,3.2M1,4.0.M2,5
cayenne,3.0B1,org.apache.cayenne.dba.mysql,MySQLAdapter,buildAttribute,Complex Method,"designitejava,pmd,checkstyle",framework/cayenne-jdk1.5-unpublished/src/main/java/org/apache/cayenne/dba/mysql/MySQLAdapter.java,framework/cayenne-jdk1.5-unpublished/src/main/java/org/apache/cayenne/dba/mysql/MySQLAdapter.java.MySQLAdapter.buildAttribute.Complex Method,3.0B1,3.2M1,4.0.M2,10
cayenne,3.1M1,org.apache.cayenne.dba.mysql,MySQLAdapter,createTableAppendColumn,Complex Method,"designitejava,pmd,checkstyle",framework/cayenne-jdk1.5-unpublished/src/main/java/org/apache/cayenne/dba/mysql/MySQLAdapter.java,framework/cayenne-jdk1.5-unpublished/src/main/java/org/apache/cayenne/dba/mysql/MySQLAdapter.java.MySQLAdapter.createTableAppendColumn.Complex Method,3.1M1,3.2M1,4.0.M2,6
cayenne,3.0B1,org.apache.cayenne.dba.mysql,MySQLAdapter,createTableAppendPKClause,Complex Method,"designitejava,pmd,checkstyle",framework/cayenne-jdk1.5-unpublished/src/main/java/org/apache/cayenne/dba/mysql/MySQLAdapter.java,framework/cayenne-jdk1.5-unpublished/src/main/java/org/apache/cayenne/dba/mysql/MySQLAdapter.java.MySQLAdapter.createTableAppendPKClause.Complex Method,3.0B1,3.2M1,4.0.M2,10
cayenne,3.0B1,org.apache.cayenne.dba.openbase,OpenBaseAdapter,createTable,Complex Method,"designitejava,pmd,checkstyle",framework/cayenne-jdk1.5-unpublished/src/main/java/org/apache/cayenne/dba/openbase/OpenBaseAdapter.java,framework/cayenne-jdk1.5-unpublished/src/main/java/org/apache/cayenne/dba/openbase/OpenBaseAdapter.java.OpenBaseAdapter.createTable.Complex Method,3.0B1,3.2M1,4.0.M2,10
cayenne,3.0B1,org.apache.cayenne.dba.oracle,OracleLOBBatchAction,processLOBRow,Complex Method,"designitejava,pmd,checkstyle",framework/cayenne-jdk1.5-unpublished/src/main/java/org/apache/cayenne/dba/oracle/OracleLOBBatchAction.java,framework/cayenne-jdk1.5-unpublished/src/main/java/org/apache/cayenne/dba/oracle/OracleLOBBatchAction.java.OracleLOBBatchAction.processLOBRow.Complex Method,3.0B1,3.2M1,4.0.M2,10
cayenne,3.0B1,org.apache.cayenne.dba.oracle,OracleSQLTemplateAction,processSelectResult,Long Parameter List,"designitejava,checkstyle",framework/cayenne-jdk1.5-unpublished/src/main/java/org/apache/cayenne/dba/oracle/OracleSQLTemplateAction.java,framework/cayenne-jdk1.5-unpublished/src/main/java/org/apache/cayenne/dba/oracle/OracleSQLTemplateAction.java.OracleSQLTemplateAction.processSelectResult.Long Parameter List,3.0B1,3.2M1,4.0.M2,10
cayenne,3.0B1,org.apache.cayenne.dba.postgres,PostgresAdapter,createTable,Complex Method,"designitejava,pmd,checkstyle",framework/cayenne-jdk1.5-unpublished/src/main/java/org/apache/cayenne/dba/postgres/PostgresAdapter.java,framework/cayenne-jdk1.5-unpublished/src/main/java/org/apache/cayenne/dba/postgres/PostgresAdapter.java.PostgresAdapter.createTable.Complex Method,3.0B1,3.2M1,4.0.M2,10
cayenne,3.0B1,org.apache.cayenne.ejbql,EJBQLBaseVisitor,,God Class,"pmd,checkstyle",framework/cayenne-jdk1.5-unpublished/src/main/java/org/apache/cayenne/ejbql/EJBQLBaseVisitor.java,framework/cayenne-jdk1.5-unpublished/src/main/java/org/apache/cayenne/ejbql/EJBQLBaseVisitor.java.EJBQLBaseVisitor..God Class,3.0B1,3.2M1,4.0.M2,10
cayenne,3.0B1,org.apache.cayenne.ejbql,EJBQLExpressionVisitor,,God Class,"pmd,checkstyle",framework/cayenne-jdk1.5-unpublished/src/main/java/org/apache/cayenne/ejbql/EJBQLExpressionVisitor.java,framework/cayenne-jdk1.5-unpublished/src/main/java/org/apache/cayenne/ejbql/EJBQLExpressionVisitor.java.EJBQLExpressionVisitor..God Class,3.0B1,3.2M1,4.0.M2,10
cayenne,3.0B1,org.apache.cayenne.ejbql.parser,Compiler,compile,Complex Method,"designitejava,pmd,checkstyle",framework/cayenne-jdk1.5-unpublished/src/main/java/org/apache/cayenne/ejbql/parser/Compiler.java,framework/cayenne-jdk1.5-unpublished/src/main/java/org/apache/cayenne/ejbql/parser/Compiler.java.Compiler.compile.Complex Method,3.0B1,3.2M1,4.0.M2,10
cayenne,3.0B1,org.apache.cayenne.ejbql.parser,Compiler,compileEntityResult,Complex Method,"designitejava,pmd",framework/cayenne-jdk1.5-unpublished/src/main/java/org/apache/cayenne/ejbql/parser/Compiler.java,framework/cayenne-jdk1.5-unpublished/src/main/java/org/apache/cayenne/ejbql/parser/Compiler.java.Compiler.compileEntityResult.Complex Method,3.0B1,3.2M1,4.0.M2,10
cayenne,3.0-final,org.apache.cayenne.ejbql.parser,Compiler,compileEntityResultWithPrefetch,Complex Method,"designitejava,pmd",framework/cayenne-jdk1.5-unpublished/src/main/java/org/apache/cayenne/ejbql/parser/Compiler.java,framework/cayenne-jdk1.5-unpublished/src/main/java/org/apache/cayenne/ejbql/parser/Compiler.java.Compiler.compileEntityResultWithPrefetch.Complex Method,3.0-final,3.2M1,4.0.M2,8
cayenne,3.0B1,org.apache.cayenne.enhancer,AccessorVisitor,visit,Long Parameter List,"designitejava,checkstyle",framework/cayenne-jdk1.5-unpublished/src/main/java/org/apache/cayenne/enhancer/AccessorVisitor.java,framework/cayenne-jdk1.5-unpublished/src/main/java/org/apache/cayenne/enhancer/AccessorVisitor.java.AccessorVisitor.visit.Long Parameter List,3.0B1,3.0.1,3.1M1,4
cayenne,3.0B1,org.apache.cayenne.enhancer,PojoVisitor,visit,Long Parameter List,"designitejava,checkstyle",framework/cayenne-jdk1.5-unpublished/src/main/java/org/apache/cayenne/enhancer/PojoVisitor.java,framework/cayenne-jdk1.5-unpublished/src/main/java/org/apache/cayenne/enhancer/PojoVisitor.java.PojoVisitor.visit.Long Parameter List,3.0B1,3.0.1,3.1M1,4
cayenne,3.1M1,org.apache.cayenne.event,DefaultEventManager,addListener,Long Parameter List,"designitejava,checkstyle",framework/cayenne-jdk1.5-unpublished/src/main/java/org/apache/cayenne/event/DefaultEventManager.java,framework/cayenne-jdk1.5-unpublished/src/main/java/org/apache/cayenne/event/DefaultEventManager.java.DefaultEventManager.addListener.Long Parameter List,3.1M1,3.2M1,4.0.M2,6
cayenne,3.0B1,org.apache.cayenne.event,EventManager,addListener,Long Parameter List,"designitejava,checkstyle",framework/cayenne-jdk1.5-unpublished/src/main/java/org/apache/cayenne/event/EventManager.java,framework/cayenne-jdk1.5-unpublished/src/main/java/org/apache/cayenne/event/EventManager.java.EventManager.addListener.Long Parameter List,3.0B1,3.2M1,4.0.M2,10
cayenne,3.0B1,org.apache.cayenne.event,JMSBridge,shutdownExternal,Complex Method,"pmd,checkstyle",framework/cayenne-jdk1.5-unpublished/src/main/java/org/apache/cayenne/event/JMSBridge.java,framework/cayenne-jdk1.5-unpublished/src/main/java/org/apache/cayenne/event/JMSBridge.java.JMSBridge.shutdownExternal.Complex Method,3.0B1,3.2M1,4.0.M2,10
cayenne,3.0B1,org.apache.cayenne.exp,Expression,expName,Complex Method,"designitejava,checkstyle",framework/cayenne-jdk1.5-unpublished/src/main/java/org/apache/cayenne/exp/Expression.java,framework/cayenne-jdk1.5-unpublished/src/main/java/org/apache/cayenne/exp/Expression.java.Expression.expName.Complex Method,3.0B1,3.2M1,4.0.M2,10
cayenne,3.0B1,org.apache.cayenne.exp,ExpressionFactory,,God Class,"pmd,checkstyle",framework/cayenne-jdk1.5-unpublished/src/main/java/org/apache/cayenne/exp/ExpressionFactory.java,framework/cayenne-jdk1.5-unpublished/src/main/java/org/apache/cayenne/exp/ExpressionFactory.java.ExpressionFactory..God Class,3.0B1,3.2M1,4.0.M2,10
cayenne,3.0B1,org.apache.cayenne.exp,ExpressionFactory,matchAllExp,Complex Method,"pmd,checkstyle",framework/cayenne-jdk1.5-unpublished/src/main/java/org/apache/cayenne/exp/ExpressionFactory.java,framework/cayenne-jdk1.5-unpublished/src/main/java/org/apache/cayenne/exp/ExpressionFactory.java.ExpressionFactory.matchAllExp.Complex Method,3.0B1,3.2M1,4.0.M2,10
cayenne,3.0B1,org.apache.cayenne.exp.parser,ASTEqual,evaluateImpl,Complex Method,"designitejava,pmd,checkstyle",framework/cayenne-jdk1.5-unpublished/src/main/java/org/apache/cayenne/exp/parser/ASTEqual.java,framework/cayenne-jdk1.5-unpublished/src/main/java/org/apache/cayenne/exp/parser/ASTEqual.java.ASTEqual.evaluateImpl.Complex Method,3.0B1,3.2M1,4.0.M2,10
cayenne,3.0B1,org.apache.cayenne.exp.parser,ASTIn,evaluateNode,Complex Method,"designitejava,pmd",framework/cayenne-jdk1.5-unpublished/src/main/java/org/apache/cayenne/exp/parser/ASTIn.java,framework/cayenne-jdk1.5-unpublished/src/main/java/org/apache/cayenne/exp/parser/ASTIn.java.ASTIn.evaluateNode.Complex Method,3.0B1,3.2M1,4.0.M2,10
cayenne,3.0B1,org.apache.cayenne.exp.parser,ExpressionParser,,God Class,"pmd,checkstyle",framework/cayenne-jdk1.5-unpublished/src/main/java/org/apache/cayenne/exp/parser/ExpressionParser.java,framework/cayenne-jdk1.5-unpublished/src/main/java/org/apache/cayenne/exp/parser/ExpressionParser.java.ExpressionParser..God Class,3.0B1,3.2M1,4.0.M2,10
cayenne,3.0B1,org.apache.cayenne.exp.parser,ExpressionParser,andCondition,Complex Method,"designitejava,pmd,checkstyle",framework/cayenne-jdk1.5-unpublished/src/main/java/org/apache/cayenne/exp/parser/ExpressionParser.java,framework/cayenne-jdk1.5-unpublished/src/main/java/org/apache/cayenne/exp/parser/ExpressionParser.java.ExpressionParser.andCondition.Complex Method,3.0B1,3.2M1,4.0.M2,10
cayenne,3.2M1,org.apache.cayenne.exp.parser,ExpressionParser,arithmeticExp,Complex Method,"designitejava,pmd,checkstyle",framework/cayenne-jdk1.5-unpublished/src/main/java/org/apache/cayenne/exp/parser/ExpressionParser.java,framework/cayenne-jdk1.5-unpublished/src/main/java/org/apache/cayenne/exp/parser/ExpressionParser.java.ExpressionParser.arithmeticExp.Complex Method,3.2M1,3.2M1,4.0.M2,1
cayenne,3.2M1,org.apache.cayenne.exp.parser,ExpressionParser,bitwiseAnd,Complex Method,"designitejava,pmd,checkstyle",framework/cayenne-jdk1.5-unpublished/src/main/java/org/apache/cayenne/exp/parser/ExpressionParser.java,framework/cayenne-jdk1.5-unpublished/src/main/java/org/apache/cayenne/exp/parser/ExpressionParser.java.ExpressionParser.bitwiseAnd.Complex Method,3.2M1,3.2M1,4.0.M2,1
cayenne,3.2M1,org.apache.cayenne.exp.parser,ExpressionParser,bitwiseOr,Complex Method,"designitejava,pmd,checkstyle",framework/cayenne-jdk1.5-unpublished/src/main/java/org/apache/cayenne/exp/parser/ExpressionParser.java,framework/cayenne-jdk1.5-unpublished/src/main/java/org/apache/cayenne/exp/parser/ExpressionParser.java.ExpressionParser.bitwiseOr.Complex Method,3.2M1,3.2M1,4.0.M2,1
cayenne,3.2M1,org.apache.cayenne.exp.parser,ExpressionParser,bitwiseShift,Complex Method,"designitejava,pmd,checkstyle",framework/cayenne-jdk1.5-unpublished/src/main/java/org/apache/cayenne/exp/parser/ExpressionParser.java,framework/cayenne-jdk1.5-unpublished/src/main/java/org/apache/cayenne/exp/parser/ExpressionParser.java.ExpressionParser.bitwiseShift.Complex Method,3.2M1,3.2M1,4.0.M2,1
cayenne,3.2M1,org.apache.cayenne.exp.parser,ExpressionParser,bitwiseXor,Complex Method,"designitejava,pmd,checkstyle",framework/cayenne-jdk1.5-unpublished/src/main/java/org/apache/cayenne/exp/parser/ExpressionParser.java,framework/cayenne-jdk1.5-unpublished/src/main/java/org/apache/cayenne/exp/parser/ExpressionParser.java.ExpressionParser.bitwiseXor.Complex Method,3.2M1,3.2M1,4.0.M2,1
cayenne,3.0B1,org.apache.cayenne.exp.parser,ExpressionParser,generateParseException,Complex Method,"designitejava,pmd",framework/cayenne-jdk1.5-unpublished/src/main/java/org/apache/cayenne/exp/parser/ExpressionParser.java,framework/cayenne-jdk1.5-unpublished/src/main/java/org/apache/cayenne/exp/parser/ExpressionParser.java.ExpressionParser.generateParseException.Complex Method,3.0B1,3.2M1,4.0.M2,10
cayenne,3.0B1,org.apache.cayenne.exp.parser,ExpressionParser,multiplySubtractExp,Complex Method,"designitejava,pmd,checkstyle",framework/cayenne-jdk1.5-unpublished/src/main/java/org/apache/cayenne/exp/parser/ExpressionParser.java,framework/cayenne-jdk1.5-unpublished/src/main/java/org/apache/cayenne/exp/parser/ExpressionParser.java.ExpressionParser.multiplySubtractExp.Complex Method,3.0B1,3.2M1,4.0.M2,10
cayenne,3.0B1,org.apache.cayenne.exp.parser,ExpressionParser,notCondition,Complex Method,"designitejava,pmd,checkstyle",framework/cayenne-jdk1.5-unpublished/src/main/java/org/apache/cayenne/exp/parser/ExpressionParser.java,framework/cayenne-jdk1.5-unpublished/src/main/java/org/apache/cayenne/exp/parser/ExpressionParser.java.ExpressionParser.notCondition.Complex Method,3.0B1,3.2M1,4.0.M2,10
cayenne,3.0B1,org.apache.cayenne.exp.parser,ExpressionParser,numericTerm,Complex Method,"designitejava,pmd,checkstyle",framework/cayenne-jdk1.5-unpublished/src/main/java/org/apache/cayenne/exp/parser/ExpressionParser.java,framework/cayenne-jdk1.5-unpublished/src/main/java/org/apache/cayenne/exp/parser/ExpressionParser.java.ExpressionParser.numericTerm.Complex Method,3.0B1,3.2M1,4.0.M2,10
cayenne,3.2M1,org.apache.cayenne.exp.parser,ExpressionParser,numericTermExt,Complex Method,"designitejava,pmd,checkstyle",framework/cayenne-jdk1.5-unpublished/src/main/java/org/apache/cayenne/exp/parser/ExpressionParser.java,framework/cayenne-jdk1.5-unpublished/src/main/java/org/apache/cayenne/exp/parser/ExpressionParser.java.ExpressionParser.numericTermExt.Complex Method,3.2M1,3.2M1,4.0.M2,1
cayenne,3.0B1,org.apache.cayenne.exp.parser,ExpressionParser,orCondition,Complex Method,"designitejava,pmd,checkstyle",framework/cayenne-jdk1.5-unpublished/src/main/java/org/apache/cayenne/exp/parser/ExpressionParser.java,framework/cayenne-jdk1.5-unpublished/src/main/java/org/apache/cayenne/exp/parser/ExpressionParser.java.ExpressionParser.orCondition.Complex Method,3.0B1,3.2M1,4.0.M2,10
cayenne,3.0B1,org.apache.cayenne.exp.parser,ExpressionParser,scalarCommaList,Complex Method,"designitejava,pmd,checkstyle",framework/cayenne-jdk1.5-unpublished/src/main/java/org/apache/cayenne/exp/parser/ExpressionParser.java,framework/cayenne-jdk1.5-unpublished/src/main/java/org/apache/cayenne/exp/parser/ExpressionParser.java.ExpressionParser.scalarCommaList.Complex Method,3.0B1,3.2M1,4.0.M2,10
cayenne,3.0B1,org.apache.cayenne.exp.parser,ExpressionParser,scalarConstExpression,Complex Method,"designitejava,pmd,checkstyle",framework/cayenne-jdk1.5-unpublished/src/main/java/org/apache/cayenne/exp/parser/ExpressionParser.java,framework/cayenne-jdk1.5-unpublished/src/main/java/org/apache/cayenne/exp/parser/ExpressionParser.java.ExpressionParser.scalarConstExpression.Complex Method,3.0B1,3.2M1,4.0.M2,10
cayenne,3.0B1,org.apache.cayenne.exp.parser,ExpressionParser,scalarNumericExpression,Complex Method,"designitejava,pmd,checkstyle",framework/cayenne-jdk1.5-unpublished/src/main/java/org/apache/cayenne/exp/parser/ExpressionParser.java,framework/cayenne-jdk1.5-unpublished/src/main/java/org/apache/cayenne/exp/parser/ExpressionParser.java.ExpressionParser.scalarNumericExpression.Complex Method,3.0B1,3.1.1,3.2M1,9
cayenne,3.0B1,org.apache.cayenne.exp.parser,ExpressionParser,simpleCondition,Complex Method,"designitejava,pmd,checkstyle",framework/cayenne-jdk1.5-unpublished/src/main/java/org/apache/cayenne/exp/parser/ExpressionParser.java,framework/cayenne-jdk1.5-unpublished/src/main/java/org/apache/cayenne/exp/parser/ExpressionParser.java.ExpressionParser.simpleCondition.Complex Method,3.0B1,3.2M1,4.0.M2,10
cayenne,3.0B1,org.apache.cayenne.exp.parser,ExpressionParser,simpleNotCondition,Complex Method,"designitejava,pmd,checkstyle",framework/cayenne-jdk1.5-unpublished/src/main/java/org/apache/cayenne/exp/parser/ExpressionParser.java,framework/cayenne-jdk1.5-unpublished/src/main/java/org/apache/cayenne/exp/parser/ExpressionParser.java.ExpressionParser.simpleNotCondition.Complex Method,3.0B1,3.2M1,4.0.M2,10
cayenne,3.0B1,org.apache.cayenne.exp.parser,ExpressionParserTokenManager,,God Class,"pmd,checkstyle",framework/cayenne-jdk1.5-unpublished/src/main/java/org/apache/cayenne/exp/parser/ExpressionParserTokenManager.java,framework/cayenne-jdk1.5-unpublished/src/main/java/org/apache/cayenne/exp/parser/ExpressionParserTokenManager.java.ExpressionParserTokenManager..God Class,3.0B1,3.2M1,4.0.M2,10
cayenne,3.0B1,org.apache.cayenne.exp.parser,ExpressionParserTokenManager,escapeChar,Complex Method,"designitejava,checkstyle",framework/cayenne-jdk1.5-unpublished/src/main/java/org/apache/cayenne/exp/parser/ExpressionParserTokenManager.java,framework/cayenne-jdk1.5-unpublished/src/main/java/org/apache/cayenne/exp/parser/ExpressionParserTokenManager.java.ExpressionParserTokenManager.escapeChar.Complex Method,3.0B1,3.2M1,4.0.M2,10
cayenne,3.0B1,org.apache.cayenne.exp.parser,ExpressionParserTokenManager,getNextToken,Complex Method,"designitejava,pmd,checkstyle",framework/cayenne-jdk1.5-unpublished/src/main/java/org/apache/cayenne/exp/parser/ExpressionParserTokenManager.java,framework/cayenne-jdk1.5-unpublished/src/main/java/org/apache/cayenne/exp/parser/ExpressionParserTokenManager.java.ExpressionParserTokenManager.getNextToken.Complex Method,3.0B1,3.2M1,4.0.M2,10
cayenne,3.0B1,org.apache.cayenne.exp.parser,ExpressionParserTokenManager,jjMoveNfa_0,Complex Method,"designitejava,pmd,checkstyle",framework/cayenne-jdk1.5-unpublished/src/main/java/org/apache/cayenne/exp/parser/ExpressionParserTokenManager.java,framework/cayenne-jdk1.5-unpublished/src/main/java/org/apache/cayenne/exp/parser/ExpressionParserTokenManager.java.ExpressionParserTokenManager.jjMoveNfa_0.Complex Method,3.0B1,3.2M1,4.0.M2,10
cayenne,3.0B1,org.apache.cayenne.exp.parser,ExpressionParserTokenManager,jjMoveNfa_1,Complex Method,"designitejava,pmd,checkstyle",framework/cayenne-jdk1.5-unpublished/src/main/java/org/apache/cayenne/exp/parser/ExpressionParserTokenManager.java,framework/cayenne-jdk1.5-unpublished/src/main/java/org/apache/cayenne/exp/parser/ExpressionParserTokenManager.java.ExpressionParserTokenManager.jjMoveNfa_1.Complex Method,3.0B1,3.2M1,4.0.M2,10
cayenne,3.0B1,org.apache.cayenne.exp.parser,ExpressionParserTokenManager,jjMoveNfa_2,Complex Method,"designitejava,pmd,checkstyle",framework/cayenne-jdk1.5-unpublished/src/main/java/org/apache/cayenne/exp/parser/ExpressionParserTokenManager.java,framework/cayenne-jdk1.5-unpublished/src/main/java/org/apache/cayenne/exp/parser/ExpressionParserTokenManager.java.ExpressionParserTokenManager.jjMoveNfa_2.Complex Method,3.0B1,3.2M1,4.0.M2,10
cayenne,3.0B1,org.apache.cayenne.exp.parser,ExpressionParserTokenManager,jjMoveStringLiteralDfa0_0,Complex Method,"designitejava,checkstyle",framework/cayenne-jdk1.5-unpublished/src/main/java/org/apache/cayenne/exp/parser/ExpressionParserTokenManager.java,framework/cayenne-jdk1.5-unpublished/src/main/java/org/apache/cayenne/exp/parser/ExpressionParserTokenManager.java.ExpressionParserTokenManager.jjMoveStringLiteralDfa0_0.Complex Method,3.0B1,3.2M1,4.0.M2,10
cayenne,3.0B1,org.apache.cayenne.exp.parser,ExpressionParserTokenManager,jjMoveStringLiteralDfa1_0,Complex Method,"designitejava,checkstyle",framework/cayenne-jdk1.5-unpublished/src/main/java/org/apache/cayenne/exp/parser/ExpressionParserTokenManager.java,framework/cayenne-jdk1.5-unpublished/src/main/java/org/apache/cayenne/exp/parser/ExpressionParserTokenManager.java.ExpressionParserTokenManager.jjMoveStringLiteralDfa1_0.Complex Method,3.0B1,3.2M1,4.0.M2,10
cayenne,3.0B1,org.apache.cayenne.exp.parser,ExpressionParserTokenManager,jjMoveStringLiteralDfa2_0,Complex Method,"designitejava,checkstyle",framework/cayenne-jdk1.5-unpublished/src/main/java/org/apache/cayenne/exp/parser/ExpressionParserTokenManager.java,framework/cayenne-jdk1.5-unpublished/src/main/java/org/apache/cayenne/exp/parser/ExpressionParserTokenManager.java.ExpressionParserTokenManager.jjMoveStringLiteralDfa2_0.Complex Method,3.0B1,3.2M1,4.0.M2,10
cayenne,3.0B1,org.apache.cayenne.exp.parser,ExpressionParserTokenManager,jjStopStringLiteralDfa_0,Complex Method,"designitejava,pmd,checkstyle",framework/cayenne-jdk1.5-unpublished/src/main/java/org/apache/cayenne/exp/parser/ExpressionParserTokenManager.java,framework/cayenne-jdk1.5-unpublished/src/main/java/org/apache/cayenne/exp/parser/ExpressionParserTokenManager.java.ExpressionParserTokenManager.jjStopStringLiteralDfa_0.Complex Method,3.0B1,3.2M1,4.0.M2,10
cayenne,3.0B1,org.apache.cayenne.exp.parser,JavaCharStream,,God Class,"pmd,checkstyle",framework/cayenne-jdk1.5-unpublished/src/main/java/org/apache/cayenne/exp/parser/JavaCharStream.java,framework/cayenne-jdk1.5-unpublished/src/main/java/org/apache/cayenne/exp/parser/JavaCharStream.java.JavaCharStream..God Class,3.0B1,3.2M1,4.0.M2,10
cayenne,3.0B1,org.apache.cayenne.exp.parser,JavaCharStream,hexval,Complex Method,"designitejava,checkstyle",framework/cayenne-jdk1.5-unpublished/src/main/java/org/apache/cayenne/exp/parser/JavaCharStream.java,framework/cayenne-jdk1.5-unpublished/src/main/java/org/apache/cayenne/exp/parser/JavaCharStream.java.JavaCharStream.hexval.Complex Method,3.0B1,3.2M1,4.0.M2,10
cayenne,3.0B1,org.apache.cayenne.exp.parser,JavaCharStream,readChar,Complex Method,"designitejava,pmd,checkstyle",framework/cayenne-jdk1.5-unpublished/src/main/java/org/apache/cayenne/exp/parser/JavaCharStream.java,framework/cayenne-jdk1.5-unpublished/src/main/java/org/apache/cayenne/exp/parser/JavaCharStream.java.JavaCharStream.readChar.Complex Method,3.0B1,3.2M1,4.0.M2,10
cayenne,3.0B1,org.apache.cayenne.exp.parser,ParseException,add_escapes,Complex Method,"designitejava,checkstyle",framework/cayenne-jdk1.5-unpublished/src/main/java/org/apache/cayenne/exp/parser/ParseException.java,framework/cayenne-jdk1.5-unpublished/src/main/java/org/apache/cayenne/exp/parser/ParseException.java.ParseException.add_escapes.Complex Method,3.0B1,3.2M1,4.0.M2,10
cayenne,3.0B1,org.apache.cayenne.exp.parser,ParseException,getMessage,Complex Method,"designitejava,pmd",framework/cayenne-jdk1.5-unpublished/src/main/java/org/apache/cayenne/exp/parser/ParseException.java,framework/cayenne-jdk1.5-unpublished/src/main/java/org/apache/cayenne/exp/parser/ParseException.java.ParseException.getMessage.Complex Method,3.0B1,3.1.1,3.2M1,9
cayenne,3.0B1,org.apache.cayenne.exp.parser,SimpleNode,flattenTree,Complex Method,"designitejava,pmd",framework/cayenne-jdk1.5-unpublished/src/main/java/org/apache/cayenne/exp/parser/SimpleNode.java,framework/cayenne-jdk1.5-unpublished/src/main/java/org/apache/cayenne/exp/parser/SimpleNode.java.SimpleNode.flattenTree.Complex Method,3.0B1,3.2M1,4.0.M2,10
cayenne,3.0B1,org.apache.cayenne.exp.parser,TokenMgrError,LexicalError,Long Parameter List,"designitejava,checkstyle",framework/cayenne-jdk1.5-unpublished/src/main/java/org/apache/cayenne/exp/parser/TokenMgrError.java,framework/cayenne-jdk1.5-unpublished/src/main/java/org/apache/cayenne/exp/parser/TokenMgrError.java.TokenMgrError.LexicalError.Long Parameter List,3.0B1,3.2M1,4.0.M2,10
cayenne,3.0B1,org.apache.cayenne.exp.parser,TokenMgrError,addEscapes,Complex Method,"designitejava,checkstyle",framework/cayenne-jdk1.5-unpublished/src/main/java/org/apache/cayenne/exp/parser/TokenMgrError.java,framework/cayenne-jdk1.5-unpublished/src/main/java/org/apache/cayenne/exp/parser/TokenMgrError.java.TokenMgrError.addEscapes.Complex Method,3.0B1,3.2M1,4.0.M2,10
cayenne,3.1M1,org.apache.cayenne.log,CommonsJdbcEventLogger,buildLog,Complex Method,"designitejava,pmd,checkstyle",framework/cayenne-jdk1.5-unpublished/src/main/java/org/apache/cayenne/log/CommonsJdbcEventLogger.java,framework/cayenne-jdk1.5-unpublished/src/main/java/org/apache/cayenne/log/CommonsJdbcEventLogger.java.CommonsJdbcEventLogger.buildLog.Complex Method,3.1M1,3.2M1,4.0.M2,6
cayenne,3.1M1,org.apache.cayenne.log,CommonsJdbcEventLogger,buildLog,Long Parameter List,"designitejava,checkstyle",framework/cayenne-jdk1.5-unpublished/src/main/java/org/apache/cayenne/log/CommonsJdbcEventLogger.java,framework/cayenne-jdk1.5-unpublished/src/main/java/org/apache/cayenne/log/CommonsJdbcEventLogger.java.CommonsJdbcEventLogger.buildLog.Long Parameter List,3.1M1,3.2M1,4.0.M2,6
cayenne,3.1M1,org.apache.cayenne.log,CommonsJdbcEventLogger,sqlLiteralForObject,Complex Method,"designitejava,pmd,checkstyle",framework/cayenne-jdk1.5-unpublished/src/main/java/org/apache/cayenne/log/CommonsJdbcEventLogger.java,framework/cayenne-jdk1.5-unpublished/src/main/java/org/apache/cayenne/log/CommonsJdbcEventLogger.java.CommonsJdbcEventLogger.sqlLiteralForObject.Complex Method,3.1M1,3.2M1,4.0.M2,6
cayenne,3.1M1,org.apache.cayenne.log,FormattedCommonsJdbcEventLogger,formatQuery,Complex Method,"designitejava,pmd,checkstyle",framework/cayenne-jdk1.5-unpublished/src/main/java/org/apache/cayenne/log/FormattedCommonsJdbcEventLogger.java,framework/cayenne-jdk1.5-unpublished/src/main/java/org/apache/cayenne/log/FormattedCommonsJdbcEventLogger.java.FormattedCommonsJdbcEventLogger.formatQuery.Complex Method,3.1M1,3.2M1,4.0.M2,6
cayenne,3.0B1,org.apache.cayenne.map,AshwoodEntitySorter,sortObjectsForEntity,Complex Method,"designitejava,pmd,checkstyle",framework/cayenne-jdk1.5-unpublished/src/main/java/org/apache/cayenne/map/AshwoodEntitySorter.java,framework/cayenne-jdk1.5-unpublished/src/main/java/org/apache/cayenne/map/AshwoodEntitySorter.java.AshwoodEntitySorter.sortObjectsForEntity.Complex Method,3.0B1,3.0.1,3.1M1,4
cayenne,3.0B1,org.apache.cayenne.map,DataMap,,God Class,"pmd,checkstyle",framework/cayenne-jdk1.5-unpublished/src/main/java/org/apache/cayenne/map/DataMap.java,framework/cayenne-jdk1.5-unpublished/src/main/java/org/apache/cayenne/map/DataMap.java.DataMap..God Class,3.0B1,3.2M1,4.0.M2,10
cayenne,3.0B1,org.apache.cayenne.map,DataMap,encodeAsXML,Complex Method,"designitejava,checkstyle",framework/cayenne-jdk1.5-unpublished/src/main/java/org/apache/cayenne/map/DataMap.java,framework/cayenne-jdk1.5-unpublished/src/main/java/org/apache/cayenne/map/DataMap.java.DataMap.encodeAsXML.Complex Method,3.0B1,3.2M1,4.0.M2,10
cayenne,3.0B1,org.apache.cayenne.map,DataMap,removeDbEntity,Complex Method,"designitejava,pmd,checkstyle",framework/cayenne-jdk1.5-unpublished/src/main/java/org/apache/cayenne/map/DataMap.java,framework/cayenne-jdk1.5-unpublished/src/main/java/org/apache/cayenne/map/DataMap.java.DataMap.removeDbEntity.Complex Method,3.0B1,3.2M1,4.0.M2,10
cayenne,3.0B1,org.apache.cayenne.map,DbEntity,,God Class,"pmd,checkstyle",framework/cayenne-jdk1.5-unpublished/src/main/java/org/apache/cayenne/map/DbEntity.java,framework/cayenne-jdk1.5-unpublished/src/main/java/org/apache/cayenne/map/DbEntity.java.DbEntity..God Class,3.0B1,3.2M1,4.0.M2,10
cayenne,3.0B1,org.apache.cayenne.map,DbEntity,dbEntityChanged,Complex Method,"designitejava,pmd,checkstyle",framework/cayenne-jdk1.5-unpublished/src/main/java/org/apache/cayenne/map/DbEntity.java,framework/cayenne-jdk1.5-unpublished/src/main/java/org/apache/cayenne/map/DbEntity.java.DbEntity.dbEntityChanged.Complex Method,3.0B1,3.2M1,4.0.M2,10
cayenne,3.0B1,org.apache.cayenne.map,DbEntity,handleAttributeUpdate,Complex Method,"designitejava,pmd,checkstyle",framework/cayenne-jdk1.5-unpublished/src/main/java/org/apache/cayenne/map/DbEntity.java,framework/cayenne-jdk1.5-unpublished/src/main/java/org/apache/cayenne/map/DbEntity.java.DbEntity.handleAttributeUpdate.Complex Method,3.0B1,3.2M1,4.0.M2,10
cayenne,3.0B1,org.apache.cayenne.map,DbRelationship,getReverseRelationship,Complex Method,"designitejava,pmd",framework/cayenne-jdk1.5-unpublished/src/main/java/org/apache/cayenne/map/DbRelationship.java,framework/cayenne-jdk1.5-unpublished/src/main/java/org/apache/cayenne/map/DbRelationship.java.DbRelationship.getReverseRelationship.Complex Method,3.0B1,3.2M1,4.0.M2,10
cayenne,3.0B1,org.apache.cayenne.map,DbRelationship,targetPkSnapshotWithSrcSnapshot,Complex Method,"designitejava,pmd",framework/cayenne-jdk1.5-unpublished/src/main/java/org/apache/cayenne/map/DbRelationship.java,framework/cayenne-jdk1.5-unpublished/src/main/java/org/apache/cayenne/map/DbRelationship.java.DbRelationship.targetPkSnapshotWithSrcSnapshot.Complex Method,3.0B1,3.2M1,4.0.M2,10
cayenne,3.0B1,org.apache.cayenne.map,EntityResolver,,God Class,"pmd,checkstyle",framework/cayenne-jdk1.5-unpublished/src/main/java/org/apache/cayenne/map/EntityResolver.java,framework/cayenne-jdk1.5-unpublished/src/main/java/org/apache/cayenne/map/EntityResolver.java.EntityResolver..God Class,3.0B1,3.2M1,4.0.M2,10
cayenne,3.0B1,org.apache.cayenne.map,EntityResolver,constructCache,Complex Method,"designitejava,pmd,checkstyle",framework/cayenne-jdk1.5-unpublished/src/main/java/org/apache/cayenne/map/EntityResolver.java,framework/cayenne-jdk1.5-unpublished/src/main/java/org/apache/cayenne/map/EntityResolver.java.EntityResolver.constructCache.Complex Method,3.0B1,3.1.1,3.2M1,9
cayenne,3.0B1,org.apache.cayenne.map,EntityResolver,initCallbacks,Complex Method,"designitejava,pmd,checkstyle",framework/cayenne-jdk1.5-unpublished/src/main/java/org/apache/cayenne/map/EntityResolver.java,framework/cayenne-jdk1.5-unpublished/src/main/java/org/apache/cayenne/map/EntityResolver.java.EntityResolver.initCallbacks.Complex Method,3.0B1,3.2M1,4.0.M2,10
cayenne,3.0B1,org.apache.cayenne.map,MapLoader,,God Class,"pmd,checkstyle",framework/cayenne-jdk1.5-unpublished/src/main/java/org/apache/cayenne/map/MapLoader.java,framework/cayenne-jdk1.5-unpublished/src/main/java/org/apache/cayenne/map/MapLoader.java.MapLoader..God Class,3.0B1,3.2M1,4.0.M2,10
cayenne,3.2M1,org.apache.cayenne.map,MappingCache,index,Complex Method,"designitejava,pmd,checkstyle",framework/cayenne-jdk1.5-unpublished/src/main/java/org/apache/cayenne/map/MappingCache.java,framework/cayenne-jdk1.5-unpublished/src/main/java/org/apache/cayenne/map/MappingCache.java.MappingCache.index.Complex Method,3.2M1,3.2M1,4.0.M2,1
cayenne,3.0B1,org.apache.cayenne.map,ObjEntity,,God Class,"pmd,checkstyle",framework/cayenne-jdk1.5-unpublished/src/main/java/org/apache/cayenne/map/ObjEntity.java,framework/cayenne-jdk1.5-unpublished/src/main/java/org/apache/cayenne/map/ObjEntity.java.ObjEntity..God Class,3.0B1,3.2M1,4.0.M2,10
cayenne,3.0B1,org.apache.cayenne.map,ObjEntity,encodeAsXML,Complex Method,"designitejava,pmd,checkstyle",framework/cayenne-jdk1.5-unpublished/src/main/java/org/apache/cayenne/map/ObjEntity.java,framework/cayenne-jdk1.5-unpublished/src/main/java/org/apache/cayenne/map/ObjEntity.java.ObjEntity.encodeAsXML.Complex Method,3.0B1,3.2M1,4.0.M2,10
cayenne,3.0B1,org.apache.cayenne.map,ObjRelationship,,God Class,"pmd,checkstyle",framework/cayenne-jdk1.5-unpublished/src/main/java/org/apache/cayenne/map/ObjRelationship.java,framework/cayenne-jdk1.5-unpublished/src/main/java/org/apache/cayenne/map/ObjRelationship.java.ObjRelationship..God Class,3.0B1,3.2M1,4.0.M2,10
cayenne,3.0B1,org.apache.cayenne.map,ObjRelationship,getReverseRelationship,Complex Method,"designitejava,pmd",framework/cayenne-jdk1.5-unpublished/src/main/java/org/apache/cayenne/map/ObjRelationship.java,framework/cayenne-jdk1.5-unpublished/src/main/java/org/apache/cayenne/map/ObjRelationship.java.ObjRelationship.getReverseRelationship.Complex Method,3.0B1,3.2M1,4.0.M2,10
cayenne,3.0B1,org.apache.cayenne.merge,DbMerger,checkRelationshipsToDrop,Complex Method,"designitejava,pmd",framework/cayenne-jdk1.5-unpublished/src/main/java/org/apache/cayenne/merge/DbMerger.java,framework/cayenne-jdk1.5-unpublished/src/main/java/org/apache/cayenne/merge/DbMerger.java.DbMerger.checkRelationshipsToDrop.Complex Method,3.0B1,3.2M1,4.0.M2,10
cayenne,3.0B1,org.apache.cayenne.merge,DbMerger,checkRows,Complex Method,"designitejava,pmd,checkstyle",framework/cayenne-jdk1.5-unpublished/src/main/java/org/apache/cayenne/merge/DbMerger.java,framework/cayenne-jdk1.5-unpublished/src/main/java/org/apache/cayenne/merge/DbMerger.java.DbMerger.checkRows.Complex Method,3.0B1,3.2M1,4.0.M2,10
cayenne,3.0B1,org.apache.cayenne.merge,DbMerger,checkRows,Feature Envy,"designitejava,checkstyle",framework/cayenne-jdk1.5-unpublished/src/main/java/org/apache/cayenne/merge/DbMerger.java,framework/cayenne-jdk1.5-unpublished/src/main/java/org/apache/cayenne/merge/DbMerger.java.DbMerger.checkRows.Feature Envy,3.0B1,3.2M1,4.0.M2,10
cayenne,3.0B1,org.apache.cayenne.merge,DbMerger,createMergeTokens,Complex Method,"designitejava,pmd,checkstyle",framework/cayenne-jdk1.5-unpublished/src/main/java/org/apache/cayenne/merge/DbMerger.java,framework/cayenne-jdk1.5-unpublished/src/main/java/org/apache/cayenne/merge/DbMerger.java.DbMerger.createMergeTokens.Complex Method,3.0B1,3.2M1,4.0.M2,10
cayenne,3.0B1,org.apache.cayenne.merge,DbMerger,equalDbJoinCollections,Complex Method,"designitejava,pmd,checkstyle",framework/cayenne-jdk1.5-unpublished/src/main/java/org/apache/cayenne/merge/DbMerger.java,framework/cayenne-jdk1.5-unpublished/src/main/java/org/apache/cayenne/merge/DbMerger.java.DbMerger.equalDbJoinCollections.Complex Method,3.0B1,3.2M1,4.0.M2,10
cayenne,3.0B1,org.apache.cayenne.project,ApplicationProject,loadProject,Feature Envy,"designitejava,checkstyle",framework/cayenne-jdk1.5-unpublished/src/main/java/org/apache/cayenne/project/ApplicationProject.java,framework/cayenne-jdk1.5-unpublished/src/main/java/org/apache/cayenne/project/ApplicationProject.java.ApplicationProject.loadProject.Feature Envy,3.0B1,3.0.1,3.1M1,4
cayenne,3.0B1,org.apache.cayenne.project,ProjectConfigurator,reconfigureProject,Complex Method,"designitejava,pmd,checkstyle",framework/cayenne-jdk1.5-unpublished/src/main/java/org/apache/cayenne/project/ProjectConfigurator.java,framework/cayenne-jdk1.5-unpublished/src/main/java/org/apache/cayenne/project/ProjectConfigurator.java.ProjectConfigurator.reconfigureProject.Complex Method,3.0B1,3.0.1,3.1M1,4
cayenne,3.0B1,org.apache.cayenne.project,ProjectTraversal,traverse,Complex Method,"designitejava,pmd,checkstyle",framework/cayenne-jdk1.5-unpublished/src/main/java/org/apache/cayenne/project/ProjectTraversal.java,framework/cayenne-jdk1.5-unpublished/src/main/java/org/apache/cayenne/project/ProjectTraversal.java.ProjectTraversal.traverse.Complex Method,3.0B1,3.0.1,3.1M1,4
cayenne,3.0B1,org.apache.cayenne.project.validator,DbRelationshipValidator,validateObject,Complex Method,"designitejava,pmd,checkstyle",framework/cayenne-jdk1.5-unpublished/src/main/java/org/apache/cayenne/project/validator/DbRelationshipValidator.java,framework/cayenne-jdk1.5-unpublished/src/main/java/org/apache/cayenne/project/validator/DbRelationshipValidator.java.DbRelationshipValidator.validateObject.Complex Method,3.0B1,3.0.1,3.1M1,4
cayenne,3.0B1,org.apache.cayenne.project.validator,EmbeddableValidator,validateName,Complex Method,"designitejava,pmd",framework/cayenne-jdk1.5-unpublished/src/main/java/org/apache/cayenne/project/validator/EmbeddableValidator.java,framework/cayenne-jdk1.5-unpublished/src/main/java/org/apache/cayenne/project/validator/EmbeddableValidator.java.EmbeddableValidator.validateName.Complex Method,3.0B1,3.0.1,3.1M1,4
cayenne,3.0B1,org.apache.cayenne.project.validator,ObjAttributeValidator,validateObject,Complex Method,"designitejava,pmd,checkstyle",framework/cayenne-jdk1.5-unpublished/src/main/java/org/apache/cayenne/project/validator/ObjAttributeValidator.java,framework/cayenne-jdk1.5-unpublished/src/main/java/org/apache/cayenne/project/validator/ObjAttributeValidator.java.ObjAttributeValidator.validateObject.Complex Method,3.0B1,3.0.1,3.1M1,4
cayenne,3.0B1,org.apache.cayenne.project.validator,ObjEntityValidator,validateName,Complex Method,"designitejava,pmd,checkstyle",framework/cayenne-jdk1.5-unpublished/src/main/java/org/apache/cayenne/project/validator/ObjEntityValidator.java,framework/cayenne-jdk1.5-unpublished/src/main/java/org/apache/cayenne/project/validator/ObjEntityValidator.java.ObjEntityValidator.validateName.Complex Method,3.0B1,3.0.1,3.1M1,4
cayenne,3.0B1,org.apache.cayenne.project.validator,ObjRelationshipValidator,validateObject,Complex Method,"designitejava,pmd,checkstyle",framework/cayenne-jdk1.5-unpublished/src/main/java/org/apache/cayenne/project/validator/ObjRelationshipValidator.java,framework/cayenne-jdk1.5-unpublished/src/main/java/org/apache/cayenne/project/validator/ObjRelationshipValidator.java.ObjRelationshipValidator.validateObject.Complex Method,3.0B1,3.0.1,3.1M1,4
cayenne,3.0B1,org.apache.cayenne.project.validator,TreeNodeValidator,validate,Complex Method,"designitejava,pmd,checkstyle",framework/cayenne-jdk1.5-unpublished/src/main/java/org/apache/cayenne/project/validator/TreeNodeValidator.java,framework/cayenne-jdk1.5-unpublished/src/main/java/org/apache/cayenne/project/validator/TreeNodeValidator.java.TreeNodeValidator.validate.Complex Method,3.0B1,3.0.1,3.1M1,4
cayenne,3.0B1,org.apache.cayenne.query,BaseQueryMetadata,encodeAsXML,Complex Method,"designitejava,checkstyle",framework/cayenne-jdk1.5-unpublished/src/main/java/org/apache/cayenne/query/BaseQueryMetadata.java,framework/cayenne-jdk1.5-unpublished/src/main/java/org/apache/cayenne/query/BaseQueryMetadata.java.BaseQueryMetadata.encodeAsXML.Complex Method,3.0B1,3.2M1,4.0.M2,10
cayenne,3.0B1,org.apache.cayenne.query,BaseQueryMetadata,resolve,Complex Method,"designitejava,pmd,checkstyle",framework/cayenne-jdk1.5-unpublished/src/main/java/org/apache/cayenne/query/BaseQueryMetadata.java,framework/cayenne-jdk1.5-unpublished/src/main/java/org/apache/cayenne/query/BaseQueryMetadata.java.BaseQueryMetadata.resolve.Complex Method,3.0B1,3.2M1,4.0.M2,10
cayenne,3.0B1,org.apache.cayenne.query,EJBQLQueryMetadata,resolve,Complex Method,"designitejava,pmd",framework/cayenne-jdk1.5-unpublished/src/main/java/org/apache/cayenne/query/EJBQLQueryMetadata.java,framework/cayenne-jdk1.5-unpublished/src/main/java/org/apache/cayenne/query/EJBQLQueryMetadata.java.EJBQLQueryMetadata.resolve.Complex Method,3.0B1,3.2M1,4.0.M2,10
cayenne,3.0B1,org.apache.cayenne.query,NamedQuery,equals,Complex Method,"designitejava,pmd,checkstyle",framework/cayenne-jdk1.5-unpublished/src/main/java/org/apache/cayenne/query/NamedQuery.java,framework/cayenne-jdk1.5-unpublished/src/main/java/org/apache/cayenne/query/NamedQuery.java.NamedQuery.equals.Complex Method,3.0B1,3.2M1,4.0.M2,10
cayenne,3.0B1,org.apache.cayenne.query,Ordering,compare,Complex Method,"pmd,checkstyle",framework/cayenne-jdk1.5-unpublished/src/main/java/org/apache/cayenne/query/Ordering.java,framework/cayenne-jdk1.5-unpublished/src/main/java/org/apache/cayenne/query/Ordering.java.Ordering.compare.Complex Method,3.0B1,3.2M1,4.0.M2,10
cayenne,3.0B1,org.apache.cayenne.query,ProcedureQueryMetadata,resolve,Complex Method,"designitejava,pmd,checkstyle",framework/cayenne-jdk1.5-unpublished/src/main/java/org/apache/cayenne/query/ProcedureQueryMetadata.java,framework/cayenne-jdk1.5-unpublished/src/main/java/org/apache/cayenne/query/ProcedureQueryMetadata.java.ProcedureQueryMetadata.resolve.Complex Method,3.0B1,3.2M1,4.0.M2,10
cayenne,3.0B1,org.apache.cayenne.query,SQLTemplate,,God Class,"pmd,checkstyle",framework/cayenne-jdk1.5-unpublished/src/main/java/org/apache/cayenne/query/SQLTemplate.java,framework/cayenne-jdk1.5-unpublished/src/main/java/org/apache/cayenne/query/SQLTemplate.java.SQLTemplate..God Class,3.0B1,3.2M1,4.0.M2,10
cayenne,3.0B1,org.apache.cayenne.query,SQLTemplate,encodeAsXML,Complex Method,"designitejava,pmd,checkstyle",framework/cayenne-jdk1.5-unpublished/src/main/java/org/apache/cayenne/query/SQLTemplate.java,framework/cayenne-jdk1.5-unpublished/src/main/java/org/apache/cayenne/query/SQLTemplate.java.SQLTemplate.encodeAsXML.Complex Method,3.0B1,3.2M1,4.0.M2,10
cayenne,3.0B1,org.apache.cayenne.query,SQLTemplateMetadata,resolve,Complex Method,"designitejava,pmd",framework/cayenne-jdk1.5-unpublished/src/main/java/org/apache/cayenne/query/SQLTemplateMetadata.java,framework/cayenne-jdk1.5-unpublished/src/main/java/org/apache/cayenne/query/SQLTemplateMetadata.java.SQLTemplateMetadata.resolve.Complex Method,3.0B1,3.2M1,4.0.M2,10
cayenne,3.0B1,org.apache.cayenne.query,SelectQuery,encodeAsXML,Complex Method,"designitejava,checkstyle",framework/cayenne-jdk1.5-unpublished/src/main/java/org/apache/cayenne/query/SelectQuery.java,framework/cayenne-jdk1.5-unpublished/src/main/java/org/apache/cayenne/query/SelectQuery.java.SelectQuery.encodeAsXML.Complex Method,3.0B1,3.2M1,4.0.M2,10
cayenne,3.0B1,org.apache.cayenne.query,SelectQueryMetadata,resolve,Complex Method,"designitejava,pmd,checkstyle",framework/cayenne-jdk1.5-unpublished/src/main/java/org/apache/cayenne/query/SelectQueryMetadata.java,framework/cayenne-jdk1.5-unpublished/src/main/java/org/apache/cayenne/query/SelectQueryMetadata.java.SelectQueryMetadata.resolve.Complex Method,3.0B1,3.2M1,4.0.M2,10
cayenne,3.1B1,org.apache.cayenne.reflect,LifecycleCallbackRegistry,addListener,Complex Method,"designitejava,pmd,checkstyle",framework/cayenne-jdk1.5-unpublished/src/main/java/org/apache/cayenne/reflect/LifecycleCallbackRegistry.java,framework/cayenne-jdk1.5-unpublished/src/main/java/org/apache/cayenne/reflect/LifecycleCallbackRegistry.java.LifecycleCallbackRegistry.addListener.Complex Method,3.1B1,3.2M1,4.0.M2,5
cayenne,3.1B1,org.apache.cayenne.reflect,LifecycleCallbackRegistry,getAnnotationsMap,Long Method,"Decor,designitejava",framework/cayenne-jdk1.5-unpublished/src/main/java/org/apache/cayenne/reflect/LifecycleCallbackRegistry.java,framework/cayenne-jdk1.5-unpublished/src/main/java/org/apache/cayenne/reflect/LifecycleCallbackRegistry.java.LifecycleCallbackRegistry.getAnnotationsMap.Long Method,3.1B1,3.2M1,4.0.M2,5
cayenne,3.0B1,org.apache.cayenne.reflect,PersistentDescriptorFactory,getDescriptor,Complex Method,"designitejava,pmd,checkstyle",framework/cayenne-jdk1.5-unpublished/src/main/java/org/apache/cayenne/reflect/PersistentDescriptorFactory.java,framework/cayenne-jdk1.5-unpublished/src/main/java/org/apache/cayenne/reflect/PersistentDescriptorFactory.java.PersistentDescriptorFactory.getDescriptor.Complex Method,3.0B1,3.2M1,4.0.M2,10
cayenne,3.0B1,org.apache.cayenne.remote,ClientChannel,onQuery,Complex Method,"designitejava,pmd",framework/cayenne-jdk1.5-unpublished/src/main/java/org/apache/cayenne/remote/ClientChannel.java,framework/cayenne-jdk1.5-unpublished/src/main/java/org/apache/cayenne/remote/ClientChannel.java.ClientChannel.onQuery.Complex Method,3.0B1,3.2M1,4.0.M2,10
cayenne,3.0B1,org.apache.cayenne.remote,ClientChannel,onSync,Complex Method,"designitejava,pmd,checkstyle",framework/cayenne-jdk1.5-unpublished/src/main/java/org/apache/cayenne/remote/ClientChannel.java,framework/cayenne-jdk1.5-unpublished/src/main/java/org/apache/cayenne/remote/ClientChannel.java.ClientChannel.onSync.Complex Method,3.0B1,3.2M1,4.0.M2,10
cayenne,3.0B1,org.apache.cayenne.remote,RemoteIncrementalFaultList,resolveInterval,Complex Method,"designitejava,pmd,checkstyle",framework/cayenne-jdk1.5-unpublished/src/main/java/org/apache/cayenne/remote/RemoteIncrementalFaultList.java,framework/cayenne-jdk1.5-unpublished/src/main/java/org/apache/cayenne/remote/RemoteIncrementalFaultList.java.RemoteIncrementalFaultList.resolveInterval.Complex Method,3.0B1,3.2M1,4.0.M2,10
cayenne,3.0B1,org.apache.cayenne.util,Base64Codec,encodeBase64,Complex Method,"designitejava,pmd,checkstyle",framework/cayenne-jdk1.5-unpublished/src/main/java/org/apache/cayenne/util/Base64Codec.java,framework/cayenne-jdk1.5-unpublished/src/main/java/org/apache/cayenne/util/Base64Codec.java.Base64Codec.encodeBase64.Complex Method,3.0B1,3.2M1,4.0.M2,10
cayenne,3.0B1,org.apache.cayenne.util,EntityMergeSupport,getAttributesToAdd,Complex Method,"designitejava,pmd,checkstyle",framework/cayenne-jdk1.5-unpublished/src/main/java/org/apache/cayenne/util/EntityMergeSupport.java,framework/cayenne-jdk1.5-unpublished/src/main/java/org/apache/cayenne/util/EntityMergeSupport.java.EntityMergeSupport.getAttributesToAdd.Complex Method,3.0B1,3.2M1,4.0.M2,10
cayenne,3.0B1,org.apache.cayenne.util,EqualsBuilder,,God Class,"pmd,checkstyle",framework/cayenne-jdk1.5-unpublished/src/main/java/org/apache/cayenne/util/EqualsBuilder.java,framework/cayenne-jdk1.5-unpublished/src/main/java/org/apache/cayenne/util/EqualsBuilder.java.EqualsBuilder..God Class,3.0B1,3.2M1,4.0.M2,10
cayenne,3.0B1,org.apache.cayenne.util,EqualsBuilder,append,Complex Method,"designitejava,pmd,checkstyle",framework/cayenne-jdk1.5-unpublished/src/main/java/org/apache/cayenne/util/EqualsBuilder.java,framework/cayenne-jdk1.5-unpublished/src/main/java/org/apache/cayenne/util/EqualsBuilder.java.EqualsBuilder.append.Complex Method,3.0B1,3.2M1,4.0.M2,10
cayenne,3.0B1,org.apache.cayenne.util,HashCodeBuilder,append,Complex Method,"designitejava,pmd,checkstyle",framework/cayenne-jdk1.5-unpublished/src/main/java/org/apache/cayenne/util/HashCodeBuilder.java,framework/cayenne-jdk1.5-unpublished/src/main/java/org/apache/cayenne/util/HashCodeBuilder.java.HashCodeBuilder.append.Complex Method,3.0B1,3.2M1,4.0.M2,10
cayenne,3.0B1,org.apache.cayenne.util,MemoryBlob,position,Complex Method,"designitejava,pmd,checkstyle",framework/cayenne-jdk1.5-unpublished/src/main/java/org/apache/cayenne/util/MemoryBlob.java,framework/cayenne-jdk1.5-unpublished/src/main/java/org/apache/cayenne/util/MemoryBlob.java.MemoryBlob.position.Complex Method,3.0B1,3.2M1,4.0.M2,10
cayenne,3.0B1,org.apache.cayenne.util,NameConverter,underscoredToJava,Complex Method,"designitejava,pmd,checkstyle",framework/cayenne-jdk1.5-unpublished/src/main/java/org/apache/cayenne/util/NameConverter.java,framework/cayenne-jdk1.5-unpublished/src/main/java/org/apache/cayenne/util/NameConverter.java.NameConverter.underscoredToJava.Complex Method,3.0B1,3.2M1,4.0.M2,10
cayenne,3.0B1,org.apache.cayenne.util,ObjectContextQueryAction,interceptObjectConversion,Feature Envy,"designitejava,checkstyle",framework/cayenne-jdk1.5-unpublished/src/main/java/org/apache/cayenne/util/ObjectContextQueryAction.java,framework/cayenne-jdk1.5-unpublished/src/main/java/org/apache/cayenne/util/ObjectContextQueryAction.java.ObjectContextQueryAction.interceptObjectConversion.Feature Envy,3.0B1,3.2M1,4.0.M2,10
cayenne,3.0B1,org.apache.cayenne.util,ObjectContextQueryAction,interceptRelationshipQuery,Complex Method,"designitejava,pmd,checkstyle",framework/cayenne-jdk1.5-unpublished/src/main/java/org/apache/cayenne/util/ObjectContextQueryAction.java,framework/cayenne-jdk1.5-unpublished/src/main/java/org/apache/cayenne/util/ObjectContextQueryAction.java.ObjectContextQueryAction.interceptRelationshipQuery.Complex Method,3.0B1,3.2M1,4.0.M2,10
cayenne,3.0B1,org.apache.cayenne.util,ObjectDetachOperation,detach,Complex Method,"designitejava,pmd",framework/cayenne-jdk1.5-unpublished/src/main/java/org/apache/cayenne/util/ObjectDetachOperation.java,framework/cayenne-jdk1.5-unpublished/src/main/java/org/apache/cayenne/util/ObjectDetachOperation.java.ObjectDetachOperation.detach.Complex Method,3.0B1,3.2M1,4.0.M2,10
cayenne,3.0B1,org.apache.cayenne.util,PersistentObjectList,mergeLocalChanges,Complex Method,"designitejava,pmd",framework/cayenne-jdk1.5-unpublished/src/main/java/org/apache/cayenne/util/PersistentObjectList.java,framework/cayenne-jdk1.5-unpublished/src/main/java/org/apache/cayenne/util/PersistentObjectList.java.PersistentObjectList.mergeLocalChanges.Complex Method,3.0B1,3.2M1,4.0.M2,10
cayenne,3.0B1,org.apache.cayenne.util,PersistentObjectSet,mergeLocalChanges,Complex Method,"designitejava,pmd",framework/cayenne-jdk1.5-unpublished/src/main/java/org/apache/cayenne/util/PersistentObjectSet.java,framework/cayenne-jdk1.5-unpublished/src/main/java/org/apache/cayenne/util/PersistentObjectSet.java.PersistentObjectSet.mergeLocalChanges.Complex Method,3.0B1,3.2M1,4.0.M2,10
cayenne,3.0B1,org.apache.cayenne.util,ResourceLocator,findResource,Complex Method,"designitejava,pmd,checkstyle",framework/cayenne-jdk1.5-unpublished/src/main/java/org/apache/cayenne/util/ResourceLocator.java,framework/cayenne-jdk1.5-unpublished/src/main/java/org/apache/cayenne/util/ResourceLocator.java.ResourceLocator.findResource.Complex Method,3.0B1,3.1.1,3.2M1,9
cayenne,3.1B1,org.apache.cayenne.util,ShallowMergeOperation,merge,Feature Envy,"designitejava,checkstyle",framework/cayenne-jdk1.5-unpublished/src/main/java/org/apache/cayenne/util/ShallowMergeOperation.java,framework/cayenne-jdk1.5-unpublished/src/main/java/org/apache/cayenne/util/ShallowMergeOperation.java.ShallowMergeOperation.merge.Feature Envy,3.1B1,3.2M1,4.0.M2,5
cayenne,3.0B1,org.apache.cayenne.util,ToStringBuilder,appendDetail,Complex Method,"designitejava,checkstyle",framework/cayenne-jdk1.5-unpublished/src/main/java/org/apache/cayenne/util/ToStringBuilder.java,framework/cayenne-jdk1.5-unpublished/src/main/java/org/apache/cayenne/util/ToStringBuilder.java.ToStringBuilder.appendDetail.Complex Method,3.0B1,3.2M1,4.0.M2,10
cayenne,3.0B1,org.apache.cayenne.util,Util,,God Class,"pmd,checkstyle",framework/cayenne-jdk1.5-unpublished/src/main/java/org/apache/cayenne/util/Util.java,framework/cayenne-jdk1.5-unpublished/src/main/java/org/apache/cayenne/util/Util.java.Util..God Class,3.0B1,3.2M1,4.0.M2,10
cayenne,3.0B1,org.apache.cayenne.util,Util,getJavaClass,Complex Method,"designitejava,pmd,checkstyle",framework/cayenne-jdk1.5-unpublished/src/main/java/org/apache/cayenne/util/Util.java,framework/cayenne-jdk1.5-unpublished/src/main/java/org/apache/cayenne/util/Util.java.Util.getJavaClass.Complex Method,3.0B1,3.1M1,3.1B1,5
cayenne,3.1B1,org.apache.cayenne.util.concurrentlinkedhashmap,ConcurrentLinkedHashMap,,God Class,"pmd,checkstyle",framework/cayenne-jdk1.5-unpublished/src/main/java/org/apache/cayenne/util/concurrentlinkedhashmap/ConcurrentLinkedHashMap.java,framework/cayenne-jdk1.5-unpublished/src/main/java/org/apache/cayenne/util/concurrentlinkedhashmap/ConcurrentLinkedHashMap.java.ConcurrentLinkedHashMap..God Class,3.1B1,3.2M1,4.0.M2,5
cayenne,3.0B1,org.apache.cayenne.wocompat,EOModelHelper,javaTypeForEOModelerType,Complex Method,"pmd,checkstyle",framework/cayenne-jdk1.5-unpublished/src/main/java/org/apache/cayenne/wocompat/EOModelHelper.java,framework/cayenne-jdk1.5-unpublished/src/main/java/org/apache/cayenne/wocompat/EOModelHelper.java.EOModelHelper.javaTypeForEOModelerType.Complex Method,3.0B1,3.0.1,3.1M1,4
cayenne,3.0B1,org.apache.cayenne.wocompat,EOModelProcessor,,God Class,"pmd,checkstyle",framework/cayenne-jdk1.5-unpublished/src/main/java/org/apache/cayenne/wocompat/EOModelProcessor.java,framework/cayenne-jdk1.5-unpublished/src/main/java/org/apache/cayenne/wocompat/EOModelProcessor.java.EOModelProcessor..God Class,3.0B1,3.0.1,3.1M1,4
cayenne,3.0B1,org.apache.cayenne.wocompat,EOModelProcessor,makeAttributes,Complex Method,"designitejava,pmd,checkstyle",framework/cayenne-jdk1.5-unpublished/src/main/java/org/apache/cayenne/wocompat/EOModelProcessor.java,framework/cayenne-jdk1.5-unpublished/src/main/java/org/apache/cayenne/wocompat/EOModelProcessor.java.EOModelProcessor.makeAttributes.Complex Method,3.0B1,3.0.1,3.1M1,4
cayenne,3.0B1,org.apache.cayenne.wocompat,EOModelProcessor,makeEntity,Complex Method,"designitejava,pmd",framework/cayenne-jdk1.5-unpublished/src/main/java/org/apache/cayenne/wocompat/EOModelProcessor.java,framework/cayenne-jdk1.5-unpublished/src/main/java/org/apache/cayenne/wocompat/EOModelProcessor.java.EOModelProcessor.makeEntity.Complex Method,3.0B1,3.0.1,3.1M1,4
cayenne,3.0B1,org.apache.cayenne.wocompat,EOModelProcessor,makeFlatRelationships,Complex Method,"designitejava,pmd",framework/cayenne-jdk1.5-unpublished/src/main/java/org/apache/cayenne/wocompat/EOModelProcessor.java,framework/cayenne-jdk1.5-unpublished/src/main/java/org/apache/cayenne/wocompat/EOModelProcessor.java.EOModelProcessor.makeFlatRelationships.Complex Method,3.0B1,3.0.1,3.1M1,4
cayenne,3.0B1,org.apache.cayenne.wocompat,EOModelProcessor,makeRelationships,Complex Method,"designitejava,pmd,checkstyle",framework/cayenne-jdk1.5-unpublished/src/main/java/org/apache/cayenne/wocompat/EOModelProcessor.java,framework/cayenne-jdk1.5-unpublished/src/main/java/org/apache/cayenne/wocompat/EOModelProcessor.java.EOModelProcessor.makeRelationships.Complex Method,3.0B1,3.0.1,3.1M1,4
cayenne,3.0B1,org.apache.cayenne.wocompat,EOQuery,initBindings,Complex Method,"designitejava,pmd,checkstyle",framework/cayenne-jdk1.5-unpublished/src/main/java/org/apache/cayenne/wocompat/EOQuery.java,framework/cayenne-jdk1.5-unpublished/src/main/java/org/apache/cayenne/wocompat/EOQuery.java.EOQuery.initBindings.Complex Method,3.0B1,3.0.1,3.1M1,4
cayenne,3.0B1,org.apache.cayenne.wocompat,EOQuery,initFromPlist,Complex Method,"designitejava,pmd,checkstyle",framework/cayenne-jdk1.5-unpublished/src/main/java/org/apache/cayenne/wocompat/EOQuery.java,framework/cayenne-jdk1.5-unpublished/src/main/java/org/apache/cayenne/wocompat/EOQuery.java.EOQuery.initFromPlist.Complex Method,3.0B1,3.0.1,3.1M1,4
cayenne,3.0B1,org.apache.cayenne.wocompat,PropertyListSerialization,writeObject,Complex Method,"designitejava,pmd,checkstyle",framework/cayenne-jdk1.5-unpublished/src/main/java/org/apache/cayenne/wocompat/PropertyListSerialization.java,framework/cayenne-jdk1.5-unpublished/src/main/java/org/apache/cayenne/wocompat/PropertyListSerialization.java.PropertyListSerialization.writeObject.Complex Method,3.0B1,3.0.1,3.1M1,4
cayenne,3.0B1,org.apache.cayenne.wocompat.parser,ParseException,add_escapes,Complex Method,"designitejava,checkstyle",framework/cayenne-jdk1.5-unpublished/src/main/java/org/apache/cayenne/wocompat/parser/ParseException.java,framework/cayenne-jdk1.5-unpublished/src/main/java/org/apache/cayenne/wocompat/parser/ParseException.java.ParseException.add_escapes.Complex Method,3.0B1,3.0.1,3.1M1,4
cayenne,3.0B1,org.apache.cayenne.wocompat.parser,ParseException,getMessage,Complex Method,"designitejava,pmd",framework/cayenne-jdk1.5-unpublished/src/main/java/org/apache/cayenne/wocompat/parser/ParseException.java,framework/cayenne-jdk1.5-unpublished/src/main/java/org/apache/cayenne/wocompat/parser/ParseException.java.ParseException.getMessage.Complex Method,3.0B1,3.0.1,3.1M1,4
cayenne,3.0B1,org.apache.cayenne.wocompat.parser,Parser,,God Class,"pmd,checkstyle",framework/cayenne-jdk1.5-unpublished/src/main/java/org/apache/cayenne/wocompat/parser/Parser.java,framework/cayenne-jdk1.5-unpublished/src/main/java/org/apache/cayenne/wocompat/parser/Parser.java.Parser..God Class,3.0B1,3.0.1,3.1M1,4
cayenne,3.0B1,org.apache.cayenne.wocompat.parser,Parser,generateParseException,Complex Method,"designitejava,pmd",framework/cayenne-jdk1.5-unpublished/src/main/java/org/apache/cayenne/wocompat/parser/Parser.java,framework/cayenne-jdk1.5-unpublished/src/main/java/org/apache/cayenne/wocompat/parser/Parser.java.Parser.generateParseException.Complex Method,3.0B1,3.0.1,3.1M1,4
cayenne,3.0B1,org.apache.cayenne.wocompat.parser,Parser,jj_add_error_token,Complex Method,"designitejava,pmd,checkstyle",framework/cayenne-jdk1.5-unpublished/src/main/java/org/apache/cayenne/wocompat/parser/Parser.java,framework/cayenne-jdk1.5-unpublished/src/main/java/org/apache/cayenne/wocompat/parser/Parser.java.Parser.jj_add_error_token.Complex Method,3.0B1,3.0.1,3.1M1,4
cayenne,3.0B1,org.apache.cayenne.wocompat.parser,Parser,map,Complex Method,"designitejava,pmd",framework/cayenne-jdk1.5-unpublished/src/main/java/org/apache/cayenne/wocompat/parser/Parser.java,framework/cayenne-jdk1.5-unpublished/src/main/java/org/apache/cayenne/wocompat/parser/Parser.java.Parser.map.Complex Method,3.0B1,3.0.1,3.1M1,4
cayenne,3.0B1,org.apache.cayenne.wocompat.parser,ParserTokenManager,,God Class,"pmd,checkstyle",framework/cayenne-jdk1.5-unpublished/src/main/java/org/apache/cayenne/wocompat/parser/ParserTokenManager.java,framework/cayenne-jdk1.5-unpublished/src/main/java/org/apache/cayenne/wocompat/parser/ParserTokenManager.java.ParserTokenManager..God Class,3.0B1,3.0.1,3.1M1,4
cayenne,3.0B1,org.apache.cayenne.wocompat.parser,ParserTokenManager,MoreLexicalActions,Complex Method,"designitejava,pmd,checkstyle",framework/cayenne-jdk1.5-unpublished/src/main/java/org/apache/cayenne/wocompat/parser/ParserTokenManager.java,framework/cayenne-jdk1.5-unpublished/src/main/java/org/apache/cayenne/wocompat/parser/ParserTokenManager.java.ParserTokenManager.MoreLexicalActions.Complex Method,3.0B1,3.0.1,3.1M1,4
cayenne,3.0B1,org.apache.cayenne.wocompat.parser,ParserTokenManager,getNextToken,Complex Method,"designitejava,pmd,checkstyle",framework/cayenne-jdk1.5-unpublished/src/main/java/org/apache/cayenne/wocompat/parser/ParserTokenManager.java,framework/cayenne-jdk1.5-unpublished/src/main/java/org/apache/cayenne/wocompat/parser/ParserTokenManager.java.ParserTokenManager.getNextToken.Complex Method,3.0B1,3.0.1,3.1M1,4
cayenne,3.0B1,org.apache.cayenne.wocompat.parser,ParserTokenManager,jjMoveNfa_0,Complex Method,"designitejava,pmd,checkstyle",framework/cayenne-jdk1.5-unpublished/src/main/java/org/apache/cayenne/wocompat/parser/ParserTokenManager.java,framework/cayenne-jdk1.5-unpublished/src/main/java/org/apache/cayenne/wocompat/parser/ParserTokenManager.java.ParserTokenManager.jjMoveNfa_0.Complex Method,3.0B1,3.0.1,3.1M1,4
cayenne,3.0B1,org.apache.cayenne.wocompat.parser,ParserTokenManager,jjMoveNfa_1,Complex Method,"designitejava,pmd,checkstyle",framework/cayenne-jdk1.5-unpublished/src/main/java/org/apache/cayenne/wocompat/parser/ParserTokenManager.java,framework/cayenne-jdk1.5-unpublished/src/main/java/org/apache/cayenne/wocompat/parser/ParserTokenManager.java.ParserTokenManager.jjMoveNfa_1.Complex Method,3.0B1,3.0.1,3.1M1,4
cayenne,3.0B1,org.apache.cayenne.wocompat.parser,ParserTokenManager,jjMoveNfa_2,Complex Method,"designitejava,pmd,checkstyle",framework/cayenne-jdk1.5-unpublished/src/main/java/org/apache/cayenne/wocompat/parser/ParserTokenManager.java,framework/cayenne-jdk1.5-unpublished/src/main/java/org/apache/cayenne/wocompat/parser/ParserTokenManager.java.ParserTokenManager.jjMoveNfa_2.Complex Method,3.0B1,3.0.1,3.1M1,4
cayenne,3.0B1,org.apache.cayenne.wocompat.parser,ParserTokenManager,jjMoveStringLiteralDfa1_2,Complex Method,"designitejava,pmd,checkstyle",framework/cayenne-jdk1.5-unpublished/src/main/java/org/apache/cayenne/wocompat/parser/ParserTokenManager.java,framework/cayenne-jdk1.5-unpublished/src/main/java/org/apache/cayenne/wocompat/parser/ParserTokenManager.java.ParserTokenManager.jjMoveStringLiteralDfa1_2.Complex Method,3.0B1,3.0.1,3.1M1,4
cayenne,3.0B1,org.apache.cayenne.wocompat.parser,SimpleCharStream,FillBuff,Complex Method,"designitejava,pmd",framework/cayenne-jdk1.5-unpublished/src/main/java/org/apache/cayenne/wocompat/parser/SimpleCharStream.java,framework/cayenne-jdk1.5-unpublished/src/main/java/org/apache/cayenne/wocompat/parser/SimpleCharStream.java.SimpleCharStream.FillBuff.Complex Method,3.0B1,3.0.1,3.1M1,4
cayenne,3.0B1,org.apache.cayenne.wocompat.parser,TokenMgrError,LexicalError,Long Parameter List,"designitejava,checkstyle",framework/cayenne-jdk1.5-unpublished/src/main/java/org/apache/cayenne/wocompat/parser/TokenMgrError.java,framework/cayenne-jdk1.5-unpublished/src/main/java/org/apache/cayenne/wocompat/parser/TokenMgrError.java.TokenMgrError.LexicalError.Long Parameter List,3.0B1,3.0.1,3.1M1,4
cayenne,3.0B1,org.apache.cayenne.wocompat.parser,TokenMgrError,addEscapes,Complex Method,"designitejava,checkstyle",framework/cayenne-jdk1.5-unpublished/src/main/java/org/apache/cayenne/wocompat/parser/TokenMgrError.java,framework/cayenne-jdk1.5-unpublished/src/main/java/org/apache/cayenne/wocompat/parser/TokenMgrError.java.TokenMgrError.addEscapes.Complex Method,3.0B1,3.0.1,3.1M1,4
cayenne,3.0B1,org.apache.cayenne.xml,XMLDecoder,decodeObject,Complex Method,"pmd,checkstyle",framework/cayenne-jdk1.5-unpublished/src/main/java/org/apache/cayenne/xml/XMLDecoder.java,framework/cayenne-jdk1.5-unpublished/src/main/java/org/apache/cayenne/xml/XMLDecoder.java.XMLDecoder.decodeObject.Complex Method,3.0B1,3.1.1,3.2M1,9
cayenne,3.1B1,org.apache.cayenne,CDOMany2OneTest,testMultipleToOneDeletion,Feature Envy,"designitejava,checkstyle",framework/cayenne-jdk1.5-unpublished/src/test/java/org/apache/cayenne/CDOMany2OneTest.java,framework/cayenne-jdk1.5-unpublished/src/test/java/org/apache/cayenne/CDOMany2OneTest.java.CDOMany2OneTest.testMultipleToOneDeletion.Feature Envy,3.1B1,3.2M1,4.0.M2,5
cayenne,3.1B1,org.apache.cayenne,CDOOne2ManyTest,testPropagatePK,Feature Envy,"designitejava,checkstyle",framework/cayenne-jdk1.5-unpublished/src/test/java/org/apache/cayenne/CDOOne2ManyTest.java,framework/cayenne-jdk1.5-unpublished/src/test/java/org/apache/cayenne/CDOOne2ManyTest.java.CDOOne2ManyTest.testPropagatePK.Feature Envy,3.1B1,3.2M1,4.0.M2,5
cayenne,3.0B1,org.apache.cayenne,CDOOneToOneFKTest,test2Null,Feature Envy,"designitejava,checkstyle",framework/cayenne-jdk1.5-unpublished/src/test/java/org/apache/cayenne/CDOOneToOneFKTest.java,framework/cayenne-jdk1.5-unpublished/src/test/java/org/apache/cayenne/CDOOneToOneFKTest.java.CDOOneToOneFKTest.test2Null.Feature Envy,3.0B1,3.1M1,3.1B1,5
cayenne,3.0B1,org.apache.cayenne,CDOOneToOneFKTest,testDelete,Feature Envy,"designitejava,checkstyle",framework/cayenne-jdk1.5-unpublished/src/test/java/org/apache/cayenne/CDOOneToOneFKTest.java,framework/cayenne-jdk1.5-unpublished/src/test/java/org/apache/cayenne/CDOOneToOneFKTest.java.CDOOneToOneFKTest.testDelete.Feature Envy,3.0B1,3.2M1,4.0.M2,10
cayenne,3.0B1,org.apache.cayenne,CDOOneToOneFKTest,testNewAdd,Feature Envy,"designitejava,checkstyle",framework/cayenne-jdk1.5-unpublished/src/test/java/org/apache/cayenne/CDOOneToOneFKTest.java,framework/cayenne-jdk1.5-unpublished/src/test/java/org/apache/cayenne/CDOOneToOneFKTest.java.CDOOneToOneFKTest.testNewAdd.Feature Envy,3.0B1,3.2M1,4.0.M2,10
cayenne,3.0B1,org.apache.cayenne,CDOOneToOneFKTest,testReadRelationship,Feature Envy,"designitejava,checkstyle",framework/cayenne-jdk1.5-unpublished/src/test/java/org/apache/cayenne/CDOOneToOneFKTest.java,framework/cayenne-jdk1.5-unpublished/src/test/java/org/apache/cayenne/CDOOneToOneFKTest.java.CDOOneToOneFKTest.testReadRelationship.Feature Envy,3.0B1,3.2M1,4.0.M2,10
cayenne,3.0B1,org.apache.cayenne,CDOOneToOneFKTest,testReplaceNull1,Feature Envy,"designitejava,checkstyle",framework/cayenne-jdk1.5-unpublished/src/test/java/org/apache/cayenne/CDOOneToOneFKTest.java,framework/cayenne-jdk1.5-unpublished/src/test/java/org/apache/cayenne/CDOOneToOneFKTest.java.CDOOneToOneFKTest.testReplaceNull1.Feature Envy,3.0B1,3.1M1,3.1B1,5
cayenne,3.0B1,org.apache.cayenne,CDOOneToOneFKTest,testReplaceNull2,Feature Envy,"designitejava,checkstyle",framework/cayenne-jdk1.5-unpublished/src/test/java/org/apache/cayenne/CDOOneToOneFKTest.java,framework/cayenne-jdk1.5-unpublished/src/test/java/org/apache/cayenne/CDOOneToOneFKTest.java.CDOOneToOneFKTest.testReplaceNull2.Feature Envy,3.0B1,3.2M1,4.0.M2,10
cayenne,3.0B1,org.apache.cayenne,CDOOneToOneFKTest,testTakeObjectSnapshotDependentFault,Feature Envy,"designitejava,checkstyle",framework/cayenne-jdk1.5-unpublished/src/test/java/org/apache/cayenne/CDOOneToOneFKTest.java,framework/cayenne-jdk1.5-unpublished/src/test/java/org/apache/cayenne/CDOOneToOneFKTest.java.CDOOneToOneFKTest.testTakeObjectSnapshotDependentFault.Feature Envy,3.0B1,3.2M1,4.0.M2,10
cayenne,3.1M1,org.apache.cayenne,CayenneContextWithDataContextTest,deleteAndCreateTwoMeaningfulPKsDataSet,Feature Envy,"designitejava,checkstyle",framework/cayenne-jdk1.5-unpublished/src/test/java/org/apache/cayenne/CayenneContextWithDataContextTest.java,framework/cayenne-jdk1.5-unpublished/src/test/java/org/apache/cayenne/CayenneContextWithDataContextTest.java.CayenneContextWithDataContextTest.deleteAndCreateTwoMeaningfulPKsDataSet.Feature Envy,3.1M1,3.2M1,4.0.M2,6
cayenne,3.1M1,org.apache.cayenne,CayenneDataObjectInContextTest,testCommitChangesInBatch,Feature Envy,"designitejava,checkstyle",framework/cayenne-jdk1.5-unpublished/src/test/java/org/apache/cayenne/CayenneDataObjectInContextTest.java,framework/cayenne-jdk1.5-unpublished/src/test/java/org/apache/cayenne/CayenneDataObjectInContextTest.java.CayenneDataObjectInContextTest.testCommitChangesInBatch.Feature Envy,3.1M1,3.2M1,4.0.M2,6
cayenne,3.1M1,org.apache.cayenne,CayenneDataObjectInContextTest,testSnapshotVersion1,Feature Envy,"designitejava,checkstyle",framework/cayenne-jdk1.5-unpublished/src/test/java/org/apache/cayenne/CayenneDataObjectInContextTest.java,framework/cayenne-jdk1.5-unpublished/src/test/java/org/apache/cayenne/CayenneDataObjectInContextTest.java.CayenneDataObjectInContextTest.testSnapshotVersion1.Feature Envy,3.1M1,3.2M1,4.0.M2,6
cayenne,3.1M1,org.apache.cayenne,CayenneDataObjectInContextTest,testSnapshotVersion3,Feature Envy,"designitejava,checkstyle",framework/cayenne-jdk1.5-unpublished/src/test/java/org/apache/cayenne/CayenneDataObjectInContextTest.java,framework/cayenne-jdk1.5-unpublished/src/test/java/org/apache/cayenne/CayenneDataObjectInContextTest.java.CayenneDataObjectInContextTest.testSnapshotVersion3.Feature Envy,3.1M1,3.2M1,4.0.M2,6
cayenne,3.1M1,org.apache.cayenne,CayenneDataObjectInContextTest,testStateCommittedToDeleted,Feature Envy,"designitejava,checkstyle",framework/cayenne-jdk1.5-unpublished/src/test/java/org/apache/cayenne/CayenneDataObjectInContextTest.java,framework/cayenne-jdk1.5-unpublished/src/test/java/org/apache/cayenne/CayenneDataObjectInContextTest.java.CayenneDataObjectInContextTest.testStateCommittedToDeleted.Feature Envy,3.1M1,3.2M1,4.0.M2,6
cayenne,3.1M1,org.apache.cayenne,CayenneDataObjectInContextTest,testStateCommittedToModified,Feature Envy,"designitejava,checkstyle",framework/cayenne-jdk1.5-unpublished/src/test/java/org/apache/cayenne/CayenneDataObjectInContextTest.java,framework/cayenne-jdk1.5-unpublished/src/test/java/org/apache/cayenne/CayenneDataObjectInContextTest.java.CayenneDataObjectInContextTest.testStateCommittedToModified.Feature Envy,3.1M1,3.2M1,4.0.M2,6
cayenne,3.1M1,org.apache.cayenne,CayenneDataObjectInContextTest,testStateDeletedToTransient,Feature Envy,"designitejava,checkstyle",framework/cayenne-jdk1.5-unpublished/src/test/java/org/apache/cayenne/CayenneDataObjectInContextTest.java,framework/cayenne-jdk1.5-unpublished/src/test/java/org/apache/cayenne/CayenneDataObjectInContextTest.java.CayenneDataObjectInContextTest.testStateDeletedToTransient.Feature Envy,3.1M1,3.2M1,4.0.M2,6
cayenne,3.1M1,org.apache.cayenne,CayenneDataObjectInContextTest,testStateModifiedToCommitted,Feature Envy,"designitejava,checkstyle",framework/cayenne-jdk1.5-unpublished/src/test/java/org/apache/cayenne/CayenneDataObjectInContextTest.java,framework/cayenne-jdk1.5-unpublished/src/test/java/org/apache/cayenne/CayenneDataObjectInContextTest.java.CayenneDataObjectInContextTest.testStateModifiedToCommitted.Feature Envy,3.1M1,3.2M1,4.0.M2,6
cayenne,3.1M1,org.apache.cayenne,CayenneDataObjectRelationshipsTest,testReflexiveRelationshipInsertOrder1,Feature Envy,"designitejava,checkstyle",framework/cayenne-jdk1.5-unpublished/src/test/java/org/apache/cayenne/CayenneDataObjectRelationshipsTest.java,framework/cayenne-jdk1.5-unpublished/src/test/java/org/apache/cayenne/CayenneDataObjectRelationshipsTest.java.CayenneDataObjectRelationshipsTest.testReflexiveRelationshipInsertOrder1.Feature Envy,3.1M1,3.2M1,4.0.M2,6
cayenne,3.1M1,org.apache.cayenne,CayenneDataObjectRelationshipsTest,testReflexiveRelationshipInsertOrder2,Feature Envy,"designitejava,checkstyle",framework/cayenne-jdk1.5-unpublished/src/test/java/org/apache/cayenne/CayenneDataObjectRelationshipsTest.java,framework/cayenne-jdk1.5-unpublished/src/test/java/org/apache/cayenne/CayenneDataObjectRelationshipsTest.java.CayenneDataObjectRelationshipsTest.testReflexiveRelationshipInsertOrder2.Feature Envy,3.1M1,3.2M1,4.0.M2,6
cayenne,3.1M1,org.apache.cayenne,CayenneDataObjectRelationshipsTest,testReflexiveRelationshipInsertOrder3,Feature Envy,"designitejava,checkstyle",framework/cayenne-jdk1.5-unpublished/src/test/java/org/apache/cayenne/CayenneDataObjectRelationshipsTest.java,framework/cayenne-jdk1.5-unpublished/src/test/java/org/apache/cayenne/CayenneDataObjectRelationshipsTest.java.CayenneDataObjectRelationshipsTest.testReflexiveRelationshipInsertOrder3.Feature Envy,3.1M1,3.2M1,4.0.M2,6
cayenne,3.1M1,org.apache.cayenne,CayenneDataObjectRelationshipsTest,testReflexiveRelationshipInsertOrder4,Feature Envy,"designitejava,checkstyle",framework/cayenne-jdk1.5-unpublished/src/test/java/org/apache/cayenne/CayenneDataObjectRelationshipsTest.java,framework/cayenne-jdk1.5-unpublished/src/test/java/org/apache/cayenne/CayenneDataObjectRelationshipsTest.java.CayenneDataObjectRelationshipsTest.testReflexiveRelationshipInsertOrder4.Feature Envy,3.1M1,3.2M1,4.0.M2,6
cayenne,3.0B1,org.apache.cayenne,FlattenedRelationshipsTest,testInsertJoinWithPK,Feature Envy,"designitejava,checkstyle",framework/cayenne-jdk1.5-unpublished/src/test/java/org/apache/cayenne/FlattenedRelationshipsTest.java,framework/cayenne-jdk1.5-unpublished/src/test/java/org/apache/cayenne/FlattenedRelationshipsTest.java.FlattenedRelationshipsTest.testInsertJoinWithPK.Feature Envy,3.0B1,3.2M1,4.0.M2,10
cayenne,3.0B1,org.apache.cayenne,FlattenedRelationshipsTest,testQualifyOnToManyFlattened,Feature Envy,"designitejava,checkstyle",framework/cayenne-jdk1.5-unpublished/src/test/java/org/apache/cayenne/FlattenedRelationshipsTest.java,framework/cayenne-jdk1.5-unpublished/src/test/java/org/apache/cayenne/FlattenedRelationshipsTest.java.FlattenedRelationshipsTest.testQualifyOnToManyFlattened.Feature Envy,3.0B1,3.2M1,4.0.M2,10
cayenne,3.0B1,org.apache.cayenne,FlattenedRelationshipsTest,testToOneSeriesFlattenedRel,Feature Envy,"designitejava,checkstyle",framework/cayenne-jdk1.5-unpublished/src/test/java/org/apache/cayenne/FlattenedRelationshipsTest.java,framework/cayenne-jdk1.5-unpublished/src/test/java/org/apache/cayenne/FlattenedRelationshipsTest.java.FlattenedRelationshipsTest.testToOneSeriesFlattenedRel.Feature Envy,3.0B1,3.2M1,4.0.M2,10
cayenne,3.0B1,org.apache.cayenne,FlattenedRelationshipsTest,testUnsetJoinWithPK,Feature Envy,"designitejava,checkstyle",framework/cayenne-jdk1.5-unpublished/src/test/java/org/apache/cayenne/FlattenedRelationshipsTest.java,framework/cayenne-jdk1.5-unpublished/src/test/java/org/apache/cayenne/FlattenedRelationshipsTest.java.FlattenedRelationshipsTest.testUnsetJoinWithPK.Feature Envy,3.0B1,3.2M1,4.0.M2,10
cayenne,3.0B1,org.apache.cayenne.access,DataContexQuoteTest,testPrefetchQuote,Feature Envy,"designitejava,checkstyle",framework/cayenne-jdk1.5-unpublished/src/test/java/org/apache/cayenne/access/DataContexQuoteTest.java,framework/cayenne-jdk1.5-unpublished/src/test/java/org/apache/cayenne/access/DataContexQuoteTest.java.DataContexQuoteTest.testPrefetchQuote.Feature Envy,3.0B1,3.0.1,3.1M1,4
cayenne,3.0B1,org.apache.cayenne.access,DataContextBinaryPKTest,testFetchRelationshipBinaryPK,Feature Envy,"designitejava,checkstyle",framework/cayenne-jdk1.5-unpublished/src/test/java/org/apache/cayenne/access/DataContextBinaryPKTest.java,framework/cayenne-jdk1.5-unpublished/src/test/java/org/apache/cayenne/access/DataContextBinaryPKTest.java.DataContextBinaryPKTest.testFetchRelationshipBinaryPK.Feature Envy,3.0B1,3.2M1,4.0.M2,10
cayenne,3.0B1,org.apache.cayenne.access,DataContextBlobTest,runWithBlobSize,Feature Envy,"designitejava,checkstyle",framework/cayenne-jdk1.5-unpublished/src/test/java/org/apache/cayenne/access/DataContextBlobTest.java,framework/cayenne-jdk1.5-unpublished/src/test/java/org/apache/cayenne/access/DataContextBlobTest.java.DataContextBlobTest.runWithBlobSize.Feature Envy,3.0B1,3.2M1,4.0.M2,10
cayenne,3.0B1,org.apache.cayenne.access,DataContextCharPKTest,testUpdate,Feature Envy,"designitejava,checkstyle",framework/cayenne-jdk1.5-unpublished/src/test/java/org/apache/cayenne/access/DataContextCharPKTest.java,framework/cayenne-jdk1.5-unpublished/src/test/java/org/apache/cayenne/access/DataContextCharPKTest.java.DataContextCharPKTest.testUpdate.Feature Envy,3.0B1,3.2M1,4.0.M2,10
cayenne,3.1B1,org.apache.cayenne.access,DataContextCharTypeTest,testCharTrimming,Feature Envy,"designitejava,checkstyle",framework/cayenne-jdk1.5-unpublished/src/test/java/org/apache/cayenne/access/DataContextCharTypeTest.java,framework/cayenne-jdk1.5-unpublished/src/test/java/org/apache/cayenne/access/DataContextCharTypeTest.java.DataContextCharTypeTest.testCharTrimming.Feature Envy,3.1B1,3.2M1,4.0.M2,5
cayenne,3.0B1,org.apache.cayenne.access,DataContextClobTest,runWithClobSize,Feature Envy,"designitejava,checkstyle",framework/cayenne-jdk1.5-unpublished/src/test/java/org/apache/cayenne/access/DataContextClobTest.java,framework/cayenne-jdk1.5-unpublished/src/test/java/org/apache/cayenne/access/DataContextClobTest.java.DataContextClobTest.runWithClobSize.Feature Envy,3.0B1,3.2M1,4.0.M2,10
cayenne,3.0B1,org.apache.cayenne.access,DataContextCompoundRelTest,testFetchQualifyingToMany,Feature Envy,"designitejava,checkstyle",framework/cayenne-jdk1.5-unpublished/src/test/java/org/apache/cayenne/access/DataContextCompoundRelTest.java,framework/cayenne-jdk1.5-unpublished/src/test/java/org/apache/cayenne/access/DataContextCompoundRelTest.java.DataContextCompoundRelTest.testFetchQualifyingToMany.Feature Envy,3.0B1,3.2M1,4.0.M2,10
cayenne,3.0B1,org.apache.cayenne.access,DataContextCompoundRelTest,testFetchQualifyingToOne,Feature Envy,"designitejava,checkstyle",framework/cayenne-jdk1.5-unpublished/src/test/java/org/apache/cayenne/access/DataContextCompoundRelTest.java,framework/cayenne-jdk1.5-unpublished/src/test/java/org/apache/cayenne/access/DataContextCompoundRelTest.java.DataContextCompoundRelTest.testFetchQualifyingToOne.Feature Envy,3.0B1,3.2M1,4.0.M2,10
cayenne,3.0B1,org.apache.cayenne.access,DataContextCompoundRelTest,testInsert,Feature Envy,"designitejava,checkstyle",framework/cayenne-jdk1.5-unpublished/src/test/java/org/apache/cayenne/access/DataContextCompoundRelTest.java,framework/cayenne-jdk1.5-unpublished/src/test/java/org/apache/cayenne/access/DataContextCompoundRelTest.java.DataContextCompoundRelTest.testInsert.Feature Envy,3.0B1,3.2M1,4.0.M2,10
cayenne,3.0B1,org.apache.cayenne.access,DataContextDeleteRulesTest,testCascadeToMany,Feature Envy,"designitejava,checkstyle",framework/cayenne-jdk1.5-unpublished/src/test/java/org/apache/cayenne/access/DataContextDeleteRulesTest.java,framework/cayenne-jdk1.5-unpublished/src/test/java/org/apache/cayenne/access/DataContextDeleteRulesTest.java.DataContextDeleteRulesTest.testCascadeToMany.Feature Envy,3.0B1,3.2M1,4.0.M2,10
cayenne,3.0B1,org.apache.cayenne.access,DataContextDeleteRulesTest,testCascadeToManyFlattened,Feature Envy,"designitejava,checkstyle",framework/cayenne-jdk1.5-unpublished/src/test/java/org/apache/cayenne/access/DataContextDeleteRulesTest.java,framework/cayenne-jdk1.5-unpublished/src/test/java/org/apache/cayenne/access/DataContextDeleteRulesTest.java.DataContextDeleteRulesTest.testCascadeToManyFlattened.Feature Envy,3.0B1,3.2M1,4.0.M2,10
cayenne,3.0B1,org.apache.cayenne.access,DataContextDeleteRulesTest,testCascadeToOne,Feature Envy,"designitejava,checkstyle",framework/cayenne-jdk1.5-unpublished/src/test/java/org/apache/cayenne/access/DataContextDeleteRulesTest.java,framework/cayenne-jdk1.5-unpublished/src/test/java/org/apache/cayenne/access/DataContextDeleteRulesTest.java.DataContextDeleteRulesTest.testCascadeToOne.Feature Envy,3.0B1,3.2M1,4.0.M2,10
cayenne,3.0B1,org.apache.cayenne.access,DataContextDeleteRulesTest,testNullifyToMany,Feature Envy,"designitejava,checkstyle",framework/cayenne-jdk1.5-unpublished/src/test/java/org/apache/cayenne/access/DataContextDeleteRulesTest.java,framework/cayenne-jdk1.5-unpublished/src/test/java/org/apache/cayenne/access/DataContextDeleteRulesTest.java.DataContextDeleteRulesTest.testNullifyToMany.Feature Envy,3.0B1,3.2M1,4.0.M2,10
cayenne,3.0B1,org.apache.cayenne.access,DataContextDeleteRulesTest,testNullifyToManyFlattened,Feature Envy,"designitejava,checkstyle",framework/cayenne-jdk1.5-unpublished/src/test/java/org/apache/cayenne/access/DataContextDeleteRulesTest.java,framework/cayenne-jdk1.5-unpublished/src/test/java/org/apache/cayenne/access/DataContextDeleteRulesTest.java.DataContextDeleteRulesTest.testNullifyToManyFlattened.Feature Envy,3.0B1,3.2M1,4.0.M2,10
cayenne,3.0B1,org.apache.cayenne.access,DataContextDeleteRulesTest,testNullifyToOne,Feature Envy,"designitejava,checkstyle",framework/cayenne-jdk1.5-unpublished/src/test/java/org/apache/cayenne/access/DataContextDeleteRulesTest.java,framework/cayenne-jdk1.5-unpublished/src/test/java/org/apache/cayenne/access/DataContextDeleteRulesTest.java.DataContextDeleteRulesTest.testNullifyToOne.Feature Envy,3.0B1,3.2M1,4.0.M2,10
cayenne,3.1M1,org.apache.cayenne.access,DataContextEJBQLFunctionalExpressionsTemp,testABS,Feature Envy,"designitejava,checkstyle",framework/cayenne-jdk1.5-unpublished/src/test/java/org/apache/cayenne/access/DataContextEJBQLFunctionalExpressionsTemp.java,framework/cayenne-jdk1.5-unpublished/src/test/java/org/apache/cayenne/access/DataContextEJBQLFunctionalExpressionsTemp.java.DataContextEJBQLFunctionalExpressionsTemp.testABS.Feature Envy,3.1M1,3.2M1,4.0.M2,6
cayenne,3.1M1,org.apache.cayenne.access,DataContextEJBQLFunctionalExpressionsTemp,testCONCAT,Feature Envy,"designitejava,checkstyle",framework/cayenne-jdk1.5-unpublished/src/test/java/org/apache/cayenne/access/DataContextEJBQLFunctionalExpressionsTemp.java,framework/cayenne-jdk1.5-unpublished/src/test/java/org/apache/cayenne/access/DataContextEJBQLFunctionalExpressionsTemp.java.DataContextEJBQLFunctionalExpressionsTemp.testCONCAT.Feature Envy,3.1M1,3.2M1,4.0.M2,6
cayenne,3.1M1,org.apache.cayenne.access,DataContextEJBQLFunctionalExpressionsTemp,testCURRENT_DATE,Feature Envy,"designitejava,checkstyle",framework/cayenne-jdk1.5-unpublished/src/test/java/org/apache/cayenne/access/DataContextEJBQLFunctionalExpressionsTemp.java,framework/cayenne-jdk1.5-unpublished/src/test/java/org/apache/cayenne/access/DataContextEJBQLFunctionalExpressionsTemp.java.DataContextEJBQLFunctionalExpressionsTemp.testCURRENT_DATE.Feature Envy,3.1M1,3.2M1,4.0.M2,6
cayenne,3.1M1,org.apache.cayenne.access,DataContextEJBQLFunctionalExpressionsTemp,testCURRENT_TIME,Feature Envy,"designitejava,checkstyle",framework/cayenne-jdk1.5-unpublished/src/test/java/org/apache/cayenne/access/DataContextEJBQLFunctionalExpressionsTemp.java,framework/cayenne-jdk1.5-unpublished/src/test/java/org/apache/cayenne/access/DataContextEJBQLFunctionalExpressionsTemp.java.DataContextEJBQLFunctionalExpressionsTemp.testCURRENT_TIME.Feature Envy,3.1M1,3.2M1,4.0.M2,6
cayenne,3.1M1,org.apache.cayenne.access,DataContextEJBQLFunctionalExpressionsTemp,testCURRENT_TIMESTAMP,Feature Envy,"designitejava,checkstyle",framework/cayenne-jdk1.5-unpublished/src/test/java/org/apache/cayenne/access/DataContextEJBQLFunctionalExpressionsTemp.java,framework/cayenne-jdk1.5-unpublished/src/test/java/org/apache/cayenne/access/DataContextEJBQLFunctionalExpressionsTemp.java.DataContextEJBQLFunctionalExpressionsTemp.testCURRENT_TIMESTAMP.Feature Envy,3.1M1,3.2M1,4.0.M2,6
cayenne,3.1M1,org.apache.cayenne.access,DataContextEJBQLFunctionalExpressionsTemp,testLENGTH,Feature Envy,"designitejava,checkstyle",framework/cayenne-jdk1.5-unpublished/src/test/java/org/apache/cayenne/access/DataContextEJBQLFunctionalExpressionsTemp.java,framework/cayenne-jdk1.5-unpublished/src/test/java/org/apache/cayenne/access/DataContextEJBQLFunctionalExpressionsTemp.java.DataContextEJBQLFunctionalExpressionsTemp.testLENGTH.Feature Envy,3.1M1,3.2M1,4.0.M2,6
cayenne,3.1M1,org.apache.cayenne.access,DataContextEJBQLFunctionalExpressionsTemp,testLOCATE,Feature Envy,"designitejava,checkstyle",framework/cayenne-jdk1.5-unpublished/src/test/java/org/apache/cayenne/access/DataContextEJBQLFunctionalExpressionsTemp.java,framework/cayenne-jdk1.5-unpublished/src/test/java/org/apache/cayenne/access/DataContextEJBQLFunctionalExpressionsTemp.java.DataContextEJBQLFunctionalExpressionsTemp.testLOCATE.Feature Envy,3.1M1,3.2M1,4.0.M2,6
cayenne,3.1M1,org.apache.cayenne.access,DataContextEJBQLFunctionalExpressionsTemp,testLOWER,Feature Envy,"designitejava,checkstyle",framework/cayenne-jdk1.5-unpublished/src/test/java/org/apache/cayenne/access/DataContextEJBQLFunctionalExpressionsTemp.java,framework/cayenne-jdk1.5-unpublished/src/test/java/org/apache/cayenne/access/DataContextEJBQLFunctionalExpressionsTemp.java.DataContextEJBQLFunctionalExpressionsTemp.testLOWER.Feature Envy,3.1M1,3.2M1,4.0.M2,6
cayenne,3.1M1,org.apache.cayenne.access,DataContextEJBQLFunctionalExpressionsTemp,testMOD,Feature Envy,"designitejava,checkstyle",framework/cayenne-jdk1.5-unpublished/src/test/java/org/apache/cayenne/access/DataContextEJBQLFunctionalExpressionsTemp.java,framework/cayenne-jdk1.5-unpublished/src/test/java/org/apache/cayenne/access/DataContextEJBQLFunctionalExpressionsTemp.java.DataContextEJBQLFunctionalExpressionsTemp.testMOD.Feature Envy,3.1M1,3.2M1,4.0.M2,6
cayenne,3.1M1,org.apache.cayenne.access,DataContextEJBQLFunctionalExpressionsTemp,testSIZE,Feature Envy,"designitejava,checkstyle",framework/cayenne-jdk1.5-unpublished/src/test/java/org/apache/cayenne/access/DataContextEJBQLFunctionalExpressionsTemp.java,framework/cayenne-jdk1.5-unpublished/src/test/java/org/apache/cayenne/access/DataContextEJBQLFunctionalExpressionsTemp.java.DataContextEJBQLFunctionalExpressionsTemp.testSIZE.Feature Envy,3.1M1,3.2M1,4.0.M2,6
cayenne,3.1M1,org.apache.cayenne.access,DataContextEJBQLFunctionalExpressionsTemp,testSQRT,Feature Envy,"designitejava,checkstyle",framework/cayenne-jdk1.5-unpublished/src/test/java/org/apache/cayenne/access/DataContextEJBQLFunctionalExpressionsTemp.java,framework/cayenne-jdk1.5-unpublished/src/test/java/org/apache/cayenne/access/DataContextEJBQLFunctionalExpressionsTemp.java.DataContextEJBQLFunctionalExpressionsTemp.testSQRT.Feature Envy,3.1M1,3.2M1,4.0.M2,6
cayenne,3.1M1,org.apache.cayenne.access,DataContextEJBQLFunctionalExpressionsTemp,testSUBSTRING,Feature Envy,"designitejava,checkstyle",framework/cayenne-jdk1.5-unpublished/src/test/java/org/apache/cayenne/access/DataContextEJBQLFunctionalExpressionsTemp.java,framework/cayenne-jdk1.5-unpublished/src/test/java/org/apache/cayenne/access/DataContextEJBQLFunctionalExpressionsTemp.java.DataContextEJBQLFunctionalExpressionsTemp.testSUBSTRING.Feature Envy,3.1M1,3.2M1,4.0.M2,6
cayenne,3.1M1,org.apache.cayenne.access,DataContextEJBQLFunctionalExpressionsTemp,testTRIM,Feature Envy,"designitejava,checkstyle",framework/cayenne-jdk1.5-unpublished/src/test/java/org/apache/cayenne/access/DataContextEJBQLFunctionalExpressionsTemp.java,framework/cayenne-jdk1.5-unpublished/src/test/java/org/apache/cayenne/access/DataContextEJBQLFunctionalExpressionsTemp.java.DataContextEJBQLFunctionalExpressionsTemp.testTRIM.Feature Envy,3.1M1,3.2M1,4.0.M2,6
cayenne,3.1M1,org.apache.cayenne.access,DataContextEJBQLFunctionalExpressionsTemp,testTRIMChar,Feature Envy,"designitejava,checkstyle",framework/cayenne-jdk1.5-unpublished/src/test/java/org/apache/cayenne/access/DataContextEJBQLFunctionalExpressionsTemp.java,framework/cayenne-jdk1.5-unpublished/src/test/java/org/apache/cayenne/access/DataContextEJBQLFunctionalExpressionsTemp.java.DataContextEJBQLFunctionalExpressionsTemp.testTRIMChar.Feature Envy,3.1M1,3.2M1,4.0.M2,6
cayenne,3.1M1,org.apache.cayenne.access,DataContextEJBQLFunctionalExpressionsTemp,testUPPER,Feature Envy,"designitejava,checkstyle",framework/cayenne-jdk1.5-unpublished/src/test/java/org/apache/cayenne/access/DataContextEJBQLFunctionalExpressionsTemp.java,framework/cayenne-jdk1.5-unpublished/src/test/java/org/apache/cayenne/access/DataContextEJBQLFunctionalExpressionsTemp.java.DataContextEJBQLFunctionalExpressionsTemp.testUPPER.Feature Envy,3.1M1,3.2M1,4.0.M2,6
cayenne,3.0B1,org.apache.cayenne.access,DataContextEntityWithMeaningfulPKTest,testChangeKey,Feature Envy,"designitejava,checkstyle",framework/cayenne-jdk1.5-unpublished/src/test/java/org/apache/cayenne/access/DataContextEntityWithMeaningfulPKTest.java,framework/cayenne-jdk1.5-unpublished/src/test/java/org/apache/cayenne/access/DataContextEntityWithMeaningfulPKTest.java.DataContextEntityWithMeaningfulPKTest.testChangeKey.Feature Envy,3.0B1,3.2M1,4.0.M2,10
cayenne,3.0B1,org.apache.cayenne.access,DataContextEntityWithMeaningfulPKTest,testGeneratedKey,Feature Envy,"designitejava,checkstyle",framework/cayenne-jdk1.5-unpublished/src/test/java/org/apache/cayenne/access/DataContextEntityWithMeaningfulPKTest.java,framework/cayenne-jdk1.5-unpublished/src/test/java/org/apache/cayenne/access/DataContextEntityWithMeaningfulPKTest.java.DataContextEntityWithMeaningfulPKTest.testGeneratedKey.Feature Envy,3.0B1,3.2M1,4.0.M2,10
cayenne,3.0B1,org.apache.cayenne.access,DataContextEntityWithMeaningfulPKTest,testToManyRelationshipWithMeaningfulPK1,Feature Envy,"designitejava,checkstyle",framework/cayenne-jdk1.5-unpublished/src/test/java/org/apache/cayenne/access/DataContextEntityWithMeaningfulPKTest.java,framework/cayenne-jdk1.5-unpublished/src/test/java/org/apache/cayenne/access/DataContextEntityWithMeaningfulPKTest.java.DataContextEntityWithMeaningfulPKTest.testToManyRelationshipWithMeaningfulPK1.Feature Envy,3.0B1,3.2M1,4.0.M2,10
cayenne,3.0B1,org.apache.cayenne.access,DataContextFlattenedAttributesTest,testDelete,Feature Envy,"designitejava,checkstyle",framework/cayenne-jdk1.5-unpublished/src/test/java/org/apache/cayenne/access/DataContextFlattenedAttributesTest.java,framework/cayenne-jdk1.5-unpublished/src/test/java/org/apache/cayenne/access/DataContextFlattenedAttributesTest.java.DataContextFlattenedAttributesTest.testDelete.Feature Envy,3.0B1,3.2M1,4.0.M2,10
cayenne,3.0B1,org.apache.cayenne.access,DataContextFlattenedAttributesTest,testInsert,Feature Envy,"designitejava,checkstyle",framework/cayenne-jdk1.5-unpublished/src/test/java/org/apache/cayenne/access/DataContextFlattenedAttributesTest.java,framework/cayenne-jdk1.5-unpublished/src/test/java/org/apache/cayenne/access/DataContextFlattenedAttributesTest.java.DataContextFlattenedAttributesTest.testInsert.Feature Envy,3.0B1,3.2M1,4.0.M2,10
cayenne,3.0B1,org.apache.cayenne.access,DataContextFlattenedAttributesTest,testUpdate,Feature Envy,"designitejava,checkstyle",framework/cayenne-jdk1.5-unpublished/src/test/java/org/apache/cayenne/access/DataContextFlattenedAttributesTest.java,framework/cayenne-jdk1.5-unpublished/src/test/java/org/apache/cayenne/access/DataContextFlattenedAttributesTest.java.DataContextFlattenedAttributesTest.testUpdate.Feature Envy,3.0B1,3.2M1,4.0.M2,10
cayenne,3.1M1,org.apache.cayenne.access,DataContextPrefetchTest,testPrefetch_ReflexiveRelationship,Feature Envy,"designitejava,checkstyle",framework/cayenne-jdk1.5-unpublished/src/test/java/org/apache/cayenne/access/DataContextPrefetchTest.java,framework/cayenne-jdk1.5-unpublished/src/test/java/org/apache/cayenne/access/DataContextPrefetchTest.java.DataContextPrefetchTest.testPrefetch_ReflexiveRelationship.Feature Envy,3.1M1,3.2M1,4.0.M2,6
cayenne,3.0B1,org.apache.cayenne.access,DataContextQueryCachingTest,testLocalCacheDataObjectsRefresh,Feature Envy,"designitejava,checkstyle",framework/cayenne-jdk1.5-unpublished/src/test/java/org/apache/cayenne/access/DataContextQueryCachingTest.java,framework/cayenne-jdk1.5-unpublished/src/test/java/org/apache/cayenne/access/DataContextQueryCachingTest.java.DataContextQueryCachingTest.testLocalCacheDataObjectsRefresh.Feature Envy,3.0B1,3.2M1,4.0.M2,10
cayenne,3.0B1,org.apache.cayenne.access,DataContextQueryCachingTest,testLocalCacheDataRowsRefresh,Feature Envy,"designitejava,checkstyle",framework/cayenne-jdk1.5-unpublished/src/test/java/org/apache/cayenne/access/DataContextQueryCachingTest.java,framework/cayenne-jdk1.5-unpublished/src/test/java/org/apache/cayenne/access/DataContextQueryCachingTest.java.DataContextQueryCachingTest.testLocalCacheDataRowsRefresh.Feature Envy,3.0B1,3.2M1,4.0.M2,10
cayenne,3.0B1,org.apache.cayenne.access,DataContextQueryCachingTest,testSharedCacheDataRowsRefresh,Feature Envy,"designitejava,checkstyle",framework/cayenne-jdk1.5-unpublished/src/test/java/org/apache/cayenne/access/DataContextQueryCachingTest.java,framework/cayenne-jdk1.5-unpublished/src/test/java/org/apache/cayenne/access/DataContextQueryCachingTest.java.DataContextQueryCachingTest.testSharedCacheDataRowsRefresh.Feature Envy,3.0B1,3.2M1,4.0.M2,10
cayenne,3.0B1,org.apache.cayenne.access,DataContextSharedCacheTest,testSnapshotEvictedAndChangedForModified,Feature Envy,"designitejava,checkstyle",framework/cayenne-jdk1.5-unpublished/src/test/java/org/apache/cayenne/access/DataContextSharedCacheTest.java,framework/cayenne-jdk1.5-unpublished/src/test/java/org/apache/cayenne/access/DataContextSharedCacheTest.java.DataContextSharedCacheTest.testSnapshotEvictedAndChangedForModified.Feature Envy,3.0B1,3.2M1,4.0.M2,10
cayenne,3.1M1,org.apache.cayenne.access,DataNodeQueriesTest,testPerfomQueriesSQLTemplate,Feature Envy,"designitejava,checkstyle",framework/cayenne-jdk1.5-unpublished/src/test/java/org/apache/cayenne/access/DataNodeQueriesTest.java,framework/cayenne-jdk1.5-unpublished/src/test/java/org/apache/cayenne/access/DataNodeQueriesTest.java.DataNodeQueriesTest.testPerfomQueriesSQLTemplate.Feature Envy,3.1M1,3.2M1,4.0.M2,6
cayenne,3.0B1,org.apache.cayenne.access,DataRowUtilsTest,testIsToOneTargetModified,Feature Envy,"designitejava,checkstyle",framework/cayenne-jdk1.5-unpublished/src/test/java/org/apache/cayenne/access/DataRowUtilsTest.java,framework/cayenne-jdk1.5-unpublished/src/test/java/org/apache/cayenne/access/DataRowUtilsTest.java.DataRowUtilsTest.testIsToOneTargetModified.Feature Envy,3.0B1,3.2M1,4.0.M2,10
cayenne,3.0B1,org.apache.cayenne.access,DataRowUtilsTest,testMerge,Feature Envy,"designitejava,checkstyle",framework/cayenne-jdk1.5-unpublished/src/test/java/org/apache/cayenne/access/DataRowUtilsTest.java,framework/cayenne-jdk1.5-unpublished/src/test/java/org/apache/cayenne/access/DataRowUtilsTest.java.DataRowUtilsTest.testMerge.Feature Envy,3.0B1,3.2M1,4.0.M2,10
cayenne,3.0B1,org.apache.cayenne.access,DateTimeTypesTest,testCalendar,Feature Envy,"designitejava,checkstyle",framework/cayenne-jdk1.5-unpublished/src/test/java/org/apache/cayenne/access/DateTimeTypesTest.java,framework/cayenne-jdk1.5-unpublished/src/test/java/org/apache/cayenne/access/DateTimeTypesTest.java.DateTimeTypesTest.testCalendar.Feature Envy,3.0B1,3.2M1,4.0.M2,10
cayenne,3.0B1,org.apache.cayenne.access,DateTimeTypesTest,testDate,Feature Envy,"designitejava,checkstyle",framework/cayenne-jdk1.5-unpublished/src/test/java/org/apache/cayenne/access/DateTimeTypesTest.java,framework/cayenne-jdk1.5-unpublished/src/test/java/org/apache/cayenne/access/DateTimeTypesTest.java.DateTimeTypesTest.testDate.Feature Envy,3.0B1,3.2M1,4.0.M2,10
cayenne,3.0B1,org.apache.cayenne.access,DateTimeTypesTest,testTime,Feature Envy,"designitejava,checkstyle",framework/cayenne-jdk1.5-unpublished/src/test/java/org/apache/cayenne/access/DateTimeTypesTest.java,framework/cayenne-jdk1.5-unpublished/src/test/java/org/apache/cayenne/access/DateTimeTypesTest.java.DateTimeTypesTest.testTime.Feature Envy,3.0B1,3.2M1,4.0.M2,10
cayenne,3.0B1,org.apache.cayenne.access,DateTimeTypesTest,testTimestamp,Feature Envy,"designitejava,checkstyle",framework/cayenne-jdk1.5-unpublished/src/test/java/org/apache/cayenne/access/DateTimeTypesTest.java,framework/cayenne-jdk1.5-unpublished/src/test/java/org/apache/cayenne/access/DateTimeTypesTest.java.DateTimeTypesTest.testTimestamp.Feature Envy,3.0B1,3.2M1,4.0.M2,10
cayenne,3.1B1,org.apache.cayenne.access,EmbeddingTest,createSelectDataSet,Feature Envy,"designitejava,checkstyle",framework/cayenne-jdk1.5-unpublished/src/test/java/org/apache/cayenne/access/EmbeddingTest.java,framework/cayenne-jdk1.5-unpublished/src/test/java/org/apache/cayenne/access/EmbeddingTest.java.EmbeddingTest.createSelectDataSet.Feature Envy,3.1B1,3.2M1,4.0.M2,5
cayenne,3.1M1,org.apache.cayenne.access,IdentityColumnsTest,testCAY823,Feature Envy,"designitejava,checkstyle",framework/cayenne-jdk1.5-unpublished/src/test/java/org/apache/cayenne/access/IdentityColumnsTest.java,framework/cayenne-jdk1.5-unpublished/src/test/java/org/apache/cayenne/access/IdentityColumnsTest.java.IdentityColumnsTest.testCAY823.Feature Envy,3.1M1,3.2M1,4.0.M2,6
cayenne,3.1M1,org.apache.cayenne.access,IdentityColumnsTest,testMultipleNewObjects,Feature Envy,"designitejava,checkstyle",framework/cayenne-jdk1.5-unpublished/src/test/java/org/apache/cayenne/access/IdentityColumnsTest.java,framework/cayenne-jdk1.5-unpublished/src/test/java/org/apache/cayenne/access/IdentityColumnsTest.java.IdentityColumnsTest.testMultipleNewObjects.Feature Envy,3.1M1,3.2M1,4.0.M2,6
cayenne,3.1M1,org.apache.cayenne.access,IdentityColumnsTest,testMultipleNewObjectsSeparateTables,Feature Envy,"designitejava,checkstyle",framework/cayenne-jdk1.5-unpublished/src/test/java/org/apache/cayenne/access/IdentityColumnsTest.java,framework/cayenne-jdk1.5-unpublished/src/test/java/org/apache/cayenne/access/IdentityColumnsTest.java.IdentityColumnsTest.testMultipleNewObjectsSeparateTables.Feature Envy,3.1M1,3.2M1,4.0.M2,6
cayenne,3.1M1,org.apache.cayenne.access,IdentityColumnsTest,testPropagateToDependent,Feature Envy,"designitejava,checkstyle",framework/cayenne-jdk1.5-unpublished/src/test/java/org/apache/cayenne/access/IdentityColumnsTest.java,framework/cayenne-jdk1.5-unpublished/src/test/java/org/apache/cayenne/access/IdentityColumnsTest.java.IdentityColumnsTest.testPropagateToDependent.Feature Envy,3.1M1,3.2M1,4.0.M2,6
cayenne,3.0B1,org.apache.cayenne.access,InheritanceTest,testCAY592,Feature Envy,"designitejava,checkstyle",framework/cayenne-jdk1.5-unpublished/src/test/java/org/apache/cayenne/access/InheritanceTest.java,framework/cayenne-jdk1.5-unpublished/src/test/java/org/apache/cayenne/access/InheritanceTest.java.InheritanceTest.testCAY592.Feature Envy,3.0B1,3.1M1,3.1B1,5
cayenne,3.0B1,org.apache.cayenne.access,InheritanceTest,testSave,Feature Envy,"designitejava,checkstyle",framework/cayenne-jdk1.5-unpublished/src/test/java/org/apache/cayenne/access/InheritanceTest.java,framework/cayenne-jdk1.5-unpublished/src/test/java/org/apache/cayenne/access/InheritanceTest.java.InheritanceTest.testSave.Feature Envy,3.0B1,3.1M1,3.1B1,5
cayenne,3.0B1,org.apache.cayenne.access,NumericTypesTest,testBigDecimal,Feature Envy,"designitejava,checkstyle",framework/cayenne-jdk1.5-unpublished/src/test/java/org/apache/cayenne/access/NumericTypesTest.java,framework/cayenne-jdk1.5-unpublished/src/test/java/org/apache/cayenne/access/NumericTypesTest.java.NumericTypesTest.testBigDecimal.Feature Envy,3.0B1,3.2M1,4.0.M2,10
cayenne,3.0B1,org.apache.cayenne.access,NumericTypesTest,testBigInteger,Feature Envy,"designitejava,checkstyle",framework/cayenne-jdk1.5-unpublished/src/test/java/org/apache/cayenne/access/NumericTypesTest.java,framework/cayenne-jdk1.5-unpublished/src/test/java/org/apache/cayenne/access/NumericTypesTest.java.NumericTypesTest.testBigInteger.Feature Envy,3.0B1,3.2M1,4.0.M2,10
cayenne,3.0B1,org.apache.cayenne.access,NumericTypesTest,testBooleanBit,Feature Envy,"designitejava,checkstyle",framework/cayenne-jdk1.5-unpublished/src/test/java/org/apache/cayenne/access/NumericTypesTest.java,framework/cayenne-jdk1.5-unpublished/src/test/java/org/apache/cayenne/access/NumericTypesTest.java.NumericTypesTest.testBooleanBit.Feature Envy,3.0B1,3.2M1,4.0.M2,10
cayenne,3.0B1,org.apache.cayenne.access,NumericTypesTest,testBooleanBoolean,Feature Envy,"designitejava,checkstyle",framework/cayenne-jdk1.5-unpublished/src/test/java/org/apache/cayenne/access/NumericTypesTest.java,framework/cayenne-jdk1.5-unpublished/src/test/java/org/apache/cayenne/access/NumericTypesTest.java.NumericTypesTest.testBooleanBoolean.Feature Envy,3.0B1,3.2M1,4.0.M2,10
cayenne,3.0B1,org.apache.cayenne.access,NumericTypesTest,testLong,Feature Envy,"designitejava,checkstyle",framework/cayenne-jdk1.5-unpublished/src/test/java/org/apache/cayenne/access/NumericTypesTest.java,framework/cayenne-jdk1.5-unpublished/src/test/java/org/apache/cayenne/access/NumericTypesTest.java.NumericTypesTest.testLong.Feature Envy,3.0B1,3.2M1,4.0.M2,10
cayenne,3.0B1,org.apache.cayenne.access,OptimisticLockingTest,testFailLockingOnToOne,Feature Envy,"designitejava,checkstyle",framework/cayenne-jdk1.5-unpublished/src/test/java/org/apache/cayenne/access/OptimisticLockingTest.java,framework/cayenne-jdk1.5-unpublished/src/test/java/org/apache/cayenne/access/OptimisticLockingTest.java.OptimisticLockingTest.testFailLockingOnToOne.Feature Envy,3.0B1,3.2M1,4.0.M2,10
cayenne,3.0B1,org.apache.cayenne.access,OptimisticLockingTest,testSuccessLockingOnMixed,Feature Envy,"designitejava,checkstyle",framework/cayenne-jdk1.5-unpublished/src/test/java/org/apache/cayenne/access/OptimisticLockingTest.java,framework/cayenne-jdk1.5-unpublished/src/test/java/org/apache/cayenne/access/OptimisticLockingTest.java.OptimisticLockingTest.testSuccessLockingOnMixed.Feature Envy,3.0B1,3.2M1,4.0.M2,10
cayenne,3.1M1,org.apache.cayenne.access,QuotedIdentifiersTest,testPrefetchQuote,Feature Envy,"designitejava,checkstyle",framework/cayenne-jdk1.5-unpublished/src/test/java/org/apache/cayenne/access/QuotedIdentifiersTest.java,framework/cayenne-jdk1.5-unpublished/src/test/java/org/apache/cayenne/access/QuotedIdentifiersTest.java.QuotedIdentifiersTest.testPrefetchQuote.Feature Envy,3.1M1,3.2M1,4.0.M2,6
cayenne,3.1M1,org.apache.cayenne.access,SingleTableInheritance1Test,testFlattenedNullifyNullifyDeleteRules,Feature Envy,"designitejava,checkstyle",framework/cayenne-jdk1.5-unpublished/src/test/java/org/apache/cayenne/access/SingleTableInheritance1Test.java,framework/cayenne-jdk1.5-unpublished/src/test/java/org/apache/cayenne/access/SingleTableInheritance1Test.java.SingleTableInheritance1Test.testFlattenedNullifyNullifyDeleteRules.Feature Envy,3.1M1,3.2M1,4.0.M2,6
cayenne,3.1M1,org.apache.cayenne.access,SingleTableInheritance1Test,testGroupActions,Feature Envy,"designitejava,checkstyle",framework/cayenne-jdk1.5-unpublished/src/test/java/org/apache/cayenne/access/SingleTableInheritance1Test.java,framework/cayenne-jdk1.5-unpublished/src/test/java/org/apache/cayenne/access/SingleTableInheritance1Test.java.SingleTableInheritance1Test.testGroupActions.Feature Envy,3.1M1,3.2M1,4.0.M2,6
cayenne,3.1M1,org.apache.cayenne.access,ToManyListTest,testRealRelationship,Feature Envy,"designitejava,checkstyle",framework/cayenne-jdk1.5-unpublished/src/test/java/org/apache/cayenne/access/ToManyListTest.java,framework/cayenne-jdk1.5-unpublished/src/test/java/org/apache/cayenne/access/ToManyListTest.java.ToManyListTest.testRealRelationship.Feature Envy,3.1M1,3.2M1,4.0.M2,6
cayenne,3.1M1,org.apache.cayenne.access,ToManyListTest,testRealRelationshipRollback,Feature Envy,"designitejava,checkstyle",framework/cayenne-jdk1.5-unpublished/src/test/java/org/apache/cayenne/access/ToManyListTest.java,framework/cayenne-jdk1.5-unpublished/src/test/java/org/apache/cayenne/access/ToManyListTest.java.ToManyListTest.testRealRelationshipRollback.Feature Envy,3.1M1,3.2M1,4.0.M2,6
cayenne,3.1M1,org.apache.cayenne.access,VerticalInheritanceTest,testDelete_Mix,Feature Envy,"designitejava,checkstyle",framework/cayenne-jdk1.5-unpublished/src/test/java/org/apache/cayenne/access/VerticalInheritanceTest.java,framework/cayenne-jdk1.5-unpublished/src/test/java/org/apache/cayenne/access/VerticalInheritanceTest.java.VerticalInheritanceTest.testDelete_Mix.Feature Envy,3.1M1,3.2M1,4.0.M2,6
cayenne,3.1B1,org.apache.cayenne.cache,QueryCacheTest,testLocalCache,Feature Envy,"designitejava,checkstyle",framework/cayenne-jdk1.5-unpublished/src/test/java/org/apache/cayenne/cache/QueryCacheTest.java,framework/cayenne-jdk1.5-unpublished/src/test/java/org/apache/cayenne/cache/QueryCacheTest.java.QueryCacheTest.testLocalCache.Feature Envy,3.1B1,3.2M1,4.0.M2,5
cayenne,3.0B1,org.apache.cayenne.conf,MockConfigLoaderDelegate,shouldLoadDataNode,Long Parameter List,"designitejava,checkstyle",framework/cayenne-jdk1.5-unpublished/src/test/java/org/apache/cayenne/conf/MockConfigLoaderDelegate.java,framework/cayenne-jdk1.5-unpublished/src/test/java/org/apache/cayenne/conf/MockConfigLoaderDelegate.java.MockConfigLoaderDelegate.shouldLoadDataNode.Long Parameter List,3.0B1,3.0.1,3.1M1,4
cayenne,3.0B1,org.apache.cayenne.dba,MockDbAdapter,buildAttribute,Long Parameter List,"designitejava,checkstyle",framework/cayenne-jdk1.5-unpublished/src/test/java/org/apache/cayenne/dba/MockDbAdapter.java,framework/cayenne-jdk1.5-unpublished/src/test/java/org/apache/cayenne/dba/MockDbAdapter.java.MockDbAdapter.buildAttribute.Long Parameter List,3.0B1,3.1M1,3.1B1,5
cayenne,3.1B1,org.apache.cayenne.exp,ExpressionFactoryTest,testEscapeCharacter,Feature Envy,"designitejava,checkstyle",framework/cayenne-jdk1.5-unpublished/src/test/java/org/apache/cayenne/exp/ExpressionFactoryTest.java,framework/cayenne-jdk1.5-unpublished/src/test/java/org/apache/cayenne/exp/ExpressionFactoryTest.java.ExpressionFactoryTest.testEscapeCharacter.Feature Envy,3.1B1,3.2M1,4.0.M2,5
cayenne,3.1B1,org.apache.cayenne.query,SelectQueryTest,testSelect_MatchObject,Feature Envy,"designitejava,checkstyle",framework/cayenne-jdk1.5-unpublished/src/test/java/org/apache/cayenne/query/SelectQueryTest.java,framework/cayenne-jdk1.5-unpublished/src/test/java/org/apache/cayenne/query/SelectQueryTest.java.SelectQueryTest.testSelect_MatchObject.Feature Envy,3.1B1,3.2M1,4.0.M2,5
cayenne,3.1B1,org.apache.cayenne.query,SelectQueryTest,testSelect_WithOrdering,Feature Envy,"designitejava,checkstyle",framework/cayenne-jdk1.5-unpublished/src/test/java/org/apache/cayenne/query/SelectQueryTest.java,framework/cayenne-jdk1.5-unpublished/src/test/java/org/apache/cayenne/query/SelectQueryTest.java.SelectQueryTest.testSelect_WithOrdering.Feature Envy,3.1B1,3.2M1,4.0.M2,5
cayenne,3.1B1,org.apache.cayenne.reflect,LifecycleCallbackRegistryTest,testAddListener_PostAdd,Feature Envy,"designitejava,checkstyle",framework/cayenne-jdk1.5-unpublished/src/test/java/org/apache/cayenne/reflect/LifecycleCallbackRegistryTest.java,framework/cayenne-jdk1.5-unpublished/src/test/java/org/apache/cayenne/reflect/LifecycleCallbackRegistryTest.java.LifecycleCallbackRegistryTest.testAddListener_PostAdd.Feature Envy,3.1B1,3.2M1,4.0.M2,5
cayenne,3.1B1,org.apache.cayenne.reflect,LifecycleCallbackRegistryTest,testAddListener_PostAdd_InheritedListenerMethods,Feature Envy,"designitejava,checkstyle",framework/cayenne-jdk1.5-unpublished/src/test/java/org/apache/cayenne/reflect/LifecycleCallbackRegistryTest.java,framework/cayenne-jdk1.5-unpublished/src/test/java/org/apache/cayenne/reflect/LifecycleCallbackRegistryTest.java.LifecycleCallbackRegistryTest.testAddListener_PostAdd_InheritedListenerMethods.Feature Envy,3.1B1,3.2M1,4.0.M2,5
cayenne,3.1B1,org.apache.cayenne.reflect,LifecycleCallbackRegistry_InheritanceTest,testAddListener_PostAdd_EntityInheritance,Feature Envy,"designitejava,checkstyle",framework/cayenne-jdk1.5-unpublished/src/test/java/org/apache/cayenne/reflect/LifecycleCallbackRegistry_InheritanceTest.java,framework/cayenne-jdk1.5-unpublished/src/test/java/org/apache/cayenne/reflect/LifecycleCallbackRegistry_InheritanceTest.java.LifecycleCallbackRegistry_InheritanceTest.testAddListener_PostAdd_EntityInheritance.Feature Envy,3.1B1,3.2M1,4.0.M2,5
cayenne,3.1M1,org.apache.cayenne.remote,RemoteCallbacksTest,assertAll,Long Parameter List,"designitejava,checkstyle",framework/cayenne-jdk1.5-unpublished/src/test/java/org/apache/cayenne/remote/RemoteCallbacksTest.java,framework/cayenne-jdk1.5-unpublished/src/test/java/org/apache/cayenne/remote/RemoteCallbacksTest.java.RemoteCallbacksTest.assertAll.Long Parameter List,3.1M1,3.2M1,4.0.M2,6
cayenne,3.0B1,org.apache.cayenne.unit,AbstractAccessStack,dbEntitiesInInsertOrder,Complex Method,"designitejava,pmd,checkstyle",framework/cayenne-jdk1.5-unpublished/src/test/java/org/apache/cayenne/unit/AbstractAccessStack.java,framework/cayenne-jdk1.5-unpublished/src/test/java/org/apache/cayenne/unit/AbstractAccessStack.java.AbstractAccessStack.dbEntitiesInInsertOrder.Complex Method,3.0B1,3.0.1,3.1M1,4
cayenne,3.0B1,org.apache.cayenne.unit,CayenneResources,createDataSource,Feature Envy,"designitejava,checkstyle",framework/cayenne-jdk1.5-unpublished/src/test/java/org/apache/cayenne/unit/CayenneResources.java,framework/cayenne-jdk1.5-unpublished/src/test/java/org/apache/cayenne/unit/CayenneResources.java.CayenneResources.createDataSource.Feature Envy,3.0B1,3.1M1,3.1B1,5
cayenne,3.1M1,org.apache.cayenne.unit,ConnectionProperties,loadDefaultProperties,Complex Method,"designitejava,pmd,checkstyle",framework/cayenne-jdk1.5-unpublished/src/test/java/org/apache/cayenne/unit/ConnectionProperties.java,framework/cayenne-jdk1.5-unpublished/src/test/java/org/apache/cayenne/unit/ConnectionProperties.java.ConnectionProperties.loadDefaultProperties.Complex Method,3.1M1,3.1M1,3.1B1,1
cayenne,3.1M1,org.apache.cayenne.unit,SimpleAccessStack,dbEntitiesInInsertOrder,Complex Method,"designitejava,pmd,checkstyle",framework/cayenne-jdk1.5-unpublished/src/test/java/org/apache/cayenne/unit/SimpleAccessStack.java,framework/cayenne-jdk1.5-unpublished/src/test/java/org/apache/cayenne/unit/SimpleAccessStack.java.SimpleAccessStack.dbEntitiesInInsertOrder.Complex Method,3.1M1,3.1M1,3.1B1,1
cayenne,3.1B1,org.apache.cayenne.unit.di.server,ConnectionProperties,loadDefaultProperties,Complex Method,"designitejava,pmd,checkstyle",framework/cayenne-jdk1.5-unpublished/src/test/java/org/apache/cayenne/unit/di/server/ConnectionProperties.java,framework/cayenne-jdk1.5-unpublished/src/test/java/org/apache/cayenne/unit/di/server/ConnectionProperties.java.ConnectionProperties.loadDefaultProperties.Complex Method,3.1B1,3.2M1,4.0.M2,5
cayenne,3.1B1,org.apache.cayenne.unit.di.server,SchemaBuilder,dbEntitiesInInsertOrder,Complex Method,"designitejava,pmd,checkstyle",framework/cayenne-jdk1.5-unpublished/src/test/java/org/apache/cayenne/unit/di/server/SchemaBuilder.java,framework/cayenne-jdk1.5-unpublished/src/test/java/org/apache/cayenne/unit/di/server/SchemaBuilder.java.SchemaBuilder.dbEntitiesInInsertOrder.Complex Method,3.1B1,3.2M1,4.0.M2,5
cayenne,3.0B1,org.apache.cayenne.util,ToManyListTest,testRealRelationship,Feature Envy,"designitejava,checkstyle",framework/cayenne-jdk1.5-unpublished/src/test/java/org/apache/cayenne/util/ToManyListTest.java,framework/cayenne-jdk1.5-unpublished/src/test/java/org/apache/cayenne/util/ToManyListTest.java.ToManyListTest.testRealRelationship.Feature Envy,3.0B1,3.0.1,3.1M1,4
cayenne,3.0B1,org.apache.cayenne.util,ToManyListTest,testRealRelationshipRollback,Feature Envy,"designitejava,checkstyle",framework/cayenne-jdk1.5-unpublished/src/test/java/org/apache/cayenne/util/ToManyListTest.java,framework/cayenne-jdk1.5-unpublished/src/test/java/org/apache/cayenne/util/ToManyListTest.java.ToManyListTest.testRealRelationshipRollback.Feature Envy,3.0B1,3.0.1,3.1M1,4
cayenne,3.0B1,org.apache.cayenne.jpa,Provider,createContainerEntityManagerFactory,Complex Method,"designitejava,pmd,checkstyle",framework/cayenne-jpa-unpublished/src/main/java/org/apache/cayenne/jpa/Provider.java,framework/cayenne-jpa-unpublished/src/main/java/org/apache/cayenne/jpa/Provider.java.Provider.createContainerEntityManagerFactory.Complex Method,3.0B1,3.0.1,3.1M1,4
cayenne,3.0B1,org.apache.cayenne.jpa.conf,EntityMapAnnotationLoader,loadClassMapping,Complex Method,"designitejava,pmd,checkstyle",framework/cayenne-jpa-unpublished/src/main/java/org/apache/cayenne/jpa/conf/EntityMapAnnotationLoader.java,framework/cayenne-jpa-unpublished/src/main/java/org/apache/cayenne/jpa/conf/EntityMapAnnotationLoader.java.EntityMapAnnotationLoader.loadClassMapping.Complex Method,3.0B1,3.0.1,3.1M1,4
cayenne,3.0B1,org.apache.cayenne.jpa.conf,EntityMapLoader,loadFromAnnotations,Complex Method,"designitejava,pmd,checkstyle",framework/cayenne-jpa-unpublished/src/main/java/org/apache/cayenne/jpa/conf/EntityMapLoader.java,framework/cayenne-jpa-unpublished/src/main/java/org/apache/cayenne/jpa/conf/EntityMapLoader.java.EntityMapLoader.loadFromAnnotations.Complex Method,3.0B1,3.0.1,3.1M1,4
cayenne,3.0B1,org.apache.cayenne.jpa.conf,UnitDescriptorParser,endElement,Complex Method,"designitejava,pmd",framework/cayenne-jpa-unpublished/src/main/java/org/apache/cayenne/jpa/conf/UnitDescriptorParser.java,framework/cayenne-jpa-unpublished/src/main/java/org/apache/cayenne/jpa/conf/UnitDescriptorParser.java.UnitDescriptorParser.endElement.Complex Method,3.0B1,3.0.1,3.1M1,4
cayenne,3.0B1,org.apache.cayenne.jpa.conf,UnitDescriptorParser,getPersistenceUnits,Complex Method,"designitejava,pmd",framework/cayenne-jpa-unpublished/src/main/java/org/apache/cayenne/jpa/conf/UnitDescriptorParser.java,framework/cayenne-jpa-unpublished/src/main/java/org/apache/cayenne/jpa/conf/UnitDescriptorParser.java.UnitDescriptorParser.getPersistenceUnits.Complex Method,3.0B1,3.0.1,3.1M1,4
cayenne,3.0B1,org.apache.cayenne.jpa.map,JpaAttributes,,God Class,"pmd,checkstyle",framework/cayenne-jpa-unpublished/src/main/java/org/apache/cayenne/jpa/map/JpaAttributes.java,framework/cayenne-jpa-unpublished/src/main/java/org/apache/cayenne/jpa/map/JpaAttributes.java.JpaAttributes..God Class,3.0B1,3.0.1,3.1M1,4
cayenne,3.0B1,org.apache.cayenne.jpa.map,JpaAttributes,encodeAsXML,Complex Method,"designitejava,checkstyle",framework/cayenne-jpa-unpublished/src/main/java/org/apache/cayenne/jpa/map/JpaAttributes.java,framework/cayenne-jpa-unpublished/src/main/java/org/apache/cayenne/jpa/map/JpaAttributes.java.JpaAttributes.encodeAsXML.Complex Method,3.0B1,3.0.1,3.1M1,4
cayenne,3.0B1,org.apache.cayenne.jpa.map,JpaAttributes,getAttribute,Complex Method,"designitejava,checkstyle",framework/cayenne-jpa-unpublished/src/main/java/org/apache/cayenne/jpa/map/JpaAttributes.java,framework/cayenne-jpa-unpublished/src/main/java/org/apache/cayenne/jpa/map/JpaAttributes.java.JpaAttributes.getAttribute.Complex Method,3.0B1,3.0.1,3.1M1,4
cayenne,3.0B1,org.apache.cayenne.jpa.map,JpaAttributes,getLazyAttributeNames,Complex Method,"designitejava,pmd,checkstyle",framework/cayenne-jpa-unpublished/src/main/java/org/apache/cayenne/jpa/map/JpaAttributes.java,framework/cayenne-jpa-unpublished/src/main/java/org/apache/cayenne/jpa/map/JpaAttributes.java.JpaAttributes.getLazyAttributeNames.Complex Method,3.0B1,3.0.1,3.1M1,4
cayenne,3.0B1,org.apache.cayenne.jpa.map,JpaAttributes,size,Complex Method,"designitejava,checkstyle",framework/cayenne-jpa-unpublished/src/main/java/org/apache/cayenne/jpa/map/JpaAttributes.java,framework/cayenne-jpa-unpublished/src/main/java/org/apache/cayenne/jpa/map/JpaAttributes.java.JpaAttributes.size.Complex Method,3.0B1,3.0.1,3.1M1,4
cayenne,3.0B1,org.apache.cayenne.jpa.map,JpaBasic,encodeAsXML,Complex Method,"designitejava,checkstyle",framework/cayenne-jpa-unpublished/src/main/java/org/apache/cayenne/jpa/map/JpaBasic.java,framework/cayenne-jpa-unpublished/src/main/java/org/apache/cayenne/jpa/map/JpaBasic.java.JpaBasic.encodeAsXML.Complex Method,3.0B1,3.0.1,3.1M1,4
cayenne,3.0B1,org.apache.cayenne.jpa.map,JpaClassDescriptor,compileProperties,Complex Method,"designitejava,pmd,checkstyle",framework/cayenne-jpa-unpublished/src/main/java/org/apache/cayenne/jpa/map/JpaClassDescriptor.java,framework/cayenne-jpa-unpublished/src/main/java/org/apache/cayenne/jpa/map/JpaClassDescriptor.java.JpaClassDescriptor.compileProperties.Complex Method,3.0B1,3.0.1,3.1M1,4
cayenne,3.0B1,org.apache.cayenne.jpa.map,JpaColumn,encodeAsXML,Complex Method,"designitejava,checkstyle",framework/cayenne-jpa-unpublished/src/main/java/org/apache/cayenne/jpa/map/JpaColumn.java,framework/cayenne-jpa-unpublished/src/main/java/org/apache/cayenne/jpa/map/JpaColumn.java.JpaColumn.encodeAsXML.Complex Method,3.0B1,3.0.1,3.1M1,4
cayenne,3.0B1,org.apache.cayenne.jpa.map,JpaEntity,encodeAsXML,Complex Method,"designitejava,pmd,checkstyle",framework/cayenne-jpa-unpublished/src/main/java/org/apache/cayenne/jpa/map/JpaEntity.java,framework/cayenne-jpa-unpublished/src/main/java/org/apache/cayenne/jpa/map/JpaEntity.java.JpaEntity.encodeAsXML.Complex Method,3.0B1,3.0.1,3.1M1,4
cayenne,3.0B1,org.apache.cayenne.jpa.map,JpaEntityMap,,God Class,"pmd,checkstyle",framework/cayenne-jpa-unpublished/src/main/java/org/apache/cayenne/jpa/map/JpaEntityMap.java,framework/cayenne-jpa-unpublished/src/main/java/org/apache/cayenne/jpa/map/JpaEntityMap.java.JpaEntityMap..God Class,3.0B1,3.0.1,3.1M1,4
cayenne,3.0B1,org.apache.cayenne.jpa.map,JpaEntityMap,encodeAsXML,Complex Method,"designitejava,pmd,checkstyle",framework/cayenne-jpa-unpublished/src/main/java/org/apache/cayenne/jpa/map/JpaEntityMap.java,framework/cayenne-jpa-unpublished/src/main/java/org/apache/cayenne/jpa/map/JpaEntityMap.java.JpaEntityMap.encodeAsXML.Complex Method,3.0B1,3.0.1,3.1M1,4
cayenne,3.0B1,org.apache.cayenne.jpa.map,JpaEntityMap,getManagedClass,Complex Method,"designitejava,pmd,checkstyle",framework/cayenne-jpa-unpublished/src/main/java/org/apache/cayenne/jpa/map/JpaEntityMap.java,framework/cayenne-jpa-unpublished/src/main/java/org/apache/cayenne/jpa/map/JpaEntityMap.java.JpaEntityMap.getManagedClass.Complex Method,3.0B1,3.0.1,3.1M1,4
cayenne,3.0B1,org.apache.cayenne.jpa.map,JpaOneToMany,encodeAsXML,Complex Method,"designitejava,pmd,checkstyle",framework/cayenne-jpa-unpublished/src/main/java/org/apache/cayenne/jpa/map/JpaOneToMany.java,framework/cayenne-jpa-unpublished/src/main/java/org/apache/cayenne/jpa/map/JpaOneToMany.java.JpaOneToMany.encodeAsXML.Complex Method,3.0B1,3.0.1,3.1M1,4
cayenne,3.0B1,org.apache.cayenne.jpa.map,JpaOneToOne,encodeAsXML,Complex Method,"designitejava,checkstyle",framework/cayenne-jpa-unpublished/src/main/java/org/apache/cayenne/jpa/map/JpaOneToOne.java,framework/cayenne-jpa-unpublished/src/main/java/org/apache/cayenne/jpa/map/JpaOneToOne.java.JpaOneToOne.encodeAsXML.Complex Method,3.0B1,3.0.1,3.1M1,4
cayenne,3.0B1,org.apache.cayenne.util,TraversalUtil,traverse,Complex Method,"designitejava,pmd,checkstyle",framework/cayenne-jpa-unpublished/src/main/java/org/apache/cayenne/util/TraversalUtil.java,framework/cayenne-jpa-unpublished/src/main/java/org/apache/cayenne/util/TraversalUtil.java.TraversalUtil.traverse.Complex Method,3.0B1,3.0.1,3.1M1,4
cayenne,3.0B1,org.apache.cayenne.modeler,ProjectController,,God Class,"pmd,checkstyle",framework/cayenne-modeler/src/main/java/org/apache/cayenne/modeler/ProjectController.java,framework/cayenne-modeler/src/main/java/org/apache/cayenne/modeler/ProjectController.java.ProjectController..God Class,3.0B1,3.0.1,3.1M1,4
cayenne,3.0B1,org.apache.cayenne.modeler,ProjectController,fireNavigationEvent,Complex Method,"designitejava,pmd,checkstyle",framework/cayenne-modeler/src/main/java/org/apache/cayenne/modeler/ProjectController.java,framework/cayenne-modeler/src/main/java/org/apache/cayenne/modeler/ProjectController.java.ProjectController.fireNavigationEvent.Complex Method,3.0B1,3.0.1,3.1M1,4
cayenne,3.0B1,org.apache.cayenne.modeler,ProjectController,getCurrentObject,Complex Method,"designitejava,pmd,checkstyle",framework/cayenne-modeler/src/main/java/org/apache/cayenne/modeler/ProjectController.java,framework/cayenne-modeler/src/main/java/org/apache/cayenne/modeler/ProjectController.java.ProjectController.getCurrentObject.Complex Method,3.0B1,3.0.1,3.1M1,4
cayenne,3.0B1,org.apache.cayenne.modeler,ProjectController,removeFromHistory,Complex Method,"designitejava,pmd,checkstyle",framework/cayenne-modeler/src/main/java/org/apache/cayenne/modeler/ProjectController.java,framework/cayenne-modeler/src/main/java/org/apache/cayenne/modeler/ProjectController.java.ProjectController.removeFromHistory.Complex Method,3.0B1,3.0.1,3.1M1,4
cayenne,3.0B1,org.apache.cayenne.modeler,ProjectController,removeFromHistory,Feature Envy,"designitejava,checkstyle",framework/cayenne-modeler/src/main/java/org/apache/cayenne/modeler/ProjectController.java,framework/cayenne-modeler/src/main/java/org/apache/cayenne/modeler/ProjectController.java.ProjectController.removeFromHistory.Feature Envy,3.0B1,3.0.1,3.1M1,4
cayenne,3.0B1,org.apache.cayenne.modeler,ProjectTreeModel,positionNode,Complex Method,"designitejava,pmd,checkstyle",framework/cayenne-modeler/src/main/java/org/apache/cayenne/modeler/ProjectTreeModel.java,framework/cayenne-modeler/src/main/java/org/apache/cayenne/modeler/ProjectTreeModel.java.ProjectTreeModel.positionNode.Complex Method,3.0B1,3.0.1,3.1M1,4
cayenne,3.0B1,org.apache.cayenne.modeler,ProjectTreeView,,God Class,"pmd,checkstyle",framework/cayenne-modeler/src/main/java/org/apache/cayenne/modeler/ProjectTreeView.java,framework/cayenne-modeler/src/main/java/org/apache/cayenne/modeler/ProjectTreeView.java.ProjectTreeView..God Class,3.0B1,3.0.1,3.1M1,4
cayenne,3.0B1,org.apache.cayenne.modeler,ProjectTreeView,dataNodeChanged,Complex Method,"designitejava,pmd,checkstyle",framework/cayenne-modeler/src/main/java/org/apache/cayenne/modeler/ProjectTreeView.java,framework/cayenne-modeler/src/main/java/org/apache/cayenne/modeler/ProjectTreeView.java.ProjectTreeView.dataNodeChanged.Complex Method,3.0B1,3.0.1,3.1M1,4
cayenne,3.0B1,org.apache.cayenne.modeler,ProjectTreeView,processSelection,Complex Method,"designitejava,pmd,checkstyle",framework/cayenne-modeler/src/main/java/org/apache/cayenne/modeler/ProjectTreeView.java,framework/cayenne-modeler/src/main/java/org/apache/cayenne/modeler/ProjectTreeView.java.ProjectTreeView.processSelection.Complex Method,3.0B1,3.0.1,3.1M1,4
cayenne,3.0B1,org.apache.cayenne.modeler.action,CreateAttributeAction,fireDbAttributeEvent,Long Parameter List,"designitejava,checkstyle",framework/cayenne-modeler/src/main/java/org/apache/cayenne/modeler/action/CreateAttributeAction.java,framework/cayenne-modeler/src/main/java/org/apache/cayenne/modeler/action/CreateAttributeAction.java.CreateAttributeAction.fireDbAttributeEvent.Long Parameter List,3.0B1,3.0.1,3.1M1,4
cayenne,3.0B1,org.apache.cayenne.modeler.action,CreateAttributeAction,fireObjAttributeEvent,Long Parameter List,"designitejava,checkstyle",framework/cayenne-modeler/src/main/java/org/apache/cayenne/modeler/action/CreateAttributeAction.java,framework/cayenne-modeler/src/main/java/org/apache/cayenne/modeler/action/CreateAttributeAction.java.CreateAttributeAction.fireObjAttributeEvent.Long Parameter List,3.0B1,3.0.1,3.1M1,4
cayenne,3.0B1,org.apache.cayenne.modeler.action,FindAction,performAction,Complex Method,"designitejava,pmd,checkstyle",framework/cayenne-modeler/src/main/java/org/apache/cayenne/modeler/action/FindAction.java,framework/cayenne-modeler/src/main/java/org/apache/cayenne/modeler/action/FindAction.java.FindAction.performAction.Complex Method,3.0B1,3.0.1,3.1M1,4
cayenne,3.0B1,org.apache.cayenne.modeler.action,PasteAction,getState,Complex Method,"pmd,checkstyle",framework/cayenne-modeler/src/main/java/org/apache/cayenne/modeler/action/PasteAction.java,framework/cayenne-modeler/src/main/java/org/apache/cayenne/modeler/action/PasteAction.java.PasteAction.getState.Complex Method,3.0B1,3.0.1,3.1M1,4
cayenne,3.0B1,org.apache.cayenne.modeler.action,PasteAction,paste,Complex Method,"designitejava,pmd,checkstyle",framework/cayenne-modeler/src/main/java/org/apache/cayenne/modeler/action/PasteAction.java,framework/cayenne-modeler/src/main/java/org/apache/cayenne/modeler/action/PasteAction.java.PasteAction.paste.Complex Method,3.0B1,3.0.1,3.1M1,4
cayenne,3.0B1,org.apache.cayenne.modeler.action,ProjectOpener,newProjectDir,Complex Method,"designitejava,pmd",framework/cayenne-modeler/src/main/java/org/apache/cayenne/modeler/action/ProjectOpener.java,framework/cayenne-modeler/src/main/java/org/apache/cayenne/modeler/action/ProjectOpener.java.ProjectOpener.newProjectDir.Complex Method,3.0B1,3.0.1,3.1M1,4
cayenne,3.0B1,org.apache.cayenne.modeler.action,RemoveAction,enableForPath,Complex Method,"designitejava,checkstyle",framework/cayenne-modeler/src/main/java/org/apache/cayenne/modeler/action/RemoveAction.java,framework/cayenne-modeler/src/main/java/org/apache/cayenne/modeler/action/RemoveAction.java.RemoveAction.enableForPath.Complex Method,3.0B1,3.0.1,3.1M1,4
cayenne,3.0B1,org.apache.cayenne.modeler.action,RemoveAction,performAction,Complex Method,"designitejava,pmd,checkstyle",framework/cayenne-modeler/src/main/java/org/apache/cayenne/modeler/action/RemoveAction.java,framework/cayenne-modeler/src/main/java/org/apache/cayenne/modeler/action/RemoveAction.java.RemoveAction.performAction.Complex Method,3.0B1,3.0.1,3.1M1,4
cayenne,3.0B1,org.apache.cayenne.modeler.action,RemoveAttributeAction,performAction,Complex Method,"pmd,checkstyle",framework/cayenne-modeler/src/main/java/org/apache/cayenne/modeler/action/RemoveAttributeAction.java,framework/cayenne-modeler/src/main/java/org/apache/cayenne/modeler/action/RemoveAttributeAction.java.RemoveAttributeAction.performAction.Complex Method,3.0B1,3.0.1,3.1M1,4
cayenne,3.0B1,org.apache.cayenne.modeler.action,RemoveRelationshipAction,performAction,Complex Method,"pmd,checkstyle",framework/cayenne-modeler/src/main/java/org/apache/cayenne/modeler/action/RemoveRelationshipAction.java,framework/cayenne-modeler/src/main/java/org/apache/cayenne/modeler/action/RemoveRelationshipAction.java.RemoveRelationshipAction.performAction.Complex Method,3.0B1,3.0.1,3.1M1,4
cayenne,3.0B1,org.apache.cayenne.modeler.dialog,FindDialog,jumpToResult,Complex Method,"designitejava,pmd,checkstyle",framework/cayenne-modeler/src/main/java/org/apache/cayenne/modeler/dialog/FindDialog.java,framework/cayenne-modeler/src/main/java/org/apache/cayenne/modeler/dialog/FindDialog.java.FindDialog.jumpToResult.Complex Method,3.0B1,3.0.1,3.1M1,4
cayenne,3.0B1,org.apache.cayenne.modeler.dialog,ResolveDbRelationshipDialog,save,Complex Method,"designitejava,pmd,checkstyle",framework/cayenne-modeler/src/main/java/org/apache/cayenne/modeler/dialog/ResolveDbRelationshipDialog.java,framework/cayenne-modeler/src/main/java/org/apache/cayenne/modeler/dialog/ResolveDbRelationshipDialog.java.ResolveDbRelationshipDialog.save.Complex Method,3.0B1,3.0.1,3.1M1,4
cayenne,3.0B1,org.apache.cayenne.modeler.dialog.autorelationship,InferRelationshipsControllerBase,getJoinAttribute,Complex Method,"designitejava,pmd",framework/cayenne-modeler/src/main/java/org/apache/cayenne/modeler/dialog/autorelationship/InferRelationshipsControllerBase.java,framework/cayenne-modeler/src/main/java/org/apache/cayenne/modeler/dialog/autorelationship/InferRelationshipsControllerBase.java.InferRelationshipsControllerBase.getJoinAttribute.Complex Method,3.0B1,3.0.1,3.1M1,4
cayenne,3.0-final,org.apache.cayenne.modeler.dialog.codegen,CodeGeneratorControllerBase,setSelected,Complex Method,"designitejava,pmd",framework/cayenne-modeler/src/main/java/org/apache/cayenne/modeler/dialog/codegen/CodeGeneratorControllerBase.java,framework/cayenne-modeler/src/main/java/org/apache/cayenne/modeler/dialog/codegen/CodeGeneratorControllerBase.java.CodeGeneratorControllerBase.setSelected.Complex Method,3.0-final,3.0.1,3.1M1,2
cayenne,3.0-final,org.apache.cayenne.modeler.dialog.codegen,CodeGeneratorControllerBase,updateSelection,Complex Method,"designitejava,pmd,checkstyle",framework/cayenne-modeler/src/main/java/org/apache/cayenne/modeler/dialog/codegen/CodeGeneratorControllerBase.java,framework/cayenne-modeler/src/main/java/org/apache/cayenne/modeler/dialog/codegen/CodeGeneratorControllerBase.java.CodeGeneratorControllerBase.updateSelection.Complex Method,3.0-final,3.0.1,3.1M1,2
cayenne,3.0B1,org.apache.cayenne.modeler.dialog.codegen,CustomModeController,CustomModeController,Feature Envy,"designitejava,checkstyle",framework/cayenne-modeler/src/main/java/org/apache/cayenne/modeler/dialog/codegen/CustomModeController.java,framework/cayenne-modeler/src/main/java/org/apache/cayenne/modeler/dialog/codegen/CustomModeController.java.CustomModeController.CustomModeController.Feature Envy,3.0B1,3.0.1,3.1M1,4
cayenne,3.0B1,org.apache.cayenne.modeler.dialog.codegen,CustomModeController,createGenerator,Feature Envy,"designitejava,checkstyle",framework/cayenne-modeler/src/main/java/org/apache/cayenne/modeler/dialog/codegen/CustomModeController.java,framework/cayenne-modeler/src/main/java/org/apache/cayenne/modeler/dialog/codegen/CustomModeController.java.CustomModeController.createGenerator.Feature Envy,3.0B1,3.0.1,3.1M1,4
cayenne,3.0B1,org.apache.cayenne.modeler.dialog.codegen,GeneratorController,validateEntity,Complex Method,"designitejava,pmd",framework/cayenne-modeler/src/main/java/org/apache/cayenne/modeler/dialog/codegen/GeneratorController.java,framework/cayenne-modeler/src/main/java/org/apache/cayenne/modeler/dialog/codegen/GeneratorController.java.GeneratorController.validateEntity.Complex Method,3.0B1,3.0.1,3.1M1,4
cayenne,3.0B1,org.apache.cayenne.modeler.dialog.codegen,GeneratorController,validateRelationship,Complex Method,"designitejava,pmd",framework/cayenne-modeler/src/main/java/org/apache/cayenne/modeler/dialog/codegen/GeneratorController.java,framework/cayenne-modeler/src/main/java/org/apache/cayenne/modeler/dialog/codegen/GeneratorController.java.GeneratorController.validateRelationship.Complex Method,3.0B1,3.0.1,3.1M1,4
cayenne,3.0B1,org.apache.cayenne.modeler.dialog.datamap,LockingUpdateController,updateAction,Complex Method,"designitejava,pmd,checkstyle",framework/cayenne-modeler/src/main/java/org/apache/cayenne/modeler/dialog/datamap/LockingUpdateController.java,framework/cayenne-modeler/src/main/java/org/apache/cayenne/modeler/dialog/datamap/LockingUpdateController.java.LockingUpdateController.updateAction.Complex Method,3.0B1,3.0.1,3.1M1,4
cayenne,3.0B1,org.apache.cayenne.modeler.dialog.datamap,PackageUpdateController,updatePackage,Complex Method,"designitejava,pmd,checkstyle",framework/cayenne-modeler/src/main/java/org/apache/cayenne/modeler/dialog/datamap/PackageUpdateController.java,framework/cayenne-modeler/src/main/java/org/apache/cayenne/modeler/dialog/datamap/PackageUpdateController.java.PackageUpdateController.updatePackage.Complex Method,3.0B1,3.0.1,3.1M1,4
cayenne,3.0B1,org.apache.cayenne.modeler.dialog.db,DBGeneratorOptions,initController,Feature Envy,"designitejava,checkstyle",framework/cayenne-modeler/src/main/java/org/apache/cayenne/modeler/dialog/db/DBGeneratorOptions.java,framework/cayenne-modeler/src/main/java/org/apache/cayenne/modeler/dialog/db/DBGeneratorOptions.java.DBGeneratorOptions.initController.Feature Envy,3.0B1,3.0.1,3.1M1,4
cayenne,3.0B1,org.apache.cayenne.modeler.dialog.db,MergerOptions,generateSchemaAction,Complex Method,"designitejava,pmd",framework/cayenne-modeler/src/main/java/org/apache/cayenne/modeler/dialog/db/MergerOptions.java,framework/cayenne-modeler/src/main/java/org/apache/cayenne/modeler/dialog/db/MergerOptions.java.MergerOptions.generateSchemaAction.Complex Method,3.0B1,3.0.1,3.1M1,4
cayenne,3.0B1,org.apache.cayenne.modeler.dialog.objentity,ClassNameUpdater,doNameUpdate,Complex Method,"designitejava,pmd,checkstyle",framework/cayenne-modeler/src/main/java/org/apache/cayenne/modeler/dialog/objentity/ClassNameUpdater.java,framework/cayenne-modeler/src/main/java/org/apache/cayenne/modeler/dialog/objentity/ClassNameUpdater.java.ClassNameUpdater.doNameUpdate.Complex Method,3.0B1,3.0.1,3.1M1,4
cayenne,3.0B1,org.apache.cayenne.modeler.dialog.objentity,ObjAttributeInfoDialog,,God Class,"pmd,checkstyle",framework/cayenne-modeler/src/main/java/org/apache/cayenne/modeler/dialog/objentity/ObjAttributeInfoDialog.java,framework/cayenne-modeler/src/main/java/org/apache/cayenne/modeler/dialog/objentity/ObjAttributeInfoDialog.java.ObjAttributeInfoDialog..God Class,3.0B1,3.0.1,3.1M1,4
cayenne,3.0B1,org.apache.cayenne.modeler.dialog.objentity,ObjAttributeInfoDialog,initController,Complex Method,"designitejava,pmd,checkstyle",framework/cayenne-modeler/src/main/java/org/apache/cayenne/modeler/dialog/objentity/ObjAttributeInfoDialog.java,framework/cayenne-modeler/src/main/java/org/apache/cayenne/modeler/dialog/objentity/ObjAttributeInfoDialog.java.ObjAttributeInfoDialog.initController.Complex Method,3.0B1,3.0.1,3.1M1,4
cayenne,3.0B1,org.apache.cayenne.modeler.dialog.objentity,ObjAttributeInfoDialog,saveMapping,Complex Method,"designitejava,pmd,checkstyle",framework/cayenne-modeler/src/main/java/org/apache/cayenne/modeler/dialog/objentity/ObjAttributeInfoDialog.java,framework/cayenne-modeler/src/main/java/org/apache/cayenne/modeler/dialog/objentity/ObjAttributeInfoDialog.java.ObjAttributeInfoDialog.saveMapping.Complex Method,3.0B1,3.0.1,3.1M1,4
cayenne,3.0B1,org.apache.cayenne.modeler.dialog.objentity,ObjAttributeInfoDialog,setPath,Complex Method,"designitejava,pmd,checkstyle",framework/cayenne-modeler/src/main/java/org/apache/cayenne/modeler/dialog/objentity/ObjAttributeInfoDialog.java,framework/cayenne-modeler/src/main/java/org/apache/cayenne/modeler/dialog/objentity/ObjAttributeInfoDialog.java.ObjAttributeInfoDialog.setPath.Complex Method,3.0B1,3.0.1,3.1M1,4
cayenne,3.0B1,org.apache.cayenne.modeler.dialog.objentity,ObjAttributeInfoDialog,valueChanged,Complex Method,"designitejava,pmd",framework/cayenne-modeler/src/main/java/org/apache/cayenne/modeler/dialog/objentity/ObjAttributeInfoDialog.java,framework/cayenne-modeler/src/main/java/org/apache/cayenne/modeler/dialog/objentity/ObjAttributeInfoDialog.java.ObjAttributeInfoDialog.valueChanged.Complex Method,3.0B1,3.0RC1,3.0-final,2
cayenne,3.0B1,org.apache.cayenne.modeler.dialog.objentity,ObjRelationshipInfoModel,savePath,Complex Method,"designitejava,pmd,checkstyle",framework/cayenne-modeler/src/main/java/org/apache/cayenne/modeler/dialog/objentity/ObjRelationshipInfoModel.java,framework/cayenne-modeler/src/main/java/org/apache/cayenne/modeler/dialog/objentity/ObjRelationshipInfoModel.java.ObjRelationshipInfoModel.savePath.Complex Method,3.0B1,3.0.1,3.1M1,4
cayenne,3.0B1,org.apache.cayenne.modeler.dialog.pref,DBConnectionInfoEditor,initBindings,Feature Envy,"designitejava,checkstyle",framework/cayenne-modeler/src/main/java/org/apache/cayenne/modeler/dialog/pref/DBConnectionInfoEditor.java,framework/cayenne-modeler/src/main/java/org/apache/cayenne/modeler/dialog/pref/DBConnectionInfoEditor.java.DBConnectionInfoEditor.initBindings.Feature Envy,3.0B1,3.0.1,3.1M1,4
cayenne,3.0B1,org.apache.cayenne.modeler.dialog.pref,TemplatePreferences,initBindings,Feature Envy,"designitejava,checkstyle",framework/cayenne-modeler/src/main/java/org/apache/cayenne/modeler/dialog/pref/TemplatePreferences.java,framework/cayenne-modeler/src/main/java/org/apache/cayenne/modeler/dialog/pref/TemplatePreferences.java.TemplatePreferences.initBindings.Feature Envy,3.0B1,3.0.1,3.1M1,4
cayenne,3.0B1,org.apache.cayenne.modeler.dialog.validator,ValidationDisplayHandler,getErrorMsg,Complex Method,"designitejava,checkstyle",framework/cayenne-modeler/src/main/java/org/apache/cayenne/modeler/dialog/validator/ValidationDisplayHandler.java,framework/cayenne-modeler/src/main/java/org/apache/cayenne/modeler/dialog/validator/ValidationDisplayHandler.java.ValidationDisplayHandler.getErrorMsg.Complex Method,3.0B1,3.0.1,3.1M1,4
cayenne,3.0B1,org.apache.cayenne.modeler.editor,AbstractCallbackMethodsTab,initController,Complex Method,"designitejava,pmd",framework/cayenne-modeler/src/main/java/org/apache/cayenne/modeler/editor/AbstractCallbackMethodsTab.java,framework/cayenne-modeler/src/main/java/org/apache/cayenne/modeler/editor/AbstractCallbackMethodsTab.java.AbstractCallbackMethodsTab.initController.Complex Method,3.0B1,3.0.1,3.1M1,4
cayenne,3.0B1,org.apache.cayenne.modeler.editor,DataDomainView,setDomainName,Feature Envy,"designitejava,checkstyle",framework/cayenne-modeler/src/main/java/org/apache/cayenne/modeler/editor/DataDomainView.java,framework/cayenne-modeler/src/main/java/org/apache/cayenne/modeler/editor/DataDomainView.java.DataDomainView.setDomainName.Feature Envy,3.0B1,3.0.1,3.1M1,4
cayenne,3.0B1,org.apache.cayenne.modeler.editor,DataMapView,setDataMapName,Feature Envy,"designitejava,checkstyle",framework/cayenne-modeler/src/main/java/org/apache/cayenne/modeler/editor/DataMapView.java,framework/cayenne-modeler/src/main/java/org/apache/cayenne/modeler/editor/DataMapView.java.DataMapView.setDataMapName.Feature Envy,3.0B1,3.0.1,3.1M1,4
cayenne,3.0B1,org.apache.cayenne.modeler.editor,DataMapView,setDataNode,Feature Envy,"designitejava,checkstyle",framework/cayenne-modeler/src/main/java/org/apache/cayenne/modeler/editor/DataMapView.java,framework/cayenne-modeler/src/main/java/org/apache/cayenne/modeler/editor/DataMapView.java.DataMapView.setDataNode.Feature Envy,3.0B1,3.0.1,3.1M1,4
cayenne,3.0B1,org.apache.cayenne.modeler.editor,DataMapView,setDefaultPackage,Feature Envy,"designitejava,checkstyle",framework/cayenne-modeler/src/main/java/org/apache/cayenne/modeler/editor/DataMapView.java,framework/cayenne-modeler/src/main/java/org/apache/cayenne/modeler/editor/DataMapView.java.DataMapView.setDefaultPackage.Feature Envy,3.0B1,3.0.1,3.1M1,4
cayenne,3.0B1,org.apache.cayenne.modeler.editor,EditorView,initController,Feature Envy,"designitejava,checkstyle",framework/cayenne-modeler/src/main/java/org/apache/cayenne/modeler/editor/EditorView.java,framework/cayenne-modeler/src/main/java/org/apache/cayenne/modeler/editor/EditorView.java.EditorView.initController.Feature Envy,3.0B1,3.0.1,3.1M1,4
cayenne,3.0B1,org.apache.cayenne.modeler.editor,EmbeddableAttributeTab,processExistingSelection,Feature Envy,"designitejava,checkstyle",framework/cayenne-modeler/src/main/java/org/apache/cayenne/modeler/editor/EmbeddableAttributeTab.java,framework/cayenne-modeler/src/main/java/org/apache/cayenne/modeler/editor/EmbeddableAttributeTab.java.EmbeddableAttributeTab.processExistingSelection.Feature Envy,3.0B1,3.0.1,3.1M1,4
cayenne,3.0B1,org.apache.cayenne.modeler.editor,EmbeddableTab,processExistingSelection,Feature Envy,"designitejava,checkstyle",framework/cayenne-modeler/src/main/java/org/apache/cayenne/modeler/editor/EmbeddableTab.java,framework/cayenne-modeler/src/main/java/org/apache/cayenne/modeler/editor/EmbeddableTab.java.EmbeddableTab.processExistingSelection.Feature Envy,3.0B1,3.0.1,3.1M1,4
cayenne,3.0B1,org.apache.cayenne.modeler.editor,EmbeddableTab,setClassName,Complex Method,"designitejava,pmd,checkstyle",framework/cayenne-modeler/src/main/java/org/apache/cayenne/modeler/editor/EmbeddableTab.java,framework/cayenne-modeler/src/main/java/org/apache/cayenne/modeler/editor/EmbeddableTab.java.EmbeddableTab.setClassName.Complex Method,3.0B1,3.0.1,3.1M1,4
cayenne,3.0B1,org.apache.cayenne.modeler.editor,EmbeddableTab,setClassName,Feature Envy,"designitejava,checkstyle",framework/cayenne-modeler/src/main/java/org/apache/cayenne/modeler/editor/EmbeddableTab.java,framework/cayenne-modeler/src/main/java/org/apache/cayenne/modeler/editor/EmbeddableTab.java.EmbeddableTab.setClassName.Feature Envy,3.0B1,3.0.1,3.1M1,4
cayenne,3.0B1,org.apache.cayenne.modeler.editor,ObjAttributeTableModel,getValueAt,Complex Method,"designitejava,pmd,checkstyle",framework/cayenne-modeler/src/main/java/org/apache/cayenne/modeler/editor/ObjAttributeTableModel.java,framework/cayenne-modeler/src/main/java/org/apache/cayenne/modeler/editor/ObjAttributeTableModel.java.ObjAttributeTableModel.getValueAt.Complex Method,3.0B1,3.0.1,3.1M1,4
cayenne,3.0B1,org.apache.cayenne.modeler.editor,ObjAttributeTableModel,setUpdatedValueAt,Complex Method,"designitejava,pmd,checkstyle",framework/cayenne-modeler/src/main/java/org/apache/cayenne/modeler/editor/ObjAttributeTableModel.java,framework/cayenne-modeler/src/main/java/org/apache/cayenne/modeler/editor/ObjAttributeTableModel.java.ObjAttributeTableModel.setUpdatedValueAt.Complex Method,3.0B1,3.0.1,3.1M1,4
cayenne,3.0B1,org.apache.cayenne.modeler.editor,ObjEntityAttributeTab,processExistingSelection,Feature Envy,"designitejava,checkstyle",framework/cayenne-modeler/src/main/java/org/apache/cayenne/modeler/editor/ObjEntityAttributeTab.java,framework/cayenne-modeler/src/main/java/org/apache/cayenne/modeler/editor/ObjEntityAttributeTab.java.ObjEntityAttributeTab.processExistingSelection.Feature Envy,3.0B1,3.0.1,3.1M1,4
cayenne,3.0B1,org.apache.cayenne.modeler.editor,ObjEntityTab,initController,Complex Method,"designitejava,pmd",framework/cayenne-modeler/src/main/java/org/apache/cayenne/modeler/editor/ObjEntityTab.java,framework/cayenne-modeler/src/main/java/org/apache/cayenne/modeler/editor/ObjEntityTab.java.ObjEntityTab.initController.Complex Method,3.0B1,3.0.1,3.1M1,4
cayenne,3.0B1,org.apache.cayenne.modeler.editor,ObjEntityTab,processExistingSelection,Feature Envy,"designitejava,checkstyle",framework/cayenne-modeler/src/main/java/org/apache/cayenne/modeler/editor/ObjEntityTab.java,framework/cayenne-modeler/src/main/java/org/apache/cayenne/modeler/editor/ObjEntityTab.java.ObjEntityTab.processExistingSelection.Feature Envy,3.0B1,3.0.1,3.1M1,4
cayenne,3.0B1,org.apache.cayenne.modeler.editor,ObjEntityTabbedView,initController,Feature Envy,"designitejava,checkstyle",framework/cayenne-modeler/src/main/java/org/apache/cayenne/modeler/editor/ObjEntityTabbedView.java,framework/cayenne-modeler/src/main/java/org/apache/cayenne/modeler/editor/ObjEntityTabbedView.java.ObjEntityTabbedView.initController.Feature Envy,3.0B1,3.0.1,3.1M1,4
cayenne,3.0B1,org.apache.cayenne.modeler.editor,ObjRelationshipTableModel,getValueAt,Complex Method,"designitejava,pmd,checkstyle",framework/cayenne-modeler/src/main/java/org/apache/cayenne/modeler/editor/ObjRelationshipTableModel.java,framework/cayenne-modeler/src/main/java/org/apache/cayenne/modeler/editor/ObjRelationshipTableModel.java.ObjRelationshipTableModel.getValueAt.Complex Method,3.0B1,3.0.1,3.1M1,4
cayenne,3.0B1,org.apache.cayenne.modeler.editor,ObjRelationshipTableModel,setUpdatedValueAt,Complex Method,"designitejava,pmd",framework/cayenne-modeler/src/main/java/org/apache/cayenne/modeler/editor/ObjRelationshipTableModel.java,framework/cayenne-modeler/src/main/java/org/apache/cayenne/modeler/editor/ObjRelationshipTableModel.java.ObjRelationshipTableModel.setUpdatedValueAt.Complex Method,3.0B1,3.0.1,3.1M1,4
cayenne,3.0B1,org.apache.cayenne.modeler.editor,ProcedureParameterTab,processExistingSelection,Complex Method,"designitejava,pmd",framework/cayenne-modeler/src/main/java/org/apache/cayenne/modeler/editor/ProcedureParameterTab.java,framework/cayenne-modeler/src/main/java/org/apache/cayenne/modeler/editor/ProcedureParameterTab.java.ProcedureParameterTab.processExistingSelection.Complex Method,3.0B1,3.0.1,3.1M1,4
cayenne,3.0B1,org.apache.cayenne.modeler.editor,ProcedureQueryView,setQueryName,Feature Envy,"designitejava,checkstyle",framework/cayenne-modeler/src/main/java/org/apache/cayenne/modeler/editor/ProcedureQueryView.java,framework/cayenne-modeler/src/main/java/org/apache/cayenne/modeler/editor/ProcedureQueryView.java.ProcedureQueryView.setQueryName.Feature Envy,3.0B1,3.0.1,3.1M1,4
cayenne,3.0B1,org.apache.cayenne.modeler.editor,ProcedureTab,processExistingSelection,Feature Envy,"designitejava,checkstyle",framework/cayenne-modeler/src/main/java/org/apache/cayenne/modeler/editor/ProcedureTab.java,framework/cayenne-modeler/src/main/java/org/apache/cayenne/modeler/editor/ProcedureTab.java.ProcedureTab.processExistingSelection.Feature Envy,3.0B1,3.0.1,3.1M1,4
cayenne,3.0B1,org.apache.cayenne.modeler.editor,ProcedureTab,setProcedureName,Feature Envy,"designitejava,checkstyle",framework/cayenne-modeler/src/main/java/org/apache/cayenne/modeler/editor/ProcedureTab.java,framework/cayenne-modeler/src/main/java/org/apache/cayenne/modeler/editor/ProcedureTab.java.ProcedureTab.setProcedureName.Feature Envy,3.0B1,3.0.1,3.1M1,4
cayenne,3.0B1,org.apache.cayenne.modeler.editor.datanode,JDBCDataSourceEditor,prepareBindings,Feature Envy,"designitejava,checkstyle",framework/cayenne-modeler/src/main/java/org/apache/cayenne/modeler/editor/datanode/JDBCDataSourceEditor.java,framework/cayenne-modeler/src/main/java/org/apache/cayenne/modeler/editor/datanode/JDBCDataSourceEditor.java.JDBCDataSourceEditor.prepareBindings.Feature Envy,3.0B1,3.0.1,3.1M1,4
cayenne,3.0B1,org.apache.cayenne.modeler.editor.dbentity,DbAttributeTableModel,setPrimaryKey,Complex Method,"designitejava,pmd",framework/cayenne-modeler/src/main/java/org/apache/cayenne/modeler/editor/dbentity/DbAttributeTableModel.java,framework/cayenne-modeler/src/main/java/org/apache/cayenne/modeler/editor/dbentity/DbAttributeTableModel.java.DbAttributeTableModel.setPrimaryKey.Complex Method,3.0B1,3.0.1,3.1M1,4
cayenne,3.0B1,org.apache.cayenne.modeler.editor.dbentity,DbEntityAttributeTab,processExistingSelection,Feature Envy,"designitejava,checkstyle",framework/cayenne-modeler/src/main/java/org/apache/cayenne/modeler/editor/dbentity/DbEntityAttributeTab.java,framework/cayenne-modeler/src/main/java/org/apache/cayenne/modeler/editor/dbentity/DbEntityAttributeTab.java.DbEntityAttributeTab.processExistingSelection.Feature Envy,3.0B1,3.0.1,3.1M1,4
cayenne,3.0B1,org.apache.cayenne.modeler.editor.dbentity,DbEntityTab,processExistingSelection,Feature Envy,"designitejava,checkstyle",framework/cayenne-modeler/src/main/java/org/apache/cayenne/modeler/editor/dbentity/DbEntityTab.java,framework/cayenne-modeler/src/main/java/org/apache/cayenne/modeler/editor/dbentity/DbEntityTab.java.DbEntityTab.processExistingSelection.Feature Envy,3.0B1,3.0.1,3.1M1,4
cayenne,3.0B1,org.apache.cayenne.modeler.editor.dbentity,DbRelationshipTableModel,setUpdatedValueAt,Complex Method,"designitejava,pmd",framework/cayenne-modeler/src/main/java/org/apache/cayenne/modeler/editor/dbentity/DbRelationshipTableModel.java,framework/cayenne-modeler/src/main/java/org/apache/cayenne/modeler/editor/dbentity/DbRelationshipTableModel.java.DbRelationshipTableModel.setUpdatedValueAt.Complex Method,3.0B1,3.0.1,3.1M1,4
cayenne,3.0B1,org.apache.cayenne.modeler.undo,PasteUndoableEdit,undo,Complex Method,"designitejava,pmd,checkstyle",framework/cayenne-modeler/src/main/java/org/apache/cayenne/modeler/undo/PasteUndoableEdit.java,framework/cayenne-modeler/src/main/java/org/apache/cayenne/modeler/undo/PasteUndoableEdit.java.PasteUndoableEdit.undo.Complex Method,3.0B1,3.0.1,3.1M1,4
cayenne,3.0B1,org.apache.cayenne.modeler.undo,RemoveUndoableEdit,undo,Complex Method,"designitejava,checkstyle",framework/cayenne-modeler/src/main/java/org/apache/cayenne/modeler/undo/RemoveUndoableEdit.java,framework/cayenne-modeler/src/main/java/org/apache/cayenne/modeler/undo/RemoveUndoableEdit.java.RemoveUndoableEdit.undo.Complex Method,3.0B1,3.0.1,3.1M1,4
cayenne,3.0B1,org.apache.cayenne.modeler.util,CellRenderers,iconForObject,Complex Method,"designitejava,pmd,checkstyle",framework/cayenne-modeler/src/main/java/org/apache/cayenne/modeler/util/CellRenderers.java,framework/cayenne-modeler/src/main/java/org/apache/cayenne/modeler/util/CellRenderers.java.CellRenderers.iconForObject.Complex Method,3.0B1,3.0.1,3.1M1,4
cayenne,3.0B1,org.apache.cayenne.modeler.util,CircularArray,remove,Complex Method,"designitejava,pmd,checkstyle",framework/cayenne-modeler/src/main/java/org/apache/cayenne/modeler/util/CircularArray.java,framework/cayenne-modeler/src/main/java/org/apache/cayenne/modeler/util/CircularArray.java.CircularArray.remove.Complex Method,3.0B1,3.0.1,3.1M1,4
cayenne,3.0B1,org.apache.cayenne.modeler.util,FileWatchdog,check,Complex Method,"designitejava,pmd,checkstyle",framework/cayenne-modeler/src/main/java/org/apache/cayenne/modeler/util/FileWatchdog.java,framework/cayenne-modeler/src/main/java/org/apache/cayenne/modeler/util/FileWatchdog.java.FileWatchdog.check.Complex Method,3.0B1,3.0.1,3.1M1,4
cayenne,3.0B1,org.apache.cayenne.modeler.util,ProjectUtil,cleanObjMappings,Complex Method,"designitejava,pmd,checkstyle",framework/cayenne-modeler/src/main/java/org/apache/cayenne/modeler/util/ProjectUtil.java,framework/cayenne-modeler/src/main/java/org/apache/cayenne/modeler/util/ProjectUtil.java.ProjectUtil.cleanObjMappings.Complex Method,3.0B1,3.0.1,3.1M1,4
cayenne,3.0B1,org.apache.cayenne.modeler.util.combo,AutoCompletion,handleKeyPressed,Complex Method,"designitejava,pmd,checkstyle",framework/cayenne-modeler/src/main/java/org/apache/cayenne/modeler/util/combo/AutoCompletion.java,framework/cayenne-modeler/src/main/java/org/apache/cayenne/modeler/util/combo/AutoCompletion.java.AutoCompletion.handleKeyPressed.Complex Method,3.0B1,3.0.1,3.1M1,4
cayenne,3.0B1,org.apache.cayenne.swing,BindingBase,setValue,Complex Method,"designitejava,checkstyle",framework/cayenne-modeler/src/main/java/org/apache/cayenne/swing/BindingBase.java,framework/cayenne-modeler/src/main/java/org/apache/cayenne/swing/BindingBase.java.BindingBase.setValue.Complex Method,3.0B1,3.0.1,3.1M1,4
cayenne,3.0B1,org.apache.cayenne.swing,BindingFactory,bindToTable,Long Parameter List,"designitejava,checkstyle",framework/cayenne-modeler/src/main/java/org/apache/cayenne/swing/BindingFactory.java,framework/cayenne-modeler/src/main/java/org/apache/cayenne/swing/BindingFactory.java.BindingFactory.bindToTable.Long Parameter List,3.0B1,3.0.1,3.1M1,4
cayenne,3.0B1,org.apache.cayenne.swing.components.textpane,TextPaneView,drawUnselectedText,Complex Method,"designitejava,pmd,checkstyle",framework/cayenne-modeler/src/main/java/org/apache/cayenne/swing/components/textpane/TextPaneView.java,framework/cayenne-modeler/src/main/java/org/apache/cayenne/swing/components/textpane/TextPaneView.java.TextPaneView.drawUnselectedText.Complex Method,3.0B1,3.0.1,3.1M1,4
cayenne,3.0B1,org.apache.cayenne.modeler.util,CircularArrayTest,testArray,Complex Method,"designitejava,pmd,checkstyle",framework/cayenne-modeler/src/test/java/org/apache/cayenne/modeler/util/CircularArrayTest.java,framework/cayenne-modeler/src/test/java/org/apache/cayenne/modeler/util/CircularArrayTest.java.CircularArrayTest.testArray.Complex Method,3.0B1,3.0.1,3.1M1,4
cayenne,3.1M1,org.apache.cayenne.project.upgrade.v6,UpgradeHandler_V6,doPerformUpgrade,Complex Method,"designitejava,pmd,checkstyle",framework/cayenne-project-unpublished/src/main/java/org/apache/cayenne/project/upgrade/v6/UpgradeHandler_V6.java,framework/cayenne-project-unpublished/src/main/java/org/apache/cayenne/project/upgrade/v6/UpgradeHandler_V6.java.UpgradeHandler_V6.doPerformUpgrade.Complex Method,3.1M1,3.1M1,3.1B1,1
cayenne,3.1M1,org.apache.cayenne.project.validation,DbRelationshipValidator,validate,Complex Method,"designitejava,pmd,checkstyle",framework/cayenne-project-unpublished/src/main/java/org/apache/cayenne/project/validation/DbRelationshipValidator.java,framework/cayenne-project-unpublished/src/main/java/org/apache/cayenne/project/validation/DbRelationshipValidator.java.DbRelationshipValidator.validate.Complex Method,3.1M1,3.1M1,3.1B1,1
cayenne,3.1M1,org.apache.cayenne.project.validation,EmbeddableValidator,validate,Complex Method,"designitejava,pmd,checkstyle",framework/cayenne-project-unpublished/src/main/java/org/apache/cayenne/project/validation/EmbeddableValidator.java,framework/cayenne-project-unpublished/src/main/java/org/apache/cayenne/project/validation/EmbeddableValidator.java.EmbeddableValidator.validate.Complex Method,3.1M1,3.1M1,3.1B1,1
cayenne,3.1M1,org.apache.cayenne.project.validation,ObjAttributeValidator,validate,Complex Method,"designitejava,pmd,checkstyle",framework/cayenne-project-unpublished/src/main/java/org/apache/cayenne/project/validation/ObjAttributeValidator.java,framework/cayenne-project-unpublished/src/main/java/org/apache/cayenne/project/validation/ObjAttributeValidator.java.ObjAttributeValidator.validate.Complex Method,3.1M1,3.1M1,3.1B1,1
cayenne,3.1M1,org.apache.cayenne.project.validation,ObjEntityValidator,validateName,Complex Method,"designitejava,pmd,checkstyle",framework/cayenne-project-unpublished/src/main/java/org/apache/cayenne/project/validation/ObjEntityValidator.java,framework/cayenne-project-unpublished/src/main/java/org/apache/cayenne/project/validation/ObjEntityValidator.java.ObjEntityValidator.validateName.Complex Method,3.1M1,3.1M1,3.1B1,1
cayenne,3.1M1,org.apache.cayenne.project.validation,ObjRelationshipValidator,validate,Complex Method,"designitejava,pmd,checkstyle",framework/cayenne-project-unpublished/src/main/java/org/apache/cayenne/project/validation/ObjRelationshipValidator.java,framework/cayenne-project-unpublished/src/main/java/org/apache/cayenne/project/validation/ObjRelationshipValidator.java.ObjRelationshipValidator.validate.Complex Method,3.1M1,3.1M1,3.1B1,1
cayenne,3.2M1,org.apache.cayenne.project,FileProjectSaver,clearOldFiles,Complex Method,"designitejava,pmd",framework/cayenne-project/src/main/java/org/apache/cayenne/project/FileProjectSaver.java,framework/cayenne-project/src/main/java/org/apache/cayenne/project/FileProjectSaver.java.FileProjectSaver.clearOldFiles.Complex Method,3.2M1,3.2M1,4.0.M2,1
cayenne,3.1B1,org.apache.cayenne.project.upgrade.v6,UpgradeHandler_V6,doPerformUpgrade,Complex Method,"designitejava,pmd,checkstyle",framework/cayenne-project/src/main/java/org/apache/cayenne/project/upgrade/v6/UpgradeHandler_V6.java,framework/cayenne-project/src/main/java/org/apache/cayenne/project/upgrade/v6/UpgradeHandler_V6.java.UpgradeHandler_V6.doPerformUpgrade.Complex Method,3.1B1,3.2M1,4.0.M2,5
cayenne,3.1B1,org.apache.cayenne.project.validation,DbRelationshipValidator,validate,Complex Method,"designitejava,pmd,checkstyle",framework/cayenne-project/src/main/java/org/apache/cayenne/project/validation/DbRelationshipValidator.java,framework/cayenne-project/src/main/java/org/apache/cayenne/project/validation/DbRelationshipValidator.java.DbRelationshipValidator.validate.Complex Method,3.1B1,3.2M1,4.0.M2,5
cayenne,3.1B1,org.apache.cayenne.project.validation,EmbeddableValidator,validate,Complex Method,"designitejava,pmd,checkstyle",framework/cayenne-project/src/main/java/org/apache/cayenne/project/validation/EmbeddableValidator.java,framework/cayenne-project/src/main/java/org/apache/cayenne/project/validation/EmbeddableValidator.java.EmbeddableValidator.validate.Complex Method,3.1B1,3.2M1,4.0.M2,5
cayenne,3.1B1,org.apache.cayenne.project.validation,ObjAttributeValidator,validate,Complex Method,"designitejava,pmd,checkstyle",framework/cayenne-project/src/main/java/org/apache/cayenne/project/validation/ObjAttributeValidator.java,framework/cayenne-project/src/main/java/org/apache/cayenne/project/validation/ObjAttributeValidator.java.ObjAttributeValidator.validate.Complex Method,3.1B1,3.2M1,4.0.M2,5
cayenne,3.1B1,org.apache.cayenne.project.validation,ObjEntityValidator,validateName,Complex Method,"designitejava,pmd,checkstyle",framework/cayenne-project/src/main/java/org/apache/cayenne/project/validation/ObjEntityValidator.java,framework/cayenne-project/src/main/java/org/apache/cayenne/project/validation/ObjEntityValidator.java.ObjEntityValidator.validateName.Complex Method,3.1B1,3.2M1,4.0.M2,5
cayenne,3.1B1,org.apache.cayenne.project.validation,ObjRelationshipValidator,validate,Complex Method,"designitejava,pmd,checkstyle",framework/cayenne-project/src/main/java/org/apache/cayenne/project/validation/ObjRelationshipValidator.java,framework/cayenne-project/src/main/java/org/apache/cayenne/project/validation/ObjRelationshipValidator.java.ObjRelationshipValidator.validate.Complex Method,3.1B1,3.2M1,4.0.M2,5
cayenne,3.0B1,org.apache.cayenne.gen,ClassGenerationAction,,God Class,"pmd,checkstyle",framework/cayenne-tools/src/main/java/org/apache/cayenne/gen/ClassGenerationAction.java,framework/cayenne-tools/src/main/java/org/apache/cayenne/gen/ClassGenerationAction.java.ClassGenerationAction..God Class,3.0B1,3.2M1,4.0.M2,10
cayenne,3.0B1,org.apache.cayenne.gen,ClassGenerator,generateClass,Long Parameter List,"designitejava,checkstyle",framework/cayenne-tools/src/main/java/org/apache/cayenne/gen/ClassGenerator.java,framework/cayenne-tools/src/main/java/org/apache/cayenne/gen/ClassGenerator.java.ClassGenerator.generateClass.Long Parameter List,3.0B1,3.0.1,3.1M1,4
cayenne,3.0B1,org.apache.cayenne.gen,DataMapUtils,getParameterNames,Complex Method,"designitejava,pmd,checkstyle",framework/cayenne-tools/src/main/java/org/apache/cayenne/gen/DataMapUtils.java,framework/cayenne-tools/src/main/java/org/apache/cayenne/gen/DataMapUtils.java.DataMapUtils.getParameterNames.Complex Method,3.0B1,3.2M1,4.0.M2,10
cayenne,3.0B1,org.apache.cayenne.gen,ImportUtils,generate,Complex Method,"designitejava,pmd",framework/cayenne-tools/src/main/java/org/apache/cayenne/gen/ImportUtils.java,framework/cayenne-tools/src/main/java/org/apache/cayenne/gen/ImportUtils.java.ImportUtils.generate.Complex Method,3.0B1,3.2M1,4.0.M2,10
cayenne,3.0B1,org.apache.cayenne.gen,MapClassGenerator,,God Class,"pmd,checkstyle",framework/cayenne-tools/src/main/java/org/apache/cayenne/gen/MapClassGenerator.java,framework/cayenne-tools/src/main/java/org/apache/cayenne/gen/MapClassGenerator.java.MapClassGenerator..God Class,3.0B1,3.0.1,3.1M1,4
cayenne,3.0B1,org.apache.cayenne.gen,MapClassGenerator,initClassGenerator_1_1,Complex Method,"pmd,checkstyle",framework/cayenne-tools/src/main/java/org/apache/cayenne/gen/MapClassGenerator.java,framework/cayenne-tools/src/main/java/org/apache/cayenne/gen/MapClassGenerator.java.MapClassGenerator.initClassGenerator_1_1.Complex Method,3.0B1,3.0.1,3.1M1,4
cayenne,3.2M1,org.apache.cayenne.tools,DbImporterTask,DbImporterTask,Feature Envy,"designitejava,checkstyle",framework/cayenne-tools/src/main/java/org/apache/cayenne/tools/DbImporterTask.java,framework/cayenne-tools/src/main/java/org/apache/cayenne/tools/DbImporterTask.java.DbImporterTask.DbImporterTask.Feature Envy,3.2M1,3.2M1,4.0.M2,1
cayenne,3.2M1,org.apache.cayenne.tools,DbImporterTask,validateAttributes,Feature Envy,"designitejava,checkstyle",framework/cayenne-tools/src/main/java/org/apache/cayenne/tools/DbImporterTask.java,framework/cayenne-tools/src/main/java/org/apache/cayenne/tools/DbImporterTask.java.DbImporterTask.validateAttributes.Feature Envy,3.2M1,3.2M1,4.0.M2,1
cayenne,3.0B1,org.apache.cayenne.tools,DeploymentConfigurator,validateAttributes,Complex Method,"designitejava,checkstyle",framework/cayenne-tools/src/main/java/org/apache/cayenne/tools/DeploymentConfigurator.java,framework/cayenne-tools/src/main/java/org/apache/cayenne/tools/DeploymentConfigurator.java.DeploymentConfigurator.validateAttributes.Complex Method,3.0B1,3.0.1,3.1M1,4
cayenne,3.0B1,org.apache.cayenne.tools,DeploymentConfigurator,validateAttributes,Feature Envy,"designitejava,checkstyle",framework/cayenne-tools/src/main/java/org/apache/cayenne/tools/DeploymentConfigurator.java,framework/cayenne-tools/src/main/java/org/apache/cayenne/tools/DeploymentConfigurator.java.DeploymentConfigurator.validateAttributes.Feature Envy,3.0B1,3.0.1,3.1M1,4
cayenne,3.2M1,org.apache.cayenne.tools.dbimport,DbImportAction,createDataMap,Complex Method,"designitejava,checkstyle",framework/cayenne-tools/src/main/java/org/apache/cayenne/tools/dbimport/DbImportAction.java,framework/cayenne-tools/src/main/java/org/apache/cayenne/tools/dbimport/DbImportAction.java.DbImportAction.createDataMap.Complex Method,3.2M1,3.2M1,4.0.M2,1
cayenne,3.0B1,org.apache.cayenne.tools,CayenneGeneratorTaskCrossMapRelationshipsTest,testCrossDataMapRelationships,Feature Envy,"designitejava,checkstyle",framework/cayenne-tools/src/test/java/org/apache/cayenne/tools/CayenneGeneratorTaskCrossMapRelationshipsTest.java,framework/cayenne-tools/src/test/java/org/apache/cayenne/tools/CayenneGeneratorTaskCrossMapRelationshipsTest.java.CayenneGeneratorTaskCrossMapRelationshipsTest.testCrossDataMapRelationships.Feature Envy,3.0B1,3.0.1,3.1M1,4
cayenne,3.0B1,org.apache.cayenne.tools,CayenneGeneratorTaskCrossMapRelationshipsTest,testCrossDataMapRelationships_v1_1,Feature Envy,"designitejava,checkstyle",framework/cayenne-tools/src/test/java/org/apache/cayenne/tools/CayenneGeneratorTaskCrossMapRelationshipsTest.java,framework/cayenne-tools/src/test/java/org/apache/cayenne/tools/CayenneGeneratorTaskCrossMapRelationshipsTest.java.CayenneGeneratorTaskCrossMapRelationshipsTest.testCrossDataMapRelationships_v1_1.Feature Envy,3.0B1,3.0.1,3.1M1,4
cayenne,3.1M1,org.apache.cayenne.wocompat,EOModelHelper,javaTypeForEOModelerType,Complex Method,"pmd,checkstyle",framework/cayenne-wocompat-unpublished/src/main/java/org/apache/cayenne/wocompat/EOModelHelper.java,framework/cayenne-wocompat-unpublished/src/main/java/org/apache/cayenne/wocompat/EOModelHelper.java.EOModelHelper.javaTypeForEOModelerType.Complex Method,3.1M1,3.2M1,4.0.M2,6
cayenne,3.1M1,org.apache.cayenne.wocompat,EOModelProcessor,,God Class,"pmd,checkstyle",framework/cayenne-wocompat-unpublished/src/main/java/org/apache/cayenne/wocompat/EOModelProcessor.java,framework/cayenne-wocompat-unpublished/src/main/java/org/apache/cayenne/wocompat/EOModelProcessor.java.EOModelProcessor..God Class,3.1M1,3.2M1,4.0.M2,6
cayenne,3.1M1,org.apache.cayenne.wocompat,EOModelProcessor,makeAttributes,Complex Method,"designitejava,pmd,checkstyle",framework/cayenne-wocompat-unpublished/src/main/java/org/apache/cayenne/wocompat/EOModelProcessor.java,framework/cayenne-wocompat-unpublished/src/main/java/org/apache/cayenne/wocompat/EOModelProcessor.java.EOModelProcessor.makeAttributes.Complex Method,3.1M1,3.2M1,4.0.M2,6
cayenne,3.1M1,org.apache.cayenne.wocompat,EOModelProcessor,makeEntity,Complex Method,"designitejava,pmd",framework/cayenne-wocompat-unpublished/src/main/java/org/apache/cayenne/wocompat/EOModelProcessor.java,framework/cayenne-wocompat-unpublished/src/main/java/org/apache/cayenne/wocompat/EOModelProcessor.java.EOModelProcessor.makeEntity.Complex Method,3.1M1,3.2M1,4.0.M2,6
cayenne,3.1M1,org.apache.cayenne.wocompat,EOModelProcessor,makeFlatRelationships,Complex Method,"designitejava,pmd",framework/cayenne-wocompat-unpublished/src/main/java/org/apache/cayenne/wocompat/EOModelProcessor.java,framework/cayenne-wocompat-unpublished/src/main/java/org/apache/cayenne/wocompat/EOModelProcessor.java.EOModelProcessor.makeFlatRelationships.Complex Method,3.1M1,3.2M1,4.0.M2,6
cayenne,3.1M1,org.apache.cayenne.wocompat,EOModelProcessor,makeRelationships,Complex Method,"designitejava,pmd,checkstyle",framework/cayenne-wocompat-unpublished/src/main/java/org/apache/cayenne/wocompat/EOModelProcessor.java,framework/cayenne-wocompat-unpublished/src/main/java/org/apache/cayenne/wocompat/EOModelProcessor.java.EOModelProcessor.makeRelationships.Complex Method,3.1M1,3.2M1,4.0.M2,6
cayenne,3.1M1,org.apache.cayenne.wocompat,EOQuery,initBindings,Complex Method,"designitejava,pmd,checkstyle",framework/cayenne-wocompat-unpublished/src/main/java/org/apache/cayenne/wocompat/EOQuery.java,framework/cayenne-wocompat-unpublished/src/main/java/org/apache/cayenne/wocompat/EOQuery.java.EOQuery.initBindings.Complex Method,3.1M1,3.2M1,4.0.M2,6
cayenne,3.1M1,org.apache.cayenne.wocompat,EOQuery,initFromPlist,Complex Method,"designitejava,pmd,checkstyle",framework/cayenne-wocompat-unpublished/src/main/java/org/apache/cayenne/wocompat/EOQuery.java,framework/cayenne-wocompat-unpublished/src/main/java/org/apache/cayenne/wocompat/EOQuery.java.EOQuery.initFromPlist.Complex Method,3.1M1,3.2M1,4.0.M2,6
cayenne,3.1M1,org.apache.cayenne.wocompat,PropertyListSerialization,writeObject,Complex Method,"designitejava,pmd,checkstyle",framework/cayenne-wocompat-unpublished/src/main/java/org/apache/cayenne/wocompat/PropertyListSerialization.java,framework/cayenne-wocompat-unpublished/src/main/java/org/apache/cayenne/wocompat/PropertyListSerialization.java.PropertyListSerialization.writeObject.Complex Method,3.1M1,3.2M1,4.0.M2,6
cayenne,3.1M1,org.apache.cayenne.wocompat.parser,ParseException,add_escapes,Complex Method,"designitejava,checkstyle",framework/cayenne-wocompat-unpublished/src/main/java/org/apache/cayenne/wocompat/parser/ParseException.java,framework/cayenne-wocompat-unpublished/src/main/java/org/apache/cayenne/wocompat/parser/ParseException.java.ParseException.add_escapes.Complex Method,3.1M1,3.2M1,4.0.M2,6
cayenne,3.1M1,org.apache.cayenne.wocompat.parser,ParseException,getMessage,Complex Method,"designitejava,pmd",framework/cayenne-wocompat-unpublished/src/main/java/org/apache/cayenne/wocompat/parser/ParseException.java,framework/cayenne-wocompat-unpublished/src/main/java/org/apache/cayenne/wocompat/parser/ParseException.java.ParseException.getMessage.Complex Method,3.1M1,3.2M1,4.0.M2,6
cayenne,3.1M1,org.apache.cayenne.wocompat.parser,Parser,,God Class,"pmd,checkstyle",framework/cayenne-wocompat-unpublished/src/main/java/org/apache/cayenne/wocompat/parser/Parser.java,framework/cayenne-wocompat-unpublished/src/main/java/org/apache/cayenne/wocompat/parser/Parser.java.Parser..God Class,3.1M1,3.2M1,4.0.M2,6
cayenne,3.1M1,org.apache.cayenne.wocompat.parser,Parser,generateParseException,Complex Method,"designitejava,pmd",framework/cayenne-wocompat-unpublished/src/main/java/org/apache/cayenne/wocompat/parser/Parser.java,framework/cayenne-wocompat-unpublished/src/main/java/org/apache/cayenne/wocompat/parser/Parser.java.Parser.generateParseException.Complex Method,3.1M1,3.2M1,4.0.M2,6
cayenne,3.1M1,org.apache.cayenne.wocompat.parser,Parser,jj_add_error_token,Complex Method,"designitejava,pmd,checkstyle",framework/cayenne-wocompat-unpublished/src/main/java/org/apache/cayenne/wocompat/parser/Parser.java,framework/cayenne-wocompat-unpublished/src/main/java/org/apache/cayenne/wocompat/parser/Parser.java.Parser.jj_add_error_token.Complex Method,3.1M1,3.2M1,4.0.M2,6
cayenne,3.1M1,org.apache.cayenne.wocompat.parser,Parser,map,Complex Method,"designitejava,pmd",framework/cayenne-wocompat-unpublished/src/main/java/org/apache/cayenne/wocompat/parser/Parser.java,framework/cayenne-wocompat-unpublished/src/main/java/org/apache/cayenne/wocompat/parser/Parser.java.Parser.map.Complex Method,3.1M1,3.2M1,4.0.M2,6
cayenne,3.1M1,org.apache.cayenne.wocompat.parser,ParserTokenManager,,God Class,"pmd,checkstyle",framework/cayenne-wocompat-unpublished/src/main/java/org/apache/cayenne/wocompat/parser/ParserTokenManager.java,framework/cayenne-wocompat-unpublished/src/main/java/org/apache/cayenne/wocompat/parser/ParserTokenManager.java.ParserTokenManager..God Class,3.1M1,3.2M1,4.0.M2,6
cayenne,3.1M1,org.apache.cayenne.wocompat.parser,ParserTokenManager,MoreLexicalActions,Complex Method,"designitejava,pmd,checkstyle",framework/cayenne-wocompat-unpublished/src/main/java/org/apache/cayenne/wocompat/parser/ParserTokenManager.java,framework/cayenne-wocompat-unpublished/src/main/java/org/apache/cayenne/wocompat/parser/ParserTokenManager.java.ParserTokenManager.MoreLexicalActions.Complex Method,3.1M1,3.2M1,4.0.M2,6
cayenne,3.1M1,org.apache.cayenne.wocompat.parser,ParserTokenManager,getNextToken,Complex Method,"designitejava,pmd,checkstyle",framework/cayenne-wocompat-unpublished/src/main/java/org/apache/cayenne/wocompat/parser/ParserTokenManager.java,framework/cayenne-wocompat-unpublished/src/main/java/org/apache/cayenne/wocompat/parser/ParserTokenManager.java.ParserTokenManager.getNextToken.Complex Method,3.1M1,3.2M1,4.0.M2,6
cayenne,3.1M1,org.apache.cayenne.wocompat.parser,ParserTokenManager,jjMoveNfa_0,Complex Method,"designitejava,pmd,checkstyle",framework/cayenne-wocompat-unpublished/src/main/java/org/apache/cayenne/wocompat/parser/ParserTokenManager.java,framework/cayenne-wocompat-unpublished/src/main/java/org/apache/cayenne/wocompat/parser/ParserTokenManager.java.ParserTokenManager.jjMoveNfa_0.Complex Method,3.1M1,3.2M1,4.0.M2,6
cayenne,3.1M1,org.apache.cayenne.wocompat.parser,ParserTokenManager,jjMoveNfa_1,Complex Method,"designitejava,pmd,checkstyle",framework/cayenne-wocompat-unpublished/src/main/java/org/apache/cayenne/wocompat/parser/ParserTokenManager.java,framework/cayenne-wocompat-unpublished/src/main/java/org/apache/cayenne/wocompat/parser/ParserTokenManager.java.ParserTokenManager.jjMoveNfa_1.Complex Method,3.1M1,3.2M1,4.0.M2,6
cayenne,3.1M1,org.apache.cayenne.wocompat.parser,ParserTokenManager,jjMoveNfa_2,Complex Method,"designitejava,pmd,checkstyle",framework/cayenne-wocompat-unpublished/src/main/java/org/apache/cayenne/wocompat/parser/ParserTokenManager.java,framework/cayenne-wocompat-unpublished/src/main/java/org/apache/cayenne/wocompat/parser/ParserTokenManager.java.ParserTokenManager.jjMoveNfa_2.Complex Method,3.1M1,3.2M1,4.0.M2,6
cayenne,3.1M1,org.apache.cayenne.wocompat.parser,ParserTokenManager,jjMoveStringLiteralDfa1_2,Complex Method,"designitejava,pmd,checkstyle",framework/cayenne-wocompat-unpublished/src/main/java/org/apache/cayenne/wocompat/parser/ParserTokenManager.java,framework/cayenne-wocompat-unpublished/src/main/java/org/apache/cayenne/wocompat/parser/ParserTokenManager.java.ParserTokenManager.jjMoveStringLiteralDfa1_2.Complex Method,3.1M1,3.2M1,4.0.M2,6
cayenne,3.1M1,org.apache.cayenne.wocompat.parser,SimpleCharStream,FillBuff,Complex Method,"designitejava,pmd",framework/cayenne-wocompat-unpublished/src/main/java/org/apache/cayenne/wocompat/parser/SimpleCharStream.java,framework/cayenne-wocompat-unpublished/src/main/java/org/apache/cayenne/wocompat/parser/SimpleCharStream.java.SimpleCharStream.FillBuff.Complex Method,3.1M1,3.2M1,4.0.M2,6
cayenne,3.1M1,org.apache.cayenne.wocompat.parser,TokenMgrError,LexicalError,Long Parameter List,"designitejava,checkstyle",framework/cayenne-wocompat-unpublished/src/main/java/org/apache/cayenne/wocompat/parser/TokenMgrError.java,framework/cayenne-wocompat-unpublished/src/main/java/org/apache/cayenne/wocompat/parser/TokenMgrError.java.TokenMgrError.LexicalError.Long Parameter List,3.1M1,3.2M1,4.0.M2,6
cayenne,3.1M1,org.apache.cayenne.wocompat.parser,TokenMgrError,addEscapes,Complex Method,"designitejava,checkstyle",framework/cayenne-wocompat-unpublished/src/main/java/org/apache/cayenne/wocompat/parser/TokenMgrError.java,framework/cayenne-wocompat-unpublished/src/main/java/org/apache/cayenne/wocompat/parser/TokenMgrError.java.TokenMgrError.addEscapes.Complex Method,3.1M1,3.2M1,4.0.M2,6
cayenne,3.0B1,org.apache.cayenne.tools,CayenneModelerMojo,lookupModelFile,Complex Method,"designitejava,pmd",framework/maven-cayenne-modeler-plugin/src/main/java/org/apache/cayenne/tools/CayenneModelerMojo.java,framework/maven-cayenne-modeler-plugin/src/main/java/org/apache/cayenne/tools/CayenneModelerMojo.java.CayenneModelerMojo.lookupModelFile.Complex Method,3.0B1,3.0.1,3.1M1,4
cayenne,4.1.B1,org.apache.cayenne.tools,CayenneGeneratorMojo,cgenConfigFromPom,Complex Method,"pmd,checkstyle",maven-plugins/cayenne-maven-plugin/src/main/java/org/apache/cayenne/tools/CayenneGeneratorMojo.java,maven-plugins/cayenne-maven-plugin/src/main/java/org/apache/cayenne/tools/CayenneGeneratorMojo.java.CayenneGeneratorMojo.cgenConfigFromPom.Complex Method,4.1.B1,5.0-M1,5.0-M1,10
cayenne,4.2.M1,org.apache.cayenne.tools,DbImporterMojoTest,cleanDb,Complex Method,"pmd,checkstyle",maven-plugins/cayenne-maven-plugin/src/test/java/org/apache/cayenne/tools/DbImporterMojoTest.java,maven-plugins/cayenne-maven-plugin/src/test/java/org/apache/cayenne/tools/DbImporterMojoTest.java.DbImporterMojoTest.cleanDb.Complex Method,4.2.M1,5.0-M1,5.0-M1,6
cayenne,3.1M1,org.apache.cayenne.modeler,ProjectController,,God Class,"pmd,checkstyle",modeler/cayenne-modeler/src/main/java/org/apache/cayenne/modeler/ProjectController.java,modeler/cayenne-modeler/src/main/java/org/apache/cayenne/modeler/ProjectController.java.ProjectController..God Class,3.1M1,5.0-M1,5.0-M1,22
cayenne,3.1M1,org.apache.cayenne.modeler,ProjectController,fireNavigationEvent,Complex Method,"designitejava,pmd,checkstyle",modeler/cayenne-modeler/src/main/java/org/apache/cayenne/modeler/ProjectController.java,modeler/cayenne-modeler/src/main/java/org/apache/cayenne/modeler/ProjectController.java.ProjectController.fireNavigationEvent.Complex Method,3.1M1,5.0-M1,5.0-M1,22
cayenne,3.1M1,org.apache.cayenne.modeler,ProjectController,getCurrentObject,Complex Method,"designitejava,pmd,checkstyle",modeler/cayenne-modeler/src/main/java/org/apache/cayenne/modeler/ProjectController.java,modeler/cayenne-modeler/src/main/java/org/apache/cayenne/modeler/ProjectController.java.ProjectController.getCurrentObject.Complex Method,3.1M1,5.0-M1,5.0-M1,22
cayenne,3.1M1,org.apache.cayenne.modeler,ProjectController,removeFromHistory,Complex Method,"designitejava,pmd,checkstyle",modeler/cayenne-modeler/src/main/java/org/apache/cayenne/modeler/ProjectController.java,modeler/cayenne-modeler/src/main/java/org/apache/cayenne/modeler/ProjectController.java.ProjectController.removeFromHistory.Complex Method,3.1M1,5.0-M1,5.0-M1,22
cayenne,3.1M1,org.apache.cayenne.modeler,ProjectController,removeFromHistory,Feature Envy,"designitejava,checkstyle",modeler/cayenne-modeler/src/main/java/org/apache/cayenne/modeler/ProjectController.java,modeler/cayenne-modeler/src/main/java/org/apache/cayenne/modeler/ProjectController.java.ProjectController.removeFromHistory.Feature Envy,3.1M1,5.0-M1,5.0-M1,22
cayenne,4.0.M2,org.apache.cayenne.modeler,ProjectFileChangeTracker,doOnRemove,Feature Envy,"designitejava,checkstyle",modeler/cayenne-modeler/src/main/java/org/apache/cayenne/modeler/ProjectFileChangeTracker.java,modeler/cayenne-modeler/src/main/java/org/apache/cayenne/modeler/ProjectFileChangeTracker.java.ProjectFileChangeTracker.doOnRemove.Feature Envy,4.0.M2,5.0-M1,5.0-M1,16
cayenne,3.1M1,org.apache.cayenne.modeler,ProjectTreeModel,positionNode,Complex Method,"designitejava,pmd,checkstyle",modeler/cayenne-modeler/src/main/java/org/apache/cayenne/modeler/ProjectTreeModel.java,modeler/cayenne-modeler/src/main/java/org/apache/cayenne/modeler/ProjectTreeModel.java.ProjectTreeModel.positionNode.Complex Method,3.1M1,5.0-M1,5.0-M1,22
cayenne,3.1M1,org.apache.cayenne.modeler,ProjectTreeView,,God Class,"pmd,checkstyle",modeler/cayenne-modeler/src/main/java/org/apache/cayenne/modeler/ProjectTreeView.java,modeler/cayenne-modeler/src/main/java/org/apache/cayenne/modeler/ProjectTreeView.java.ProjectTreeView..God Class,3.1M1,5.0-M1,5.0-M1,22
cayenne,3.1M1,org.apache.cayenne.modeler,ProjectTreeView,dataNodeChanged,Complex Method,"designitejava,pmd,checkstyle",modeler/cayenne-modeler/src/main/java/org/apache/cayenne/modeler/ProjectTreeView.java,modeler/cayenne-modeler/src/main/java/org/apache/cayenne/modeler/ProjectTreeView.java.ProjectTreeView.dataNodeChanged.Complex Method,3.1M1,5.0-M1,5.0-M1,22
cayenne,3.1M1,org.apache.cayenne.modeler,ProjectTreeView,processSelection,Complex Method,"designitejava,pmd,checkstyle",modeler/cayenne-modeler/src/main/java/org/apache/cayenne/modeler/ProjectTreeView.java,modeler/cayenne-modeler/src/main/java/org/apache/cayenne/modeler/ProjectTreeView.java.ProjectTreeView.processSelection.Complex Method,3.1M1,5.0-M1,5.0-M1,22
cayenne,4.0,org.apache.cayenne.modeler.action,DbEntitySyncAction,syncDbEntity,Complex Method,"designitejava,pmd",modeler/cayenne-modeler/src/main/java/org/apache/cayenne/modeler/action/DbEntitySyncAction.java,modeler/cayenne-modeler/src/main/java/org/apache/cayenne/modeler/action/DbEntitySyncAction.java.DbEntitySyncAction.syncDbEntity.Complex Method,4.0,5.0-M1,5.0-M1,13
cayenne,3.1M1,org.apache.cayenne.modeler.action,FindAction,performAction,Complex Method,"designitejava,pmd,checkstyle",modeler/cayenne-modeler/src/main/java/org/apache/cayenne/modeler/action/FindAction.java,modeler/cayenne-modeler/src/main/java/org/apache/cayenne/modeler/action/FindAction.java.FindAction.performAction.Complex Method,3.1M1,4.0.M2,4.0.B1,7
cayenne,4.2.M1,org.apache.cayenne.modeler.action,LoadDbSchemaAction,loadDataBase,Feature Envy,"designitejava,checkstyle",modeler/cayenne-modeler/src/main/java/org/apache/cayenne/modeler/action/LoadDbSchemaAction.java,modeler/cayenne-modeler/src/main/java/org/apache/cayenne/modeler/action/LoadDbSchemaAction.java.LoadDbSchemaAction.loadDataBase.Feature Envy,4.2.M1,5.0-M1,5.0-M1,6
cayenne,4.2.M1,org.apache.cayenne.modeler.action,LoadDbSchemaAction,performAction,Complex Method,"designitejava,pmd",modeler/cayenne-modeler/src/main/java/org/apache/cayenne/modeler/action/LoadDbSchemaAction.java,modeler/cayenne-modeler/src/main/java/org/apache/cayenne/modeler/action/LoadDbSchemaAction.java.LoadDbSchemaAction.performAction.Complex Method,4.2.M1,5.0-M1,5.0-M1,6
cayenne,3.1M1,org.apache.cayenne.modeler.action,OpenProjectAction,openProject,Complex Method,"designitejava,pmd",modeler/cayenne-modeler/src/main/java/org/apache/cayenne/modeler/action/OpenProjectAction.java,modeler/cayenne-modeler/src/main/java/org/apache/cayenne/modeler/action/OpenProjectAction.java.OpenProjectAction.openProject.Complex Method,3.1M1,4.0.1,4.1.M1,11
cayenne,3.1M1,org.apache.cayenne.modeler.action,PasteAction,getState,Complex Method,"pmd,checkstyle",modeler/cayenne-modeler/src/main/java/org/apache/cayenne/modeler/action/PasteAction.java,modeler/cayenne-modeler/src/main/java/org/apache/cayenne/modeler/action/PasteAction.java.PasteAction.getState.Complex Method,3.1M1,5.0-M1,5.0-M1,22
cayenne,3.1M1,org.apache.cayenne.modeler.action,PasteAction,paste,Complex Method,"designitejava,pmd,checkstyle",modeler/cayenne-modeler/src/main/java/org/apache/cayenne/modeler/action/PasteAction.java,modeler/cayenne-modeler/src/main/java/org/apache/cayenne/modeler/action/PasteAction.java.PasteAction.paste.Complex Method,3.1M1,5.0-M1,5.0-M1,22
cayenne,3.1M1,org.apache.cayenne.modeler.action,ProjectOpener,newProjectDir,Complex Method,"designitejava,pmd",modeler/cayenne-modeler/src/main/java/org/apache/cayenne/modeler/action/ProjectOpener.java,modeler/cayenne-modeler/src/main/java/org/apache/cayenne/modeler/action/ProjectOpener.java.ProjectOpener.newProjectDir.Complex Method,3.1M1,5.0-M1,5.0-M1,22
cayenne,3.1M1,org.apache.cayenne.modeler.action,RemoveAction,enableForPath,Complex Method,"designitejava,checkstyle",modeler/cayenne-modeler/src/main/java/org/apache/cayenne/modeler/action/RemoveAction.java,modeler/cayenne-modeler/src/main/java/org/apache/cayenne/modeler/action/RemoveAction.java.RemoveAction.enableForPath.Complex Method,3.1M1,5.0-M1,5.0-M1,22
cayenne,3.1M1,org.apache.cayenne.modeler.action,RemoveAction,performAction,Complex Method,"designitejava,pmd,checkstyle",modeler/cayenne-modeler/src/main/java/org/apache/cayenne/modeler/action/RemoveAction.java,modeler/cayenne-modeler/src/main/java/org/apache/cayenne/modeler/action/RemoveAction.java.RemoveAction.performAction.Complex Method,3.1M1,5.0-M1,5.0-M1,22
cayenne,3.1M1,org.apache.cayenne.modeler.action,RemoveAttributeAction,performAction,Complex Method,"pmd,checkstyle",modeler/cayenne-modeler/src/main/java/org/apache/cayenne/modeler/action/RemoveAttributeAction.java,modeler/cayenne-modeler/src/main/java/org/apache/cayenne/modeler/action/RemoveAttributeAction.java.RemoveAttributeAction.performAction.Complex Method,3.1M1,5.0-M1,5.0-M1,22
cayenne,3.1M1,org.apache.cayenne.modeler.action,RemoveRelationshipAction,performAction,Complex Method,"pmd,checkstyle",modeler/cayenne-modeler/src/main/java/org/apache/cayenne/modeler/action/RemoveRelationshipAction.java,modeler/cayenne-modeler/src/main/java/org/apache/cayenne/modeler/action/RemoveRelationshipAction.java.RemoveRelationshipAction.performAction.Complex Method,3.1M1,5.0-M1,5.0-M1,22
cayenne,3.1M1,org.apache.cayenne.modeler.action,SaveAsAction,saveAll,Complex Method,"designitejava,checkstyle",modeler/cayenne-modeler/src/main/java/org/apache/cayenne/modeler/action/SaveAsAction.java,modeler/cayenne-modeler/src/main/java/org/apache/cayenne/modeler/action/SaveAsAction.java.SaveAsAction.saveAll.Complex Method,3.1M1,5.0-M1,5.0-M1,22
cayenne,4.1.B1,org.apache.cayenne.modeler.action.dbimport,DeleteNodeAction,performAction,Complex Method,"designitejava,pmd",modeler/cayenne-modeler/src/main/java/org/apache/cayenne/modeler/action/dbimport/DeleteNodeAction.java,modeler/cayenne-modeler/src/main/java/org/apache/cayenne/modeler/action/dbimport/DeleteNodeAction.java.DeleteNodeAction.performAction.Complex Method,4.1.B1,5.0-M1,5.0-M1,10
cayenne,4.1.B1,org.apache.cayenne.modeler.action.dbimport,EditNodeAction,performAction,Complex Method,"designitejava,pmd,checkstyle",modeler/cayenne-modeler/src/main/java/org/apache/cayenne/modeler/action/dbimport/EditNodeAction.java,modeler/cayenne-modeler/src/main/java/org/apache/cayenne/modeler/action/dbimport/EditNodeAction.java.EditNodeAction.performAction.Complex Method,4.1.B1,5.0-M1,5.0-M1,10
cayenne,4.1.B1,org.apache.cayenne.modeler.action.dbimport,MoveImportNodeAction,canInsert,Complex Method,"pmd,checkstyle",modeler/cayenne-modeler/src/main/java/org/apache/cayenne/modeler/action/dbimport/MoveImportNodeAction.java,modeler/cayenne-modeler/src/main/java/org/apache/cayenne/modeler/action/dbimport/MoveImportNodeAction.java.MoveImportNodeAction.canInsert.Complex Method,4.1.B1,5.0-M1,5.0-M1,10
cayenne,4.1.B1,org.apache.cayenne.modeler.action.dbimport,MoveImportNodeAction,performAction,Complex Method,"designitejava,pmd,checkstyle",modeler/cayenne-modeler/src/main/java/org/apache/cayenne/modeler/action/dbimport/MoveImportNodeAction.java,modeler/cayenne-modeler/src/main/java/org/apache/cayenne/modeler/action/dbimport/MoveImportNodeAction.java.MoveImportNodeAction.performAction.Complex Method,4.1.B1,5.0-M1,5.0-M1,10
cayenne,3.1M1,org.apache.cayenne.modeler.dialog,FindDialog,jumpToResult,Complex Method,"designitejava,pmd,checkstyle",modeler/cayenne-modeler/src/main/java/org/apache/cayenne/modeler/dialog/FindDialog.java,modeler/cayenne-modeler/src/main/java/org/apache/cayenne/modeler/dialog/FindDialog.java.FindDialog.jumpToResult.Complex Method,3.1M1,4.0.M2,4.0.B1,7
cayenne,3.1M1,org.apache.cayenne.modeler.dialog,ResolveDbRelationshipDialog,save,Complex Method,"designitejava,pmd,checkstyle",modeler/cayenne-modeler/src/main/java/org/apache/cayenne/modeler/dialog/ResolveDbRelationshipDialog.java,modeler/cayenne-modeler/src/main/java/org/apache/cayenne/modeler/dialog/ResolveDbRelationshipDialog.java.ResolveDbRelationshipDialog.save.Complex Method,3.1M1,4.0.M2,4.0.B1,7
cayenne,3.1M1,org.apache.cayenne.modeler.dialog.autorelationship,InferRelationshipsControllerBase,createRelationships,Complex Method,"designitejava,pmd",modeler/cayenne-modeler/src/main/java/org/apache/cayenne/modeler/dialog/autorelationship/InferRelationshipsControllerBase.java,modeler/cayenne-modeler/src/main/java/org/apache/cayenne/modeler/dialog/autorelationship/InferRelationshipsControllerBase.java.InferRelationshipsControllerBase.createRelationships.Complex Method,3.1M1,5.0-M1,5.0-M1,22
cayenne,3.1M1,org.apache.cayenne.modeler.dialog.autorelationship,InferRelationshipsControllerBase,getJoinAttribute,Complex Method,"designitejava,pmd",modeler/cayenne-modeler/src/main/java/org/apache/cayenne/modeler/dialog/autorelationship/InferRelationshipsControllerBase.java,modeler/cayenne-modeler/src/main/java/org/apache/cayenne/modeler/dialog/autorelationship/InferRelationshipsControllerBase.java.InferRelationshipsControllerBase.getJoinAttribute.Complex Method,3.1M1,5.0-M1,5.0-M1,22
cayenne,3.1M1,org.apache.cayenne.modeler.dialog.codegen,CodeGeneratorControllerBase,setSelected,Complex Method,"designitejava,pmd",modeler/cayenne-modeler/src/main/java/org/apache/cayenne/modeler/dialog/codegen/CodeGeneratorControllerBase.java,modeler/cayenne-modeler/src/main/java/org/apache/cayenne/modeler/dialog/codegen/CodeGeneratorControllerBase.java.CodeGeneratorControllerBase.setSelected.Complex Method,3.1M1,4.1.M1,4.1.B1,12
cayenne,4.0.1,org.apache.cayenne.modeler.dialog.codegen,CodeGeneratorControllerBase,updateDataMapSelection,Complex Method,"designitejava,pmd,checkstyle",modeler/cayenne-modeler/src/main/java/org/apache/cayenne/modeler/dialog/codegen/CodeGeneratorControllerBase.java,modeler/cayenne-modeler/src/main/java/org/apache/cayenne/modeler/dialog/codegen/CodeGeneratorControllerBase.java.CodeGeneratorControllerBase.updateDataMapSelection.Complex Method,4.0.1,4.0.1,4.1.M1,1
cayenne,3.1M1,org.apache.cayenne.modeler.dialog.codegen,CodeGeneratorControllerBase,updateSelection,Complex Method,"designitejava,pmd,checkstyle",modeler/cayenne-modeler/src/main/java/org/apache/cayenne/modeler/dialog/codegen/CodeGeneratorControllerBase.java,modeler/cayenne-modeler/src/main/java/org/apache/cayenne/modeler/dialog/codegen/CodeGeneratorControllerBase.java.CodeGeneratorControllerBase.updateSelection.Complex Method,3.1M1,4.1.M1,4.1.B1,12
cayenne,3.1M1,org.apache.cayenne.modeler.dialog.codegen,CustomModeController,createGenerator,Feature Envy,"designitejava,checkstyle",modeler/cayenne-modeler/src/main/java/org/apache/cayenne/modeler/dialog/codegen/CustomModeController.java,modeler/cayenne-modeler/src/main/java/org/apache/cayenne/modeler/dialog/codegen/CustomModeController.java.CustomModeController.createGenerator.Feature Envy,3.1M1,4.1.M1,4.1.B1,12
cayenne,3.1M1,org.apache.cayenne.modeler.dialog.codegen,GeneratorController,,God Class,"pmd,checkstyle",modeler/cayenne-modeler/src/main/java/org/apache/cayenne/modeler/dialog/codegen/GeneratorController.java,modeler/cayenne-modeler/src/main/java/org/apache/cayenne/modeler/dialog/codegen/GeneratorController.java.GeneratorController..God Class,3.1M1,4.1.M1,4.1.B1,12
cayenne,3.1M1,org.apache.cayenne.modeler.dialog.codegen,GeneratorController,validateEntity,Complex Method,"designitejava,pmd",modeler/cayenne-modeler/src/main/java/org/apache/cayenne/modeler/dialog/codegen/GeneratorController.java,modeler/cayenne-modeler/src/main/java/org/apache/cayenne/modeler/dialog/codegen/GeneratorController.java.GeneratorController.validateEntity.Complex Method,3.1M1,4.1.M1,4.1.B1,12
cayenne,3.1M1,org.apache.cayenne.modeler.dialog.codegen,GeneratorController,validateRelationship,Complex Method,"designitejava,pmd",modeler/cayenne-modeler/src/main/java/org/apache/cayenne/modeler/dialog/codegen/GeneratorController.java,modeler/cayenne-modeler/src/main/java/org/apache/cayenne/modeler/dialog/codegen/GeneratorController.java.GeneratorController.validateRelationship.Complex Method,3.1M1,4.1.M1,4.1.B1,12
cayenne,3.1B1,org.apache.cayenne.modeler.dialog.datadomain,CacheSyncConfigController,commitChanges,Complex Method,"designitejava,pmd",modeler/cayenne-modeler/src/main/java/org/apache/cayenne/modeler/dialog/datadomain/CacheSyncConfigController.java,modeler/cayenne-modeler/src/main/java/org/apache/cayenne/modeler/dialog/datadomain/CacheSyncConfigController.java.CacheSyncConfigController.commitChanges.Complex Method,3.1B1,4.0.M2,4.0.B1,6
cayenne,3.1M1,org.apache.cayenne.modeler.dialog.datamap,LockingUpdateController,updateAction,Complex Method,"designitejava,pmd,checkstyle",modeler/cayenne-modeler/src/main/java/org/apache/cayenne/modeler/dialog/datamap/LockingUpdateController.java,modeler/cayenne-modeler/src/main/java/org/apache/cayenne/modeler/dialog/datamap/LockingUpdateController.java.LockingUpdateController.updateAction.Complex Method,3.1M1,5.0-M1,5.0-M1,22
cayenne,3.1M1,org.apache.cayenne.modeler.dialog.datamap,PackageUpdateController,updatePackage,Complex Method,"designitejava,pmd,checkstyle",modeler/cayenne-modeler/src/main/java/org/apache/cayenne/modeler/dialog/datamap/PackageUpdateController.java,modeler/cayenne-modeler/src/main/java/org/apache/cayenne/modeler/dialog/datamap/PackageUpdateController.java.PackageUpdateController.updatePackage.Complex Method,3.1M1,5.0-M1,5.0-M1,22
cayenne,3.1M1,org.apache.cayenne.modeler.dialog.db,DBGeneratorOptions,initController,Feature Envy,"designitejava,checkstyle",modeler/cayenne-modeler/src/main/java/org/apache/cayenne/modeler/dialog/db/DBGeneratorOptions.java,modeler/cayenne-modeler/src/main/java/org/apache/cayenne/modeler/dialog/db/DBGeneratorOptions.java.DBGeneratorOptions.initController.Feature Envy,3.1M1,4.0.M2,4.0.B1,7
cayenne,4.0.M2,org.apache.cayenne.modeler.dialog.db,DbLoaderOptionsDialog,initFromModel,Complex Method,"designitejava,pmd,checkstyle",modeler/cayenne-modeler/src/main/java/org/apache/cayenne/modeler/dialog/db/DbLoaderOptionsDialog.java,modeler/cayenne-modeler/src/main/java/org/apache/cayenne/modeler/dialog/db/DbLoaderOptionsDialog.java.DbLoaderOptionsDialog.initFromModel.Complex Method,4.0.M2,4.0.M2,4.0.B1,1
cayenne,3.1M1,org.apache.cayenne.modeler.dialog.db,MergerOptions,generateSchemaAction,Complex Method,"designitejava,pmd",modeler/cayenne-modeler/src/main/java/org/apache/cayenne/modeler/dialog/db/MergerOptions.java,modeler/cayenne-modeler/src/main/java/org/apache/cayenne/modeler/dialog/db/MergerOptions.java.MergerOptions.generateSchemaAction.Complex Method,3.1M1,4.0.M2,4.0.B1,7
cayenne,4.0.RC1,org.apache.cayenne.modeler.dialog.db.gen,TableSelectorController,updateTables,Complex Method,"designitejava,pmd",modeler/cayenne-modeler/src/main/java/org/apache/cayenne/modeler/dialog/db/gen/TableSelectorController.java,modeler/cayenne-modeler/src/main/java/org/apache/cayenne/modeler/dialog/db/gen/TableSelectorController.java.TableSelectorController.updateTables.Complex Method,4.0.RC1,5.0-M1,5.0-M1,14
cayenne,4.1.B1,org.apache.cayenne.modeler.dialog.db.load,ModelerDbImportAction,checkForUnusedImports,Feature Envy,"designitejava,checkstyle",modeler/cayenne-modeler/src/main/java/org/apache/cayenne/modeler/dialog/db/load/ModelerDbImportAction.java,modeler/cayenne-modeler/src/main/java/org/apache/cayenne/modeler/dialog/db/load/ModelerDbImportAction.java.ModelerDbImportAction.checkForUnusedImports.Feature Envy,4.1.B1,4.1.RC1,4.1,2
cayenne,3.1M1,org.apache.cayenne.modeler.dialog.objentity,ClassNameUpdater,doNameUpdate,Complex Method,"designitejava,pmd,checkstyle",modeler/cayenne-modeler/src/main/java/org/apache/cayenne/modeler/dialog/objentity/ClassNameUpdater.java,modeler/cayenne-modeler/src/main/java/org/apache/cayenne/modeler/dialog/objentity/ClassNameUpdater.java.ClassNameUpdater.doNameUpdate.Complex Method,3.1M1,4.2.1,5.0-M1,21
cayenne,3.1M1,org.apache.cayenne.modeler.dialog.objentity,ObjAttributeInfoDialog,,God Class,"pmd,checkstyle",modeler/cayenne-modeler/src/main/java/org/apache/cayenne/modeler/dialog/objentity/ObjAttributeInfoDialog.java,modeler/cayenne-modeler/src/main/java/org/apache/cayenne/modeler/dialog/objentity/ObjAttributeInfoDialog.java.ObjAttributeInfoDialog..God Class,3.1M1,5.0-M1,5.0-M1,22
cayenne,3.1M1,org.apache.cayenne.modeler.dialog.objentity,ObjAttributeInfoDialog,initController,Complex Method,"designitejava,pmd,checkstyle",modeler/cayenne-modeler/src/main/java/org/apache/cayenne/modeler/dialog/objentity/ObjAttributeInfoDialog.java,modeler/cayenne-modeler/src/main/java/org/apache/cayenne/modeler/dialog/objentity/ObjAttributeInfoDialog.java.ObjAttributeInfoDialog.initController.Complex Method,3.1M1,5.0-M1,5.0-M1,22
cayenne,3.1M1,org.apache.cayenne.modeler.dialog.objentity,ObjAttributeInfoDialog,saveMapping,Complex Method,"designitejava,pmd,checkstyle",modeler/cayenne-modeler/src/main/java/org/apache/cayenne/modeler/dialog/objentity/ObjAttributeInfoDialog.java,modeler/cayenne-modeler/src/main/java/org/apache/cayenne/modeler/dialog/objentity/ObjAttributeInfoDialog.java.ObjAttributeInfoDialog.saveMapping.Complex Method,3.1M1,5.0-M1,5.0-M1,22
cayenne,3.1M1,org.apache.cayenne.modeler.dialog.objentity,ObjAttributeInfoDialog,setPath,Complex Method,"designitejava,pmd,checkstyle",modeler/cayenne-modeler/src/main/java/org/apache/cayenne/modeler/dialog/objentity/ObjAttributeInfoDialog.java,modeler/cayenne-modeler/src/main/java/org/apache/cayenne/modeler/dialog/objentity/ObjAttributeInfoDialog.java.ObjAttributeInfoDialog.setPath.Complex Method,3.1M1,5.0-M1,5.0-M1,22
cayenne,3.1B1,org.apache.cayenne.modeler.dialog.objentity,ObjRelationshipInfo,,God Class,"pmd,checkstyle",modeler/cayenne-modeler/src/main/java/org/apache/cayenne/modeler/dialog/objentity/ObjRelationshipInfo.java,modeler/cayenne-modeler/src/main/java/org/apache/cayenne/modeler/dialog/objentity/ObjRelationshipInfo.java.ObjRelationshipInfo..God Class,3.1B1,5.0-M1,5.0-M1,21
cayenne,4.1.1,org.apache.cayenne.modeler.dialog.objentity,ObjRelationshipInfo,configureRelationship,Complex Method,"designitejava,pmd,checkstyle",modeler/cayenne-modeler/src/main/java/org/apache/cayenne/modeler/dialog/objentity/ObjRelationshipInfo.java,modeler/cayenne-modeler/src/main/java/org/apache/cayenne/modeler/dialog/objentity/ObjRelationshipInfo.java.ObjRelationshipInfo.configureRelationship.Complex Method,4.1.1,5.0-M1,5.0-M1,7
cayenne,4.2.M1,org.apache.cayenne.modeler.dialog.objentity,ObjRelationshipInfo,fireObjRelationshipEvent,Feature Envy,"designitejava,checkstyle",modeler/cayenne-modeler/src/main/java/org/apache/cayenne/modeler/dialog/objentity/ObjRelationshipInfo.java,modeler/cayenne-modeler/src/main/java/org/apache/cayenne/modeler/dialog/objentity/ObjRelationshipInfo.java.ObjRelationshipInfo.fireObjRelationshipEvent.Feature Envy,4.2.M1,5.0-M1,5.0-M1,6
cayenne,3.1B1,org.apache.cayenne.modeler.dialog.objentity,ObjRelationshipInfo,savePath,Complex Method,"designitejava,pmd,checkstyle",modeler/cayenne-modeler/src/main/java/org/apache/cayenne/modeler/dialog/objentity/ObjRelationshipInfo.java,modeler/cayenne-modeler/src/main/java/org/apache/cayenne/modeler/dialog/objentity/ObjRelationshipInfo.java.ObjRelationshipInfo.savePath.Complex Method,3.1B1,4.2.B1,4.2.RC1,17
cayenne,3.1M1,org.apache.cayenne.modeler.dialog.objentity,ObjRelationshipInfoModel,savePath,Complex Method,"designitejava,pmd,checkstyle",modeler/cayenne-modeler/src/main/java/org/apache/cayenne/modeler/dialog/objentity/ObjRelationshipInfoModel.java,modeler/cayenne-modeler/src/main/java/org/apache/cayenne/modeler/dialog/objentity/ObjRelationshipInfoModel.java.ObjRelationshipInfoModel.savePath.Complex Method,3.1M1,3.1M1,3.1B1,1
cayenne,3.1M1,org.apache.cayenne.modeler.dialog.pref,DBConnectionInfoEditor,initBindings,Feature Envy,"designitejava,checkstyle",modeler/cayenne-modeler/src/main/java/org/apache/cayenne/modeler/dialog/pref/DBConnectionInfoEditor.java,modeler/cayenne-modeler/src/main/java/org/apache/cayenne/modeler/dialog/pref/DBConnectionInfoEditor.java.DBConnectionInfoEditor.initBindings.Feature Envy,3.1M1,5.0-M1,5.0-M1,22
cayenne,3.1M1,org.apache.cayenne.modeler.dialog.pref,DataSourcePreferences,testDataSourceAction,Complex Method,"designitejava,pmd,checkstyle",modeler/cayenne-modeler/src/main/java/org/apache/cayenne/modeler/dialog/pref/DataSourcePreferences.java,modeler/cayenne-modeler/src/main/java/org/apache/cayenne/modeler/dialog/pref/DataSourcePreferences.java.DataSourcePreferences.testDataSourceAction.Complex Method,3.1M1,5.0-M1,5.0-M1,22
cayenne,3.1M1,org.apache.cayenne.modeler.dialog.pref,TemplatePreferences,initBindings,Feature Envy,"designitejava,checkstyle",modeler/cayenne-modeler/src/main/java/org/apache/cayenne/modeler/dialog/pref/TemplatePreferences.java,modeler/cayenne-modeler/src/main/java/org/apache/cayenne/modeler/dialog/pref/TemplatePreferences.java.TemplatePreferences.initBindings.Feature Envy,3.1M1,4.2.1,5.0-M1,21
cayenne,3.1M1,org.apache.cayenne.modeler.dialog.validator,ValidationDisplayHandler,getErrorMsg,Complex Method,"designitejava,checkstyle",modeler/cayenne-modeler/src/main/java/org/apache/cayenne/modeler/dialog/validator/ValidationDisplayHandler.java,modeler/cayenne-modeler/src/main/java/org/apache/cayenne/modeler/dialog/validator/ValidationDisplayHandler.java.ValidationDisplayHandler.getErrorMsg.Complex Method,3.1M1,5.0-M1,5.0-M1,22
cayenne,3.1M1,org.apache.cayenne.modeler.editor,AbstractCallbackMethodsTab,initController,Complex Method,"designitejava,pmd",modeler/cayenne-modeler/src/main/java/org/apache/cayenne/modeler/editor/AbstractCallbackMethodsTab.java,modeler/cayenne-modeler/src/main/java/org/apache/cayenne/modeler/editor/AbstractCallbackMethodsTab.java.AbstractCallbackMethodsTab.initController.Complex Method,3.1M1,3.2M1,4.0.M2,6
cayenne,3.1M1,org.apache.cayenne.modeler.editor,DataDomainView,setDomainName,Feature Envy,"designitejava,checkstyle",modeler/cayenne-modeler/src/main/java/org/apache/cayenne/modeler/editor/DataDomainView.java,modeler/cayenne-modeler/src/main/java/org/apache/cayenne/modeler/editor/DataDomainView.java.DataDomainView.setDomainName.Feature Envy,3.1M1,5.0-M1,5.0-M1,22
cayenne,3.1M1,org.apache.cayenne.modeler.editor,DataMapView,setDataMapName,Feature Envy,"designitejava,checkstyle",modeler/cayenne-modeler/src/main/java/org/apache/cayenne/modeler/editor/DataMapView.java,modeler/cayenne-modeler/src/main/java/org/apache/cayenne/modeler/editor/DataMapView.java.DataMapView.setDataMapName.Feature Envy,3.1M1,5.0-M1,5.0-M1,22
cayenne,3.1M1,org.apache.cayenne.modeler.editor,DataMapView,setDataNode,Feature Envy,"designitejava,checkstyle",modeler/cayenne-modeler/src/main/java/org/apache/cayenne/modeler/editor/DataMapView.java,modeler/cayenne-modeler/src/main/java/org/apache/cayenne/modeler/editor/DataMapView.java.DataMapView.setDataNode.Feature Envy,3.1M1,3.2M1,4.0.M2,6
cayenne,3.1M1,org.apache.cayenne.modeler.editor,DataMapView,setDefaultPackage,Feature Envy,"designitejava,checkstyle",modeler/cayenne-modeler/src/main/java/org/apache/cayenne/modeler/editor/DataMapView.java,modeler/cayenne-modeler/src/main/java/org/apache/cayenne/modeler/editor/DataMapView.java.DataMapView.setDefaultPackage.Feature Envy,3.1M1,5.0-M1,5.0-M1,22
cayenne,4.1.B1,org.apache.cayenne.modeler.editor,DbImportController,resetDialog,Feature Envy,"designitejava,checkstyle",modeler/cayenne-modeler/src/main/java/org/apache/cayenne/modeler/editor/DbImportController.java,modeler/cayenne-modeler/src/main/java/org/apache/cayenne/modeler/editor/DbImportController.java.DbImportController.resetDialog.Feature Envy,4.1.B1,5.0-M1,5.0-M1,10
cayenne,3.1M1,org.apache.cayenne.modeler.editor,EditorView,initController,Feature Envy,"designitejava,checkstyle",modeler/cayenne-modeler/src/main/java/org/apache/cayenne/modeler/editor/EditorView.java,modeler/cayenne-modeler/src/main/java/org/apache/cayenne/modeler/editor/EditorView.java.EditorView.initController.Feature Envy,3.1M1,5.0-M1,5.0-M1,22
cayenne,3.1M1,org.apache.cayenne.modeler.editor,EmbeddableAttributeTab,processExistingSelection,Feature Envy,"designitejava,checkstyle",modeler/cayenne-modeler/src/main/java/org/apache/cayenne/modeler/editor/EmbeddableAttributeTab.java,modeler/cayenne-modeler/src/main/java/org/apache/cayenne/modeler/editor/EmbeddableAttributeTab.java.EmbeddableAttributeTab.processExistingSelection.Feature Envy,3.1M1,5.0-M1,5.0-M1,22
cayenne,3.1M1,org.apache.cayenne.modeler.editor,EmbeddableTab,processExistingSelection,Feature Envy,"designitejava,checkstyle",modeler/cayenne-modeler/src/main/java/org/apache/cayenne/modeler/editor/EmbeddableTab.java,modeler/cayenne-modeler/src/main/java/org/apache/cayenne/modeler/editor/EmbeddableTab.java.EmbeddableTab.processExistingSelection.Feature Envy,3.1M1,4.0.1,4.1.M1,11
cayenne,3.1M1,org.apache.cayenne.modeler.editor,EmbeddableTab,setClassName,Complex Method,"designitejava,pmd,checkstyle",modeler/cayenne-modeler/src/main/java/org/apache/cayenne/modeler/editor/EmbeddableTab.java,modeler/cayenne-modeler/src/main/java/org/apache/cayenne/modeler/editor/EmbeddableTab.java.EmbeddableTab.setClassName.Complex Method,3.1M1,5.0-M1,5.0-M1,22
cayenne,3.1M1,org.apache.cayenne.modeler.editor,EmbeddableTab,setClassName,Feature Envy,"designitejava,checkstyle",modeler/cayenne-modeler/src/main/java/org/apache/cayenne/modeler/editor/EmbeddableTab.java,modeler/cayenne-modeler/src/main/java/org/apache/cayenne/modeler/editor/EmbeddableTab.java.EmbeddableTab.setClassName.Feature Envy,3.1M1,5.0-M1,5.0-M1,22
cayenne,4.1.M1,org.apache.cayenne.modeler.editor,EmbeddableTab,setComment,Feature Envy,"designitejava,checkstyle",modeler/cayenne-modeler/src/main/java/org/apache/cayenne/modeler/editor/EmbeddableTab.java,modeler/cayenne-modeler/src/main/java/org/apache/cayenne/modeler/editor/EmbeddableTab.java.EmbeddableTab.setComment.Feature Envy,4.1.M1,5.0-M1,5.0-M1,11
cayenne,3.1M1,org.apache.cayenne.modeler.editor,ObjAttributeTableModel,,God Class,"pmd,checkstyle",modeler/cayenne-modeler/src/main/java/org/apache/cayenne/modeler/editor/ObjAttributeTableModel.java,modeler/cayenne-modeler/src/main/java/org/apache/cayenne/modeler/editor/ObjAttributeTableModel.java.ObjAttributeTableModel..God Class,3.1M1,5.0-M1,5.0-M1,22
cayenne,3.1M1,org.apache.cayenne.modeler.editor,ObjAttributeTableModel,setUpdatedValueAt,Complex Method,"designitejava,pmd,checkstyle",modeler/cayenne-modeler/src/main/java/org/apache/cayenne/modeler/editor/ObjAttributeTableModel.java,modeler/cayenne-modeler/src/main/java/org/apache/cayenne/modeler/editor/ObjAttributeTableModel.java.ObjAttributeTableModel.setUpdatedValueAt.Complex Method,3.1M1,4.0.M2,4.0.B1,7
cayenne,3.1M1,org.apache.cayenne.modeler.editor,ObjAttributeTableModel,sortByColumn,Complex Method,"designitejava,pmd",modeler/cayenne-modeler/src/main/java/org/apache/cayenne/modeler/editor/ObjAttributeTableModel.java,modeler/cayenne-modeler/src/main/java/org/apache/cayenne/modeler/editor/ObjAttributeTableModel.java.ObjAttributeTableModel.sortByColumn.Complex Method,3.1M1,5.0-M1,5.0-M1,22
cayenne,3.1M1,org.apache.cayenne.modeler.editor,ObjEntityAttributeTab,processExistingSelection,Feature Envy,"designitejava,checkstyle",modeler/cayenne-modeler/src/main/java/org/apache/cayenne/modeler/editor/ObjEntityAttributeTab.java,modeler/cayenne-modeler/src/main/java/org/apache/cayenne/modeler/editor/ObjEntityAttributeTab.java.ObjEntityAttributeTab.processExistingSelection.Feature Envy,3.1M1,3.2M1,4.0.M2,6
cayenne,4.0.RC1,org.apache.cayenne.modeler.editor,ObjEntityTab,actionPerformed,Complex Method,"designitejava,pmd",modeler/cayenne-modeler/src/main/java/org/apache/cayenne/modeler/editor/ObjEntityTab.java,modeler/cayenne-modeler/src/main/java/org/apache/cayenne/modeler/editor/ObjEntityTab.java.ObjEntityTab.actionPerformed.Complex Method,4.0.RC1,4.1.M1,4.1.B1,4
cayenne,3.1M1,org.apache.cayenne.modeler.editor,ObjEntityTab,initController,Complex Method,"designitejava,pmd",modeler/cayenne-modeler/src/main/java/org/apache/cayenne/modeler/editor/ObjEntityTab.java,modeler/cayenne-modeler/src/main/java/org/apache/cayenne/modeler/editor/ObjEntityTab.java.ObjEntityTab.initController.Complex Method,3.1M1,5.0-M1,5.0-M1,22
cayenne,3.1M1,org.apache.cayenne.modeler.editor,ObjEntityTab,processExistingSelection,Feature Envy,"designitejava,checkstyle",modeler/cayenne-modeler/src/main/java/org/apache/cayenne/modeler/editor/ObjEntityTab.java,modeler/cayenne-modeler/src/main/java/org/apache/cayenne/modeler/editor/ObjEntityTab.java.ObjEntityTab.processExistingSelection.Feature Envy,3.1M1,5.0-M1,5.0-M1,22
cayenne,3.1M1,org.apache.cayenne.modeler.editor,ObjEntityTabbedView,initController,Feature Envy,"designitejava,checkstyle",modeler/cayenne-modeler/src/main/java/org/apache/cayenne/modeler/editor/ObjEntityTabbedView.java,modeler/cayenne-modeler/src/main/java/org/apache/cayenne/modeler/editor/ObjEntityTabbedView.java.ObjEntityTabbedView.initController.Feature Envy,3.1M1,5.0-M1,5.0-M1,22
cayenne,3.1M1,org.apache.cayenne.modeler.editor,ObjRelationshipTableModel,setUpdatedValueAt,Complex Method,"designitejava,pmd",modeler/cayenne-modeler/src/main/java/org/apache/cayenne/modeler/editor/ObjRelationshipTableModel.java,modeler/cayenne-modeler/src/main/java/org/apache/cayenne/modeler/editor/ObjRelationshipTableModel.java.ObjRelationshipTableModel.setUpdatedValueAt.Complex Method,3.1M1,5.0-M1,5.0-M1,22
cayenne,3.1M1,org.apache.cayenne.modeler.editor,ObjRelationshipTableModel,sortByColumn,Complex Method,"designitejava,pmd",modeler/cayenne-modeler/src/main/java/org/apache/cayenne/modeler/editor/ObjRelationshipTableModel.java,modeler/cayenne-modeler/src/main/java/org/apache/cayenne/modeler/editor/ObjRelationshipTableModel.java.ObjRelationshipTableModel.sortByColumn.Complex Method,3.1M1,5.0-M1,5.0-M1,22
cayenne,3.1M1,org.apache.cayenne.modeler.editor,ProcedureParameterTab,processExistingSelection,Complex Method,"designitejava,pmd",modeler/cayenne-modeler/src/main/java/org/apache/cayenne/modeler/editor/ProcedureParameterTab.java,modeler/cayenne-modeler/src/main/java/org/apache/cayenne/modeler/editor/ProcedureParameterTab.java.ProcedureParameterTab.processExistingSelection.Complex Method,3.1M1,5.0-M1,5.0-M1,22
cayenne,3.1M1,org.apache.cayenne.modeler.editor,ProcedureQueryView,setQueryName,Feature Envy,"designitejava,checkstyle",modeler/cayenne-modeler/src/main/java/org/apache/cayenne/modeler/editor/ProcedureQueryView.java,modeler/cayenne-modeler/src/main/java/org/apache/cayenne/modeler/editor/ProcedureQueryView.java.ProcedureQueryView.setQueryName.Feature Envy,3.1M1,5.0-M1,5.0-M1,22
cayenne,3.1M1,org.apache.cayenne.modeler.editor,ProcedureTab,processExistingSelection,Feature Envy,"designitejava,checkstyle",modeler/cayenne-modeler/src/main/java/org/apache/cayenne/modeler/editor/ProcedureTab.java,modeler/cayenne-modeler/src/main/java/org/apache/cayenne/modeler/editor/ProcedureTab.java.ProcedureTab.processExistingSelection.Feature Envy,3.1M1,5.0-M1,5.0-M1,22
cayenne,3.1M1,org.apache.cayenne.modeler.editor,ProcedureTab,setProcedureName,Feature Envy,"designitejava,checkstyle",modeler/cayenne-modeler/src/main/java/org/apache/cayenne/modeler/editor/ProcedureTab.java,modeler/cayenne-modeler/src/main/java/org/apache/cayenne/modeler/editor/ProcedureTab.java.ProcedureTab.setProcedureName.Feature Envy,3.1M1,5.0-M1,5.0-M1,22
cayenne,5.0-M1,org.apache.cayenne.modeler.editor.cgen,CgenConfigController,initForm,Feature Envy,"designitejava,checkstyle",modeler/cayenne-modeler/src/main/java/org/apache/cayenne/modeler/editor/cgen/CgenConfigController.java,modeler/cayenne-modeler/src/main/java/org/apache/cayenne/modeler/editor/cgen/CgenConfigController.java.CgenConfigController.initForm.Feature Envy,5.0-M1,5.0-M1,5.0-M1,1
cayenne,5.0-M1,org.apache.cayenne.modeler.editor.cgen,CgenConfigController,initListeners,Feature Envy,"designitejava,checkstyle",modeler/cayenne-modeler/src/main/java/org/apache/cayenne/modeler/editor/cgen/CgenConfigController.java,modeler/cayenne-modeler/src/main/java/org/apache/cayenne/modeler/editor/cgen/CgenConfigController.java.CgenConfigController.initListeners.Feature Envy,5.0-M1,5.0-M1,5.0-M1,1
cayenne,5.0-M1,org.apache.cayenne.modeler.editor.cgen,CgenConfigController,setSingleclassForDefaults,Feature Envy,"designitejava,checkstyle",modeler/cayenne-modeler/src/main/java/org/apache/cayenne/modeler/editor/cgen/CgenConfigController.java,modeler/cayenne-modeler/src/main/java/org/apache/cayenne/modeler/editor/cgen/CgenConfigController.java.CgenConfigController.setSingleclassForDefaults.Feature Envy,5.0-M1,5.0-M1,5.0-M1,1
cayenne,5.0-M1,org.apache.cayenne.modeler.editor.cgen,CgenConfigController,setSubclassForDefaults,Feature Envy,"designitejava,checkstyle",modeler/cayenne-modeler/src/main/java/org/apache/cayenne/modeler/editor/cgen/CgenConfigController.java,modeler/cayenne-modeler/src/main/java/org/apache/cayenne/modeler/editor/cgen/CgenConfigController.java.CgenConfigController.setSubclassForDefaults.Feature Envy,5.0-M1,5.0-M1,5.0-M1,1
cayenne,5.0-M1,org.apache.cayenne.modeler.editor.cgen,CgenConfigController,updateTemplatesLabels,Feature Envy,"designitejava,checkstyle",modeler/cayenne-modeler/src/main/java/org/apache/cayenne/modeler/editor/cgen/CgenConfigController.java,modeler/cayenne-modeler/src/main/java/org/apache/cayenne/modeler/editor/cgen/CgenConfigController.java.CgenConfigController.updateTemplatesLabels.Feature Envy,5.0-M1,5.0-M1,5.0-M1,1
cayenne,5.0-M1,org.apache.cayenne.modeler.editor.cgen,CgenController,,God Class,"pmd,checkstyle",modeler/cayenne-modeler/src/main/java/org/apache/cayenne/modeler/editor/cgen/CgenController.java,modeler/cayenne-modeler/src/main/java/org/apache/cayenne/modeler/editor/cgen/CgenController.java.CgenController..God Class,5.0-M1,5.0-M1,5.0-M1,1
cayenne,5.0-M1,org.apache.cayenne.modeler.editor.cgen,CgenController,initListeners,Feature Envy,"designitejava,checkstyle",modeler/cayenne-modeler/src/main/java/org/apache/cayenne/modeler/editor/cgen/CgenController.java,modeler/cayenne-modeler/src/main/java/org/apache/cayenne/modeler/editor/cgen/CgenController.java.CgenController.initListeners.Feature Envy,5.0-M1,5.0-M1,5.0-M1,1
cayenne,5.0-M1,org.apache.cayenne.modeler.editor.cgen,CgenValidator,validateEntity,Complex Method,"designitejava,pmd",modeler/cayenne-modeler/src/main/java/org/apache/cayenne/modeler/editor/cgen/CgenValidator.java,modeler/cayenne-modeler/src/main/java/org/apache/cayenne/modeler/editor/cgen/CgenValidator.java.CgenValidator.validateEntity.Complex Method,5.0-M1,5.0-M1,5.0-M1,1
cayenne,4.2.M1,org.apache.cayenne.modeler.editor.cgen,ClassGenerationValidator,validateEntity,Complex Method,"designitejava,pmd",modeler/cayenne-modeler/src/main/java/org/apache/cayenne/modeler/editor/cgen/ClassGenerationValidator.java,modeler/cayenne-modeler/src/main/java/org/apache/cayenne/modeler/editor/cgen/ClassGenerationValidator.java.ClassGenerationValidator.validateEntity.Complex Method,4.2.M1,4.2.1,5.0-M1,5
cayenne,4.2.M1,org.apache.cayenne.modeler.editor.cgen,CodeGeneratorController,initListeners,Feature Envy,"designitejava,checkstyle",modeler/cayenne-modeler/src/main/java/org/apache/cayenne/modeler/editor/cgen/CodeGeneratorController.java,modeler/cayenne-modeler/src/main/java/org/apache/cayenne/modeler/editor/cgen/CodeGeneratorController.java.CodeGeneratorController.initListeners.Feature Envy,4.2.M1,4.2.1,5.0-M1,5
cayenne,4.1.B1,org.apache.cayenne.modeler.editor.cgen,CodeGeneratorControllerBase,,God Class,"pmd,checkstyle",modeler/cayenne-modeler/src/main/java/org/apache/cayenne/modeler/editor/cgen/CodeGeneratorControllerBase.java,modeler/cayenne-modeler/src/main/java/org/apache/cayenne/modeler/editor/cgen/CodeGeneratorControllerBase.java.CodeGeneratorControllerBase..God Class,4.1.B1,4.1.1,4.2.M1,4
cayenne,4.1.B1,org.apache.cayenne.modeler.editor.cgen,CodeGeneratorControllerBase,setSelected,Complex Method,"designitejava,pmd,checkstyle",modeler/cayenne-modeler/src/main/java/org/apache/cayenne/modeler/editor/cgen/CodeGeneratorControllerBase.java,modeler/cayenne-modeler/src/main/java/org/apache/cayenne/modeler/editor/cgen/CodeGeneratorControllerBase.java.CodeGeneratorControllerBase.setSelected.Complex Method,4.1.B1,4.1.1,4.2.M1,4
cayenne,4.1.B1,org.apache.cayenne.modeler.editor.cgen,CodeGeneratorControllerBase,updateSelection,Complex Method,"designitejava,pmd,checkstyle",modeler/cayenne-modeler/src/main/java/org/apache/cayenne/modeler/editor/cgen/CodeGeneratorControllerBase.java,modeler/cayenne-modeler/src/main/java/org/apache/cayenne/modeler/editor/cgen/CodeGeneratorControllerBase.java.CodeGeneratorControllerBase.updateSelection.Complex Method,4.1.B1,4.1.1,4.2.M1,4
cayenne,4.1.B1,org.apache.cayenne.modeler.editor.cgen,CustomModeController,initForm,Feature Envy,"designitejava,checkstyle",modeler/cayenne-modeler/src/main/java/org/apache/cayenne/modeler/editor/cgen/CustomModeController.java,modeler/cayenne-modeler/src/main/java/org/apache/cayenne/modeler/editor/cgen/CustomModeController.java.CustomModeController.initForm.Feature Envy,4.1.B1,4.2.1,5.0-M1,9
cayenne,4.1.RC1,org.apache.cayenne.modeler.editor.cgen,CustomModeController,initListeners,Complex Method,"designitejava,pmd,checkstyle",modeler/cayenne-modeler/src/main/java/org/apache/cayenne/modeler/editor/cgen/CustomModeController.java,modeler/cayenne-modeler/src/main/java/org/apache/cayenne/modeler/editor/cgen/CustomModeController.java.CustomModeController.initListeners.Complex Method,4.1.RC1,4.2.M1,4.2.B1,4
cayenne,4.1.1,org.apache.cayenne.modeler.editor.cgen,CustomModeController,updateComboBoxes,Complex Method,"designitejava,checkstyle",modeler/cayenne-modeler/src/main/java/org/apache/cayenne/modeler/editor/cgen/CustomModeController.java,modeler/cayenne-modeler/src/main/java/org/apache/cayenne/modeler/editor/cgen/CustomModeController.java.CustomModeController.updateComboBoxes.Complex Method,4.1.1,4.2.B1,4.2.RC1,3
cayenne,4.1.B1,org.apache.cayenne.modeler.editor.cgen,GeneratorController,validateEntity,Complex Method,"designitejava,pmd",modeler/cayenne-modeler/src/main/java/org/apache/cayenne/modeler/editor/cgen/GeneratorController.java,modeler/cayenne-modeler/src/main/java/org/apache/cayenne/modeler/editor/cgen/GeneratorController.java.GeneratorController.validateEntity.Complex Method,4.1.B1,4.1.1,4.2.M1,4
cayenne,4.1.B1,org.apache.cayenne.modeler.editor.cgen,GeneratorController,validateRelationship,Complex Method,"designitejava,pmd",modeler/cayenne-modeler/src/main/java/org/apache/cayenne/modeler/editor/cgen/GeneratorController.java,modeler/cayenne-modeler/src/main/java/org/apache/cayenne/modeler/editor/cgen/GeneratorController.java.GeneratorController.validateRelationship.Complex Method,4.1.B1,4.1.1,4.2.M1,4
cayenne,4.2.M1,org.apache.cayenne.modeler.editor.cgen,SelectionModel,updateSelection,Complex Method,"designitejava,pmd,checkstyle",modeler/cayenne-modeler/src/main/java/org/apache/cayenne/modeler/editor/cgen/SelectionModel.java,modeler/cayenne-modeler/src/main/java/org/apache/cayenne/modeler/editor/cgen/SelectionModel.java.SelectionModel.updateSelection.Complex Method,4.2.M1,5.0-M1,5.0-M1,6
cayenne,5.0-M1,org.apache.cayenne.modeler.editor.cgen.templateeditor,EditorTemplateSaver,setTemplate,Feature Envy,"designitejava,checkstyle",modeler/cayenne-modeler/src/main/java/org/apache/cayenne/modeler/editor/cgen/templateeditor/EditorTemplateSaver.java,modeler/cayenne-modeler/src/main/java/org/apache/cayenne/modeler/editor/cgen/templateeditor/EditorTemplateSaver.java.EditorTemplateSaver.setTemplate.Feature Envy,5.0-M1,5.0-M1,5.0-M1,1
cayenne,5.0-M1,org.apache.cayenne.modeler.editor.cgen.templateeditor,VelocityTokenMaker,,God Class,"pmd,checkstyle",modeler/cayenne-modeler/src/main/java/org/apache/cayenne/modeler/editor/cgen/templateeditor/VelocityTokenMaker.java,modeler/cayenne-modeler/src/main/java/org/apache/cayenne/modeler/editor/cgen/templateeditor/VelocityTokenMaker.java.VelocityTokenMaker..God Class,5.0-M1,5.0-M1,5.0-M1,1
cayenne,5.0-M1,org.apache.cayenne.modeler.editor.cgen.templateeditor,VelocityTokenMaker,addToken,Long Parameter List,"designitejava,checkstyle",modeler/cayenne-modeler/src/main/java/org/apache/cayenne/modeler/editor/cgen/templateeditor/VelocityTokenMaker.java,modeler/cayenne-modeler/src/main/java/org/apache/cayenne/modeler/editor/cgen/templateeditor/VelocityTokenMaker.java.VelocityTokenMaker.addToken.Long Parameter List,5.0-M1,5.0-M1,5.0-M1,1
cayenne,5.0-M1,org.apache.cayenne.modeler.editor.cgen.templateeditor,VelocityTokenMaker,yylex,Complex Method,"designitejava,pmd,checkstyle",modeler/cayenne-modeler/src/main/java/org/apache/cayenne/modeler/editor/cgen/templateeditor/VelocityTokenMaker.java,modeler/cayenne-modeler/src/main/java/org/apache/cayenne/modeler/editor/cgen/templateeditor/VelocityTokenMaker.java.VelocityTokenMaker.yylex.Complex Method,5.0-M1,5.0-M1,5.0-M1,1
cayenne,3.1M1,org.apache.cayenne.modeler.editor.datanode,JDBCDataSourceEditor,prepareBindings,Feature Envy,"designitejava,checkstyle",modeler/cayenne-modeler/src/main/java/org/apache/cayenne/modeler/editor/datanode/JDBCDataSourceEditor.java,modeler/cayenne-modeler/src/main/java/org/apache/cayenne/modeler/editor/datanode/JDBCDataSourceEditor.java.JDBCDataSourceEditor.prepareBindings.Feature Envy,3.1M1,5.0-M1,5.0-M1,22
cayenne,3.1M1,org.apache.cayenne.modeler.editor.dbentity,DbAttributeTableModel,setPrimaryKey,Complex Method,"designitejava,pmd",modeler/cayenne-modeler/src/main/java/org/apache/cayenne/modeler/editor/dbentity/DbAttributeTableModel.java,modeler/cayenne-modeler/src/main/java/org/apache/cayenne/modeler/editor/dbentity/DbAttributeTableModel.java.DbAttributeTableModel.setPrimaryKey.Complex Method,3.1M1,5.0-M1,5.0-M1,22
cayenne,3.1M1,org.apache.cayenne.modeler.editor.dbentity,DbAttributeTableModel,sortByColumn,Complex Method,"designitejava,pmd",modeler/cayenne-modeler/src/main/java/org/apache/cayenne/modeler/editor/dbentity/DbAttributeTableModel.java,modeler/cayenne-modeler/src/main/java/org/apache/cayenne/modeler/editor/dbentity/DbAttributeTableModel.java.DbAttributeTableModel.sortByColumn.Complex Method,3.1M1,5.0-M1,5.0-M1,22
cayenne,3.1M1,org.apache.cayenne.modeler.editor.dbentity,DbEntityAttributeTab,processExistingSelection,Feature Envy,"designitejava,checkstyle",modeler/cayenne-modeler/src/main/java/org/apache/cayenne/modeler/editor/dbentity/DbEntityAttributeTab.java,modeler/cayenne-modeler/src/main/java/org/apache/cayenne/modeler/editor/dbentity/DbEntityAttributeTab.java.DbEntityAttributeTab.processExistingSelection.Feature Envy,3.1M1,3.2M1,4.0.M2,6
cayenne,3.1M1,org.apache.cayenne.modeler.editor.dbentity,DbEntityTab,processExistingSelection,Feature Envy,"designitejava,checkstyle",modeler/cayenne-modeler/src/main/java/org/apache/cayenne/modeler/editor/dbentity/DbEntityTab.java,modeler/cayenne-modeler/src/main/java/org/apache/cayenne/modeler/editor/dbentity/DbEntityTab.java.DbEntityTab.processExistingSelection.Feature Envy,3.1M1,5.0-M1,5.0-M1,22
cayenne,4.0.M2,org.apache.cayenne.modeler.editor.dbentity,DbEntityTabbedView,initController,Feature Envy,"designitejava,checkstyle",modeler/cayenne-modeler/src/main/java/org/apache/cayenne/modeler/editor/dbentity/DbEntityTabbedView.java,modeler/cayenne-modeler/src/main/java/org/apache/cayenne/modeler/editor/dbentity/DbEntityTabbedView.java.DbEntityTabbedView.initController.Feature Envy,4.0.M2,5.0-M1,5.0-M1,16
cayenne,3.1M1,org.apache.cayenne.modeler.editor.dbentity,DbRelationshipTableModel,setUpdatedValueAt,Complex Method,"designitejava,pmd",modeler/cayenne-modeler/src/main/java/org/apache/cayenne/modeler/editor/dbentity/DbRelationshipTableModel.java,modeler/cayenne-modeler/src/main/java/org/apache/cayenne/modeler/editor/dbentity/DbRelationshipTableModel.java.DbRelationshipTableModel.setUpdatedValueAt.Complex Method,3.1M1,5.0-M1,5.0-M1,22
cayenne,4.1.B1,org.apache.cayenne.modeler.editor.dbimport,ColorTreeRenderer,getTreeCellRendererComponent,Complex Method,"designitejava,pmd,checkstyle",modeler/cayenne-modeler/src/main/java/org/apache/cayenne/modeler/editor/dbimport/ColorTreeRenderer.java,modeler/cayenne-modeler/src/main/java/org/apache/cayenne/modeler/editor/dbimport/ColorTreeRenderer.java.ColorTreeRenderer.getTreeCellRendererComponent.Complex Method,4.1.B1,4.1.1,4.2.M1,4
cayenne,4.1.B1,org.apache.cayenne.modeler.editor.dbimport,ColorTreeRenderer,getTreeCellRendererComponent,Long Parameter List,"designitejava,checkstyle",modeler/cayenne-modeler/src/main/java/org/apache/cayenne/modeler/editor/dbimport/ColorTreeRenderer.java,modeler/cayenne-modeler/src/main/java/org/apache/cayenne/modeler/editor/dbimport/ColorTreeRenderer.java.ColorTreeRenderer.getTreeCellRendererComponent.Long Parameter List,4.1.B1,4.1.1,4.2.M1,4
cayenne,4.2.B1,org.apache.cayenne.modeler.editor.dbimport,DatabaseSchemaLoader,loadTables,Complex Method,"pmd,checkstyle",modeler/cayenne-modeler/src/main/java/org/apache/cayenne/modeler/editor/dbimport/DatabaseSchemaLoader.java,modeler/cayenne-modeler/src/main/java/org/apache/cayenne/modeler/editor/dbimport/DatabaseSchemaLoader.java.DatabaseSchemaLoader.loadTables.Complex Method,4.2.B1,5.0-M1,5.0-M1,5
cayenne,4.1.B1,org.apache.cayenne.modeler.editor.dbimport,DatabaseSchemaLoader,packFunctions,Complex Method,"designitejava,pmd,checkstyle",modeler/cayenne-modeler/src/main/java/org/apache/cayenne/modeler/editor/dbimport/DatabaseSchemaLoader.java,modeler/cayenne-modeler/src/main/java/org/apache/cayenne/modeler/editor/dbimport/DatabaseSchemaLoader.java.DatabaseSchemaLoader.packFunctions.Complex Method,4.1.B1,4.1.B1,4.1.RC1,1
cayenne,4.1.B1,org.apache.cayenne.modeler.editor.dbimport,DatabaseSchemaLoader,packTable,Complex Method,"designitejava,pmd,checkstyle",modeler/cayenne-modeler/src/main/java/org/apache/cayenne/modeler/editor/dbimport/DatabaseSchemaLoader.java,modeler/cayenne-modeler/src/main/java/org/apache/cayenne/modeler/editor/dbimport/DatabaseSchemaLoader.java.DatabaseSchemaLoader.packTable.Complex Method,4.1.B1,4.1.1,4.2.M1,4
cayenne,4.1.B1,org.apache.cayenne.modeler.editor.dbimport,DbImportNodeHandler,,God Class,"pmd,checkstyle",modeler/cayenne-modeler/src/main/java/org/apache/cayenne/modeler/editor/dbimport/DbImportNodeHandler.java,modeler/cayenne-modeler/src/main/java/org/apache/cayenne/modeler/editor/dbimport/DbImportNodeHandler.java.DbImportNodeHandler..God Class,4.1.B1,4.1.1,4.2.M1,4
cayenne,4.1.B1,org.apache.cayenne.modeler.editor.dbimport,DbImportNodeHandler,getColorByNodeType,Complex Method,"pmd,checkstyle",modeler/cayenne-modeler/src/main/java/org/apache/cayenne/modeler/editor/dbimport/DbImportNodeHandler.java,modeler/cayenne-modeler/src/main/java/org/apache/cayenne/modeler/editor/dbimport/DbImportNodeHandler.java.DbImportNodeHandler.getColorByNodeType.Complex Method,4.1.B1,4.1.1,4.2.M1,4
cayenne,4.1.B1,org.apache.cayenne.modeler.editor.dbimport,DbImportNodeHandler,nodesClassesComparation,Complex Method,"designitejava,checkstyle",modeler/cayenne-modeler/src/main/java/org/apache/cayenne/modeler/editor/dbimport/DbImportNodeHandler.java,modeler/cayenne-modeler/src/main/java/org/apache/cayenne/modeler/editor/dbimport/DbImportNodeHandler.java.DbImportNodeHandler.nodesClassesComparation.Complex Method,4.1.B1,4.1.1,4.2.M1,4
cayenne,4.1.B1,org.apache.cayenne.modeler.editor.dbimport,DbImportNodeHandler,traverseTree,Complex Method,"designitejava,pmd,checkstyle",modeler/cayenne-modeler/src/main/java/org/apache/cayenne/modeler/editor/dbimport/DbImportNodeHandler.java,modeler/cayenne-modeler/src/main/java/org/apache/cayenne/modeler/editor/dbimport/DbImportNodeHandler.java.DbImportNodeHandler.traverseTree.Complex Method,4.1.B1,4.1.1,4.2.M1,4
cayenne,4.1.B1,org.apache.cayenne.modeler.editor.dbimport,DbImportTree,findNodeInParent,Complex Method,"designitejava,pmd,checkstyle",modeler/cayenne-modeler/src/main/java/org/apache/cayenne/modeler/editor/dbimport/DbImportTree.java,modeler/cayenne-modeler/src/main/java/org/apache/cayenne/modeler/editor/dbimport/DbImportTree.java.DbImportTree.findNodeInParent.Complex Method,4.1.B1,5.0-M1,5.0-M1,10
cayenne,4.1.B1,org.apache.cayenne.modeler.editor.dbimport,ReverseEngineeringTreePanel,initListeners,Complex Method,"designitejava,pmd",modeler/cayenne-modeler/src/main/java/org/apache/cayenne/modeler/editor/dbimport/ReverseEngineeringTreePanel.java,modeler/cayenne-modeler/src/main/java/org/apache/cayenne/modeler/editor/dbimport/ReverseEngineeringTreePanel.java.ReverseEngineeringTreePanel.initListeners.Complex Method,4.1.B1,5.0-M1,5.0-M1,10
cayenne,4.1.B1,org.apache.cayenne.modeler.editor.dbimport,ReverseEngineeringTreePanel,mouseClicked,Complex Method,"designitejava,pmd",modeler/cayenne-modeler/src/main/java/org/apache/cayenne/modeler/editor/dbimport/ReverseEngineeringTreePanel.java,modeler/cayenne-modeler/src/main/java/org/apache/cayenne/modeler/editor/dbimport/ReverseEngineeringTreePanel.java.ReverseEngineeringTreePanel.mouseClicked.Complex Method,4.1.B1,5.0-M1,5.0-M1,10
cayenne,3.1M1,org.apache.cayenne.modeler.graph,BaseGraphBuilder,buildGraph,Complex Method,"designitejava,pmd,checkstyle",modeler/cayenne-modeler/src/main/java/org/apache/cayenne/modeler/graph/BaseGraphBuilder.java,modeler/cayenne-modeler/src/main/java/org/apache/cayenne/modeler/graph/BaseGraphBuilder.java.BaseGraphBuilder.buildGraph.Complex Method,3.1M1,4.1.M1,4.1.B1,12
cayenne,3.1M1,org.apache.cayenne.modeler.pref,TableColumnPreferences,bind,Long Parameter List,"designitejava,checkstyle",modeler/cayenne-modeler/src/main/java/org/apache/cayenne/modeler/pref/TableColumnPreferences.java,modeler/cayenne-modeler/src/main/java/org/apache/cayenne/modeler/pref/TableColumnPreferences.java.TableColumnPreferences.bind.Long Parameter List,3.1M1,5.0-M1,5.0-M1,22
cayenne,3.1M1,org.apache.cayenne.modeler.undo,PasteUndoableEdit,undo,Complex Method,"designitejava,pmd,checkstyle",modeler/cayenne-modeler/src/main/java/org/apache/cayenne/modeler/undo/PasteUndoableEdit.java,modeler/cayenne-modeler/src/main/java/org/apache/cayenne/modeler/undo/PasteUndoableEdit.java.PasteUndoableEdit.undo.Complex Method,3.1M1,5.0-M1,5.0-M1,22
cayenne,3.1M1,org.apache.cayenne.modeler.undo,RemoveUndoableEdit,undo,Complex Method,"designitejava,checkstyle",modeler/cayenne-modeler/src/main/java/org/apache/cayenne/modeler/undo/RemoveUndoableEdit.java,modeler/cayenne-modeler/src/main/java/org/apache/cayenne/modeler/undo/RemoveUndoableEdit.java.RemoveUndoableEdit.undo.Complex Method,3.1M1,5.0-M1,5.0-M1,22
cayenne,3.1M1,org.apache.cayenne.modeler.util,CellRenderers,iconForObject,Complex Method,"designitejava,pmd,checkstyle",modeler/cayenne-modeler/src/main/java/org/apache/cayenne/modeler/util/CellRenderers.java,modeler/cayenne-modeler/src/main/java/org/apache/cayenne/modeler/util/CellRenderers.java.CellRenderers.iconForObject.Complex Method,3.1M1,5.0-M1,5.0-M1,22
cayenne,3.1M1,org.apache.cayenne.modeler.util,CircularArray,remove,Complex Method,"designitejava,pmd,checkstyle",modeler/cayenne-modeler/src/main/java/org/apache/cayenne/modeler/util/CircularArray.java,modeler/cayenne-modeler/src/main/java/org/apache/cayenne/modeler/util/CircularArray.java.CircularArray.remove.Complex Method,3.1M1,5.0-M1,5.0-M1,22
cayenne,3.1M1,org.apache.cayenne.modeler.util,FileWatchdog,check,Complex Method,"designitejava,pmd,checkstyle",modeler/cayenne-modeler/src/main/java/org/apache/cayenne/modeler/util/FileWatchdog.java,modeler/cayenne-modeler/src/main/java/org/apache/cayenne/modeler/util/FileWatchdog.java.FileWatchdog.check.Complex Method,3.1M1,3.2M1,4.0.M2,6
cayenne,3.1M1,org.apache.cayenne.modeler.util,ProjectUtil,cleanObjMappings,Complex Method,"designitejava,pmd,checkstyle",modeler/cayenne-modeler/src/main/java/org/apache/cayenne/modeler/util/ProjectUtil.java,modeler/cayenne-modeler/src/main/java/org/apache/cayenne/modeler/util/ProjectUtil.java.ProjectUtil.cleanObjMappings.Complex Method,3.1M1,5.0-M1,5.0-M1,22
cayenne,4.0.RC1,org.apache.cayenne.modeler.util,ProjectUtil,findObjAttributesForDbRelationship,Complex Method,"designitejava,pmd",modeler/cayenne-modeler/src/main/java/org/apache/cayenne/modeler/util/ProjectUtil.java,modeler/cayenne-modeler/src/main/java/org/apache/cayenne/modeler/util/ProjectUtil.java.ProjectUtil.findObjAttributesForDbRelationship.Complex Method,4.0.RC1,5.0-M1,5.0-M1,14
cayenne,3.1M1,org.apache.cayenne.modeler.util.combo,AutoCompletion,handleKeyPressed,Complex Method,"designitejava,pmd,checkstyle",modeler/cayenne-modeler/src/main/java/org/apache/cayenne/modeler/util/combo/AutoCompletion.java,modeler/cayenne-modeler/src/main/java/org/apache/cayenne/modeler/util/combo/AutoCompletion.java.AutoCompletion.handleKeyPressed.Complex Method,3.1M1,4.0.M2,4.0.B1,7
cayenne,3.1M1,org.apache.cayenne.swing,BindingBase,setValue,Complex Method,"designitejava,checkstyle",modeler/cayenne-modeler/src/main/java/org/apache/cayenne/swing/BindingBase.java,modeler/cayenne-modeler/src/main/java/org/apache/cayenne/swing/BindingBase.java.BindingBase.setValue.Complex Method,3.1M1,5.0-M1,5.0-M1,22
cayenne,3.1M1,org.apache.cayenne.swing,BindingFactory,bindToTable,Long Parameter List,"designitejava,checkstyle",modeler/cayenne-modeler/src/main/java/org/apache/cayenne/swing/BindingFactory.java,modeler/cayenne-modeler/src/main/java/org/apache/cayenne/swing/BindingFactory.java.BindingFactory.bindToTable.Long Parameter List,3.1M1,5.0-M1,5.0-M1,22
cayenne,3.1M1,org.apache.cayenne.swing.components.textpane,TextPaneView,drawUnselectedText,Complex Method,"designitejava,pmd,checkstyle",modeler/cayenne-modeler/src/main/java/org/apache/cayenne/swing/components/textpane/TextPaneView.java,modeler/cayenne-modeler/src/main/java/org/apache/cayenne/swing/components/textpane/TextPaneView.java.TextPaneView.drawUnselectedText.Complex Method,3.1M1,5.0-M1,5.0-M1,22
cayenne,5.0-M1,org.apache.cayenne.modeler.editor.templateeditor,PreviewActionConfiguratorTest,actionTest,Feature Envy,"designitejava,checkstyle",modeler/cayenne-modeler/src/test/java/org/apache/cayenne/modeler/editor/templateeditor/PreviewActionConfiguratorTest.java,modeler/cayenne-modeler/src/test/java/org/apache/cayenne/modeler/editor/templateeditor/PreviewActionConfiguratorTest.java.PreviewActionConfiguratorTest.actionTest.Feature Envy,5.0-M1,5.0-M1,5.0-M1,1
cayenne,3.1M1,org.apache.cayenne.modeler.util,CircularArrayTest,testArray,Complex Method,"designitejava,pmd,checkstyle",modeler/cayenne-modeler/src/test/java/org/apache/cayenne/modeler/util/CircularArrayTest.java,modeler/cayenne-modeler/src/test/java/org/apache/cayenne/modeler/util/CircularArrayTest.java.CircularArrayTest.testArray.Complex Method,3.1M1,4.1.M1,4.1.B1,12
cayenne,4.0.M2,org.apache.cayenne.wocompat,EOModelHelper,javaTypeForEOModelerType,Complex Method,"pmd,checkstyle",modeler/cayenne-wocompat/src/main/java/org/apache/cayenne/wocompat/EOModelHelper.java,modeler/cayenne-wocompat/src/main/java/org/apache/cayenne/wocompat/EOModelHelper.java.EOModelHelper.javaTypeForEOModelerType.Complex Method,4.0.M2,5.0-M1,5.0-M1,16
cayenne,4.0.M2,org.apache.cayenne.wocompat,EOModelProcessor,,God Class,"pmd,checkstyle",modeler/cayenne-wocompat/src/main/java/org/apache/cayenne/wocompat/EOModelProcessor.java,modeler/cayenne-wocompat/src/main/java/org/apache/cayenne/wocompat/EOModelProcessor.java.EOModelProcessor..God Class,4.0.M2,5.0-M1,5.0-M1,16
cayenne,4.0.M2,org.apache.cayenne.wocompat,EOModelProcessor,makeAttributes,Complex Method,"designitejava,pmd,checkstyle",modeler/cayenne-wocompat/src/main/java/org/apache/cayenne/wocompat/EOModelProcessor.java,modeler/cayenne-wocompat/src/main/java/org/apache/cayenne/wocompat/EOModelProcessor.java.EOModelProcessor.makeAttributes.Complex Method,4.0.M2,5.0-M1,5.0-M1,16
cayenne,4.0.M2,org.apache.cayenne.wocompat,EOModelProcessor,makeEntity,Complex Method,"designitejava,pmd",modeler/cayenne-wocompat/src/main/java/org/apache/cayenne/wocompat/EOModelProcessor.java,modeler/cayenne-wocompat/src/main/java/org/apache/cayenne/wocompat/EOModelProcessor.java.EOModelProcessor.makeEntity.Complex Method,4.0.M2,5.0-M1,5.0-M1,16
cayenne,4.0.M2,org.apache.cayenne.wocompat,EOModelProcessor,makeFlatRelationships,Complex Method,"designitejava,pmd,checkstyle",modeler/cayenne-wocompat/src/main/java/org/apache/cayenne/wocompat/EOModelProcessor.java,modeler/cayenne-wocompat/src/main/java/org/apache/cayenne/wocompat/EOModelProcessor.java.EOModelProcessor.makeFlatRelationships.Complex Method,4.0.M2,5.0-M1,5.0-M1,16
cayenne,4.0.M2,org.apache.cayenne.wocompat,EOModelProcessor,makeRelationships,Complex Method,"designitejava,pmd,checkstyle",modeler/cayenne-wocompat/src/main/java/org/apache/cayenne/wocompat/EOModelProcessor.java,modeler/cayenne-wocompat/src/main/java/org/apache/cayenne/wocompat/EOModelProcessor.java.EOModelProcessor.makeRelationships.Complex Method,4.0.M2,5.0-M1,5.0-M1,16
cayenne,4.0.M2,org.apache.cayenne.wocompat,EOQuery,initBindings,Complex Method,"designitejava,pmd,checkstyle",modeler/cayenne-wocompat/src/main/java/org/apache/cayenne/wocompat/EOQuery.java,modeler/cayenne-wocompat/src/main/java/org/apache/cayenne/wocompat/EOQuery.java.EOQuery.initBindings.Complex Method,4.0.M2,5.0-M1,5.0-M1,16
cayenne,4.0.M2,org.apache.cayenne.wocompat,EOQuery,initFromPlist,Complex Method,"designitejava,pmd,checkstyle",modeler/cayenne-wocompat/src/main/java/org/apache/cayenne/wocompat/EOQuery.java,modeler/cayenne-wocompat/src/main/java/org/apache/cayenne/wocompat/EOQuery.java.EOQuery.initFromPlist.Complex Method,4.0.M2,5.0-M1,5.0-M1,16
cayenne,4.0.M2,org.apache.cayenne.wocompat,PropertyListSerialization,writeObject,Complex Method,"designitejava,pmd,checkstyle",modeler/cayenne-wocompat/src/main/java/org/apache/cayenne/wocompat/PropertyListSerialization.java,modeler/cayenne-wocompat/src/main/java/org/apache/cayenne/wocompat/PropertyListSerialization.java.PropertyListSerialization.writeObject.Complex Method,4.0.M2,5.0-M1,5.0-M1,16
cayenne,4.0.M2,org.apache.cayenne.wocompat.parser,ParseException,add_escapes,Complex Method,"designitejava,checkstyle",modeler/cayenne-wocompat/src/main/java/org/apache/cayenne/wocompat/parser/ParseException.java,modeler/cayenne-wocompat/src/main/java/org/apache/cayenne/wocompat/parser/ParseException.java.ParseException.add_escapes.Complex Method,4.0.M2,5.0-M1,5.0-M1,16
cayenne,4.0.M2,org.apache.cayenne.wocompat.parser,ParseException,getMessage,Complex Method,"designitejava,pmd",modeler/cayenne-wocompat/src/main/java/org/apache/cayenne/wocompat/parser/ParseException.java,modeler/cayenne-wocompat/src/main/java/org/apache/cayenne/wocompat/parser/ParseException.java.ParseException.getMessage.Complex Method,4.0.M2,5.0-M1,5.0-M1,16
cayenne,4.0.M2,org.apache.cayenne.wocompat.parser,Parser,,God Class,"pmd,checkstyle",modeler/cayenne-wocompat/src/main/java/org/apache/cayenne/wocompat/parser/Parser.java,modeler/cayenne-wocompat/src/main/java/org/apache/cayenne/wocompat/parser/Parser.java.Parser..God Class,4.0.M2,5.0-M1,5.0-M1,16
cayenne,4.0.M2,org.apache.cayenne.wocompat.parser,Parser,generateParseException,Complex Method,"designitejava,pmd",modeler/cayenne-wocompat/src/main/java/org/apache/cayenne/wocompat/parser/Parser.java,modeler/cayenne-wocompat/src/main/java/org/apache/cayenne/wocompat/parser/Parser.java.Parser.generateParseException.Complex Method,4.0.M2,5.0-M1,5.0-M1,16
cayenne,4.0.M2,org.apache.cayenne.wocompat.parser,Parser,jj_add_error_token,Complex Method,"designitejava,pmd,checkstyle",modeler/cayenne-wocompat/src/main/java/org/apache/cayenne/wocompat/parser/Parser.java,modeler/cayenne-wocompat/src/main/java/org/apache/cayenne/wocompat/parser/Parser.java.Parser.jj_add_error_token.Complex Method,4.0.M2,5.0-M1,5.0-M1,16
cayenne,4.0.M2,org.apache.cayenne.wocompat.parser,Parser,map,Complex Method,"designitejava,pmd",modeler/cayenne-wocompat/src/main/java/org/apache/cayenne/wocompat/parser/Parser.java,modeler/cayenne-wocompat/src/main/java/org/apache/cayenne/wocompat/parser/Parser.java.Parser.map.Complex Method,4.0.M2,5.0-M1,5.0-M1,16
cayenne,4.0.M2,org.apache.cayenne.wocompat.parser,ParserTokenManager,,God Class,"pmd,checkstyle",modeler/cayenne-wocompat/src/main/java/org/apache/cayenne/wocompat/parser/ParserTokenManager.java,modeler/cayenne-wocompat/src/main/java/org/apache/cayenne/wocompat/parser/ParserTokenManager.java.ParserTokenManager..God Class,4.0.M2,5.0-M1,5.0-M1,16
cayenne,4.0.M2,org.apache.cayenne.wocompat.parser,ParserTokenManager,MoreLexicalActions,Complex Method,"designitejava,pmd,checkstyle",modeler/cayenne-wocompat/src/main/java/org/apache/cayenne/wocompat/parser/ParserTokenManager.java,modeler/cayenne-wocompat/src/main/java/org/apache/cayenne/wocompat/parser/ParserTokenManager.java.ParserTokenManager.MoreLexicalActions.Complex Method,4.0.M2,5.0-M1,5.0-M1,16
cayenne,4.0.M2,org.apache.cayenne.wocompat.parser,ParserTokenManager,getNextToken,Complex Method,"designitejava,pmd,checkstyle",modeler/cayenne-wocompat/src/main/java/org/apache/cayenne/wocompat/parser/ParserTokenManager.java,modeler/cayenne-wocompat/src/main/java/org/apache/cayenne/wocompat/parser/ParserTokenManager.java.ParserTokenManager.getNextToken.Complex Method,4.0.M2,5.0-M1,5.0-M1,16
cayenne,4.0.M2,org.apache.cayenne.wocompat.parser,ParserTokenManager,jjMoveNfa_0,Complex Method,"designitejava,pmd,checkstyle",modeler/cayenne-wocompat/src/main/java/org/apache/cayenne/wocompat/parser/ParserTokenManager.java,modeler/cayenne-wocompat/src/main/java/org/apache/cayenne/wocompat/parser/ParserTokenManager.java.ParserTokenManager.jjMoveNfa_0.Complex Method,4.0.M2,5.0-M1,5.0-M1,16
cayenne,4.0.M2,org.apache.cayenne.wocompat.parser,ParserTokenManager,jjMoveNfa_1,Complex Method,"designitejava,pmd,checkstyle",modeler/cayenne-wocompat/src/main/java/org/apache/cayenne/wocompat/parser/ParserTokenManager.java,modeler/cayenne-wocompat/src/main/java/org/apache/cayenne/wocompat/parser/ParserTokenManager.java.ParserTokenManager.jjMoveNfa_1.Complex Method,4.0.M2,5.0-M1,5.0-M1,16
cayenne,4.0.M2,org.apache.cayenne.wocompat.parser,ParserTokenManager,jjMoveNfa_2,Complex Method,"designitejava,pmd,checkstyle",modeler/cayenne-wocompat/src/main/java/org/apache/cayenne/wocompat/parser/ParserTokenManager.java,modeler/cayenne-wocompat/src/main/java/org/apache/cayenne/wocompat/parser/ParserTokenManager.java.ParserTokenManager.jjMoveNfa_2.Complex Method,4.0.M2,5.0-M1,5.0-M1,16
cayenne,4.0.M2,org.apache.cayenne.wocompat.parser,ParserTokenManager,jjMoveStringLiteralDfa1_2,Complex Method,"designitejava,pmd,checkstyle",modeler/cayenne-wocompat/src/main/java/org/apache/cayenne/wocompat/parser/ParserTokenManager.java,modeler/cayenne-wocompat/src/main/java/org/apache/cayenne/wocompat/parser/ParserTokenManager.java.ParserTokenManager.jjMoveStringLiteralDfa1_2.Complex Method,4.0.M2,5.0-M1,5.0-M1,16
cayenne,4.0.M2,org.apache.cayenne.wocompat.parser,SimpleCharStream,FillBuff,Complex Method,"designitejava,pmd",modeler/cayenne-wocompat/src/main/java/org/apache/cayenne/wocompat/parser/SimpleCharStream.java,modeler/cayenne-wocompat/src/main/java/org/apache/cayenne/wocompat/parser/SimpleCharStream.java.SimpleCharStream.FillBuff.Complex Method,4.0.M2,5.0-M1,5.0-M1,16
cayenne,4.0.M2,org.apache.cayenne.wocompat.parser,TokenMgrError,LexicalError,Long Parameter List,"designitejava,checkstyle",modeler/cayenne-wocompat/src/main/java/org/apache/cayenne/wocompat/parser/TokenMgrError.java,modeler/cayenne-wocompat/src/main/java/org/apache/cayenne/wocompat/parser/TokenMgrError.java.TokenMgrError.LexicalError.Long Parameter List,4.0.M2,5.0-M1,5.0-M1,16
cayenne,4.0.M2,org.apache.cayenne.wocompat.parser,TokenMgrError,addEscapes,Complex Method,"designitejava,checkstyle",modeler/cayenne-wocompat/src/main/java/org/apache/cayenne/wocompat/parser/TokenMgrError.java,modeler/cayenne-wocompat/src/main/java/org/apache/cayenne/wocompat/parser/TokenMgrError.java.TokenMgrError.addEscapes.Complex Method,4.0.M2,5.0-M1,5.0-M1,16
