Project,Version,Package Name,Type Name,Method Name,Smell,checker,File Path,SmellID,begin,end,disappear,gap
dubbo,2.4.0,com.alibaba.dubbo.governance.service.impl,OwnerServiceImpl,deleteOwner,Feature Envy,"designitejava,checkstyle",dubbo-admin/src/main/java/com/alibaba/dubbo/governance/service/impl/OwnerServiceImpl.java,dubbo-admin/src/main/java/com/alibaba/dubbo/governance/service/impl/OwnerServiceImpl.java.OwnerServiceImpl.deleteOwner.Feature Envy,2.4.0,2.6.0,2.7.0,3
dubbo,2.4.0,com.alibaba.dubbo.governance.service.impl,OwnerServiceImpl,saveOwner,Feature Envy,"designitejava,checkstyle",dubbo-admin/src/main/java/com/alibaba/dubbo/governance/service/impl/OwnerServiceImpl.java,dubbo-admin/src/main/java/com/alibaba/dubbo/governance/service/impl/OwnerServiceImpl.java.OwnerServiceImpl.saveOwner.Feature Envy,2.4.0,2.6.0,2.7.0,3
dubbo,2.4.0,com.alibaba.dubbo.governance.service.impl,ProviderServiceImpl,,God Class,"pmd,checkstyle",dubbo-admin/src/main/java/com/alibaba/dubbo/governance/service/impl/ProviderServiceImpl.java,dubbo-admin/src/main/java/com/alibaba/dubbo/governance/service/impl/ProviderServiceImpl.java.ProviderServiceImpl..God Class,2.4.0,2.6.0,2.7.0,3
dubbo,2.4.0,com.alibaba.dubbo.governance.service.impl,ProviderServiceImpl,disableProvider,Complex Method,"designitejava,pmd",dubbo-admin/src/main/java/com/alibaba/dubbo/governance/service/impl/ProviderServiceImpl.java,dubbo-admin/src/main/java/com/alibaba/dubbo/governance/service/impl/ProviderServiceImpl.java.ProviderServiceImpl.disableProvider.Complex Method,2.4.0,2.6.0,2.7.0,3
dubbo,2.4.0,com.alibaba.dubbo.governance.service.impl,ProviderServiceImpl,enableProvider,Complex Method,"designitejava,pmd",dubbo-admin/src/main/java/com/alibaba/dubbo/governance/service/impl/ProviderServiceImpl.java,dubbo-admin/src/main/java/com/alibaba/dubbo/governance/service/impl/ProviderServiceImpl.java.ProviderServiceImpl.enableProvider.Complex Method,2.4.0,2.6.0,2.7.0,3
dubbo,2.4.0,com.alibaba.dubbo.governance.service.impl,ProviderServiceImpl,setWeight,Complex Method,"designitejava,pmd,checkstyle",dubbo-admin/src/main/java/com/alibaba/dubbo/governance/service/impl/ProviderServiceImpl.java,dubbo-admin/src/main/java/com/alibaba/dubbo/governance/service/impl/ProviderServiceImpl.java.ProviderServiceImpl.setWeight.Complex Method,2.4.0,2.6.0,2.7.0,3
dubbo,2.4.0,com.alibaba.dubbo.governance.sync,RegistryServerSync,notify,Complex Method,"designitejava,pmd,checkstyle",dubbo-admin/src/main/java/com/alibaba/dubbo/governance/sync/RegistryServerSync.java,dubbo-admin/src/main/java/com/alibaba/dubbo/governance/sync/RegistryServerSync.java.RegistryServerSync.notify.Complex Method,2.4.0,2.6.0,2.7.0,3
dubbo,2.4.0,com.alibaba.dubbo.governance.sync.util,SyncUtils,filterFromUrls,Complex Method,"designitejava,pmd",dubbo-admin/src/main/java/com/alibaba/dubbo/governance/sync/util/SyncUtils.java,dubbo-admin/src/main/java/com/alibaba/dubbo/governance/sync/util/SyncUtils.java.SyncUtils.filterFromUrls.Complex Method,2.4.0,2.6.0,2.7.0,3
dubbo,2.4.0,com.alibaba.dubbo.governance.web.common.interceptor,AuthorizationValve,invoke,Complex Method,"designitejava,pmd,checkstyle",dubbo-admin/src/main/java/com/alibaba/dubbo/governance/web/common/interceptor/AuthorizationValve.java,dubbo-admin/src/main/java/com/alibaba/dubbo/governance/web/common/interceptor/AuthorizationValve.java.AuthorizationValve.invoke.Complex Method,2.4.0,2.6.0,2.7.0,3
dubbo,2.4.0,com.alibaba.dubbo.governance.web.common.interceptor,AuthorizationValve,loginByDigest,Complex Method,"pmd,checkstyle",dubbo-admin/src/main/java/com/alibaba/dubbo/governance/web/common/interceptor/AuthorizationValve.java,dubbo-admin/src/main/java/com/alibaba/dubbo/governance/web/common/interceptor/AuthorizationValve.java.AuthorizationValve.loginByDigest.Complex Method,2.4.0,2.6.0,2.7.0,3
dubbo,2.4.0,com.alibaba.dubbo.governance.web.common.interceptor,RestfuleUrlRewriter,postSubstitution,Complex Method,"designitejava,pmd,checkstyle",dubbo-admin/src/main/java/com/alibaba/dubbo/governance/web/common/interceptor/RestfuleUrlRewriter.java,dubbo-admin/src/main/java/com/alibaba/dubbo/governance/web/common/interceptor/RestfuleUrlRewriter.java.RestfuleUrlRewriter.postSubstitution.Complex Method,2.4.0,2.6.0,2.7.0,3
dubbo,2.4.0,com.alibaba.dubbo.governance.web.common.module.screen,Restful,convertPrimitive,Complex Method,"designitejava,pmd,checkstyle",dubbo-admin/src/main/java/com/alibaba/dubbo/governance/web/common/module/screen/Restful.java,dubbo-admin/src/main/java/com/alibaba/dubbo/governance/web/common/module/screen/Restful.java.Restful.convertPrimitive.Complex Method,2.4.0,2.6.0,2.7.0,3
dubbo,2.4.0,com.alibaba.dubbo.governance.web.common.module.screen,Restful,execute,Complex Method,"designitejava,pmd,checkstyle",dubbo-admin/src/main/java/com/alibaba/dubbo/governance/web/common/module/screen/Restful.java,dubbo-admin/src/main/java/com/alibaba/dubbo/governance/web/common/module/screen/Restful.java.Restful.execute.Complex Method,2.4.0,2.6.0,2.7.0,3
dubbo,2.4.0,com.alibaba.dubbo.governance.web.common.pulltool,Tool,,God Class,"pmd,checkstyle",dubbo-admin/src/main/java/com/alibaba/dubbo/governance/web/common/pulltool/Tool.java,dubbo-admin/src/main/java/com/alibaba/dubbo/governance/web/common/pulltool/Tool.java.Tool..God Class,2.4.0,2.6.0,2.7.0,3
dubbo,2.4.0,com.alibaba.dubbo.governance.web.common.pulltool,Tool,countMapValues,Complex Method,"designitejava,pmd",dubbo-admin/src/main/java/com/alibaba/dubbo/governance/web/common/pulltool/Tool.java,dubbo-admin/src/main/java/com/alibaba/dubbo/governance/web/common/pulltool/Tool.java.Tool.countMapValues.Complex Method,2.4.0,2.6.0,2.7.0,3
dubbo,2.4.0,com.alibaba.dubbo.governance.web.common.pulltool,Tool,isInBlackList,Complex Method,"designitejava,pmd,checkstyle",dubbo-admin/src/main/java/com/alibaba/dubbo/governance/web/common/pulltool/Tool.java,dubbo-admin/src/main/java/com/alibaba/dubbo/governance/web/common/pulltool/Tool.java.Tool.isInBlackList.Complex Method,2.4.0,2.6.0,2.7.0,3
dubbo,2.4.0,com.alibaba.dubbo.governance.web.common.resolver,ParameterMap,,God Class,"pmd,checkstyle",dubbo-admin/src/main/java/com/alibaba/dubbo/governance/web/common/resolver/ParameterMap.java,dubbo-admin/src/main/java/com/alibaba/dubbo/governance/web/common/resolver/ParameterMap.java.ParameterMap..God Class,2.4.0,2.6.0,2.7.0,3
dubbo,2.4.0,com.alibaba.dubbo.governance.web.common.resolver,ParameterMap,get,Complex Method,"designitejava,pmd,checkstyle",dubbo-admin/src/main/java/com/alibaba/dubbo/governance/web/common/resolver/ParameterMap.java,dubbo-admin/src/main/java/com/alibaba/dubbo/governance/web/common/resolver/ParameterMap.java.ParameterMap.get.Complex Method,2.4.0,2.6.0,2.7.0,3
dubbo,2.4.0,com.alibaba.dubbo.governance.web.common.resolver,ParameterMap,put,Complex Method,"designitejava,pmd,checkstyle",dubbo-admin/src/main/java/com/alibaba/dubbo/governance/web/common/resolver/ParameterMap.java,dubbo-admin/src/main/java/com/alibaba/dubbo/governance/web/common/resolver/ParameterMap.java.ParameterMap.put.Complex Method,2.4.0,2.6.0,2.7.0,3
dubbo,2.4.0,com.alibaba.dubbo.governance.web.governance.module.screen,Accesses,delete,Complex Method,"designitejava,pmd,checkstyle",dubbo-admin/src/main/java/com/alibaba/dubbo/governance/web/governance/module/screen/Accesses.java,dubbo-admin/src/main/java/com/alibaba/dubbo/governance/web/governance/module/screen/Accesses.java.Accesses.delete.Complex Method,2.4.0,2.6.0,2.7.0,3
dubbo,2.4.0,com.alibaba.dubbo.governance.web.governance.module.screen,Accesses,delete,Feature Envy,"designitejava,checkstyle",dubbo-admin/src/main/java/com/alibaba/dubbo/governance/web/governance/module/screen/Accesses.java,dubbo-admin/src/main/java/com/alibaba/dubbo/governance/web/governance/module/screen/Accesses.java.Accesses.delete.Feature Envy,2.4.0,2.6.0,2.7.0,3
dubbo,2.4.0,com.alibaba.dubbo.governance.web.governance.module.screen,Accesses,index,Complex Method,"designitejava,pmd",dubbo-admin/src/main/java/com/alibaba/dubbo/governance/web/governance/module/screen/Accesses.java,dubbo-admin/src/main/java/com/alibaba/dubbo/governance/web/governance/module/screen/Accesses.java.Accesses.index.Complex Method,2.4.0,2.6.0,2.7.0,3
dubbo,2.4.0,com.alibaba.dubbo.governance.web.governance.module.screen,Accesses,index,Feature Envy,"designitejava,checkstyle",dubbo-admin/src/main/java/com/alibaba/dubbo/governance/web/governance/module/screen/Accesses.java,dubbo-admin/src/main/java/com/alibaba/dubbo/governance/web/governance/module/screen/Accesses.java.Accesses.index.Feature Envy,2.4.0,2.6.0,2.7.0,3
dubbo,2.4.0,com.alibaba.dubbo.governance.web.governance.module.screen,Addresses,index,Complex Method,"designitejava,pmd,checkstyle",dubbo-admin/src/main/java/com/alibaba/dubbo/governance/web/governance/module/screen/Addresses.java,dubbo-admin/src/main/java/com/alibaba/dubbo/governance/web/governance/module/screen/Addresses.java.Addresses.index.Complex Method,2.4.0,2.6.0,2.7.0,3
dubbo,2.4.0,com.alibaba.dubbo.governance.web.governance.module.screen,Applications,allmock,Complex Method,"designitejava,pmd,checkstyle",dubbo-admin/src/main/java/com/alibaba/dubbo/governance/web/governance/module/screen/Applications.java,dubbo-admin/src/main/java/com/alibaba/dubbo/governance/web/governance/module/screen/Applications.java.Applications.allmock.Complex Method,2.4.0,2.6.0,2.7.0,3
dubbo,2.4.0,com.alibaba.dubbo.governance.web.governance.module.screen,Applications,allmock,Feature Envy,"designitejava,checkstyle",dubbo-admin/src/main/java/com/alibaba/dubbo/governance/web/governance/module/screen/Applications.java,dubbo-admin/src/main/java/com/alibaba/dubbo/governance/web/governance/module/screen/Applications.java.Applications.allmock.Feature Envy,2.4.0,2.6.0,2.7.0,3
dubbo,2.4.0,com.alibaba.dubbo.governance.web.governance.module.screen,Applications,index,Complex Method,"designitejava,pmd,checkstyle",dubbo-admin/src/main/java/com/alibaba/dubbo/governance/web/governance/module/screen/Applications.java,dubbo-admin/src/main/java/com/alibaba/dubbo/governance/web/governance/module/screen/Applications.java.Applications.index.Complex Method,2.4.0,2.6.0,2.7.0,3
dubbo,2.4.0,com.alibaba.dubbo.governance.web.governance.module.screen,Applications,mock,Complex Method,"designitejava,pmd,checkstyle",dubbo-admin/src/main/java/com/alibaba/dubbo/governance/web/governance/module/screen/Applications.java,dubbo-admin/src/main/java/com/alibaba/dubbo/governance/web/governance/module/screen/Applications.java.Applications.mock.Complex Method,2.4.0,2.6.0,2.7.0,3
dubbo,2.4.0,com.alibaba.dubbo.governance.web.governance.module.screen,Applications,mock,Feature Envy,"designitejava,checkstyle",dubbo-admin/src/main/java/com/alibaba/dubbo/governance/web/governance/module/screen/Applications.java,dubbo-admin/src/main/java/com/alibaba/dubbo/governance/web/governance/module/screen/Applications.java.Applications.mock.Feature Envy,2.4.0,2.6.0,2.7.0,3
dubbo,2.4.0,com.alibaba.dubbo.governance.web.governance.module.screen,Consumers,,God Class,"pmd,checkstyle",dubbo-admin/src/main/java/com/alibaba/dubbo/governance/web/governance/module/screen/Consumers.java,dubbo-admin/src/main/java/com/alibaba/dubbo/governance/web/governance/module/screen/Consumers.java.Consumers..God Class,2.4.0,2.6.0,2.7.0,3
dubbo,2.4.0,com.alibaba.dubbo.governance.web.governance.module.screen,Consumers,access,Complex Method,"designitejava,pmd,checkstyle",dubbo-admin/src/main/java/com/alibaba/dubbo/governance/web/governance/module/screen/Consumers.java,dubbo-admin/src/main/java/com/alibaba/dubbo/governance/web/governance/module/screen/Consumers.java.Consumers.access.Complex Method,2.4.0,2.6.0,2.7.0,3
dubbo,2.4.0,com.alibaba.dubbo.governance.web.governance.module.screen,Consumers,access,Feature Envy,"designitejava,checkstyle",dubbo-admin/src/main/java/com/alibaba/dubbo/governance/web/governance/module/screen/Consumers.java,dubbo-admin/src/main/java/com/alibaba/dubbo/governance/web/governance/module/screen/Consumers.java.Consumers.access.Feature Envy,2.4.0,2.6.0,2.7.0,3
dubbo,2.4.0,com.alibaba.dubbo.governance.web.governance.module.screen,Consumers,allmock,Complex Method,"designitejava,pmd,checkstyle",dubbo-admin/src/main/java/com/alibaba/dubbo/governance/web/governance/module/screen/Consumers.java,dubbo-admin/src/main/java/com/alibaba/dubbo/governance/web/governance/module/screen/Consumers.java.Consumers.allmock.Complex Method,2.4.0,2.6.0,2.7.0,3
dubbo,2.4.0,com.alibaba.dubbo.governance.web.governance.module.screen,Consumers,allmock,Feature Envy,"designitejava,checkstyle",dubbo-admin/src/main/java/com/alibaba/dubbo/governance/web/governance/module/screen/Consumers.java,dubbo-admin/src/main/java/com/alibaba/dubbo/governance/web/governance/module/screen/Consumers.java.Consumers.allmock.Feature Envy,2.4.0,2.6.0,2.7.0,3
dubbo,2.4.0,com.alibaba.dubbo.governance.web.governance.module.screen,Consumers,index,Complex Method,"pmd,checkstyle",dubbo-admin/src/main/java/com/alibaba/dubbo/governance/web/governance/module/screen/Consumers.java,dubbo-admin/src/main/java/com/alibaba/dubbo/governance/web/governance/module/screen/Consumers.java.Consumers.index.Complex Method,2.4.0,2.6.0,2.7.0,3
dubbo,2.4.0,com.alibaba.dubbo.governance.web.governance.module.screen,Consumers,mock,Complex Method,"designitejava,pmd,checkstyle",dubbo-admin/src/main/java/com/alibaba/dubbo/governance/web/governance/module/screen/Consumers.java,dubbo-admin/src/main/java/com/alibaba/dubbo/governance/web/governance/module/screen/Consumers.java.Consumers.mock.Complex Method,2.4.0,2.6.0,2.7.0,3
dubbo,2.4.0,com.alibaba.dubbo.governance.web.governance.module.screen,Consumers,mock,Feature Envy,"designitejava,checkstyle",dubbo-admin/src/main/java/com/alibaba/dubbo/governance/web/governance/module/screen/Consumers.java,dubbo-admin/src/main/java/com/alibaba/dubbo/governance/web/governance/module/screen/Consumers.java.Consumers.mock.Feature Envy,2.4.0,2.6.0,2.7.0,3
dubbo,2.4.0,com.alibaba.dubbo.governance.web.governance.module.screen,Consumers,update,Feature Envy,"designitejava,checkstyle",dubbo-admin/src/main/java/com/alibaba/dubbo/governance/web/governance/module/screen/Consumers.java,dubbo-admin/src/main/java/com/alibaba/dubbo/governance/web/governance/module/screen/Consumers.java.Consumers.update.Feature Envy,2.4.0,2.6.0,2.7.0,3
dubbo,2.4.0,com.alibaba.dubbo.governance.web.governance.module.screen,Loadbalances,add,Feature Envy,"designitejava,checkstyle",dubbo-admin/src/main/java/com/alibaba/dubbo/governance/web/governance/module/screen/Loadbalances.java,dubbo-admin/src/main/java/com/alibaba/dubbo/governance/web/governance/module/screen/Loadbalances.java.Loadbalances.add.Feature Envy,2.4.0,2.6.0,2.7.0,3
dubbo,2.4.0,com.alibaba.dubbo.governance.web.governance.module.screen,Loadbalances,index,Feature Envy,"designitejava,checkstyle",dubbo-admin/src/main/java/com/alibaba/dubbo/governance/web/governance/module/screen/Loadbalances.java,dubbo-admin/src/main/java/com/alibaba/dubbo/governance/web/governance/module/screen/Loadbalances.java.Loadbalances.index.Feature Envy,2.4.0,2.6.0,2.7.0,3
dubbo,2.4.0,com.alibaba.dubbo.governance.web.governance.module.screen,Overrides,catchParams,Complex Method,"designitejava,pmd,checkstyle",dubbo-admin/src/main/java/com/alibaba/dubbo/governance/web/governance/module/screen/Overrides.java,dubbo-admin/src/main/java/com/alibaba/dubbo/governance/web/governance/module/screen/Overrides.java.Overrides.catchParams.Complex Method,2.4.0,2.6.0,2.7.0,3
dubbo,2.4.0,com.alibaba.dubbo.governance.web.governance.module.screen,Overrides,index,Feature Envy,"designitejava,checkstyle",dubbo-admin/src/main/java/com/alibaba/dubbo/governance/web/governance/module/screen/Overrides.java,dubbo-admin/src/main/java/com/alibaba/dubbo/governance/web/governance/module/screen/Overrides.java.Overrides.index.Feature Envy,2.4.0,2.6.0,2.7.0,3
dubbo,2.4.0,com.alibaba.dubbo.governance.web.governance.module.screen,Providers,delete,Feature Envy,"designitejava,checkstyle",dubbo-admin/src/main/java/com/alibaba/dubbo/governance/web/governance/module/screen/Providers.java,dubbo-admin/src/main/java/com/alibaba/dubbo/governance/web/governance/module/screen/Providers.java.Providers.delete.Feature Envy,2.4.0,2.6.0,2.7.0,3
dubbo,2.4.0,com.alibaba.dubbo.governance.web.governance.module.screen,Providers,index,Feature Envy,"designitejava,checkstyle",dubbo-admin/src/main/java/com/alibaba/dubbo/governance/web/governance/module/screen/Providers.java,dubbo-admin/src/main/java/com/alibaba/dubbo/governance/web/governance/module/screen/Providers.java.Providers.index.Feature Envy,2.4.0,2.6.0,2.7.0,3
dubbo,2.4.0,com.alibaba.dubbo.governance.web.governance.module.screen,Providers,update,Feature Envy,"designitejava,checkstyle",dubbo-admin/src/main/java/com/alibaba/dubbo/governance/web/governance/module/screen/Providers.java,dubbo-admin/src/main/java/com/alibaba/dubbo/governance/web/governance/module/screen/Providers.java.Providers.update.Feature Envy,2.4.0,2.6.0,2.7.0,3
dubbo,2.4.0,com.alibaba.dubbo.governance.web.governance.module.screen,Routes,index,Feature Envy,"designitejava,checkstyle",dubbo-admin/src/main/java/com/alibaba/dubbo/governance/web/governance/module/screen/Routes.java,dubbo-admin/src/main/java/com/alibaba/dubbo/governance/web/governance/module/screen/Routes.java.Routes.index.Feature Envy,2.4.0,2.6.0,2.7.0,3
dubbo,2.4.0,com.alibaba.dubbo.governance.web.governance.module.screen,Routes,show,Complex Method,"designitejava,pmd",dubbo-admin/src/main/java/com/alibaba/dubbo/governance/web/governance/module/screen/Routes.java,dubbo-admin/src/main/java/com/alibaba/dubbo/governance/web/governance/module/screen/Routes.java.Routes.show.Complex Method,2.4.0,2.6.0,2.7.0,3
dubbo,2.4.0,com.alibaba.dubbo.governance.web.governance.module.screen,Routes,update,Complex Method,"designitejava,pmd,checkstyle",dubbo-admin/src/main/java/com/alibaba/dubbo/governance/web/governance/module/screen/Routes.java,dubbo-admin/src/main/java/com/alibaba/dubbo/governance/web/governance/module/screen/Routes.java.Routes.update.Complex Method,2.4.0,2.6.0,2.7.0,3
dubbo,2.4.0,com.alibaba.dubbo.governance.web.governance.module.screen,Services,index,Complex Method,"designitejava,pmd,checkstyle",dubbo-admin/src/main/java/com/alibaba/dubbo/governance/web/governance/module/screen/Services.java,dubbo-admin/src/main/java/com/alibaba/dubbo/governance/web/governance/module/screen/Services.java.Services.index.Complex Method,2.4.0,2.6.0,2.7.0,3
dubbo,2.4.0,com.alibaba.dubbo.governance.web.governance.module.screen,Services,mock,Complex Method,"designitejava,pmd,checkstyle",dubbo-admin/src/main/java/com/alibaba/dubbo/governance/web/governance/module/screen/Services.java,dubbo-admin/src/main/java/com/alibaba/dubbo/governance/web/governance/module/screen/Services.java.Services.mock.Complex Method,2.4.0,2.6.0,2.7.0,3
dubbo,2.4.0,com.alibaba.dubbo.governance.web.governance.module.screen,Services,mock,Feature Envy,"designitejava,checkstyle",dubbo-admin/src/main/java/com/alibaba/dubbo/governance/web/governance/module/screen/Services.java,dubbo-admin/src/main/java/com/alibaba/dubbo/governance/web/governance/module/screen/Services.java.Services.mock.Feature Envy,2.4.0,2.6.0,2.7.0,3
dubbo,2.4.0,com.alibaba.dubbo.governance.web.governance.module.screen,Weights,add,Feature Envy,"designitejava,checkstyle",dubbo-admin/src/main/java/com/alibaba/dubbo/governance/web/governance/module/screen/Weights.java,dubbo-admin/src/main/java/com/alibaba/dubbo/governance/web/governance/module/screen/Weights.java.Weights.add.Feature Envy,2.4.0,2.6.0,2.7.0,3
dubbo,2.4.0,com.alibaba.dubbo.governance.web.governance.module.screen,Weights,create,Complex Method,"designitejava,pmd,checkstyle",dubbo-admin/src/main/java/com/alibaba/dubbo/governance/web/governance/module/screen/Weights.java,dubbo-admin/src/main/java/com/alibaba/dubbo/governance/web/governance/module/screen/Weights.java.Weights.create.Complex Method,2.4.0,2.6.0,2.7.0,3
dubbo,2.4.0,com.alibaba.dubbo.governance.web.governance.module.screen,Weights,index,Feature Envy,"designitejava,checkstyle",dubbo-admin/src/main/java/com/alibaba/dubbo/governance/web/governance/module/screen/Weights.java,dubbo-admin/src/main/java/com/alibaba/dubbo/governance/web/governance/module/screen/Weights.java.Weights.index.Feature Envy,2.4.0,2.6.0,2.7.0,3
dubbo,2.4.0,com.alibaba.dubbo.governance.web.home.module.screen,Register,doExecute,Complex Method,"designitejava,pmd,checkstyle",dubbo-admin/src/main/java/com/alibaba/dubbo/governance/web/home/module/screen/Register.java,dubbo-admin/src/main/java/com/alibaba/dubbo/governance/web/home/module/screen/Register.java.Register.doExecute.Complex Method,2.4.0,2.6.0,2.7.0,3
dubbo,2.4.0,com.alibaba.dubbo.governance.web.home.module.screen,Result,equals,Complex Method,"designitejava,checkstyle",dubbo-admin/src/main/java/com/alibaba/dubbo/governance/web/home/module/screen/Result.java,dubbo-admin/src/main/java/com/alibaba/dubbo/governance/web/home/module/screen/Result.java.Result.equals.Complex Method,2.4.0,2.6.0,2.7.0,3
dubbo,2.4.0,com.alibaba.dubbo.governance.web.home.module.screen,Unregister,doExecute,Complex Method,"pmd,checkstyle",dubbo-admin/src/main/java/com/alibaba/dubbo/governance/web/home/module/screen/Unregister.java,dubbo-admin/src/main/java/com/alibaba/dubbo/governance/web/home/module/screen/Unregister.java.Unregister.doExecute.Complex Method,2.4.0,2.6.0,2.7.0,3
dubbo,2.4.0,com.alibaba.dubbo.governance.web.sysinfo.module.screen,Versions,show,Complex Method,"designitejava,pmd",dubbo-admin/src/main/java/com/alibaba/dubbo/governance/web/sysinfo/module/screen/Versions.java,dubbo-admin/src/main/java/com/alibaba/dubbo/governance/web/sysinfo/module/screen/Versions.java.Versions.show.Complex Method,2.4.0,2.6.0,2.7.0,3
dubbo,2.4.0,com.alibaba.dubbo.governance.web.sysmanage.module.screen,Configs,update,Complex Method,"pmd,checkstyle",dubbo-admin/src/main/java/com/alibaba/dubbo/governance/web/sysmanage/module/screen/Configs.java,dubbo-admin/src/main/java/com/alibaba/dubbo/governance/web/sysmanage/module/screen/Configs.java.Configs.update.Complex Method,2.4.0,2.6.0,2.7.0,3
dubbo,2.4.0,com.alibaba.dubbo.registry.common.registry,ConvertUtil,convertRegister,Complex Method,"pmd,checkstyle",dubbo-admin/src/main/java/com/alibaba/dubbo/registry/common/registry/ConvertUtil.java,dubbo-admin/src/main/java/com/alibaba/dubbo/registry/common/registry/ConvertUtil.java.ConvertUtil.convertRegister.Complex Method,2.4.0,2.6.0,2.7.0,3
dubbo,2.4.0,com.alibaba.dubbo.registry.common.route,ParseUtils,,God Class,"pmd,checkstyle",dubbo-admin/src/main/java/com/alibaba/dubbo/registry/common/route/ParseUtils.java,dubbo-admin/src/main/java/com/alibaba/dubbo/registry/common/route/ParseUtils.java.ParseUtils..God Class,2.4.0,2.6.0,2.7.0,3
dubbo,2.4.0,com.alibaba.dubbo.registry.common.route,ParseUtils,parseQuery,Complex Method,"designitejava,pmd,checkstyle",dubbo-admin/src/main/java/com/alibaba/dubbo/registry/common/route/ParseUtils.java,dubbo-admin/src/main/java/com/alibaba/dubbo/registry/common/route/ParseUtils.java.ParseUtils.parseQuery.Complex Method,2.4.0,2.6.0,2.7.0,3
dubbo,2.4.0,com.alibaba.dubbo.registry.common.route,RouteRule,,God Class,"pmd,checkstyle",dubbo-admin/src/main/java/com/alibaba/dubbo/registry/common/route/RouteRule.java,dubbo-admin/src/main/java/com/alibaba/dubbo/registry/common/route/RouteRule.java.RouteRule..God Class,2.4.0,2.6.0,2.7.0,3
dubbo,2.4.0,com.alibaba.dubbo.registry.common.route,RouteRule,parseNameAndValueListString2Condition,Complex Method,"designitejava,pmd,checkstyle",dubbo-admin/src/main/java/com/alibaba/dubbo/registry/common/route/RouteRule.java,dubbo-admin/src/main/java/com/alibaba/dubbo/registry/common/route/RouteRule.java.RouteRule.parseNameAndValueListString2Condition.Complex Method,2.4.0,2.6.0,2.7.0,3
dubbo,2.4.0,com.alibaba.dubbo.registry.common.route,RouteRule,parseRule,Complex Method,"designitejava,pmd,checkstyle",dubbo-admin/src/main/java/com/alibaba/dubbo/registry/common/route/RouteRule.java,dubbo-admin/src/main/java/com/alibaba/dubbo/registry/common/route/RouteRule.java.RouteRule.parseRule.Complex Method,2.4.0,2.6.0,2.7.0,3
dubbo,2.4.0,com.alibaba.dubbo.registry.common.route,RouteRuleUtils,expandCondition,Complex Method,"designitejava,pmd,checkstyle",dubbo-admin/src/main/java/com/alibaba/dubbo/registry/common/route/RouteRuleUtils.java,dubbo-admin/src/main/java/com/alibaba/dubbo/registry/common/route/RouteRuleUtils.java.RouteRuleUtils.expandCondition.Complex Method,2.4.0,2.6.0,2.7.0,3
dubbo,2.4.0,com.alibaba.dubbo.registry.common.route,RouteUtils,previewRoute,Long Parameter List,"designitejava,checkstyle",dubbo-admin/src/main/java/com/alibaba/dubbo/registry/common/route/RouteUtils.java,dubbo-admin/src/main/java/com/alibaba/dubbo/registry/common/route/RouteUtils.java.RouteUtils.previewRoute.Long Parameter List,2.4.0,2.6.0,2.7.0,3
dubbo,2.4.0,com.alibaba.dubbo.registry.common.route,RouteUtils,route,Complex Method,"designitejava,pmd,checkstyle",dubbo-admin/src/main/java/com/alibaba/dubbo/registry/common/route/RouteUtils.java,dubbo-admin/src/main/java/com/alibaba/dubbo/registry/common/route/RouteUtils.java.RouteUtils.route.Complex Method,2.4.0,2.6.0,2.7.0,3
dubbo,2.4.0,com.alibaba.dubbo.registry.common.route,RouteUtils,route,Long Parameter List,"designitejava,checkstyle",dubbo-admin/src/main/java/com/alibaba/dubbo/registry/common/route/RouteUtils.java,dubbo-admin/src/main/java/com/alibaba/dubbo/registry/common/route/RouteUtils.java.RouteUtils.route.Long Parameter List,2.4.0,2.6.0,2.7.0,3
dubbo,2.4.0,com.alibaba.dubbo.registry.common.util,Entities,doUnescape,Complex Method,"designitejava,pmd,checkstyle",dubbo-admin/src/main/java/com/alibaba/dubbo/registry/common/util/Entities.java,dubbo-admin/src/main/java/com/alibaba/dubbo/registry/common/util/Entities.java.Entities.doUnescape.Complex Method,2.4.0,2.6.0,2.7.0,3
dubbo,2.4.0,com.alibaba.dubbo.registry.common.util,StringEscapeUtils,escapeJavaStyleString,Complex Method,"designitejava,pmd,checkstyle",dubbo-admin/src/main/java/com/alibaba/dubbo/registry/common/util/StringEscapeUtils.java,dubbo-admin/src/main/java/com/alibaba/dubbo/registry/common/util/StringEscapeUtils.java.StringEscapeUtils.escapeJavaStyleString.Complex Method,2.4.0,2.6.0,2.7.0,3
dubbo,2.4.0,com.alibaba.dubbo.registry.common.util,StringEscapeUtils,unescapeJava,Complex Method,"designitejava,pmd,checkstyle",dubbo-admin/src/main/java/com/alibaba/dubbo/registry/common/util/StringEscapeUtils.java,dubbo-admin/src/main/java/com/alibaba/dubbo/registry/common/util/StringEscapeUtils.java.StringEscapeUtils.unescapeJava.Complex Method,2.4.0,2.6.0,2.7.0,3
dubbo,2.4.0,com.alibaba.dubbo.registry.common.util,Tool,countMapValues,Complex Method,"designitejava,pmd",dubbo-admin/src/main/java/com/alibaba/dubbo/registry/common/util/Tool.java,dubbo-admin/src/main/java/com/alibaba/dubbo/registry/common/util/Tool.java.Tool.countMapValues.Complex Method,2.4.0,2.6.0,2.7.0,3
dubbo,2.3.0,com.alibaba.dubbo.rpc.cluster.configurator,AbstractConfigurator,configure,Complex Method,"designitejava,pmd,checkstyle",dubbo-cluster/src/main/java/com/alibaba/dubbo/rpc/cluster/configurator/AbstractConfigurator.java,dubbo-cluster/src/main/java/com/alibaba/dubbo/rpc/cluster/configurator/AbstractConfigurator.java.AbstractConfigurator.configure.Complex Method,2.3.0,2.5.0,2.6.0,3
dubbo,2.3.0,com.alibaba.dubbo.rpc.cluster.configurator,AbstractConfigurator,configure,Feature Envy,"designitejava,checkstyle",dubbo-cluster/src/main/java/com/alibaba/dubbo/rpc/cluster/configurator/AbstractConfigurator.java,dubbo-cluster/src/main/java/com/alibaba/dubbo/rpc/cluster/configurator/AbstractConfigurator.java.AbstractConfigurator.configure.Feature Envy,2.3.0,2.6.0,2.7.0,4
dubbo,2.6.0,com.alibaba.dubbo.rpc.cluster.configurator,AbstractConfigurator,configureIfMatch,Complex Method,"pmd,checkstyle",dubbo-cluster/src/main/java/com/alibaba/dubbo/rpc/cluster/configurator/AbstractConfigurator.java,dubbo-cluster/src/main/java/com/alibaba/dubbo/rpc/cluster/configurator/AbstractConfigurator.java.AbstractConfigurator.configureIfMatch.Complex Method,2.6.0,2.6.0,2.7.0,1
dubbo,2.6.0,com.alibaba.dubbo.rpc.cluster.configurator,AbstractConfigurator,configureIfMatch,Feature Envy,"designitejava,checkstyle",dubbo-cluster/src/main/java/com/alibaba/dubbo/rpc/cluster/configurator/AbstractConfigurator.java,dubbo-cluster/src/main/java/com/alibaba/dubbo/rpc/cluster/configurator/AbstractConfigurator.java.AbstractConfigurator.configureIfMatch.Feature Envy,2.6.0,2.6.0,2.7.0,1
dubbo,2.0.7,com.alibaba.dubbo.rpc.cluster.loadbalance,LeastActiveLoadBalance,doSelect,Complex Method,"designitejava,pmd,checkstyle",dubbo-cluster/src/main/java/com/alibaba/dubbo/rpc/cluster/loadbalance/LeastActiveLoadBalance.java,dubbo-cluster/src/main/java/com/alibaba/dubbo/rpc/cluster/loadbalance/LeastActiveLoadBalance.java.LeastActiveLoadBalance.doSelect.Complex Method,2.0.7,2.6.0,2.7.0,7
dubbo,2.1.0,com.alibaba.dubbo.rpc.cluster.merger,ArrayMerger,merge,Complex Method,"designitejava,pmd,checkstyle",dubbo-cluster/src/main/java/com/alibaba/dubbo/rpc/cluster/merger/ArrayMerger.java,dubbo-cluster/src/main/java/com/alibaba/dubbo/rpc/cluster/merger/ArrayMerger.java.ArrayMerger.merge.Complex Method,2.1.0,2.1.0,2.2.0,1
dubbo,2.2.0,com.alibaba.dubbo.rpc.cluster.router.condition,ConditionRouter,parseRule,Complex Method,"designitejava,pmd,checkstyle",dubbo-cluster/src/main/java/com/alibaba/dubbo/rpc/cluster/router/condition/ConditionRouter.java,dubbo-cluster/src/main/java/com/alibaba/dubbo/rpc/cluster/router/condition/ConditionRouter.java.ConditionRouter.parseRule.Complex Method,2.2.0,2.6.0,2.7.0,5
dubbo,2.0.7,com.alibaba.dubbo.rpc.cluster.support,AbstractClusterInvoker,doselect,Complex Method,"pmd,checkstyle",dubbo-cluster/src/main/java/com/alibaba/dubbo/rpc/cluster/support/AbstractClusterInvoker.java,dubbo-cluster/src/main/java/com/alibaba/dubbo/rpc/cluster/support/AbstractClusterInvoker.java.AbstractClusterInvoker.doselect.Complex Method,2.0.7,2.6.0,2.7.0,7
dubbo,2.0.7,com.alibaba.dubbo.rpc.cluster.support,AbstractClusterInvoker,reselect,Complex Method,"designitejava,pmd,checkstyle",dubbo-cluster/src/main/java/com/alibaba/dubbo/rpc/cluster/support/AbstractClusterInvoker.java,dubbo-cluster/src/main/java/com/alibaba/dubbo/rpc/cluster/support/AbstractClusterInvoker.java.AbstractClusterInvoker.reselect.Complex Method,2.0.7,2.6.0,2.7.0,7
dubbo,2.0.7,com.alibaba.dubbo.rpc.cluster.support,ClusterUtils,mergeUrl,Complex Method,"designitejava,pmd,checkstyle",dubbo-cluster/src/main/java/com/alibaba/dubbo/rpc/cluster/support/ClusterUtils.java,dubbo-cluster/src/main/java/com/alibaba/dubbo/rpc/cluster/support/ClusterUtils.java.ClusterUtils.mergeUrl.Complex Method,2.0.7,2.6.0,2.7.0,7
dubbo,2.0.7,com.alibaba.dubbo.rpc.cluster.support,FailoverClusterInvoker,doInvoke,Complex Method,"pmd,checkstyle",dubbo-cluster/src/main/java/com/alibaba/dubbo/rpc/cluster/support/FailoverClusterInvoker.java,dubbo-cluster/src/main/java/com/alibaba/dubbo/rpc/cluster/support/FailoverClusterInvoker.java.FailoverClusterInvoker.doInvoke.Complex Method,2.0.7,2.6.0,2.7.0,7
dubbo,2.1.0,com.alibaba.dubbo.rpc.cluster.support,MergeableClusterInvoker,invoke,Complex Method,"designitejava,pmd,checkstyle",dubbo-cluster/src/main/java/com/alibaba/dubbo/rpc/cluster/support/MergeableClusterInvoker.java,dubbo-cluster/src/main/java/com/alibaba/dubbo/rpc/cluster/support/MergeableClusterInvoker.java.MergeableClusterInvoker.invoke.Complex Method,2.1.0,2.6.0,2.7.0,6
dubbo,3.1.0,org.apache.dubbo.rpc.cluster,RouterChain,logRouterSnapshot,Feature Envy,"designitejava,checkstyle",dubbo-cluster/src/main/java/org/apache/dubbo/rpc/cluster/RouterChain.java,dubbo-cluster/src/main/java/org/apache/dubbo/rpc/cluster/RouterChain.java.RouterChain.logRouterSnapshot.Feature Envy,3.1.0,3.1.0,3.2.0-beta.1,1
dubbo,2.7.0,org.apache.dubbo.rpc.cluster.configurator,AbstractConfigurator,configureIfMatch,Complex Method,"pmd,checkstyle",dubbo-cluster/src/main/java/org/apache/dubbo/rpc/cluster/configurator/AbstractConfigurator.java,dubbo-cluster/src/main/java/org/apache/dubbo/rpc/cluster/configurator/AbstractConfigurator.java.AbstractConfigurator.configureIfMatch.Complex Method,2.7.0,3.3.0,3.3.0,7
dubbo,2.7.0,org.apache.dubbo.rpc.cluster.configurator,AbstractConfigurator,configureIfMatch,Feature Envy,"designitejava,checkstyle",dubbo-cluster/src/main/java/org/apache/dubbo/rpc/cluster/configurator/AbstractConfigurator.java,dubbo-cluster/src/main/java/org/apache/dubbo/rpc/cluster/configurator/AbstractConfigurator.java.AbstractConfigurator.configureIfMatch.Feature Envy,2.7.0,3.3.0,3.3.0,7
dubbo,3.2.0,org.apache.dubbo.rpc.cluster.configurator,AbstractConfigurator,isV27ConditionMatchOrUnset,Feature Envy,"designitejava,checkstyle",dubbo-cluster/src/main/java/org/apache/dubbo/rpc/cluster/configurator/AbstractConfigurator.java,dubbo-cluster/src/main/java/org/apache/dubbo/rpc/cluster/configurator/AbstractConfigurator.java.AbstractConfigurator.isV27ConditionMatchOrUnset.Feature Envy,3.2.0,3.3.0,3.3.0,3
dubbo,3.3.0-beta.1,org.apache.dubbo.rpc.cluster.configurator.parser.model,ConditionMatch,isMatch,Complex Method,"designitejava,checkstyle",dubbo-cluster/src/main/java/org/apache/dubbo/rpc/cluster/configurator/parser/model/ConditionMatch.java,dubbo-cluster/src/main/java/org/apache/dubbo/rpc/cluster/configurator/parser/model/ConditionMatch.java.ConditionMatch.isMatch.Complex Method,3.3.0-beta.1,3.3.0,3.3.0,2
dubbo,3.1.0,org.apache.dubbo.rpc.cluster.directory,AbstractDirectory,checkConnectivity,Complex Method,"designitejava,pmd,checkstyle",dubbo-cluster/src/main/java/org/apache/dubbo/rpc/cluster/directory/AbstractDirectory.java,dubbo-cluster/src/main/java/org/apache/dubbo/rpc/cluster/directory/AbstractDirectory.java.AbstractDirectory.checkConnectivity.Complex Method,3.1.0,3.3.0,3.3.0,5
dubbo,2.7.0,org.apache.dubbo.rpc.cluster.loadbalance,LeastActiveLoadBalance,doSelect,Complex Method,"designitejava,pmd,checkstyle",dubbo-cluster/src/main/java/org/apache/dubbo/rpc/cluster/loadbalance/LeastActiveLoadBalance.java,dubbo-cluster/src/main/java/org/apache/dubbo/rpc/cluster/loadbalance/LeastActiveLoadBalance.java.LeastActiveLoadBalance.doSelect.Complex Method,2.7.0,3.3.0,3.3.0,7
dubbo,3.2.0,org.apache.dubbo.rpc.cluster.loadbalance,RandomLoadBalance,doSelect,Complex Method,"designitejava,pmd,checkstyle",dubbo-cluster/src/main/java/org/apache/dubbo/rpc/cluster/loadbalance/RandomLoadBalance.java,dubbo-cluster/src/main/java/org/apache/dubbo/rpc/cluster/loadbalance/RandomLoadBalance.java.RandomLoadBalance.doSelect.Complex Method,3.2.0,3.3.0,3.3.0,3
dubbo,2.7.0,org.apache.dubbo.rpc.cluster.loadbalance,RoundRobinLoadBalance,doSelect,Complex Method,"designitejava,pmd,checkstyle",dubbo-cluster/src/main/java/org/apache/dubbo/rpc/cluster/loadbalance/RoundRobinLoadBalance.java,dubbo-cluster/src/main/java/org/apache/dubbo/rpc/cluster/loadbalance/RoundRobinLoadBalance.java.RoundRobinLoadBalance.doSelect.Complex Method,2.7.0,2.7.0,3.0.0,1
dubbo,3.0.0,org.apache.dubbo.rpc.cluster.loadbalance,ShortestResponseLoadBalance,doSelect,Complex Method,"designitejava,pmd,checkstyle",dubbo-cluster/src/main/java/org/apache/dubbo/rpc/cluster/loadbalance/ShortestResponseLoadBalance.java,dubbo-cluster/src/main/java/org/apache/dubbo/rpc/cluster/loadbalance/ShortestResponseLoadBalance.java.ShortestResponseLoadBalance.doSelect.Complex Method,3.0.0,3.3.0,3.3.0,6
dubbo,2.7.0,org.apache.dubbo.rpc.cluster.merger,ArrayMerger,merge,Complex Method,"designitejava,pmd,checkstyle",dubbo-cluster/src/main/java/org/apache/dubbo/rpc/cluster/merger/ArrayMerger.java,dubbo-cluster/src/main/java/org/apache/dubbo/rpc/cluster/merger/ArrayMerger.java.ArrayMerger.merge.Complex Method,2.7.0,3.3.0,3.3.0,7
dubbo,3.1.0,org.apache.dubbo.rpc.cluster.router,RouterSnapshotNode,toString,Complex Method,"pmd,checkstyle",dubbo-cluster/src/main/java/org/apache/dubbo/rpc/cluster/router/RouterSnapshotNode.java,dubbo-cluster/src/main/java/org/apache/dubbo/rpc/cluster/router/RouterSnapshotNode.java.RouterSnapshotNode.toString.Complex Method,3.1.0,3.3.0,3.3.0,5
dubbo,2.7.0,org.apache.dubbo.rpc.cluster.router.condition,ConditionRouter,matchCondition,Complex Method,"designitejava,pmd,checkstyle",dubbo-cluster/src/main/java/org/apache/dubbo/rpc/cluster/router/condition/ConditionRouter.java,dubbo-cluster/src/main/java/org/apache/dubbo/rpc/cluster/router/condition/ConditionRouter.java.ConditionRouter.matchCondition.Complex Method,2.7.0,3.0.0,3.1.0,2
dubbo,2.7.0,org.apache.dubbo.rpc.cluster.router.condition,ConditionRouter,parseRule,Complex Method,"designitejava,pmd,checkstyle",dubbo-cluster/src/main/java/org/apache/dubbo/rpc/cluster/router/condition/ConditionRouter.java,dubbo-cluster/src/main/java/org/apache/dubbo/rpc/cluster/router/condition/ConditionRouter.java.ConditionRouter.parseRule.Complex Method,2.7.0,3.0.0,3.1.0,2
dubbo,2.7.0,org.apache.dubbo.rpc.cluster.router.condition,ConditionRouter,route,Complex Method,"designitejava,checkstyle",dubbo-cluster/src/main/java/org/apache/dubbo/rpc/cluster/router/condition/ConditionRouter.java,dubbo-cluster/src/main/java/org/apache/dubbo/rpc/cluster/router/condition/ConditionRouter.java.ConditionRouter.route.Complex Method,2.7.0,3.0.0,3.1.0,2
dubbo,3.1.0,org.apache.dubbo.rpc.cluster.router.condition,ConditionStateRouter,doRoute,Complex Method,"designitejava,pmd,checkstyle",dubbo-cluster/src/main/java/org/apache/dubbo/rpc/cluster/router/condition/ConditionStateRouter.java,dubbo-cluster/src/main/java/org/apache/dubbo/rpc/cluster/router/condition/ConditionStateRouter.java.ConditionStateRouter.doRoute.Complex Method,3.1.0,3.3.0,3.3.0,5
dubbo,3.1.0,org.apache.dubbo.rpc.cluster.router.condition,ConditionStateRouter,doRoute,Long Parameter List,"designitejava,checkstyle",dubbo-cluster/src/main/java/org/apache/dubbo/rpc/cluster/router/condition/ConditionStateRouter.java,dubbo-cluster/src/main/java/org/apache/dubbo/rpc/cluster/router/condition/ConditionStateRouter.java.ConditionStateRouter.doRoute.Long Parameter List,3.1.0,3.3.0,3.3.0,5
dubbo,3.1.0,org.apache.dubbo.rpc.cluster.router.condition,ConditionStateRouter,matchCondition,Complex Method,"designitejava,pmd,checkstyle",dubbo-cluster/src/main/java/org/apache/dubbo/rpc/cluster/router/condition/ConditionStateRouter.java,dubbo-cluster/src/main/java/org/apache/dubbo/rpc/cluster/router/condition/ConditionStateRouter.java.ConditionStateRouter.matchCondition.Complex Method,3.1.0,3.2.0-beta.1,3.2.0,2
dubbo,3.1.0,org.apache.dubbo.rpc.cluster.router.condition,ConditionStateRouter,parseRule,Complex Method,"designitejava,pmd,checkstyle",dubbo-cluster/src/main/java/org/apache/dubbo/rpc/cluster/router/condition/ConditionStateRouter.java,dubbo-cluster/src/main/java/org/apache/dubbo/rpc/cluster/router/condition/ConditionStateRouter.java.ConditionStateRouter.parseRule.Complex Method,3.1.0,3.3.0,3.3.0,5
dubbo,3.3.0,org.apache.dubbo.rpc.cluster.router.condition,MultiDestConditionRouter,doRoute,Complex Method,"designitejava,pmd,checkstyle",dubbo-cluster/src/main/java/org/apache/dubbo/rpc/cluster/router/condition/MultiDestConditionRouter.java,dubbo-cluster/src/main/java/org/apache/dubbo/rpc/cluster/router/condition/MultiDestConditionRouter.java.MultiDestConditionRouter.doRoute.Complex Method,3.3.0,3.3.0,3.3.0,1
dubbo,3.3.0,org.apache.dubbo.rpc.cluster.router.condition,MultiDestConditionRouter,doRoute,Long Parameter List,"designitejava,checkstyle",dubbo-cluster/src/main/java/org/apache/dubbo/rpc/cluster/router/condition/MultiDestConditionRouter.java,dubbo-cluster/src/main/java/org/apache/dubbo/rpc/cluster/router/condition/MultiDestConditionRouter.java.MultiDestConditionRouter.doRoute.Long Parameter List,3.3.0,3.3.0,3.3.0,1
dubbo,3.3.0,org.apache.dubbo.rpc.cluster.router.condition,MultiDestConditionRouter,parseRule,Complex Method,"designitejava,pmd,checkstyle",dubbo-cluster/src/main/java/org/apache/dubbo/rpc/cluster/router/condition/MultiDestConditionRouter.java,dubbo-cluster/src/main/java/org/apache/dubbo/rpc/cluster/router/condition/MultiDestConditionRouter.java.MultiDestConditionRouter.parseRule.Complex Method,3.3.0,3.3.0,3.3.0,1
dubbo,3.1.0,org.apache.dubbo.rpc.cluster.router.condition.config,ListenableStateRouter,doRoute,Long Parameter List,"designitejava,checkstyle",dubbo-cluster/src/main/java/org/apache/dubbo/rpc/cluster/router/condition/config/ListenableStateRouter.java,dubbo-cluster/src/main/java/org/apache/dubbo/rpc/cluster/router/condition/config/ListenableStateRouter.java.ListenableStateRouter.doRoute.Long Parameter List,3.1.0,3.3.0,3.3.0,5
dubbo,3.2.0,org.apache.dubbo.rpc.cluster.router.condition.matcher,AbstractConditionMatcher,isMatch,Complex Method,"designitejava,pmd,checkstyle",dubbo-cluster/src/main/java/org/apache/dubbo/rpc/cluster/router/condition/matcher/AbstractConditionMatcher.java,dubbo-cluster/src/main/java/org/apache/dubbo/rpc/cluster/router/condition/matcher/AbstractConditionMatcher.java.AbstractConditionMatcher.isMatch.Complex Method,3.2.0,3.3.0,3.3.0,3
dubbo,3.2.0,org.apache.dubbo.rpc.cluster.router.condition.matcher.pattern.range,RangeValuePattern,match,Complex Method,"designitejava,pmd,checkstyle",dubbo-cluster/src/main/java/org/apache/dubbo/rpc/cluster/router/condition/matcher/pattern/range/RangeValuePattern.java,dubbo-cluster/src/main/java/org/apache/dubbo/rpc/cluster/router/condition/matcher/pattern/range/RangeValuePattern.java.RangeValuePattern.match.Complex Method,3.2.0,3.3.0,3.3.0,3
dubbo,3.1.0,org.apache.dubbo.rpc.cluster.router.mesh.route,MeshRuleCache,build,Complex Method,"designitejava,pmd",dubbo-cluster/src/main/java/org/apache/dubbo/rpc/cluster/router/mesh/route/MeshRuleCache.java,dubbo-cluster/src/main/java/org/apache/dubbo/rpc/cluster/router/mesh/route/MeshRuleCache.java.MeshRuleCache.build.Complex Method,3.1.0,3.3.0,3.3.0,5
dubbo,3.1.0,org.apache.dubbo.rpc.cluster.router.mesh.route,MeshRuleRouter,doRoute,Complex Method,"designitejava,pmd,checkstyle",dubbo-cluster/src/main/java/org/apache/dubbo/rpc/cluster/router/mesh/route/MeshRuleRouter.java,dubbo-cluster/src/main/java/org/apache/dubbo/rpc/cluster/router/mesh/route/MeshRuleRouter.java.MeshRuleRouter.doRoute.Complex Method,3.1.0,3.3.0,3.3.0,5
dubbo,3.1.0,org.apache.dubbo.rpc.cluster.router.mesh.route,MeshRuleRouter,doRoute,Long Parameter List,"designitejava,checkstyle",dubbo-cluster/src/main/java/org/apache/dubbo/rpc/cluster/router/mesh/route/MeshRuleRouter.java,dubbo-cluster/src/main/java/org/apache/dubbo/rpc/cluster/router/mesh/route/MeshRuleRouter.java.MeshRuleRouter.doRoute.Long Parameter List,3.1.0,3.3.0,3.3.0,5
dubbo,3.0.0,org.apache.dubbo.rpc.cluster.router.mesh.rule.virtualservice,DubboMatchRequest,isMatch,Long Parameter List,"designitejava,checkstyle",dubbo-cluster/src/main/java/org/apache/dubbo/rpc/cluster/router/mesh/rule/virtualservice/DubboMatchRequest.java,dubbo-cluster/src/main/java/org/apache/dubbo/rpc/cluster/router/mesh/rule/virtualservice/DubboMatchRequest.java.DubboMatchRequest.isMatch.Long Parameter List,3.0.0,3.0.0,3.1.0,1
dubbo,3.0.0,org.apache.dubbo.rpc.cluster.router.mesh.rule.virtualservice.match,DubboAttachmentMatch,isMatch,Complex Method,"designitejava,pmd",dubbo-cluster/src/main/java/org/apache/dubbo/rpc/cluster/router/mesh/rule/virtualservice/match/DubboAttachmentMatch.java,dubbo-cluster/src/main/java/org/apache/dubbo/rpc/cluster/router/mesh/rule/virtualservice/match/DubboAttachmentMatch.java.DubboAttachmentMatch.isMatch.Complex Method,3.0.0,3.3.0,3.3.0,6
dubbo,3.0.0,org.apache.dubbo.rpc.cluster.router.mesh.rule.virtualservice.match,DubboMethodMatch,isMatch,Complex Method,"designitejava,pmd,checkstyle",dubbo-cluster/src/main/java/org/apache/dubbo/rpc/cluster/router/mesh/rule/virtualservice/match/DubboMethodMatch.java,dubbo-cluster/src/main/java/org/apache/dubbo/rpc/cluster/router/mesh/rule/virtualservice/match/DubboMethodMatch.java.DubboMethodMatch.isMatch.Complex Method,3.0.0,3.3.0,3.3.0,6
dubbo,3.0.0,org.apache.dubbo.rpc.cluster.router.mesh.rule.virtualservice.match,StringMatch,isMatch,Complex Method,"designitejava,pmd,checkstyle",dubbo-cluster/src/main/java/org/apache/dubbo/rpc/cluster/router/mesh/rule/virtualservice/match/StringMatch.java,dubbo-cluster/src/main/java/org/apache/dubbo/rpc/cluster/router/mesh/rule/virtualservice/match/StringMatch.java.StringMatch.isMatch.Complex Method,3.0.0,3.3.0,3.3.0,6
dubbo,3.1.0,org.apache.dubbo.rpc.cluster.router.mesh.util,MeshRuleDispatcher,post,Complex Method,"designitejava,pmd",dubbo-cluster/src/main/java/org/apache/dubbo/rpc/cluster/router/mesh/util/MeshRuleDispatcher.java,dubbo-cluster/src/main/java/org/apache/dubbo/rpc/cluster/router/mesh/util/MeshRuleDispatcher.java.MeshRuleDispatcher.post.Complex Method,3.1.0,3.3.0,3.3.0,5
dubbo,3.1.0,org.apache.dubbo.rpc.cluster.router.mock,MockInvokersSelector,doRoute,Complex Method,"designitejava,pmd",dubbo-cluster/src/main/java/org/apache/dubbo/rpc/cluster/router/mock/MockInvokersSelector.java,dubbo-cluster/src/main/java/org/apache/dubbo/rpc/cluster/router/mock/MockInvokersSelector.java.MockInvokersSelector.doRoute.Complex Method,3.1.0,3.3.0,3.3.0,5
dubbo,3.1.0,org.apache.dubbo.rpc.cluster.router.mock,MockInvokersSelector,doRoute,Long Parameter List,"designitejava,checkstyle",dubbo-cluster/src/main/java/org/apache/dubbo/rpc/cluster/router/mock/MockInvokersSelector.java,dubbo-cluster/src/main/java/org/apache/dubbo/rpc/cluster/router/mock/MockInvokersSelector.java.MockInvokersSelector.doRoute.Long Parameter List,3.1.0,3.3.0,3.3.0,5
dubbo,3.1.0,org.apache.dubbo.rpc.cluster.router.script,ScriptStateRouter,doRoute,Long Parameter List,"designitejava,checkstyle",dubbo-cluster/src/main/java/org/apache/dubbo/rpc/cluster/router/script/ScriptStateRouter.java,dubbo-cluster/src/main/java/org/apache/dubbo/rpc/cluster/router/script/ScriptStateRouter.java.ScriptStateRouter.doRoute.Long Parameter List,3.1.0,3.3.0,3.3.0,5
dubbo,3.2.0,org.apache.dubbo.rpc.cluster.router.script.config,AppScriptStateRouter,doRoute,Long Parameter List,"designitejava,checkstyle",dubbo-cluster/src/main/java/org/apache/dubbo/rpc/cluster/router/script/config/AppScriptStateRouter.java,dubbo-cluster/src/main/java/org/apache/dubbo/rpc/cluster/router/script/config/AppScriptStateRouter.java.AppScriptStateRouter.doRoute.Long Parameter List,3.2.0,3.3.0,3.3.0,3
dubbo,3.1.0,org.apache.dubbo.rpc.cluster.router.state,AbstractStateRouter,doRoute,Long Parameter List,"designitejava,checkstyle",dubbo-cluster/src/main/java/org/apache/dubbo/rpc/cluster/router/state/AbstractStateRouter.java,dubbo-cluster/src/main/java/org/apache/dubbo/rpc/cluster/router/state/AbstractStateRouter.java.AbstractStateRouter.doRoute.Long Parameter List,3.1.0,3.3.0,3.3.0,5
dubbo,3.1.0,org.apache.dubbo.rpc.cluster.router.state,AbstractStateRouter,route,Complex Method,"designitejava,checkstyle",dubbo-cluster/src/main/java/org/apache/dubbo/rpc/cluster/router/state/AbstractStateRouter.java,dubbo-cluster/src/main/java/org/apache/dubbo/rpc/cluster/router/state/AbstractStateRouter.java.AbstractStateRouter.route.Complex Method,3.1.0,3.3.0,3.3.0,5
dubbo,3.0.0,org.apache.dubbo.rpc.cluster.router.tag,TagDynamicStateRouter,pool,Complex Method,"designitejava,pmd,checkstyle",dubbo-cluster/src/main/java/org/apache/dubbo/rpc/cluster/router/tag/TagDynamicStateRouter.java,dubbo-cluster/src/main/java/org/apache/dubbo/rpc/cluster/router/tag/TagDynamicStateRouter.java.TagDynamicStateRouter.pool.Complex Method,3.0.0,3.0.0,3.1.0,1
dubbo,2.7.0,org.apache.dubbo.rpc.cluster.router.tag,TagRouter,route,Complex Method,"designitejava,pmd,checkstyle",dubbo-cluster/src/main/java/org/apache/dubbo/rpc/cluster/router/tag/TagRouter.java,dubbo-cluster/src/main/java/org/apache/dubbo/rpc/cluster/router/tag/TagRouter.java.TagRouter.route.Complex Method,2.7.0,3.0.0,3.1.0,2
dubbo,3.1.0,org.apache.dubbo.rpc.cluster.router.tag,TagStateRouter,doRoute,Complex Method,"designitejava,pmd,checkstyle",dubbo-cluster/src/main/java/org/apache/dubbo/rpc/cluster/router/tag/TagStateRouter.java,dubbo-cluster/src/main/java/org/apache/dubbo/rpc/cluster/router/tag/TagStateRouter.java.TagStateRouter.doRoute.Complex Method,3.1.0,3.3.0,3.3.0,5
dubbo,3.1.0,org.apache.dubbo.rpc.cluster.router.tag,TagStateRouter,doRoute,Long Parameter List,"designitejava,checkstyle",dubbo-cluster/src/main/java/org/apache/dubbo/rpc/cluster/router/tag/TagStateRouter.java,dubbo-cluster/src/main/java/org/apache/dubbo/rpc/cluster/router/tag/TagStateRouter.java.TagStateRouter.doRoute.Long Parameter List,3.1.0,3.3.0,3.3.0,5
dubbo,3.2.0,org.apache.dubbo.rpc.cluster.router.tag.model,TagRouterRule,init,Complex Method,"designitejava,pmd",dubbo-cluster/src/main/java/org/apache/dubbo/rpc/cluster/router/tag/model/TagRouterRule.java,dubbo-cluster/src/main/java/org/apache/dubbo/rpc/cluster/router/tag/model/TagRouterRule.java.TagRouterRule.init.Complex Method,3.2.0,3.3.0,3.3.0,3
dubbo,2.7.0,org.apache.dubbo.rpc.cluster.support,AbstractClusterInvoker,reselect,Complex Method,"designitejava,pmd,checkstyle",dubbo-cluster/src/main/java/org/apache/dubbo/rpc/cluster/support/AbstractClusterInvoker.java,dubbo-cluster/src/main/java/org/apache/dubbo/rpc/cluster/support/AbstractClusterInvoker.java.AbstractClusterInvoker.reselect.Complex Method,2.7.0,3.3.0,3.3.0,7
dubbo,3.0.0,org.apache.dubbo.rpc.cluster.support,BroadcastClusterInvoker,doInvoke,Complex Method,"designitejava,pmd,checkstyle",dubbo-cluster/src/main/java/org/apache/dubbo/rpc/cluster/support/BroadcastClusterInvoker.java,dubbo-cluster/src/main/java/org/apache/dubbo/rpc/cluster/support/BroadcastClusterInvoker.java.BroadcastClusterInvoker.doInvoke.Complex Method,3.0.0,3.3.0,3.3.0,6
dubbo,2.7.0,org.apache.dubbo.rpc.cluster.support,ClusterUtils,mergeUrl,Complex Method,"designitejava,pmd,checkstyle",dubbo-cluster/src/main/java/org/apache/dubbo/rpc/cluster/support/ClusterUtils.java,dubbo-cluster/src/main/java/org/apache/dubbo/rpc/cluster/support/ClusterUtils.java.ClusterUtils.mergeUrl.Complex Method,2.7.0,2.7.0,3.0.0,1
dubbo,2.7.0,org.apache.dubbo.rpc.cluster.support,MergeableClusterInvoker,doInvoke,Complex Method,"designitejava,pmd,checkstyle",dubbo-cluster/src/main/java/org/apache/dubbo/rpc/cluster/support/MergeableClusterInvoker.java,dubbo-cluster/src/main/java/org/apache/dubbo/rpc/cluster/support/MergeableClusterInvoker.java.MergeableClusterInvoker.doInvoke.Complex Method,2.7.0,3.3.0,3.3.0,7
dubbo,3.0.0,org.apache.dubbo.rpc.cluster.support.merger,DefaultProviderURLMergeProcessor,mergeUrl,Complex Method,"designitejava,pmd,checkstyle",dubbo-cluster/src/main/java/org/apache/dubbo/rpc/cluster/support/merger/DefaultProviderURLMergeProcessor.java,dubbo-cluster/src/main/java/org/apache/dubbo/rpc/cluster/support/merger/DefaultProviderURLMergeProcessor.java.DefaultProviderURLMergeProcessor.mergeUrl.Complex Method,3.0.0,3.3.0,3.3.0,6
dubbo,3.0.0,org.apache.dubbo.rpc.cluster.support.registry,ZoneAwareClusterInvoker,doInvoke,Complex Method,"designitejava,pmd,checkstyle",dubbo-cluster/src/main/java/org/apache/dubbo/rpc/cluster/support/registry/ZoneAwareClusterInvoker.java,dubbo-cluster/src/main/java/org/apache/dubbo/rpc/cluster/support/registry/ZoneAwareClusterInvoker.java.ZoneAwareClusterInvoker.doInvoke.Complex Method,3.0.0,3.3.0,3.3.0,6
dubbo,2.0.7,com.alibaba.dubbo.common,ExtensionLoader,,God Class,"pmd,checkstyle",dubbo-common/src/main/java/com/alibaba/dubbo/common/ExtensionLoader.java,dubbo-common/src/main/java/com/alibaba/dubbo/common/ExtensionLoader.java.ExtensionLoader..God Class,2.0.7,2.0.7,2.1.0,1
dubbo,2.0.7,com.alibaba.dubbo.common,ExtensionLoader,createAdaptiveExtensionClass,Complex Method,"designitejava,pmd,checkstyle",dubbo-common/src/main/java/com/alibaba/dubbo/common/ExtensionLoader.java,dubbo-common/src/main/java/com/alibaba/dubbo/common/ExtensionLoader.java.ExtensionLoader.createAdaptiveExtensionClass.Complex Method,2.0.7,2.0.7,2.1.0,1
dubbo,2.0.7,com.alibaba.dubbo.common,ExtensionLoader,loadExtensionClasses,Complex Method,"designitejava,pmd,checkstyle",dubbo-common/src/main/java/com/alibaba/dubbo/common/ExtensionLoader.java,dubbo-common/src/main/java/com/alibaba/dubbo/common/ExtensionLoader.java.ExtensionLoader.loadExtensionClasses.Complex Method,2.0.7,2.0.7,2.1.0,1
dubbo,2.0.7,com.alibaba.dubbo.common,URL,,God Class,"pmd,checkstyle",dubbo-common/src/main/java/com/alibaba/dubbo/common/URL.java,dubbo-common/src/main/java/com/alibaba/dubbo/common/URL.java.URL..God Class,2.0.7,2.6.0,2.7.0,7
dubbo,2.1.0,com.alibaba.dubbo.common,URL,buildParameters,Complex Method,"pmd,checkstyle",dubbo-common/src/main/java/com/alibaba/dubbo/common/URL.java,dubbo-common/src/main/java/com/alibaba/dubbo/common/URL.java.URL.buildParameters.Complex Method,2.1.0,2.6.0,2.7.0,6
dubbo,2.0.7,com.alibaba.dubbo.common,URL,buildString,Complex Method,"designitejava,pmd,checkstyle",dubbo-common/src/main/java/com/alibaba/dubbo/common/URL.java,dubbo-common/src/main/java/com/alibaba/dubbo/common/URL.java.URL.buildString.Complex Method,2.0.7,2.6.0,2.7.0,7
dubbo,2.0.7,com.alibaba.dubbo.common,URL,equals,Complex Method,"designitejava,pmd,checkstyle",dubbo-common/src/main/java/com/alibaba/dubbo/common/URL.java,dubbo-common/src/main/java/com/alibaba/dubbo/common/URL.java.URL.equals.Complex Method,2.0.7,2.6.0,2.7.0,7
dubbo,2.0.7,com.alibaba.dubbo.common,URL,valueOf,Complex Method,"designitejava,pmd,checkstyle",dubbo-common/src/main/java/com/alibaba/dubbo/common/URL.java,dubbo-common/src/main/java/com/alibaba/dubbo/common/URL.java.URL.valueOf.Complex Method,2.0.7,2.6.0,2.7.0,7
dubbo,2.0.7,com.alibaba.dubbo.common,Version,getVersion,Complex Method,"designitejava,pmd,checkstyle",dubbo-common/src/main/java/com/alibaba/dubbo/common/Version.java,dubbo-common/src/main/java/com/alibaba/dubbo/common/Version.java.Version.getVersion.Complex Method,2.0.7,2.6.0,2.7.0,7
dubbo,2.6.0,com.alibaba.dubbo.common.beanutil,JavaBeanSerializeUtil,,God Class,"pmd,checkstyle",dubbo-common/src/main/java/com/alibaba/dubbo/common/beanutil/JavaBeanSerializeUtil.java,dubbo-common/src/main/java/com/alibaba/dubbo/common/beanutil/JavaBeanSerializeUtil.java.JavaBeanSerializeUtil..God Class,2.6.0,2.6.0,2.7.0,1
dubbo,2.6.0,com.alibaba.dubbo.common.beanutil,JavaBeanSerializeUtil,deserializeInternal,Complex Method,"designitejava,pmd,checkstyle",dubbo-common/src/main/java/com/alibaba/dubbo/common/beanutil/JavaBeanSerializeUtil.java,dubbo-common/src/main/java/com/alibaba/dubbo/common/beanutil/JavaBeanSerializeUtil.java.JavaBeanSerializeUtil.deserializeInternal.Complex Method,2.6.0,2.6.0,2.7.0,1
dubbo,2.6.0,com.alibaba.dubbo.common.beanutil,JavaBeanSerializeUtil,getConstructorArg,Complex Method,"designitejava,pmd,checkstyle",dubbo-common/src/main/java/com/alibaba/dubbo/common/beanutil/JavaBeanSerializeUtil.java,dubbo-common/src/main/java/com/alibaba/dubbo/common/beanutil/JavaBeanSerializeUtil.java.JavaBeanSerializeUtil.getConstructorArg.Complex Method,2.6.0,2.6.0,2.7.0,1
dubbo,2.6.0,com.alibaba.dubbo.common.beanutil,JavaBeanSerializeUtil,instantiateForDeserialize,Complex Method,"pmd,checkstyle",dubbo-common/src/main/java/com/alibaba/dubbo/common/beanutil/JavaBeanSerializeUtil.java,dubbo-common/src/main/java/com/alibaba/dubbo/common/beanutil/JavaBeanSerializeUtil.java.JavaBeanSerializeUtil.instantiateForDeserialize.Complex Method,2.6.0,2.6.0,2.7.0,1
dubbo,2.6.0,com.alibaba.dubbo.common.beanutil,JavaBeanSerializeUtil,serializeInternal,Complex Method,"designitejava,pmd,checkstyle",dubbo-common/src/main/java/com/alibaba/dubbo/common/beanutil/JavaBeanSerializeUtil.java,dubbo-common/src/main/java/com/alibaba/dubbo/common/beanutil/JavaBeanSerializeUtil.java.JavaBeanSerializeUtil.serializeInternal.Complex Method,2.6.0,2.6.0,2.7.0,1
dubbo,2.0.7,com.alibaba.dubbo.common.bytecode,ClassGenerator,,God Class,"pmd,checkstyle",dubbo-common/src/main/java/com/alibaba/dubbo/common/bytecode/ClassGenerator.java,dubbo-common/src/main/java/com/alibaba/dubbo/common/bytecode/ClassGenerator.java.ClassGenerator..God Class,2.0.7,2.6.0,2.7.0,7
dubbo,2.0.7,com.alibaba.dubbo.common.bytecode,ClassGenerator,addMethod,Long Parameter List,"designitejava,checkstyle",dubbo-common/src/main/java/com/alibaba/dubbo/common/bytecode/ClassGenerator.java,dubbo-common/src/main/java/com/alibaba/dubbo/common/bytecode/ClassGenerator.java.ClassGenerator.addMethod.Long Parameter List,2.0.7,2.6.0,2.7.0,7
dubbo,2.0.7,com.alibaba.dubbo.common.bytecode,ClassGenerator,toClass,Complex Method,"designitejava,pmd,checkstyle",dubbo-common/src/main/java/com/alibaba/dubbo/common/bytecode/ClassGenerator.java,dubbo-common/src/main/java/com/alibaba/dubbo/common/bytecode/ClassGenerator.java.ClassGenerator.toClass.Complex Method,2.0.7,2.6.0,2.7.0,7
dubbo,2.0.7,com.alibaba.dubbo.common.bytecode,Mixin,mixin,Complex Method,"designitejava,pmd,checkstyle",dubbo-common/src/main/java/com/alibaba/dubbo/common/bytecode/Mixin.java,dubbo-common/src/main/java/com/alibaba/dubbo/common/bytecode/Mixin.java.Mixin.mixin.Complex Method,2.0.7,2.6.0,2.7.0,7
dubbo,2.0.7,com.alibaba.dubbo.common.bytecode,Proxy,asArgument,Complex Method,"designitejava,pmd",dubbo-common/src/main/java/com/alibaba/dubbo/common/bytecode/Proxy.java,dubbo-common/src/main/java/com/alibaba/dubbo/common/bytecode/Proxy.java.Proxy.asArgument.Complex Method,2.0.7,2.6.0,2.7.0,7
dubbo,2.0.7,com.alibaba.dubbo.common.bytecode,Proxy,getProxy,Complex Method,"designitejava,pmd,checkstyle",dubbo-common/src/main/java/com/alibaba/dubbo/common/bytecode/Proxy.java,dubbo-common/src/main/java/com/alibaba/dubbo/common/bytecode/Proxy.java.Proxy.getProxy.Complex Method,2.0.7,2.6.0,2.7.0,7
dubbo,2.0.7,com.alibaba.dubbo.common.bytecode,Wrapper,arg,Complex Method,"designitejava,pmd",dubbo-common/src/main/java/com/alibaba/dubbo/common/bytecode/Wrapper.java,dubbo-common/src/main/java/com/alibaba/dubbo/common/bytecode/Wrapper.java.Wrapper.arg.Complex Method,2.0.7,2.6.0,2.7.0,7
dubbo,2.0.7,com.alibaba.dubbo.common.bytecode,Wrapper,makeWrapper,Complex Method,"designitejava,pmd,checkstyle",dubbo-common/src/main/java/com/alibaba/dubbo/common/bytecode/Wrapper.java,dubbo-common/src/main/java/com/alibaba/dubbo/common/bytecode/Wrapper.java.Wrapper.makeWrapper.Complex Method,2.0.7,2.6.0,2.7.0,7
dubbo,2.1.0,com.alibaba.dubbo.common.compiler.support,ClassUtils,,God Class,"pmd,checkstyle",dubbo-common/src/main/java/com/alibaba/dubbo/common/compiler/support/ClassUtils.java,dubbo-common/src/main/java/com/alibaba/dubbo/common/compiler/support/ClassUtils.java.ClassUtils..God Class,2.1.0,2.6.0,2.7.0,6
dubbo,2.1.0,com.alibaba.dubbo.common.compiler.support,ClassUtils,_forName,Complex Method,"designitejava,pmd,checkstyle",dubbo-common/src/main/java/com/alibaba/dubbo/common/compiler/support/ClassUtils.java,dubbo-common/src/main/java/com/alibaba/dubbo/common/compiler/support/ClassUtils.java.ClassUtils._forName.Complex Method,2.1.0,2.6.0,2.7.0,6
dubbo,2.1.0,com.alibaba.dubbo.common.compiler.support,ClassUtils,searchMethod,Complex Method,"designitejava,pmd,checkstyle",dubbo-common/src/main/java/com/alibaba/dubbo/common/compiler/support/ClassUtils.java,dubbo-common/src/main/java/com/alibaba/dubbo/common/compiler/support/ClassUtils.java.ClassUtils.searchMethod.Complex Method,2.1.0,2.6.0,2.7.0,6
dubbo,2.1.0,com.alibaba.dubbo.common.compiler.support,JavassistCompiler,doCompile,Complex Method,"designitejava,pmd,checkstyle",dubbo-common/src/main/java/com/alibaba/dubbo/common/compiler/support/JavassistCompiler.java,dubbo-common/src/main/java/com/alibaba/dubbo/common/compiler/support/JavassistCompiler.java.JavassistCompiler.doCompile.Complex Method,2.1.0,2.6.0,2.7.0,6
dubbo,2.1.0,com.alibaba.dubbo.common.extension,ExtensionLoader,,God Class,"pmd,checkstyle",dubbo-common/src/main/java/com/alibaba/dubbo/common/extension/ExtensionLoader.java,dubbo-common/src/main/java/com/alibaba/dubbo/common/extension/ExtensionLoader.java.ExtensionLoader..God Class,2.1.0,2.6.0,2.7.0,6
dubbo,2.1.0,com.alibaba.dubbo.common.extension,ExtensionLoader,createAdaptiveExtensionClassCode,Complex Method,"designitejava,pmd,checkstyle",dubbo-common/src/main/java/com/alibaba/dubbo/common/extension/ExtensionLoader.java,dubbo-common/src/main/java/com/alibaba/dubbo/common/extension/ExtensionLoader.java.ExtensionLoader.createAdaptiveExtensionClassCode.Complex Method,2.1.0,2.6.0,2.7.0,6
dubbo,2.1.0,com.alibaba.dubbo.common.extension,ExtensionLoader,loadFile,Complex Method,"designitejava,pmd,checkstyle",dubbo-common/src/main/java/com/alibaba/dubbo/common/extension/ExtensionLoader.java,dubbo-common/src/main/java/com/alibaba/dubbo/common/extension/ExtensionLoader.java.ExtensionLoader.loadFile.Complex Method,2.1.0,2.6.0,2.7.0,6
dubbo,2.2.0,com.alibaba.dubbo.common.extension.support,ActivateComparator,compare,Complex Method,"designitejava,pmd,checkstyle",dubbo-common/src/main/java/com/alibaba/dubbo/common/extension/support/ActivateComparator.java,dubbo-common/src/main/java/com/alibaba/dubbo/common/extension/support/ActivateComparator.java.ActivateComparator.compare.Complex Method,2.2.0,2.6.0,2.7.0,5
dubbo,2.0.7,com.alibaba.dubbo.common.io,Bytes,,God Class,"pmd,checkstyle",dubbo-common/src/main/java/com/alibaba/dubbo/common/io/Bytes.java,dubbo-common/src/main/java/com/alibaba/dubbo/common/io/Bytes.java.Bytes..God Class,2.0.7,2.6.0,2.7.0,7
dubbo,2.0.7,com.alibaba.dubbo.common.io,Bytes,base642bytes,Complex Method,"designitejava,pmd,checkstyle",dubbo-common/src/main/java/com/alibaba/dubbo/common/io/Bytes.java,dubbo-common/src/main/java/com/alibaba/dubbo/common/io/Bytes.java.Bytes.base642bytes.Complex Method,2.0.7,2.6.0,2.7.0,7
dubbo,2.0.7,com.alibaba.dubbo.common.io,Bytes,bytes2base64,Complex Method,"designitejava,checkstyle",dubbo-common/src/main/java/com/alibaba/dubbo/common/io/Bytes.java,dubbo-common/src/main/java/com/alibaba/dubbo/common/io/Bytes.java.Bytes.bytes2base64.Complex Method,2.0.7,2.6.0,2.7.0,7
dubbo,2.0.7,com.alibaba.dubbo.common.io,StreamUtils,limitedInputStream,Complex Method,"designitejava,pmd",dubbo-common/src/main/java/com/alibaba/dubbo/common/io/StreamUtils.java,dubbo-common/src/main/java/com/alibaba/dubbo/common/io/StreamUtils.java.StreamUtils.limitedInputStream.Complex Method,2.0.7,2.6.0,2.7.0,7
dubbo,2.0.7,com.alibaba.dubbo.common.io,StreamUtils,markSupportedInputStream,Complex Method,"designitejava,pmd",dubbo-common/src/main/java/com/alibaba/dubbo/common/io/StreamUtils.java,dubbo-common/src/main/java/com/alibaba/dubbo/common/io/StreamUtils.java.StreamUtils.markSupportedInputStream.Complex Method,2.0.7,2.6.0,2.7.0,7
dubbo,2.0.7,com.alibaba.dubbo.common.io,StreamUtils,read,Complex Method,"designitejava,pmd",dubbo-common/src/main/java/com/alibaba/dubbo/common/io/StreamUtils.java,dubbo-common/src/main/java/com/alibaba/dubbo/common/io/StreamUtils.java.StreamUtils.read.Complex Method,2.0.7,2.6.0,2.7.0,7
dubbo,2.0.7,com.alibaba.dubbo.common.json,GenericJSONConverter,writeValue,Complex Method,"designitejava,pmd,checkstyle",dubbo-common/src/main/java/com/alibaba/dubbo/common/json/GenericJSONConverter.java,dubbo-common/src/main/java/com/alibaba/dubbo/common/json/GenericJSONConverter.java.GenericJSONConverter.writeValue.Complex Method,2.0.7,2.6.0,2.7.0,7
dubbo,2.0.7,com.alibaba.dubbo.common.json,J2oVisitor,,God Class,"pmd,checkstyle",dubbo-common/src/main/java/com/alibaba/dubbo/common/json/J2oVisitor.java,dubbo-common/src/main/java/com/alibaba/dubbo/common/json/J2oVisitor.java.J2oVisitor..God Class,2.0.7,2.6.0,2.7.0,7
dubbo,2.0.7,com.alibaba.dubbo.common.json,J2oVisitor,arrayEnd,Complex Method,"designitejava,pmd,checkstyle",dubbo-common/src/main/java/com/alibaba/dubbo/common/json/J2oVisitor.java,dubbo-common/src/main/java/com/alibaba/dubbo/common/json/J2oVisitor.java.J2oVisitor.arrayEnd.Complex Method,2.0.7,2.6.0,2.7.0,7
dubbo,2.0.7,com.alibaba.dubbo.common.json,J2oVisitor,objectItemValue,Complex Method,"pmd,checkstyle",dubbo-common/src/main/java/com/alibaba/dubbo/common/json/J2oVisitor.java,dubbo-common/src/main/java/com/alibaba/dubbo/common/json/J2oVisitor.java.J2oVisitor.objectItemValue.Complex Method,2.0.7,2.6.0,2.7.0,7
dubbo,2.0.7,com.alibaba.dubbo.common.json,J2oVisitor,toArray,Complex Method,"designitejava,pmd,checkstyle",dubbo-common/src/main/java/com/alibaba/dubbo/common/json/J2oVisitor.java,dubbo-common/src/main/java/com/alibaba/dubbo/common/json/J2oVisitor.java.J2oVisitor.toArray.Complex Method,2.0.7,2.6.0,2.7.0,7
dubbo,2.0.7,com.alibaba.dubbo.common.json,JSON,,God Class,"pmd,checkstyle",dubbo-common/src/main/java/com/alibaba/dubbo/common/json/JSON.java,dubbo-common/src/main/java/com/alibaba/dubbo/common/json/JSON.java.JSON..God Class,2.0.7,2.6.0,2.7.0,7
dubbo,2.0.7,com.alibaba.dubbo.common.json,JSON,parse,Complex Method,"designitejava,pmd,checkstyle",dubbo-common/src/main/java/com/alibaba/dubbo/common/json/JSON.java,dubbo-common/src/main/java/com/alibaba/dubbo/common/json/JSON.java.JSON.parse.Complex Method,2.0.7,2.6.0,2.7.0,7
dubbo,2.0.7,com.alibaba.dubbo.common.json,JSONToken,token2string,Complex Method,"designitejava,checkstyle",dubbo-common/src/main/java/com/alibaba/dubbo/common/json/JSONToken.java,dubbo-common/src/main/java/com/alibaba/dubbo/common/json/JSONToken.java.JSONToken.token2string.Complex Method,2.0.7,2.6.0,2.7.0,7
dubbo,2.0.7,com.alibaba.dubbo.common.json,JSONWriter,escape,Complex Method,"designitejava,pmd",dubbo-common/src/main/java/com/alibaba/dubbo/common/json/JSONWriter.java,dubbo-common/src/main/java/com/alibaba/dubbo/common/json/JSONWriter.java.JSONWriter.escape.Complex Method,2.0.7,2.6.0,2.7.0,7
dubbo,2.0.7,com.alibaba.dubbo.common.json,Yylex,,God Class,"pmd,checkstyle",dubbo-common/src/main/java/com/alibaba/dubbo/common/json/Yylex.java,dubbo-common/src/main/java/com/alibaba/dubbo/common/json/Yylex.java.Yylex..God Class,2.0.7,2.6.0,2.7.0,7
dubbo,2.0.7,com.alibaba.dubbo.common.json,Yylex,yylex,Complex Method,"designitejava,pmd,checkstyle",dubbo-common/src/main/java/com/alibaba/dubbo/common/json/Yylex.java,dubbo-common/src/main/java/com/alibaba/dubbo/common/json/Yylex.java.Yylex.yylex.Complex Method,2.0.7,2.6.0,2.7.0,7
dubbo,2.0.7,com.alibaba.dubbo.common.serialize.support.dubbo,Builder,,God Class,"pmd,checkstyle",dubbo-common/src/main/java/com/alibaba/dubbo/common/serialize/support/dubbo/Builder.java,dubbo-common/src/main/java/com/alibaba/dubbo/common/serialize/support/dubbo/Builder.java.Builder..God Class,2.0.7,2.6.0,2.7.0,7
dubbo,2.0.7,com.alibaba.dubbo.common.serialize.support.dubbo,Builder,newArrayBuilder,Complex Method,"designitejava,pmd,checkstyle",dubbo-common/src/main/java/com/alibaba/dubbo/common/serialize/support/dubbo/Builder.java,dubbo-common/src/main/java/com/alibaba/dubbo/common/serialize/support/dubbo/Builder.java.Builder.newArrayBuilder.Complex Method,2.0.7,2.6.0,2.7.0,7
dubbo,2.0.7,com.alibaba.dubbo.common.serialize.support.dubbo,Builder,newObjectBuilder,Complex Method,"designitejava,pmd,checkstyle",dubbo-common/src/main/java/com/alibaba/dubbo/common/serialize/support/dubbo/Builder.java,dubbo-common/src/main/java/com/alibaba/dubbo/common/serialize/support/dubbo/Builder.java.Builder.newObjectBuilder.Complex Method,2.0.7,2.6.0,2.7.0,7
dubbo,2.0.7,com.alibaba.dubbo.common.serialize.support.dubbo,Builder,propertyMetadatas,Complex Method,"designitejava,pmd,checkstyle",dubbo-common/src/main/java/com/alibaba/dubbo/common/serialize/support/dubbo/Builder.java,dubbo-common/src/main/java/com/alibaba/dubbo/common/serialize/support/dubbo/Builder.java.Builder.propertyMetadatas.Complex Method,2.0.7,2.6.0,2.7.0,7
dubbo,2.0.7,com.alibaba.dubbo.common.serialize.support.dubbo,GenericDataInput,,God Class,"pmd,checkstyle",dubbo-common/src/main/java/com/alibaba/dubbo/common/serialize/support/dubbo/GenericDataInput.java,dubbo-common/src/main/java/com/alibaba/dubbo/common/serialize/support/dubbo/GenericDataInput.java.GenericDataInput..God Class,2.0.7,2.6.0,2.7.0,7
dubbo,2.0.7,com.alibaba.dubbo.common.serialize.support.dubbo,GenericDataInput,readByte,Complex Method,"designitejava,checkstyle",dubbo-common/src/main/java/com/alibaba/dubbo/common/serialize/support/dubbo/GenericDataInput.java,dubbo-common/src/main/java/com/alibaba/dubbo/common/serialize/support/dubbo/GenericDataInput.java.GenericDataInput.readByte.Complex Method,2.0.7,2.6.0,2.7.0,7
dubbo,2.0.7,com.alibaba.dubbo.common.serialize.support.dubbo,GenericDataInput,readVarint32,Complex Method,"designitejava,checkstyle",dubbo-common/src/main/java/com/alibaba/dubbo/common/serialize/support/dubbo/GenericDataInput.java,dubbo-common/src/main/java/com/alibaba/dubbo/common/serialize/support/dubbo/GenericDataInput.java.GenericDataInput.readVarint32.Complex Method,2.0.7,2.6.0,2.7.0,7
dubbo,2.0.7,com.alibaba.dubbo.common.serialize.support.dubbo,GenericDataInput,readVarint64,Complex Method,"designitejava,checkstyle",dubbo-common/src/main/java/com/alibaba/dubbo/common/serialize/support/dubbo/GenericDataInput.java,dubbo-common/src/main/java/com/alibaba/dubbo/common/serialize/support/dubbo/GenericDataInput.java.GenericDataInput.readVarint64.Complex Method,2.0.7,2.6.0,2.7.0,7
dubbo,2.0.7,com.alibaba.dubbo.common.serialize.support.dubbo,GenericDataOutput,,God Class,"pmd,checkstyle",dubbo-common/src/main/java/com/alibaba/dubbo/common/serialize/support/dubbo/GenericDataOutput.java,dubbo-common/src/main/java/com/alibaba/dubbo/common/serialize/support/dubbo/GenericDataOutput.java.GenericDataOutput..God Class,2.0.7,2.6.0,2.7.0,7
dubbo,2.0.7,com.alibaba.dubbo.common.serialize.support.dubbo,GenericDataOutput,writeByte,Complex Method,"designitejava,checkstyle",dubbo-common/src/main/java/com/alibaba/dubbo/common/serialize/support/dubbo/GenericDataOutput.java,dubbo-common/src/main/java/com/alibaba/dubbo/common/serialize/support/dubbo/GenericDataOutput.java.GenericDataOutput.writeByte.Complex Method,2.0.7,2.6.0,2.7.0,7
dubbo,2.0.7,com.alibaba.dubbo.common.serialize.support.dubbo,GenericDataOutput,writeUTF,Complex Method,"designitejava,pmd",dubbo-common/src/main/java/com/alibaba/dubbo/common/serialize/support/dubbo/GenericDataOutput.java,dubbo-common/src/main/java/com/alibaba/dubbo/common/serialize/support/dubbo/GenericDataOutput.java.GenericDataOutput.writeUTF.Complex Method,2.0.7,2.6.0,2.7.0,7
dubbo,2.0.7,com.alibaba.dubbo.common.serialize.support.dubbo,GenericDataOutput,writeVarint32,Complex Method,"designitejava,pmd,checkstyle",dubbo-common/src/main/java/com/alibaba/dubbo/common/serialize/support/dubbo/GenericDataOutput.java,dubbo-common/src/main/java/com/alibaba/dubbo/common/serialize/support/dubbo/GenericDataOutput.java.GenericDataOutput.writeVarint32.Complex Method,2.0.7,2.6.0,2.7.0,7
dubbo,2.0.7,com.alibaba.dubbo.common.serialize.support.dubbo,GenericObjectInput,skipAny,Complex Method,"designitejava,pmd,checkstyle",dubbo-common/src/main/java/com/alibaba/dubbo/common/serialize/support/dubbo/GenericObjectInput.java,dubbo-common/src/main/java/com/alibaba/dubbo/common/serialize/support/dubbo/GenericObjectInput.java.GenericObjectInput.skipAny.Complex Method,2.0.7,2.6.0,2.7.0,7
dubbo,2.0.7,com.alibaba.dubbo.common.utils,CompatibleTypeUtils,convertIntegerLikeType,Complex Method,"designitejava,pmd,checkstyle",dubbo-common/src/main/java/com/alibaba/dubbo/common/utils/CompatibleTypeUtils.java,dubbo-common/src/main/java/com/alibaba/dubbo/common/utils/CompatibleTypeUtils.java.CompatibleTypeUtils.convertIntegerLikeType.Complex Method,2.0.7,2.0.7,2.1.0,1
dubbo,2.1.0,com.alibaba.dubbo.common.utils,ConfigUtils,loadProperties,Complex Method,"designitejava,pmd,checkstyle",dubbo-common/src/main/java/com/alibaba/dubbo/common/utils/ConfigUtils.java,dubbo-common/src/main/java/com/alibaba/dubbo/common/utils/ConfigUtils.java.ConfigUtils.loadProperties.Complex Method,2.1.0,2.6.0,2.7.0,6
dubbo,2.1.0,com.alibaba.dubbo.common.utils,ConfigUtils,loadProperties,Feature Envy,"designitejava,checkstyle",dubbo-common/src/main/java/com/alibaba/dubbo/common/utils/ConfigUtils.java,dubbo-common/src/main/java/com/alibaba/dubbo/common/utils/ConfigUtils.java.ConfigUtils.loadProperties.Feature Envy,2.1.0,2.6.0,2.7.0,6
dubbo,2.0.7,com.alibaba.dubbo.common.utils,ConfigUtils,mergeValues,Complex Method,"designitejava,pmd,checkstyle",dubbo-common/src/main/java/com/alibaba/dubbo/common/utils/ConfigUtils.java,dubbo-common/src/main/java/com/alibaba/dubbo/common/utils/ConfigUtils.java.ConfigUtils.mergeValues.Complex Method,2.0.7,2.6.0,2.7.0,7
dubbo,2.6.0,com.alibaba.dubbo.common.utils,JVMUtil,getThreadDumpString,Complex Method,"designitejava,pmd,checkstyle",dubbo-common/src/main/java/com/alibaba/dubbo/common/utils/JVMUtil.java,dubbo-common/src/main/java/com/alibaba/dubbo/common/utils/JVMUtil.java.JVMUtil.getThreadDumpString.Complex Method,2.6.0,2.6.0,2.7.0,1
dubbo,2.0.7,com.alibaba.dubbo.common.utils,Log,equals,Complex Method,"designitejava,pmd,checkstyle",dubbo-common/src/main/java/com/alibaba/dubbo/common/utils/Log.java,dubbo-common/src/main/java/com/alibaba/dubbo/common/utils/Log.java.Log.equals.Complex Method,2.0.7,2.6.0,2.7.0,7
dubbo,2.0.7,com.alibaba.dubbo.common.utils,NetUtils,getLocalAddress0,Complex Method,"pmd,checkstyle",dubbo-common/src/main/java/com/alibaba/dubbo/common/utils/NetUtils.java,dubbo-common/src/main/java/com/alibaba/dubbo/common/utils/NetUtils.java.NetUtils.getLocalAddress0.Complex Method,2.0.7,2.6.0,2.7.0,7
dubbo,2.0.7,com.alibaba.dubbo.common.utils,NetUtils,getLocalAddress0,Feature Envy,"designitejava,checkstyle",dubbo-common/src/main/java/com/alibaba/dubbo/common/utils/NetUtils.java,dubbo-common/src/main/java/com/alibaba/dubbo/common/utils/NetUtils.java.NetUtils.getLocalAddress0.Feature Envy,2.0.7,2.6.0,2.7.0,7
dubbo,2.0.7,com.alibaba.dubbo.common.utils,PojoUtils,,God Class,"pmd,checkstyle",dubbo-common/src/main/java/com/alibaba/dubbo/common/utils/PojoUtils.java,dubbo-common/src/main/java/com/alibaba/dubbo/common/utils/PojoUtils.java.PojoUtils..God Class,2.0.7,2.6.0,2.7.0,7
dubbo,2.4.0,com.alibaba.dubbo.common.utils,PojoUtils,createMap,Complex Method,"designitejava,pmd,checkstyle",dubbo-common/src/main/java/com/alibaba/dubbo/common/utils/PojoUtils.java,dubbo-common/src/main/java/com/alibaba/dubbo/common/utils/PojoUtils.java.PojoUtils.createMap.Complex Method,2.4.0,2.6.0,2.7.0,3
dubbo,2.0.7,com.alibaba.dubbo.common.utils,PojoUtils,generalize,Complex Method,"designitejava,pmd,checkstyle",dubbo-common/src/main/java/com/alibaba/dubbo/common/utils/PojoUtils.java,dubbo-common/src/main/java/com/alibaba/dubbo/common/utils/PojoUtils.java.PojoUtils.generalize.Complex Method,2.0.7,2.6.0,2.7.0,7
dubbo,2.0.7,com.alibaba.dubbo.common.utils,PojoUtils,newInstance,Complex Method,"pmd,checkstyle",dubbo-common/src/main/java/com/alibaba/dubbo/common/utils/PojoUtils.java,dubbo-common/src/main/java/com/alibaba/dubbo/common/utils/PojoUtils.java.PojoUtils.newInstance.Complex Method,2.0.7,2.6.0,2.7.0,7
dubbo,2.0.7,com.alibaba.dubbo.common.utils,PojoUtils,realize,Complex Method,"designitejava,pmd,checkstyle",dubbo-common/src/main/java/com/alibaba/dubbo/common/utils/PojoUtils.java,dubbo-common/src/main/java/com/alibaba/dubbo/common/utils/PojoUtils.java.PojoUtils.realize.Complex Method,2.0.7,2.1.0,2.2.0,2
dubbo,2.2.0,com.alibaba.dubbo.common.utils,PojoUtils,realize0,Complex Method,"designitejava,pmd,checkstyle",dubbo-common/src/main/java/com/alibaba/dubbo/common/utils/PojoUtils.java,dubbo-common/src/main/java/com/alibaba/dubbo/common/utils/PojoUtils.java.PojoUtils.realize0.Complex Method,2.2.0,2.6.0,2.7.0,5
dubbo,2.0.7,com.alibaba.dubbo.common.utils,ReflectUtils,,God Class,"pmd,checkstyle",dubbo-common/src/main/java/com/alibaba/dubbo/common/utils/ReflectUtils.java,dubbo-common/src/main/java/com/alibaba/dubbo/common/utils/ReflectUtils.java.ReflectUtils..God Class,2.0.7,2.6.0,2.7.0,7
dubbo,2.0.7,com.alibaba.dubbo.common.utils,ReflectUtils,desc2class,Complex Method,"designitejava,checkstyle",dubbo-common/src/main/java/com/alibaba/dubbo/common/utils/ReflectUtils.java,dubbo-common/src/main/java/com/alibaba/dubbo/common/utils/ReflectUtils.java.ReflectUtils.desc2class.Complex Method,2.0.7,2.6.0,2.7.0,7
dubbo,2.0.7,com.alibaba.dubbo.common.utils,ReflectUtils,desc2name,Complex Method,"designitejava,checkstyle",dubbo-common/src/main/java/com/alibaba/dubbo/common/utils/ReflectUtils.java,dubbo-common/src/main/java/com/alibaba/dubbo/common/utils/ReflectUtils.java.ReflectUtils.desc2name.Complex Method,2.0.7,2.6.0,2.7.0,7
dubbo,2.4.0,com.alibaba.dubbo.common.utils,ReflectUtils,findMethodByMethodSignature,Complex Method,"designitejava,pmd",dubbo-common/src/main/java/com/alibaba/dubbo/common/utils/ReflectUtils.java,dubbo-common/src/main/java/com/alibaba/dubbo/common/utils/ReflectUtils.java.ReflectUtils.findMethodByMethodSignature.Complex Method,2.4.0,2.6.0,2.7.0,3
dubbo,2.0.7,com.alibaba.dubbo.common.utils,ReflectUtils,getDesc,Complex Method,"designitejava,checkstyle",dubbo-common/src/main/java/com/alibaba/dubbo/common/utils/ReflectUtils.java,dubbo-common/src/main/java/com/alibaba/dubbo/common/utils/ReflectUtils.java.ReflectUtils.getDesc.Complex Method,2.0.7,2.6.0,2.7.0,7
dubbo,2.1.0,com.alibaba.dubbo.common.utils,ReflectUtils,getEmptyObject,Complex Method,"designitejava,pmd",dubbo-common/src/main/java/com/alibaba/dubbo/common/utils/ReflectUtils.java,dubbo-common/src/main/java/com/alibaba/dubbo/common/utils/ReflectUtils.java.ReflectUtils.getEmptyObject.Complex Method,2.1.0,2.6.0,2.7.0,6
dubbo,2.0.7,com.alibaba.dubbo.common.utils,ReflectUtils,isCompatible,Complex Method,"designitejava,checkstyle",dubbo-common/src/main/java/com/alibaba/dubbo/common/utils/ReflectUtils.java,dubbo-common/src/main/java/com/alibaba/dubbo/common/utils/ReflectUtils.java.ReflectUtils.isCompatible.Complex Method,2.0.7,2.6.0,2.7.0,7
dubbo,2.0.7,com.alibaba.dubbo.common.utils,ReflectUtils,name2class,Complex Method,"designitejava,pmd,checkstyle",dubbo-common/src/main/java/com/alibaba/dubbo/common/utils/ReflectUtils.java,dubbo-common/src/main/java/com/alibaba/dubbo/common/utils/ReflectUtils.java.ReflectUtils.name2class.Complex Method,2.0.7,2.6.0,2.7.0,7
dubbo,2.0.7,com.alibaba.dubbo.common.utils,ReflectUtils,name2desc,Complex Method,"designitejava,checkstyle",dubbo-common/src/main/java/com/alibaba/dubbo/common/utils/ReflectUtils.java,dubbo-common/src/main/java/com/alibaba/dubbo/common/utils/ReflectUtils.java.ReflectUtils.name2desc.Complex Method,2.0.7,2.6.0,2.7.0,7
dubbo,2.0.7,com.alibaba.dubbo.common.utils,Service,parseLine,Complex Method,"designitejava,pmd,checkstyle",dubbo-common/src/main/java/com/alibaba/dubbo/common/utils/Service.java,dubbo-common/src/main/java/com/alibaba/dubbo/common/utils/Service.java.Service.parseLine.Complex Method,2.0.7,2.0.7,2.1.0,1
dubbo,2.0.7,com.alibaba.dubbo.common.utils,Service,parseLine,Long Parameter List,"designitejava,checkstyle",dubbo-common/src/main/java/com/alibaba/dubbo/common/utils/Service.java,dubbo-common/src/main/java/com/alibaba/dubbo/common/utils/Service.java.Service.parseLine.Long Parameter List,2.0.7,2.0.7,2.1.0,1
dubbo,2.1.0,com.alibaba.dubbo.common.utils,StringUtils,camelToSplitName,Complex Method,"designitejava,pmd,checkstyle",dubbo-common/src/main/java/com/alibaba/dubbo/common/utils/StringUtils.java,dubbo-common/src/main/java/com/alibaba/dubbo/common/utils/StringUtils.java.StringUtils.camelToSplitName.Complex Method,2.1.0,2.6.0,2.7.0,6
dubbo,2.1.0,com.alibaba.dubbo.common.utils,UrlUtils,parseURL,Complex Method,"designitejava,pmd,checkstyle",dubbo-common/src/main/java/com/alibaba/dubbo/common/utils/UrlUtils.java,dubbo-common/src/main/java/com/alibaba/dubbo/common/utils/UrlUtils.java.UrlUtils.parseURL.Complex Method,2.1.0,2.6.0,2.7.0,6
dubbo,2.1.0,com.alibaba.dubbo.common.utils,UrlUtils,revertNotify,Complex Method,"designitejava,pmd,checkstyle",dubbo-common/src/main/java/com/alibaba/dubbo/common/utils/UrlUtils.java,dubbo-common/src/main/java/com/alibaba/dubbo/common/utils/UrlUtils.java.UrlUtils.revertNotify.Complex Method,2.1.0,2.6.0,2.7.0,6
dubbo,2.7.0,org.apache.dubbo.common,URL,,God Class,"pmd,checkstyle",dubbo-common/src/main/java/org/apache/dubbo/common/URL.java,dubbo-common/src/main/java/org/apache/dubbo/common/URL.java.URL..God Class,2.7.0,3.3.0,3.3.0,7
dubbo,2.7.0,org.apache.dubbo.common,URL,buildParameters,Complex Method,"pmd,checkstyle",dubbo-common/src/main/java/org/apache/dubbo/common/URL.java,dubbo-common/src/main/java/org/apache/dubbo/common/URL.java.URL.buildParameters.Complex Method,2.7.0,3.3.0,3.3.0,7
dubbo,2.7.0,org.apache.dubbo.common,URL,buildString,Complex Method,"designitejava,pmd,checkstyle",dubbo-common/src/main/java/org/apache/dubbo/common/URL.java,dubbo-common/src/main/java/org/apache/dubbo/common/URL.java.URL.buildString.Complex Method,2.7.0,3.3.0,3.3.0,7
dubbo,2.7.0,org.apache.dubbo.common,URL,equals,Complex Method,"designitejava,pmd,checkstyle",dubbo-common/src/main/java/org/apache/dubbo/common/URL.java,dubbo-common/src/main/java/org/apache/dubbo/common/URL.java.URL.equals.Complex Method,2.7.0,2.7.0,3.0.0,1
dubbo,3.0.0,org.apache.dubbo.common,URL,getRawParameter,Feature Envy,"designitejava,checkstyle",dubbo-common/src/main/java/org/apache/dubbo/common/URL.java,dubbo-common/src/main/java/org/apache/dubbo/common/URL.java.URL.getRawParameter.Feature Envy,3.0.0,3.3.0,3.3.0,6
dubbo,2.7.0,org.apache.dubbo.common,URL,valueOf,Complex Method,"designitejava,pmd,checkstyle",dubbo-common/src/main/java/org/apache/dubbo/common/URL.java,dubbo-common/src/main/java/org/apache/dubbo/common/URL.java.URL.valueOf.Complex Method,2.7.0,3.3.0,3.3.0,7
dubbo,3.0.0,org.apache.dubbo.common,URLBuilder,,God Class,"pmd,checkstyle",dubbo-common/src/main/java/org/apache/dubbo/common/URLBuilder.java,dubbo-common/src/main/java/org/apache/dubbo/common/URLBuilder.java.URLBuilder..God Class,3.0.0,3.3.0,3.3.0,6
dubbo,3.0.0,org.apache.dubbo.common,URLStrParser,addParam,Long Parameter List,"designitejava,checkstyle",dubbo-common/src/main/java/org/apache/dubbo/common/URLStrParser.java,dubbo-common/src/main/java/org/apache/dubbo/common/URLStrParser.java.URLStrParser.addParam.Long Parameter List,3.0.0,3.3.0,3.3.0,6
dubbo,3.0.0,org.apache.dubbo.common,URLStrParser,decodeUtf8Component,Long Parameter List,"designitejava,checkstyle",dubbo-common/src/main/java/org/apache/dubbo/common/URLStrParser.java,dubbo-common/src/main/java/org/apache/dubbo/common/URLStrParser.java.URLStrParser.decodeUtf8Component.Long Parameter List,3.0.0,3.3.0,3.3.0,6
dubbo,3.0.0,org.apache.dubbo.common,URLStrParser,parseURLBody,Complex Method,"designitejava,pmd,checkstyle",dubbo-common/src/main/java/org/apache/dubbo/common/URLStrParser.java,dubbo-common/src/main/java/org/apache/dubbo/common/URLStrParser.java.URLStrParser.parseURLBody.Complex Method,3.0.0,3.3.0,3.3.0,6
dubbo,2.7.0,org.apache.dubbo.common,Version,getVersion,Complex Method,"designitejava,pmd,checkstyle",dubbo-common/src/main/java/org/apache/dubbo/common/Version.java,dubbo-common/src/main/java/org/apache/dubbo/common/Version.java.Version.getVersion.Complex Method,2.7.0,2.7.0,3.0.0,1
dubbo,3.1.0,org.apache.dubbo.common.beans.factory,ScopeBeanFactory,getBeanInternal,Complex Method,"designitejava,pmd,checkstyle",dubbo-common/src/main/java/org/apache/dubbo/common/beans/factory/ScopeBeanFactory.java,dubbo-common/src/main/java/org/apache/dubbo/common/beans/factory/ScopeBeanFactory.java.ScopeBeanFactory.getBeanInternal.Complex Method,3.1.0,3.3.0,3.3.0,5
dubbo,3.1.0,org.apache.dubbo.common.beans.support,InstantiationStrategy,getArgumentValueForType,Feature Envy,"designitejava,checkstyle",dubbo-common/src/main/java/org/apache/dubbo/common/beans/support/InstantiationStrategy.java,dubbo-common/src/main/java/org/apache/dubbo/common/beans/support/InstantiationStrategy.java.InstantiationStrategy.getArgumentValueForType.Feature Envy,3.1.0,3.3.0,3.3.0,5
dubbo,2.7.0,org.apache.dubbo.common.beanutil,JavaBeanSerializeUtil,,God Class,"pmd,checkstyle",dubbo-common/src/main/java/org/apache/dubbo/common/beanutil/JavaBeanSerializeUtil.java,dubbo-common/src/main/java/org/apache/dubbo/common/beanutil/JavaBeanSerializeUtil.java.JavaBeanSerializeUtil..God Class,2.7.0,3.3.0,3.3.0,7
dubbo,2.7.0,org.apache.dubbo.common.beanutil,JavaBeanSerializeUtil,deserializeInternal,Complex Method,"designitejava,pmd,checkstyle",dubbo-common/src/main/java/org/apache/dubbo/common/beanutil/JavaBeanSerializeUtil.java,dubbo-common/src/main/java/org/apache/dubbo/common/beanutil/JavaBeanSerializeUtil.java.JavaBeanSerializeUtil.deserializeInternal.Complex Method,2.7.0,3.3.0,3.3.0,7
dubbo,2.7.0,org.apache.dubbo.common.beanutil,JavaBeanSerializeUtil,getConstructorArg,Complex Method,"designitejava,pmd,checkstyle",dubbo-common/src/main/java/org/apache/dubbo/common/beanutil/JavaBeanSerializeUtil.java,dubbo-common/src/main/java/org/apache/dubbo/common/beanutil/JavaBeanSerializeUtil.java.JavaBeanSerializeUtil.getConstructorArg.Complex Method,2.7.0,3.3.0,3.3.0,7
dubbo,2.7.0,org.apache.dubbo.common.beanutil,JavaBeanSerializeUtil,instantiateForDeserialize,Complex Method,"pmd,checkstyle",dubbo-common/src/main/java/org/apache/dubbo/common/beanutil/JavaBeanSerializeUtil.java,dubbo-common/src/main/java/org/apache/dubbo/common/beanutil/JavaBeanSerializeUtil.java.JavaBeanSerializeUtil.instantiateForDeserialize.Complex Method,2.7.0,2.7.0,3.0.0,1
dubbo,2.7.0,org.apache.dubbo.common.beanutil,JavaBeanSerializeUtil,serializeInternal,Complex Method,"designitejava,pmd,checkstyle",dubbo-common/src/main/java/org/apache/dubbo/common/beanutil/JavaBeanSerializeUtil.java,dubbo-common/src/main/java/org/apache/dubbo/common/beanutil/JavaBeanSerializeUtil.java.JavaBeanSerializeUtil.serializeInternal.Complex Method,2.7.0,3.3.0,3.3.0,7
dubbo,2.7.0,org.apache.dubbo.common.bytecode,ClassGenerator,,God Class,"pmd,checkstyle",dubbo-common/src/main/java/org/apache/dubbo/common/bytecode/ClassGenerator.java,dubbo-common/src/main/java/org/apache/dubbo/common/bytecode/ClassGenerator.java.ClassGenerator..God Class,2.7.0,3.3.0,3.3.0,7
dubbo,2.7.0,org.apache.dubbo.common.bytecode,ClassGenerator,addMethod,Long Parameter List,"designitejava,checkstyle",dubbo-common/src/main/java/org/apache/dubbo/common/bytecode/ClassGenerator.java,dubbo-common/src/main/java/org/apache/dubbo/common/bytecode/ClassGenerator.java.ClassGenerator.addMethod.Long Parameter List,2.7.0,3.3.0,3.3.0,7
dubbo,2.7.0,org.apache.dubbo.common.bytecode,ClassGenerator,toClass,Complex Method,"designitejava,pmd,checkstyle",dubbo-common/src/main/java/org/apache/dubbo/common/bytecode/ClassGenerator.java,dubbo-common/src/main/java/org/apache/dubbo/common/bytecode/ClassGenerator.java.ClassGenerator.toClass.Complex Method,2.7.0,3.3.0,3.3.0,7
dubbo,2.7.0,org.apache.dubbo.common.bytecode,Mixin,mixin,Complex Method,"designitejava,pmd,checkstyle",dubbo-common/src/main/java/org/apache/dubbo/common/bytecode/Mixin.java,dubbo-common/src/main/java/org/apache/dubbo/common/bytecode/Mixin.java.Mixin.mixin.Complex Method,2.7.0,3.3.0,3.3.0,7
dubbo,2.7.0,org.apache.dubbo.common.bytecode,Proxy,asArgument,Complex Method,"designitejava,pmd",dubbo-common/src/main/java/org/apache/dubbo/common/bytecode/Proxy.java,dubbo-common/src/main/java/org/apache/dubbo/common/bytecode/Proxy.java.Proxy.asArgument.Complex Method,2.7.0,3.3.0,3.3.0,7
dubbo,3.1.0,org.apache.dubbo.common.bytecode,Proxy,buildProxyClass,Complex Method,"designitejava,pmd,checkstyle",dubbo-common/src/main/java/org/apache/dubbo/common/bytecode/Proxy.java,dubbo-common/src/main/java/org/apache/dubbo/common/bytecode/Proxy.java.Proxy.buildProxyClass.Complex Method,3.1.0,3.3.0,3.3.0,5
dubbo,2.7.0,org.apache.dubbo.common.bytecode,Proxy,getProxy,Complex Method,"designitejava,pmd,checkstyle",dubbo-common/src/main/java/org/apache/dubbo/common/bytecode/Proxy.java,dubbo-common/src/main/java/org/apache/dubbo/common/bytecode/Proxy.java.Proxy.getProxy.Complex Method,2.7.0,3.0.0,3.1.0,2
dubbo,2.7.0,org.apache.dubbo.common.bytecode,Wrapper,arg,Complex Method,"designitejava,pmd",dubbo-common/src/main/java/org/apache/dubbo/common/bytecode/Wrapper.java,dubbo-common/src/main/java/org/apache/dubbo/common/bytecode/Wrapper.java.Wrapper.arg.Complex Method,2.7.0,3.3.0,3.3.0,7
dubbo,2.7.0,org.apache.dubbo.common.bytecode,Wrapper,makeWrapper,Complex Method,"designitejava,pmd,checkstyle",dubbo-common/src/main/java/org/apache/dubbo/common/bytecode/Wrapper.java,dubbo-common/src/main/java/org/apache/dubbo/common/bytecode/Wrapper.java.Wrapper.makeWrapper.Complex Method,2.7.0,3.3.0,3.3.0,7
dubbo,2.7.0,org.apache.dubbo.common.compiler.support,ClassUtils,,God Class,"pmd,checkstyle",dubbo-common/src/main/java/org/apache/dubbo/common/compiler/support/ClassUtils.java,dubbo-common/src/main/java/org/apache/dubbo/common/compiler/support/ClassUtils.java.ClassUtils..God Class,2.7.0,3.3.0,3.3.0,7
dubbo,2.7.0,org.apache.dubbo.common.compiler.support,ClassUtils,_forName,Complex Method,"designitejava,checkstyle",dubbo-common/src/main/java/org/apache/dubbo/common/compiler/support/ClassUtils.java,dubbo-common/src/main/java/org/apache/dubbo/common/compiler/support/ClassUtils.java.ClassUtils._forName.Complex Method,2.7.0,2.7.0,3.0.0,1
dubbo,3.0.0,org.apache.dubbo.common.compiler.support,ClassUtils,classForName,Complex Method,"designitejava,checkstyle",dubbo-common/src/main/java/org/apache/dubbo/common/compiler/support/ClassUtils.java,dubbo-common/src/main/java/org/apache/dubbo/common/compiler/support/ClassUtils.java.ClassUtils.classForName.Complex Method,3.0.0,3.3.0,3.3.0,6
dubbo,2.7.0,org.apache.dubbo.common.compiler.support,ClassUtils,searchMethod,Complex Method,"designitejava,pmd,checkstyle",dubbo-common/src/main/java/org/apache/dubbo/common/compiler/support/ClassUtils.java,dubbo-common/src/main/java/org/apache/dubbo/common/compiler/support/ClassUtils.java.ClassUtils.searchMethod.Complex Method,2.7.0,3.3.0,3.3.0,7
dubbo,2.7.0,org.apache.dubbo.common.compiler.support,JavassistCompiler,doCompile,Complex Method,"designitejava,pmd,checkstyle",dubbo-common/src/main/java/org/apache/dubbo/common/compiler/support/JavassistCompiler.java,dubbo-common/src/main/java/org/apache/dubbo/common/compiler/support/JavassistCompiler.java.JavassistCompiler.doCompile.Complex Method,2.7.0,3.3.0,3.3.0,7
dubbo,2.7.0,org.apache.dubbo.common.config,Configuration,convert,Complex Method,"designitejava,pmd,checkstyle",dubbo-common/src/main/java/org/apache/dubbo/common/config/Configuration.java,dubbo-common/src/main/java/org/apache/dubbo/common/config/Configuration.java.Configuration.convert.Complex Method,2.7.0,3.3.0,3.3.0,7
dubbo,3.0.0,org.apache.dubbo.common.config.configcenter.file,FileSystemDynamicConfiguration,,God Class,"pmd,checkstyle",dubbo-common/src/main/java/org/apache/dubbo/common/config/configcenter/file/FileSystemDynamicConfiguration.java,dubbo-common/src/main/java/org/apache/dubbo/common/config/configcenter/file/FileSystemDynamicConfiguration.java.FileSystemDynamicConfiguration..God Class,3.0.0,3.2.0,3.3.0-beta.1,4
dubbo,3.0.0,org.apache.dubbo.common.extension,AdaptiveClassCodeGenerator,generateExtNameAssignment,Complex Method,"designitejava,pmd",dubbo-common/src/main/java/org/apache/dubbo/common/extension/AdaptiveClassCodeGenerator.java,dubbo-common/src/main/java/org/apache/dubbo/common/extension/AdaptiveClassCodeGenerator.java.AdaptiveClassCodeGenerator.generateExtNameAssignment.Complex Method,3.0.0,3.3.0,3.3.0,6
dubbo,2.7.0,org.apache.dubbo.common.extension,ExtensionLoader,,God Class,"pmd,checkstyle",dubbo-common/src/main/java/org/apache/dubbo/common/extension/ExtensionLoader.java,dubbo-common/src/main/java/org/apache/dubbo/common/extension/ExtensionLoader.java.ExtensionLoader..God Class,2.7.0,3.3.0,3.3.0,7
dubbo,2.7.0,org.apache.dubbo.common.extension,ExtensionLoader,createAdaptiveExtensionClassCode,Complex Method,"designitejava,pmd,checkstyle",dubbo-common/src/main/java/org/apache/dubbo/common/extension/ExtensionLoader.java,dubbo-common/src/main/java/org/apache/dubbo/common/extension/ExtensionLoader.java.ExtensionLoader.createAdaptiveExtensionClassCode.Complex Method,2.7.0,2.7.0,3.0.0,1
dubbo,3.0.0,org.apache.dubbo.common.extension,ExtensionLoader,createExtension,Complex Method,"designitejava,pmd,checkstyle",dubbo-common/src/main/java/org/apache/dubbo/common/extension/ExtensionLoader.java,dubbo-common/src/main/java/org/apache/dubbo/common/extension/ExtensionLoader.java.ExtensionLoader.createExtension.Complex Method,3.0.0,3.3.0,3.3.0,6
dubbo,2.7.0,org.apache.dubbo.common.extension,ExtensionLoader,getActivateExtension,Complex Method,"designitejava,pmd,checkstyle",dubbo-common/src/main/java/org/apache/dubbo/common/extension/ExtensionLoader.java,dubbo-common/src/main/java/org/apache/dubbo/common/extension/ExtensionLoader.java.ExtensionLoader.getActivateExtension.Complex Method,2.7.0,3.3.0,3.3.0,7
dubbo,2.7.0,org.apache.dubbo.common.extension,ExtensionLoader,injectExtension,Complex Method,"pmd,checkstyle",dubbo-common/src/main/java/org/apache/dubbo/common/extension/ExtensionLoader.java,dubbo-common/src/main/java/org/apache/dubbo/common/extension/ExtensionLoader.java.ExtensionLoader.injectExtension.Complex Method,2.7.0,3.3.0,3.3.0,7
dubbo,2.7.0,org.apache.dubbo.common.extension,ExtensionLoader,loadClass,Complex Method,"designitejava,pmd,checkstyle",dubbo-common/src/main/java/org/apache/dubbo/common/extension/ExtensionLoader.java,dubbo-common/src/main/java/org/apache/dubbo/common/extension/ExtensionLoader.java.ExtensionLoader.loadClass.Complex Method,2.7.0,3.3.0,3.3.0,7
dubbo,3.0.0,org.apache.dubbo.common.extension,ExtensionLoader,loadDirectory,Long Parameter List,"designitejava,checkstyle",dubbo-common/src/main/java/org/apache/dubbo/common/extension/ExtensionLoader.java,dubbo-common/src/main/java/org/apache/dubbo/common/extension/ExtensionLoader.java.ExtensionLoader.loadDirectory.Long Parameter List,3.0.0,3.0.0,3.1.0,1
dubbo,3.1.0,org.apache.dubbo.common.extension,ExtensionLoader,loadDirectoryInternal,Complex Method,"designitejava,pmd,checkstyle",dubbo-common/src/main/java/org/apache/dubbo/common/extension/ExtensionLoader.java,dubbo-common/src/main/java/org/apache/dubbo/common/extension/ExtensionLoader.java.ExtensionLoader.loadDirectoryInternal.Complex Method,3.1.0,3.3.0,3.3.0,5
dubbo,3.1.0,org.apache.dubbo.common.extension,ExtensionLoader,loadFromClass,Long Parameter List,"designitejava,checkstyle",dubbo-common/src/main/java/org/apache/dubbo/common/extension/ExtensionLoader.java,dubbo-common/src/main/java/org/apache/dubbo/common/extension/ExtensionLoader.java.ExtensionLoader.loadFromClass.Long Parameter List,3.1.0,3.3.0,3.3.0,5
dubbo,2.7.0,org.apache.dubbo.common.extension.support,ActivateComparator,compare,Complex Method,"designitejava,pmd,checkstyle",dubbo-common/src/main/java/org/apache/dubbo/common/extension/support/ActivateComparator.java,dubbo-common/src/main/java/org/apache/dubbo/common/extension/support/ActivateComparator.java.ActivateComparator.compare.Complex Method,2.7.0,3.3.0,3.3.0,7
dubbo,3.1.0,org.apache.dubbo.common.extension.support,MultiInstanceActivateComparator,compare,Complex Method,"designitejava,pmd,checkstyle",dubbo-common/src/main/java/org/apache/dubbo/common/extension/support/MultiInstanceActivateComparator.java,dubbo-common/src/main/java/org/apache/dubbo/common/extension/support/MultiInstanceActivateComparator.java.MultiInstanceActivateComparator.compare.Complex Method,3.1.0,3.1.0,3.2.0-beta.1,1
dubbo,2.7.0,org.apache.dubbo.common.io,Bytes,,God Class,"pmd,checkstyle",dubbo-common/src/main/java/org/apache/dubbo/common/io/Bytes.java,dubbo-common/src/main/java/org/apache/dubbo/common/io/Bytes.java.Bytes..God Class,2.7.0,3.3.0,3.3.0,7
dubbo,2.7.0,org.apache.dubbo.common.io,Bytes,base642bytes,Complex Method,"designitejava,pmd,checkstyle",dubbo-common/src/main/java/org/apache/dubbo/common/io/Bytes.java,dubbo-common/src/main/java/org/apache/dubbo/common/io/Bytes.java.Bytes.base642bytes.Complex Method,2.7.0,3.3.0,3.3.0,7
dubbo,2.7.0,org.apache.dubbo.common.io,Bytes,bytes2base64,Complex Method,"designitejava,checkstyle",dubbo-common/src/main/java/org/apache/dubbo/common/io/Bytes.java,dubbo-common/src/main/java/org/apache/dubbo/common/io/Bytes.java.Bytes.bytes2base64.Complex Method,2.7.0,3.3.0,3.3.0,7
dubbo,2.7.0,org.apache.dubbo.common.io,StreamUtils,limitedInputStream,Complex Method,"designitejava,pmd",dubbo-common/src/main/java/org/apache/dubbo/common/io/StreamUtils.java,dubbo-common/src/main/java/org/apache/dubbo/common/io/StreamUtils.java.StreamUtils.limitedInputStream.Complex Method,2.7.0,3.3.0,3.3.0,7
dubbo,2.7.0,org.apache.dubbo.common.io,StreamUtils,markSupportedInputStream,Complex Method,"designitejava,pmd",dubbo-common/src/main/java/org/apache/dubbo/common/io/StreamUtils.java,dubbo-common/src/main/java/org/apache/dubbo/common/io/StreamUtils.java.StreamUtils.markSupportedInputStream.Complex Method,2.7.0,3.3.0,3.3.0,7
dubbo,2.7.0,org.apache.dubbo.common.io,StreamUtils,read,Complex Method,"designitejava,pmd",dubbo-common/src/main/java/org/apache/dubbo/common/io/StreamUtils.java,dubbo-common/src/main/java/org/apache/dubbo/common/io/StreamUtils.java.StreamUtils.read.Complex Method,2.7.0,3.3.0,3.3.0,7
dubbo,2.7.0,org.apache.dubbo.common.json,GenericJSONConverter,writeValue,Complex Method,"designitejava,pmd,checkstyle",dubbo-common/src/main/java/org/apache/dubbo/common/json/GenericJSONConverter.java,dubbo-common/src/main/java/org/apache/dubbo/common/json/GenericJSONConverter.java.GenericJSONConverter.writeValue.Complex Method,2.7.0,3.0.0,3.1.0,2
dubbo,2.7.0,org.apache.dubbo.common.json,J2oVisitor,,God Class,"pmd,checkstyle",dubbo-common/src/main/java/org/apache/dubbo/common/json/J2oVisitor.java,dubbo-common/src/main/java/org/apache/dubbo/common/json/J2oVisitor.java.J2oVisitor..God Class,2.7.0,3.0.0,3.1.0,2
dubbo,2.7.0,org.apache.dubbo.common.json,J2oVisitor,arrayEnd,Complex Method,"designitejava,pmd,checkstyle",dubbo-common/src/main/java/org/apache/dubbo/common/json/J2oVisitor.java,dubbo-common/src/main/java/org/apache/dubbo/common/json/J2oVisitor.java.J2oVisitor.arrayEnd.Complex Method,2.7.0,3.0.0,3.1.0,2
dubbo,2.7.0,org.apache.dubbo.common.json,J2oVisitor,objectItemValue,Complex Method,"pmd,checkstyle",dubbo-common/src/main/java/org/apache/dubbo/common/json/J2oVisitor.java,dubbo-common/src/main/java/org/apache/dubbo/common/json/J2oVisitor.java.J2oVisitor.objectItemValue.Complex Method,2.7.0,3.0.0,3.1.0,2
dubbo,2.7.0,org.apache.dubbo.common.json,J2oVisitor,toArray,Complex Method,"designitejava,pmd,checkstyle",dubbo-common/src/main/java/org/apache/dubbo/common/json/J2oVisitor.java,dubbo-common/src/main/java/org/apache/dubbo/common/json/J2oVisitor.java.J2oVisitor.toArray.Complex Method,2.7.0,3.0.0,3.1.0,2
dubbo,2.7.0,org.apache.dubbo.common.json,JSON,,God Class,"pmd,checkstyle",dubbo-common/src/main/java/org/apache/dubbo/common/json/JSON.java,dubbo-common/src/main/java/org/apache/dubbo/common/json/JSON.java.JSON..God Class,2.7.0,3.0.0,3.1.0,2
dubbo,2.7.0,org.apache.dubbo.common.json,JSON,parse,Complex Method,"designitejava,pmd,checkstyle",dubbo-common/src/main/java/org/apache/dubbo/common/json/JSON.java,dubbo-common/src/main/java/org/apache/dubbo/common/json/JSON.java.JSON.parse.Complex Method,2.7.0,3.0.0,3.1.0,2
dubbo,2.7.0,org.apache.dubbo.common.json,JSONToken,token2string,Complex Method,"designitejava,checkstyle",dubbo-common/src/main/java/org/apache/dubbo/common/json/JSONToken.java,dubbo-common/src/main/java/org/apache/dubbo/common/json/JSONToken.java.JSONToken.token2string.Complex Method,2.7.0,3.0.0,3.1.0,2
dubbo,2.7.0,org.apache.dubbo.common.json,JSONWriter,escape,Complex Method,"designitejava,pmd",dubbo-common/src/main/java/org/apache/dubbo/common/json/JSONWriter.java,dubbo-common/src/main/java/org/apache/dubbo/common/json/JSONWriter.java.JSONWriter.escape.Complex Method,2.7.0,3.0.0,3.1.0,2
dubbo,2.7.0,org.apache.dubbo.common.json,Yylex,,God Class,"pmd,checkstyle",dubbo-common/src/main/java/org/apache/dubbo/common/json/Yylex.java,dubbo-common/src/main/java/org/apache/dubbo/common/json/Yylex.java.Yylex..God Class,2.7.0,3.0.0,3.1.0,2
dubbo,2.7.0,org.apache.dubbo.common.json,Yylex,yylex,Complex Method,"designitejava,pmd,checkstyle",dubbo-common/src/main/java/org/apache/dubbo/common/json/Yylex.java,dubbo-common/src/main/java/org/apache/dubbo/common/json/Yylex.java.Yylex.yylex.Complex Method,2.7.0,3.0.0,3.1.0,2
dubbo,3.3.0,org.apache.dubbo.common.logger,FluentLoggerImpl,,God Class,"pmd,checkstyle",dubbo-common/src/main/java/org/apache/dubbo/common/logger/FluentLoggerImpl.java,dubbo-common/src/main/java/org/apache/dubbo/common/logger/FluentLoggerImpl.java.FluentLoggerImpl..God Class,3.3.0,3.3.0,3.3.0,1
dubbo,3.3.0-beta.1,org.apache.dubbo.common.logger.helpers,MessageFormatter,arrayFormat,Complex Method,"designitejava,pmd",dubbo-common/src/main/java/org/apache/dubbo/common/logger/helpers/MessageFormatter.java,dubbo-common/src/main/java/org/apache/dubbo/common/logger/helpers/MessageFormatter.java.MessageFormatter.arrayFormat.Complex Method,3.3.0-beta.1,3.3.0,3.3.0,2
dubbo,3.3.0-beta.1,org.apache.dubbo.common.logger.helpers,MessageFormatter,deeplyAppendParameter,Complex Method,"designitejava,checkstyle",dubbo-common/src/main/java/org/apache/dubbo/common/logger/helpers/MessageFormatter.java,dubbo-common/src/main/java/org/apache/dubbo/common/logger/helpers/MessageFormatter.java.MessageFormatter.deeplyAppendParameter.Complex Method,3.3.0-beta.1,3.3.0,3.3.0,2
dubbo,3.1.0,org.apache.dubbo.common.status.reporter,FrameworkStatusReportService,createMigrationStepReport,Long Parameter List,"designitejava,checkstyle",dubbo-common/src/main/java/org/apache/dubbo/common/status/reporter/FrameworkStatusReportService.java,dubbo-common/src/main/java/org/apache/dubbo/common/status/reporter/FrameworkStatusReportService.java.FrameworkStatusReportService.createMigrationStepReport.Long Parameter List,3.1.0,3.3.0,3.3.0,5
dubbo,3.0.0,org.apache.dubbo.common.status.reporter,FrameworkStatusReporter,createMigrationStepReport,Long Parameter List,"designitejava,checkstyle",dubbo-common/src/main/java/org/apache/dubbo/common/status/reporter/FrameworkStatusReporter.java,dubbo-common/src/main/java/org/apache/dubbo/common/status/reporter/FrameworkStatusReporter.java.FrameworkStatusReporter.createMigrationStepReport.Long Parameter List,3.0.0,3.0.0,3.1.0,1
dubbo,3.0.0,org.apache.dubbo.common.threadpool.manager,DefaultExecutorRepository,updateThreadpool,Complex Method,"pmd,checkstyle",dubbo-common/src/main/java/org/apache/dubbo/common/threadpool/manager/DefaultExecutorRepository.java,dubbo-common/src/main/java/org/apache/dubbo/common/threadpool/manager/DefaultExecutorRepository.java.DefaultExecutorRepository.updateThreadpool.Complex Method,3.0.0,3.3.0,3.3.0,6
dubbo,3.0.0,org.apache.dubbo.common.url.component,DubboServiceAddressURL,equals,Complex Method,"designitejava,pmd",dubbo-common/src/main/java/org/apache/dubbo/common/url/component/DubboServiceAddressURL.java,dubbo-common/src/main/java/org/apache/dubbo/common/url/component/DubboServiceAddressURL.java.DubboServiceAddressURL.equals.Complex Method,3.0.0,3.3.0,3.3.0,6
dubbo,3.2.0,org.apache.dubbo.common.url.component,ServiceConfigURL,,God Class,"pmd,checkstyle",dubbo-common/src/main/java/org/apache/dubbo/common/url/component/ServiceConfigURL.java,dubbo-common/src/main/java/org/apache/dubbo/common/url/component/ServiceConfigURL.java.ServiceConfigURL..God Class,3.2.0,3.3.0,3.3.0,3
dubbo,3.0.0,org.apache.dubbo.common.url.component,URLAddress,createPathURLAddress,Complex Method,"designitejava,pmd,checkstyle",dubbo-common/src/main/java/org/apache/dubbo/common/url/component/URLAddress.java,dubbo-common/src/main/java/org/apache/dubbo/common/url/component/URLAddress.java.URLAddress.createPathURLAddress.Complex Method,3.0.0,3.3.0,3.3.0,6
dubbo,3.0.0,org.apache.dubbo.common.url.component,URLParam,,God Class,"pmd,checkstyle",dubbo-common/src/main/java/org/apache/dubbo/common/url/component/URLParam.java,dubbo-common/src/main/java/org/apache/dubbo/common/url/component/URLParam.java.URLParam..God Class,3.0.0,3.3.0,3.3.0,6
dubbo,3.0.0,org.apache.dubbo.common.url.component,URLParam,addParameter,Complex Method,"designitejava,pmd",dubbo-common/src/main/java/org/apache/dubbo/common/url/component/URLParam.java,dubbo-common/src/main/java/org/apache/dubbo/common/url/component/URLParam.java.URLParam.addParameter.Complex Method,3.0.0,3.0.0,3.1.0,1
dubbo,3.0.0,org.apache.dubbo.common.url.component,URLParam,addParameter,Long Parameter List,"designitejava,checkstyle",dubbo-common/src/main/java/org/apache/dubbo/common/url/component/URLParam.java,dubbo-common/src/main/java/org/apache/dubbo/common/url/component/URLParam.java.URLParam.addParameter.Long Parameter List,3.0.0,3.3.0,3.3.0,6
dubbo,3.0.0,org.apache.dubbo.common.url.component,URLParam,doAddParameters,Complex Method,"designitejava,pmd,checkstyle",dubbo-common/src/main/java/org/apache/dubbo/common/url/component/URLParam.java,dubbo-common/src/main/java/org/apache/dubbo/common/url/component/URLParam.java.URLParam.doAddParameters.Complex Method,3.0.0,3.3.0,3.3.0,6
dubbo,3.0.0,org.apache.dubbo.common.url.component,URLParam,equals,Complex Method,"designitejava,pmd,checkstyle",dubbo-common/src/main/java/org/apache/dubbo/common/url/component/URLParam.java,dubbo-common/src/main/java/org/apache/dubbo/common/url/component/URLParam.java.URLParam.equals.Complex Method,3.0.0,3.3.0,3.3.0,6
dubbo,3.0.0,org.apache.dubbo.common.url.component,URLParam,initMethodParameters,Complex Method,"designitejava,pmd",dubbo-common/src/main/java/org/apache/dubbo/common/url/component/URLParam.java,dubbo-common/src/main/java/org/apache/dubbo/common/url/component/URLParam.java.URLParam.initMethodParameters.Complex Method,3.0.0,3.3.0,3.3.0,6
dubbo,3.0.0,org.apache.dubbo.common.url.component,URLParam,removeParameters,Complex Method,"designitejava,pmd,checkstyle",dubbo-common/src/main/java/org/apache/dubbo/common/url/component/URLParam.java,dubbo-common/src/main/java/org/apache/dubbo/common/url/component/URLParam.java.URLParam.removeParameters.Complex Method,3.0.0,3.3.0,3.3.0,6
dubbo,2.7.0,org.apache.dubbo.common.utils,ClassHelper,convertPrimitive,Complex Method,"designitejava,pmd,checkstyle",dubbo-common/src/main/java/org/apache/dubbo/common/utils/ClassHelper.java,dubbo-common/src/main/java/org/apache/dubbo/common/utils/ClassHelper.java.ClassHelper.convertPrimitive.Complex Method,2.7.0,2.7.0,3.0.0,1
dubbo,3.1.0,org.apache.dubbo.common.utils,ClassLoaderResourceLoader,loadResources,Complex Method,"designitejava,pmd,checkstyle",dubbo-common/src/main/java/org/apache/dubbo/common/utils/ClassLoaderResourceLoader.java,dubbo-common/src/main/java/org/apache/dubbo/common/utils/ClassLoaderResourceLoader.java.ClassLoaderResourceLoader.loadResources.Complex Method,3.1.0,3.3.0-beta.1,3.3.0,4
dubbo,3.0.0,org.apache.dubbo.common.utils,ClassUtils,convertPrimitive,Complex Method,"designitejava,pmd,checkstyle",dubbo-common/src/main/java/org/apache/dubbo/common/utils/ClassUtils.java,dubbo-common/src/main/java/org/apache/dubbo/common/utils/ClassUtils.java.ClassUtils.convertPrimitive.Complex Method,3.0.0,3.0.0,3.1.0,1
dubbo,2.7.0,org.apache.dubbo.common.utils,CompatibleTypeUtils,compatibleTypeConvert,Complex Method,"designitejava,pmd,checkstyle",dubbo-common/src/main/java/org/apache/dubbo/common/utils/CompatibleTypeUtils.java,dubbo-common/src/main/java/org/apache/dubbo/common/utils/CompatibleTypeUtils.java.CompatibleTypeUtils.compatibleTypeConvert.Complex Method,2.7.0,3.3.0,3.3.0,7
dubbo,2.7.0,org.apache.dubbo.common.utils,ConfigUtils,loadProperties,Complex Method,"designitejava,pmd,checkstyle",dubbo-common/src/main/java/org/apache/dubbo/common/utils/ConfigUtils.java,dubbo-common/src/main/java/org/apache/dubbo/common/utils/ConfigUtils.java.ConfigUtils.loadProperties.Complex Method,2.7.0,3.3.0,3.3.0,7
dubbo,2.7.0,org.apache.dubbo.common.utils,ConfigUtils,mergeValues,Complex Method,"designitejava,pmd,checkstyle",dubbo-common/src/main/java/org/apache/dubbo/common/utils/ConfigUtils.java,dubbo-common/src/main/java/org/apache/dubbo/common/utils/ConfigUtils.java.ConfigUtils.mergeValues.Complex Method,2.7.0,3.3.0,3.3.0,7
dubbo,3.3.0,org.apache.dubbo.common.utils,DateUtils,parse,Complex Method,"designitejava,pmd,checkstyle",dubbo-common/src/main/java/org/apache/dubbo/common/utils/DateUtils.java,dubbo-common/src/main/java/org/apache/dubbo/common/utils/DateUtils.java.DateUtils.parse.Complex Method,3.3.0,3.3.0,3.3.0,1
dubbo,3.2.0,org.apache.dubbo.common.utils,DefaultSerializeClassChecker,loadClass0,Complex Method,"designitejava,pmd,checkstyle",dubbo-common/src/main/java/org/apache/dubbo/common/utils/DefaultSerializeClassChecker.java,dubbo-common/src/main/java/org/apache/dubbo/common/utils/DefaultSerializeClassChecker.java.DefaultSerializeClassChecker.loadClass0.Complex Method,3.2.0,3.3.0,3.3.0,3
dubbo,2.7.0,org.apache.dubbo.common.utils,JVMUtil,getThreadDumpString,Complex Method,"designitejava,pmd,checkstyle",dubbo-common/src/main/java/org/apache/dubbo/common/utils/JVMUtil.java,dubbo-common/src/main/java/org/apache/dubbo/common/utils/JVMUtil.java.JVMUtil.getThreadDumpString.Complex Method,2.7.0,3.3.0,3.3.0,7
dubbo,3.3.0-beta.1,org.apache.dubbo.common.utils,JsonCompatibilityUtil,checkType,Complex Method,"designitejava,pmd,checkstyle",dubbo-common/src/main/java/org/apache/dubbo/common/utils/JsonCompatibilityUtil.java,dubbo-common/src/main/java/org/apache/dubbo/common/utils/JsonCompatibilityUtil.java.JsonCompatibilityUtil.checkType.Complex Method,3.3.0-beta.1,3.3.0,3.3.0,2
dubbo,3.1.0,org.apache.dubbo.common.utils,JsonUtils,getJson,Complex Method,"designitejava,pmd,checkstyle",dubbo-common/src/main/java/org/apache/dubbo/common/utils/JsonUtils.java,dubbo-common/src/main/java/org/apache/dubbo/common/utils/JsonUtils.java.JsonUtils.getJson.Complex Method,3.1.0,3.3.0-beta.1,3.3.0,4
dubbo,2.7.0,org.apache.dubbo.common.utils,Log,equals,Complex Method,"designitejava,pmd,checkstyle",dubbo-common/src/main/java/org/apache/dubbo/common/utils/Log.java,dubbo-common/src/main/java/org/apache/dubbo/common/utils/Log.java.Log.equals.Complex Method,2.7.0,3.3.0,3.3.0,7
dubbo,3.0.0,org.apache.dubbo.common.utils,MethodUtils,overrides,Complex Method,"designitejava,pmd,checkstyle",dubbo-common/src/main/java/org/apache/dubbo/common/utils/MethodUtils.java,dubbo-common/src/main/java/org/apache/dubbo/common/utils/MethodUtils.java.MethodUtils.overrides.Complex Method,3.0.0,3.3.0,3.3.0,6
dubbo,3.0.0,org.apache.dubbo.common.utils,NetUtils,findNetworkInterface,Complex Method,"designitejava,pmd,checkstyle",dubbo-common/src/main/java/org/apache/dubbo/common/utils/NetUtils.java,dubbo-common/src/main/java/org/apache/dubbo/common/utils/NetUtils.java.NetUtils.findNetworkInterface.Complex Method,3.0.0,3.3.0,3.3.0,6
dubbo,2.7.0,org.apache.dubbo.common.utils,NetUtils,getLocalAddress0,Complex Method,"designitejava,pmd,checkstyle",dubbo-common/src/main/java/org/apache/dubbo/common/utils/NetUtils.java,dubbo-common/src/main/java/org/apache/dubbo/common/utils/NetUtils.java.NetUtils.getLocalAddress0.Complex Method,2.7.0,2.7.0,3.0.0,1
dubbo,3.1.0,org.apache.dubbo.common.utils,NetUtils,ignoreNetworkInterface,Complex Method,"pmd,checkstyle",dubbo-common/src/main/java/org/apache/dubbo/common/utils/NetUtils.java,dubbo-common/src/main/java/org/apache/dubbo/common/utils/NetUtils.java.NetUtils.ignoreNetworkInterface.Complex Method,3.1.0,3.3.0,3.3.0,5
dubbo,3.0.0,org.apache.dubbo.common.utils,NetUtils,matchIpRange,Complex Method,"designitejava,pmd,checkstyle",dubbo-common/src/main/java/org/apache/dubbo/common/utils/NetUtils.java,dubbo-common/src/main/java/org/apache/dubbo/common/utils/NetUtils.java.NetUtils.matchIpRange.Complex Method,3.0.0,3.3.0,3.3.0,6
dubbo,3.0.0,org.apache.dubbo.common.utils,NetUtils,setInterface,Complex Method,"designitejava,pmd,checkstyle",dubbo-common/src/main/java/org/apache/dubbo/common/utils/NetUtils.java,dubbo-common/src/main/java/org/apache/dubbo/common/utils/NetUtils.java.NetUtils.setInterface.Complex Method,3.0.0,3.3.0,3.3.0,6
dubbo,2.7.0,org.apache.dubbo.common.utils,PojoUtils,,God Class,"pmd,checkstyle",dubbo-common/src/main/java/org/apache/dubbo/common/utils/PojoUtils.java,dubbo-common/src/main/java/org/apache/dubbo/common/utils/PojoUtils.java.PojoUtils..God Class,2.7.0,3.3.0,3.3.0,7
dubbo,2.7.0,org.apache.dubbo.common.utils,PojoUtils,createMap,Complex Method,"designitejava,pmd,checkstyle",dubbo-common/src/main/java/org/apache/dubbo/common/utils/PojoUtils.java,dubbo-common/src/main/java/org/apache/dubbo/common/utils/PojoUtils.java.PojoUtils.createMap.Complex Method,2.7.0,3.3.0,3.3.0,7
dubbo,2.7.0,org.apache.dubbo.common.utils,PojoUtils,generalize,Complex Method,"designitejava,pmd,checkstyle",dubbo-common/src/main/java/org/apache/dubbo/common/utils/PojoUtils.java,dubbo-common/src/main/java/org/apache/dubbo/common/utils/PojoUtils.java.PojoUtils.generalize.Complex Method,2.7.0,3.3.0,3.3.0,7
dubbo,3.2.0,org.apache.dubbo.common.utils,PojoUtils,getField,Complex Method,"designitejava,pmd,checkstyle",dubbo-common/src/main/java/org/apache/dubbo/common/utils/PojoUtils.java,dubbo-common/src/main/java/org/apache/dubbo/common/utils/PojoUtils.java.PojoUtils.getField.Complex Method,3.2.0,3.2.0,3.3.0-beta.1,1
dubbo,2.7.0,org.apache.dubbo.common.utils,PojoUtils,newInstance,Complex Method,"pmd,checkstyle",dubbo-common/src/main/java/org/apache/dubbo/common/utils/PojoUtils.java,dubbo-common/src/main/java/org/apache/dubbo/common/utils/PojoUtils.java.PojoUtils.newInstance.Complex Method,2.7.0,3.0.0,3.1.0,2
dubbo,2.7.0,org.apache.dubbo.common.utils,PojoUtils,realize0,Complex Method,"designitejava,pmd,checkstyle",dubbo-common/src/main/java/org/apache/dubbo/common/utils/PojoUtils.java,dubbo-common/src/main/java/org/apache/dubbo/common/utils/PojoUtils.java.PojoUtils.realize0.Complex Method,2.7.0,3.2.0-beta.1,3.2.0,4
dubbo,3.2.0,org.apache.dubbo.common.utils,PojoUtils,realize1,Complex Method,"designitejava,pmd,checkstyle",dubbo-common/src/main/java/org/apache/dubbo/common/utils/PojoUtils.java,dubbo-common/src/main/java/org/apache/dubbo/common/utils/PojoUtils.java.PojoUtils.realize1.Complex Method,3.2.0,3.3.0,3.3.0,3
dubbo,2.7.0,org.apache.dubbo.common.utils,ReflectUtils,,God Class,"pmd,checkstyle",dubbo-common/src/main/java/org/apache/dubbo/common/utils/ReflectUtils.java,dubbo-common/src/main/java/org/apache/dubbo/common/utils/ReflectUtils.java.ReflectUtils..God Class,2.7.0,3.3.0,3.3.0,7
dubbo,2.7.0,org.apache.dubbo.common.utils,ReflectUtils,desc2class,Complex Method,"designitejava,checkstyle",dubbo-common/src/main/java/org/apache/dubbo/common/utils/ReflectUtils.java,dubbo-common/src/main/java/org/apache/dubbo/common/utils/ReflectUtils.java.ReflectUtils.desc2class.Complex Method,2.7.0,3.3.0,3.3.0,7
dubbo,2.7.0,org.apache.dubbo.common.utils,ReflectUtils,desc2name,Complex Method,"designitejava,checkstyle",dubbo-common/src/main/java/org/apache/dubbo/common/utils/ReflectUtils.java,dubbo-common/src/main/java/org/apache/dubbo/common/utils/ReflectUtils.java.ReflectUtils.desc2name.Complex Method,2.7.0,3.3.0,3.3.0,7
dubbo,2.7.0,org.apache.dubbo.common.utils,ReflectUtils,findMethodByMethodSignature,Complex Method,"designitejava,pmd",dubbo-common/src/main/java/org/apache/dubbo/common/utils/ReflectUtils.java,dubbo-common/src/main/java/org/apache/dubbo/common/utils/ReflectUtils.java.ReflectUtils.findMethodByMethodSignature.Complex Method,2.7.0,3.3.0-beta.1,3.3.0,6
dubbo,2.7.0,org.apache.dubbo.common.utils,ReflectUtils,getDesc,Complex Method,"designitejava,checkstyle",dubbo-common/src/main/java/org/apache/dubbo/common/utils/ReflectUtils.java,dubbo-common/src/main/java/org/apache/dubbo/common/utils/ReflectUtils.java.ReflectUtils.getDesc.Complex Method,2.7.0,3.3.0,3.3.0,7
dubbo,2.7.0,org.apache.dubbo.common.utils,ReflectUtils,getEmptyObject,Complex Method,"designitejava,pmd,checkstyle",dubbo-common/src/main/java/org/apache/dubbo/common/utils/ReflectUtils.java,dubbo-common/src/main/java/org/apache/dubbo/common/utils/ReflectUtils.java.ReflectUtils.getEmptyObject.Complex Method,2.7.0,3.3.0,3.3.0,7
dubbo,2.7.0,org.apache.dubbo.common.utils,ReflectUtils,name2class,Complex Method,"designitejava,pmd,checkstyle",dubbo-common/src/main/java/org/apache/dubbo/common/utils/ReflectUtils.java,dubbo-common/src/main/java/org/apache/dubbo/common/utils/ReflectUtils.java.ReflectUtils.name2class.Complex Method,2.7.0,3.3.0,3.3.0,7
dubbo,2.7.0,org.apache.dubbo.common.utils,ReflectUtils,name2desc,Complex Method,"designitejava,checkstyle",dubbo-common/src/main/java/org/apache/dubbo/common/utils/ReflectUtils.java,dubbo-common/src/main/java/org/apache/dubbo/common/utils/ReflectUtils.java.ReflectUtils.name2desc.Complex Method,2.7.0,3.3.0,3.3.0,7
dubbo,3.3.0-beta.1,org.apache.dubbo.common.utils,ReflectionUtils,getClassGenerics,Complex Method,"designitejava,pmd,checkstyle",dubbo-common/src/main/java/org/apache/dubbo/common/utils/ReflectionUtils.java,dubbo-common/src/main/java/org/apache/dubbo/common/utils/ReflectionUtils.java.ReflectionUtils.getClassGenerics.Complex Method,3.3.0-beta.1,3.3.0,3.3.0,2
dubbo,3.3.0-beta.1,org.apache.dubbo.common.utils,SerializeSecurityConfigurator,checkClass,Complex Method,"designitejava,pmd,checkstyle",dubbo-common/src/main/java/org/apache/dubbo/common/utils/SerializeSecurityConfigurator.java,dubbo-common/src/main/java/org/apache/dubbo/common/utils/SerializeSecurityConfigurator.java.SerializeSecurityConfigurator.checkClass.Complex Method,3.3.0-beta.1,3.3.0,3.3.0,2
dubbo,3.2.0,org.apache.dubbo.common.utils,SerializeSecurityConfigurator,checkType,Complex Method,"designitejava,pmd,checkstyle",dubbo-common/src/main/java/org/apache/dubbo/common/utils/SerializeSecurityConfigurator.java,dubbo-common/src/main/java/org/apache/dubbo/common/utils/SerializeSecurityConfigurator.java.SerializeSecurityConfigurator.checkType.Complex Method,3.2.0,3.3.0,3.3.0,3
dubbo,2.7.0,org.apache.dubbo.common.utils,StringUtils,,God Class,"pmd,checkstyle",dubbo-common/src/main/java/org/apache/dubbo/common/utils/StringUtils.java,dubbo-common/src/main/java/org/apache/dubbo/common/utils/StringUtils.java.StringUtils..God Class,2.7.0,3.3.0,3.3.0,7
dubbo,2.7.0,org.apache.dubbo.common.utils,StringUtils,camelToSplitName,Complex Method,"designitejava,pmd",dubbo-common/src/main/java/org/apache/dubbo/common/utils/StringUtils.java,dubbo-common/src/main/java/org/apache/dubbo/common/utils/StringUtils.java.StringUtils.camelToSplitName.Complex Method,2.7.0,3.3.0,3.3.0,7
dubbo,2.7.0,org.apache.dubbo.common.utils,StringUtils,repeat,Complex Method,"designitejava,checkstyle",dubbo-common/src/main/java/org/apache/dubbo/common/utils/StringUtils.java,dubbo-common/src/main/java/org/apache/dubbo/common/utils/StringUtils.java.StringUtils.repeat.Complex Method,2.7.0,3.3.0,3.3.0,7
dubbo,3.3.0,org.apache.dubbo.common.utils,StringUtils,tokenizeToList,Complex Method,"designitejava,pmd,checkstyle",dubbo-common/src/main/java/org/apache/dubbo/common/utils/StringUtils.java,dubbo-common/src/main/java/org/apache/dubbo/common/utils/StringUtils.java.StringUtils.tokenizeToList.Complex Method,3.3.0,3.3.0,3.3.0,1
dubbo,3.3.0-beta.1,org.apache.dubbo.common.utils,ToStringUtils,toString,Complex Method,"designitejava,pmd,checkstyle",dubbo-common/src/main/java/org/apache/dubbo/common/utils/ToStringUtils.java,dubbo-common/src/main/java/org/apache/dubbo/common/utils/ToStringUtils.java.ToStringUtils.toString.Complex Method,3.3.0-beta.1,3.3.0,3.3.0,2
dubbo,2.7.0,org.apache.dubbo.common.utils,UrlUtils,,God Class,"pmd,checkstyle",dubbo-common/src/main/java/org/apache/dubbo/common/utils/UrlUtils.java,dubbo-common/src/main/java/org/apache/dubbo/common/utils/UrlUtils.java.UrlUtils..God Class,2.7.0,3.3.0,3.3.0,7
dubbo,2.7.0,org.apache.dubbo.common.utils,UrlUtils,parseURL,Complex Method,"designitejava,pmd,checkstyle",dubbo-common/src/main/java/org/apache/dubbo/common/utils/UrlUtils.java,dubbo-common/src/main/java/org/apache/dubbo/common/utils/UrlUtils.java.UrlUtils.parseURL.Complex Method,2.7.0,3.3.0,3.3.0,7
dubbo,2.7.0,org.apache.dubbo.common.utils,UrlUtils,revertNotify,Complex Method,"designitejava,pmd,checkstyle",dubbo-common/src/main/java/org/apache/dubbo/common/utils/UrlUtils.java,dubbo-common/src/main/java/org/apache/dubbo/common/utils/UrlUtils.java.UrlUtils.revertNotify.Complex Method,2.7.0,3.3.0,3.3.0,7
dubbo,3.0.0,org.apache.dubbo.common.utils,UrlUtils,valueOf,Complex Method,"designitejava,pmd,checkstyle",dubbo-common/src/main/java/org/apache/dubbo/common/utils/UrlUtils.java,dubbo-common/src/main/java/org/apache/dubbo/common/utils/UrlUtils.java.UrlUtils.valueOf.Complex Method,3.0.0,3.3.0,3.3.0,6
dubbo,3.0.0,org.apache.dubbo.common.utils,Utf8Utils,decodeUtf8,Complex Method,"designitejava,pmd,checkstyle",dubbo-common/src/main/java/org/apache/dubbo/common/utils/Utf8Utils.java,dubbo-common/src/main/java/org/apache/dubbo/common/utils/Utf8Utils.java.Utf8Utils.decodeUtf8.Complex Method,3.0.0,3.3.0,3.3.0,6
dubbo,3.0.0,org.apache.dubbo.config,AbstractConfig,,God Class,"pmd,checkstyle",dubbo-common/src/main/java/org/apache/dubbo/config/AbstractConfig.java,dubbo-common/src/main/java/org/apache/dubbo/config/AbstractConfig.java.AbstractConfig..God Class,3.0.0,3.3.0,3.3.0,6
dubbo,3.0.0,org.apache.dubbo.config,AbstractConfig,appendAnnotation,Complex Method,"pmd,checkstyle",dubbo-common/src/main/java/org/apache/dubbo/config/AbstractConfig.java,dubbo-common/src/main/java/org/apache/dubbo/config/AbstractConfig.java.AbstractConfig.appendAnnotation.Complex Method,3.0.0,3.3.0,3.3.0,6
dubbo,3.0.0,org.apache.dubbo.config,AbstractConfig,appendParameters0,Complex Method,"designitejava,pmd,checkstyle",dubbo-common/src/main/java/org/apache/dubbo/config/AbstractConfig.java,dubbo-common/src/main/java/org/apache/dubbo/config/AbstractConfig.java.AbstractConfig.appendParameters0.Complex Method,3.0.0,3.3.0,3.3.0,6
dubbo,3.1.0,org.apache.dubbo.config,AbstractConfig,assignProperties,Complex Method,"designitejava,pmd,checkstyle",dubbo-common/src/main/java/org/apache/dubbo/config/AbstractConfig.java,dubbo-common/src/main/java/org/apache/dubbo/config/AbstractConfig.java.AbstractConfig.assignProperties.Complex Method,3.1.0,3.3.0,3.3.0,5
dubbo,3.0.0,org.apache.dubbo.config,AbstractConfig,equals,Complex Method,"designitejava,pmd,checkstyle",dubbo-common/src/main/java/org/apache/dubbo/config/AbstractConfig.java,dubbo-common/src/main/java/org/apache/dubbo/config/AbstractConfig.java.AbstractConfig.equals.Complex Method,3.0.0,3.0.0,3.1.0,1
dubbo,3.1.0,org.apache.dubbo.config,AbstractConfig,overrideWithConfig,Complex Method,"designitejava,pmd,checkstyle",dubbo-common/src/main/java/org/apache/dubbo/config/AbstractConfig.java,dubbo-common/src/main/java/org/apache/dubbo/config/AbstractConfig.java.AbstractConfig.overrideWithConfig.Complex Method,3.1.0,3.3.0,3.3.0,5
dubbo,3.0.0,org.apache.dubbo.config,AbstractConfig,refresh,Complex Method,"designitejava,pmd,checkstyle",dubbo-common/src/main/java/org/apache/dubbo/config/AbstractConfig.java,dubbo-common/src/main/java/org/apache/dubbo/config/AbstractConfig.java.AbstractConfig.refresh.Complex Method,3.0.0,3.0.0,3.1.0,1
dubbo,3.0.0,org.apache.dubbo.config,AbstractInterfaceConfig,,God Class,"pmd,checkstyle",dubbo-common/src/main/java/org/apache/dubbo/config/AbstractInterfaceConfig.java,dubbo-common/src/main/java/org/apache/dubbo/config/AbstractInterfaceConfig.java.AbstractInterfaceConfig..God Class,3.0.0,3.3.0,3.3.0,6
dubbo,3.0.0,org.apache.dubbo.config,AbstractInterfaceConfig,completeCompoundConfigs,Complex Method,"designitejava,pmd,checkstyle",dubbo-common/src/main/java/org/apache/dubbo/config/AbstractInterfaceConfig.java,dubbo-common/src/main/java/org/apache/dubbo/config/AbstractInterfaceConfig.java.AbstractInterfaceConfig.completeCompoundConfigs.Complex Method,3.0.0,3.3.0,3.3.0,6
dubbo,3.1.0,org.apache.dubbo.config,AbstractInterfaceConfig,processExtraRefresh,Complex Method,"designitejava,pmd,checkstyle",dubbo-common/src/main/java/org/apache/dubbo/config/AbstractInterfaceConfig.java,dubbo-common/src/main/java/org/apache/dubbo/config/AbstractInterfaceConfig.java.AbstractInterfaceConfig.processExtraRefresh.Complex Method,3.1.0,3.3.0,3.3.0,5
dubbo,3.0.0,org.apache.dubbo.config,ReferenceConfigBase,resolveFile,Complex Method,"designitejava,pmd,checkstyle",dubbo-common/src/main/java/org/apache/dubbo/config/ReferenceConfigBase.java,dubbo-common/src/main/java/org/apache/dubbo/config/ReferenceConfigBase.java.ReferenceConfigBase.resolveFile.Complex Method,3.0.0,3.3.0,3.3.0,6
dubbo,3.0.0,org.apache.dubbo.config,ServiceConfigBase,,God Class,"pmd,checkstyle",dubbo-common/src/main/java/org/apache/dubbo/config/ServiceConfigBase.java,dubbo-common/src/main/java/org/apache/dubbo/config/ServiceConfigBase.java.ServiceConfigBase..God Class,3.0.0,3.3.0,3.3.0,6
dubbo,3.1.0,org.apache.dubbo.config.context,AbstractConfigManager,,God Class,"pmd,checkstyle",dubbo-common/src/main/java/org/apache/dubbo/config/context/AbstractConfigManager.java,dubbo-common/src/main/java/org/apache/dubbo/config/context/AbstractConfigManager.java.AbstractConfigManager..God Class,3.1.0,3.3.0,3.3.0,5
dubbo,3.1.0,org.apache.dubbo.config.context,AbstractConfigManager,checkUniqueConfig,Complex Method,"designitejava,pmd,checkstyle",dubbo-common/src/main/java/org/apache/dubbo/config/context/AbstractConfigManager.java,dubbo-common/src/main/java/org/apache/dubbo/config/context/AbstractConfigManager.java.AbstractConfigManager.checkUniqueConfig.Complex Method,3.1.0,3.3.0,3.3.0,5
dubbo,3.0.0,org.apache.dubbo.config.context,ConfigManager,,God Class,"pmd,checkstyle",dubbo-common/src/main/java/org/apache/dubbo/config/context/ConfigManager.java,dubbo-common/src/main/java/org/apache/dubbo/config/context/ConfigManager.java.ConfigManager..God Class,3.0.0,3.3.0,3.3.0,6
dubbo,3.1.0,org.apache.dubbo.config.context,ModuleConfigManager,findDuplicatedInterfaceConfig,Complex Method,"designitejava,pmd,checkstyle",dubbo-common/src/main/java/org/apache/dubbo/config/context/ModuleConfigManager.java,dubbo-common/src/main/java/org/apache/dubbo/config/context/ModuleConfigManager.java.ModuleConfigManager.findDuplicatedInterfaceConfig.Complex Method,3.1.0,3.3.0,3.3.0,5
dubbo,3.1.0,org.apache.dubbo.metadata.definition.util,ClassUtils,getCanonicalNameForParameterizedType,Complex Method,"designitejava,pmd",dubbo-common/src/main/java/org/apache/dubbo/metadata/definition/util/ClassUtils.java,dubbo-common/src/main/java/org/apache/dubbo/metadata/definition/util/ClassUtils.java.ClassUtils.getCanonicalNameForParameterizedType.Complex Method,3.1.0,3.3.0,3.3.0,5
dubbo,3.0.0,org.apache.dubbo.rpc.model,MethodDescriptor,needWrap,Complex Method,"designitejava,pmd,checkstyle",dubbo-common/src/main/java/org/apache/dubbo/rpc/model/MethodDescriptor.java,dubbo-common/src/main/java/org/apache/dubbo/rpc/model/MethodDescriptor.java.MethodDescriptor.needWrap.Complex Method,3.0.0,3.0.0,3.1.0,1
dubbo,2.0.7,com.alibaba.dubbo.common.model.media,Image,equals,Complex Method,"designitejava,checkstyle",dubbo-common/src/test/java/com/alibaba/dubbo/common/model/media/Image.java,dubbo-common/src/test/java/com/alibaba/dubbo/common/model/media/Image.java.Image.equals.Complex Method,2.0.7,2.6.0,2.7.0,7
dubbo,2.0.7,com.alibaba.dubbo.common.model.media,Media,equals,Complex Method,"designitejava,pmd,checkstyle",dubbo-common/src/test/java/com/alibaba/dubbo/common/model/media/Media.java,dubbo-common/src/test/java/com/alibaba/dubbo/common/model/media/Media.java.Media.equals.Complex Method,2.0.7,2.6.0,2.7.0,7
dubbo,2.0.7,com.alibaba.dubbo.common.model.person,BigPerson,equals,Complex Method,"designitejava,pmd,checkstyle",dubbo-common/src/test/java/com/alibaba/dubbo/common/model/person/BigPerson.java,dubbo-common/src/test/java/com/alibaba/dubbo/common/model/person/BigPerson.java.BigPerson.equals.Complex Method,2.0.7,2.6.0,2.7.0,7
dubbo,2.0.7,com.alibaba.dubbo.common.model.person,FullAddress,equals,Complex Method,"designitejava,pmd,checkstyle",dubbo-common/src/test/java/com/alibaba/dubbo/common/model/person/FullAddress.java,dubbo-common/src/test/java/com/alibaba/dubbo/common/model/person/FullAddress.java.FullAddress.equals.Complex Method,2.0.7,2.6.0,2.7.0,7
dubbo,2.0.7,com.alibaba.dubbo.common.model.person,PersonInfo,equals,Complex Method,"designitejava,pmd,checkstyle",dubbo-common/src/test/java/com/alibaba/dubbo/common/model/person/PersonInfo.java,dubbo-common/src/test/java/com/alibaba/dubbo/common/model/person/PersonInfo.java.PersonInfo.equals.Complex Method,2.0.7,2.6.0,2.7.0,7
dubbo,2.0.7,com.alibaba.dubbo.common.model.person,Phone,equals,Complex Method,"designitejava,pmd,checkstyle",dubbo-common/src/test/java/com/alibaba/dubbo/common/model/person/Phone.java,dubbo-common/src/test/java/com/alibaba/dubbo/common/model/person/Phone.java.Phone.equals.Complex Method,2.0.7,2.6.0,2.7.0,7
dubbo,2.0.7,com.alibaba.dubbo.common.serialize.serialization,AbstractSerializationTest,,God Class,"pmd,checkstyle",dubbo-common/src/test/java/com/alibaba/dubbo/common/serialize/serialization/AbstractSerializationTest.java,dubbo-common/src/test/java/com/alibaba/dubbo/common/serialize/serialization/AbstractSerializationTest.java.AbstractSerializationTest..God Class,2.0.7,2.6.0,2.7.0,7
dubbo,3.1.0,org.apache.dubbo.common.beans,InstantiationStrategyTest,testCreateBeanWithScopeModelArgument,Feature Envy,"designitejava,checkstyle",dubbo-common/src/test/java/org/apache/dubbo/common/beans/InstantiationStrategyTest.java,dubbo-common/src/test/java/org/apache/dubbo/common/beans/InstantiationStrategyTest.java.InstantiationStrategyTest.testCreateBeanWithScopeModelArgument.Feature Envy,3.1.0,3.3.0,3.3.0,5
dubbo,2.7.0,org.apache.dubbo.common.model.media,Image,equals,Complex Method,"designitejava,checkstyle",dubbo-common/src/test/java/org/apache/dubbo/common/model/media/Image.java,dubbo-common/src/test/java/org/apache/dubbo/common/model/media/Image.java.Image.equals.Complex Method,2.7.0,3.3.0,3.3.0,7
dubbo,2.7.0,org.apache.dubbo.common.model.media,Media,equals,Complex Method,"designitejava,pmd,checkstyle",dubbo-common/src/test/java/org/apache/dubbo/common/model/media/Media.java,dubbo-common/src/test/java/org/apache/dubbo/common/model/media/Media.java.Media.equals.Complex Method,2.7.0,3.3.0,3.3.0,7
dubbo,2.7.0,org.apache.dubbo.common.model.person,BigPerson,equals,Complex Method,"designitejava,pmd,checkstyle",dubbo-common/src/test/java/org/apache/dubbo/common/model/person/BigPerson.java,dubbo-common/src/test/java/org/apache/dubbo/common/model/person/BigPerson.java.BigPerson.equals.Complex Method,2.7.0,3.3.0,3.3.0,7
dubbo,2.7.0,org.apache.dubbo.common.model.person,FullAddress,equals,Complex Method,"designitejava,pmd,checkstyle",dubbo-common/src/test/java/org/apache/dubbo/common/model/person/FullAddress.java,dubbo-common/src/test/java/org/apache/dubbo/common/model/person/FullAddress.java.FullAddress.equals.Complex Method,2.7.0,3.3.0,3.3.0,7
dubbo,2.7.0,org.apache.dubbo.common.model.person,PersonInfo,equals,Complex Method,"designitejava,pmd,checkstyle",dubbo-common/src/test/java/org/apache/dubbo/common/model/person/PersonInfo.java,dubbo-common/src/test/java/org/apache/dubbo/common/model/person/PersonInfo.java.PersonInfo.equals.Complex Method,2.7.0,3.3.0,3.3.0,7
dubbo,2.7.0,org.apache.dubbo.common.model.person,Phone,equals,Complex Method,"designitejava,pmd,checkstyle",dubbo-common/src/test/java/org/apache/dubbo/common/model/person/Phone.java,dubbo-common/src/test/java/org/apache/dubbo/common/model/person/Phone.java.Phone.equals.Complex Method,2.7.0,3.3.0,3.3.0,7
dubbo,3.1.0,org.apache.dubbo.metadata.definition,ServiceDefinitionBuilderTest,checkComplexObjectAsParam,Complex Method,"designitejava,checkstyle",dubbo-common/src/test/java/org/apache/dubbo/metadata/definition/ServiceDefinitionBuilderTest.java,dubbo-common/src/test/java/org/apache/dubbo/metadata/definition/ServiceDefinitionBuilderTest.java.ServiceDefinitionBuilderTest.checkComplexObjectAsParam.Complex Method,3.1.0,3.3.0,3.3.0,5
dubbo,3.1.0,org.apache.dubbo.metadata.definition.service,DemoService,findComplexObject,Long Parameter List,"designitejava,checkstyle",dubbo-common/src/test/java/org/apache/dubbo/metadata/definition/service/DemoService.java,dubbo-common/src/test/java/org/apache/dubbo/metadata/definition/service/DemoService.java.DemoService.findComplexObject.Long Parameter List,3.1.0,3.3.0,3.3.0,5
dubbo,3.0.0,org.apache.dubbo.rpc.model.media,Image,equals,Complex Method,"designitejava,checkstyle",dubbo-common/src/test/java/org/apache/dubbo/rpc/model/media/Image.java,dubbo-common/src/test/java/org/apache/dubbo/rpc/model/media/Image.java.Image.equals.Complex Method,3.0.0,3.3.0,3.3.0,6
dubbo,3.0.0,org.apache.dubbo.rpc.model.media,Media,equals,Complex Method,"designitejava,pmd,checkstyle",dubbo-common/src/test/java/org/apache/dubbo/rpc/model/media/Media.java,dubbo-common/src/test/java/org/apache/dubbo/rpc/model/media/Media.java.Media.equals.Complex Method,3.0.0,3.3.0,3.3.0,6
dubbo,3.0.0,org.apache.dubbo.rpc.model.person,BigPerson,equals,Complex Method,"designitejava,pmd,checkstyle",dubbo-common/src/test/java/org/apache/dubbo/rpc/model/person/BigPerson.java,dubbo-common/src/test/java/org/apache/dubbo/rpc/model/person/BigPerson.java.BigPerson.equals.Complex Method,3.0.0,3.3.0,3.3.0,6
dubbo,3.0.0,org.apache.dubbo.rpc.model.person,FullAddress,equals,Complex Method,"designitejava,pmd,checkstyle",dubbo-common/src/test/java/org/apache/dubbo/rpc/model/person/FullAddress.java,dubbo-common/src/test/java/org/apache/dubbo/rpc/model/person/FullAddress.java.FullAddress.equals.Complex Method,3.0.0,3.3.0,3.3.0,6
dubbo,3.0.0,org.apache.dubbo.rpc.model.person,PersonInfo,equals,Complex Method,"designitejava,pmd,checkstyle",dubbo-common/src/test/java/org/apache/dubbo/rpc/model/person/PersonInfo.java,dubbo-common/src/test/java/org/apache/dubbo/rpc/model/person/PersonInfo.java.PersonInfo.equals.Complex Method,3.0.0,3.3.0,3.3.0,6
dubbo,3.0.0,org.apache.dubbo.rpc.model.person,Phone,equals,Complex Method,"designitejava,pmd,checkstyle",dubbo-common/src/test/java/org/apache/dubbo/rpc/model/person/Phone.java,dubbo-common/src/test/java/org/apache/dubbo/rpc/model/person/Phone.java.Phone.equals.Complex Method,3.0.0,3.3.0,3.3.0,6
dubbo,3.3.0-beta.1,com.alibaba.dubbo.common,DelegateURL,,God Class,"pmd,checkstyle",dubbo-compatible/src/main/java/com/alibaba/dubbo/common/DelegateURL.java,dubbo-compatible/src/main/java/com/alibaba/dubbo/common/DelegateURL.java.DelegateURL..God Class,3.3.0-beta.1,3.3.0,3.3.0,2
dubbo,2.7.0,com.alibaba.dubbo.common,URL,,God Class,"pmd,checkstyle",dubbo-compatible/src/main/java/com/alibaba/dubbo/common/URL.java,dubbo-compatible/src/main/java/com/alibaba/dubbo/common/URL.java.URL..God Class,2.7.0,3.3.0,3.3.0,7
dubbo,3.1.0,com.alibaba.dubbo.container.page,PageServlet,doPost,Complex Method,"designitejava,pmd,checkstyle",dubbo-compatible/src/main/java/com/alibaba/dubbo/container/page/PageServlet.java,dubbo-compatible/src/main/java/com/alibaba/dubbo/container/page/PageServlet.java.PageServlet.doPost.Complex Method,3.1.0,3.3.0,3.3.0,5
dubbo,3.1.0,com.alibaba.dubbo.container.page,PageServlet,writeTable,Complex Method,"pmd,checkstyle",dubbo-compatible/src/main/java/com/alibaba/dubbo/container/page/PageServlet.java,dubbo-compatible/src/main/java/com/alibaba/dubbo/container/page/PageServlet.java.PageServlet.writeTable.Complex Method,3.1.0,3.3.0,3.3.0,5
dubbo,2.7.0,org.apache.dubbo.config.spring.beans.factory.annotation,CompatibleServiceAnnotationBeanPostProcessor,resolveBeanNameGenerator,Feature Envy,"designitejava,checkstyle",dubbo-compatible/src/main/java/org/apache/dubbo/config/spring/beans/factory/annotation/CompatibleServiceAnnotationBeanPostProcessor.java,dubbo-compatible/src/main/java/org/apache/dubbo/config/spring/beans/factory/annotation/CompatibleServiceAnnotationBeanPostProcessor.java.CompatibleServiceAnnotationBeanPostProcessor.resolveBeanNameGenerator.Feature Envy,2.7.0,2.7.0,3.0.0,1
dubbo,2.7.0,org.apache.dubbo.generic,GenericServiceTest,createComplexObject,Long Parameter List,"designitejava,checkstyle",dubbo-compatible/src/test/java/org/apache/dubbo/generic/GenericServiceTest.java,dubbo-compatible/src/test/java/org/apache/dubbo/generic/GenericServiceTest.java.GenericServiceTest.createComplexObject.Long Parameter List,2.7.0,3.3.0,3.3.0,7
dubbo,2.7.0,org.apache.dubbo.generic,GenericServiceTest,createComplextObject,Long Parameter List,"designitejava,checkstyle",dubbo-compatible/src/test/java/org/apache/dubbo/generic/GenericServiceTest.java,dubbo-compatible/src/test/java/org/apache/dubbo/generic/GenericServiceTest.java.GenericServiceTest.createComplextObject.Long Parameter List,2.7.0,2.7.0,3.0.0,1
dubbo,2.7.0,org.apache.dubbo.service,DemoService,findComplexObject,Long Parameter List,"designitejava,checkstyle",dubbo-compatible/src/test/java/org/apache/dubbo/service/DemoService.java,dubbo-compatible/src/test/java/org/apache/dubbo/service/DemoService.java.DemoService.findComplexObject.Long Parameter List,2.7.0,3.3.0,3.3.0,7
dubbo,2.7.0,org.apache.dubbo.service,DemoServiceImpl,findComplexObject,Long Parameter List,"designitejava,checkstyle",dubbo-compatible/src/test/java/org/apache/dubbo/service/DemoServiceImpl.java,dubbo-compatible/src/test/java/org/apache/dubbo/service/DemoServiceImpl.java.DemoServiceImpl.findComplexObject.Long Parameter List,2.7.0,3.3.0,3.3.0,7
dubbo,2.2.0,com.alibaba.dubbo.config,AbstractConfig,,God Class,"pmd,checkstyle",dubbo-config/dubbo-config-api/src/main/java/com/alibaba/dubbo/config/AbstractConfig.java,dubbo-config/dubbo-config-api/src/main/java/com/alibaba/dubbo/config/AbstractConfig.java.AbstractConfig..God Class,2.2.0,2.6.0,2.7.0,5
dubbo,2.2.0,com.alibaba.dubbo.config,AbstractConfig,appendAnnotation,Complex Method,"pmd,checkstyle",dubbo-config/dubbo-config-api/src/main/java/com/alibaba/dubbo/config/AbstractConfig.java,dubbo-config/dubbo-config-api/src/main/java/com/alibaba/dubbo/config/AbstractConfig.java.AbstractConfig.appendAnnotation.Complex Method,2.2.0,2.6.0,2.7.0,5
dubbo,2.2.0,com.alibaba.dubbo.config,AbstractConfig,appendAttributes,Complex Method,"designitejava,pmd,checkstyle",dubbo-config/dubbo-config-api/src/main/java/com/alibaba/dubbo/config/AbstractConfig.java,dubbo-config/dubbo-config-api/src/main/java/com/alibaba/dubbo/config/AbstractConfig.java.AbstractConfig.appendAttributes.Complex Method,2.2.0,2.6.0,2.7.0,5
dubbo,2.2.0,com.alibaba.dubbo.config,AbstractConfig,appendParameters,Complex Method,"designitejava,pmd,checkstyle",dubbo-config/dubbo-config-api/src/main/java/com/alibaba/dubbo/config/AbstractConfig.java,dubbo-config/dubbo-config-api/src/main/java/com/alibaba/dubbo/config/AbstractConfig.java.AbstractConfig.appendParameters.Complex Method,2.2.0,2.6.0,2.7.0,5
dubbo,2.2.0,com.alibaba.dubbo.config,AbstractConfig,appendProperties,Complex Method,"designitejava,pmd,checkstyle",dubbo-config/dubbo-config-api/src/main/java/com/alibaba/dubbo/config/AbstractConfig.java,dubbo-config/dubbo-config-api/src/main/java/com/alibaba/dubbo/config/AbstractConfig.java.AbstractConfig.appendProperties.Complex Method,2.2.0,2.6.0,2.7.0,5
dubbo,2.2.0,com.alibaba.dubbo.config,AbstractConfig,convertPrimitive,Complex Method,"designitejava,pmd,checkstyle",dubbo-config/dubbo-config-api/src/main/java/com/alibaba/dubbo/config/AbstractConfig.java,dubbo-config/dubbo-config-api/src/main/java/com/alibaba/dubbo/config/AbstractConfig.java.AbstractConfig.convertPrimitive.Complex Method,2.2.0,2.6.0,2.7.0,5
dubbo,2.2.0,com.alibaba.dubbo.config,AbstractInterfaceConfig,,God Class,"pmd,checkstyle",dubbo-config/dubbo-config-api/src/main/java/com/alibaba/dubbo/config/AbstractInterfaceConfig.java,dubbo-config/dubbo-config-api/src/main/java/com/alibaba/dubbo/config/AbstractInterfaceConfig.java.AbstractInterfaceConfig..God Class,2.2.0,2.6.0,2.7.0,5
dubbo,2.2.0,com.alibaba.dubbo.config,AbstractInterfaceConfig,checkInterfaceAndMethods,Complex Method,"designitejava,pmd,checkstyle",dubbo-config/dubbo-config-api/src/main/java/com/alibaba/dubbo/config/AbstractInterfaceConfig.java,dubbo-config/dubbo-config-api/src/main/java/com/alibaba/dubbo/config/AbstractInterfaceConfig.java.AbstractInterfaceConfig.checkInterfaceAndMethods.Complex Method,2.2.0,2.6.0,2.7.0,5
dubbo,2.2.0,com.alibaba.dubbo.config,AbstractInterfaceConfig,checkStubAndMock,Complex Method,"designitejava,pmd,checkstyle",dubbo-config/dubbo-config-api/src/main/java/com/alibaba/dubbo/config/AbstractInterfaceConfig.java,dubbo-config/dubbo-config-api/src/main/java/com/alibaba/dubbo/config/AbstractInterfaceConfig.java.AbstractInterfaceConfig.checkStubAndMock.Complex Method,2.2.0,2.6.0,2.7.0,5
dubbo,2.2.0,com.alibaba.dubbo.config,AbstractInterfaceConfig,loadMonitor,Complex Method,"designitejava,pmd,checkstyle",dubbo-config/dubbo-config-api/src/main/java/com/alibaba/dubbo/config/AbstractInterfaceConfig.java,dubbo-config/dubbo-config-api/src/main/java/com/alibaba/dubbo/config/AbstractInterfaceConfig.java.AbstractInterfaceConfig.loadMonitor.Complex Method,2.2.0,2.6.0,2.7.0,5
dubbo,2.2.0,com.alibaba.dubbo.config,AbstractInterfaceConfig,loadRegistries,Complex Method,"designitejava,pmd,checkstyle",dubbo-config/dubbo-config-api/src/main/java/com/alibaba/dubbo/config/AbstractInterfaceConfig.java,dubbo-config/dubbo-config-api/src/main/java/com/alibaba/dubbo/config/AbstractInterfaceConfig.java.AbstractInterfaceConfig.loadRegistries.Complex Method,2.2.0,2.6.0,2.7.0,5
dubbo,2.2.0,com.alibaba.dubbo.config,ReferenceConfig,,God Class,"pmd,checkstyle",dubbo-config/dubbo-config-api/src/main/java/com/alibaba/dubbo/config/ReferenceConfig.java,dubbo-config/dubbo-config-api/src/main/java/com/alibaba/dubbo/config/ReferenceConfig.java.ReferenceConfig..God Class,2.2.0,2.6.0,2.7.0,5
dubbo,2.2.0,com.alibaba.dubbo.config,ReferenceConfig,createProxy,Complex Method,"designitejava,pmd,checkstyle",dubbo-config/dubbo-config-api/src/main/java/com/alibaba/dubbo/config/ReferenceConfig.java,dubbo-config/dubbo-config-api/src/main/java/com/alibaba/dubbo/config/ReferenceConfig.java.ReferenceConfig.createProxy.Complex Method,2.2.0,2.6.0,2.7.0,5
dubbo,2.2.0,com.alibaba.dubbo.config,ReferenceConfig,init,Complex Method,"designitejava,pmd,checkstyle",dubbo-config/dubbo-config-api/src/main/java/com/alibaba/dubbo/config/ReferenceConfig.java,dubbo-config/dubbo-config-api/src/main/java/com/alibaba/dubbo/config/ReferenceConfig.java.ReferenceConfig.init.Complex Method,2.2.0,2.6.0,2.7.0,5
dubbo,2.2.0,com.alibaba.dubbo.config,ServiceConfig,,God Class,"pmd,checkstyle",dubbo-config/dubbo-config-api/src/main/java/com/alibaba/dubbo/config/ServiceConfig.java,dubbo-config/dubbo-config-api/src/main/java/com/alibaba/dubbo/config/ServiceConfig.java.ServiceConfig..God Class,2.2.0,2.6.0,2.7.0,5
dubbo,2.2.0,com.alibaba.dubbo.config,ServiceConfig,doExport,Complex Method,"designitejava,pmd,checkstyle",dubbo-config/dubbo-config-api/src/main/java/com/alibaba/dubbo/config/ServiceConfig.java,dubbo-config/dubbo-config-api/src/main/java/com/alibaba/dubbo/config/ServiceConfig.java.ServiceConfig.doExport.Complex Method,2.2.0,2.6.0,2.7.0,5
dubbo,2.2.0,com.alibaba.dubbo.config,ServiceConfig,doExportUrls,Complex Method,"designitejava,pmd,checkstyle",dubbo-config/dubbo-config-api/src/main/java/com/alibaba/dubbo/config/ServiceConfig.java,dubbo-config/dubbo-config-api/src/main/java/com/alibaba/dubbo/config/ServiceConfig.java.ServiceConfig.doExportUrls.Complex Method,2.2.0,2.5.0,2.6.0,4
dubbo,2.6.0,com.alibaba.dubbo.config,ServiceConfig,doExportUrlsFor1Protocol,Complex Method,"designitejava,pmd,checkstyle",dubbo-config/dubbo-config-api/src/main/java/com/alibaba/dubbo/config/ServiceConfig.java,dubbo-config/dubbo-config-api/src/main/java/com/alibaba/dubbo/config/ServiceConfig.java.ServiceConfig.doExportUrlsFor1Protocol.Complex Method,2.6.0,2.6.0,2.7.0,1
dubbo,2.6.0,com.alibaba.dubbo.config,ServiceConfig,findConfigedHosts,Complex Method,"designitejava,pmd,checkstyle",dubbo-config/dubbo-config-api/src/main/java/com/alibaba/dubbo/config/ServiceConfig.java,dubbo-config/dubbo-config-api/src/main/java/com/alibaba/dubbo/config/ServiceConfig.java.ServiceConfig.findConfigedHosts.Complex Method,2.6.0,2.6.0,2.7.0,1
dubbo,2.6.0,com.alibaba.dubbo.config,ServiceConfig,findConfigedPorts,Complex Method,"pmd,checkstyle",dubbo-config/dubbo-config-api/src/main/java/com/alibaba/dubbo/config/ServiceConfig.java,dubbo-config/dubbo-config-api/src/main/java/com/alibaba/dubbo/config/ServiceConfig.java.ServiceConfig.findConfigedPorts.Complex Method,2.6.0,2.6.0,2.7.0,1
dubbo,2.7.0,org.apache.dubbo.config,AbstractConfig,,God Class,"pmd,checkstyle",dubbo-config/dubbo-config-api/src/main/java/org/apache/dubbo/config/AbstractConfig.java,dubbo-config/dubbo-config-api/src/main/java/org/apache/dubbo/config/AbstractConfig.java.AbstractConfig..God Class,2.7.0,2.7.0,3.0.0,1
dubbo,2.7.0,org.apache.dubbo.config,AbstractConfig,appendAnnotation,Complex Method,"pmd,checkstyle",dubbo-config/dubbo-config-api/src/main/java/org/apache/dubbo/config/AbstractConfig.java,dubbo-config/dubbo-config-api/src/main/java/org/apache/dubbo/config/AbstractConfig.java.AbstractConfig.appendAnnotation.Complex Method,2.7.0,2.7.0,3.0.0,1
dubbo,2.7.0,org.apache.dubbo.config,AbstractConfig,appendAttributes,Complex Method,"designitejava,pmd,checkstyle",dubbo-config/dubbo-config-api/src/main/java/org/apache/dubbo/config/AbstractConfig.java,dubbo-config/dubbo-config-api/src/main/java/org/apache/dubbo/config/AbstractConfig.java.AbstractConfig.appendAttributes.Complex Method,2.7.0,2.7.0,3.0.0,1
dubbo,2.7.0,org.apache.dubbo.config,AbstractConfig,appendParameters,Complex Method,"designitejava,pmd,checkstyle",dubbo-config/dubbo-config-api/src/main/java/org/apache/dubbo/config/AbstractConfig.java,dubbo-config/dubbo-config-api/src/main/java/org/apache/dubbo/config/AbstractConfig.java.AbstractConfig.appendParameters.Complex Method,2.7.0,2.7.0,3.0.0,1
dubbo,2.7.0,org.apache.dubbo.config,AbstractConfig,equals,Complex Method,"pmd,checkstyle",dubbo-config/dubbo-config-api/src/main/java/org/apache/dubbo/config/AbstractConfig.java,dubbo-config/dubbo-config-api/src/main/java/org/apache/dubbo/config/AbstractConfig.java.AbstractConfig.equals.Complex Method,2.7.0,2.7.0,3.0.0,1
dubbo,2.7.0,org.apache.dubbo.config,AbstractConfig,getMetaData,Complex Method,"designitejava,pmd,checkstyle",dubbo-config/dubbo-config-api/src/main/java/org/apache/dubbo/config/AbstractConfig.java,dubbo-config/dubbo-config-api/src/main/java/org/apache/dubbo/config/AbstractConfig.java.AbstractConfig.getMetaData.Complex Method,2.7.0,2.7.0,3.0.0,1
dubbo,2.7.0,org.apache.dubbo.config,AbstractInterfaceConfig,,God Class,"pmd,checkstyle",dubbo-config/dubbo-config-api/src/main/java/org/apache/dubbo/config/AbstractInterfaceConfig.java,dubbo-config/dubbo-config-api/src/main/java/org/apache/dubbo/config/AbstractInterfaceConfig.java.AbstractInterfaceConfig..God Class,2.7.0,2.7.0,3.0.0,1
dubbo,2.7.0,org.apache.dubbo.config,AbstractInterfaceConfig,loadMonitor,Complex Method,"designitejava,checkstyle",dubbo-config/dubbo-config-api/src/main/java/org/apache/dubbo/config/AbstractInterfaceConfig.java,dubbo-config/dubbo-config-api/src/main/java/org/apache/dubbo/config/AbstractInterfaceConfig.java.AbstractInterfaceConfig.loadMonitor.Complex Method,2.7.0,2.7.0,3.0.0,1
dubbo,2.7.0,org.apache.dubbo.config,AbstractInterfaceConfig,loadRegistries,Complex Method,"designitejava,pmd,checkstyle",dubbo-config/dubbo-config-api/src/main/java/org/apache/dubbo/config/AbstractInterfaceConfig.java,dubbo-config/dubbo-config-api/src/main/java/org/apache/dubbo/config/AbstractInterfaceConfig.java.AbstractInterfaceConfig.loadRegistries.Complex Method,2.7.0,2.7.0,3.0.0,1
dubbo,2.7.0,org.apache.dubbo.config,AbstractInterfaceConfig,prepareEnvironment,Feature Envy,"designitejava,checkstyle",dubbo-config/dubbo-config-api/src/main/java/org/apache/dubbo/config/AbstractInterfaceConfig.java,dubbo-config/dubbo-config-api/src/main/java/org/apache/dubbo/config/AbstractInterfaceConfig.java.AbstractInterfaceConfig.prepareEnvironment.Feature Envy,2.7.0,2.7.0,3.0.0,1
dubbo,3.2.0-beta.1,org.apache.dubbo.config,DubboShutdownHook,doDestroy,Complex Method,"designitejava,pmd,checkstyle",dubbo-config/dubbo-config-api/src/main/java/org/apache/dubbo/config/DubboShutdownHook.java,dubbo-config/dubbo-config-api/src/main/java/org/apache/dubbo/config/DubboShutdownHook.java.DubboShutdownHook.doDestroy.Complex Method,3.2.0-beta.1,3.3.0,3.3.0,4
dubbo,2.7.0,org.apache.dubbo.config,ProtocolConfig,,God Class,"pmd,checkstyle",dubbo-config/dubbo-config-api/src/main/java/org/apache/dubbo/config/ProtocolConfig.java,dubbo-config/dubbo-config-api/src/main/java/org/apache/dubbo/config/ProtocolConfig.java.ProtocolConfig..God Class,2.7.0,2.7.0,3.0.0,1
dubbo,2.7.0,org.apache.dubbo.config,ReferenceConfig,,God Class,"pmd,checkstyle",dubbo-config/dubbo-config-api/src/main/java/org/apache/dubbo/config/ReferenceConfig.java,dubbo-config/dubbo-config-api/src/main/java/org/apache/dubbo/config/ReferenceConfig.java.ReferenceConfig..God Class,2.7.0,3.3.0,3.3.0,7
dubbo,3.1.0,org.apache.dubbo.config,ReferenceConfig,appendConfig,Complex Method,"designitejava,pmd",dubbo-config/dubbo-config-api/src/main/java/org/apache/dubbo/config/ReferenceConfig.java,dubbo-config/dubbo-config-api/src/main/java/org/apache/dubbo/config/ReferenceConfig.java.ReferenceConfig.appendConfig.Complex Method,3.1.0,3.3.0,3.3.0,5
dubbo,3.1.0,org.apache.dubbo.config,ReferenceConfig,checkAndUpdateSubConfigs,Complex Method,"pmd,checkstyle",dubbo-config/dubbo-config-api/src/main/java/org/apache/dubbo/config/ReferenceConfig.java,dubbo-config/dubbo-config-api/src/main/java/org/apache/dubbo/config/ReferenceConfig.java.ReferenceConfig.checkAndUpdateSubConfigs.Complex Method,3.1.0,3.3.0,3.3.0,5
dubbo,2.7.0,org.apache.dubbo.config,ReferenceConfig,completeCompoundConfigs,Complex Method,"designitejava,pmd,checkstyle",dubbo-config/dubbo-config-api/src/main/java/org/apache/dubbo/config/ReferenceConfig.java,dubbo-config/dubbo-config-api/src/main/java/org/apache/dubbo/config/ReferenceConfig.java.ReferenceConfig.completeCompoundConfigs.Complex Method,2.7.0,2.7.0,3.0.0,1
dubbo,2.7.0,org.apache.dubbo.config,ReferenceConfig,createProxy,Complex Method,"designitejava,pmd,checkstyle",dubbo-config/dubbo-config-api/src/main/java/org/apache/dubbo/config/ReferenceConfig.java,dubbo-config/dubbo-config-api/src/main/java/org/apache/dubbo/config/ReferenceConfig.java.ReferenceConfig.createProxy.Complex Method,2.7.0,3.0.0,3.1.0,2
dubbo,2.7.0,org.apache.dubbo.config,ReferenceConfig,init,Complex Method,"designitejava,pmd,checkstyle",dubbo-config/dubbo-config-api/src/main/java/org/apache/dubbo/config/ReferenceConfig.java,dubbo-config/dubbo-config-api/src/main/java/org/apache/dubbo/config/ReferenceConfig.java.ReferenceConfig.init.Complex Method,2.7.0,3.2.0,3.3.0-beta.1,5
dubbo,2.7.0,org.apache.dubbo.config,ReferenceConfig,resolveFile,Complex Method,"designitejava,pmd,checkstyle",dubbo-config/dubbo-config-api/src/main/java/org/apache/dubbo/config/ReferenceConfig.java,dubbo-config/dubbo-config-api/src/main/java/org/apache/dubbo/config/ReferenceConfig.java.ReferenceConfig.resolveFile.Complex Method,2.7.0,2.7.0,3.0.0,1
dubbo,2.7.0,org.apache.dubbo.config,ServiceConfig,,God Class,"pmd,checkstyle",dubbo-config/dubbo-config-api/src/main/java/org/apache/dubbo/config/ServiceConfig.java,dubbo-config/dubbo-config-api/src/main/java/org/apache/dubbo/config/ServiceConfig.java.ServiceConfig..God Class,2.7.0,3.3.0,3.3.0,7
dubbo,3.1.0,org.apache.dubbo.config,ServiceConfig,buildAttributes,Complex Method,"designitejava,pmd,checkstyle",dubbo-config/dubbo-config-api/src/main/java/org/apache/dubbo/config/ServiceConfig.java,dubbo-config/dubbo-config-api/src/main/java/org/apache/dubbo/config/ServiceConfig.java.ServiceConfig.buildAttributes.Complex Method,3.1.0,3.3.0,3.3.0,5
dubbo,2.7.0,org.apache.dubbo.config,ServiceConfig,checkAndUpdateSubConfigs,Complex Method,"designitejava,pmd,checkstyle",dubbo-config/dubbo-config-api/src/main/java/org/apache/dubbo/config/ServiceConfig.java,dubbo-config/dubbo-config-api/src/main/java/org/apache/dubbo/config/ServiceConfig.java.ServiceConfig.checkAndUpdateSubConfigs.Complex Method,2.7.0,3.3.0,3.3.0,7
dubbo,2.7.0,org.apache.dubbo.config,ServiceConfig,completeCompoundConfigs,Complex Method,"designitejava,pmd,checkstyle",dubbo-config/dubbo-config-api/src/main/java/org/apache/dubbo/config/ServiceConfig.java,dubbo-config/dubbo-config-api/src/main/java/org/apache/dubbo/config/ServiceConfig.java.ServiceConfig.completeCompoundConfigs.Complex Method,2.7.0,2.7.0,3.0.0,1
dubbo,2.7.0,org.apache.dubbo.config,ServiceConfig,doExportUrlsFor1Protocol,Complex Method,"designitejava,pmd,checkstyle",dubbo-config/dubbo-config-api/src/main/java/org/apache/dubbo/config/ServiceConfig.java,dubbo-config/dubbo-config-api/src/main/java/org/apache/dubbo/config/ServiceConfig.java.ServiceConfig.doExportUrlsFor1Protocol.Complex Method,2.7.0,3.0.0,3.1.0,2
dubbo,3.1.0,org.apache.dubbo.config,ServiceConfig,exportRemote,Complex Method,"designitejava,pmd",dubbo-config/dubbo-config-api/src/main/java/org/apache/dubbo/config/ServiceConfig.java,dubbo-config/dubbo-config-api/src/main/java/org/apache/dubbo/config/ServiceConfig.java.ServiceConfig.exportRemote.Complex Method,3.1.0,3.3.0,3.3.0,5
dubbo,3.2.0-beta.1,org.apache.dubbo.config,ServiceConfig,exportUrl,Complex Method,"designitejava,pmd,checkstyle",dubbo-config/dubbo-config-api/src/main/java/org/apache/dubbo/config/ServiceConfig.java,dubbo-config/dubbo-config-api/src/main/java/org/apache/dubbo/config/ServiceConfig.java.ServiceConfig.exportUrl.Complex Method,3.2.0-beta.1,3.3.0,3.3.0,4
dubbo,2.7.0,org.apache.dubbo.config,ServiceConfig,findConfigedHosts,Complex Method,"designitejava,pmd,checkstyle",dubbo-config/dubbo-config-api/src/main/java/org/apache/dubbo/config/ServiceConfig.java,dubbo-config/dubbo-config-api/src/main/java/org/apache/dubbo/config/ServiceConfig.java.ServiceConfig.findConfigedHosts.Complex Method,2.7.0,3.0.0,3.1.0,2
dubbo,2.7.0,org.apache.dubbo.config,ServiceConfig,findConfigedPorts,Complex Method,"pmd,checkstyle",dubbo-config/dubbo-config-api/src/main/java/org/apache/dubbo/config/ServiceConfig.java,dubbo-config/dubbo-config-api/src/main/java/org/apache/dubbo/config/ServiceConfig.java.ServiceConfig.findConfigedPorts.Complex Method,2.7.0,3.0.0,3.1.0,2
dubbo,3.1.0,org.apache.dubbo.config,ServiceConfig,findConfiguredHosts,Complex Method,"designitejava,checkstyle",dubbo-config/dubbo-config-api/src/main/java/org/apache/dubbo/config/ServiceConfig.java,dubbo-config/dubbo-config-api/src/main/java/org/apache/dubbo/config/ServiceConfig.java.ServiceConfig.findConfiguredHosts.Complex Method,3.1.0,3.3.0,3.3.0,5
dubbo,3.1.0,org.apache.dubbo.config,ServiceConfig,findConfiguredPort,Complex Method,"pmd,checkstyle",dubbo-config/dubbo-config-api/src/main/java/org/apache/dubbo/config/ServiceConfig.java,dubbo-config/dubbo-config-api/src/main/java/org/apache/dubbo/config/ServiceConfig.java.ServiceConfig.findConfiguredPort.Complex Method,3.1.0,3.3.0,3.3.0,5
dubbo,3.3.0-beta.1,org.apache.dubbo.config,ServiceConfig,unexport,Complex Method,"designitejava,pmd",dubbo-config/dubbo-config-api/src/main/java/org/apache/dubbo/config/ServiceConfig.java,dubbo-config/dubbo-config-api/src/main/java/org/apache/dubbo/config/ServiceConfig.java.ServiceConfig.unexport.Complex Method,3.3.0-beta.1,3.3.0,3.3.0,2
dubbo,3.0.0,org.apache.dubbo.config.bootstrap,DubboBootstrap,,God Class,"pmd,checkstyle",dubbo-config/dubbo-config-api/src/main/java/org/apache/dubbo/config/bootstrap/DubboBootstrap.java,dubbo-config/dubbo-config-api/src/main/java/org/apache/dubbo/config/bootstrap/DubboBootstrap.java.DubboBootstrap..God Class,3.0.0,3.3.0,3.3.0,6
dubbo,3.0.0,org.apache.dubbo.config.bootstrap,DubboBootstrap,start,Complex Method,"designitejava,pmd,checkstyle",dubbo-config/dubbo-config-api/src/main/java/org/apache/dubbo/config/bootstrap/DubboBootstrap.java,dubbo-config/dubbo-config-api/src/main/java/org/apache/dubbo/config/bootstrap/DubboBootstrap.java.DubboBootstrap.start.Complex Method,3.0.0,3.0.0,3.1.0,1
dubbo,3.0.0,org.apache.dubbo.config.bootstrap,DubboBootstrap,validateConfig,Complex Method,"designitejava,checkstyle",dubbo-config/dubbo-config-api/src/main/java/org/apache/dubbo/config/bootstrap/DubboBootstrap.java,dubbo-config/dubbo-config-api/src/main/java/org/apache/dubbo/config/bootstrap/DubboBootstrap.java.DubboBootstrap.validateConfig.Complex Method,3.0.0,3.0.0,3.1.0,1
dubbo,3.0.0,org.apache.dubbo.config.bootstrap.builders,AbstractInterfaceBuilder,build,Complex Method,"designitejava,pmd,checkstyle",dubbo-config/dubbo-config-api/src/main/java/org/apache/dubbo/config/bootstrap/builders/AbstractInterfaceBuilder.java,dubbo-config/dubbo-config-api/src/main/java/org/apache/dubbo/config/bootstrap/builders/AbstractInterfaceBuilder.java.AbstractInterfaceBuilder.build.Complex Method,3.0.0,3.3.0,3.3.0,6
dubbo,3.0.0,org.apache.dubbo.config.bootstrap.builders,AbstractMethodBuilder,build,Complex Method,"designitejava,checkstyle",dubbo-config/dubbo-config-api/src/main/java/org/apache/dubbo/config/bootstrap/builders/AbstractMethodBuilder.java,dubbo-config/dubbo-config-api/src/main/java/org/apache/dubbo/config/bootstrap/builders/AbstractMethodBuilder.java.AbstractMethodBuilder.build.Complex Method,3.0.0,3.3.0,3.3.0,6
dubbo,3.0.0,org.apache.dubbo.config.bootstrap.builders,AbstractServiceBuilder,build,Complex Method,"designitejava,pmd,checkstyle",dubbo-config/dubbo-config-api/src/main/java/org/apache/dubbo/config/bootstrap/builders/AbstractServiceBuilder.java,dubbo-config/dubbo-config-api/src/main/java/org/apache/dubbo/config/bootstrap/builders/AbstractServiceBuilder.java.AbstractServiceBuilder.build.Complex Method,3.0.0,3.3.0,3.3.0,6
dubbo,3.2.0,org.apache.dubbo.config.bootstrap.builders,InternalServiceConfigBuilder,getRelatedOrDefaultProtocol,Complex Method,"designitejava,pmd,checkstyle",dubbo-config/dubbo-config-api/src/main/java/org/apache/dubbo/config/bootstrap/builders/InternalServiceConfigBuilder.java,dubbo-config/dubbo-config-api/src/main/java/org/apache/dubbo/config/bootstrap/builders/InternalServiceConfigBuilder.java.InternalServiceConfigBuilder.getRelatedOrDefaultProtocol.Complex Method,3.2.0,3.3.0,3.3.0,3
dubbo,3.2.0-beta.1,org.apache.dubbo.config.bootstrap.builders,InternalServiceConfigBuilder,port,Complex Method,"designitejava,pmd,checkstyle",dubbo-config/dubbo-config-api/src/main/java/org/apache/dubbo/config/bootstrap/builders/InternalServiceConfigBuilder.java,dubbo-config/dubbo-config-api/src/main/java/org/apache/dubbo/config/bootstrap/builders/InternalServiceConfigBuilder.java.InternalServiceConfigBuilder.port.Complex Method,3.2.0-beta.1,3.3.0,3.3.0,4
dubbo,3.3.0,org.apache.dubbo.config.bootstrap.builders,TripleBuilder,build,Complex Method,"designitejava,checkstyle",dubbo-config/dubbo-config-api/src/main/java/org/apache/dubbo/config/bootstrap/builders/TripleBuilder.java,dubbo-config/dubbo-config-api/src/main/java/org/apache/dubbo/config/bootstrap/builders/TripleBuilder.java.TripleBuilder.build.Complex Method,3.3.0,3.3.0,3.3.0,1
dubbo,3.1.0,org.apache.dubbo.config.deploy,DefaultApplicationDeployer,,God Class,"pmd,checkstyle",dubbo-config/dubbo-config-api/src/main/java/org/apache/dubbo/config/deploy/DefaultApplicationDeployer.java,dubbo-config/dubbo-config-api/src/main/java/org/apache/dubbo/config/deploy/DefaultApplicationDeployer.java.DefaultApplicationDeployer..God Class,3.1.0,3.3.0,3.3.0,5
dubbo,3.1.0,org.apache.dubbo.config.deploy,DefaultApplicationDeployer,calculateState,Complex Method,"designitejava,pmd,checkstyle",dubbo-config/dubbo-config-api/src/main/java/org/apache/dubbo/config/deploy/DefaultApplicationDeployer.java,dubbo-config/dubbo-config-api/src/main/java/org/apache/dubbo/config/deploy/DefaultApplicationDeployer.java.DefaultApplicationDeployer.calculateState.Complex Method,3.1.0,3.3.0,3.3.0,5
dubbo,3.1.0,org.apache.dubbo.config.deploy,DefaultApplicationDeployer,checkState,Complex Method,"designitejava,checkstyle",dubbo-config/dubbo-config-api/src/main/java/org/apache/dubbo/config/deploy/DefaultApplicationDeployer.java,dubbo-config/dubbo-config-api/src/main/java/org/apache/dubbo/config/deploy/DefaultApplicationDeployer.java.DefaultApplicationDeployer.checkState.Complex Method,3.1.0,3.3.0,3.3.0,5
dubbo,3.1.0,org.apache.dubbo.config.deploy,DefaultApplicationDeployer,destroyServiceDiscoveries,Feature Envy,"designitejava,checkstyle",dubbo-config/dubbo-config-api/src/main/java/org/apache/dubbo/config/deploy/DefaultApplicationDeployer.java,dubbo-config/dubbo-config-api/src/main/java/org/apache/dubbo/config/deploy/DefaultApplicationDeployer.java.DefaultApplicationDeployer.destroyServiceDiscoveries.Feature Envy,3.1.0,3.1.0,3.2.0-beta.1,1
dubbo,3.2.0,org.apache.dubbo.config.deploy,DefaultApplicationDeployer,registryAsMetadataCenter,Complex Method,"designitejava,checkstyle",dubbo-config/dubbo-config-api/src/main/java/org/apache/dubbo/config/deploy/DefaultApplicationDeployer.java,dubbo-config/dubbo-config-api/src/main/java/org/apache/dubbo/config/deploy/DefaultApplicationDeployer.java.DefaultApplicationDeployer.registryAsMetadataCenter.Complex Method,3.2.0,3.3.0,3.3.0,3
dubbo,3.1.0,org.apache.dubbo.config.deploy,DefaultApplicationDeployer,useRegistryAsMetadataCenterIfNecessary,Complex Method,"designitejava,pmd",dubbo-config/dubbo-config-api/src/main/java/org/apache/dubbo/config/deploy/DefaultApplicationDeployer.java,dubbo-config/dubbo-config-api/src/main/java/org/apache/dubbo/config/deploy/DefaultApplicationDeployer.java.DefaultApplicationDeployer.useRegistryAsMetadataCenterIfNecessary.Complex Method,3.1.0,3.2.0-beta.1,3.2.0,2
dubbo,3.1.0,org.apache.dubbo.config.deploy,DefaultModuleDeployer,,God Class,"pmd,checkstyle",dubbo-config/dubbo-config-api/src/main/java/org/apache/dubbo/config/deploy/DefaultModuleDeployer.java,dubbo-config/dubbo-config-api/src/main/java/org/apache/dubbo/config/deploy/DefaultModuleDeployer.java.DefaultModuleDeployer..God Class,3.1.0,3.3.0,3.3.0,5
dubbo,3.1.0,org.apache.dubbo.config.metadata,ConfigurableMetadataServiceExporter,generateMetadataProtocol,Complex Method,"designitejava,pmd,checkstyle",dubbo-config/dubbo-config-api/src/main/java/org/apache/dubbo/config/metadata/ConfigurableMetadataServiceExporter.java,dubbo-config/dubbo-config-api/src/main/java/org/apache/dubbo/config/metadata/ConfigurableMetadataServiceExporter.java.ConfigurableMetadataServiceExporter.generateMetadataProtocol.Complex Method,3.1.0,3.1.0,3.2.0-beta.1,1
dubbo,3.0.0,org.apache.dubbo.config.utils,ConfigValidationUtils,,God Class,"pmd,checkstyle",dubbo-config/dubbo-config-api/src/main/java/org/apache/dubbo/config/utils/ConfigValidationUtils.java,dubbo-config/dubbo-config-api/src/main/java/org/apache/dubbo/config/utils/ConfigValidationUtils.java.ConfigValidationUtils..God Class,3.0.0,3.3.0,3.3.0,6
dubbo,3.1.0,org.apache.dubbo.config.utils,ConfigValidationUtils,checkMultiExtension,Complex Method,"designitejava,pmd",dubbo-config/dubbo-config-api/src/main/java/org/apache/dubbo/config/utils/ConfigValidationUtils.java,dubbo-config/dubbo-config-api/src/main/java/org/apache/dubbo/config/utils/ConfigValidationUtils.java.ConfigValidationUtils.checkMultiExtension.Complex Method,3.1.0,3.3.0,3.3.0,5
dubbo,3.0.0,org.apache.dubbo.config.utils,ConfigValidationUtils,genCompatibleRegistries,Complex Method,"designitejava,pmd,checkstyle",dubbo-config/dubbo-config-api/src/main/java/org/apache/dubbo/config/utils/ConfigValidationUtils.java,dubbo-config/dubbo-config-api/src/main/java/org/apache/dubbo/config/utils/ConfigValidationUtils.java.ConfigValidationUtils.genCompatibleRegistries.Complex Method,3.0.0,3.3.0,3.3.0,6
dubbo,3.0.0,org.apache.dubbo.config.utils,ConfigValidationUtils,loadMonitor,Complex Method,"designitejava,pmd,checkstyle",dubbo-config/dubbo-config-api/src/main/java/org/apache/dubbo/config/utils/ConfigValidationUtils.java,dubbo-config/dubbo-config-api/src/main/java/org/apache/dubbo/config/utils/ConfigValidationUtils.java.ConfigValidationUtils.loadMonitor.Complex Method,3.0.0,3.3.0,3.3.0,6
dubbo,3.0.0,org.apache.dubbo.config.utils,ConfigValidationUtils,loadRegistries,Complex Method,"designitejava,pmd,checkstyle",dubbo-config/dubbo-config-api/src/main/java/org/apache/dubbo/config/utils/ConfigValidationUtils.java,dubbo-config/dubbo-config-api/src/main/java/org/apache/dubbo/config/utils/ConfigValidationUtils.java.ConfigValidationUtils.loadRegistries.Complex Method,3.0.0,3.3.0,3.3.0,6
dubbo,3.1.0,org.apache.dubbo.config.utils,DefaultConfigValidator,validate,Complex Method,"designitejava,checkstyle",dubbo-config/dubbo-config-api/src/main/java/org/apache/dubbo/config/utils/DefaultConfigValidator.java,dubbo-config/dubbo-config-api/src/main/java/org/apache/dubbo/config/utils/DefaultConfigValidator.java.DefaultConfigValidator.validate.Complex Method,3.1.0,3.3.0,3.3.0,5
dubbo,2.7.0,org.apache.dubbo.config,ServiceConfigTest,testExport,Feature Envy,"designitejava,checkstyle",dubbo-config/dubbo-config-api/src/test/java/org/apache/dubbo/config/ServiceConfigTest.java,dubbo-config/dubbo-config-api/src/test/java/org/apache/dubbo/config/ServiceConfigTest.java.ServiceConfigTest.testExport.Feature Envy,2.7.0,3.3.0,3.3.0,7
dubbo,3.1.0,org.apache.dubbo.config.metadata,MetadataServiceURLParamsMetadataCustomizerTest,test,Feature Envy,"designitejava,checkstyle",dubbo-config/dubbo-config-api/src/test/java/org/apache/dubbo/config/metadata/MetadataServiceURLParamsMetadataCustomizerTest.java,dubbo-config/dubbo-config-api/src/test/java/org/apache/dubbo/config/metadata/MetadataServiceURLParamsMetadataCustomizerTest.java.MetadataServiceURLParamsMetadataCustomizerTest.test.Feature Envy,3.1.0,3.3.0,3.3.0,5
dubbo,2.3.0,com.alibaba.dubbo.config.spring,AnnotationBean,postProcessAfterInitialization,Complex Method,"designitejava,pmd,checkstyle",dubbo-config/dubbo-config-spring/src/main/java/com/alibaba/dubbo/config/spring/AnnotationBean.java,dubbo-config/dubbo-config-spring/src/main/java/com/alibaba/dubbo/config/spring/AnnotationBean.java.AnnotationBean.postProcessAfterInitialization.Complex Method,2.3.0,2.6.0,2.7.0,4
dubbo,2.3.0,com.alibaba.dubbo.config.spring,AnnotationBean,postProcessBeforeInitialization,Complex Method,"designitejava,pmd,checkstyle",dubbo-config/dubbo-config-spring/src/main/java/com/alibaba/dubbo/config/spring/AnnotationBean.java,dubbo-config/dubbo-config-spring/src/main/java/com/alibaba/dubbo/config/spring/AnnotationBean.java.AnnotationBean.postProcessBeforeInitialization.Complex Method,2.3.0,2.6.0,2.7.0,4
dubbo,2.3.0,com.alibaba.dubbo.config.spring,AnnotationBean,refer,Complex Method,"designitejava,pmd,checkstyle",dubbo-config/dubbo-config-spring/src/main/java/com/alibaba/dubbo/config/spring/AnnotationBean.java,dubbo-config/dubbo-config-spring/src/main/java/com/alibaba/dubbo/config/spring/AnnotationBean.java.AnnotationBean.refer.Complex Method,2.3.0,2.6.0,2.7.0,4
dubbo,2.2.0,com.alibaba.dubbo.config.spring,ConsumerBean,postProcessBeforeInitialization,Complex Method,"designitejava,pmd,checkstyle",dubbo-config/dubbo-config-spring/src/main/java/com/alibaba/dubbo/config/spring/ConsumerBean.java,dubbo-config/dubbo-config-spring/src/main/java/com/alibaba/dubbo/config/spring/ConsumerBean.java.ConsumerBean.postProcessBeforeInitialization.Complex Method,2.2.0,2.2.0,2.3.0,1
dubbo,2.2.0,com.alibaba.dubbo.config.spring,ConsumerBean,refer,Complex Method,"designitejava,pmd,checkstyle",dubbo-config/dubbo-config-spring/src/main/java/com/alibaba/dubbo/config/spring/ConsumerBean.java,dubbo-config/dubbo-config-spring/src/main/java/com/alibaba/dubbo/config/spring/ConsumerBean.java.ConsumerBean.refer.Complex Method,2.2.0,2.2.0,2.3.0,1
dubbo,2.2.0,com.alibaba.dubbo.config.spring,ProviderBean,postProcessAfterInitialization,Complex Method,"designitejava,pmd,checkstyle",dubbo-config/dubbo-config-spring/src/main/java/com/alibaba/dubbo/config/spring/ProviderBean.java,dubbo-config/dubbo-config-spring/src/main/java/com/alibaba/dubbo/config/spring/ProviderBean.java.ProviderBean.postProcessAfterInitialization.Complex Method,2.2.0,2.2.0,2.3.0,1
dubbo,2.2.0,com.alibaba.dubbo.config.spring,ReferenceBean,afterPropertiesSet,Complex Method,"designitejava,pmd,checkstyle",dubbo-config/dubbo-config-spring/src/main/java/com/alibaba/dubbo/config/spring/ReferenceBean.java,dubbo-config/dubbo-config-spring/src/main/java/com/alibaba/dubbo/config/spring/ReferenceBean.java.ReferenceBean.afterPropertiesSet.Complex Method,2.2.0,2.6.0,2.7.0,5
dubbo,2.2.0,com.alibaba.dubbo.config.spring,ServiceBean,afterPropertiesSet,Complex Method,"designitejava,pmd,checkstyle",dubbo-config/dubbo-config-spring/src/main/java/com/alibaba/dubbo/config/spring/ServiceBean.java,dubbo-config/dubbo-config-spring/src/main/java/com/alibaba/dubbo/config/spring/ServiceBean.java.ServiceBean.afterPropertiesSet.Complex Method,2.2.0,2.6.0,2.7.0,5
dubbo,2.6.0,com.alibaba.dubbo.config.spring.beans.factory.annotation,ServiceAnnotationBeanPostProcessor,registerServiceBeans,Complex Method,"designitejava,pmd",dubbo-config/dubbo-config-spring/src/main/java/com/alibaba/dubbo/config/spring/beans/factory/annotation/ServiceAnnotationBeanPostProcessor.java,dubbo-config/dubbo-config-spring/src/main/java/com/alibaba/dubbo/config/spring/beans/factory/annotation/ServiceAnnotationBeanPostProcessor.java.ServiceAnnotationBeanPostProcessor.registerServiceBeans.Complex Method,2.6.0,2.6.0,2.7.0,1
dubbo,2.6.0,com.alibaba.dubbo.config.spring.beans.factory.annotation,ServiceAnnotationBeanPostProcessor,resolveBeanNameGenerator,Feature Envy,"designitejava,checkstyle",dubbo-config/dubbo-config-spring/src/main/java/com/alibaba/dubbo/config/spring/beans/factory/annotation/ServiceAnnotationBeanPostProcessor.java,dubbo-config/dubbo-config-spring/src/main/java/com/alibaba/dubbo/config/spring/beans/factory/annotation/ServiceAnnotationBeanPostProcessor.java.ServiceAnnotationBeanPostProcessor.resolveBeanNameGenerator.Feature Envy,2.6.0,2.6.0,2.7.0,1
dubbo,2.2.0,com.alibaba.dubbo.config.spring.schema,DubboBeanDefinitionParser,parse,Complex Method,"designitejava,pmd,checkstyle",dubbo-config/dubbo-config-spring/src/main/java/com/alibaba/dubbo/config/spring/schema/DubboBeanDefinitionParser.java,dubbo-config/dubbo-config-spring/src/main/java/com/alibaba/dubbo/config/spring/schema/DubboBeanDefinitionParser.java.DubboBeanDefinitionParser.parse.Complex Method,2.2.0,2.6.0,2.7.0,5
dubbo,2.2.0,com.alibaba.dubbo.config.spring.schema,DubboBeanDefinitionParser,parseMethods,Complex Method,"designitejava,pmd,checkstyle",dubbo-config/dubbo-config-spring/src/main/java/com/alibaba/dubbo/config/spring/schema/DubboBeanDefinitionParser.java,dubbo-config/dubbo-config-spring/src/main/java/com/alibaba/dubbo/config/spring/schema/DubboBeanDefinitionParser.java.DubboBeanDefinitionParser.parseMethods.Complex Method,2.2.0,2.6.0,2.7.0,5
dubbo,2.2.0,com.alibaba.dubbo.config.spring.schema,DubboBeanDefinitionParser,parseNested,Complex Method,"designitejava,pmd,checkstyle",dubbo-config/dubbo-config-spring/src/main/java/com/alibaba/dubbo/config/spring/schema/DubboBeanDefinitionParser.java,dubbo-config/dubbo-config-spring/src/main/java/com/alibaba/dubbo/config/spring/schema/DubboBeanDefinitionParser.java.DubboBeanDefinitionParser.parseNested.Complex Method,2.2.0,2.6.0,2.7.0,5
dubbo,2.2.0,com.alibaba.dubbo.config.spring.schema,DubboBeanDefinitionParser,parseNested,Long Parameter List,"designitejava,checkstyle",dubbo-config/dubbo-config-spring/src/main/java/com/alibaba/dubbo/config/spring/schema/DubboBeanDefinitionParser.java,dubbo-config/dubbo-config-spring/src/main/java/com/alibaba/dubbo/config/spring/schema/DubboBeanDefinitionParser.java.DubboBeanDefinitionParser.parseNested.Long Parameter List,2.2.0,2.6.0,2.7.0,5
dubbo,2.2.0,com.alibaba.dubbo.config.spring.schema,DubboBeanDefinitionParser,parseProperties,Complex Method,"designitejava,pmd,checkstyle",dubbo-config/dubbo-config-spring/src/main/java/com/alibaba/dubbo/config/spring/schema/DubboBeanDefinitionParser.java,dubbo-config/dubbo-config-spring/src/main/java/com/alibaba/dubbo/config/spring/schema/DubboBeanDefinitionParser.java.DubboBeanDefinitionParser.parseProperties.Complex Method,2.2.0,2.6.0,2.7.0,5
dubbo,2.2.0,com.alibaba.dubbo.config.spring.status,SpringStatusChecker,check,Complex Method,"designitejava,pmd,checkstyle",dubbo-config/dubbo-config-spring/src/main/java/com/alibaba/dubbo/config/spring/status/SpringStatusChecker.java,dubbo-config/dubbo-config-spring/src/main/java/com/alibaba/dubbo/config/spring/status/SpringStatusChecker.java.SpringStatusChecker.check.Complex Method,2.2.0,2.6.0,2.7.0,5
dubbo,2.7.0,org.apache.dubbo.config.spring,ReferenceBean,afterPropertiesSet,Complex Method,"designitejava,pmd,checkstyle",dubbo-config/dubbo-config-spring/src/main/java/org/apache/dubbo/config/spring/ReferenceBean.java,dubbo-config/dubbo-config-spring/src/main/java/org/apache/dubbo/config/spring/ReferenceBean.java.ReferenceBean.afterPropertiesSet.Complex Method,2.7.0,3.0.0,3.1.0,2
dubbo,2.7.0,org.apache.dubbo.config.spring,ServiceBean,afterPropertiesSet,Complex Method,"designitejava,pmd,checkstyle",dubbo-config/dubbo-config-spring/src/main/java/org/apache/dubbo/config/spring/ServiceBean.java,dubbo-config/dubbo-config-spring/src/main/java/org/apache/dubbo/config/spring/ServiceBean.java.ServiceBean.afterPropertiesSet.Complex Method,2.7.0,2.7.0,3.0.0,1
dubbo,3.0.0,org.apache.dubbo.config.spring.beans.factory.annotation,ReferenceAnnotationBeanPostProcessor,registerReferenceBean,Complex Method,"designitejava,pmd,checkstyle",dubbo-config/dubbo-config-spring/src/main/java/org/apache/dubbo/config/spring/beans/factory/annotation/ReferenceAnnotationBeanPostProcessor.java,dubbo-config/dubbo-config-spring/src/main/java/org/apache/dubbo/config/spring/beans/factory/annotation/ReferenceAnnotationBeanPostProcessor.java.ReferenceAnnotationBeanPostProcessor.registerReferenceBean.Complex Method,3.0.0,3.3.0,3.3.0,6
dubbo,2.7.0,org.apache.dubbo.config.spring.beans.factory.annotation,ServiceAnnotationBeanPostProcessor,resolveBeanNameGenerator,Feature Envy,"designitejava,checkstyle",dubbo-config/dubbo-config-spring/src/main/java/org/apache/dubbo/config/spring/beans/factory/annotation/ServiceAnnotationBeanPostProcessor.java,dubbo-config/dubbo-config-spring/src/main/java/org/apache/dubbo/config/spring/beans/factory/annotation/ServiceAnnotationBeanPostProcessor.java.ServiceAnnotationBeanPostProcessor.resolveBeanNameGenerator.Feature Envy,2.7.0,2.7.0,3.0.0,1
dubbo,3.0.0,org.apache.dubbo.config.spring.beans.factory.annotation,ServiceAnnotationPostProcessor,registerServiceBeanDefinition,Feature Envy,"designitejava,checkstyle",dubbo-config/dubbo-config-spring/src/main/java/org/apache/dubbo/config/spring/beans/factory/annotation/ServiceAnnotationPostProcessor.java,dubbo-config/dubbo-config-spring/src/main/java/org/apache/dubbo/config/spring/beans/factory/annotation/ServiceAnnotationPostProcessor.java.ServiceAnnotationPostProcessor.registerServiceBeanDefinition.Feature Envy,3.0.0,3.2.0-beta.1,3.2.0,3
dubbo,3.0.0,org.apache.dubbo.config.spring.beans.factory.annotation,ServiceAnnotationPostProcessor,scanServiceBeans,Complex Method,"designitejava,pmd",dubbo-config/dubbo-config-spring/src/main/java/org/apache/dubbo/config/spring/beans/factory/annotation/ServiceAnnotationPostProcessor.java,dubbo-config/dubbo-config-spring/src/main/java/org/apache/dubbo/config/spring/beans/factory/annotation/ServiceAnnotationPostProcessor.java.ServiceAnnotationPostProcessor.scanServiceBeans.Complex Method,3.0.0,3.3.0,3.3.0,6
dubbo,3.3.0,org.apache.dubbo.config.spring.context.annotation,ConfigurationBeanBindingRegistrar,registerConfigurationBean,Long Parameter List,"designitejava,checkstyle",dubbo-config/dubbo-config-spring/src/main/java/org/apache/dubbo/config/spring/context/annotation/ConfigurationBeanBindingRegistrar.java,dubbo-config/dubbo-config-spring/src/main/java/org/apache/dubbo/config/spring/context/annotation/ConfigurationBeanBindingRegistrar.java.ConfigurationBeanBindingRegistrar.registerConfigurationBean.Long Parameter List,3.3.0,3.3.0,3.3.0,1
dubbo,3.3.0,org.apache.dubbo.config.spring.context.annotation,ConfigurationBeanBindingRegistrar,registerConfigurationBeans,Long Parameter List,"designitejava,checkstyle",dubbo-config/dubbo-config-spring/src/main/java/org/apache/dubbo/config/spring/context/annotation/ConfigurationBeanBindingRegistrar.java,dubbo-config/dubbo-config-spring/src/main/java/org/apache/dubbo/config/spring/context/annotation/ConfigurationBeanBindingRegistrar.java.ConfigurationBeanBindingRegistrar.registerConfigurationBeans.Long Parameter List,3.3.0,3.3.0,3.3.0,1
dubbo,2.7.0,org.apache.dubbo.config.spring.extension,SpringExtensionFactory,getExtension,Complex Method,"designitejava,pmd,checkstyle",dubbo-config/dubbo-config-spring/src/main/java/org/apache/dubbo/config/spring/extension/SpringExtensionFactory.java,dubbo-config/dubbo-config-spring/src/main/java/org/apache/dubbo/config/spring/extension/SpringExtensionFactory.java.SpringExtensionFactory.getExtension.Complex Method,2.7.0,2.7.0,3.0.0,1
dubbo,3.1.0,org.apache.dubbo.config.spring.reference,ReferenceBeanSupport,convertReferenceProps,Complex Method,"designitejava,checkstyle",dubbo-config/dubbo-config-spring/src/main/java/org/apache/dubbo/config/spring/reference/ReferenceBeanSupport.java,dubbo-config/dubbo-config-spring/src/main/java/org/apache/dubbo/config/spring/reference/ReferenceBeanSupport.java.ReferenceBeanSupport.convertReferenceProps.Complex Method,3.1.0,3.3.0,3.3.0,5
dubbo,3.0.0,org.apache.dubbo.config.spring.reference,ReferenceBeanSupport,convertToString,Complex Method,"designitejava,pmd",dubbo-config/dubbo-config-spring/src/main/java/org/apache/dubbo/config/spring/reference/ReferenceBeanSupport.java,dubbo-config/dubbo-config-spring/src/main/java/org/apache/dubbo/config/spring/reference/ReferenceBeanSupport.java.ReferenceBeanSupport.convertToString.Complex Method,3.0.0,3.3.0,3.3.0,6
dubbo,3.0.0,org.apache.dubbo.config.spring.schema,DubboBeanDefinitionParser,getPropertyMap,Complex Method,"pmd,checkstyle",dubbo-config/dubbo-config-spring/src/main/java/org/apache/dubbo/config/spring/schema/DubboBeanDefinitionParser.java,dubbo-config/dubbo-config-spring/src/main/java/org/apache/dubbo/config/spring/schema/DubboBeanDefinitionParser.java.DubboBeanDefinitionParser.getPropertyMap.Complex Method,3.0.0,3.3.0,3.3.0,6
dubbo,2.7.0,org.apache.dubbo.config.spring.schema,DubboBeanDefinitionParser,parse,Complex Method,"designitejava,pmd,checkstyle",dubbo-config/dubbo-config-spring/src/main/java/org/apache/dubbo/config/spring/schema/DubboBeanDefinitionParser.java,dubbo-config/dubbo-config-spring/src/main/java/org/apache/dubbo/config/spring/schema/DubboBeanDefinitionParser.java.DubboBeanDefinitionParser.parse.Complex Method,2.7.0,3.3.0,3.3.0,7
dubbo,2.7.0,org.apache.dubbo.config.spring.schema,DubboBeanDefinitionParser,parseMethods,Complex Method,"designitejava,pmd,checkstyle",dubbo-config/dubbo-config-spring/src/main/java/org/apache/dubbo/config/spring/schema/DubboBeanDefinitionParser.java,dubbo-config/dubbo-config-spring/src/main/java/org/apache/dubbo/config/spring/schema/DubboBeanDefinitionParser.java.DubboBeanDefinitionParser.parseMethods.Complex Method,2.7.0,3.3.0,3.3.0,7
dubbo,3.1.0,org.apache.dubbo.config.spring.schema,DubboBeanDefinitionParser,parseMetrics,Complex Method,"designitejava,pmd,checkstyle",dubbo-config/dubbo-config-spring/src/main/java/org/apache/dubbo/config/spring/schema/DubboBeanDefinitionParser.java,dubbo-config/dubbo-config-spring/src/main/java/org/apache/dubbo/config/spring/schema/DubboBeanDefinitionParser.java.DubboBeanDefinitionParser.parseMetrics.Complex Method,3.1.0,3.3.0,3.3.0,5
dubbo,2.7.0,org.apache.dubbo.config.spring.schema,DubboBeanDefinitionParser,parseNested,Complex Method,"designitejava,pmd,checkstyle",dubbo-config/dubbo-config-spring/src/main/java/org/apache/dubbo/config/spring/schema/DubboBeanDefinitionParser.java,dubbo-config/dubbo-config-spring/src/main/java/org/apache/dubbo/config/spring/schema/DubboBeanDefinitionParser.java.DubboBeanDefinitionParser.parseNested.Complex Method,2.7.0,3.3.0,3.3.0,7
dubbo,2.7.0,org.apache.dubbo.config.spring.schema,DubboBeanDefinitionParser,parseNested,Long Parameter List,"designitejava,checkstyle",dubbo-config/dubbo-config-spring/src/main/java/org/apache/dubbo/config/spring/schema/DubboBeanDefinitionParser.java,dubbo-config/dubbo-config-spring/src/main/java/org/apache/dubbo/config/spring/schema/DubboBeanDefinitionParser.java.DubboBeanDefinitionParser.parseNested.Long Parameter List,2.7.0,3.3.0,3.3.0,7
dubbo,2.7.0,org.apache.dubbo.config.spring.schema,DubboBeanDefinitionParser,parseProperties,Complex Method,"designitejava,pmd,checkstyle",dubbo-config/dubbo-config-spring/src/main/java/org/apache/dubbo/config/spring/schema/DubboBeanDefinitionParser.java,dubbo-config/dubbo-config-spring/src/main/java/org/apache/dubbo/config/spring/schema/DubboBeanDefinitionParser.java.DubboBeanDefinitionParser.parseProperties.Complex Method,2.7.0,3.3.0,3.3.0,7
dubbo,2.7.0,org.apache.dubbo.config.spring.status,SpringStatusChecker,check,Complex Method,"designitejava,pmd,checkstyle",dubbo-config/dubbo-config-spring/src/main/java/org/apache/dubbo/config/spring/status/SpringStatusChecker.java,dubbo-config/dubbo-config-spring/src/main/java/org/apache/dubbo/config/spring/status/SpringStatusChecker.java.SpringStatusChecker.check.Complex Method,2.7.0,3.3.0,3.3.0,7
dubbo,2.7.0,org.apache.dubbo.config.spring.util,AnnotationUtils,findAnnotations,Complex Method,"designitejava,pmd,checkstyle",dubbo-config/dubbo-config-spring/src/main/java/org/apache/dubbo/config/spring/util/AnnotationUtils.java,dubbo-config/dubbo-config-spring/src/main/java/org/apache/dubbo/config/spring/util/AnnotationUtils.java.AnnotationUtils.findAnnotations.Complex Method,2.7.0,3.3.0,3.3.0,7
dubbo,3.3.0-beta.1,org.apache.dubbo.config.spring.util,AnnotationUtils,getAnnotationAttributes,Long Parameter List,"designitejava,checkstyle",dubbo-config/dubbo-config-spring/src/main/java/org/apache/dubbo/config/spring/util/AnnotationUtils.java,dubbo-config/dubbo-config-spring/src/main/java/org/apache/dubbo/config/spring/util/AnnotationUtils.java.AnnotationUtils.getAnnotationAttributes.Long Parameter List,3.3.0-beta.1,3.3.0,3.3.0,2
dubbo,3.3.0-beta.1,org.apache.dubbo.config.spring.util,AnnotationUtils,getAttributes,Long Parameter List,"designitejava,checkstyle",dubbo-config/dubbo-config-spring/src/main/java/org/apache/dubbo/config/spring/util/AnnotationUtils.java,dubbo-config/dubbo-config-spring/src/main/java/org/apache/dubbo/config/spring/util/AnnotationUtils.java.AnnotationUtils.getAttributes.Long Parameter List,3.3.0-beta.1,3.3.0,3.3.0,2
dubbo,3.3.0-beta.1,org.apache.dubbo.config.spring.util,AnnotationUtils,tryGetMergedAnnotationAttributes,Long Parameter List,"designitejava,checkstyle",dubbo-config/dubbo-config-spring/src/main/java/org/apache/dubbo/config/spring/util/AnnotationUtils.java,dubbo-config/dubbo-config-spring/src/main/java/org/apache/dubbo/config/spring/util/AnnotationUtils.java.AnnotationUtils.tryGetMergedAnnotationAttributes.Long Parameter List,3.3.0-beta.1,3.3.0,3.3.0,2
dubbo,3.3.0-beta.1,org.apache.dubbo.config.spring.util,LazyTargetInvocationHandler,invoke,Complex Method,"designitejava,pmd,checkstyle",dubbo-config/dubbo-config-spring/src/main/java/org/apache/dubbo/config/spring/util/LazyTargetInvocationHandler.java,dubbo-config/dubbo-config-spring/src/main/java/org/apache/dubbo/config/spring/util/LazyTargetInvocationHandler.java.LazyTargetInvocationHandler.invoke.Complex Method,3.3.0-beta.1,3.3.0,3.3.0,2
dubbo,3.0.0,org.apache.dubbo.config.spring.boot.configprops,SpringBootConfigPropsTest,testConfigProps,Feature Envy,"designitejava,checkstyle",dubbo-config/dubbo-config-spring/src/test/java/org/apache/dubbo/config/spring/boot/configprops/SpringBootConfigPropsTest.java,dubbo-config/dubbo-config-spring/src/test/java/org/apache/dubbo/config/spring/boot/configprops/SpringBootConfigPropsTest.java.SpringBootConfigPropsTest.testConfigProps.Feature Envy,3.0.0,3.3.0,3.3.0,6
dubbo,3.0.0,org.apache.dubbo.config.spring.boot.configprops,SpringBootMultipleConfigPropsTest,testConfigProps,Feature Envy,"designitejava,checkstyle",dubbo-config/dubbo-config-spring/src/test/java/org/apache/dubbo/config/spring/boot/configprops/SpringBootMultipleConfigPropsTest.java,dubbo-config/dubbo-config-spring/src/test/java/org/apache/dubbo/config/spring/boot/configprops/SpringBootMultipleConfigPropsTest.java.SpringBootMultipleConfigPropsTest.testConfigProps.Feature Envy,3.0.0,3.3.0,3.3.0,6
dubbo,3.0.0,org.apache.dubbo.config.spring.registry.nacos.nacos,NacosServiceNameTest,testIsConcrete,Feature Envy,"designitejava,checkstyle",dubbo-config/dubbo-config-spring/src/test/java/org/apache/dubbo/config/spring/registry/nacos/nacos/NacosServiceNameTest.java,dubbo-config/dubbo-config-spring/src/test/java/org/apache/dubbo/config/spring/registry/nacos/nacos/NacosServiceNameTest.java.NacosServiceNameTest.testIsConcrete.Feature Envy,3.0.0,3.3.0,3.3.0,6
dubbo,2.0.7,com.alibaba.dubbo.config,AbstractConfig,,God Class,"pmd,checkstyle",dubbo-config/src/main/java/com/alibaba/dubbo/config/AbstractConfig.java,dubbo-config/src/main/java/com/alibaba/dubbo/config/AbstractConfig.java.AbstractConfig..God Class,2.0.7,2.1.0,2.2.0,2
dubbo,2.1.0,com.alibaba.dubbo.config,AbstractConfig,appendAttributes,Complex Method,"designitejava,pmd,checkstyle",dubbo-config/src/main/java/com/alibaba/dubbo/config/AbstractConfig.java,dubbo-config/src/main/java/com/alibaba/dubbo/config/AbstractConfig.java.AbstractConfig.appendAttributes.Complex Method,2.1.0,2.1.0,2.2.0,1
dubbo,2.0.7,com.alibaba.dubbo.config,AbstractConfig,appendMaps,Complex Method,"designitejava,pmd,checkstyle",dubbo-config/src/main/java/com/alibaba/dubbo/config/AbstractConfig.java,dubbo-config/src/main/java/com/alibaba/dubbo/config/AbstractConfig.java.AbstractConfig.appendMaps.Complex Method,2.0.7,2.0.7,2.1.0,1
dubbo,2.1.0,com.alibaba.dubbo.config,AbstractConfig,appendParameters,Complex Method,"designitejava,pmd,checkstyle",dubbo-config/src/main/java/com/alibaba/dubbo/config/AbstractConfig.java,dubbo-config/src/main/java/com/alibaba/dubbo/config/AbstractConfig.java.AbstractConfig.appendParameters.Complex Method,2.1.0,2.1.0,2.2.0,1
dubbo,2.1.0,com.alibaba.dubbo.config,AbstractConfig,appendProperties,Complex Method,"designitejava,pmd,checkstyle",dubbo-config/src/main/java/com/alibaba/dubbo/config/AbstractConfig.java,dubbo-config/src/main/java/com/alibaba/dubbo/config/AbstractConfig.java.AbstractConfig.appendProperties.Complex Method,2.1.0,2.1.0,2.2.0,1
dubbo,2.1.0,com.alibaba.dubbo.config,AbstractConfig,convertPrimitive,Complex Method,"designitejava,pmd,checkstyle",dubbo-config/src/main/java/com/alibaba/dubbo/config/AbstractConfig.java,dubbo-config/src/main/java/com/alibaba/dubbo/config/AbstractConfig.java.AbstractConfig.convertPrimitive.Complex Method,2.1.0,2.1.0,2.2.0,1
dubbo,2.1.0,com.alibaba.dubbo.config,AbstractReferenceConfig,checkInterfaceAndMethods,Complex Method,"designitejava,pmd,checkstyle",dubbo-config/src/main/java/com/alibaba/dubbo/config/AbstractReferenceConfig.java,dubbo-config/src/main/java/com/alibaba/dubbo/config/AbstractReferenceConfig.java.AbstractReferenceConfig.checkInterfaceAndMethods.Complex Method,2.1.0,2.1.0,2.2.0,1
dubbo,2.1.0,com.alibaba.dubbo.config,AbstractReferenceConfig,checkStubAndMock,Complex Method,"designitejava,pmd,checkstyle",dubbo-config/src/main/java/com/alibaba/dubbo/config/AbstractReferenceConfig.java,dubbo-config/src/main/java/com/alibaba/dubbo/config/AbstractReferenceConfig.java.AbstractReferenceConfig.checkStubAndMock.Complex Method,2.1.0,2.1.0,2.2.0,1
dubbo,2.1.0,com.alibaba.dubbo.config,AbstractReferenceConfig,loadMonitor,Complex Method,"designitejava,pmd,checkstyle",dubbo-config/src/main/java/com/alibaba/dubbo/config/AbstractReferenceConfig.java,dubbo-config/src/main/java/com/alibaba/dubbo/config/AbstractReferenceConfig.java.AbstractReferenceConfig.loadMonitor.Complex Method,2.1.0,2.1.0,2.2.0,1
dubbo,2.0.7,com.alibaba.dubbo.config,ReferenceConfig,,God Class,"pmd,checkstyle",dubbo-config/src/main/java/com/alibaba/dubbo/config/ReferenceConfig.java,dubbo-config/src/main/java/com/alibaba/dubbo/config/ReferenceConfig.java.ReferenceConfig..God Class,2.0.7,2.1.0,2.2.0,2
dubbo,2.0.7,com.alibaba.dubbo.config,ReferenceConfig,checkInterface,Complex Method,"designitejava,pmd,checkstyle",dubbo-config/src/main/java/com/alibaba/dubbo/config/ReferenceConfig.java,dubbo-config/src/main/java/com/alibaba/dubbo/config/ReferenceConfig.java.ReferenceConfig.checkInterface.Complex Method,2.0.7,2.0.7,2.1.0,1
dubbo,2.0.7,com.alibaba.dubbo.config,ReferenceConfig,createProxy,Complex Method,"designitejava,pmd,checkstyle",dubbo-config/src/main/java/com/alibaba/dubbo/config/ReferenceConfig.java,dubbo-config/src/main/java/com/alibaba/dubbo/config/ReferenceConfig.java.ReferenceConfig.createProxy.Complex Method,2.0.7,2.1.0,2.2.0,2
dubbo,2.0.7,com.alibaba.dubbo.config,ReferenceConfig,init,Complex Method,"designitejava,pmd,checkstyle",dubbo-config/src/main/java/com/alibaba/dubbo/config/ReferenceConfig.java,dubbo-config/src/main/java/com/alibaba/dubbo/config/ReferenceConfig.java.ReferenceConfig.init.Complex Method,2.0.7,2.1.0,2.2.0,2
dubbo,2.0.7,com.alibaba.dubbo.config,ServiceConfig,,God Class,"pmd,checkstyle",dubbo-config/src/main/java/com/alibaba/dubbo/config/ServiceConfig.java,dubbo-config/src/main/java/com/alibaba/dubbo/config/ServiceConfig.java.ServiceConfig..God Class,2.0.7,2.1.0,2.2.0,2
dubbo,2.0.7,com.alibaba.dubbo.config,ServiceConfig,checkInterface,Complex Method,"designitejava,pmd,checkstyle",dubbo-config/src/main/java/com/alibaba/dubbo/config/ServiceConfig.java,dubbo-config/src/main/java/com/alibaba/dubbo/config/ServiceConfig.java.ServiceConfig.checkInterface.Complex Method,2.0.7,2.0.7,2.1.0,1
dubbo,2.0.7,com.alibaba.dubbo.config,ServiceConfig,checkProtocol,Complex Method,"pmd,checkstyle",dubbo-config/src/main/java/com/alibaba/dubbo/config/ServiceConfig.java,dubbo-config/src/main/java/com/alibaba/dubbo/config/ServiceConfig.java.ServiceConfig.checkProtocol.Complex Method,2.0.7,2.0.7,2.1.0,1
dubbo,2.1.0,com.alibaba.dubbo.config,ServiceConfig,doExport,Complex Method,"designitejava,pmd,checkstyle",dubbo-config/src/main/java/com/alibaba/dubbo/config/ServiceConfig.java,dubbo-config/src/main/java/com/alibaba/dubbo/config/ServiceConfig.java.ServiceConfig.doExport.Complex Method,2.1.0,2.1.0,2.2.0,1
dubbo,2.0.7,com.alibaba.dubbo.config,ServiceConfig,doExportUrls,Complex Method,"designitejava,pmd,checkstyle",dubbo-config/src/main/java/com/alibaba/dubbo/config/ServiceConfig.java,dubbo-config/src/main/java/com/alibaba/dubbo/config/ServiceConfig.java.ServiceConfig.doExportUrls.Complex Method,2.0.7,2.1.0,2.2.0,2
dubbo,2.0.7,com.alibaba.dubbo.config,ServiceConfig,export,Complex Method,"designitejava,pmd,checkstyle",dubbo-config/src/main/java/com/alibaba/dubbo/config/ServiceConfig.java,dubbo-config/src/main/java/com/alibaba/dubbo/config/ServiceConfig.java.ServiceConfig.export.Complex Method,2.0.7,2.0.7,2.1.0,1
dubbo,2.1.0,com.alibaba.dubbo.config.spring,ReferenceBean,afterPropertiesSet,Complex Method,"designitejava,pmd,checkstyle",dubbo-config/src/main/java/com/alibaba/dubbo/config/spring/ReferenceBean.java,dubbo-config/src/main/java/com/alibaba/dubbo/config/spring/ReferenceBean.java.ReferenceBean.afterPropertiesSet.Complex Method,2.1.0,2.1.0,2.2.0,1
dubbo,2.0.7,com.alibaba.dubbo.config.spring,ReferenceBean,getObject,Complex Method,"designitejava,pmd,checkstyle",dubbo-config/src/main/java/com/alibaba/dubbo/config/spring/ReferenceBean.java,dubbo-config/src/main/java/com/alibaba/dubbo/config/spring/ReferenceBean.java.ReferenceBean.getObject.Complex Method,2.0.7,2.0.7,2.1.0,1
dubbo,2.0.7,com.alibaba.dubbo.config.spring,ServiceBean,afterPropertiesSet,Complex Method,"designitejava,pmd,checkstyle",dubbo-config/src/main/java/com/alibaba/dubbo/config/spring/ServiceBean.java,dubbo-config/src/main/java/com/alibaba/dubbo/config/spring/ServiceBean.java.ServiceBean.afterPropertiesSet.Complex Method,2.0.7,2.1.0,2.2.0,2
dubbo,2.0.7,com.alibaba.dubbo.config.spring.schema,DubboBeanDefinitionParser,parse,Complex Method,"designitejava,pmd,checkstyle",dubbo-config/src/main/java/com/alibaba/dubbo/config/spring/schema/DubboBeanDefinitionParser.java,dubbo-config/src/main/java/com/alibaba/dubbo/config/spring/schema/DubboBeanDefinitionParser.java.DubboBeanDefinitionParser.parse.Complex Method,2.0.7,2.1.0,2.2.0,2
dubbo,2.0.7,com.alibaba.dubbo.config.spring.schema,DubboBeanDefinitionParser,parseMethods,Complex Method,"designitejava,pmd,checkstyle",dubbo-config/src/main/java/com/alibaba/dubbo/config/spring/schema/DubboBeanDefinitionParser.java,dubbo-config/src/main/java/com/alibaba/dubbo/config/spring/schema/DubboBeanDefinitionParser.java.DubboBeanDefinitionParser.parseMethods.Complex Method,2.0.7,2.1.0,2.2.0,2
dubbo,2.0.7,com.alibaba.dubbo.config.spring.schema,DubboBeanDefinitionParser,parseParameters,Complex Method,"designitejava,pmd",dubbo-config/src/main/java/com/alibaba/dubbo/config/spring/schema/DubboBeanDefinitionParser.java,dubbo-config/src/main/java/com/alibaba/dubbo/config/spring/schema/DubboBeanDefinitionParser.java.DubboBeanDefinitionParser.parseParameters.Complex Method,2.0.7,2.1.0,2.2.0,2
dubbo,2.0.7,com.alibaba.dubbo.config.spring.status,SpringStatusChecker,check,Complex Method,"designitejava,pmd,checkstyle",dubbo-config/src/main/java/com/alibaba/dubbo/config/spring/status/SpringStatusChecker.java,dubbo-config/src/main/java/com/alibaba/dubbo/config/spring/status/SpringStatusChecker.java.SpringStatusChecker.check.Complex Method,2.0.7,2.1.0,2.2.0,2
dubbo,2.0.7,com.alibaba.dubbo.demo.api,FullAddress,equals,Complex Method,"designitejava,pmd,checkstyle",dubbo-config/src/test/java/com/alibaba/dubbo/demo/api/FullAddress.java,dubbo-config/src/test/java/com/alibaba/dubbo/demo/api/FullAddress.java.FullAddress.equals.Complex Method,2.0.7,2.0.7,2.1.0,1
dubbo,2.0.7,com.alibaba.dubbo.demo.api,Person,equals,Complex Method,"designitejava,pmd,checkstyle",dubbo-config/src/test/java/com/alibaba/dubbo/demo/api/Person.java,dubbo-config/src/test/java/com/alibaba/dubbo/demo/api/Person.java.Person.equals.Complex Method,2.0.7,2.0.7,2.1.0,1
dubbo,2.0.7,com.alibaba.dubbo.demo.api,PersonInfo,equals,Complex Method,"designitejava,pmd,checkstyle",dubbo-config/src/test/java/com/alibaba/dubbo/demo/api/PersonInfo.java,dubbo-config/src/test/java/com/alibaba/dubbo/demo/api/PersonInfo.java.PersonInfo.equals.Complex Method,2.0.7,2.0.7,2.1.0,1
dubbo,2.0.7,com.alibaba.dubbo.demo.api,Phone,equals,Complex Method,"designitejava,pmd,checkstyle",dubbo-config/src/test/java/com/alibaba/dubbo/demo/api/Phone.java,dubbo-config/src/test/java/com/alibaba/dubbo/demo/api/Phone.java.Phone.equals.Complex Method,2.0.7,2.0.7,2.1.0,1
dubbo,2.0.7,com.alibaba.dubbo.performance,PerformanceConsumerTest,testClient,Complex Method,"designitejava,pmd",dubbo-config/src/test/java/com/alibaba/dubbo/performance/PerformanceConsumerTest.java,dubbo-config/src/test/java/com/alibaba/dubbo/performance/PerformanceConsumerTest.java.PerformanceConsumerTest.testClient.Complex Method,2.0.7,2.0.7,2.1.0,1
dubbo,3.3.0-beta.1,org.apache.dubbo.common.config.configcenter.file,FileSystemDynamicConfiguration,,God Class,"pmd,checkstyle",dubbo-configcenter/dubbo-configcenter-file/src/main/java/org/apache/dubbo/common/config/configcenter/file/FileSystemDynamicConfiguration.java,dubbo-configcenter/dubbo-configcenter-file/src/main/java/org/apache/dubbo/common/config/configcenter/file/FileSystemDynamicConfiguration.java.FileSystemDynamicConfiguration..God Class,3.3.0-beta.1,3.3.0,3.3.0,2
dubbo,3.0.0,org.apache.dubbo.configcenter.support.zookeeper,ZookeeperDynamicConfigurationTest,testGetConfigKeysAndContents,Feature Envy,"designitejava,checkstyle",dubbo-configcenter/dubbo-configcenter-zookeeper/src/test/java/org/apache/dubbo/configcenter/support/zookeeper/ZookeeperDynamicConfigurationTest.java,dubbo-configcenter/dubbo-configcenter-zookeeper/src/test/java/org/apache/dubbo/configcenter/support/zookeeper/ZookeeperDynamicConfigurationTest.java.ZookeeperDynamicConfigurationTest.testGetConfigKeysAndContents.Feature Envy,3.0.0,3.0.0,3.1.0,1
dubbo,3.0.0,org.apache.dubbo.configcenter.support.zookeeper,ZookeeperDynamicConfigurationTest,testPublishConfigCas,Feature Envy,"designitejava,checkstyle",dubbo-configcenter/dubbo-configcenter-zookeeper/src/test/java/org/apache/dubbo/configcenter/support/zookeeper/ZookeeperDynamicConfigurationTest.java,dubbo-configcenter/dubbo-configcenter-zookeeper/src/test/java/org/apache/dubbo/configcenter/support/zookeeper/ZookeeperDynamicConfigurationTest.java.ZookeeperDynamicConfigurationTest.testPublishConfigCas.Feature Envy,3.0.0,3.3.0,3.3.0,6
dubbo,2.2.0,com.alibaba.dubbo.container.page,PageServlet,doPost,Complex Method,"designitejava,pmd,checkstyle",dubbo-container/dubbo-container-api/src/main/java/com/alibaba/dubbo/container/page/PageServlet.java,dubbo-container/dubbo-container-api/src/main/java/com/alibaba/dubbo/container/page/PageServlet.java.PageServlet.doPost.Complex Method,2.2.0,2.6.0,2.7.0,5
dubbo,2.2.0,com.alibaba.dubbo.container.page,PageServlet,writeTable,Complex Method,"pmd,checkstyle",dubbo-container/dubbo-container-api/src/main/java/com/alibaba/dubbo/container/page/PageServlet.java,dubbo-container/dubbo-container-api/src/main/java/com/alibaba/dubbo/container/page/PageServlet.java.PageServlet.writeTable.Complex Method,2.2.0,2.6.0,2.7.0,5
dubbo,2.2.0,com.alibaba.dubbo.container.log4j,Log4jContainer,start,Complex Method,"designitejava,pmd,checkstyle",dubbo-container/dubbo-container-log4j/src/main/java/com/alibaba/dubbo/container/log4j/Log4jContainer.java,dubbo-container/dubbo-container-log4j/src/main/java/com/alibaba/dubbo/container/log4j/Log4jContainer.java.Log4jContainer.start.Complex Method,2.2.0,2.6.0,2.7.0,5
dubbo,2.7.0,org.apache.dubbo.container.log4j,Log4jContainer,start,Complex Method,"designitejava,pmd,checkstyle",dubbo-container/dubbo-container-log4j/src/main/java/org/apache/dubbo/container/log4j/Log4jContainer.java,dubbo-container/dubbo-container-log4j/src/main/java/org/apache/dubbo/container/log4j/Log4jContainer.java.Log4jContainer.start.Complex Method,2.7.0,2.7.0,3.0.0,1
dubbo,2.4.0,com.alibaba.dubbo.container.logback,LogbackContainerTest,testContainer,Feature Envy,"designitejava,checkstyle",dubbo-container/dubbo-container-logback/src/test/java/com/alibaba/dubbo/container/logback/LogbackContainerTest.java,dubbo-container/dubbo-container-logback/src/test/java/com/alibaba/dubbo/container/logback/LogbackContainerTest.java.LogbackContainerTest.testContainer.Feature Envy,2.4.0,2.6.0,2.7.0,3
dubbo,2.7.0,org.apache.dubbo.container.logback,LogbackContainerTest,testContainer,Feature Envy,"designitejava,checkstyle",dubbo-container/dubbo-container-logback/src/test/java/org/apache/dubbo/container/logback/LogbackContainerTest.java,dubbo-container/dubbo-container-logback/src/test/java/org/apache/dubbo/container/logback/LogbackContainerTest.java.LogbackContainerTest.testContainer.Feature Envy,2.7.0,2.7.0,3.0.0,1
dubbo,2.1.0,com.alibaba.dubbo.container.log4j,Log4jContainer,start,Complex Method,"designitejava,pmd,checkstyle",dubbo-container/src/main/java/com/alibaba/dubbo/container/log4j/Log4jContainer.java,dubbo-container/src/main/java/com/alibaba/dubbo/container/log4j/Log4jContainer.java.Log4jContainer.start.Complex Method,2.1.0,2.1.0,2.2.0,1
dubbo,2.1.0,com.alibaba.dubbo.container.page,PageServlet,doPost,Complex Method,"designitejava,pmd,checkstyle",dubbo-container/src/main/java/com/alibaba/dubbo/container/page/PageServlet.java,dubbo-container/src/main/java/com/alibaba/dubbo/container/page/PageServlet.java.PageServlet.doPost.Complex Method,2.1.0,2.1.0,2.2.0,1
dubbo,2.1.0,com.alibaba.dubbo.container.page,PageServlet,writeTable,Complex Method,"pmd,checkstyle",dubbo-container/src/main/java/com/alibaba/dubbo/container/page/PageServlet.java,dubbo-container/src/main/java/com/alibaba/dubbo/container/page/PageServlet.java.PageServlet.writeTable.Complex Method,2.1.0,2.1.0,2.2.0,1
dubbo,2.2.0,com.alibaba.dubbo.validation.support.jvalidation,JValidator,createMemberValue,Complex Method,"designitejava,pmd,checkstyle",dubbo-filter/dubbo-filter-validation/src/main/java/com/alibaba/dubbo/validation/support/jvalidation/JValidator.java,dubbo-filter/dubbo-filter-validation/src/main/java/com/alibaba/dubbo/validation/support/jvalidation/JValidator.java.JValidator.createMemberValue.Complex Method,2.2.0,2.6.0,2.7.0,5
dubbo,2.2.0,com.alibaba.dubbo.validation.support.jvalidation,JValidator,getMethodParameterBean,Complex Method,"designitejava,pmd,checkstyle",dubbo-filter/dubbo-filter-validation/src/main/java/com/alibaba/dubbo/validation/support/jvalidation/JValidator.java,dubbo-filter/dubbo-filter-validation/src/main/java/com/alibaba/dubbo/validation/support/jvalidation/JValidator.java.JValidator.getMethodParameterBean.Complex Method,2.2.0,2.6.0,2.7.0,5
dubbo,2.2.0,com.alibaba.dubbo.validation.support.jvalidation,JValidator,validate,Complex Method,"designitejava,pmd",dubbo-filter/dubbo-filter-validation/src/main/java/com/alibaba/dubbo/validation/support/jvalidation/JValidator.java,dubbo-filter/dubbo-filter-validation/src/main/java/com/alibaba/dubbo/validation/support/jvalidation/JValidator.java.JValidator.validate.Complex Method,2.2.0,2.6.0,2.7.0,5
dubbo,2.7.0,org.apache.dubbo.validation.support.jvalidation,JValidator,createMemberValue,Complex Method,"designitejava,pmd,checkstyle",dubbo-filter/dubbo-filter-validation/src/main/java/org/apache/dubbo/validation/support/jvalidation/JValidator.java,dubbo-filter/dubbo-filter-validation/src/main/java/org/apache/dubbo/validation/support/jvalidation/JValidator.java.JValidator.createMemberValue.Complex Method,2.7.0,3.3.0-beta.1,3.3.0,6
dubbo,3.0.0,org.apache.dubbo.validation.support.jvalidation,JValidator,generateMethodParameterClass,Complex Method,"designitejava,pmd,checkstyle",dubbo-filter/dubbo-filter-validation/src/main/java/org/apache/dubbo/validation/support/jvalidation/JValidator.java,dubbo-filter/dubbo-filter-validation/src/main/java/org/apache/dubbo/validation/support/jvalidation/JValidator.java.JValidator.generateMethodParameterClass.Complex Method,3.0.0,3.3.0-beta.1,3.3.0,5
dubbo,2.7.0,org.apache.dubbo.validation.support.jvalidation,JValidator,getMethodParameterBean,Complex Method,"designitejava,pmd,checkstyle",dubbo-filter/dubbo-filter-validation/src/main/java/org/apache/dubbo/validation/support/jvalidation/JValidator.java,dubbo-filter/dubbo-filter-validation/src/main/java/org/apache/dubbo/validation/support/jvalidation/JValidator.java.JValidator.getMethodParameterBean.Complex Method,2.7.0,2.7.0,3.0.0,1
dubbo,2.7.0,org.apache.dubbo.validation.support.jvalidation,JValidator,validate,Complex Method,"designitejava,pmd",dubbo-filter/dubbo-filter-validation/src/main/java/org/apache/dubbo/validation/support/jvalidation/JValidator.java,dubbo-filter/dubbo-filter-validation/src/main/java/org/apache/dubbo/validation/support/jvalidation/JValidator.java.JValidator.validate.Complex Method,2.7.0,3.3.0-beta.1,3.3.0,6
dubbo,3.1.0,org.apache.dubbo.validation.support.jvalidation,JValidatorNew,createMemberValue,Complex Method,"designitejava,pmd,checkstyle",dubbo-filter/dubbo-filter-validation/src/main/java/org/apache/dubbo/validation/support/jvalidation/JValidatorNew.java,dubbo-filter/dubbo-filter-validation/src/main/java/org/apache/dubbo/validation/support/jvalidation/JValidatorNew.java.JValidatorNew.createMemberValue.Complex Method,3.1.0,3.3.0-beta.1,3.3.0,4
dubbo,3.1.0,org.apache.dubbo.validation.support.jvalidation,JValidatorNew,generateMethodParameterClass,Complex Method,"designitejava,pmd,checkstyle",dubbo-filter/dubbo-filter-validation/src/main/java/org/apache/dubbo/validation/support/jvalidation/JValidatorNew.java,dubbo-filter/dubbo-filter-validation/src/main/java/org/apache/dubbo/validation/support/jvalidation/JValidatorNew.java.JValidatorNew.generateMethodParameterClass.Complex Method,3.1.0,3.3.0-beta.1,3.3.0,4
dubbo,3.1.0,org.apache.dubbo.validation.support.jvalidation,JValidatorNew,validate,Complex Method,"designitejava,pmd",dubbo-filter/dubbo-filter-validation/src/main/java/org/apache/dubbo/validation/support/jvalidation/JValidatorNew.java,dubbo-filter/dubbo-filter-validation/src/main/java/org/apache/dubbo/validation/support/jvalidation/JValidatorNew.java.JValidatorNew.validate.Complex Method,3.1.0,3.3.0-beta.1,3.3.0,4
dubbo,3.3.0,org.apache.dubbo.maven.plugin.protoc,DubboProtocCompilerMojo,,God Class,"pmd,checkstyle",dubbo-maven-plugin/src/main/java/org/apache/dubbo/maven/plugin/protoc/DubboProtocCompilerMojo.java,dubbo-maven-plugin/src/main/java/org/apache/dubbo/maven/plugin/protoc/DubboProtocCompilerMojo.java.DubboProtocCompilerMojo..God Class,3.3.0,3.3.0,3.3.0,1
dubbo,3.3.0,org.apache.dubbo.maven.plugin.protoc,DubboProtocCompilerMojo,execute,Complex Method,"designitejava,checkstyle",dubbo-maven-plugin/src/main/java/org/apache/dubbo/maven/plugin/protoc/DubboProtocCompilerMojo.java,dubbo-maven-plugin/src/main/java/org/apache/dubbo/maven/plugin/protoc/DubboProtocCompilerMojo.java.DubboProtocCompilerMojo.execute.Complex Method,3.3.0,3.3.0,3.3.0,1
dubbo,3.3.0,org.apache.dubbo.maven.plugin.protoc,DubboProtocCompilerMojo,makeAllProtoPaths,Complex Method,"designitejava,pmd,checkstyle",dubbo-maven-plugin/src/main/java/org/apache/dubbo/maven/plugin/protoc/DubboProtocCompilerMojo.java,dubbo-maven-plugin/src/main/java/org/apache/dubbo/maven/plugin/protoc/DubboProtocCompilerMojo.java.DubboProtocCompilerMojo.makeAllProtoPaths.Complex Method,3.3.0,3.3.0,3.3.0,1
dubbo,3.3.0,org.apache.dubbo.maven.plugin.protoc,DubboProtocCompilerMojo,resolveBinaryArtifact,Complex Method,"designitejava,checkstyle",dubbo-maven-plugin/src/main/java/org/apache/dubbo/maven/plugin/protoc/DubboProtocCompilerMojo.java,dubbo-maven-plugin/src/main/java/org/apache/dubbo/maven/plugin/protoc/DubboProtocCompilerMojo.java.DubboProtocCompilerMojo.resolveBinaryArtifact.Complex Method,3.3.0,3.3.0,3.3.0,1
dubbo,2.7.0,org.apache.dubbo.metadata.definition.service,DemoService,findComplexObject,Long Parameter List,"designitejava,checkstyle",dubbo-metadata-report/dubbo-metadata-definition/src/test/java/org/apache/dubbo/metadata/definition/service/DemoService.java,dubbo-metadata-report/dubbo-metadata-definition/src/test/java/org/apache/dubbo/metadata/definition/service/DemoService.java.DemoService.findComplexObject.Long Parameter List,2.7.0,2.7.0,3.0.0,1
dubbo,2.7.0,org.apache.dubbo.metadata.support,AbstractMetadataReportTest,storeConsumer,Long Parameter List,"designitejava,checkstyle",dubbo-metadata-report/dubbo-metadata-report-api/src/test/java/org/apache/dubbo/metadata/support/AbstractMetadataReportTest.java,dubbo-metadata-report/dubbo-metadata-report-api/src/test/java/org/apache/dubbo/metadata/support/AbstractMetadataReportTest.java.AbstractMetadataReportTest.storeConsumer.Long Parameter List,2.7.0,2.7.0,3.0.0,1
dubbo,3.1.0,org.apache.dubbo.metadata,AbstractCacheManager,init,Long Parameter List,"designitejava,checkstyle",dubbo-metadata/dubbo-metadata-api/src/main/java/org/apache/dubbo/metadata/AbstractCacheManager.java,dubbo-metadata/dubbo-metadata-api/src/main/java/org/apache/dubbo/metadata/AbstractCacheManager.java.AbstractCacheManager.init.Long Parameter List,3.1.0,3.3.0,3.3.0,5
dubbo,3.1.0,org.apache.dubbo.metadata,MetadataInfo,extractInstanceParams,Complex Method,"designitejava,pmd,checkstyle",dubbo-metadata/dubbo-metadata-api/src/main/java/org/apache/dubbo/metadata/MetadataInfo.java,dubbo-metadata/dubbo-metadata-api/src/main/java/org/apache/dubbo/metadata/MetadataInfo.java.MetadataInfo.extractInstanceParams.Complex Method,3.1.0,3.3.0,3.3.0,5
dubbo,3.3.0,org.apache.dubbo.metadata,ServiceInfoV2,,God Class,"pmd,checkstyle",dubbo-metadata/dubbo-metadata-api/src/main/java/org/apache/dubbo/metadata/ServiceInfoV2.java,dubbo-metadata/dubbo-metadata-api/src/main/java/org/apache/dubbo/metadata/ServiceInfoV2.java.ServiceInfoV2..God Class,3.3.0,3.3.0,3.3.0,1
dubbo,3.3.0,org.apache.dubbo.metadata,ServiceInfoV2,equals,Complex Method,"designitejava,checkstyle",dubbo-metadata/dubbo-metadata-api/src/main/java/org/apache/dubbo/metadata/ServiceInfoV2.java,dubbo-metadata/dubbo-metadata-api/src/main/java/org/apache/dubbo/metadata/ServiceInfoV2.java.ServiceInfoV2.equals.Complex Method,3.3.0,3.3.0,3.3.0,1
dubbo,3.0.0,org.apache.dubbo.metadata.definition.util,ClassUtils,getCanonicalNameForParameterizedType,Complex Method,"designitejava,pmd",dubbo-metadata/dubbo-metadata-api/src/main/java/org/apache/dubbo/metadata/definition/util/ClassUtils.java,dubbo-metadata/dubbo-metadata-api/src/main/java/org/apache/dubbo/metadata/definition/util/ClassUtils.java.ClassUtils.getCanonicalNameForParameterizedType.Complex Method,3.0.0,3.0.0,3.1.0,1
dubbo,3.0.0,org.apache.dubbo.metadata.rest,AbstractAnnotatedMethodParameterProcessor,process,Long Parameter List,"designitejava,checkstyle",dubbo-metadata/dubbo-metadata-api/src/main/java/org/apache/dubbo/metadata/rest/AbstractAnnotatedMethodParameterProcessor.java,dubbo-metadata/dubbo-metadata-api/src/main/java/org/apache/dubbo/metadata/rest/AbstractAnnotatedMethodParameterProcessor.java.AbstractAnnotatedMethodParameterProcessor.process.Long Parameter List,3.0.0,3.2.0,3.3.0-beta.1,4
dubbo,3.0.0,org.apache.dubbo.metadata.rest,AbstractServiceRestMetadataResolver,processAnnotatedMethodParameter,Long Parameter List,"designitejava,checkstyle",dubbo-metadata/dubbo-metadata-api/src/main/java/org/apache/dubbo/metadata/rest/AbstractServiceRestMetadataResolver.java,dubbo-metadata/dubbo-metadata-api/src/main/java/org/apache/dubbo/metadata/rest/AbstractServiceRestMetadataResolver.java.AbstractServiceRestMetadataResolver.processAnnotatedMethodParameter.Long Parameter List,3.0.0,3.2.0,3.3.0-beta.1,4
dubbo,3.0.0,org.apache.dubbo.metadata.rest,AnnotatedMethodParameterProcessor,process,Long Parameter List,"designitejava,checkstyle",dubbo-metadata/dubbo-metadata-api/src/main/java/org/apache/dubbo/metadata/rest/AnnotatedMethodParameterProcessor.java,dubbo-metadata/dubbo-metadata-api/src/main/java/org/apache/dubbo/metadata/rest/AnnotatedMethodParameterProcessor.java.AnnotatedMethodParameterProcessor.process.Long Parameter List,3.0.0,3.2.0,3.3.0-beta.1,4
dubbo,3.2.0,org.apache.dubbo.metadata.rest.jaxrs,BodyParameterProcessor,process,Long Parameter List,"designitejava,checkstyle",dubbo-metadata/dubbo-metadata-api/src/main/java/org/apache/dubbo/metadata/rest/jaxrs/BodyParameterProcessor.java,dubbo-metadata/dubbo-metadata-api/src/main/java/org/apache/dubbo/metadata/rest/jaxrs/BodyParameterProcessor.java.BodyParameterProcessor.process.Long Parameter List,3.2.0,3.2.0,3.3.0-beta.1,1
dubbo,3.0.0,org.apache.dubbo.metadata.rest.jaxrs,DefaultValueParameterProcessor,process,Long Parameter List,"designitejava,checkstyle",dubbo-metadata/dubbo-metadata-api/src/main/java/org/apache/dubbo/metadata/rest/jaxrs/DefaultValueParameterProcessor.java,dubbo-metadata/dubbo-metadata-api/src/main/java/org/apache/dubbo/metadata/rest/jaxrs/DefaultValueParameterProcessor.java.DefaultValueParameterProcessor.process.Long Parameter List,3.0.0,3.2.0,3.3.0-beta.1,4
dubbo,3.0.0,org.apache.dubbo.metadata.rest.jaxrs,HeaderParamParameterProcessor,process,Long Parameter List,"designitejava,checkstyle",dubbo-metadata/dubbo-metadata-api/src/main/java/org/apache/dubbo/metadata/rest/jaxrs/HeaderParamParameterProcessor.java,dubbo-metadata/dubbo-metadata-api/src/main/java/org/apache/dubbo/metadata/rest/jaxrs/HeaderParamParameterProcessor.java.HeaderParamParameterProcessor.process.Long Parameter List,3.0.0,3.2.0,3.3.0-beta.1,4
dubbo,3.0.0,org.apache.dubbo.metadata.rest.jaxrs,ParamAnnotationParameterProcessor,process,Long Parameter List,"designitejava,checkstyle",dubbo-metadata/dubbo-metadata-api/src/main/java/org/apache/dubbo/metadata/rest/jaxrs/ParamAnnotationParameterProcessor.java,dubbo-metadata/dubbo-metadata-api/src/main/java/org/apache/dubbo/metadata/rest/jaxrs/ParamAnnotationParameterProcessor.java.ParamAnnotationParameterProcessor.process.Long Parameter List,3.0.0,3.2.0,3.3.0-beta.1,4
dubbo,3.0.0,org.apache.dubbo.metadata.rest.springmvc,RequestHeaderParameterProcessor,process,Long Parameter List,"designitejava,checkstyle",dubbo-metadata/dubbo-metadata-api/src/main/java/org/apache/dubbo/metadata/rest/springmvc/RequestHeaderParameterProcessor.java,dubbo-metadata/dubbo-metadata-api/src/main/java/org/apache/dubbo/metadata/rest/springmvc/RequestHeaderParameterProcessor.java.RequestHeaderParameterProcessor.process.Long Parameter List,3.0.0,3.2.0,3.3.0-beta.1,4
dubbo,3.0.0,org.apache.dubbo.metadata.rest.springmvc,RequestParamParameterProcessor,process,Long Parameter List,"designitejava,checkstyle",dubbo-metadata/dubbo-metadata-api/src/main/java/org/apache/dubbo/metadata/rest/springmvc/RequestParamParameterProcessor.java,dubbo-metadata/dubbo-metadata-api/src/main/java/org/apache/dubbo/metadata/rest/springmvc/RequestParamParameterProcessor.java.RequestParamParameterProcessor.process.Long Parameter List,3.0.0,3.2.0,3.3.0-beta.1,4
dubbo,3.0.0,org.apache.dubbo.metadata.store,AbstractAbstractWritableMetadataService,getServiceDefinition,Feature Envy,"designitejava,checkstyle",dubbo-metadata/dubbo-metadata-api/src/main/java/org/apache/dubbo/metadata/store/AbstractAbstractWritableMetadataService.java,dubbo-metadata/dubbo-metadata-api/src/main/java/org/apache/dubbo/metadata/store/AbstractAbstractWritableMetadataService.java.AbstractAbstractWritableMetadataService.getServiceDefinition.Feature Envy,3.0.0,3.0.0,3.1.0,1
dubbo,3.0.0,org.apache.dubbo.metadata.definition.service,DemoService,findComplexObject,Long Parameter List,"designitejava,checkstyle",dubbo-metadata/dubbo-metadata-api/src/test/java/org/apache/dubbo/metadata/definition/service/DemoService.java,dubbo-metadata/dubbo-metadata-api/src/test/java/org/apache/dubbo/metadata/definition/service/DemoService.java.DemoService.findComplexObject.Long Parameter List,3.0.0,3.0.0,3.1.0,1
dubbo,3.1.0,org.apache.dubbo.metadata.report.support,AbstractMetadataReportTest,storeConsumer,Long Parameter List,"designitejava,checkstyle",dubbo-metadata/dubbo-metadata-api/src/test/java/org/apache/dubbo/metadata/report/support/AbstractMetadataReportTest.java,dubbo-metadata/dubbo-metadata-api/src/test/java/org/apache/dubbo/metadata/report/support/AbstractMetadataReportTest.java.AbstractMetadataReportTest.storeConsumer.Long Parameter List,3.1.0,3.3.0,3.3.0,5
dubbo,3.0.0,org.apache.dubbo.metadata.definition.protobuf,ProtobufTypeBuilder,buildProtobufTypeDefinition,Complex Method,"designitejava,pmd",dubbo-metadata/dubbo-metadata-definition-protobuf/src/main/java/org/apache/dubbo/metadata/definition/protobuf/ProtobufTypeBuilder.java,dubbo-metadata/dubbo-metadata-definition-protobuf/src/main/java/org/apache/dubbo/metadata/definition/protobuf/ProtobufTypeBuilder.java.ProtobufTypeBuilder.buildProtobufTypeDefinition.Complex Method,3.0.0,3.3.0,3.3.0,6
dubbo,3.0.0,org.apache.dubbo.metadata.annotation.processing.rest,AbstractAnnotatedMethodParameterProcessor,process,Long Parameter List,"designitejava,checkstyle",dubbo-metadata/dubbo-metadata-processor/src/main/java/org/apache/dubbo/metadata/annotation/processing/rest/AbstractAnnotatedMethodParameterProcessor.java,dubbo-metadata/dubbo-metadata-processor/src/main/java/org/apache/dubbo/metadata/annotation/processing/rest/AbstractAnnotatedMethodParameterProcessor.java.AbstractAnnotatedMethodParameterProcessor.process.Long Parameter List,3.0.0,3.3.0-beta.1,3.3.0,5
dubbo,3.0.0,org.apache.dubbo.metadata.annotation.processing.rest.springmvc,RequestHeaderParameterProcessor,process,Long Parameter List,"designitejava,checkstyle",dubbo-metadata/dubbo-metadata-processor/src/main/java/org/apache/dubbo/metadata/annotation/processing/rest/springmvc/RequestHeaderParameterProcessor.java,dubbo-metadata/dubbo-metadata-processor/src/main/java/org/apache/dubbo/metadata/annotation/processing/rest/springmvc/RequestHeaderParameterProcessor.java.RequestHeaderParameterProcessor.process.Long Parameter List,3.0.0,3.3.0-beta.1,3.3.0,5
dubbo,3.0.0,org.apache.dubbo.metadata.annotation.processing.rest.springmvc,RequestParamParameterProcessor,process,Long Parameter List,"designitejava,checkstyle",dubbo-metadata/dubbo-metadata-processor/src/main/java/org/apache/dubbo/metadata/annotation/processing/rest/springmvc/RequestParamParameterProcessor.java,dubbo-metadata/dubbo-metadata-processor/src/main/java/org/apache/dubbo/metadata/annotation/processing/rest/springmvc/RequestParamParameterProcessor.java.RequestParamParameterProcessor.process.Long Parameter List,3.0.0,3.3.0-beta.1,3.3.0,5
dubbo,3.0.0,org.apache.dubbo.metadata.annotation.processing.util,TypeUtils,,God Class,"pmd,checkstyle",dubbo-metadata/dubbo-metadata-processor/src/main/java/org/apache/dubbo/metadata/annotation/processing/util/TypeUtils.java,dubbo-metadata/dubbo-metadata-processor/src/main/java/org/apache/dubbo/metadata/annotation/processing/util/TypeUtils.java.TypeUtils..God Class,3.0.0,3.3.0,3.3.0,6
dubbo,3.0.0,org.apache.dubbo.metadata.annotation.processing.builder,ArrayTypeDefinitionBuilderTest,buildAndAssertTypeDefinition,Long Parameter List,"designitejava,checkstyle",dubbo-metadata/dubbo-metadata-processor/src/test/java/org/apache/dubbo/metadata/annotation/processing/builder/ArrayTypeDefinitionBuilderTest.java,dubbo-metadata/dubbo-metadata-processor/src/test/java/org/apache/dubbo/metadata/annotation/processing/builder/ArrayTypeDefinitionBuilderTest.java.ArrayTypeDefinitionBuilderTest.buildAndAssertTypeDefinition.Long Parameter List,3.0.0,3.3.0,3.3.0,6
dubbo,3.0.0,org.apache.dubbo.metadata.annotation.processing.builder,MapTypeDefinitionBuilderTest,buildAndAssertTypeDefinition,Long Parameter List,"designitejava,checkstyle",dubbo-metadata/dubbo-metadata-processor/src/test/java/org/apache/dubbo/metadata/annotation/processing/builder/MapTypeDefinitionBuilderTest.java,dubbo-metadata/dubbo-metadata-processor/src/test/java/org/apache/dubbo/metadata/annotation/processing/builder/MapTypeDefinitionBuilderTest.java.MapTypeDefinitionBuilderTest.buildAndAssertTypeDefinition.Long Parameter List,3.0.0,3.3.0,3.3.0,6
dubbo,3.1.0,org.apache.dubbo.metadata.store.zookeeper,ZookeeperMetadataReportTest,testAppMetadata,Feature Envy,"designitejava,checkstyle",dubbo-metadata/dubbo-metadata-report-zookeeper/src/test/java/org/apache/dubbo/metadata/store/zookeeper/ZookeeperMetadataReportTest.java,dubbo-metadata/dubbo-metadata-report-zookeeper/src/test/java/org/apache/dubbo/metadata/store/zookeeper/ZookeeperMetadataReportTest.java.ZookeeperMetadataReportTest.testAppMetadata.Feature Envy,3.1.0,3.3.0,3.3.0,5
dubbo,3.3.0-beta.1,org.apache.dubbo.metadata.rest,AbstractAnnotatedMethodParameterProcessor,process,Long Parameter List,"designitejava,checkstyle",dubbo-metadata/dubbo-metadata-rest/src/main/java/org/apache/dubbo/metadata/rest/AbstractAnnotatedMethodParameterProcessor.java,dubbo-metadata/dubbo-metadata-rest/src/main/java/org/apache/dubbo/metadata/rest/AbstractAnnotatedMethodParameterProcessor.java.AbstractAnnotatedMethodParameterProcessor.process.Long Parameter List,3.3.0-beta.1,3.3.0-beta.1,3.3.0,1
dubbo,3.3.0-beta.1,org.apache.dubbo.metadata.rest,AbstractServiceRestMetadataResolver,processAnnotatedMethodParameter,Long Parameter List,"designitejava,checkstyle",dubbo-metadata/dubbo-metadata-rest/src/main/java/org/apache/dubbo/metadata/rest/AbstractServiceRestMetadataResolver.java,dubbo-metadata/dubbo-metadata-rest/src/main/java/org/apache/dubbo/metadata/rest/AbstractServiceRestMetadataResolver.java.AbstractServiceRestMetadataResolver.processAnnotatedMethodParameter.Long Parameter List,3.3.0-beta.1,3.3.0-beta.1,3.3.0,1
dubbo,3.3.0-beta.1,org.apache.dubbo.metadata.rest,AnnotatedMethodParameterProcessor,process,Long Parameter List,"designitejava,checkstyle",dubbo-metadata/dubbo-metadata-rest/src/main/java/org/apache/dubbo/metadata/rest/AnnotatedMethodParameterProcessor.java,dubbo-metadata/dubbo-metadata-rest/src/main/java/org/apache/dubbo/metadata/rest/AnnotatedMethodParameterProcessor.java.AnnotatedMethodParameterProcessor.process.Long Parameter List,3.3.0-beta.1,3.3.0-beta.1,3.3.0,1
dubbo,3.3.0-beta.1,org.apache.dubbo.metadata.rest.jaxrs,BodyParameterProcessor,process,Long Parameter List,"designitejava,checkstyle",dubbo-metadata/dubbo-metadata-rest/src/main/java/org/apache/dubbo/metadata/rest/jaxrs/BodyParameterProcessor.java,dubbo-metadata/dubbo-metadata-rest/src/main/java/org/apache/dubbo/metadata/rest/jaxrs/BodyParameterProcessor.java.BodyParameterProcessor.process.Long Parameter List,3.3.0-beta.1,3.3.0-beta.1,3.3.0,1
dubbo,3.3.0-beta.1,org.apache.dubbo.metadata.rest.jaxrs,DefaultValueParameterProcessor,process,Long Parameter List,"designitejava,checkstyle",dubbo-metadata/dubbo-metadata-rest/src/main/java/org/apache/dubbo/metadata/rest/jaxrs/DefaultValueParameterProcessor.java,dubbo-metadata/dubbo-metadata-rest/src/main/java/org/apache/dubbo/metadata/rest/jaxrs/DefaultValueParameterProcessor.java.DefaultValueParameterProcessor.process.Long Parameter List,3.3.0-beta.1,3.3.0-beta.1,3.3.0,1
dubbo,3.3.0-beta.1,org.apache.dubbo.metadata.rest.jaxrs,HeaderParamParameterProcessor,process,Long Parameter List,"designitejava,checkstyle",dubbo-metadata/dubbo-metadata-rest/src/main/java/org/apache/dubbo/metadata/rest/jaxrs/HeaderParamParameterProcessor.java,dubbo-metadata/dubbo-metadata-rest/src/main/java/org/apache/dubbo/metadata/rest/jaxrs/HeaderParamParameterProcessor.java.HeaderParamParameterProcessor.process.Long Parameter List,3.3.0-beta.1,3.3.0-beta.1,3.3.0,1
dubbo,3.3.0-beta.1,org.apache.dubbo.metadata.rest.jaxrs,ParamAnnotationParameterProcessor,process,Long Parameter List,"designitejava,checkstyle",dubbo-metadata/dubbo-metadata-rest/src/main/java/org/apache/dubbo/metadata/rest/jaxrs/ParamAnnotationParameterProcessor.java,dubbo-metadata/dubbo-metadata-rest/src/main/java/org/apache/dubbo/metadata/rest/jaxrs/ParamAnnotationParameterProcessor.java.ParamAnnotationParameterProcessor.process.Long Parameter List,3.3.0-beta.1,3.3.0-beta.1,3.3.0,1
dubbo,3.3.0-beta.1,org.apache.dubbo.metadata.rest.noannotaion,NoAnnotationServiceRestMetadataResolver,processAnnotatedMethodParameter,Long Parameter List,"designitejava,checkstyle",dubbo-metadata/dubbo-metadata-rest/src/main/java/org/apache/dubbo/metadata/rest/noannotaion/NoAnnotationServiceRestMetadataResolver.java,dubbo-metadata/dubbo-metadata-rest/src/main/java/org/apache/dubbo/metadata/rest/noannotaion/NoAnnotationServiceRestMetadataResolver.java.NoAnnotationServiceRestMetadataResolver.processAnnotatedMethodParameter.Long Parameter List,3.3.0-beta.1,3.3.0-beta.1,3.3.0,1
dubbo,3.3.0-beta.1,org.apache.dubbo.metadata.rest.springmvc,RequestHeaderParameterProcessor,process,Long Parameter List,"designitejava,checkstyle",dubbo-metadata/dubbo-metadata-rest/src/main/java/org/apache/dubbo/metadata/rest/springmvc/RequestHeaderParameterProcessor.java,dubbo-metadata/dubbo-metadata-rest/src/main/java/org/apache/dubbo/metadata/rest/springmvc/RequestHeaderParameterProcessor.java.RequestHeaderParameterProcessor.process.Long Parameter List,3.3.0-beta.1,3.3.0-beta.1,3.3.0,1
dubbo,3.3.0-beta.1,org.apache.dubbo.metadata.rest.springmvc,RequestParamParameterProcessor,process,Long Parameter List,"designitejava,checkstyle",dubbo-metadata/dubbo-metadata-rest/src/main/java/org/apache/dubbo/metadata/rest/springmvc/RequestParamParameterProcessor.java,dubbo-metadata/dubbo-metadata-rest/src/main/java/org/apache/dubbo/metadata/rest/springmvc/RequestParamParameterProcessor.java.RequestParamParameterProcessor.process.Long Parameter List,3.3.0-beta.1,3.3.0-beta.1,3.3.0,1
dubbo,3.2.0-beta.1,org.apache.dubbo.metrics,AbstractMetricsReporter,scheduleMetricsCollectorSyncJob,Complex Method,"designitejava,pmd",dubbo-metrics/dubbo-metrics-api/src/main/java/org/apache/dubbo/metrics/AbstractMetricsReporter.java,dubbo-metrics/dubbo-metrics-api/src/main/java/org/apache/dubbo/metrics/AbstractMetricsReporter.java.AbstractMetricsReporter.scheduleMetricsCollectorSyncJob.Complex Method,3.2.0-beta.1,3.2.0-beta.1,3.2.0,1
dubbo,2.7.0,org.apache.dubbo.metrics,MetricName,compareTags,Complex Method,"designitejava,checkstyle",dubbo-metrics/dubbo-metrics-api/src/main/java/org/apache/dubbo/metrics/MetricName.java,dubbo-metrics/dubbo-metrics-api/src/main/java/org/apache/dubbo/metrics/MetricName.java.MetricName.compareTags.Complex Method,2.7.0,2.7.0,3.0.0,1
dubbo,3.3.0-beta.1,org.apache.dubbo.metrics.aggregate,DubboMergingDigest,,God Class,"pmd,checkstyle",dubbo-metrics/dubbo-metrics-api/src/main/java/org/apache/dubbo/metrics/aggregate/DubboMergingDigest.java,dubbo-metrics/dubbo-metrics-api/src/main/java/org/apache/dubbo/metrics/aggregate/DubboMergingDigest.java.DubboMergingDigest..God Class,3.3.0-beta.1,3.3.0,3.3.0,2
dubbo,3.3.0-beta.1,org.apache.dubbo.metrics.aggregate,DubboMergingDigest,cdf,Complex Method,"designitejava,pmd,checkstyle",dubbo-metrics/dubbo-metrics-api/src/main/java/org/apache/dubbo/metrics/aggregate/DubboMergingDigest.java,dubbo-metrics/dubbo-metrics-api/src/main/java/org/apache/dubbo/metrics/aggregate/DubboMergingDigest.java.DubboMergingDigest.cdf.Complex Method,3.3.0-beta.1,3.3.0,3.3.0,2
dubbo,3.3.0-beta.1,org.apache.dubbo.metrics.aggregate,DubboMergingDigest,merge,Complex Method,"designitejava,pmd,checkstyle",dubbo-metrics/dubbo-metrics-api/src/main/java/org/apache/dubbo/metrics/aggregate/DubboMergingDigest.java,dubbo-metrics/dubbo-metrics-api/src/main/java/org/apache/dubbo/metrics/aggregate/DubboMergingDigest.java.DubboMergingDigest.merge.Complex Method,3.3.0-beta.1,3.3.0,3.3.0,2
dubbo,3.3.0-beta.1,org.apache.dubbo.metrics.aggregate,DubboMergingDigest,merge,Long Parameter List,"designitejava,checkstyle",dubbo-metrics/dubbo-metrics-api/src/main/java/org/apache/dubbo/metrics/aggregate/DubboMergingDigest.java,dubbo-metrics/dubbo-metrics-api/src/main/java/org/apache/dubbo/metrics/aggregate/DubboMergingDigest.java.DubboMergingDigest.merge.Long Parameter List,3.3.0-beta.1,3.3.0,3.3.0,2
dubbo,3.3.0-beta.1,org.apache.dubbo.metrics.aggregate,DubboMergingDigest,quantile,Complex Method,"designitejava,pmd,checkstyle",dubbo-metrics/dubbo-metrics-api/src/main/java/org/apache/dubbo/metrics/aggregate/DubboMergingDigest.java,dubbo-metrics/dubbo-metrics-api/src/main/java/org/apache/dubbo/metrics/aggregate/DubboMergingDigest.java.DubboMergingDigest.quantile.Complex Method,3.3.0-beta.1,3.3.0,3.3.0,2
dubbo,3.2.0,org.apache.dubbo.metrics.aggregate,SlidingWindow,currentPane,Complex Method,"designitejava,pmd",dubbo-metrics/dubbo-metrics-api/src/main/java/org/apache/dubbo/metrics/aggregate/SlidingWindow.java,dubbo-metrics/dubbo-metrics-api/src/main/java/org/apache/dubbo/metrics/aggregate/SlidingWindow.java.SlidingWindow.currentPane.Complex Method,3.2.0,3.3.0,3.3.0,3
dubbo,3.3.0-beta.1,org.apache.dubbo.metrics.config.event,ConfigCenterEvent,toChangeEvent,Long Parameter List,"designitejava,checkstyle",dubbo-metrics/dubbo-metrics-config-center/src/main/java/org/apache/dubbo/metrics/config/event/ConfigCenterEvent.java,dubbo-metrics/dubbo-metrics-config-center/src/main/java/org/apache/dubbo/metrics/config/event/ConfigCenterEvent.java.ConfigCenterEvent.toChangeEvent.Long Parameter List,3.3.0-beta.1,3.3.0,3.3.0,2
dubbo,3.3.0-beta.1,org.apache.dubbo.metrics.collector.sample,ThreadPoolMetricsSampler,addFrameworkExecutors,Feature Envy,"designitejava,checkstyle",dubbo-metrics/dubbo-metrics-default/src/main/java/org/apache/dubbo/metrics/collector/sample/ThreadPoolMetricsSampler.java,dubbo-metrics/dubbo-metrics-default/src/main/java/org/apache/dubbo/metrics/collector/sample/ThreadPoolMetricsSampler.java.ThreadPoolMetricsSampler.addFrameworkExecutors.Feature Envy,3.3.0-beta.1,3.3.0,3.3.0,2
dubbo,3.2.0,org.apache.dubbo.metrics.collector.sample,ThreadPoolMetricsSampler,registryDefaultSampleThreadPoolExecutor,Complex Method,"designitejava,pmd,checkstyle",dubbo-metrics/dubbo-metrics-default/src/main/java/org/apache/dubbo/metrics/collector/sample/ThreadPoolMetricsSampler.java,dubbo-metrics/dubbo-metrics-default/src/main/java/org/apache/dubbo/metrics/collector/sample/ThreadPoolMetricsSampler.java.ThreadPoolMetricsSampler.registryDefaultSampleThreadPoolExecutor.Complex Method,3.2.0,3.2.0,3.3.0-beta.1,1
dubbo,3.3.0-beta.1,org.apache.dubbo.metrics.event,RequestEvent,toRequestErrorEvent,Long Parameter List,"designitejava,checkstyle",dubbo-metrics/dubbo-metrics-default/src/main/java/org/apache/dubbo/metrics/event/RequestEvent.java,dubbo-metrics/dubbo-metrics-default/src/main/java/org/apache/dubbo/metrics/event/RequestEvent.java.RequestEvent.toRequestErrorEvent.Long Parameter List,3.3.0-beta.1,3.3.0,3.3.0,2
dubbo,3.3.0-beta.1,org.apache.dubbo.metrics.event,RequestEvent,toRequestEvent,Long Parameter List,"designitejava,checkstyle",dubbo-metrics/dubbo-metrics-default/src/main/java/org/apache/dubbo/metrics/event/RequestEvent.java,dubbo-metrics/dubbo-metrics-default/src/main/java/org/apache/dubbo/metrics/event/RequestEvent.java.RequestEvent.toRequestEvent.Long Parameter List,3.3.0-beta.1,3.3.0,3.3.0,2
dubbo,3.3.0,org.apache.dubbo.monitor.support,MonitorFilter,collect,Long Parameter List,"designitejava,checkstyle",dubbo-metrics/dubbo-metrics-default/src/main/java/org/apache/dubbo/monitor/support/MonitorFilter.java,dubbo-metrics/dubbo-metrics-default/src/main/java/org/apache/dubbo/monitor/support/MonitorFilter.java.MonitorFilter.collect.Long Parameter List,3.3.0,3.3.0,3.3.0,1
dubbo,3.3.0,org.apache.dubbo.monitor.support,MonitorFilter,createStatisticsUrl,Long Parameter List,"designitejava,checkstyle",dubbo-metrics/dubbo-metrics-default/src/main/java/org/apache/dubbo/monitor/support/MonitorFilter.java,dubbo-metrics/dubbo-metrics-default/src/main/java/org/apache/dubbo/monitor/support/MonitorFilter.java.MonitorFilter.createStatisticsUrl.Long Parameter List,3.3.0,3.3.0,3.3.0,1
dubbo,3.3.0-beta.1,org.apache.dubbo.metrics.collector,DefaultCollectorTest,testRequestEventNoRt,Complex Method,"designitejava,pmd,checkstyle",dubbo-metrics/dubbo-metrics-default/src/test/java/org/apache/dubbo/metrics/collector/DefaultCollectorTest.java,dubbo-metrics/dubbo-metrics-default/src/test/java/org/apache/dubbo/metrics/collector/DefaultCollectorTest.java.DefaultCollectorTest.testRequestEventNoRt.Complex Method,3.3.0-beta.1,3.3.0,3.3.0,2
dubbo,3.2.0,org.apache.dubbo.metrics.sampler,CountSamplerTest,rtTest,Complex Method,"pmd,checkstyle",dubbo-metrics/dubbo-metrics-default/src/test/java/org/apache/dubbo/metrics/sampler/CountSamplerTest.java,dubbo-metrics/dubbo-metrics-default/src/test/java/org/apache/dubbo/metrics/sampler/CountSamplerTest.java.CountSamplerTest.rtTest.Complex Method,3.2.0,3.2.0,3.3.0-beta.1,1
dubbo,3.2.0,org.apache.dubbo.metrics.metadata,MetadataStatCompositeTest,testInit,Feature Envy,"designitejava,checkstyle",dubbo-metrics/dubbo-metrics-metadata/src/test/java/org/apache/dubbo/metrics/metadata/MetadataStatCompositeTest.java,dubbo-metrics/dubbo-metrics-metadata/src/test/java/org/apache/dubbo/metrics/metadata/MetadataStatCompositeTest.java.MetadataStatCompositeTest.testInit.Feature Envy,3.2.0,3.3.0,3.3.0,3
dubbo,3.2.0-beta.1,org.apache.dubbo.metrics.prometheus,PrometheusMetricsReporterTest,testExporter,Feature Envy,"designitejava,checkstyle",dubbo-metrics/dubbo-metrics-prometheus/src/test/java/org/apache/dubbo/metrics/prometheus/PrometheusMetricsReporterTest.java,dubbo-metrics/dubbo-metrics-prometheus/src/test/java/org/apache/dubbo/metrics/prometheus/PrometheusMetricsReporterTest.java.PrometheusMetricsReporterTest.testExporter.Feature Envy,3.2.0-beta.1,3.2.0,3.3.0-beta.1,2
dubbo,3.2.0,org.apache.dubbo.metrics.registry.metrics.collector,RegistryStatCompositeTest,testInit,Feature Envy,"designitejava,checkstyle",dubbo-metrics/dubbo-metrics-registry/src/test/java/org/apache/dubbo/metrics/registry/metrics/collector/RegistryStatCompositeTest.java,dubbo-metrics/dubbo-metrics-registry/src/test/java/org/apache/dubbo/metrics/registry/metrics/collector/RegistryStatCompositeTest.java.RegistryStatCompositeTest.testInit.Feature Envy,3.2.0,3.3.0,3.3.0,3
dubbo,2.1.0,com.alibaba.dubbo.monitor.dubbo,Statistics,equals,Complex Method,"designitejava,pmd,checkstyle",dubbo-monitor-default/src/main/java/com/alibaba/dubbo/monitor/dubbo/Statistics.java,dubbo-monitor-default/src/main/java/com/alibaba/dubbo/monitor/dubbo/Statistics.java.Statistics.equals.Complex Method,2.1.0,2.1.0,2.2.0,1
dubbo,2.1.0,com.alibaba.dubbo.monitor.simple,RegistryContainer,getDependencies,Complex Method,"designitejava,pmd,checkstyle",dubbo-monitor-simple/src/main/java/com/alibaba/dubbo/monitor/simple/RegistryContainer.java,dubbo-monitor-simple/src/main/java/com/alibaba/dubbo/monitor/simple/RegistryContainer.java.RegistryContainer.getDependencies.Complex Method,2.1.0,2.1.0,2.2.0,1
dubbo,2.1.0,com.alibaba.dubbo.monitor.simple,RegistryContainer,notify,Complex Method,"designitejava,pmd",dubbo-monitor-simple/src/main/java/com/alibaba/dubbo/monitor/simple/RegistryContainer.java,dubbo-monitor-simple/src/main/java/com/alibaba/dubbo/monitor/simple/RegistryContainer.java.RegistryContainer.notify.Complex Method,2.1.0,2.1.0,2.2.0,1
dubbo,2.1.0,com.alibaba.dubbo.monitor.simple,RegistryContainer,start,Complex Method,"designitejava,pmd",dubbo-monitor-simple/src/main/java/com/alibaba/dubbo/monitor/simple/RegistryContainer.java,dubbo-monitor-simple/src/main/java/com/alibaba/dubbo/monitor/simple/RegistryContainer.java.RegistryContainer.start.Complex Method,2.1.0,2.1.0,2.2.0,1
dubbo,2.1.0,com.alibaba.dubbo.monitor.simple,SimpleMonitorService,createChart,Long Parameter List,"designitejava,checkstyle",dubbo-monitor-simple/src/main/java/com/alibaba/dubbo/monitor/simple/SimpleMonitorService.java,dubbo-monitor-simple/src/main/java/com/alibaba/dubbo/monitor/simple/SimpleMonitorService.java.SimpleMonitorService.createChart.Long Parameter List,2.1.0,2.1.0,2.2.0,1
dubbo,2.1.0,com.alibaba.dubbo.monitor.simple,SimpleMonitorService,draw,Complex Method,"designitejava,pmd,checkstyle",dubbo-monitor-simple/src/main/java/com/alibaba/dubbo/monitor/simple/SimpleMonitorService.java,dubbo-monitor-simple/src/main/java/com/alibaba/dubbo/monitor/simple/SimpleMonitorService.java.SimpleMonitorService.draw.Complex Method,2.1.0,2.1.0,2.2.0,1
dubbo,2.1.0,com.alibaba.dubbo.monitor.simple,SimpleMonitorService,write,Complex Method,"designitejava,pmd,checkstyle",dubbo-monitor-simple/src/main/java/com/alibaba/dubbo/monitor/simple/SimpleMonitorService.java,dubbo-monitor-simple/src/main/java/com/alibaba/dubbo/monitor/simple/SimpleMonitorService.java.SimpleMonitorService.write.Complex Method,2.1.0,2.1.0,2.2.0,1
dubbo,2.1.0,com.alibaba.dubbo.monitor.simple.pages,ApplicationsPageHandler,handle,Complex Method,"pmd,checkstyle",dubbo-monitor-simple/src/main/java/com/alibaba/dubbo/monitor/simple/pages/ApplicationsPageHandler.java,dubbo-monitor-simple/src/main/java/com/alibaba/dubbo/monitor/simple/pages/ApplicationsPageHandler.java.ApplicationsPageHandler.handle.Complex Method,2.1.0,2.1.0,2.2.0,1
dubbo,2.1.0,com.alibaba.dubbo.monitor.simple.pages,ConsumersPageHandler,handle,Complex Method,"designitejava,pmd,checkstyle",dubbo-monitor-simple/src/main/java/com/alibaba/dubbo/monitor/simple/pages/ConsumersPageHandler.java,dubbo-monitor-simple/src/main/java/com/alibaba/dubbo/monitor/simple/pages/ConsumersPageHandler.java.ConsumersPageHandler.handle.Complex Method,2.1.0,2.1.0,2.2.0,1
dubbo,2.1.0,com.alibaba.dubbo.monitor.simple.pages,DependenciesPageHandler,appendDependency,Complex Method,"designitejava,pmd",dubbo-monitor-simple/src/main/java/com/alibaba/dubbo/monitor/simple/pages/DependenciesPageHandler.java,dubbo-monitor-simple/src/main/java/com/alibaba/dubbo/monitor/simple/pages/DependenciesPageHandler.java.DependenciesPageHandler.appendDependency.Complex Method,2.1.0,2.1.0,2.2.0,1
dubbo,2.1.0,com.alibaba.dubbo.monitor.simple.pages,DependenciesPageHandler,appendDependency,Long Parameter List,"designitejava,checkstyle",dubbo-monitor-simple/src/main/java/com/alibaba/dubbo/monitor/simple/pages/DependenciesPageHandler.java,dubbo-monitor-simple/src/main/java/com/alibaba/dubbo/monitor/simple/pages/DependenciesPageHandler.java.DependenciesPageHandler.appendDependency.Long Parameter List,2.1.0,2.1.0,2.2.0,1
dubbo,2.1.0,com.alibaba.dubbo.monitor.simple.pages,HostsPageHandler,handle,Complex Method,"pmd,checkstyle",dubbo-monitor-simple/src/main/java/com/alibaba/dubbo/monitor/simple/pages/HostsPageHandler.java,dubbo-monitor-simple/src/main/java/com/alibaba/dubbo/monitor/simple/pages/HostsPageHandler.java.HostsPageHandler.handle.Complex Method,2.1.0,2.1.0,2.2.0,1
dubbo,2.1.0,com.alibaba.dubbo.monitor.simple.pages,ProvidersPageHandler,handle,Complex Method,"designitejava,pmd,checkstyle",dubbo-monitor-simple/src/main/java/com/alibaba/dubbo/monitor/simple/pages/ProvidersPageHandler.java,dubbo-monitor-simple/src/main/java/com/alibaba/dubbo/monitor/simple/pages/ProvidersPageHandler.java.ProvidersPageHandler.handle.Complex Method,2.1.0,2.1.0,2.2.0,1
dubbo,2.1.0,com.alibaba.dubbo.monitor.simple.pages,ServicesPageHandler,handle,Complex Method,"pmd,checkstyle",dubbo-monitor-simple/src/main/java/com/alibaba/dubbo/monitor/simple/pages/ServicesPageHandler.java,dubbo-monitor-simple/src/main/java/com/alibaba/dubbo/monitor/simple/pages/ServicesPageHandler.java.ServicesPageHandler.handle.Complex Method,2.1.0,2.1.0,2.2.0,1
dubbo,2.1.0,com.alibaba.dubbo.monitor.simple.pages,StatisticsPageHandler,handle,Complex Method,"designitejava,pmd,checkstyle",dubbo-monitor-simple/src/main/java/com/alibaba/dubbo/monitor/simple/pages/StatisticsPageHandler.java,dubbo-monitor-simple/src/main/java/com/alibaba/dubbo/monitor/simple/pages/StatisticsPageHandler.java.StatisticsPageHandler.handle.Complex Method,2.1.0,2.1.0,2.2.0,1
dubbo,2.7.0,org.apache.dubbo.monitor.support,MonitorFilter,collect,Long Parameter List,"designitejava,checkstyle",dubbo-monitor/dubbo-monitor-api/src/main/java/org/apache/dubbo/monitor/support/MonitorFilter.java,dubbo-monitor/dubbo-monitor-api/src/main/java/org/apache/dubbo/monitor/support/MonitorFilter.java.MonitorFilter.collect.Long Parameter List,2.7.0,3.2.0,3.3.0-beta.1,5
dubbo,2.7.0,org.apache.dubbo.monitor.support,MonitorFilter,createStatisticsUrl,Long Parameter List,"designitejava,checkstyle",dubbo-monitor/dubbo-monitor-api/src/main/java/org/apache/dubbo/monitor/support/MonitorFilter.java,dubbo-monitor/dubbo-monitor-api/src/main/java/org/apache/dubbo/monitor/support/MonitorFilter.java.MonitorFilter.createStatisticsUrl.Long Parameter List,2.7.0,3.2.0,3.3.0-beta.1,5
dubbo,3.3.0-beta.1,org.apache.dubbo.monitor.support,MonitorFilter,collect,Long Parameter List,"designitejava,checkstyle",dubbo-monitor/dubbo-monitor-common/src/main/java/org/apache/dubbo/monitor/support/MonitorFilter.java,dubbo-monitor/dubbo-monitor-common/src/main/java/org/apache/dubbo/monitor/support/MonitorFilter.java.MonitorFilter.collect.Long Parameter List,3.3.0-beta.1,3.3.0-beta.1,3.3.0,1
dubbo,3.3.0-beta.1,org.apache.dubbo.monitor.support,MonitorFilter,createStatisticsUrl,Long Parameter List,"designitejava,checkstyle",dubbo-monitor/dubbo-monitor-common/src/main/java/org/apache/dubbo/monitor/support/MonitorFilter.java,dubbo-monitor/dubbo-monitor-common/src/main/java/org/apache/dubbo/monitor/support/MonitorFilter.java.MonitorFilter.createStatisticsUrl.Long Parameter List,3.3.0-beta.1,3.3.0-beta.1,3.3.0,1
dubbo,2.2.0,com.alibaba.dubbo.monitor.dubbo,Statistics,equals,Complex Method,"designitejava,pmd,checkstyle",dubbo-monitor/dubbo-monitor-default/src/main/java/com/alibaba/dubbo/monitor/dubbo/Statistics.java,dubbo-monitor/dubbo-monitor-default/src/main/java/com/alibaba/dubbo/monitor/dubbo/Statistics.java.Statistics.equals.Complex Method,2.2.0,2.6.0,2.7.0,5
dubbo,2.7.0,org.apache.dubbo.monitor.dubbo,Statistics,equals,Complex Method,"designitejava,pmd,checkstyle",dubbo-monitor/dubbo-monitor-default/src/main/java/org/apache/dubbo/monitor/dubbo/Statistics.java,dubbo-monitor/dubbo-monitor-default/src/main/java/org/apache/dubbo/monitor/dubbo/Statistics.java.Statistics.equals.Complex Method,2.7.0,3.3.0-beta.1,3.3.0,6
dubbo,3.1.0,org.apache.dubbo.monitor.dubbo,StatisticsItem,setItems,Long Parameter List,"designitejava,checkstyle",dubbo-monitor/dubbo-monitor-default/src/main/java/org/apache/dubbo/monitor/dubbo/StatisticsItem.java,dubbo-monitor/dubbo-monitor-default/src/main/java/org/apache/dubbo/monitor/dubbo/StatisticsItem.java.StatisticsItem.setItems.Long Parameter List,3.1.0,3.3.0-beta.1,3.3.0,4
dubbo,2.0.7,com.alibaba.dubbo.monitor.support.dubbo,Statistics,equals,Complex Method,"designitejava,pmd,checkstyle",dubbo-monitor/src/main/java/com/alibaba/dubbo/monitor/support/dubbo/Statistics.java,dubbo-monitor/src/main/java/com/alibaba/dubbo/monitor/support/dubbo/Statistics.java.Statistics.equals.Complex Method,2.0.7,2.0.7,2.1.0,1
dubbo,3.2.0,org.apache.dubbo.aot.generate,ReflectionConfigWriter,handleCategories,Complex Method,"designitejava,checkstyle",dubbo-native/src/main/java/org/apache/dubbo/aot/generate/ReflectionConfigWriter.java,dubbo-native/src/main/java/org/apache/dubbo/aot/generate/ReflectionConfigWriter.java.ReflectionConfigWriter.handleCategories.Complex Method,3.2.0,3.2.0,3.3.0-beta.1,1
dubbo,3.3.0,org.apache.dubbo.validation.support.jvalidation,JValidator,createMemberValue,Complex Method,"designitejava,pmd,checkstyle",dubbo-plugin/dubbo-filter-validation/src/main/java/org/apache/dubbo/validation/support/jvalidation/JValidator.java,dubbo-plugin/dubbo-filter-validation/src/main/java/org/apache/dubbo/validation/support/jvalidation/JValidator.java.JValidator.createMemberValue.Complex Method,3.3.0,3.3.0,3.3.0,1
dubbo,3.3.0,org.apache.dubbo.validation.support.jvalidation,JValidator,generateMethodParameterClass,Complex Method,"designitejava,pmd,checkstyle",dubbo-plugin/dubbo-filter-validation/src/main/java/org/apache/dubbo/validation/support/jvalidation/JValidator.java,dubbo-plugin/dubbo-filter-validation/src/main/java/org/apache/dubbo/validation/support/jvalidation/JValidator.java.JValidator.generateMethodParameterClass.Complex Method,3.3.0,3.3.0,3.3.0,1
dubbo,3.3.0,org.apache.dubbo.validation.support.jvalidation,JValidator,validate,Complex Method,"designitejava,pmd",dubbo-plugin/dubbo-filter-validation/src/main/java/org/apache/dubbo/validation/support/jvalidation/JValidator.java,dubbo-plugin/dubbo-filter-validation/src/main/java/org/apache/dubbo/validation/support/jvalidation/JValidator.java.JValidator.validate.Complex Method,3.3.0,3.3.0,3.3.0,1
dubbo,3.3.0,org.apache.dubbo.validation.support.jvalidation,JValidatorNew,createMemberValue,Complex Method,"designitejava,pmd,checkstyle",dubbo-plugin/dubbo-filter-validation/src/main/java/org/apache/dubbo/validation/support/jvalidation/JValidatorNew.java,dubbo-plugin/dubbo-filter-validation/src/main/java/org/apache/dubbo/validation/support/jvalidation/JValidatorNew.java.JValidatorNew.createMemberValue.Complex Method,3.3.0,3.3.0,3.3.0,1
dubbo,3.3.0,org.apache.dubbo.validation.support.jvalidation,JValidatorNew,generateMethodParameterClass,Complex Method,"designitejava,pmd,checkstyle",dubbo-plugin/dubbo-filter-validation/src/main/java/org/apache/dubbo/validation/support/jvalidation/JValidatorNew.java,dubbo-plugin/dubbo-filter-validation/src/main/java/org/apache/dubbo/validation/support/jvalidation/JValidatorNew.java.JValidatorNew.generateMethodParameterClass.Complex Method,3.3.0,3.3.0,3.3.0,1
dubbo,3.3.0,org.apache.dubbo.validation.support.jvalidation,JValidatorNew,validate,Complex Method,"designitejava,pmd",dubbo-plugin/dubbo-filter-validation/src/main/java/org/apache/dubbo/validation/support/jvalidation/JValidatorNew.java,dubbo-plugin/dubbo-filter-validation/src/main/java/org/apache/dubbo/validation/support/jvalidation/JValidatorNew.java.JValidatorNew.validate.Complex Method,3.3.0,3.3.0,3.3.0,1
dubbo,3.3.0-beta.1,org.apache.dubbo.aot.generate,ReflectionConfigWriter,handleCategories,Complex Method,"designitejava,checkstyle",dubbo-plugin/dubbo-native/src/main/java/org/apache/dubbo/aot/generate/ReflectionConfigWriter.java,dubbo-plugin/dubbo-native/src/main/java/org/apache/dubbo/aot/generate/ReflectionConfigWriter.java.ReflectionConfigWriter.handleCategories.Complex Method,3.3.0-beta.1,3.3.0,3.3.0,2
dubbo,3.3.0-beta.1,org.apache.dubbo.rpc.cluster.merger,ArrayMerger,merge,Complex Method,"designitejava,checkstyle",dubbo-plugin/dubbo-plugin-cluster-mergeable/src/main/java/org/apache/dubbo/rpc/cluster/merger/ArrayMerger.java,dubbo-plugin/dubbo-plugin-cluster-mergeable/src/main/java/org/apache/dubbo/rpc/cluster/merger/ArrayMerger.java.ArrayMerger.merge.Complex Method,3.3.0-beta.1,3.3.0-beta.1,3.3.0,1
dubbo,3.3.0-beta.1,org.apache.dubbo.rpc.cluster.support,MergeableClusterInvoker,doInvoke,Complex Method,"designitejava,pmd,checkstyle",dubbo-plugin/dubbo-plugin-cluster-mergeable/src/main/java/org/apache/dubbo/rpc/cluster/support/MergeableClusterInvoker.java,dubbo-plugin/dubbo-plugin-cluster-mergeable/src/main/java/org/apache/dubbo/rpc/cluster/support/MergeableClusterInvoker.java.MergeableClusterInvoker.doInvoke.Complex Method,3.3.0-beta.1,3.3.0-beta.1,3.3.0,1
dubbo,3.3.0-beta.1,org.apache.dubbo.rpc.cluster.filter.support,ConsumerContextFilter,invoke,Complex Method,"designitejava,pmd",dubbo-plugin/dubbo-plugin-context/src/main/java/org/apache/dubbo/rpc/cluster/filter/support/ConsumerContextFilter.java,dubbo-plugin/dubbo-plugin-context/src/main/java/org/apache/dubbo/rpc/cluster/filter/support/ConsumerContextFilter.java.ConsumerContextFilter.invoke.Complex Method,3.3.0-beta.1,3.3.0-beta.1,3.3.0,1
dubbo,3.3.0-beta.1,org.apache.dubbo.rpc.filter,ContextFilter,invoke,Complex Method,"designitejava,pmd,checkstyle",dubbo-plugin/dubbo-plugin-context/src/main/java/org/apache/dubbo/rpc/filter/ContextFilter.java,dubbo-plugin/dubbo-plugin-context/src/main/java/org/apache/dubbo/rpc/filter/ContextFilter.java.ContextFilter.invoke.Complex Method,3.3.0-beta.1,3.3.0-beta.1,3.3.0,1
dubbo,3.3.0-beta.1,org.apache.dubbo.rpc.filter,GenericFilter,findMethodByMethodSignature,Complex Method,"designitejava,pmd,checkstyle",dubbo-plugin/dubbo-plugin-generic-invoke/src/main/java/org/apache/dubbo/rpc/filter/GenericFilter.java,dubbo-plugin/dubbo-plugin-generic-invoke/src/main/java/org/apache/dubbo/rpc/filter/GenericFilter.java.GenericFilter.findMethodByMethodSignature.Complex Method,3.3.0-beta.1,3.3.0-beta.1,3.3.0,1
dubbo,3.3.0-beta.1,org.apache.dubbo.rpc.filter,GenericFilter,invoke,Complex Method,"designitejava,pmd,checkstyle",dubbo-plugin/dubbo-plugin-generic-invoke/src/main/java/org/apache/dubbo/rpc/filter/GenericFilter.java,dubbo-plugin/dubbo-plugin-generic-invoke/src/main/java/org/apache/dubbo/rpc/filter/GenericFilter.java.GenericFilter.invoke.Complex Method,3.3.0-beta.1,3.3.0-beta.1,3.3.0,1
dubbo,3.3.0-beta.1,org.apache.dubbo.rpc.filter,GenericFilter,onResponse,Complex Method,"designitejava,pmd,checkstyle",dubbo-plugin/dubbo-plugin-generic-invoke/src/main/java/org/apache/dubbo/rpc/filter/GenericFilter.java,dubbo-plugin/dubbo-plugin-generic-invoke/src/main/java/org/apache/dubbo/rpc/filter/GenericFilter.java.GenericFilter.onResponse.Complex Method,3.3.0-beta.1,3.3.0-beta.1,3.3.0,1
dubbo,3.3.0-beta.1,org.apache.dubbo.rpc.filter,GenericImplFilter,invoke,Complex Method,"designitejava,pmd,checkstyle",dubbo-plugin/dubbo-plugin-generic-invoke/src/main/java/org/apache/dubbo/rpc/filter/GenericImplFilter.java,dubbo-plugin/dubbo-plugin-generic-invoke/src/main/java/org/apache/dubbo/rpc/filter/GenericImplFilter.java.GenericImplFilter.invoke.Complex Method,3.3.0-beta.1,3.3.0-beta.1,3.3.0,1
dubbo,3.3.0-beta.1,org.apache.dubbo.rpc.filter,GenericImplFilter,onResponse,Complex Method,"designitejava,pmd,checkstyle",dubbo-plugin/dubbo-plugin-generic-invoke/src/main/java/org/apache/dubbo/rpc/filter/GenericImplFilter.java,dubbo-plugin/dubbo-plugin-generic-invoke/src/main/java/org/apache/dubbo/rpc/filter/GenericImplFilter.java.GenericImplFilter.onResponse.Complex Method,3.3.0-beta.1,3.3.0-beta.1,3.3.0,1
dubbo,3.3.0-beta.1,org.apache.dubbo.rpc.cluster.router.mock,MockInvokersSelector,doRoute,Complex Method,"designitejava,pmd",dubbo-plugin/dubbo-plugin-mock/src/main/java/org/apache/dubbo/rpc/cluster/router/mock/MockInvokersSelector.java,dubbo-plugin/dubbo-plugin-mock/src/main/java/org/apache/dubbo/rpc/cluster/router/mock/MockInvokersSelector.java.MockInvokersSelector.doRoute.Complex Method,3.3.0-beta.1,3.3.0-beta.1,3.3.0,1
dubbo,3.3.0-beta.1,org.apache.dubbo.rpc.cluster.router.mock,MockInvokersSelector,doRoute,Long Parameter List,"designitejava,checkstyle",dubbo-plugin/dubbo-plugin-mock/src/main/java/org/apache/dubbo/rpc/cluster/router/mock/MockInvokersSelector.java,dubbo-plugin/dubbo-plugin-mock/src/main/java/org/apache/dubbo/rpc/cluster/router/mock/MockInvokersSelector.java.MockInvokersSelector.doRoute.Long Parameter List,3.3.0-beta.1,3.3.0-beta.1,3.3.0,1
dubbo,3.3.0-beta.1,org.apache.dubbo.rpc.cluster.support.wrapper,MockClusterInvoker,invoke,Complex Method,"designitejava,pmd",dubbo-plugin/dubbo-plugin-mock/src/main/java/org/apache/dubbo/rpc/cluster/support/wrapper/MockClusterInvoker.java,dubbo-plugin/dubbo-plugin-mock/src/main/java/org/apache/dubbo/rpc/cluster/support/wrapper/MockClusterInvoker.java.MockClusterInvoker.invoke.Complex Method,3.3.0-beta.1,3.3.0-beta.1,3.3.0,1
dubbo,3.3.0-beta.1,org.apache.dubbo.rpc.support,MockInvoker,normalizeMock,Complex Method,"designitejava,checkstyle",dubbo-plugin/dubbo-plugin-mock/src/main/java/org/apache/dubbo/rpc/support/MockInvoker.java,dubbo-plugin/dubbo-plugin-mock/src/main/java/org/apache/dubbo/rpc/support/MockInvoker.java.MockInvoker.normalizeMock.Complex Method,3.3.0-beta.1,3.3.0-beta.1,3.3.0,1
dubbo,3.3.0-beta.1,org.apache.dubbo.rpc.support,MockInvoker,parseMockValue,Complex Method,"designitejava,pmd,checkstyle",dubbo-plugin/dubbo-plugin-mock/src/main/java/org/apache/dubbo/rpc/support/MockInvoker.java,dubbo-plugin/dubbo-plugin-mock/src/main/java/org/apache/dubbo/rpc/support/MockInvoker.java.MockInvoker.parseMockValue.Complex Method,3.3.0-beta.1,3.3.0-beta.1,3.3.0,1
dubbo,3.3.0-beta.1,org.apache.dubbo.qos.legacy,TraceTelnetHandler,telnet,Complex Method,"designitejava,pmd,checkstyle",dubbo-plugin/dubbo-plugin-qos-trace/src/main/java/org/apache/dubbo/qos/legacy/TraceTelnetHandler.java,dubbo-plugin/dubbo-plugin-qos-trace/src/main/java/org/apache/dubbo/qos/legacy/TraceTelnetHandler.java.TraceTelnetHandler.telnet.Complex Method,3.3.0-beta.1,3.3.0-beta.1,3.3.0,1
dubbo,3.3.0-beta.1,org.apache.dubbo.rpc.protocol.dubbo.filter,TraceFilter,invoke,Complex Method,"designitejava,pmd,checkstyle",dubbo-plugin/dubbo-plugin-qos-trace/src/main/java/org/apache/dubbo/rpc/protocol/dubbo/filter/TraceFilter.java,dubbo-plugin/dubbo-plugin-qos-trace/src/main/java/org/apache/dubbo/rpc/protocol/dubbo/filter/TraceFilter.java.TraceFilter.invoke.Complex Method,3.3.0-beta.1,3.3.0-beta.1,3.3.0,1
dubbo,3.3.0-beta.1,org.apache.dubbo.rpc.cluster.router.condition,ConditionStateRouter,doRoute,Complex Method,"designitejava,pmd,checkstyle",dubbo-plugin/dubbo-plugin-router-condition/src/main/java/org/apache/dubbo/rpc/cluster/router/condition/ConditionStateRouter.java,dubbo-plugin/dubbo-plugin-router-condition/src/main/java/org/apache/dubbo/rpc/cluster/router/condition/ConditionStateRouter.java.ConditionStateRouter.doRoute.Complex Method,3.3.0-beta.1,3.3.0-beta.1,3.3.0,1
dubbo,3.3.0-beta.1,org.apache.dubbo.rpc.cluster.router.condition,ConditionStateRouter,doRoute,Long Parameter List,"designitejava,checkstyle",dubbo-plugin/dubbo-plugin-router-condition/src/main/java/org/apache/dubbo/rpc/cluster/router/condition/ConditionStateRouter.java,dubbo-plugin/dubbo-plugin-router-condition/src/main/java/org/apache/dubbo/rpc/cluster/router/condition/ConditionStateRouter.java.ConditionStateRouter.doRoute.Long Parameter List,3.3.0-beta.1,3.3.0-beta.1,3.3.0,1
dubbo,3.3.0-beta.1,org.apache.dubbo.rpc.cluster.router.condition,ConditionStateRouter,parseRule,Complex Method,"designitejava,pmd,checkstyle",dubbo-plugin/dubbo-plugin-router-condition/src/main/java/org/apache/dubbo/rpc/cluster/router/condition/ConditionStateRouter.java,dubbo-plugin/dubbo-plugin-router-condition/src/main/java/org/apache/dubbo/rpc/cluster/router/condition/ConditionStateRouter.java.ConditionStateRouter.parseRule.Complex Method,3.3.0-beta.1,3.3.0-beta.1,3.3.0,1
dubbo,3.3.0-beta.1,org.apache.dubbo.rpc.cluster.router.condition.config,ListenableStateRouter,doRoute,Long Parameter List,"designitejava,checkstyle",dubbo-plugin/dubbo-plugin-router-condition/src/main/java/org/apache/dubbo/rpc/cluster/router/condition/config/ListenableStateRouter.java,dubbo-plugin/dubbo-plugin-router-condition/src/main/java/org/apache/dubbo/rpc/cluster/router/condition/config/ListenableStateRouter.java.ListenableStateRouter.doRoute.Long Parameter List,3.3.0-beta.1,3.3.0-beta.1,3.3.0,1
dubbo,3.3.0-beta.1,org.apache.dubbo.rpc.cluster.router.condition.matcher,AbstractConditionMatcher,isMatch,Complex Method,"designitejava,pmd,checkstyle",dubbo-plugin/dubbo-plugin-router-condition/src/main/java/org/apache/dubbo/rpc/cluster/router/condition/matcher/AbstractConditionMatcher.java,dubbo-plugin/dubbo-plugin-router-condition/src/main/java/org/apache/dubbo/rpc/cluster/router/condition/matcher/AbstractConditionMatcher.java.AbstractConditionMatcher.isMatch.Complex Method,3.3.0-beta.1,3.3.0-beta.1,3.3.0,1
dubbo,3.3.0-beta.1,org.apache.dubbo.rpc.cluster.router.condition.matcher.pattern.range,RangeValuePattern,match,Complex Method,"designitejava,pmd,checkstyle",dubbo-plugin/dubbo-plugin-router-condition/src/main/java/org/apache/dubbo/rpc/cluster/router/condition/matcher/pattern/range/RangeValuePattern.java,dubbo-plugin/dubbo-plugin-router-condition/src/main/java/org/apache/dubbo/rpc/cluster/router/condition/matcher/pattern/range/RangeValuePattern.java.RangeValuePattern.match.Complex Method,3.3.0-beta.1,3.3.0-beta.1,3.3.0,1
dubbo,3.3.0-beta.1,org.apache.dubbo.rpc.cluster.router.mesh.route,MeshRuleCache,build,Complex Method,"designitejava,pmd",dubbo-plugin/dubbo-plugin-router-mesh/src/main/java/org/apache/dubbo/rpc/cluster/router/mesh/route/MeshRuleCache.java,dubbo-plugin/dubbo-plugin-router-mesh/src/main/java/org/apache/dubbo/rpc/cluster/router/mesh/route/MeshRuleCache.java.MeshRuleCache.build.Complex Method,3.3.0-beta.1,3.3.0-beta.1,3.3.0,1
dubbo,3.3.0-beta.1,org.apache.dubbo.rpc.cluster.router.mesh.route,MeshRuleRouter,doRoute,Complex Method,"designitejava,pmd,checkstyle",dubbo-plugin/dubbo-plugin-router-mesh/src/main/java/org/apache/dubbo/rpc/cluster/router/mesh/route/MeshRuleRouter.java,dubbo-plugin/dubbo-plugin-router-mesh/src/main/java/org/apache/dubbo/rpc/cluster/router/mesh/route/MeshRuleRouter.java.MeshRuleRouter.doRoute.Complex Method,3.3.0-beta.1,3.3.0-beta.1,3.3.0,1
dubbo,3.3.0-beta.1,org.apache.dubbo.rpc.cluster.router.mesh.route,MeshRuleRouter,doRoute,Long Parameter List,"designitejava,checkstyle",dubbo-plugin/dubbo-plugin-router-mesh/src/main/java/org/apache/dubbo/rpc/cluster/router/mesh/route/MeshRuleRouter.java,dubbo-plugin/dubbo-plugin-router-mesh/src/main/java/org/apache/dubbo/rpc/cluster/router/mesh/route/MeshRuleRouter.java.MeshRuleRouter.doRoute.Long Parameter List,3.3.0-beta.1,3.3.0-beta.1,3.3.0,1
dubbo,3.3.0-beta.1,org.apache.dubbo.rpc.cluster.router.mesh.rule.virtualservice.match,DubboAttachmentMatch,isMatch,Complex Method,"designitejava,pmd",dubbo-plugin/dubbo-plugin-router-mesh/src/main/java/org/apache/dubbo/rpc/cluster/router/mesh/rule/virtualservice/match/DubboAttachmentMatch.java,dubbo-plugin/dubbo-plugin-router-mesh/src/main/java/org/apache/dubbo/rpc/cluster/router/mesh/rule/virtualservice/match/DubboAttachmentMatch.java.DubboAttachmentMatch.isMatch.Complex Method,3.3.0-beta.1,3.3.0-beta.1,3.3.0,1
dubbo,3.3.0-beta.1,org.apache.dubbo.rpc.cluster.router.mesh.util,MeshRuleDispatcher,post,Complex Method,"designitejava,pmd",dubbo-plugin/dubbo-plugin-router-mesh/src/main/java/org/apache/dubbo/rpc/cluster/router/mesh/util/MeshRuleDispatcher.java,dubbo-plugin/dubbo-plugin-router-mesh/src/main/java/org/apache/dubbo/rpc/cluster/router/mesh/util/MeshRuleDispatcher.java.MeshRuleDispatcher.post.Complex Method,3.3.0-beta.1,3.3.0-beta.1,3.3.0,1
dubbo,3.3.0-beta.1,org.apache.dubbo.rpc.cluster.router.script,ScriptStateRouter,doRoute,Long Parameter List,"designitejava,checkstyle",dubbo-plugin/dubbo-plugin-router-script/src/main/java/org/apache/dubbo/rpc/cluster/router/script/ScriptStateRouter.java,dubbo-plugin/dubbo-plugin-router-script/src/main/java/org/apache/dubbo/rpc/cluster/router/script/ScriptStateRouter.java.ScriptStateRouter.doRoute.Long Parameter List,3.3.0-beta.1,3.3.0-beta.1,3.3.0,1
dubbo,3.3.0-beta.1,org.apache.dubbo.rpc.cluster.router.script.config,AppScriptStateRouter,doRoute,Long Parameter List,"designitejava,checkstyle",dubbo-plugin/dubbo-plugin-router-script/src/main/java/org/apache/dubbo/rpc/cluster/router/script/config/AppScriptStateRouter.java,dubbo-plugin/dubbo-plugin-router-script/src/main/java/org/apache/dubbo/rpc/cluster/router/script/config/AppScriptStateRouter.java.AppScriptStateRouter.doRoute.Long Parameter List,3.3.0-beta.1,3.3.0-beta.1,3.3.0,1
dubbo,3.3.0-beta.1,org.apache.dubbo.rpc.cluster.router.tag,TagStateRouter,doRoute,Complex Method,"designitejava,pmd,checkstyle",dubbo-plugin/dubbo-plugin-router-tag/src/main/java/org/apache/dubbo/rpc/cluster/router/tag/TagStateRouter.java,dubbo-plugin/dubbo-plugin-router-tag/src/main/java/org/apache/dubbo/rpc/cluster/router/tag/TagStateRouter.java.TagStateRouter.doRoute.Complex Method,3.3.0-beta.1,3.3.0-beta.1,3.3.0,1
dubbo,3.3.0-beta.1,org.apache.dubbo.rpc.cluster.router.tag,TagStateRouter,doRoute,Long Parameter List,"designitejava,checkstyle",dubbo-plugin/dubbo-plugin-router-tag/src/main/java/org/apache/dubbo/rpc/cluster/router/tag/TagStateRouter.java,dubbo-plugin/dubbo-plugin-router-tag/src/main/java/org/apache/dubbo/rpc/cluster/router/tag/TagStateRouter.java.TagStateRouter.doRoute.Long Parameter List,3.3.0-beta.1,3.3.0-beta.1,3.3.0,1
dubbo,3.3.0-beta.1,org.apache.dubbo.rpc.cluster.router.tag.model,TagRouterRule,init,Complex Method,"designitejava,pmd",dubbo-plugin/dubbo-plugin-router-tag/src/main/java/org/apache/dubbo/rpc/cluster/router/tag/model/TagRouterRule.java,dubbo-plugin/dubbo-plugin-router-tag/src/main/java/org/apache/dubbo/rpc/cluster/router/tag/model/TagRouterRule.java.TagRouterRule.init.Complex Method,3.3.0-beta.1,3.3.0-beta.1,3.3.0,1
dubbo,3.3.0-beta.1,org.apache.dubbo.rpc.filter,ActiveLimitFilterTest,testInvokeRuntimeExceptionWithActiveCountMatch,Feature Envy,"designitejava,checkstyle",dubbo-plugin/dubbo-plugin-tps/src/test/java/org/apache/dubbo/rpc/filter/ActiveLimitFilterTest.java,dubbo-plugin/dubbo-plugin-tps/src/test/java/org/apache/dubbo/rpc/filter/ActiveLimitFilterTest.java.ActiveLimitFilterTest.testInvokeRuntimeExceptionWithActiveCountMatch.Feature Envy,3.3.0-beta.1,3.3.0-beta.1,3.3.0,1
dubbo,3.3.0-beta.1,org.apache.dubbo.rpc.filter,ExecuteLimitFilterTest,testExecuteLimitInvokeWithException,Feature Envy,"designitejava,checkstyle",dubbo-plugin/dubbo-plugin-tps/src/test/java/org/apache/dubbo/rpc/filter/ExecuteLimitFilterTest.java,dubbo-plugin/dubbo-plugin-tps/src/test/java/org/apache/dubbo/rpc/filter/ExecuteLimitFilterTest.java.ExecuteLimitFilterTest.testExecuteLimitInvokeWithException.Feature Envy,3.3.0-beta.1,3.3.0-beta.1,3.3.0,1
dubbo,2.6.0,com.alibaba.dubbo.qos.command.decoder,HttpCommandDecoder,decode,Complex Method,"designitejava,pmd,checkstyle",dubbo-plugin/dubbo-qos/src/main/java/com/alibaba/dubbo/qos/command/decoder/HttpCommandDecoder.java,dubbo-plugin/dubbo-qos/src/main/java/com/alibaba/dubbo/qos/command/decoder/HttpCommandDecoder.java.HttpCommandDecoder.decode.Complex Method,2.6.0,2.6.0,2.7.0,1
dubbo,2.6.0,com.alibaba.dubbo.qos.textui,TTable,drawRow,Complex Method,"designitejava,pmd,checkstyle",dubbo-plugin/dubbo-qos/src/main/java/com/alibaba/dubbo/qos/textui/TTable.java,dubbo-plugin/dubbo-qos/src/main/java/com/alibaba/dubbo/qos/textui/TTable.java.TTable.drawRow.Complex Method,2.6.0,2.6.0,2.7.0,1
dubbo,2.7.0,org.apache.dubbo.qos.command.decoder,HttpCommandDecoder,decode,Complex Method,"designitejava,pmd,checkstyle",dubbo-plugin/dubbo-qos/src/main/java/org/apache/dubbo/qos/command/decoder/HttpCommandDecoder.java,dubbo-plugin/dubbo-qos/src/main/java/org/apache/dubbo/qos/command/decoder/HttpCommandDecoder.java.HttpCommandDecoder.decode.Complex Method,2.7.0,3.3.0,3.3.0,7
dubbo,3.1.0,org.apache.dubbo.qos.command.impl,CountTelnet,execute,Complex Method,"designitejava,pmd,checkstyle",dubbo-plugin/dubbo-qos/src/main/java/org/apache/dubbo/qos/command/impl/CountTelnet.java,dubbo-plugin/dubbo-qos/src/main/java/org/apache/dubbo/qos/command/impl/CountTelnet.java.CountTelnet.execute.Complex Method,3.1.0,3.3.0,3.3.0,5
dubbo,3.2.0,org.apache.dubbo.qos.command.impl,GetConfig,appendConfig,Long Parameter List,"designitejava,checkstyle",dubbo-plugin/dubbo-qos/src/main/java/org/apache/dubbo/qos/command/impl/GetConfig.java,dubbo-plugin/dubbo-qos/src/main/java/org/apache/dubbo/qos/command/impl/GetConfig.java.GetConfig.appendConfig.Long Parameter List,3.2.0,3.3.0,3.3.0,3
dubbo,3.2.0,org.apache.dubbo.qos.command.impl,GetConfig,appendConfigs,Long Parameter List,"designitejava,checkstyle",dubbo-plugin/dubbo-qos/src/main/java/org/apache/dubbo/qos/command/impl/GetConfig.java,dubbo-plugin/dubbo-qos/src/main/java/org/apache/dubbo/qos/command/impl/GetConfig.java.GetConfig.appendConfigs.Long Parameter List,3.2.0,3.3.0,3.3.0,3
dubbo,3.1.0,org.apache.dubbo.qos.command.impl,InvokeTelnet,execute,Complex Method,"designitejava,pmd,checkstyle",dubbo-plugin/dubbo-qos/src/main/java/org/apache/dubbo/qos/command/impl/InvokeTelnet.java,dubbo-plugin/dubbo-qos/src/main/java/org/apache/dubbo/qos/command/impl/InvokeTelnet.java.InvokeTelnet.execute.Complex Method,3.1.0,3.3.0,3.3.0,5
dubbo,3.1.0,org.apache.dubbo.qos.command.impl,InvokeTelnet,isMatch,Complex Method,"designitejava,pmd,checkstyle",dubbo-plugin/dubbo-qos/src/main/java/org/apache/dubbo/qos/command/impl/InvokeTelnet.java,dubbo-plugin/dubbo-qos/src/main/java/org/apache/dubbo/qos/command/impl/InvokeTelnet.java.InvokeTelnet.isMatch.Complex Method,3.1.0,3.3.0,3.3.0,5
dubbo,3.1.0,org.apache.dubbo.qos.command.impl,PortTelnet,execute,Complex Method,"designitejava,pmd,checkstyle",dubbo-plugin/dubbo-qos/src/main/java/org/apache/dubbo/qos/command/impl/PortTelnet.java,dubbo-plugin/dubbo-qos/src/main/java/org/apache/dubbo/qos/command/impl/PortTelnet.java.PortTelnet.execute.Complex Method,3.1.0,3.3.0,3.3.0,5
dubbo,3.0.0,org.apache.dubbo.qos.legacy,CountTelnetHandler,telnet,Complex Method,"designitejava,pmd,checkstyle",dubbo-plugin/dubbo-qos/src/main/java/org/apache/dubbo/qos/legacy/CountTelnetHandler.java,dubbo-plugin/dubbo-qos/src/main/java/org/apache/dubbo/qos/legacy/CountTelnetHandler.java.CountTelnetHandler.telnet.Complex Method,3.0.0,3.0.0,3.1.0,1
dubbo,3.0.0,org.apache.dubbo.qos.legacy,InvokeTelnetHandler,isMatch,Complex Method,"designitejava,pmd,checkstyle",dubbo-plugin/dubbo-qos/src/main/java/org/apache/dubbo/qos/legacy/InvokeTelnetHandler.java,dubbo-plugin/dubbo-qos/src/main/java/org/apache/dubbo/qos/legacy/InvokeTelnetHandler.java.InvokeTelnetHandler.isMatch.Complex Method,3.0.0,3.0.0,3.1.0,1
dubbo,3.0.0,org.apache.dubbo.qos.legacy,InvokeTelnetHandler,telnet,Complex Method,"designitejava,pmd,checkstyle",dubbo-plugin/dubbo-qos/src/main/java/org/apache/dubbo/qos/legacy/InvokeTelnetHandler.java,dubbo-plugin/dubbo-qos/src/main/java/org/apache/dubbo/qos/legacy/InvokeTelnetHandler.java.InvokeTelnetHandler.telnet.Complex Method,3.0.0,3.0.0,3.1.0,1
dubbo,3.0.0,org.apache.dubbo.qos.legacy,ListTelnetHandler,telnet,Complex Method,"designitejava,pmd",dubbo-plugin/dubbo-qos/src/main/java/org/apache/dubbo/qos/legacy/ListTelnetHandler.java,dubbo-plugin/dubbo-qos/src/main/java/org/apache/dubbo/qos/legacy/ListTelnetHandler.java.ListTelnetHandler.telnet.Complex Method,3.0.0,3.0.0,3.1.0,1
dubbo,3.0.0,org.apache.dubbo.qos.legacy,PortTelnetHandler,telnet,Complex Method,"designitejava,pmd,checkstyle",dubbo-plugin/dubbo-qos/src/main/java/org/apache/dubbo/qos/legacy/PortTelnetHandler.java,dubbo-plugin/dubbo-qos/src/main/java/org/apache/dubbo/qos/legacy/PortTelnetHandler.java.PortTelnetHandler.telnet.Complex Method,3.0.0,3.0.0,3.1.0,1
dubbo,3.0.0,org.apache.dubbo.qos.legacy,TraceTelnetHandler,telnet,Complex Method,"designitejava,pmd,checkstyle",dubbo-plugin/dubbo-qos/src/main/java/org/apache/dubbo/qos/legacy/TraceTelnetHandler.java,dubbo-plugin/dubbo-qos/src/main/java/org/apache/dubbo/qos/legacy/TraceTelnetHandler.java.TraceTelnetHandler.telnet.Complex Method,3.0.0,3.3.0,3.3.0,6
dubbo,2.7.0,org.apache.dubbo.qos.textui,TTable,drawRow,Complex Method,"designitejava,pmd,checkstyle",dubbo-plugin/dubbo-qos/src/main/java/org/apache/dubbo/qos/textui/TTable.java,dubbo-plugin/dubbo-qos/src/main/java/org/apache/dubbo/qos/textui/TTable.java.TTable.drawRow.Complex Method,2.7.0,3.3.0,3.3.0,7
dubbo,3.1.0,org.apache.dubbo.qos.command.impl,CountTelnetTest,buildTable,Long Parameter List,"designitejava,checkstyle",dubbo-plugin/dubbo-qos/src/test/java/org/apache/dubbo/qos/command/impl/CountTelnetTest.java,dubbo-plugin/dubbo-qos/src/test/java/org/apache/dubbo/qos/command/impl/CountTelnetTest.java.CountTelnetTest.buildTable.Long Parameter List,3.1.0,3.3.0,3.3.0,5
dubbo,3.1.0,org.apache.dubbo.qos.command.util,ServiceCheckUtilsTest,testIsRegistered,Feature Envy,"designitejava,checkstyle",dubbo-plugin/dubbo-qos/src/test/java/org/apache/dubbo/qos/command/util/ServiceCheckUtilsTest.java,dubbo-plugin/dubbo-qos/src/test/java/org/apache/dubbo/qos/command/util/ServiceCheckUtilsTest.java.ServiceCheckUtilsTest.testIsRegistered.Feature Envy,3.1.0,3.3.0,3.3.0,5
dubbo,3.0.0,org.apache.dubbo.qos.legacy,CountTelnetHandlerTest,buildTable,Long Parameter List,"designitejava,checkstyle",dubbo-plugin/dubbo-qos/src/test/java/org/apache/dubbo/qos/legacy/CountTelnetHandlerTest.java,dubbo-plugin/dubbo-qos/src/test/java/org/apache/dubbo/qos/legacy/CountTelnetHandlerTest.java.CountTelnetHandlerTest.buildTable.Long Parameter List,3.0.0,3.0.0,3.1.0,1
dubbo,3.3.0,org.apache.dubbo.rpc.protocol.tri.rest.support.jaxrs,BeanArgumentBinder,resolveArgument,Complex Method,"designitejava,pmd,checkstyle",dubbo-plugin/dubbo-rest-jaxrs/src/main/java/org/apache/dubbo/rpc/protocol/tri/rest/support/jaxrs/BeanArgumentBinder.java,dubbo-plugin/dubbo-rest-jaxrs/src/main/java/org/apache/dubbo/rpc/protocol/tri/rest/support/jaxrs/BeanArgumentBinder.java.BeanArgumentBinder.resolveArgument.Complex Method,3.3.0,3.3.0,3.3.0,1
dubbo,3.3.0,org.apache.dubbo.rpc.protocol.tri.rest.support.spring,MatrixVariableArgumentResolver,resolveMapValue,Complex Method,"designitejava,pmd",dubbo-plugin/dubbo-rest-spring/src/main/java/org/apache/dubbo/rpc/protocol/tri/rest/support/spring/MatrixVariableArgumentResolver.java,dubbo-plugin/dubbo-rest-spring/src/main/java/org/apache/dubbo/rpc/protocol/tri/rest/support/spring/MatrixVariableArgumentResolver.java.MatrixVariableArgumentResolver.resolveMapValue.Complex Method,3.3.0,3.3.0,3.3.0,1
dubbo,3.3.0,org.apache.dubbo.rpc.protocol.tri.rest.support.spring,SpringResponseRestFilter,findSuitableExceptionHandler,Complex Method,"designitejava,pmd",dubbo-plugin/dubbo-rest-spring/src/main/java/org/apache/dubbo/rpc/protocol/tri/rest/support/spring/SpringResponseRestFilter.java,dubbo-plugin/dubbo-rest-spring/src/main/java/org/apache/dubbo/rpc/protocol/tri/rest/support/spring/SpringResponseRestFilter.java.SpringResponseRestFilter.findSuitableExceptionHandler.Complex Method,3.3.0,3.3.0,3.3.0,1
dubbo,3.3.0,org.apache.dubbo.rpc.protocol.tri.rest.support.servlet,ServletArgumentResolver,resolve,Complex Method,"designitejava,checkstyle",dubbo-plugin/dubbo-triple-servlet/src/main/java/org/apache/dubbo/rpc/protocol/tri/rest/support/servlet/ServletArgumentResolver.java,dubbo-plugin/dubbo-triple-servlet/src/main/java/org/apache/dubbo/rpc/protocol/tri/rest/support/servlet/ServletArgumentResolver.java.ServletArgumentResolver.resolve.Complex Method,3.3.0,3.3.0,3.3.0,1
dubbo,3.3.0,org.apache.dubbo.rpc.protocol.tri.rest.support.servlet,ServletHttpRequestAdapter,,God Class,"pmd,checkstyle",dubbo-plugin/dubbo-triple-servlet/src/main/java/org/apache/dubbo/rpc/protocol/tri/rest/support/servlet/ServletHttpRequestAdapter.java,dubbo-plugin/dubbo-triple-servlet/src/main/java/org/apache/dubbo/rpc/protocol/tri/rest/support/servlet/ServletHttpRequestAdapter.java.ServletHttpRequestAdapter..God Class,3.3.0,3.3.0,3.3.0,1
dubbo,3.3.0,org.apache.dubbo.rpc.protocol.tri.servlet,ServletStreamChannel,writeHeaderInternal,Complex Method,"designitejava,checkstyle",dubbo-plugin/dubbo-triple-servlet/src/main/java/org/apache/dubbo/rpc/protocol/tri/servlet/ServletStreamChannel.java,dubbo-plugin/dubbo-triple-servlet/src/main/java/org/apache/dubbo/rpc/protocol/tri/servlet/ServletStreamChannel.java.ServletStreamChannel.writeHeaderInternal.Complex Method,3.3.0,3.3.0,3.3.0,1
dubbo,2.1.0,com.alibaba.dubbo.registry.multicast,MulticastRegistry,receive,Complex Method,"designitejava,pmd,checkstyle",dubbo-registry-multicast/src/main/java/com/alibaba/dubbo/registry/multicast/MulticastRegistry.java,dubbo-registry-multicast/src/main/java/com/alibaba/dubbo/registry/multicast/MulticastRegistry.java.MulticastRegistry.receive.Complex Method,2.1.0,2.1.0,2.2.0,1
dubbo,2.1.0,com.alibaba.dubbo.registry.redis,RedisRegistry,RedisRegistry,Complex Method,"designitejava,checkstyle",dubbo-registry-redis/src/main/java/com/alibaba/dubbo/registry/redis/RedisRegistry.java,dubbo-registry-redis/src/main/java/com/alibaba/dubbo/registry/redis/RedisRegistry.java.RedisRegistry.RedisRegistry.Complex Method,2.1.0,2.1.0,2.2.0,1
dubbo,2.1.0,com.alibaba.dubbo.registry.redis,RedisRegistry,clean,Complex Method,"designitejava,pmd,checkstyle",dubbo-registry-redis/src/main/java/com/alibaba/dubbo/registry/redis/RedisRegistry.java,dubbo-registry-redis/src/main/java/com/alibaba/dubbo/registry/redis/RedisRegistry.java.RedisRegistry.clean.Complex Method,2.1.0,2.1.0,2.2.0,1
dubbo,2.1.0,com.alibaba.dubbo.registry.redis,RedisRegistry,doNotify,Complex Method,"designitejava,pmd,checkstyle",dubbo-registry-redis/src/main/java/com/alibaba/dubbo/registry/redis/RedisRegistry.java,dubbo-registry-redis/src/main/java/com/alibaba/dubbo/registry/redis/RedisRegistry.java.RedisRegistry.doNotify.Complex Method,2.1.0,2.1.0,2.2.0,1
dubbo,2.1.0,com.alibaba.dubbo.registry.zookeeper,ZookeeperRegistry,,God Class,"pmd,checkstyle",dubbo-registry-zookeeper/src/main/java/com/alibaba/dubbo/registry/zookeeper/ZookeeperRegistry.java,dubbo-registry-zookeeper/src/main/java/com/alibaba/dubbo/registry/zookeeper/ZookeeperRegistry.java.ZookeeperRegistry..God Class,2.1.0,2.1.0,2.2.0,1
dubbo,2.1.0,com.alibaba.dubbo.registry.zookeeper,ZookeeperRegistry,createZookeeper,Complex Method,"designitejava,pmd",dubbo-registry-zookeeper/src/main/java/com/alibaba/dubbo/registry/zookeeper/ZookeeperRegistry.java,dubbo-registry-zookeeper/src/main/java/com/alibaba/dubbo/registry/zookeeper/ZookeeperRegistry.java.ZookeeperRegistry.createZookeeper.Complex Method,2.1.0,2.1.0,2.2.0,1
dubbo,2.1.0,com.alibaba.dubbo.registry.zookeeper,ZookeeperRegistry,doRegister,Complex Method,"pmd,checkstyle",dubbo-registry-zookeeper/src/main/java/com/alibaba/dubbo/registry/zookeeper/ZookeeperRegistry.java,dubbo-registry-zookeeper/src/main/java/com/alibaba/dubbo/registry/zookeeper/ZookeeperRegistry.java.ZookeeperRegistry.doRegister.Complex Method,2.1.0,2.1.0,2.2.0,1
dubbo,2.1.0,com.alibaba.dubbo.registry.zookeeper,ZookeeperRegistry,process,Complex Method,"designitejava,pmd",dubbo-registry-zookeeper/src/main/java/com/alibaba/dubbo/registry/zookeeper/ZookeeperRegistry.java,dubbo-registry-zookeeper/src/main/java/com/alibaba/dubbo/registry/zookeeper/ZookeeperRegistry.java.ZookeeperRegistry.process.Complex Method,2.1.0,2.1.0,2.2.0,1
dubbo,2.2.0,com.alibaba.dubbo.registry.integration,RegistryDirectory,,God Class,"pmd,checkstyle",dubbo-registry/dubbo-registry-api/src/main/java/com/alibaba/dubbo/registry/integration/RegistryDirectory.java,dubbo-registry/dubbo-registry-api/src/main/java/com/alibaba/dubbo/registry/integration/RegistryDirectory.java.RegistryDirectory..God Class,2.2.0,2.6.0,2.7.0,5
dubbo,2.2.0,com.alibaba.dubbo.registry.integration,RegistryDirectory,destroyUnusedInvokers,Complex Method,"designitejava,pmd,checkstyle",dubbo-registry/dubbo-registry-api/src/main/java/com/alibaba/dubbo/registry/integration/RegistryDirectory.java,dubbo-registry/dubbo-registry-api/src/main/java/com/alibaba/dubbo/registry/integration/RegistryDirectory.java.RegistryDirectory.destroyUnusedInvokers.Complex Method,2.2.0,2.6.0,2.7.0,5
dubbo,2.2.0,com.alibaba.dubbo.registry.integration,RegistryDirectory,destroyUnusedInvokers,Feature Envy,"designitejava,checkstyle",dubbo-registry/dubbo-registry-api/src/main/java/com/alibaba/dubbo/registry/integration/RegistryDirectory.java,dubbo-registry/dubbo-registry-api/src/main/java/com/alibaba/dubbo/registry/integration/RegistryDirectory.java.RegistryDirectory.destroyUnusedInvokers.Feature Envy,2.2.0,2.6.0,2.7.0,5
dubbo,2.2.0,com.alibaba.dubbo.registry.integration,RegistryDirectory,doList,Complex Method,"designitejava,pmd,checkstyle",dubbo-registry/dubbo-registry-api/src/main/java/com/alibaba/dubbo/registry/integration/RegistryDirectory.java,dubbo-registry/dubbo-registry-api/src/main/java/com/alibaba/dubbo/registry/integration/RegistryDirectory.java.RegistryDirectory.doList.Complex Method,2.2.0,2.6.0,2.7.0,5
dubbo,2.2.0,com.alibaba.dubbo.registry.integration,RegistryDirectory,notify,Complex Method,"designitejava,pmd,checkstyle",dubbo-registry/dubbo-registry-api/src/main/java/com/alibaba/dubbo/registry/integration/RegistryDirectory.java,dubbo-registry/dubbo-registry-api/src/main/java/com/alibaba/dubbo/registry/integration/RegistryDirectory.java.RegistryDirectory.notify.Complex Method,2.2.0,2.6.0,2.7.0,5
dubbo,2.2.0,com.alibaba.dubbo.registry.integration,RegistryDirectory,refreshInvoker,Complex Method,"pmd,checkstyle",dubbo-registry/dubbo-registry-api/src/main/java/com/alibaba/dubbo/registry/integration/RegistryDirectory.java,dubbo-registry/dubbo-registry-api/src/main/java/com/alibaba/dubbo/registry/integration/RegistryDirectory.java.RegistryDirectory.refreshInvoker.Complex Method,2.2.0,2.6.0,2.7.0,5
dubbo,2.2.0,com.alibaba.dubbo.registry.integration,RegistryDirectory,toInvokers,Complex Method,"designitejava,pmd,checkstyle",dubbo-registry/dubbo-registry-api/src/main/java/com/alibaba/dubbo/registry/integration/RegistryDirectory.java,dubbo-registry/dubbo-registry-api/src/main/java/com/alibaba/dubbo/registry/integration/RegistryDirectory.java.RegistryDirectory.toInvokers.Complex Method,2.2.0,2.6.0,2.7.0,5
dubbo,2.2.0,com.alibaba.dubbo.registry.integration,RegistryDirectory,toMethodInvokers,Complex Method,"designitejava,pmd,checkstyle",dubbo-registry/dubbo-registry-api/src/main/java/com/alibaba/dubbo/registry/integration/RegistryDirectory.java,dubbo-registry/dubbo-registry-api/src/main/java/com/alibaba/dubbo/registry/integration/RegistryDirectory.java.RegistryDirectory.toMethodInvokers.Complex Method,2.2.0,2.6.0,2.7.0,5
dubbo,2.2.0,com.alibaba.dubbo.registry.integration,RegistryDirectory,toRouters,Complex Method,"pmd,checkstyle",dubbo-registry/dubbo-registry-api/src/main/java/com/alibaba/dubbo/registry/integration/RegistryDirectory.java,dubbo-registry/dubbo-registry-api/src/main/java/com/alibaba/dubbo/registry/integration/RegistryDirectory.java.RegistryDirectory.toRouters.Complex Method,2.2.0,2.6.0,2.7.0,5
dubbo,2.2.0,com.alibaba.dubbo.registry.pages,RegisteredPageHandler,handle,Complex Method,"designitejava,pmd,checkstyle",dubbo-registry/dubbo-registry-api/src/main/java/com/alibaba/dubbo/registry/pages/RegisteredPageHandler.java,dubbo-registry/dubbo-registry-api/src/main/java/com/alibaba/dubbo/registry/pages/RegisteredPageHandler.java.RegisteredPageHandler.handle.Complex Method,2.2.0,2.6.0,2.7.0,5
dubbo,2.2.0,com.alibaba.dubbo.registry.pages,SubscribedPageHandler,handle,Complex Method,"designitejava,pmd,checkstyle",dubbo-registry/dubbo-registry-api/src/main/java/com/alibaba/dubbo/registry/pages/SubscribedPageHandler.java,dubbo-registry/dubbo-registry-api/src/main/java/com/alibaba/dubbo/registry/pages/SubscribedPageHandler.java.SubscribedPageHandler.handle.Complex Method,2.2.0,2.6.0,2.7.0,5
dubbo,2.2.0,com.alibaba.dubbo.registry.support,AbstractRegistry,,God Class,"pmd,checkstyle",dubbo-registry/dubbo-registry-api/src/main/java/com/alibaba/dubbo/registry/support/AbstractRegistry.java,dubbo-registry/dubbo-registry-api/src/main/java/com/alibaba/dubbo/registry/support/AbstractRegistry.java.AbstractRegistry..God Class,2.2.0,2.6.0,2.7.0,5
dubbo,2.2.0,com.alibaba.dubbo.registry.support,AbstractRegistry,destroy,Complex Method,"designitejava,pmd,checkstyle",dubbo-registry/dubbo-registry-api/src/main/java/com/alibaba/dubbo/registry/support/AbstractRegistry.java,dubbo-registry/dubbo-registry-api/src/main/java/com/alibaba/dubbo/registry/support/AbstractRegistry.java.AbstractRegistry.destroy.Complex Method,2.2.0,2.6.0,2.7.0,5
dubbo,2.2.0,com.alibaba.dubbo.registry.support,AbstractRegistry,doSaveProperties,Complex Method,"designitejava,checkstyle",dubbo-registry/dubbo-registry-api/src/main/java/com/alibaba/dubbo/registry/support/AbstractRegistry.java,dubbo-registry/dubbo-registry-api/src/main/java/com/alibaba/dubbo/registry/support/AbstractRegistry.java.AbstractRegistry.doSaveProperties.Complex Method,2.2.0,2.5.0,2.6.0,4
dubbo,2.2.0,com.alibaba.dubbo.registry.support,AbstractRegistry,lookup,Complex Method,"designitejava,pmd",dubbo-registry/dubbo-registry-api/src/main/java/com/alibaba/dubbo/registry/support/AbstractRegistry.java,dubbo-registry/dubbo-registry-api/src/main/java/com/alibaba/dubbo/registry/support/AbstractRegistry.java.AbstractRegistry.lookup.Complex Method,2.2.0,2.6.0,2.7.0,5
dubbo,2.2.0,com.alibaba.dubbo.registry.support,FailbackRegistry,,God Class,"pmd,checkstyle",dubbo-registry/dubbo-registry-api/src/main/java/com/alibaba/dubbo/registry/support/FailbackRegistry.java,dubbo-registry/dubbo-registry-api/src/main/java/com/alibaba/dubbo/registry/support/FailbackRegistry.java.FailbackRegistry..God Class,2.2.0,2.6.0,2.7.0,5
dubbo,2.2.0,com.alibaba.dubbo.registry.support,FailbackRegistry,retry,Complex Method,"designitejava,pmd,checkstyle",dubbo-registry/dubbo-registry-api/src/main/java/com/alibaba/dubbo/registry/support/FailbackRegistry.java,dubbo-registry/dubbo-registry-api/src/main/java/com/alibaba/dubbo/registry/support/FailbackRegistry.java.FailbackRegistry.retry.Complex Method,2.2.0,2.6.0,2.7.0,5
dubbo,3.1.0,org.apache.dubbo.registry.client,AbstractServiceDiscovery,getRemoteMetadata,Complex Method,"designitejava,pmd",dubbo-registry/dubbo-registry-api/src/main/java/org/apache/dubbo/registry/client/AbstractServiceDiscovery.java,dubbo-registry/dubbo-registry-api/src/main/java/org/apache/dubbo/registry/client/AbstractServiceDiscovery.java.AbstractServiceDiscovery.getRemoteMetadata.Complex Method,3.1.0,3.3.0,3.3.0,5
dubbo,3.0.0,org.apache.dubbo.registry.client,FileSystemServiceDiscovery,lockFile,Feature Envy,"designitejava,checkstyle",dubbo-registry/dubbo-registry-api/src/main/java/org/apache/dubbo/registry/client/FileSystemServiceDiscovery.java,dubbo-registry/dubbo-registry-api/src/main/java/org/apache/dubbo/registry/client/FileSystemServiceDiscovery.java.FileSystemServiceDiscovery.lockFile.Feature Envy,3.0.0,3.0.0,3.1.0,1
dubbo,3.0.0,org.apache.dubbo.registry.client,InstanceAddressURL,,God Class,"pmd,checkstyle",dubbo-registry/dubbo-registry-api/src/main/java/org/apache/dubbo/registry/client/InstanceAddressURL.java,dubbo-registry/dubbo-registry-api/src/main/java/org/apache/dubbo/registry/client/InstanceAddressURL.java.InstanceAddressURL..God Class,3.0.0,3.3.0,3.3.0,6
dubbo,3.1.0,org.apache.dubbo.registry.client,InstanceAddressURL,hasServiceMethodParameter,Complex Method,"designitejava,pmd,checkstyle",dubbo-registry/dubbo-registry-api/src/main/java/org/apache/dubbo/registry/client/InstanceAddressURL.java,dubbo-registry/dubbo-registry-api/src/main/java/org/apache/dubbo/registry/client/InstanceAddressURL.java.InstanceAddressURL.hasServiceMethodParameter.Complex Method,3.1.0,3.3.0,3.3.0,5
dubbo,3.1.0,org.apache.dubbo.registry.client,ServiceDiscoveryRegistryDirectory,,God Class,"pmd,checkstyle",dubbo-registry/dubbo-registry-api/src/main/java/org/apache/dubbo/registry/client/ServiceDiscoveryRegistryDirectory.java,dubbo-registry/dubbo-registry-api/src/main/java/org/apache/dubbo/registry/client/ServiceDiscoveryRegistryDirectory.java.ServiceDiscoveryRegistryDirectory..God Class,3.1.0,3.3.0,3.3.0,5
dubbo,3.0.0,org.apache.dubbo.registry.client,ServiceDiscoveryRegistryDirectory,destroyUnusedInvokers,Feature Envy,"designitejava,checkstyle",dubbo-registry/dubbo-registry-api/src/main/java/org/apache/dubbo/registry/client/ServiceDiscoveryRegistryDirectory.java,dubbo-registry/dubbo-registry-api/src/main/java/org/apache/dubbo/registry/client/ServiceDiscoveryRegistryDirectory.java.ServiceDiscoveryRegistryDirectory.destroyUnusedInvokers.Feature Envy,3.0.0,3.0.0,3.1.0,1
dubbo,3.0.0,org.apache.dubbo.registry.client,ServiceDiscoveryRegistryDirectory,toInvokers,Complex Method,"designitejava,pmd,checkstyle",dubbo-registry/dubbo-registry-api/src/main/java/org/apache/dubbo/registry/client/ServiceDiscoveryRegistryDirectory.java,dubbo-registry/dubbo-registry-api/src/main/java/org/apache/dubbo/registry/client/ServiceDiscoveryRegistryDirectory.java.ServiceDiscoveryRegistryDirectory.toInvokers.Complex Method,3.0.0,3.3.0,3.3.0,6
dubbo,3.1.0,org.apache.dubbo.registry.client.event.listener,ServiceInstancesChangedListener,doOnEvent,Complex Method,"designitejava,pmd,checkstyle",dubbo-registry/dubbo-registry-api/src/main/java/org/apache/dubbo/registry/client/event/listener/ServiceInstancesChangedListener.java,dubbo-registry/dubbo-registry-api/src/main/java/org/apache/dubbo/registry/client/event/listener/ServiceInstancesChangedListener.java.ServiceInstancesChangedListener.doOnEvent.Complex Method,3.1.0,3.3.0,3.3.0,5
dubbo,3.0.0,org.apache.dubbo.registry.client.event.listener,ServiceInstancesChangedListener,onEvent,Complex Method,"designitejava,pmd,checkstyle",dubbo-registry/dubbo-registry-api/src/main/java/org/apache/dubbo/registry/client/event/listener/ServiceInstancesChangedListener.java,dubbo-registry/dubbo-registry-api/src/main/java/org/apache/dubbo/registry/client/event/listener/ServiceInstancesChangedListener.java.ServiceInstancesChangedListener.onEvent.Complex Method,3.0.0,3.0.0,3.1.0,1
dubbo,3.1.0,org.apache.dubbo.registry.client.metadata,MetadataServiceNameMapping,map,Complex Method,"designitejava,pmd,checkstyle",dubbo-registry/dubbo-registry-api/src/main/java/org/apache/dubbo/registry/client/metadata/MetadataServiceNameMapping.java,dubbo-registry/dubbo-registry-api/src/main/java/org/apache/dubbo/registry/client/metadata/MetadataServiceNameMapping.java.MetadataServiceNameMapping.map.Complex Method,3.1.0,3.3.0,3.3.0,5
dubbo,3.1.0,org.apache.dubbo.registry.client.metadata,MetadataUtils,publishServiceDefinition,Complex Method,"designitejava,pmd,checkstyle",dubbo-registry/dubbo-registry-api/src/main/java/org/apache/dubbo/registry/client/metadata/MetadataUtils.java,dubbo-registry/dubbo-registry-api/src/main/java/org/apache/dubbo/registry/client/metadata/MetadataUtils.java.MetadataUtils.publishServiceDefinition.Complex Method,3.1.0,3.3.0,3.3.0,5
dubbo,3.1.0,org.apache.dubbo.registry.client.metadata,MetadataUtils,publishServiceDefinition,Feature Envy,"designitejava,checkstyle",dubbo-registry/dubbo-registry-api/src/main/java/org/apache/dubbo/registry/client/metadata/MetadataUtils.java,dubbo-registry/dubbo-registry-api/src/main/java/org/apache/dubbo/registry/client/metadata/MetadataUtils.java.MetadataUtils.publishServiceDefinition.Feature Envy,3.1.0,3.3.0,3.3.0,5
dubbo,3.1.0,org.apache.dubbo.registry.client.metadata,ServiceInstanceHostPortCustomizer,customize,Complex Method,"designitejava,pmd,checkstyle",dubbo-registry/dubbo-registry-api/src/main/java/org/apache/dubbo/registry/client/metadata/ServiceInstanceHostPortCustomizer.java,dubbo-registry/dubbo-registry-api/src/main/java/org/apache/dubbo/registry/client/metadata/ServiceInstanceHostPortCustomizer.java.ServiceInstanceHostPortCustomizer.customize.Complex Method,3.1.0,3.3.0,3.3.0,5
dubbo,3.0.0,org.apache.dubbo.registry.client.metadata,ServiceInstanceMetadataCustomizer,customize,Complex Method,"designitejava,pmd,checkstyle",dubbo-registry/dubbo-registry-api/src/main/java/org/apache/dubbo/registry/client/metadata/ServiceInstanceMetadataCustomizer.java,dubbo-registry/dubbo-registry-api/src/main/java/org/apache/dubbo/registry/client/metadata/ServiceInstanceMetadataCustomizer.java.ServiceInstanceMetadataCustomizer.customize.Complex Method,3.0.0,3.0.0,3.1.0,1
dubbo,3.0.0,org.apache.dubbo.registry.client.metadata.store,RemoteMetadataServiceImpl,publishMetadata,Feature Envy,"designitejava,checkstyle",dubbo-registry/dubbo-registry-api/src/main/java/org/apache/dubbo/registry/client/metadata/store/RemoteMetadataServiceImpl.java,dubbo-registry/dubbo-registry-api/src/main/java/org/apache/dubbo/registry/client/metadata/store/RemoteMetadataServiceImpl.java.RemoteMetadataServiceImpl.publishMetadata.Feature Envy,3.0.0,3.0.0,3.1.0,1
dubbo,3.0.0,org.apache.dubbo.registry.client.migration,MigrationInvoker,,God Class,"pmd,checkstyle",dubbo-registry/dubbo-registry-api/src/main/java/org/apache/dubbo/registry/client/migration/MigrationInvoker.java,dubbo-registry/dubbo-registry-api/src/main/java/org/apache/dubbo/registry/client/migration/MigrationInvoker.java.MigrationInvoker..God Class,3.0.0,3.3.0,3.3.0,6
dubbo,3.0.0,org.apache.dubbo.registry.client.migration,MigrationRuleHandler,report,Feature Envy,"designitejava,checkstyle",dubbo-registry/dubbo-registry-api/src/main/java/org/apache/dubbo/registry/client/migration/MigrationRuleHandler.java,dubbo-registry/dubbo-registry-api/src/main/java/org/apache/dubbo/registry/client/migration/MigrationRuleHandler.java.MigrationRuleHandler.report.Feature Envy,3.0.0,3.3.0,3.3.0,6
dubbo,3.1.0,org.apache.dubbo.registry.client.migration,MigrationRuleListener,process,Complex Method,"designitejava,pmd,checkstyle",dubbo-registry/dubbo-registry-api/src/main/java/org/apache/dubbo/registry/client/migration/MigrationRuleListener.java,dubbo-registry/dubbo-registry-api/src/main/java/org/apache/dubbo/registry/client/migration/MigrationRuleListener.java.MigrationRuleListener.process.Complex Method,3.1.0,3.3.0,3.3.0,5
dubbo,3.1.0,org.apache.dubbo.registry.client.migration.model,MigrationRule,getDelay,Complex Method,"designitejava,pmd",dubbo-registry/dubbo-registry-api/src/main/java/org/apache/dubbo/registry/client/migration/model/MigrationRule.java,dubbo-registry/dubbo-registry-api/src/main/java/org/apache/dubbo/registry/client/migration/model/MigrationRule.java.MigrationRule.getDelay.Complex Method,3.1.0,3.1.0,3.2.0-beta.1,1
dubbo,3.1.0,org.apache.dubbo.registry.client.migration.model,MigrationRule,getForce,Complex Method,"designitejava,pmd",dubbo-registry/dubbo-registry-api/src/main/java/org/apache/dubbo/registry/client/migration/model/MigrationRule.java,dubbo-registry/dubbo-registry-api/src/main/java/org/apache/dubbo/registry/client/migration/model/MigrationRule.java.MigrationRule.getForce.Complex Method,3.1.0,3.1.0,3.2.0-beta.1,1
dubbo,3.1.0,org.apache.dubbo.registry.client.migration.model,MigrationRule,getProportion,Complex Method,"designitejava,pmd",dubbo-registry/dubbo-registry-api/src/main/java/org/apache/dubbo/registry/client/migration/model/MigrationRule.java,dubbo-registry/dubbo-registry-api/src/main/java/org/apache/dubbo/registry/client/migration/model/MigrationRule.java.MigrationRule.getProportion.Complex Method,3.1.0,3.1.0,3.2.0-beta.1,1
dubbo,3.1.0,org.apache.dubbo.registry.client.migration.model,MigrationRule,getStep,Complex Method,"designitejava,pmd",dubbo-registry/dubbo-registry-api/src/main/java/org/apache/dubbo/registry/client/migration/model/MigrationRule.java,dubbo-registry/dubbo-registry-api/src/main/java/org/apache/dubbo/registry/client/migration/model/MigrationRule.java.MigrationRule.getStep.Complex Method,3.1.0,3.1.0,3.2.0-beta.1,1
dubbo,3.1.0,org.apache.dubbo.registry.client.migration.model,MigrationRule,getThreshold,Complex Method,"designitejava,pmd",dubbo-registry/dubbo-registry-api/src/main/java/org/apache/dubbo/registry/client/migration/model/MigrationRule.java,dubbo-registry/dubbo-registry-api/src/main/java/org/apache/dubbo/registry/client/migration/model/MigrationRule.java.MigrationRule.getThreshold.Complex Method,3.1.0,3.1.0,3.2.0-beta.1,1
dubbo,3.2.0-beta.1,org.apache.dubbo.registry.client.migration.model,MigrationRule,getValue,Complex Method,"designitejava,pmd",dubbo-registry/dubbo-registry-api/src/main/java/org/apache/dubbo/registry/client/migration/model/MigrationRule.java,dubbo-registry/dubbo-registry-api/src/main/java/org/apache/dubbo/registry/client/migration/model/MigrationRule.java.MigrationRule.getValue.Complex Method,3.2.0-beta.1,3.3.0,3.3.0,4
dubbo,3.0.0,org.apache.dubbo.registry.integration,InterfaceCompatibleRegistryProtocol,getMigrationInvoker,Long Parameter List,"designitejava,checkstyle",dubbo-registry/dubbo-registry-api/src/main/java/org/apache/dubbo/registry/integration/InterfaceCompatibleRegistryProtocol.java,dubbo-registry/dubbo-registry-api/src/main/java/org/apache/dubbo/registry/integration/InterfaceCompatibleRegistryProtocol.java.InterfaceCompatibleRegistryProtocol.getMigrationInvoker.Long Parameter List,3.0.0,3.3.0,3.3.0,6
dubbo,2.7.0,org.apache.dubbo.registry.integration,RegistryDirectory,,God Class,"pmd,checkstyle",dubbo-registry/dubbo-registry-api/src/main/java/org/apache/dubbo/registry/integration/RegistryDirectory.java,dubbo-registry/dubbo-registry-api/src/main/java/org/apache/dubbo/registry/integration/RegistryDirectory.java.RegistryDirectory..God Class,2.7.0,3.3.0,3.3.0,7
dubbo,2.7.0,org.apache.dubbo.registry.integration,RegistryDirectory,destroyUnusedInvokers,Complex Method,"designitejava,pmd,checkstyle",dubbo-registry/dubbo-registry-api/src/main/java/org/apache/dubbo/registry/integration/RegistryDirectory.java,dubbo-registry/dubbo-registry-api/src/main/java/org/apache/dubbo/registry/integration/RegistryDirectory.java.RegistryDirectory.destroyUnusedInvokers.Complex Method,2.7.0,2.7.0,3.0.0,1
dubbo,2.7.0,org.apache.dubbo.registry.integration,RegistryDirectory,refreshInvoker,Complex Method,"pmd,checkstyle",dubbo-registry/dubbo-registry-api/src/main/java/org/apache/dubbo/registry/integration/RegistryDirectory.java,dubbo-registry/dubbo-registry-api/src/main/java/org/apache/dubbo/registry/integration/RegistryDirectory.java.RegistryDirectory.refreshInvoker.Complex Method,2.7.0,3.3.0,3.3.0,7
dubbo,2.7.0,org.apache.dubbo.registry.integration,RegistryDirectory,toInvokers,Complex Method,"designitejava,pmd,checkstyle",dubbo-registry/dubbo-registry-api/src/main/java/org/apache/dubbo/registry/integration/RegistryDirectory.java,dubbo-registry/dubbo-registry-api/src/main/java/org/apache/dubbo/registry/integration/RegistryDirectory.java.RegistryDirectory.toInvokers.Complex Method,2.7.0,3.3.0,3.3.0,7
dubbo,3.1.0,org.apache.dubbo.registry.integration,RegistryProtocol,destroy,Complex Method,"designitejava,pmd,checkstyle",dubbo-registry/dubbo-registry-api/src/main/java/org/apache/dubbo/registry/integration/RegistryProtocol.java,dubbo-registry/dubbo-registry-api/src/main/java/org/apache/dubbo/registry/integration/RegistryProtocol.java.RegistryProtocol.destroy.Complex Method,3.1.0,3.3.0,3.3.0,5
dubbo,3.0.0,org.apache.dubbo.registry.integration,RegistryProtocol,getMigrationInvoker,Long Parameter List,"designitejava,checkstyle",dubbo-registry/dubbo-registry-api/src/main/java/org/apache/dubbo/registry/integration/RegistryProtocol.java,dubbo-registry/dubbo-registry-api/src/main/java/org/apache/dubbo/registry/integration/RegistryProtocol.java.RegistryProtocol.getMigrationInvoker.Long Parameter List,3.0.0,3.3.0,3.3.0,6
dubbo,2.7.0,org.apache.dubbo.registry.support,AbstractRegistry,,God Class,"pmd,checkstyle",dubbo-registry/dubbo-registry-api/src/main/java/org/apache/dubbo/registry/support/AbstractRegistry.java,dubbo-registry/dubbo-registry-api/src/main/java/org/apache/dubbo/registry/support/AbstractRegistry.java.AbstractRegistry..God Class,2.7.0,3.3.0,3.3.0,7
dubbo,2.7.0,org.apache.dubbo.registry.support,AbstractRegistry,destroy,Complex Method,"designitejava,pmd,checkstyle",dubbo-registry/dubbo-registry-api/src/main/java/org/apache/dubbo/registry/support/AbstractRegistry.java,dubbo-registry/dubbo-registry-api/src/main/java/org/apache/dubbo/registry/support/AbstractRegistry.java.AbstractRegistry.destroy.Complex Method,2.7.0,3.3.0,3.3.0,7
dubbo,2.7.0,org.apache.dubbo.registry.support,AbstractRegistry,lookup,Complex Method,"designitejava,pmd",dubbo-registry/dubbo-registry-api/src/main/java/org/apache/dubbo/registry/support/AbstractRegistry.java,dubbo-registry/dubbo-registry-api/src/main/java/org/apache/dubbo/registry/support/AbstractRegistry.java.AbstractRegistry.lookup.Complex Method,2.7.0,3.3.0,3.3.0,7
dubbo,2.7.0,org.apache.dubbo.registry.support,AbstractRegistry,notify,Complex Method,"designitejava,pmd,checkstyle",dubbo-registry/dubbo-registry-api/src/main/java/org/apache/dubbo/registry/support/AbstractRegistry.java,dubbo-registry/dubbo-registry-api/src/main/java/org/apache/dubbo/registry/support/AbstractRegistry.java.AbstractRegistry.notify.Complex Method,2.7.0,3.3.0,3.3.0,7
dubbo,3.1.0,org.apache.dubbo.registry.support,AbstractRegistryFactory,getRegistry,Complex Method,"designitejava,checkstyle",dubbo-registry/dubbo-registry-api/src/main/java/org/apache/dubbo/registry/support/AbstractRegistryFactory.java,dubbo-registry/dubbo-registry-api/src/main/java/org/apache/dubbo/registry/support/AbstractRegistryFactory.java.AbstractRegistryFactory.getRegistry.Complex Method,3.1.0,3.3.0,3.3.0,5
dubbo,2.7.0,org.apache.dubbo.registry.support,FailbackRegistry,,God Class,"pmd,checkstyle",dubbo-registry/dubbo-registry-api/src/main/java/org/apache/dubbo/registry/support/FailbackRegistry.java,dubbo-registry/dubbo-registry-api/src/main/java/org/apache/dubbo/registry/support/FailbackRegistry.java.FailbackRegistry..God Class,2.7.0,3.3.0,3.3.0,7
dubbo,3.1.0,org.apache.dubbo.registry.client,InstanceAddressURLTest,test1,Feature Envy,"designitejava,checkstyle",dubbo-registry/dubbo-registry-api/src/test/java/org/apache/dubbo/registry/client/InstanceAddressURLTest.java,dubbo-registry/dubbo-registry-api/src/test/java/org/apache/dubbo/registry/client/InstanceAddressURLTest.java.InstanceAddressURLTest.test1.Feature Envy,3.1.0,3.3.0,3.3.0,5
dubbo,3.0.0,org.apache.dubbo.registry.client,ServiceDiscoveryTest,testGetInstances,Feature Envy,"designitejava,checkstyle",dubbo-registry/dubbo-registry-api/src/test/java/org/apache/dubbo/registry/client/ServiceDiscoveryTest.java,dubbo-registry/dubbo-registry-api/src/test/java/org/apache/dubbo/registry/client/ServiceDiscoveryTest.java.ServiceDiscoveryTest.testGetInstances.Feature Envy,3.0.0,3.0.0,3.1.0,1
dubbo,3.0.0,org.apache.dubbo.registry.dns.util,DNSResolver,resolve,Feature Envy,"designitejava,checkstyle",dubbo-registry/dubbo-registry-dns/src/main/java/org/apache/dubbo/registry/dns/util/DNSResolver.java,dubbo-registry/dubbo-registry-dns/src/main/java/org/apache/dubbo/registry/dns/util/DNSResolver.java.DNSResolver.resolve.Feature Envy,3.0.0,3.0.0,3.1.0,1
dubbo,2.2.0,com.alibaba.dubbo.registry.multicast,MulticastRegistry,,God Class,"pmd,checkstyle",dubbo-registry/dubbo-registry-multicast/src/main/java/com/alibaba/dubbo/registry/multicast/MulticastRegistry.java,dubbo-registry/dubbo-registry-multicast/src/main/java/com/alibaba/dubbo/registry/multicast/MulticastRegistry.java.MulticastRegistry..God Class,2.2.0,2.6.0,2.7.0,5
dubbo,2.2.0,com.alibaba.dubbo.registry.multicast,MulticastRegistry,isExpired,Complex Method,"pmd,checkstyle",dubbo-registry/dubbo-registry-multicast/src/main/java/com/alibaba/dubbo/registry/multicast/MulticastRegistry.java,dubbo-registry/dubbo-registry-multicast/src/main/java/com/alibaba/dubbo/registry/multicast/MulticastRegistry.java.MulticastRegistry.isExpired.Complex Method,2.2.0,2.6.0,2.7.0,5
dubbo,2.2.0,com.alibaba.dubbo.registry.multicast,MulticastRegistry,lookup,Complex Method,"designitejava,pmd,checkstyle",dubbo-registry/dubbo-registry-multicast/src/main/java/com/alibaba/dubbo/registry/multicast/MulticastRegistry.java,dubbo-registry/dubbo-registry-multicast/src/main/java/com/alibaba/dubbo/registry/multicast/MulticastRegistry.java.MulticastRegistry.lookup.Complex Method,2.2.0,2.6.0,2.7.0,5
dubbo,2.2.0,com.alibaba.dubbo.registry.multicast,MulticastRegistry,receive,Complex Method,"designitejava,pmd,checkstyle",dubbo-registry/dubbo-registry-multicast/src/main/java/com/alibaba/dubbo/registry/multicast/MulticastRegistry.java,dubbo-registry/dubbo-registry-multicast/src/main/java/com/alibaba/dubbo/registry/multicast/MulticastRegistry.java.MulticastRegistry.receive.Complex Method,2.2.0,2.6.0,2.7.0,5
dubbo,2.7.0,org.apache.dubbo.registry.multicast,MulticastRegistry,,God Class,"pmd,checkstyle",dubbo-registry/dubbo-registry-multicast/src/main/java/org/apache/dubbo/registry/multicast/MulticastRegistry.java,dubbo-registry/dubbo-registry-multicast/src/main/java/org/apache/dubbo/registry/multicast/MulticastRegistry.java.MulticastRegistry..God Class,2.7.0,3.3.0,3.3.0,7
dubbo,2.7.0,org.apache.dubbo.registry.multicast,MulticastRegistry,isExpired,Complex Method,"pmd,checkstyle",dubbo-registry/dubbo-registry-multicast/src/main/java/org/apache/dubbo/registry/multicast/MulticastRegistry.java,dubbo-registry/dubbo-registry-multicast/src/main/java/org/apache/dubbo/registry/multicast/MulticastRegistry.java.MulticastRegistry.isExpired.Complex Method,2.7.0,2.7.0,3.0.0,1
dubbo,2.7.0,org.apache.dubbo.registry.multicast,MulticastRegistry,lookup,Complex Method,"designitejava,pmd,checkstyle",dubbo-registry/dubbo-registry-multicast/src/main/java/org/apache/dubbo/registry/multicast/MulticastRegistry.java,dubbo-registry/dubbo-registry-multicast/src/main/java/org/apache/dubbo/registry/multicast/MulticastRegistry.java.MulticastRegistry.lookup.Complex Method,2.7.0,3.3.0,3.3.0,7
dubbo,2.7.0,org.apache.dubbo.registry.multicast,MulticastRegistry,receive,Complex Method,"designitejava,pmd,checkstyle",dubbo-registry/dubbo-registry-multicast/src/main/java/org/apache/dubbo/registry/multicast/MulticastRegistry.java,dubbo-registry/dubbo-registry-multicast/src/main/java/org/apache/dubbo/registry/multicast/MulticastRegistry.java.MulticastRegistry.receive.Complex Method,2.7.0,3.3.0,3.3.0,7
dubbo,3.0.0,org.apache.dubbo.registry.nacos,NacosServiceName,isCompatible,Complex Method,"designitejava,checkstyle",dubbo-registry/dubbo-registry-nacos/src/main/java/org/apache/dubbo/registry/nacos/NacosServiceName.java,dubbo-registry/dubbo-registry-nacos/src/main/java/org/apache/dubbo/registry/nacos/NacosServiceName.java.NacosServiceName.isCompatible.Complex Method,3.0.0,3.3.0,3.3.0,6
dubbo,2.2.0,com.alibaba.dubbo.registry.redis,RedisRegistry,,God Class,"pmd,checkstyle",dubbo-registry/dubbo-registry-redis/src/main/java/com/alibaba/dubbo/registry/redis/RedisRegistry.java,dubbo-registry/dubbo-registry-redis/src/main/java/com/alibaba/dubbo/registry/redis/RedisRegistry.java.RedisRegistry..God Class,2.2.0,2.6.0,2.7.0,5
dubbo,2.2.0,com.alibaba.dubbo.registry.redis,RedisRegistry,RedisRegistry,Complex Method,"designitejava,checkstyle",dubbo-registry/dubbo-registry-redis/src/main/java/com/alibaba/dubbo/registry/redis/RedisRegistry.java,dubbo-registry/dubbo-registry-redis/src/main/java/com/alibaba/dubbo/registry/redis/RedisRegistry.java.RedisRegistry.RedisRegistry.Complex Method,2.2.0,2.6.0,2.7.0,5
dubbo,2.2.0,com.alibaba.dubbo.registry.redis,RedisRegistry,clean,Complex Method,"designitejava,pmd,checkstyle",dubbo-registry/dubbo-registry-redis/src/main/java/com/alibaba/dubbo/registry/redis/RedisRegistry.java,dubbo-registry/dubbo-registry-redis/src/main/java/com/alibaba/dubbo/registry/redis/RedisRegistry.java.RedisRegistry.clean.Complex Method,2.2.0,2.6.0,2.7.0,5
dubbo,2.2.0,com.alibaba.dubbo.registry.redis,RedisRegistry,doNotify,Complex Method,"designitejava,pmd,checkstyle",dubbo-registry/dubbo-registry-redis/src/main/java/com/alibaba/dubbo/registry/redis/RedisRegistry.java,dubbo-registry/dubbo-registry-redis/src/main/java/com/alibaba/dubbo/registry/redis/RedisRegistry.java.RedisRegistry.doNotify.Complex Method,2.2.0,2.6.0,2.7.0,5
dubbo,2.2.0,com.alibaba.dubbo.registry.redis,RedisRegistry,doSubscribe,Complex Method,"designitejava,pmd,checkstyle",dubbo-registry/dubbo-registry-redis/src/main/java/com/alibaba/dubbo/registry/redis/RedisRegistry.java,dubbo-registry/dubbo-registry-redis/src/main/java/com/alibaba/dubbo/registry/redis/RedisRegistry.java.RedisRegistry.doSubscribe.Complex Method,2.2.0,2.6.0,2.7.0,5
dubbo,2.7.0,org.apache.dubbo.registry.redis,RedisRegistry,,God Class,"pmd,checkstyle",dubbo-registry/dubbo-registry-redis/src/main/java/org/apache/dubbo/registry/redis/RedisRegistry.java,dubbo-registry/dubbo-registry-redis/src/main/java/org/apache/dubbo/registry/redis/RedisRegistry.java.RedisRegistry..God Class,2.7.0,2.7.0,3.0.0,1
dubbo,2.7.0,org.apache.dubbo.registry.redis,RedisRegistry,RedisRegistry,Complex Method,"designitejava,checkstyle",dubbo-registry/dubbo-registry-redis/src/main/java/org/apache/dubbo/registry/redis/RedisRegistry.java,dubbo-registry/dubbo-registry-redis/src/main/java/org/apache/dubbo/registry/redis/RedisRegistry.java.RedisRegistry.RedisRegistry.Complex Method,2.7.0,2.7.0,3.0.0,1
dubbo,2.7.0,org.apache.dubbo.registry.redis,RedisRegistry,clean,Complex Method,"designitejava,pmd,checkstyle",dubbo-registry/dubbo-registry-redis/src/main/java/org/apache/dubbo/registry/redis/RedisRegistry.java,dubbo-registry/dubbo-registry-redis/src/main/java/org/apache/dubbo/registry/redis/RedisRegistry.java.RedisRegistry.clean.Complex Method,2.7.0,2.7.0,3.0.0,1
dubbo,2.7.0,org.apache.dubbo.registry.redis,RedisRegistry,doNotify,Complex Method,"designitejava,pmd,checkstyle",dubbo-registry/dubbo-registry-redis/src/main/java/org/apache/dubbo/registry/redis/RedisRegistry.java,dubbo-registry/dubbo-registry-redis/src/main/java/org/apache/dubbo/registry/redis/RedisRegistry.java.RedisRegistry.doNotify.Complex Method,2.7.0,2.7.0,3.0.0,1
dubbo,2.7.0,org.apache.dubbo.registry.redis,RedisRegistry,doSubscribe,Complex Method,"designitejava,pmd,checkstyle",dubbo-registry/dubbo-registry-redis/src/main/java/org/apache/dubbo/registry/redis/RedisRegistry.java,dubbo-registry/dubbo-registry-redis/src/main/java/org/apache/dubbo/registry/redis/RedisRegistry.java.RedisRegistry.doSubscribe.Complex Method,2.7.0,2.7.0,3.0.0,1
dubbo,2.2.0,com.alibaba.dubbo.registry.zookeeper,ZookeeperRegistry,doSubscribe,Complex Method,"designitejava,pmd,checkstyle",dubbo-registry/dubbo-registry-zookeeper/src/main/java/com/alibaba/dubbo/registry/zookeeper/ZookeeperRegistry.java,dubbo-registry/dubbo-registry-zookeeper/src/main/java/com/alibaba/dubbo/registry/zookeeper/ZookeeperRegistry.java.ZookeeperRegistry.doSubscribe.Complex Method,2.2.0,2.6.0,2.7.0,5
dubbo,2.7.0,org.apache.dubbo.registry.zookeeper,ZookeeperRegistry,doSubscribe,Complex Method,"designitejava,pmd,checkstyle",dubbo-registry/dubbo-registry-zookeeper/src/main/java/org/apache/dubbo/registry/zookeeper/ZookeeperRegistry.java,dubbo-registry/dubbo-registry-zookeeper/src/main/java/org/apache/dubbo/registry/zookeeper/ZookeeperRegistry.java.ZookeeperRegistry.doSubscribe.Complex Method,2.7.0,3.3.0,3.3.0,7
dubbo,3.0.0,org.apache.dubbo.registry.zookeeper,ZookeeperServiceDiscovery,getInstances,Complex Method,"designitejava,pmd",dubbo-registry/dubbo-registry-zookeeper/src/main/java/org/apache/dubbo/registry/zookeeper/ZookeeperServiceDiscovery.java,dubbo-registry/dubbo-registry-zookeeper/src/main/java/org/apache/dubbo/registry/zookeeper/ZookeeperServiceDiscovery.java.ZookeeperServiceDiscovery.getInstances.Complex Method,3.0.0,3.0.0,3.1.0,1
dubbo,2.0.7,com.alibaba.dubbo.registry.directory,RegistryDirectory,destroyUnusedInvokers,Complex Method,"designitejava,pmd,checkstyle",dubbo-registry/src/main/java/com/alibaba/dubbo/registry/directory/RegistryDirectory.java,dubbo-registry/src/main/java/com/alibaba/dubbo/registry/directory/RegistryDirectory.java.RegistryDirectory.destroyUnusedInvokers.Complex Method,2.0.7,2.0.7,2.1.0,1
dubbo,2.0.7,com.alibaba.dubbo.registry.directory,RegistryDirectory,destroyUnusedInvokers,Feature Envy,"designitejava,checkstyle",dubbo-registry/src/main/java/com/alibaba/dubbo/registry/directory/RegistryDirectory.java,dubbo-registry/src/main/java/com/alibaba/dubbo/registry/directory/RegistryDirectory.java.RegistryDirectory.destroyUnusedInvokers.Feature Envy,2.0.7,2.0.7,2.1.0,1
dubbo,2.0.7,com.alibaba.dubbo.registry.directory,RegistryDirectory,doList,Complex Method,"designitejava,pmd,checkstyle",dubbo-registry/src/main/java/com/alibaba/dubbo/registry/directory/RegistryDirectory.java,dubbo-registry/src/main/java/com/alibaba/dubbo/registry/directory/RegistryDirectory.java.RegistryDirectory.doList.Complex Method,2.0.7,2.0.7,2.1.0,1
dubbo,2.0.7,com.alibaba.dubbo.registry.directory,RegistryDirectory,notify,Complex Method,"designitejava,pmd",dubbo-registry/src/main/java/com/alibaba/dubbo/registry/directory/RegistryDirectory.java,dubbo-registry/src/main/java/com/alibaba/dubbo/registry/directory/RegistryDirectory.java.RegistryDirectory.notify.Complex Method,2.0.7,2.0.7,2.1.0,1
dubbo,2.0.7,com.alibaba.dubbo.registry.directory,RegistryDirectory,toInvokers,Complex Method,"designitejava,pmd,checkstyle",dubbo-registry/src/main/java/com/alibaba/dubbo/registry/directory/RegistryDirectory.java,dubbo-registry/src/main/java/com/alibaba/dubbo/registry/directory/RegistryDirectory.java.RegistryDirectory.toInvokers.Complex Method,2.0.7,2.0.7,2.1.0,1
dubbo,2.0.7,com.alibaba.dubbo.registry.directory,RegistryDirectory,toMethodInvokers,Complex Method,"designitejava,pmd,checkstyle",dubbo-registry/src/main/java/com/alibaba/dubbo/registry/directory/RegistryDirectory.java,dubbo-registry/src/main/java/com/alibaba/dubbo/registry/directory/RegistryDirectory.java.RegistryDirectory.toMethodInvokers.Complex Method,2.0.7,2.0.7,2.1.0,1
dubbo,2.1.0,com.alibaba.dubbo.registry.pages,RegisteredPageHandler,handle,Complex Method,"designitejava,pmd,checkstyle",dubbo-registry/src/main/java/com/alibaba/dubbo/registry/pages/RegisteredPageHandler.java,dubbo-registry/src/main/java/com/alibaba/dubbo/registry/pages/RegisteredPageHandler.java.RegisteredPageHandler.handle.Complex Method,2.1.0,2.1.0,2.2.0,1
dubbo,2.1.0,com.alibaba.dubbo.registry.pages,SubscribedPageHandler,handle,Complex Method,"designitejava,pmd,checkstyle",dubbo-registry/src/main/java/com/alibaba/dubbo/registry/pages/SubscribedPageHandler.java,dubbo-registry/src/main/java/com/alibaba/dubbo/registry/pages/SubscribedPageHandler.java.SubscribedPageHandler.handle.Complex Method,2.1.0,2.1.0,2.2.0,1
dubbo,2.1.0,com.alibaba.dubbo.registry.support,FailbackRegistry,,God Class,"pmd,checkstyle",dubbo-registry/src/main/java/com/alibaba/dubbo/registry/support/FailbackRegistry.java,dubbo-registry/src/main/java/com/alibaba/dubbo/registry/support/FailbackRegistry.java.FailbackRegistry..God Class,2.1.0,2.1.0,2.2.0,1
dubbo,2.1.0,com.alibaba.dubbo.registry.support,FailbackRegistry,retry,Complex Method,"designitejava,pmd,checkstyle",dubbo-registry/src/main/java/com/alibaba/dubbo/registry/support/FailbackRegistry.java,dubbo-registry/src/main/java/com/alibaba/dubbo/registry/support/FailbackRegistry.java.FailbackRegistry.retry.Complex Method,2.1.0,2.1.0,2.2.0,1
dubbo,2.1.0,com.alibaba.dubbo.registry.support,RegistryDirectory,,God Class,"pmd,checkstyle",dubbo-registry/src/main/java/com/alibaba/dubbo/registry/support/RegistryDirectory.java,dubbo-registry/src/main/java/com/alibaba/dubbo/registry/support/RegistryDirectory.java.RegistryDirectory..God Class,2.1.0,2.1.0,2.2.0,1
dubbo,2.1.0,com.alibaba.dubbo.registry.support,RegistryDirectory,destroyUnusedInvokers,Complex Method,"designitejava,pmd,checkstyle",dubbo-registry/src/main/java/com/alibaba/dubbo/registry/support/RegistryDirectory.java,dubbo-registry/src/main/java/com/alibaba/dubbo/registry/support/RegistryDirectory.java.RegistryDirectory.destroyUnusedInvokers.Complex Method,2.1.0,2.1.0,2.2.0,1
dubbo,2.1.0,com.alibaba.dubbo.registry.support,RegistryDirectory,destroyUnusedInvokers,Feature Envy,"designitejava,checkstyle",dubbo-registry/src/main/java/com/alibaba/dubbo/registry/support/RegistryDirectory.java,dubbo-registry/src/main/java/com/alibaba/dubbo/registry/support/RegistryDirectory.java.RegistryDirectory.destroyUnusedInvokers.Feature Envy,2.1.0,2.1.0,2.2.0,1
dubbo,2.1.0,com.alibaba.dubbo.registry.support,RegistryDirectory,doList,Complex Method,"designitejava,pmd,checkstyle",dubbo-registry/src/main/java/com/alibaba/dubbo/registry/support/RegistryDirectory.java,dubbo-registry/src/main/java/com/alibaba/dubbo/registry/support/RegistryDirectory.java.RegistryDirectory.doList.Complex Method,2.1.0,2.1.0,2.2.0,1
dubbo,2.1.0,com.alibaba.dubbo.registry.support,RegistryDirectory,notify,Complex Method,"designitejava,pmd,checkstyle",dubbo-registry/src/main/java/com/alibaba/dubbo/registry/support/RegistryDirectory.java,dubbo-registry/src/main/java/com/alibaba/dubbo/registry/support/RegistryDirectory.java.RegistryDirectory.notify.Complex Method,2.1.0,2.1.0,2.2.0,1
dubbo,2.1.0,com.alibaba.dubbo.registry.support,RegistryDirectory,toMethodInvokers,Complex Method,"designitejava,pmd,checkstyle",dubbo-registry/src/main/java/com/alibaba/dubbo/registry/support/RegistryDirectory.java,dubbo-registry/src/main/java/com/alibaba/dubbo/registry/support/RegistryDirectory.java.RegistryDirectory.toMethodInvokers.Complex Method,2.1.0,2.1.0,2.2.0,1
dubbo,2.1.0,com.alibaba.dubbo.registry.support,RegistryDirectory,toRouters,Complex Method,"designitejava,pmd,checkstyle",dubbo-registry/src/main/java/com/alibaba/dubbo/registry/support/RegistryDirectory.java,dubbo-registry/src/main/java/com/alibaba/dubbo/registry/support/RegistryDirectory.java.RegistryDirectory.toRouters.Complex Method,2.1.0,2.1.0,2.2.0,1
dubbo,2.1.0,com.alibaba.dubbo.registry.support,RegistryDirectory,toRouters,Feature Envy,"designitejava,checkstyle",dubbo-registry/src/main/java/com/alibaba/dubbo/registry/support/RegistryDirectory.java,dubbo-registry/src/main/java/com/alibaba/dubbo/registry/support/RegistryDirectory.java.RegistryDirectory.toRouters.Feature Envy,2.1.0,2.1.0,2.2.0,1
dubbo,2.0.7,com.alibaba.dubbo.registry.support,UrlUtils,parseURL,Complex Method,"designitejava,pmd,checkstyle",dubbo-registry/src/main/java/com/alibaba/dubbo/registry/support/UrlUtils.java,dubbo-registry/src/main/java/com/alibaba/dubbo/registry/support/UrlUtils.java.UrlUtils.parseURL.Complex Method,2.0.7,2.0.7,2.1.0,1
dubbo,2.0.7,com.alibaba.dubbo.registry.support,UrlUtils,revertNotify,Complex Method,"designitejava,pmd,checkstyle",dubbo-registry/src/main/java/com/alibaba/dubbo/registry/support/UrlUtils.java,dubbo-registry/src/main/java/com/alibaba/dubbo/registry/support/UrlUtils.java.UrlUtils.revertNotify.Complex Method,2.0.7,2.0.7,2.1.0,1
dubbo,2.0.7,com.alibaba.dubbo.registry.support.dubbo,DubboRegistry,retryFailed,Complex Method,"designitejava,pmd,checkstyle",dubbo-registry/src/main/java/com/alibaba/dubbo/registry/support/dubbo/DubboRegistry.java,dubbo-registry/src/main/java/com/alibaba/dubbo/registry/support/dubbo/DubboRegistry.java.DubboRegistry.retryFailed.Complex Method,2.0.7,2.0.7,2.1.0,1
dubbo,2.1.0,com.alibaba.dubbo.remoting.transport.grizzly,GrizzlyCodecAdapter,receive,Long Parameter List,"designitejava,checkstyle",dubbo-remoting-grizzly/src/main/java/com/alibaba/dubbo/remoting/transport/grizzly/GrizzlyCodecAdapter.java,dubbo-remoting-grizzly/src/main/java/com/alibaba/dubbo/remoting/transport/grizzly/GrizzlyCodecAdapter.java.GrizzlyCodecAdapter.receive.Long Parameter List,2.1.0,2.1.0,2.2.0,1
dubbo,2.1.0,com.alibaba.dubbo.remoting.transport.netty,NettyClient,doConnect,Complex Method,"designitejava,pmd",dubbo-remoting-netty/src/main/java/com/alibaba/dubbo/remoting/transport/netty/NettyClient.java,dubbo-remoting-netty/src/main/java/com/alibaba/dubbo/remoting/transport/netty/NettyClient.java.NettyClient.doConnect.Complex Method,2.1.0,2.1.0,2.2.0,1
dubbo,2.6.0,com.alibaba.dubbo.remoting.buffer,ByteBufferBackedChannelBuffer,setBytes,Complex Method,"designitejava,pmd",dubbo-remoting/dubbo-remoting-api/src/main/java/com/alibaba/dubbo/remoting/buffer/ByteBufferBackedChannelBuffer.java,dubbo-remoting/dubbo-remoting-api/src/main/java/com/alibaba/dubbo/remoting/buffer/ByteBufferBackedChannelBuffer.java.ByteBufferBackedChannelBuffer.setBytes.Complex Method,2.6.0,2.6.0,2.7.0,1
dubbo,2.2.0,com.alibaba.dubbo.remoting.exchange.codec,ExchangeCodec,decode,Complex Method,"designitejava,pmd,checkstyle",dubbo-remoting/dubbo-remoting-api/src/main/java/com/alibaba/dubbo/remoting/exchange/codec/ExchangeCodec.java,dubbo-remoting/dubbo-remoting-api/src/main/java/com/alibaba/dubbo/remoting/exchange/codec/ExchangeCodec.java.ExchangeCodec.decode.Complex Method,2.2.0,2.6.0,2.7.0,5
dubbo,2.4.0,com.alibaba.dubbo.remoting.exchange.codec,ExchangeCodec,decodeBody,Complex Method,"designitejava,pmd,checkstyle",dubbo-remoting/dubbo-remoting-api/src/main/java/com/alibaba/dubbo/remoting/exchange/codec/ExchangeCodec.java,dubbo-remoting/dubbo-remoting-api/src/main/java/com/alibaba/dubbo/remoting/exchange/codec/ExchangeCodec.java.ExchangeCodec.decodeBody.Complex Method,2.4.0,2.6.0,2.7.0,3
dubbo,2.2.0,com.alibaba.dubbo.remoting.exchange.codec,ExchangeCodec,encodeResponse,Complex Method,"designitejava,pmd,checkstyle",dubbo-remoting/dubbo-remoting-api/src/main/java/com/alibaba/dubbo/remoting/exchange/codec/ExchangeCodec.java,dubbo-remoting/dubbo-remoting-api/src/main/java/com/alibaba/dubbo/remoting/exchange/codec/ExchangeCodec.java.ExchangeCodec.encodeResponse.Complex Method,2.2.0,2.6.0,2.7.0,5
dubbo,2.2.0,com.alibaba.dubbo.remoting.exchange.support.header,HeaderExchangeHandler,received,Complex Method,"designitejava,pmd",dubbo-remoting/dubbo-remoting-api/src/main/java/com/alibaba/dubbo/remoting/exchange/support/header/HeaderExchangeHandler.java,dubbo-remoting/dubbo-remoting-api/src/main/java/com/alibaba/dubbo/remoting/exchange/support/header/HeaderExchangeHandler.java.HeaderExchangeHandler.received.Complex Method,2.2.0,2.6.0,2.7.0,5
dubbo,2.2.0,com.alibaba.dubbo.remoting.exchange.support.header,HeartBeatTask,run,Complex Method,"pmd,checkstyle",dubbo-remoting/dubbo-remoting-api/src/main/java/com/alibaba/dubbo/remoting/exchange/support/header/HeartBeatTask.java,dubbo-remoting/dubbo-remoting-api/src/main/java/com/alibaba/dubbo/remoting/exchange/support/header/HeartBeatTask.java.HeartBeatTask.run.Complex Method,2.2.0,2.6.0,2.7.0,5
dubbo,2.2.0,com.alibaba.dubbo.remoting.telnet.codec,TelnetCodec,decode,Complex Method,"designitejava,pmd,checkstyle",dubbo-remoting/dubbo-remoting-api/src/main/java/com/alibaba/dubbo/remoting/telnet/codec/TelnetCodec.java,dubbo-remoting/dubbo-remoting-api/src/main/java/com/alibaba/dubbo/remoting/telnet/codec/TelnetCodec.java.TelnetCodec.decode.Complex Method,2.2.0,2.6.0,2.7.0,5
dubbo,2.2.0,com.alibaba.dubbo.remoting.telnet.codec,TelnetCodec,toString,Complex Method,"designitejava,pmd,checkstyle",dubbo-remoting/dubbo-remoting-api/src/main/java/com/alibaba/dubbo/remoting/telnet/codec/TelnetCodec.java,dubbo-remoting/dubbo-remoting-api/src/main/java/com/alibaba/dubbo/remoting/telnet/codec/TelnetCodec.java.TelnetCodec.toString.Complex Method,2.2.0,2.6.0,2.7.0,5
dubbo,2.2.0,com.alibaba.dubbo.remoting.telnet.support,TelnetHandlerAdapter,telnet,Complex Method,"designitejava,pmd,checkstyle",dubbo-remoting/dubbo-remoting-api/src/main/java/com/alibaba/dubbo/remoting/telnet/support/TelnetHandlerAdapter.java,dubbo-remoting/dubbo-remoting-api/src/main/java/com/alibaba/dubbo/remoting/telnet/support/TelnetHandlerAdapter.java.TelnetHandlerAdapter.telnet.Complex Method,2.2.0,2.6.0,2.7.0,5
dubbo,2.2.0,com.alibaba.dubbo.remoting.telnet.support,TelnetUtils,toList,Complex Method,"designitejava,pmd",dubbo-remoting/dubbo-remoting-api/src/main/java/com/alibaba/dubbo/remoting/telnet/support/TelnetUtils.java,dubbo-remoting/dubbo-remoting-api/src/main/java/com/alibaba/dubbo/remoting/telnet/support/TelnetUtils.java.TelnetUtils.toList.Complex Method,2.2.0,2.6.0,2.7.0,5
dubbo,2.2.0,com.alibaba.dubbo.remoting.telnet.support,TelnetUtils,toTable,Complex Method,"designitejava,pmd,checkstyle",dubbo-remoting/dubbo-remoting-api/src/main/java/com/alibaba/dubbo/remoting/telnet/support/TelnetUtils.java,dubbo-remoting/dubbo-remoting-api/src/main/java/com/alibaba/dubbo/remoting/telnet/support/TelnetUtils.java.TelnetUtils.toTable.Complex Method,2.2.0,2.6.0,2.7.0,5
dubbo,2.2.0,com.alibaba.dubbo.remoting.telnet.support.command,HelpTelnetHandler,telnet,Feature Envy,"designitejava,checkstyle",dubbo-remoting/dubbo-remoting-api/src/main/java/com/alibaba/dubbo/remoting/telnet/support/command/HelpTelnetHandler.java,dubbo-remoting/dubbo-remoting-api/src/main/java/com/alibaba/dubbo/remoting/telnet/support/command/HelpTelnetHandler.java.HelpTelnetHandler.telnet.Feature Envy,2.2.0,2.6.0,2.7.0,5
dubbo,2.2.0,com.alibaba.dubbo.remoting.telnet.support.command,StatusTelnetHandler,telnet,Complex Method,"designitejava,pmd,checkstyle",dubbo-remoting/dubbo-remoting-api/src/main/java/com/alibaba/dubbo/remoting/telnet/support/command/StatusTelnetHandler.java,dubbo-remoting/dubbo-remoting-api/src/main/java/com/alibaba/dubbo/remoting/telnet/support/command/StatusTelnetHandler.java.StatusTelnetHandler.telnet.Complex Method,2.2.0,2.6.0,2.7.0,5
dubbo,2.2.0,com.alibaba.dubbo.remoting.telnet.support.command,StatusTelnetHandler,telnet,Feature Envy,"designitejava,checkstyle",dubbo-remoting/dubbo-remoting-api/src/main/java/com/alibaba/dubbo/remoting/telnet/support/command/StatusTelnetHandler.java,dubbo-remoting/dubbo-remoting-api/src/main/java/com/alibaba/dubbo/remoting/telnet/support/command/StatusTelnetHandler.java.StatusTelnetHandler.telnet.Feature Envy,2.2.0,2.6.0,2.7.0,5
dubbo,2.2.0,com.alibaba.dubbo.remoting.transport,AbstractServer,reset,Complex Method,"designitejava,pmd,checkstyle",dubbo-remoting/dubbo-remoting-api/src/main/java/com/alibaba/dubbo/remoting/transport/AbstractServer.java,dubbo-remoting/dubbo-remoting-api/src/main/java/com/alibaba/dubbo/remoting/transport/AbstractServer.java.AbstractServer.reset.Complex Method,2.2.0,2.6.0,2.7.0,5
dubbo,2.4.0,com.alibaba.dubbo.remoting.transport,DecodeHandler,decode,Feature Envy,"designitejava,checkstyle",dubbo-remoting/dubbo-remoting-api/src/main/java/com/alibaba/dubbo/remoting/transport/DecodeHandler.java,dubbo-remoting/dubbo-remoting-api/src/main/java/com/alibaba/dubbo/remoting/transport/DecodeHandler.java.DecodeHandler.decode.Feature Envy,2.4.0,2.6.0,2.7.0,3
dubbo,2.7.0,org.apache.dubbo.remoting.buffer,ByteBufferBackedChannelBuffer,setBytes,Complex Method,"designitejava,pmd",dubbo-remoting/dubbo-remoting-api/src/main/java/org/apache/dubbo/remoting/buffer/ByteBufferBackedChannelBuffer.java,dubbo-remoting/dubbo-remoting-api/src/main/java/org/apache/dubbo/remoting/buffer/ByteBufferBackedChannelBuffer.java.ByteBufferBackedChannelBuffer.setBytes.Complex Method,2.7.0,3.3.0,3.3.0,7
dubbo,2.7.0,org.apache.dubbo.remoting.exchange.codec,ExchangeCodec,decode,Complex Method,"designitejava,pmd,checkstyle",dubbo-remoting/dubbo-remoting-api/src/main/java/org/apache/dubbo/remoting/exchange/codec/ExchangeCodec.java,dubbo-remoting/dubbo-remoting-api/src/main/java/org/apache/dubbo/remoting/exchange/codec/ExchangeCodec.java.ExchangeCodec.decode.Complex Method,2.7.0,3.3.0,3.3.0,7
dubbo,2.7.0,org.apache.dubbo.remoting.exchange.codec,ExchangeCodec,decodeBody,Complex Method,"designitejava,pmd,checkstyle",dubbo-remoting/dubbo-remoting-api/src/main/java/org/apache/dubbo/remoting/exchange/codec/ExchangeCodec.java,dubbo-remoting/dubbo-remoting-api/src/main/java/org/apache/dubbo/remoting/exchange/codec/ExchangeCodec.java.ExchangeCodec.decodeBody.Complex Method,2.7.0,3.3.0,3.3.0,7
dubbo,2.7.0,org.apache.dubbo.remoting.exchange.codec,ExchangeCodec,encodeResponse,Complex Method,"designitejava,pmd,checkstyle",dubbo-remoting/dubbo-remoting-api/src/main/java/org/apache/dubbo/remoting/exchange/codec/ExchangeCodec.java,dubbo-remoting/dubbo-remoting-api/src/main/java/org/apache/dubbo/remoting/exchange/codec/ExchangeCodec.java.ExchangeCodec.encodeResponse.Complex Method,2.7.0,3.3.0,3.3.0,7
dubbo,2.7.0,org.apache.dubbo.remoting.exchange.support.header,HeaderExchangeHandler,received,Complex Method,"designitejava,pmd",dubbo-remoting/dubbo-remoting-api/src/main/java/org/apache/dubbo/remoting/exchange/support/header/HeaderExchangeHandler.java,dubbo-remoting/dubbo-remoting-api/src/main/java/org/apache/dubbo/remoting/exchange/support/header/HeaderExchangeHandler.java.HeaderExchangeHandler.received.Complex Method,2.7.0,3.3.0,3.3.0,7
dubbo,2.7.0,org.apache.dubbo.remoting.telnet.codec,TelnetCodec,decode,Complex Method,"designitejava,pmd,checkstyle",dubbo-remoting/dubbo-remoting-api/src/main/java/org/apache/dubbo/remoting/telnet/codec/TelnetCodec.java,dubbo-remoting/dubbo-remoting-api/src/main/java/org/apache/dubbo/remoting/telnet/codec/TelnetCodec.java.TelnetCodec.decode.Complex Method,2.7.0,3.3.0,3.3.0,7
dubbo,2.7.0,org.apache.dubbo.remoting.telnet.codec,TelnetCodec,toString,Complex Method,"designitejava,pmd,checkstyle",dubbo-remoting/dubbo-remoting-api/src/main/java/org/apache/dubbo/remoting/telnet/codec/TelnetCodec.java,dubbo-remoting/dubbo-remoting-api/src/main/java/org/apache/dubbo/remoting/telnet/codec/TelnetCodec.java.TelnetCodec.toString.Complex Method,2.7.0,3.3.0,3.3.0,7
dubbo,2.7.0,org.apache.dubbo.remoting.telnet.support,TelnetHandlerAdapter,telnet,Complex Method,"designitejava,pmd,checkstyle",dubbo-remoting/dubbo-remoting-api/src/main/java/org/apache/dubbo/remoting/telnet/support/TelnetHandlerAdapter.java,dubbo-remoting/dubbo-remoting-api/src/main/java/org/apache/dubbo/remoting/telnet/support/TelnetHandlerAdapter.java.TelnetHandlerAdapter.telnet.Complex Method,2.7.0,3.3.0,3.3.0,7
dubbo,2.7.0,org.apache.dubbo.remoting.telnet.support,TelnetUtils,toList,Complex Method,"designitejava,pmd",dubbo-remoting/dubbo-remoting-api/src/main/java/org/apache/dubbo/remoting/telnet/support/TelnetUtils.java,dubbo-remoting/dubbo-remoting-api/src/main/java/org/apache/dubbo/remoting/telnet/support/TelnetUtils.java.TelnetUtils.toList.Complex Method,2.7.0,3.3.0,3.3.0,7
dubbo,2.7.0,org.apache.dubbo.remoting.telnet.support,TelnetUtils,toTable,Complex Method,"designitejava,pmd,checkstyle",dubbo-remoting/dubbo-remoting-api/src/main/java/org/apache/dubbo/remoting/telnet/support/TelnetUtils.java,dubbo-remoting/dubbo-remoting-api/src/main/java/org/apache/dubbo/remoting/telnet/support/TelnetUtils.java.TelnetUtils.toTable.Complex Method,2.7.0,3.3.0,3.3.0,7
dubbo,3.1.0,org.apache.dubbo.remoting.telnet.support.command,HelpTelnetHandler,generateForOneCommand,Feature Envy,"designitejava,checkstyle",dubbo-remoting/dubbo-remoting-api/src/main/java/org/apache/dubbo/remoting/telnet/support/command/HelpTelnetHandler.java,dubbo-remoting/dubbo-remoting-api/src/main/java/org/apache/dubbo/remoting/telnet/support/command/HelpTelnetHandler.java.HelpTelnetHandler.generateForOneCommand.Feature Envy,3.1.0,3.3.0,3.3.0,5
dubbo,2.7.0,org.apache.dubbo.remoting.telnet.support.command,StatusTelnetHandler,telnet,Complex Method,"designitejava,pmd,checkstyle",dubbo-remoting/dubbo-remoting-api/src/main/java/org/apache/dubbo/remoting/telnet/support/command/StatusTelnetHandler.java,dubbo-remoting/dubbo-remoting-api/src/main/java/org/apache/dubbo/remoting/telnet/support/command/StatusTelnetHandler.java.StatusTelnetHandler.telnet.Complex Method,2.7.0,3.3.0,3.3.0,7
dubbo,2.7.0,org.apache.dubbo.remoting.transport,AbstractServer,reset,Complex Method,"designitejava,pmd,checkstyle",dubbo-remoting/dubbo-remoting-api/src/main/java/org/apache/dubbo/remoting/transport/AbstractServer.java,dubbo-remoting/dubbo-remoting-api/src/main/java/org/apache/dubbo/remoting/transport/AbstractServer.java.AbstractServer.reset.Complex Method,2.7.0,2.7.0,3.0.0,1
dubbo,2.7.0,org.apache.dubbo.remoting.transport,DecodeHandler,decode,Feature Envy,"designitejava,checkstyle",dubbo-remoting/dubbo-remoting-api/src/main/java/org/apache/dubbo/remoting/transport/DecodeHandler.java,dubbo-remoting/dubbo-remoting-api/src/main/java/org/apache/dubbo/remoting/transport/DecodeHandler.java.DecodeHandler.decode.Feature Envy,2.7.0,3.2.0-beta.1,3.2.0,4
dubbo,2.7.0,org.apache.dubbo.remoting.transport.dispatcher,ChannelEventRunnable,run,Complex Method,"pmd,checkstyle",dubbo-remoting/dubbo-remoting-api/src/main/java/org/apache/dubbo/remoting/transport/dispatcher/ChannelEventRunnable.java,dubbo-remoting/dubbo-remoting-api/src/main/java/org/apache/dubbo/remoting/transport/dispatcher/ChannelEventRunnable.java.ChannelEventRunnable.run.Complex Method,2.7.0,3.3.0,3.3.0,7
dubbo,3.0.0,org.apache.dubbo.remoting.transport.dispatcher,WrappedChannelHandler,sendFeedback,Feature Envy,"designitejava,checkstyle",dubbo-remoting/dubbo-remoting-api/src/main/java/org/apache/dubbo/remoting/transport/dispatcher/WrappedChannelHandler.java,dubbo-remoting/dubbo-remoting-api/src/main/java/org/apache/dubbo/remoting/transport/dispatcher/WrappedChannelHandler.java.WrappedChannelHandler.sendFeedback.Feature Envy,3.0.0,3.3.0,3.3.0,6
dubbo,2.2.0,com.alibaba.dubbo.remoting,PerformanceClientCloseTest,testClient,Complex Method,"designitejava,pmd",dubbo-remoting/dubbo-remoting-api/src/test/java/com/alibaba/dubbo/remoting/PerformanceClientCloseTest.java,dubbo-remoting/dubbo-remoting-api/src/test/java/com/alibaba/dubbo/remoting/PerformanceClientCloseTest.java.PerformanceClientCloseTest.testClient.Complex Method,2.2.0,2.6.0,2.7.0,5
dubbo,2.2.0,com.alibaba.dubbo.remoting,PerformanceClientFixedTest,testClient,Complex Method,"designitejava,pmd,checkstyle",dubbo-remoting/dubbo-remoting-api/src/test/java/com/alibaba/dubbo/remoting/PerformanceClientFixedTest.java,dubbo-remoting/dubbo-remoting-api/src/test/java/com/alibaba/dubbo/remoting/PerformanceClientFixedTest.java.PerformanceClientFixedTest.testClient.Complex Method,2.2.0,2.6.0,2.7.0,5
dubbo,2.2.0,com.alibaba.dubbo.remoting,PerformanceClientTest,testClient,Complex Method,"designitejava,pmd,checkstyle",dubbo-remoting/dubbo-remoting-api/src/test/java/com/alibaba/dubbo/remoting/PerformanceClientTest.java,dubbo-remoting/dubbo-remoting-api/src/test/java/com/alibaba/dubbo/remoting/PerformanceClientTest.java.PerformanceClientTest.testClient.Complex Method,2.2.0,2.6.0,2.7.0,5
dubbo,2.6.0,com.alibaba.dubbo.remoting.buffer,AbstractChannelBufferTest,,God Class,"pmd,checkstyle",dubbo-remoting/dubbo-remoting-api/src/test/java/com/alibaba/dubbo/remoting/buffer/AbstractChannelBufferTest.java,dubbo-remoting/dubbo-remoting-api/src/test/java/com/alibaba/dubbo/remoting/buffer/AbstractChannelBufferTest.java.AbstractChannelBufferTest..God Class,2.6.0,2.6.0,2.7.0,1
dubbo,2.6.0,com.alibaba.dubbo.remoting.transport.codec,DeprecatedExchangeCodec,decode,Complex Method,"designitejava,pmd,checkstyle",dubbo-remoting/dubbo-remoting-api/src/test/java/com/alibaba/dubbo/remoting/transport/codec/DeprecatedExchangeCodec.java,dubbo-remoting/dubbo-remoting-api/src/test/java/com/alibaba/dubbo/remoting/transport/codec/DeprecatedExchangeCodec.java.DeprecatedExchangeCodec.decode.Complex Method,2.6.0,2.6.0,2.7.0,1
dubbo,2.6.0,com.alibaba.dubbo.remoting.transport.codec,DeprecatedExchangeCodec,decodeBody,Complex Method,"designitejava,pmd,checkstyle",dubbo-remoting/dubbo-remoting-api/src/test/java/com/alibaba/dubbo/remoting/transport/codec/DeprecatedExchangeCodec.java,dubbo-remoting/dubbo-remoting-api/src/test/java/com/alibaba/dubbo/remoting/transport/codec/DeprecatedExchangeCodec.java.DeprecatedExchangeCodec.decodeBody.Complex Method,2.6.0,2.6.0,2.7.0,1
dubbo,2.6.0,com.alibaba.dubbo.remoting.transport.codec,DeprecatedExchangeCodec,encodeResponse,Complex Method,"designitejava,pmd,checkstyle",dubbo-remoting/dubbo-remoting-api/src/test/java/com/alibaba/dubbo/remoting/transport/codec/DeprecatedExchangeCodec.java,dubbo-remoting/dubbo-remoting-api/src/test/java/com/alibaba/dubbo/remoting/transport/codec/DeprecatedExchangeCodec.java.DeprecatedExchangeCodec.encodeResponse.Complex Method,2.6.0,2.6.0,2.7.0,1
dubbo,2.6.0,com.alibaba.dubbo.remoting.transport.codec,DeprecatedTelnetCodec,decode,Complex Method,"designitejava,pmd,checkstyle",dubbo-remoting/dubbo-remoting-api/src/test/java/com/alibaba/dubbo/remoting/transport/codec/DeprecatedTelnetCodec.java,dubbo-remoting/dubbo-remoting-api/src/test/java/com/alibaba/dubbo/remoting/transport/codec/DeprecatedTelnetCodec.java.DeprecatedTelnetCodec.decode.Complex Method,2.6.0,2.6.0,2.7.0,1
dubbo,2.6.0,com.alibaba.dubbo.remoting.transport.codec,DeprecatedTelnetCodec,toString,Complex Method,"designitejava,pmd,checkstyle",dubbo-remoting/dubbo-remoting-api/src/test/java/com/alibaba/dubbo/remoting/transport/codec/DeprecatedTelnetCodec.java,dubbo-remoting/dubbo-remoting-api/src/test/java/com/alibaba/dubbo/remoting/transport/codec/DeprecatedTelnetCodec.java.DeprecatedTelnetCodec.toString.Complex Method,2.6.0,2.6.0,2.7.0,1
dubbo,2.7.0,org.apache.dubbo.remoting,PerformanceClientCloseTest,testClient,Complex Method,"designitejava,pmd",dubbo-remoting/dubbo-remoting-api/src/test/java/org/apache/dubbo/remoting/PerformanceClientCloseTest.java,dubbo-remoting/dubbo-remoting-api/src/test/java/org/apache/dubbo/remoting/PerformanceClientCloseTest.java.PerformanceClientCloseTest.testClient.Complex Method,2.7.0,3.3.0,3.3.0,7
dubbo,2.7.0,org.apache.dubbo.remoting,PerformanceClientFixedTest,testClient,Complex Method,"designitejava,pmd,checkstyle",dubbo-remoting/dubbo-remoting-api/src/test/java/org/apache/dubbo/remoting/PerformanceClientFixedTest.java,dubbo-remoting/dubbo-remoting-api/src/test/java/org/apache/dubbo/remoting/PerformanceClientFixedTest.java.PerformanceClientFixedTest.testClient.Complex Method,2.7.0,3.3.0,3.3.0,7
dubbo,2.7.0,org.apache.dubbo.remoting,PerformanceClientTest,testClient,Complex Method,"designitejava,pmd,checkstyle",dubbo-remoting/dubbo-remoting-api/src/test/java/org/apache/dubbo/remoting/PerformanceClientTest.java,dubbo-remoting/dubbo-remoting-api/src/test/java/org/apache/dubbo/remoting/PerformanceClientTest.java.PerformanceClientTest.testClient.Complex Method,2.7.0,3.3.0,3.3.0,7
dubbo,2.7.0,org.apache.dubbo.remoting.buffer,AbstractChannelBufferTest,,God Class,"pmd,checkstyle",dubbo-remoting/dubbo-remoting-api/src/test/java/org/apache/dubbo/remoting/buffer/AbstractChannelBufferTest.java,dubbo-remoting/dubbo-remoting-api/src/test/java/org/apache/dubbo/remoting/buffer/AbstractChannelBufferTest.java.AbstractChannelBufferTest..God Class,2.7.0,3.3.0,3.3.0,7
dubbo,3.2.0,org.apache.dubbo.remoting.codec,DeprecatedExchangeCodec,decode,Complex Method,"designitejava,pmd,checkstyle",dubbo-remoting/dubbo-remoting-api/src/test/java/org/apache/dubbo/remoting/codec/DeprecatedExchangeCodec.java,dubbo-remoting/dubbo-remoting-api/src/test/java/org/apache/dubbo/remoting/codec/DeprecatedExchangeCodec.java.DeprecatedExchangeCodec.decode.Complex Method,3.2.0,3.3.0,3.3.0,3
dubbo,3.2.0,org.apache.dubbo.remoting.codec,DeprecatedExchangeCodec,decodeBody,Complex Method,"designitejava,pmd,checkstyle",dubbo-remoting/dubbo-remoting-api/src/test/java/org/apache/dubbo/remoting/codec/DeprecatedExchangeCodec.java,dubbo-remoting/dubbo-remoting-api/src/test/java/org/apache/dubbo/remoting/codec/DeprecatedExchangeCodec.java.DeprecatedExchangeCodec.decodeBody.Complex Method,3.2.0,3.3.0,3.3.0,3
dubbo,3.2.0,org.apache.dubbo.remoting.codec,DeprecatedExchangeCodec,encodeResponse,Complex Method,"designitejava,pmd,checkstyle",dubbo-remoting/dubbo-remoting-api/src/test/java/org/apache/dubbo/remoting/codec/DeprecatedExchangeCodec.java,dubbo-remoting/dubbo-remoting-api/src/test/java/org/apache/dubbo/remoting/codec/DeprecatedExchangeCodec.java.DeprecatedExchangeCodec.encodeResponse.Complex Method,3.2.0,3.3.0,3.3.0,3
dubbo,3.2.0,org.apache.dubbo.remoting.codec,DeprecatedTelnetCodec,decode,Complex Method,"designitejava,pmd,checkstyle",dubbo-remoting/dubbo-remoting-api/src/test/java/org/apache/dubbo/remoting/codec/DeprecatedTelnetCodec.java,dubbo-remoting/dubbo-remoting-api/src/test/java/org/apache/dubbo/remoting/codec/DeprecatedTelnetCodec.java.DeprecatedTelnetCodec.decode.Complex Method,3.2.0,3.3.0,3.3.0,3
dubbo,3.2.0,org.apache.dubbo.remoting.codec,DeprecatedTelnetCodec,toString,Complex Method,"designitejava,pmd,checkstyle",dubbo-remoting/dubbo-remoting-api/src/test/java/org/apache/dubbo/remoting/codec/DeprecatedTelnetCodec.java,dubbo-remoting/dubbo-remoting-api/src/test/java/org/apache/dubbo/remoting/codec/DeprecatedTelnetCodec.java.DeprecatedTelnetCodec.toString.Complex Method,3.2.0,3.3.0,3.3.0,3
dubbo,2.7.0,org.apache.dubbo.remoting.transport.codec,DeprecatedExchangeCodec,decode,Complex Method,"designitejava,pmd,checkstyle",dubbo-remoting/dubbo-remoting-api/src/test/java/org/apache/dubbo/remoting/transport/codec/DeprecatedExchangeCodec.java,dubbo-remoting/dubbo-remoting-api/src/test/java/org/apache/dubbo/remoting/transport/codec/DeprecatedExchangeCodec.java.DeprecatedExchangeCodec.decode.Complex Method,2.7.0,3.2.0-beta.1,3.2.0,4
dubbo,2.7.0,org.apache.dubbo.remoting.transport.codec,DeprecatedExchangeCodec,decodeBody,Complex Method,"designitejava,pmd,checkstyle",dubbo-remoting/dubbo-remoting-api/src/test/java/org/apache/dubbo/remoting/transport/codec/DeprecatedExchangeCodec.java,dubbo-remoting/dubbo-remoting-api/src/test/java/org/apache/dubbo/remoting/transport/codec/DeprecatedExchangeCodec.java.DeprecatedExchangeCodec.decodeBody.Complex Method,2.7.0,3.2.0-beta.1,3.2.0,4
dubbo,2.7.0,org.apache.dubbo.remoting.transport.codec,DeprecatedExchangeCodec,encodeResponse,Complex Method,"designitejava,pmd,checkstyle",dubbo-remoting/dubbo-remoting-api/src/test/java/org/apache/dubbo/remoting/transport/codec/DeprecatedExchangeCodec.java,dubbo-remoting/dubbo-remoting-api/src/test/java/org/apache/dubbo/remoting/transport/codec/DeprecatedExchangeCodec.java.DeprecatedExchangeCodec.encodeResponse.Complex Method,2.7.0,3.2.0-beta.1,3.2.0,4
dubbo,2.7.0,org.apache.dubbo.remoting.transport.codec,DeprecatedTelnetCodec,decode,Complex Method,"designitejava,pmd,checkstyle",dubbo-remoting/dubbo-remoting-api/src/test/java/org/apache/dubbo/remoting/transport/codec/DeprecatedTelnetCodec.java,dubbo-remoting/dubbo-remoting-api/src/test/java/org/apache/dubbo/remoting/transport/codec/DeprecatedTelnetCodec.java.DeprecatedTelnetCodec.decode.Complex Method,2.7.0,3.2.0-beta.1,3.2.0,4
dubbo,2.7.0,org.apache.dubbo.remoting.transport.codec,DeprecatedTelnetCodec,toString,Complex Method,"designitejava,pmd,checkstyle",dubbo-remoting/dubbo-remoting-api/src/test/java/org/apache/dubbo/remoting/transport/codec/DeprecatedTelnetCodec.java,dubbo-remoting/dubbo-remoting-api/src/test/java/org/apache/dubbo/remoting/transport/codec/DeprecatedTelnetCodec.java.DeprecatedTelnetCodec.toString.Complex Method,2.7.0,3.2.0-beta.1,3.2.0,4
dubbo,2.6.0,com.alibaba.dubbo.remoting.transport.grizzly,GrizzlyCodecAdapter,handleRead,Complex Method,"designitejava,pmd",dubbo-remoting/dubbo-remoting-grizzly/src/main/java/com/alibaba/dubbo/remoting/transport/grizzly/GrizzlyCodecAdapter.java,dubbo-remoting/dubbo-remoting-grizzly/src/main/java/com/alibaba/dubbo/remoting/transport/grizzly/GrizzlyCodecAdapter.java.GrizzlyCodecAdapter.handleRead.Complex Method,2.6.0,2.6.0,2.7.0,1
dubbo,2.2.0,com.alibaba.dubbo.remoting.transport.grizzly,GrizzlyCodecAdapter,receive,Long Parameter List,"designitejava,checkstyle",dubbo-remoting/dubbo-remoting-grizzly/src/main/java/com/alibaba/dubbo/remoting/transport/grizzly/GrizzlyCodecAdapter.java,dubbo-remoting/dubbo-remoting-grizzly/src/main/java/com/alibaba/dubbo/remoting/transport/grizzly/GrizzlyCodecAdapter.java.GrizzlyCodecAdapter.receive.Long Parameter List,2.2.0,2.5.0,2.6.0,4
dubbo,2.7.0,org.apache.dubbo.remoting.transport.grizzly,GrizzlyCodecAdapter,handleRead,Complex Method,"designitejava,pmd",dubbo-remoting/dubbo-remoting-grizzly/src/main/java/org/apache/dubbo/remoting/transport/grizzly/GrizzlyCodecAdapter.java,dubbo-remoting/dubbo-remoting-grizzly/src/main/java/org/apache/dubbo/remoting/transport/grizzly/GrizzlyCodecAdapter.java.GrizzlyCodecAdapter.handleRead.Complex Method,2.7.0,2.7.0,3.0.0,1
dubbo,3.3.0,org.apache.dubbo.remoting.http12,CompositeInputStream,read,Complex Method,"designitejava,checkstyle",dubbo-remoting/dubbo-remoting-http12/src/main/java/org/apache/dubbo/remoting/http12/CompositeInputStream.java,dubbo-remoting/dubbo-remoting-http12/src/main/java/org/apache/dubbo/remoting/http12/CompositeInputStream.java.CompositeInputStream.read.Complex Method,3.3.0,3.3.0,3.3.0,1
dubbo,3.3.0,org.apache.dubbo.remoting.http12.message,DefaultHttpRequest,,God Class,"pmd,checkstyle",dubbo-remoting/dubbo-remoting-http12/src/main/java/org/apache/dubbo/remoting/http12/message/DefaultHttpRequest.java,dubbo-remoting/dubbo-remoting-http12/src/main/java/org/apache/dubbo/remoting/http12/message/DefaultHttpRequest.java.DefaultHttpRequest..God Class,3.3.0,3.3.0,3.3.0,1
dubbo,3.3.0,org.apache.dubbo.remoting.http3.netty4,Http2HeadersAdapter,,God Class,"pmd,checkstyle",dubbo-remoting/dubbo-remoting-http3/src/main/java/org/apache/dubbo/remoting/http3/netty4/Http2HeadersAdapter.java,dubbo-remoting/dubbo-remoting-http3/src/main/java/org/apache/dubbo/remoting/http3/netty4/Http2HeadersAdapter.java.Http2HeadersAdapter..God Class,3.3.0,3.3.0,3.3.0,1
dubbo,3.3.0,org.apache.dubbo.remoting.http3.netty4,Http3HeadersAdapter,,God Class,"pmd,checkstyle",dubbo-remoting/dubbo-remoting-http3/src/main/java/org/apache/dubbo/remoting/http3/netty4/Http3HeadersAdapter.java,dubbo-remoting/dubbo-remoting-http3/src/main/java/org/apache/dubbo/remoting/http3/netty4/Http3HeadersAdapter.java.Http3HeadersAdapter..God Class,3.3.0,3.3.0,3.3.0,1
dubbo,2.2.0,com.alibaba.dubbo.remoting.transport.netty,NettyClient,doConnect,Complex Method,"designitejava,pmd",dubbo-remoting/dubbo-remoting-netty/src/main/java/com/alibaba/dubbo/remoting/transport/netty/NettyClient.java,dubbo-remoting/dubbo-remoting-netty/src/main/java/com/alibaba/dubbo/remoting/transport/netty/NettyClient.java.NettyClient.doConnect.Complex Method,2.2.0,2.6.0,2.7.0,5
dubbo,2.7.0,org.apache.dubbo.remoting.transport.netty,NettyClient,doConnect,Complex Method,"designitejava,pmd",dubbo-remoting/dubbo-remoting-netty/src/main/java/org/apache/dubbo/remoting/transport/netty/NettyClient.java,dubbo-remoting/dubbo-remoting-netty/src/main/java/org/apache/dubbo/remoting/transport/netty/NettyClient.java.NettyClient.doConnect.Complex Method,2.7.0,3.3.0,3.3.0,7
dubbo,3.1.0,org.apache.dubbo.remoting.transport.netty,NettyBackedChannelBufferTest,testBufferTransfer,Feature Envy,"designitejava,checkstyle",dubbo-remoting/dubbo-remoting-netty/src/test/java/org/apache/dubbo/remoting/transport/netty/NettyBackedChannelBufferTest.java,dubbo-remoting/dubbo-remoting-netty/src/test/java/org/apache/dubbo/remoting/transport/netty/NettyBackedChannelBufferTest.java.NettyBackedChannelBufferTest.testBufferTransfer.Feature Envy,3.1.0,3.3.0,3.3.0,5
dubbo,2.6.0,com.alibaba.dubbo.remoting.transport.netty4,NettyClient,doConnect,Complex Method,"designitejava,pmd",dubbo-remoting/dubbo-remoting-netty4/src/main/java/com/alibaba/dubbo/remoting/transport/netty4/NettyClient.java,dubbo-remoting/dubbo-remoting-netty4/src/main/java/com/alibaba/dubbo/remoting/transport/netty4/NettyClient.java.NettyClient.doConnect.Complex Method,2.6.0,2.6.0,2.7.0,1
dubbo,2.6.0,com.alibaba.dubbo.remoting.transport.netty4.logging,MessageFormatter,arrayFormat,Complex Method,"designitejava,pmd",dubbo-remoting/dubbo-remoting-netty4/src/main/java/com/alibaba/dubbo/remoting/transport/netty4/logging/MessageFormatter.java,dubbo-remoting/dubbo-remoting-netty4/src/main/java/com/alibaba/dubbo/remoting/transport/netty4/logging/MessageFormatter.java.MessageFormatter.arrayFormat.Complex Method,2.6.0,2.6.0,2.7.0,1
dubbo,2.6.0,com.alibaba.dubbo.remoting.transport.netty4.logging,MessageFormatter,deeplyAppendParameter,Complex Method,"designitejava,checkstyle",dubbo-remoting/dubbo-remoting-netty4/src/main/java/com/alibaba/dubbo/remoting/transport/netty4/logging/MessageFormatter.java,dubbo-remoting/dubbo-remoting-netty4/src/main/java/com/alibaba/dubbo/remoting/transport/netty4/logging/MessageFormatter.java.MessageFormatter.deeplyAppendParameter.Complex Method,2.6.0,2.6.0,2.7.0,1
dubbo,2.7.0,org.apache.dubbo.remoting.transport.netty4,NettyClient,doConnect,Complex Method,"designitejava,pmd",dubbo-remoting/dubbo-remoting-netty4/src/main/java/org/apache/dubbo/remoting/transport/netty4/NettyClient.java,dubbo-remoting/dubbo-remoting-netty4/src/main/java/org/apache/dubbo/remoting/transport/netty4/NettyClient.java.NettyClient.doConnect.Complex Method,2.7.0,3.3.0,3.3.0,7
dubbo,2.7.0,org.apache.dubbo.remoting.transport.netty4.logging,MessageFormatter,arrayFormat,Complex Method,"designitejava,pmd",dubbo-remoting/dubbo-remoting-netty4/src/main/java/org/apache/dubbo/remoting/transport/netty4/logging/MessageFormatter.java,dubbo-remoting/dubbo-remoting-netty4/src/main/java/org/apache/dubbo/remoting/transport/netty4/logging/MessageFormatter.java.MessageFormatter.arrayFormat.Complex Method,2.7.0,3.3.0,3.3.0,7
dubbo,2.7.0,org.apache.dubbo.remoting.transport.netty4.logging,MessageFormatter,deeplyAppendParameter,Complex Method,"designitejava,checkstyle",dubbo-remoting/dubbo-remoting-netty4/src/main/java/org/apache/dubbo/remoting/transport/netty4/logging/MessageFormatter.java,dubbo-remoting/dubbo-remoting-netty4/src/main/java/org/apache/dubbo/remoting/transport/netty4/logging/MessageFormatter.java.MessageFormatter.deeplyAppendParameter.Complex Method,2.7.0,3.3.0,3.3.0,7
dubbo,3.1.0,org.apache.dubbo.remoting.transport.netty4,NettyBackedChannelBufferTest,testBufferTransfer,Feature Envy,"designitejava,checkstyle",dubbo-remoting/dubbo-remoting-netty4/src/test/java/org/apache/dubbo/remoting/transport/netty4/NettyBackedChannelBufferTest.java,dubbo-remoting/dubbo-remoting-netty4/src/test/java/org/apache/dubbo/remoting/transport/netty4/NettyBackedChannelBufferTest.java.NettyBackedChannelBufferTest.testBufferTransfer.Feature Envy,3.1.0,3.3.0,3.3.0,5
dubbo,2.0.7,com.alibaba.dubbo.remoting.exchange.codec,ExchangeCodec,decode,Complex Method,"designitejava,pmd,checkstyle",dubbo-remoting/src/main/java/com/alibaba/dubbo/remoting/exchange/codec/ExchangeCodec.java,dubbo-remoting/src/main/java/com/alibaba/dubbo/remoting/exchange/codec/ExchangeCodec.java.ExchangeCodec.decode.Complex Method,2.0.7,2.1.0,2.2.0,2
dubbo,2.1.0,com.alibaba.dubbo.remoting.exchange.codec,ExchangeCodec,encodeResponse,Complex Method,"designitejava,pmd,checkstyle",dubbo-remoting/src/main/java/com/alibaba/dubbo/remoting/exchange/codec/ExchangeCodec.java,dubbo-remoting/src/main/java/com/alibaba/dubbo/remoting/exchange/codec/ExchangeCodec.java.ExchangeCodec.encodeResponse.Complex Method,2.1.0,2.1.0,2.2.0,1
dubbo,2.1.0,com.alibaba.dubbo.remoting.exchange.support.header,HeaderExchangeHandler,received,Complex Method,"designitejava,pmd",dubbo-remoting/src/main/java/com/alibaba/dubbo/remoting/exchange/support/header/HeaderExchangeHandler.java,dubbo-remoting/src/main/java/com/alibaba/dubbo/remoting/exchange/support/header/HeaderExchangeHandler.java.HeaderExchangeHandler.received.Complex Method,2.1.0,2.1.0,2.2.0,1
dubbo,2.1.0,com.alibaba.dubbo.remoting.exchange.support.header,HeartBeatTask,run,Complex Method,"pmd,checkstyle",dubbo-remoting/src/main/java/com/alibaba/dubbo/remoting/exchange/support/header/HeartBeatTask.java,dubbo-remoting/src/main/java/com/alibaba/dubbo/remoting/exchange/support/header/HeartBeatTask.java.HeartBeatTask.run.Complex Method,2.1.0,2.1.0,2.2.0,1
dubbo,2.0.7,com.alibaba.dubbo.remoting.telnet.codec,TelnetCodec,decode,Complex Method,"designitejava,pmd,checkstyle",dubbo-remoting/src/main/java/com/alibaba/dubbo/remoting/telnet/codec/TelnetCodec.java,dubbo-remoting/src/main/java/com/alibaba/dubbo/remoting/telnet/codec/TelnetCodec.java.TelnetCodec.decode.Complex Method,2.0.7,2.1.0,2.2.0,2
dubbo,2.0.7,com.alibaba.dubbo.remoting.telnet.codec,TelnetCodec,toString,Complex Method,"designitejava,pmd,checkstyle",dubbo-remoting/src/main/java/com/alibaba/dubbo/remoting/telnet/codec/TelnetCodec.java,dubbo-remoting/src/main/java/com/alibaba/dubbo/remoting/telnet/codec/TelnetCodec.java.TelnetCodec.toString.Complex Method,2.0.7,2.1.0,2.2.0,2
dubbo,2.0.7,com.alibaba.dubbo.remoting.telnet.support,TelnetHandlerAdapter,telnet,Complex Method,"designitejava,pmd,checkstyle",dubbo-remoting/src/main/java/com/alibaba/dubbo/remoting/telnet/support/TelnetHandlerAdapter.java,dubbo-remoting/src/main/java/com/alibaba/dubbo/remoting/telnet/support/TelnetHandlerAdapter.java.TelnetHandlerAdapter.telnet.Complex Method,2.0.7,2.1.0,2.2.0,2
dubbo,2.0.7,com.alibaba.dubbo.remoting.telnet.support,TelnetUtils,toList,Complex Method,"designitejava,pmd",dubbo-remoting/src/main/java/com/alibaba/dubbo/remoting/telnet/support/TelnetUtils.java,dubbo-remoting/src/main/java/com/alibaba/dubbo/remoting/telnet/support/TelnetUtils.java.TelnetUtils.toList.Complex Method,2.0.7,2.1.0,2.2.0,2
dubbo,2.0.7,com.alibaba.dubbo.remoting.telnet.support,TelnetUtils,toTable,Complex Method,"designitejava,pmd,checkstyle",dubbo-remoting/src/main/java/com/alibaba/dubbo/remoting/telnet/support/TelnetUtils.java,dubbo-remoting/src/main/java/com/alibaba/dubbo/remoting/telnet/support/TelnetUtils.java.TelnetUtils.toTable.Complex Method,2.0.7,2.1.0,2.2.0,2
dubbo,2.0.7,com.alibaba.dubbo.remoting.telnet.support.command,StatusTelnetHandler,telnet,Complex Method,"designitejava,pmd,checkstyle",dubbo-remoting/src/main/java/com/alibaba/dubbo/remoting/telnet/support/command/StatusTelnetHandler.java,dubbo-remoting/src/main/java/com/alibaba/dubbo/remoting/telnet/support/command/StatusTelnetHandler.java.StatusTelnetHandler.telnet.Complex Method,2.0.7,2.1.0,2.2.0,2
dubbo,2.1.0,com.alibaba.dubbo.remoting.transport,AbstractServer,reset,Complex Method,"designitejava,pmd,checkstyle",dubbo-remoting/src/main/java/com/alibaba/dubbo/remoting/transport/AbstractServer.java,dubbo-remoting/src/main/java/com/alibaba/dubbo/remoting/transport/AbstractServer.java.AbstractServer.reset.Complex Method,2.1.0,2.1.0,2.2.0,1
dubbo,2.0.7,com.alibaba.dubbo.remoting.transport.support,AbstractServer,reset,Complex Method,"designitejava,pmd,checkstyle",dubbo-remoting/src/main/java/com/alibaba/dubbo/remoting/transport/support/AbstractServer.java,dubbo-remoting/src/main/java/com/alibaba/dubbo/remoting/transport/support/AbstractServer.java.AbstractServer.reset.Complex Method,2.0.7,2.0.7,2.1.0,1
dubbo,2.0.7,com.alibaba.dubbo.remoting.transport.support.grizzly,GrizzlyCodecAdapter,receive,Long Parameter List,"designitejava,checkstyle",dubbo-remoting/src/main/java/com/alibaba/dubbo/remoting/transport/support/grizzly/GrizzlyCodecAdapter.java,dubbo-remoting/src/main/java/com/alibaba/dubbo/remoting/transport/support/grizzly/GrizzlyCodecAdapter.java.GrizzlyCodecAdapter.receive.Long Parameter List,2.0.7,2.0.7,2.1.0,1
dubbo,2.0.7,com.alibaba.dubbo.remoting.transport.support.netty,NettyClient,doConnect,Complex Method,"designitejava,pmd",dubbo-remoting/src/main/java/com/alibaba/dubbo/remoting/transport/support/netty/NettyClient.java,dubbo-remoting/src/main/java/com/alibaba/dubbo/remoting/transport/support/netty/NettyClient.java.NettyClient.doConnect.Complex Method,2.0.7,2.0.7,2.1.0,1
dubbo,2.0.7,com.alibaba.dubbo.remoting,PerformanceClientCloseTest,testClient,Complex Method,"designitejava,pmd",dubbo-remoting/src/test/java/com/alibaba/dubbo/remoting/PerformanceClientCloseTest.java,dubbo-remoting/src/test/java/com/alibaba/dubbo/remoting/PerformanceClientCloseTest.java.PerformanceClientCloseTest.testClient.Complex Method,2.0.7,2.1.0,2.2.0,2
dubbo,2.0.7,com.alibaba.dubbo.remoting,PerformanceClientFixedTest,testClient,Complex Method,"designitejava,pmd,checkstyle",dubbo-remoting/src/test/java/com/alibaba/dubbo/remoting/PerformanceClientFixedTest.java,dubbo-remoting/src/test/java/com/alibaba/dubbo/remoting/PerformanceClientFixedTest.java.PerformanceClientFixedTest.testClient.Complex Method,2.0.7,2.1.0,2.2.0,2
dubbo,2.0.7,com.alibaba.dubbo.remoting,PerformanceClientTest,testClient,Complex Method,"designitejava,pmd,checkstyle",dubbo-remoting/src/test/java/com/alibaba/dubbo/remoting/PerformanceClientTest.java,dubbo-remoting/src/test/java/com/alibaba/dubbo/remoting/PerformanceClientTest.java.PerformanceClientTest.testClient.Complex Method,2.0.7,2.1.0,2.2.0,2
dubbo,2.1.0,com.alibaba.dubbo.rpc.protocol.dubbo,CallbackServiceCodec,referOrdestroyCallbackService,Long Parameter List,"designitejava,checkstyle",dubbo-rpc-default/src/main/java/com/alibaba/dubbo/rpc/protocol/dubbo/CallbackServiceCodec.java,dubbo-rpc-default/src/main/java/com/alibaba/dubbo/rpc/protocol/dubbo/CallbackServiceCodec.java.CallbackServiceCodec.referOrdestroyCallbackService.Long Parameter List,2.1.0,2.1.0,2.2.0,1
dubbo,2.1.0,com.alibaba.dubbo.rpc.protocol.dubbo,DubboProtocol,destroy,Complex Method,"designitejava,pmd,checkstyle",dubbo-rpc-default/src/main/java/com/alibaba/dubbo/rpc/protocol/dubbo/DubboProtocol.java,dubbo-rpc-default/src/main/java/com/alibaba/dubbo/rpc/protocol/dubbo/DubboProtocol.java.DubboProtocol.destroy.Complex Method,2.1.0,2.1.0,2.2.0,1
dubbo,2.1.0,com.alibaba.dubbo.rpc.protocol.dubbo.filter,FutureFilter,fireReturnCallback,Complex Method,"pmd,checkstyle",dubbo-rpc-default/src/main/java/com/alibaba/dubbo/rpc/protocol/dubbo/filter/FutureFilter.java,dubbo-rpc-default/src/main/java/com/alibaba/dubbo/rpc/protocol/dubbo/filter/FutureFilter.java.FutureFilter.fireReturnCallback.Complex Method,2.1.0,2.1.0,2.2.0,1
dubbo,2.1.0,com.alibaba.dubbo.rpc.protocol.dubbo.filter,FutureFilter,fireThrowCallback,Complex Method,"pmd,checkstyle",dubbo-rpc-default/src/main/java/com/alibaba/dubbo/rpc/protocol/dubbo/filter/FutureFilter.java,dubbo-rpc-default/src/main/java/com/alibaba/dubbo/rpc/protocol/dubbo/filter/FutureFilter.java.FutureFilter.fireThrowCallback.Complex Method,2.1.0,2.1.0,2.2.0,1
dubbo,2.1.0,com.alibaba.dubbo.rpc.protocol.dubbo.filter,TraceFilter,invoke,Complex Method,"designitejava,pmd,checkstyle",dubbo-rpc-default/src/main/java/com/alibaba/dubbo/rpc/protocol/dubbo/filter/TraceFilter.java,dubbo-rpc-default/src/main/java/com/alibaba/dubbo/rpc/protocol/dubbo/filter/TraceFilter.java.TraceFilter.invoke.Complex Method,2.1.0,2.1.0,2.2.0,1
dubbo,2.1.0,com.alibaba.dubbo.rpc.protocol.dubbo.page,ClientsPageHandler,handle,Complex Method,"pmd,checkstyle",dubbo-rpc-default/src/main/java/com/alibaba/dubbo/rpc/protocol/dubbo/page/ClientsPageHandler.java,dubbo-rpc-default/src/main/java/com/alibaba/dubbo/rpc/protocol/dubbo/page/ClientsPageHandler.java.ClientsPageHandler.handle.Complex Method,2.1.0,2.1.0,2.2.0,1
dubbo,2.1.0,com.alibaba.dubbo.rpc.protocol.dubbo.telnet,CountTelnetHandler,telnet,Complex Method,"designitejava,pmd,checkstyle",dubbo-rpc-default/src/main/java/com/alibaba/dubbo/rpc/protocol/dubbo/telnet/CountTelnetHandler.java,dubbo-rpc-default/src/main/java/com/alibaba/dubbo/rpc/protocol/dubbo/telnet/CountTelnetHandler.java.CountTelnetHandler.telnet.Complex Method,2.1.0,2.1.0,2.2.0,1
dubbo,2.1.0,com.alibaba.dubbo.rpc.protocol.dubbo.telnet,InvokeTelnetHandler,telnet,Complex Method,"designitejava,pmd,checkstyle",dubbo-rpc-default/src/main/java/com/alibaba/dubbo/rpc/protocol/dubbo/telnet/InvokeTelnetHandler.java,dubbo-rpc-default/src/main/java/com/alibaba/dubbo/rpc/protocol/dubbo/telnet/InvokeTelnetHandler.java.InvokeTelnetHandler.telnet.Complex Method,2.1.0,2.1.0,2.2.0,1
dubbo,2.1.0,com.alibaba.dubbo.rpc.protocol.dubbo.telnet,ListTelnetHandler,telnet,Complex Method,"designitejava,pmd,checkstyle",dubbo-rpc-default/src/main/java/com/alibaba/dubbo/rpc/protocol/dubbo/telnet/ListTelnetHandler.java,dubbo-rpc-default/src/main/java/com/alibaba/dubbo/rpc/protocol/dubbo/telnet/ListTelnetHandler.java.ListTelnetHandler.telnet.Complex Method,2.1.0,2.1.0,2.2.0,1
dubbo,2.1.0,com.alibaba.dubbo.rpc.protocol.dubbo.telnet,PortTelnetHandler,telnet,Complex Method,"designitejava,pmd,checkstyle",dubbo-rpc-default/src/main/java/com/alibaba/dubbo/rpc/protocol/dubbo/telnet/PortTelnetHandler.java,dubbo-rpc-default/src/main/java/com/alibaba/dubbo/rpc/protocol/dubbo/telnet/PortTelnetHandler.java.PortTelnetHandler.telnet.Complex Method,2.1.0,2.1.0,2.2.0,1
dubbo,2.1.0,com.alibaba.dubbo.rpc.protocol.dubbo.telnet,TraceTelnetHandler,telnet,Complex Method,"designitejava,pmd,checkstyle",dubbo-rpc-default/src/main/java/com/alibaba/dubbo/rpc/protocol/dubbo/telnet/TraceTelnetHandler.java,dubbo-rpc-default/src/main/java/com/alibaba/dubbo/rpc/protocol/dubbo/telnet/TraceTelnetHandler.java.TraceTelnetHandler.telnet.Complex Method,2.1.0,2.1.0,2.2.0,1
dubbo,2.1.0,com.alibaba.dubbo.rpc.protocol.dubbo,FutureFilterTest,setUp,Feature Envy,"designitejava,checkstyle",dubbo-rpc-default/src/test/java/com/alibaba/dubbo/rpc/protocol/dubbo/FutureFilterTest.java,dubbo-rpc-default/src/test/java/com/alibaba/dubbo/rpc/protocol/dubbo/FutureFilterTest.java.FutureFilterTest.setUp.Feature Envy,2.1.0,2.1.0,2.2.0,1
dubbo,2.1.0,com.alibaba.dubbo.rpc.protocol.dubbo.telnet,ChangeTelnetHandlerTest,setUp,Feature Envy,"designitejava,checkstyle",dubbo-rpc-default/src/test/java/com/alibaba/dubbo/rpc/protocol/dubbo/telnet/ChangeTelnetHandlerTest.java,dubbo-rpc-default/src/test/java/com/alibaba/dubbo/rpc/protocol/dubbo/telnet/ChangeTelnetHandlerTest.java.ChangeTelnetHandlerTest.setUp.Feature Envy,2.1.0,2.1.0,2.2.0,1
dubbo,2.2.0,com.alibaba.dubbo.rpc,RpcContext,,God Class,"pmd,checkstyle",dubbo-rpc/dubbo-rpc-api/src/main/java/com/alibaba/dubbo/rpc/RpcContext.java,dubbo-rpc/dubbo-rpc-api/src/main/java/com/alibaba/dubbo/rpc/RpcContext.java.RpcContext..God Class,2.2.0,2.6.0,2.7.0,5
dubbo,2.2.0,com.alibaba.dubbo.rpc.filter,AccessLogFilter,invoke,Complex Method,"designitejava,pmd,checkstyle",dubbo-rpc/dubbo-rpc-api/src/main/java/com/alibaba/dubbo/rpc/filter/AccessLogFilter.java,dubbo-rpc/dubbo-rpc-api/src/main/java/com/alibaba/dubbo/rpc/filter/AccessLogFilter.java.AccessLogFilter.invoke.Complex Method,2.2.0,2.6.0,2.7.0,5
dubbo,2.2.0,com.alibaba.dubbo.rpc.filter,ExceptionFilter,invoke,Complex Method,"designitejava,pmd,checkstyle",dubbo-rpc/dubbo-rpc-api/src/main/java/com/alibaba/dubbo/rpc/filter/ExceptionFilter.java,dubbo-rpc/dubbo-rpc-api/src/main/java/com/alibaba/dubbo/rpc/filter/ExceptionFilter.java.ExceptionFilter.invoke.Complex Method,2.2.0,2.6.0,2.7.0,5
dubbo,2.2.0,com.alibaba.dubbo.rpc.filter,ExceptionFilter,invoke,Feature Envy,"designitejava,checkstyle",dubbo-rpc/dubbo-rpc-api/src/main/java/com/alibaba/dubbo/rpc/filter/ExceptionFilter.java,dubbo-rpc/dubbo-rpc-api/src/main/java/com/alibaba/dubbo/rpc/filter/ExceptionFilter.java.ExceptionFilter.invoke.Feature Envy,2.2.0,2.6.0,2.7.0,5
dubbo,2.4.0,com.alibaba.dubbo.rpc.filter,GenericFilter,invoke,Complex Method,"designitejava,pmd,checkstyle",dubbo-rpc/dubbo-rpc-api/src/main/java/com/alibaba/dubbo/rpc/filter/GenericFilter.java,dubbo-rpc/dubbo-rpc-api/src/main/java/com/alibaba/dubbo/rpc/filter/GenericFilter.java.GenericFilter.invoke.Complex Method,2.4.0,2.6.0,2.7.0,3
dubbo,2.2.0,com.alibaba.dubbo.rpc.filter,GenericImplFilter,invoke,Complex Method,"designitejava,pmd,checkstyle",dubbo-rpc/dubbo-rpc-api/src/main/java/com/alibaba/dubbo/rpc/filter/GenericImplFilter.java,dubbo-rpc/dubbo-rpc-api/src/main/java/com/alibaba/dubbo/rpc/filter/GenericImplFilter.java.GenericImplFilter.invoke.Complex Method,2.2.0,2.6.0,2.7.0,5
dubbo,2.2.0,com.alibaba.dubbo.rpc.filter,TimeoutFilter,invoke,Feature Envy,"designitejava,checkstyle",dubbo-rpc/dubbo-rpc-api/src/main/java/com/alibaba/dubbo/rpc/filter/TimeoutFilter.java,dubbo-rpc/dubbo-rpc-api/src/main/java/com/alibaba/dubbo/rpc/filter/TimeoutFilter.java.TimeoutFilter.invoke.Feature Envy,2.2.0,2.6.0,2.7.0,5
dubbo,2.2.0,com.alibaba.dubbo.rpc.protocol,AbstractInvoker,invoke,Complex Method,"designitejava,pmd,checkstyle",dubbo-rpc/dubbo-rpc-api/src/main/java/com/alibaba/dubbo/rpc/protocol/AbstractInvoker.java,dubbo-rpc/dubbo-rpc-api/src/main/java/com/alibaba/dubbo/rpc/protocol/AbstractInvoker.java.AbstractInvoker.invoke.Complex Method,2.2.0,2.6.0,2.7.0,5
dubbo,2.2.0,com.alibaba.dubbo.rpc.support,MockInvoker,invoke,Complex Method,"designitejava,pmd",dubbo-rpc/dubbo-rpc-api/src/main/java/com/alibaba/dubbo/rpc/support/MockInvoker.java,dubbo-rpc/dubbo-rpc-api/src/main/java/com/alibaba/dubbo/rpc/support/MockInvoker.java.MockInvoker.invoke.Complex Method,2.2.0,2.6.0,2.7.0,5
dubbo,2.2.0,com.alibaba.dubbo.rpc.support,MockInvoker,parseMockValue,Complex Method,"designitejava,pmd,checkstyle",dubbo-rpc/dubbo-rpc-api/src/main/java/com/alibaba/dubbo/rpc/support/MockInvoker.java,dubbo-rpc/dubbo-rpc-api/src/main/java/com/alibaba/dubbo/rpc/support/MockInvoker.java.MockInvoker.parseMockValue.Complex Method,2.2.0,2.6.0,2.7.0,5
dubbo,2.7.0,org.apache.dubbo.rpc,RpcContext,,God Class,"pmd,checkstyle",dubbo-rpc/dubbo-rpc-api/src/main/java/org/apache/dubbo/rpc/RpcContext.java,dubbo-rpc/dubbo-rpc-api/src/main/java/org/apache/dubbo/rpc/RpcContext.java.RpcContext..God Class,2.7.0,3.3.0,3.3.0,7
dubbo,3.0.0,org.apache.dubbo.rpc,RpcInvocation,,God Class,"pmd,checkstyle",dubbo-rpc/dubbo-rpc-api/src/main/java/org/apache/dubbo/rpc/RpcInvocation.java,dubbo-rpc/dubbo-rpc-api/src/main/java/org/apache/dubbo/rpc/RpcInvocation.java.RpcInvocation..God Class,3.0.0,3.3.0,3.3.0,6
dubbo,3.0.0,org.apache.dubbo.rpc,RpcServiceContext,,God Class,"pmd,checkstyle",dubbo-rpc/dubbo-rpc-api/src/main/java/org/apache/dubbo/rpc/RpcServiceContext.java,dubbo-rpc/dubbo-rpc-api/src/main/java/org/apache/dubbo/rpc/RpcServiceContext.java.RpcServiceContext..God Class,3.0.0,3.3.0,3.3.0,6
dubbo,2.7.0,org.apache.dubbo.rpc.filter,AccessLogFilter,invoke,Complex Method,"designitejava,pmd,checkstyle",dubbo-rpc/dubbo-rpc-api/src/main/java/org/apache/dubbo/rpc/filter/AccessLogFilter.java,dubbo-rpc/dubbo-rpc-api/src/main/java/org/apache/dubbo/rpc/filter/AccessLogFilter.java.AccessLogFilter.invoke.Complex Method,2.7.0,2.7.0,3.0.0,1
dubbo,2.7.0,org.apache.dubbo.rpc.filter,ExceptionFilter,onResponse,Complex Method,"designitejava,pmd,checkstyle",dubbo-rpc/dubbo-rpc-api/src/main/java/org/apache/dubbo/rpc/filter/ExceptionFilter.java,dubbo-rpc/dubbo-rpc-api/src/main/java/org/apache/dubbo/rpc/filter/ExceptionFilter.java.ExceptionFilter.onResponse.Complex Method,2.7.0,3.3.0,3.3.0,7
dubbo,3.3.0,org.apache.dubbo.rpc.filter,GenericFilter,findMethodByMethodSignature,Complex Method,"designitejava,pmd,checkstyle",dubbo-rpc/dubbo-rpc-api/src/main/java/org/apache/dubbo/rpc/filter/GenericFilter.java,dubbo-rpc/dubbo-rpc-api/src/main/java/org/apache/dubbo/rpc/filter/GenericFilter.java.GenericFilter.findMethodByMethodSignature.Complex Method,3.3.0,3.3.0,3.3.0,1
dubbo,2.7.0,org.apache.dubbo.rpc.filter,GenericFilter,invoke,Complex Method,"designitejava,pmd,checkstyle",dubbo-rpc/dubbo-rpc-api/src/main/java/org/apache/dubbo/rpc/filter/GenericFilter.java,dubbo-rpc/dubbo-rpc-api/src/main/java/org/apache/dubbo/rpc/filter/GenericFilter.java.GenericFilter.invoke.Complex Method,2.7.0,3.3.0,3.3.0,7
dubbo,3.0.0,org.apache.dubbo.rpc.filter,GenericFilter,onResponse,Complex Method,"designitejava,pmd,checkstyle",dubbo-rpc/dubbo-rpc-api/src/main/java/org/apache/dubbo/rpc/filter/GenericFilter.java,dubbo-rpc/dubbo-rpc-api/src/main/java/org/apache/dubbo/rpc/filter/GenericFilter.java.GenericFilter.onResponse.Complex Method,3.0.0,3.3.0,3.3.0,6
dubbo,2.7.0,org.apache.dubbo.rpc.filter,GenericImplFilter,invoke,Complex Method,"designitejava,pmd,checkstyle",dubbo-rpc/dubbo-rpc-api/src/main/java/org/apache/dubbo/rpc/filter/GenericImplFilter.java,dubbo-rpc/dubbo-rpc-api/src/main/java/org/apache/dubbo/rpc/filter/GenericImplFilter.java.GenericImplFilter.invoke.Complex Method,2.7.0,3.3.0,3.3.0,7
dubbo,3.0.0,org.apache.dubbo.rpc.filter,GenericImplFilter,onResponse,Complex Method,"designitejava,pmd,checkstyle",dubbo-rpc/dubbo-rpc-api/src/main/java/org/apache/dubbo/rpc/filter/GenericImplFilter.java,dubbo-rpc/dubbo-rpc-api/src/main/java/org/apache/dubbo/rpc/filter/GenericImplFilter.java.GenericImplFilter.onResponse.Complex Method,3.0.0,3.3.0,3.3.0,6
dubbo,2.7.0,org.apache.dubbo.rpc.protocol,AbstractInvoker,invoke,Complex Method,"designitejava,pmd,checkstyle",dubbo-rpc/dubbo-rpc-api/src/main/java/org/apache/dubbo/rpc/protocol/AbstractInvoker.java,dubbo-rpc/dubbo-rpc-api/src/main/java/org/apache/dubbo/rpc/protocol/AbstractInvoker.java.AbstractInvoker.invoke.Complex Method,2.7.0,2.7.0,3.0.0,1
dubbo,3.3.0-beta.1,org.apache.dubbo.rpc.protocol.dubbo.filter,FutureFilter,fireReturnCallback,Complex Method,"pmd,checkstyle",dubbo-rpc/dubbo-rpc-api/src/main/java/org/apache/dubbo/rpc/protocol/dubbo/filter/FutureFilter.java,dubbo-rpc/dubbo-rpc-api/src/main/java/org/apache/dubbo/rpc/protocol/dubbo/filter/FutureFilter.java.FutureFilter.fireReturnCallback.Complex Method,3.3.0-beta.1,3.3.0,3.3.0,2
dubbo,3.3.0-beta.1,org.apache.dubbo.rpc.protocol.dubbo.filter,FutureFilter,fireThrowCallback,Complex Method,"designitejava,pmd,checkstyle",dubbo-rpc/dubbo-rpc-api/src/main/java/org/apache/dubbo/rpc/protocol/dubbo/filter/FutureFilter.java,dubbo-rpc/dubbo-rpc-api/src/main/java/org/apache/dubbo/rpc/protocol/dubbo/filter/FutureFilter.java.FutureFilter.fireThrowCallback.Complex Method,3.3.0-beta.1,3.3.0,3.3.0,2
dubbo,3.1.0,org.apache.dubbo.rpc.proxy,AbstractProxyFactory,getProxy,Complex Method,"pmd,checkstyle",dubbo-rpc/dubbo-rpc-api/src/main/java/org/apache/dubbo/rpc/proxy/AbstractProxyFactory.java,dubbo-rpc/dubbo-rpc-api/src/main/java/org/apache/dubbo/rpc/proxy/AbstractProxyFactory.java.AbstractProxyFactory.getProxy.Complex Method,3.1.0,3.3.0,3.3.0,5
dubbo,3.1.0,org.apache.dubbo.rpc.proxy,AbstractProxyInvoker,invoke,Complex Method,"designitejava,pmd,checkstyle",dubbo-rpc/dubbo-rpc-api/src/main/java/org/apache/dubbo/rpc/proxy/AbstractProxyInvoker.java,dubbo-rpc/dubbo-rpc-api/src/main/java/org/apache/dubbo/rpc/proxy/AbstractProxyInvoker.java.AbstractProxyInvoker.invoke.Complex Method,3.1.0,3.3.0,3.3.0,5
dubbo,3.0.0,org.apache.dubbo.rpc.support,MockInvoker,invoke,Complex Method,"designitejava,pmd",dubbo-rpc/dubbo-rpc-api/src/main/java/org/apache/dubbo/rpc/support/MockInvoker.java,dubbo-rpc/dubbo-rpc-api/src/main/java/org/apache/dubbo/rpc/support/MockInvoker.java.MockInvoker.invoke.Complex Method,3.0.0,3.0.0,3.1.0,1
dubbo,2.7.0,org.apache.dubbo.rpc.support,MockInvoker,normalizeMock,Complex Method,"designitejava,checkstyle",dubbo-rpc/dubbo-rpc-api/src/main/java/org/apache/dubbo/rpc/support/MockInvoker.java,dubbo-rpc/dubbo-rpc-api/src/main/java/org/apache/dubbo/rpc/support/MockInvoker.java.MockInvoker.normalizeMock.Complex Method,2.7.0,3.3.0,3.3.0,7
dubbo,2.7.0,org.apache.dubbo.rpc.support,MockInvoker,parseMockValue,Complex Method,"designitejava,pmd,checkstyle",dubbo-rpc/dubbo-rpc-api/src/main/java/org/apache/dubbo/rpc/support/MockInvoker.java,dubbo-rpc/dubbo-rpc-api/src/main/java/org/apache/dubbo/rpc/support/MockInvoker.java.MockInvoker.parseMockValue.Complex Method,2.7.0,3.3.0,3.3.0,7
dubbo,2.7.0,org.apache.dubbo.rpc.support,RpcUtils,getReturnTypes,Complex Method,"pmd,checkstyle",dubbo-rpc/dubbo-rpc-api/src/main/java/org/apache/dubbo/rpc/support/RpcUtils.java,dubbo-rpc/dubbo-rpc-api/src/main/java/org/apache/dubbo/rpc/support/RpcUtils.java.RpcUtils.getReturnTypes.Complex Method,2.7.0,3.3.0,3.3.0,7
dubbo,3.2.0,org.apache.dubbo.rpc.filter,ExecuteLimitFilterTest,testExecuteLimitInvokeWithException,Feature Envy,"designitejava,checkstyle",dubbo-rpc/dubbo-rpc-api/src/test/java/org/apache/dubbo/rpc/filter/ExecuteLimitFilterTest.java,dubbo-rpc/dubbo-rpc-api/src/test/java/org/apache/dubbo/rpc/filter/ExecuteLimitFilterTest.java.ExecuteLimitFilterTest.testExecuteLimitInvokeWithException.Feature Envy,3.2.0,3.3.0,3.3.0,3
dubbo,3.3.0-beta.1,org.apache.dubbo.rpc.protocol.dubbo,FutureFilterTest,setUp,Feature Envy,"designitejava,checkstyle",dubbo-rpc/dubbo-rpc-api/src/test/java/org/apache/dubbo/rpc/protocol/dubbo/FutureFilterTest.java,dubbo-rpc/dubbo-rpc-api/src/test/java/org/apache/dubbo/rpc/protocol/dubbo/FutureFilterTest.java.FutureFilterTest.setUp.Feature Envy,3.3.0-beta.1,3.3.0,3.3.0,2
dubbo,2.2.0,com.alibaba.dubbo.rpc.protocol.dubbo,CallbackServiceCodec,referOrdestroyCallbackService,Long Parameter List,"designitejava,checkstyle",dubbo-rpc/dubbo-rpc-default/src/main/java/com/alibaba/dubbo/rpc/protocol/dubbo/CallbackServiceCodec.java,dubbo-rpc/dubbo-rpc-default/src/main/java/com/alibaba/dubbo/rpc/protocol/dubbo/CallbackServiceCodec.java.CallbackServiceCodec.referOrdestroyCallbackService.Long Parameter List,2.2.0,2.6.0,2.7.0,5
dubbo,2.4.0,com.alibaba.dubbo.rpc.protocol.dubbo,DubboCodec,decodeBody,Complex Method,"designitejava,pmd,checkstyle",dubbo-rpc/dubbo-rpc-default/src/main/java/com/alibaba/dubbo/rpc/protocol/dubbo/DubboCodec.java,dubbo-rpc/dubbo-rpc-default/src/main/java/com/alibaba/dubbo/rpc/protocol/dubbo/DubboCodec.java.DubboCodec.decodeBody.Complex Method,2.4.0,2.6.0,2.7.0,3
dubbo,2.2.0,com.alibaba.dubbo.rpc.protocol.dubbo,DubboProtocol,destroy,Complex Method,"designitejava,pmd,checkstyle",dubbo-rpc/dubbo-rpc-default/src/main/java/com/alibaba/dubbo/rpc/protocol/dubbo/DubboProtocol.java,dubbo-rpc/dubbo-rpc-default/src/main/java/com/alibaba/dubbo/rpc/protocol/dubbo/DubboProtocol.java.DubboProtocol.destroy.Complex Method,2.2.0,2.6.0,2.7.0,5
dubbo,2.2.0,com.alibaba.dubbo.rpc.protocol.dubbo.filter,FutureFilter,fireReturnCallback,Complex Method,"pmd,checkstyle",dubbo-rpc/dubbo-rpc-default/src/main/java/com/alibaba/dubbo/rpc/protocol/dubbo/filter/FutureFilter.java,dubbo-rpc/dubbo-rpc-default/src/main/java/com/alibaba/dubbo/rpc/protocol/dubbo/filter/FutureFilter.java.FutureFilter.fireReturnCallback.Complex Method,2.2.0,2.6.0,2.7.0,5
dubbo,2.2.0,com.alibaba.dubbo.rpc.protocol.dubbo.filter,FutureFilter,fireThrowCallback,Complex Method,"pmd,checkstyle",dubbo-rpc/dubbo-rpc-default/src/main/java/com/alibaba/dubbo/rpc/protocol/dubbo/filter/FutureFilter.java,dubbo-rpc/dubbo-rpc-default/src/main/java/com/alibaba/dubbo/rpc/protocol/dubbo/filter/FutureFilter.java.FutureFilter.fireThrowCallback.Complex Method,2.2.0,2.6.0,2.7.0,5
dubbo,2.2.0,com.alibaba.dubbo.rpc.protocol.dubbo.filter,TraceFilter,invoke,Complex Method,"designitejava,pmd,checkstyle",dubbo-rpc/dubbo-rpc-default/src/main/java/com/alibaba/dubbo/rpc/protocol/dubbo/filter/TraceFilter.java,dubbo-rpc/dubbo-rpc-default/src/main/java/com/alibaba/dubbo/rpc/protocol/dubbo/filter/TraceFilter.java.TraceFilter.invoke.Complex Method,2.2.0,2.6.0,2.7.0,5
dubbo,2.2.0,com.alibaba.dubbo.rpc.protocol.dubbo.page,ClientsPageHandler,handle,Complex Method,"pmd,checkstyle",dubbo-rpc/dubbo-rpc-default/src/main/java/com/alibaba/dubbo/rpc/protocol/dubbo/page/ClientsPageHandler.java,dubbo-rpc/dubbo-rpc-default/src/main/java/com/alibaba/dubbo/rpc/protocol/dubbo/page/ClientsPageHandler.java.ClientsPageHandler.handle.Complex Method,2.2.0,2.6.0,2.7.0,5
dubbo,2.2.0,com.alibaba.dubbo.rpc.protocol.dubbo.telnet,CountTelnetHandler,telnet,Complex Method,"designitejava,pmd,checkstyle",dubbo-rpc/dubbo-rpc-default/src/main/java/com/alibaba/dubbo/rpc/protocol/dubbo/telnet/CountTelnetHandler.java,dubbo-rpc/dubbo-rpc-default/src/main/java/com/alibaba/dubbo/rpc/protocol/dubbo/telnet/CountTelnetHandler.java.CountTelnetHandler.telnet.Complex Method,2.2.0,2.6.0,2.7.0,5
dubbo,2.2.0,com.alibaba.dubbo.rpc.protocol.dubbo.telnet,InvokeTelnetHandler,isMatch,Complex Method,"designitejava,pmd,checkstyle",dubbo-rpc/dubbo-rpc-default/src/main/java/com/alibaba/dubbo/rpc/protocol/dubbo/telnet/InvokeTelnetHandler.java,dubbo-rpc/dubbo-rpc-default/src/main/java/com/alibaba/dubbo/rpc/protocol/dubbo/telnet/InvokeTelnetHandler.java.InvokeTelnetHandler.isMatch.Complex Method,2.2.0,2.6.0,2.7.0,5
dubbo,2.2.0,com.alibaba.dubbo.rpc.protocol.dubbo.telnet,InvokeTelnetHandler,telnet,Complex Method,"designitejava,pmd,checkstyle",dubbo-rpc/dubbo-rpc-default/src/main/java/com/alibaba/dubbo/rpc/protocol/dubbo/telnet/InvokeTelnetHandler.java,dubbo-rpc/dubbo-rpc-default/src/main/java/com/alibaba/dubbo/rpc/protocol/dubbo/telnet/InvokeTelnetHandler.java.InvokeTelnetHandler.telnet.Complex Method,2.2.0,2.6.0,2.7.0,5
dubbo,2.2.0,com.alibaba.dubbo.rpc.protocol.dubbo.telnet,ListTelnetHandler,telnet,Complex Method,"designitejava,pmd,checkstyle",dubbo-rpc/dubbo-rpc-default/src/main/java/com/alibaba/dubbo/rpc/protocol/dubbo/telnet/ListTelnetHandler.java,dubbo-rpc/dubbo-rpc-default/src/main/java/com/alibaba/dubbo/rpc/protocol/dubbo/telnet/ListTelnetHandler.java.ListTelnetHandler.telnet.Complex Method,2.2.0,2.6.0,2.7.0,5
dubbo,2.2.0,com.alibaba.dubbo.rpc.protocol.dubbo.telnet,PortTelnetHandler,telnet,Complex Method,"designitejava,pmd,checkstyle",dubbo-rpc/dubbo-rpc-default/src/main/java/com/alibaba/dubbo/rpc/protocol/dubbo/telnet/PortTelnetHandler.java,dubbo-rpc/dubbo-rpc-default/src/main/java/com/alibaba/dubbo/rpc/protocol/dubbo/telnet/PortTelnetHandler.java.PortTelnetHandler.telnet.Complex Method,2.2.0,2.6.0,2.7.0,5
dubbo,2.2.0,com.alibaba.dubbo.rpc.protocol.dubbo.telnet,TraceTelnetHandler,telnet,Complex Method,"designitejava,pmd,checkstyle",dubbo-rpc/dubbo-rpc-default/src/main/java/com/alibaba/dubbo/rpc/protocol/dubbo/telnet/TraceTelnetHandler.java,dubbo-rpc/dubbo-rpc-default/src/main/java/com/alibaba/dubbo/rpc/protocol/dubbo/telnet/TraceTelnetHandler.java.TraceTelnetHandler.telnet.Complex Method,2.2.0,2.6.0,2.7.0,5
dubbo,2.2.0,com.alibaba.dubbo.rpc.protocol.dubbo,FutureFilterTest,setUp,Feature Envy,"designitejava,checkstyle",dubbo-rpc/dubbo-rpc-default/src/test/java/com/alibaba/dubbo/rpc/protocol/dubbo/FutureFilterTest.java,dubbo-rpc/dubbo-rpc-default/src/test/java/com/alibaba/dubbo/rpc/protocol/dubbo/FutureFilterTest.java.FutureFilterTest.setUp.Feature Envy,2.2.0,2.6.0,2.7.0,5
dubbo,2.2.0,com.alibaba.dubbo.rpc.protocol.dubbo.telnet,ChangeTelnetHandlerTest,setUp,Feature Envy,"designitejava,checkstyle",dubbo-rpc/dubbo-rpc-default/src/test/java/com/alibaba/dubbo/rpc/protocol/dubbo/telnet/ChangeTelnetHandlerTest.java,dubbo-rpc/dubbo-rpc-default/src/test/java/com/alibaba/dubbo/rpc/protocol/dubbo/telnet/ChangeTelnetHandlerTest.java.ChangeTelnetHandlerTest.setUp.Feature Envy,2.2.0,2.6.0,2.7.0,5
dubbo,3.0.0,org.apache.dubbo.rpc.protocol.dubbo,CallbackServiceCodec,exportOrUnexportCallbackService,Complex Method,"designitejava,pmd,checkstyle",dubbo-rpc/dubbo-rpc-dubbo/src/main/java/org/apache/dubbo/rpc/protocol/dubbo/CallbackServiceCodec.java,dubbo-rpc/dubbo-rpc-dubbo/src/main/java/org/apache/dubbo/rpc/protocol/dubbo/CallbackServiceCodec.java.CallbackServiceCodec.exportOrUnexportCallbackService.Complex Method,3.0.0,3.3.0,3.3.0,6
dubbo,2.7.0,org.apache.dubbo.rpc.protocol.dubbo,CallbackServiceCodec,referOrDestroyCallbackService,Long Parameter List,"designitejava,checkstyle",dubbo-rpc/dubbo-rpc-dubbo/src/main/java/org/apache/dubbo/rpc/protocol/dubbo/CallbackServiceCodec.java,dubbo-rpc/dubbo-rpc-dubbo/src/main/java/org/apache/dubbo/rpc/protocol/dubbo/CallbackServiceCodec.java.CallbackServiceCodec.referOrDestroyCallbackService.Long Parameter List,2.7.0,3.3.0,3.3.0,7
dubbo,2.7.0,org.apache.dubbo.rpc.protocol.dubbo,DecodeableRpcInvocation,decode,Complex Method,"designitejava,pmd,checkstyle",dubbo-rpc/dubbo-rpc-dubbo/src/main/java/org/apache/dubbo/rpc/protocol/dubbo/DecodeableRpcInvocation.java,dubbo-rpc/dubbo-rpc-dubbo/src/main/java/org/apache/dubbo/rpc/protocol/dubbo/DecodeableRpcInvocation.java.DecodeableRpcInvocation.decode.Complex Method,2.7.0,3.3.0,3.3.0,7
dubbo,3.2.0,org.apache.dubbo.rpc.protocol.dubbo,DecodeableRpcInvocation,drawPts,Complex Method,"designitejava,pmd,checkstyle",dubbo-rpc/dubbo-rpc-dubbo/src/main/java/org/apache/dubbo/rpc/protocol/dubbo/DecodeableRpcInvocation.java,dubbo-rpc/dubbo-rpc-dubbo/src/main/java/org/apache/dubbo/rpc/protocol/dubbo/DecodeableRpcInvocation.java.DecodeableRpcInvocation.drawPts.Complex Method,3.2.0,3.3.0,3.3.0,3
dubbo,2.7.0,org.apache.dubbo.rpc.protocol.dubbo,DecodeableRpcResult,decode,Complex Method,"designitejava,pmd,checkstyle",dubbo-rpc/dubbo-rpc-dubbo/src/main/java/org/apache/dubbo/rpc/protocol/dubbo/DecodeableRpcResult.java,dubbo-rpc/dubbo-rpc-dubbo/src/main/java/org/apache/dubbo/rpc/protocol/dubbo/DecodeableRpcResult.java.DecodeableRpcResult.decode.Complex Method,2.7.0,3.3.0,3.3.0,7
dubbo,2.7.0,org.apache.dubbo.rpc.protocol.dubbo,DubboCodec,decodeBody,Complex Method,"designitejava,pmd,checkstyle",dubbo-rpc/dubbo-rpc-dubbo/src/main/java/org/apache/dubbo/rpc/protocol/dubbo/DubboCodec.java,dubbo-rpc/dubbo-rpc-dubbo/src/main/java/org/apache/dubbo/rpc/protocol/dubbo/DubboCodec.java.DubboCodec.decodeBody.Complex Method,2.7.0,3.3.0,3.3.0,7
dubbo,3.3.0-beta.1,org.apache.dubbo.rpc.protocol.dubbo,DubboInvoker,doInvoke,Complex Method,"pmd,checkstyle",dubbo-rpc/dubbo-rpc-dubbo/src/main/java/org/apache/dubbo/rpc/protocol/dubbo/DubboInvoker.java,dubbo-rpc/dubbo-rpc-dubbo/src/main/java/org/apache/dubbo/rpc/protocol/dubbo/DubboInvoker.java.DubboInvoker.doInvoke.Complex Method,3.3.0-beta.1,3.3.0,3.3.0,2
dubbo,2.7.0,org.apache.dubbo.rpc.protocol.dubbo,DubboProtocol,destroy,Complex Method,"designitejava,pmd,checkstyle",dubbo-rpc/dubbo-rpc-dubbo/src/main/java/org/apache/dubbo/rpc/protocol/dubbo/DubboProtocol.java,dubbo-rpc/dubbo-rpc-dubbo/src/main/java/org/apache/dubbo/rpc/protocol/dubbo/DubboProtocol.java.DubboProtocol.destroy.Complex Method,2.7.0,3.2.0-beta.1,3.2.0,4
dubbo,3.0.0,org.apache.dubbo.rpc.protocol.dubbo,DubboProtocol,getSharedClient,Complex Method,"designitejava,pmd,checkstyle",dubbo-rpc/dubbo-rpc-dubbo/src/main/java/org/apache/dubbo/rpc/protocol/dubbo/DubboProtocol.java,dubbo-rpc/dubbo-rpc-dubbo/src/main/java/org/apache/dubbo/rpc/protocol/dubbo/DubboProtocol.java.DubboProtocol.getSharedClient.Complex Method,3.0.0,3.2.0-beta.1,3.2.0,3
dubbo,2.7.0,org.apache.dubbo.rpc.protocol.dubbo,DubboProtocol,reply,Complex Method,"designitejava,pmd",dubbo-rpc/dubbo-rpc-dubbo/src/main/java/org/apache/dubbo/rpc/protocol/dubbo/DubboProtocol.java,dubbo-rpc/dubbo-rpc-dubbo/src/main/java/org/apache/dubbo/rpc/protocol/dubbo/DubboProtocol.java.DubboProtocol.reply.Complex Method,2.7.0,3.3.0,3.3.0,7
dubbo,2.7.0,org.apache.dubbo.rpc.protocol.dubbo.filter,FutureFilter,fireReturnCallback,Complex Method,"pmd,checkstyle",dubbo-rpc/dubbo-rpc-dubbo/src/main/java/org/apache/dubbo/rpc/protocol/dubbo/filter/FutureFilter.java,dubbo-rpc/dubbo-rpc-dubbo/src/main/java/org/apache/dubbo/rpc/protocol/dubbo/filter/FutureFilter.java.FutureFilter.fireReturnCallback.Complex Method,2.7.0,3.2.0,3.3.0-beta.1,5
dubbo,2.7.0,org.apache.dubbo.rpc.protocol.dubbo.filter,FutureFilter,fireThrowCallback,Complex Method,"designitejava,pmd,checkstyle",dubbo-rpc/dubbo-rpc-dubbo/src/main/java/org/apache/dubbo/rpc/protocol/dubbo/filter/FutureFilter.java,dubbo-rpc/dubbo-rpc-dubbo/src/main/java/org/apache/dubbo/rpc/protocol/dubbo/filter/FutureFilter.java.FutureFilter.fireThrowCallback.Complex Method,2.7.0,3.2.0,3.3.0-beta.1,5
dubbo,2.7.0,org.apache.dubbo.rpc.protocol.dubbo.filter,TraceFilter,invoke,Complex Method,"designitejava,pmd,checkstyle",dubbo-rpc/dubbo-rpc-dubbo/src/main/java/org/apache/dubbo/rpc/protocol/dubbo/filter/TraceFilter.java,dubbo-rpc/dubbo-rpc-dubbo/src/main/java/org/apache/dubbo/rpc/protocol/dubbo/filter/TraceFilter.java.TraceFilter.invoke.Complex Method,2.7.0,3.3.0,3.3.0,7
dubbo,2.7.0,org.apache.dubbo.rpc.protocol.dubbo.telnet,CountTelnetHandler,telnet,Complex Method,"designitejava,pmd,checkstyle",dubbo-rpc/dubbo-rpc-dubbo/src/main/java/org/apache/dubbo/rpc/protocol/dubbo/telnet/CountTelnetHandler.java,dubbo-rpc/dubbo-rpc-dubbo/src/main/java/org/apache/dubbo/rpc/protocol/dubbo/telnet/CountTelnetHandler.java.CountTelnetHandler.telnet.Complex Method,2.7.0,2.7.0,3.0.0,1
dubbo,2.7.0,org.apache.dubbo.rpc.protocol.dubbo.telnet,InvokeTelnetHandler,isMatch,Complex Method,"designitejava,pmd,checkstyle",dubbo-rpc/dubbo-rpc-dubbo/src/main/java/org/apache/dubbo/rpc/protocol/dubbo/telnet/InvokeTelnetHandler.java,dubbo-rpc/dubbo-rpc-dubbo/src/main/java/org/apache/dubbo/rpc/protocol/dubbo/telnet/InvokeTelnetHandler.java.InvokeTelnetHandler.isMatch.Complex Method,2.7.0,2.7.0,3.0.0,1
dubbo,2.7.0,org.apache.dubbo.rpc.protocol.dubbo.telnet,InvokeTelnetHandler,telnet,Complex Method,"designitejava,pmd,checkstyle",dubbo-rpc/dubbo-rpc-dubbo/src/main/java/org/apache/dubbo/rpc/protocol/dubbo/telnet/InvokeTelnetHandler.java,dubbo-rpc/dubbo-rpc-dubbo/src/main/java/org/apache/dubbo/rpc/protocol/dubbo/telnet/InvokeTelnetHandler.java.InvokeTelnetHandler.telnet.Complex Method,2.7.0,2.7.0,3.0.0,1
dubbo,2.7.0,org.apache.dubbo.rpc.protocol.dubbo.telnet,ListTelnetHandler,telnet,Complex Method,"designitejava,pmd",dubbo-rpc/dubbo-rpc-dubbo/src/main/java/org/apache/dubbo/rpc/protocol/dubbo/telnet/ListTelnetHandler.java,dubbo-rpc/dubbo-rpc-dubbo/src/main/java/org/apache/dubbo/rpc/protocol/dubbo/telnet/ListTelnetHandler.java.ListTelnetHandler.telnet.Complex Method,2.7.0,2.7.0,3.0.0,1
dubbo,2.7.0,org.apache.dubbo.rpc.protocol.dubbo.telnet,PortTelnetHandler,telnet,Complex Method,"designitejava,pmd,checkstyle",dubbo-rpc/dubbo-rpc-dubbo/src/main/java/org/apache/dubbo/rpc/protocol/dubbo/telnet/PortTelnetHandler.java,dubbo-rpc/dubbo-rpc-dubbo/src/main/java/org/apache/dubbo/rpc/protocol/dubbo/telnet/PortTelnetHandler.java.PortTelnetHandler.telnet.Complex Method,2.7.0,2.7.0,3.0.0,1
dubbo,2.7.0,org.apache.dubbo.rpc.protocol.dubbo.telnet,TraceTelnetHandler,telnet,Complex Method,"designitejava,pmd,checkstyle",dubbo-rpc/dubbo-rpc-dubbo/src/main/java/org/apache/dubbo/rpc/protocol/dubbo/telnet/TraceTelnetHandler.java,dubbo-rpc/dubbo-rpc-dubbo/src/main/java/org/apache/dubbo/rpc/protocol/dubbo/telnet/TraceTelnetHandler.java.TraceTelnetHandler.telnet.Complex Method,2.7.0,2.7.0,3.0.0,1
dubbo,2.7.0,org.apache.dubbo.rpc.protocol.dubbo,FutureFilterTest,setUp,Feature Envy,"designitejava,checkstyle",dubbo-rpc/dubbo-rpc-dubbo/src/test/java/org/apache/dubbo/rpc/protocol/dubbo/FutureFilterTest.java,dubbo-rpc/dubbo-rpc-dubbo/src/test/java/org/apache/dubbo/rpc/protocol/dubbo/FutureFilterTest.java.FutureFilterTest.setUp.Feature Envy,2.7.0,3.2.0,3.3.0-beta.1,5
dubbo,3.1.0,org.apache.dubbo.rpc.protocol.injvm,InjvmInvoker,doInvoke,Complex Method,"designitejava,pmd",dubbo-rpc/dubbo-rpc-injvm/src/main/java/org/apache/dubbo/rpc/protocol/injvm/InjvmInvoker.java,dubbo-rpc/dubbo-rpc-injvm/src/main/java/org/apache/dubbo/rpc/protocol/injvm/InjvmInvoker.java.InjvmInvoker.doInvoke.Complex Method,3.1.0,3.3.0,3.3.0,5
dubbo,3.1.0,org.apache.dubbo.rpc.protocol.injvm,InjvmInvoker,recreateInvocation,Complex Method,"pmd,checkstyle",dubbo-rpc/dubbo-rpc-injvm/src/main/java/org/apache/dubbo/rpc/protocol/injvm/InjvmInvoker.java,dubbo-rpc/dubbo-rpc-injvm/src/main/java/org/apache/dubbo/rpc/protocol/injvm/InjvmInvoker.java.InjvmInvoker.recreateInvocation.Complex Method,3.1.0,3.3.0,3.3.0,5
dubbo,2.3.0,com.alibaba.dubbo.rpc.protocol.memcached,MemcachedProtocol,doInvoke,Complex Method,"designitejava,pmd",dubbo-rpc/dubbo-rpc-memcached/src/main/java/com/alibaba/dubbo/rpc/protocol/memcached/MemcachedProtocol.java,dubbo-rpc/dubbo-rpc-memcached/src/main/java/com/alibaba/dubbo/rpc/protocol/memcached/MemcachedProtocol.java.MemcachedProtocol.doInvoke.Complex Method,2.3.0,2.6.0,2.7.0,4
dubbo,2.3.0,com.alibaba.dubbo.rpc.protocol.memcached,MemcachedProtocol,refer,Complex Method,"designitejava,pmd",dubbo-rpc/dubbo-rpc-memcached/src/main/java/com/alibaba/dubbo/rpc/protocol/memcached/MemcachedProtocol.java,dubbo-rpc/dubbo-rpc-memcached/src/main/java/com/alibaba/dubbo/rpc/protocol/memcached/MemcachedProtocol.java.MemcachedProtocol.refer.Complex Method,2.3.0,2.6.0,2.7.0,4
dubbo,2.7.0,org.apache.dubbo.rpc.protocol.memcached,MemcachedProtocol,doInvoke,Complex Method,"designitejava,pmd",dubbo-rpc/dubbo-rpc-memcached/src/main/java/org/apache/dubbo/rpc/protocol/memcached/MemcachedProtocol.java,dubbo-rpc/dubbo-rpc-memcached/src/main/java/org/apache/dubbo/rpc/protocol/memcached/MemcachedProtocol.java.MemcachedProtocol.doInvoke.Complex Method,2.7.0,2.7.0,3.0.0,1
dubbo,2.7.0,org.apache.dubbo.rpc.protocol.memcached,MemcachedProtocol,refer,Complex Method,"designitejava,pmd",dubbo-rpc/dubbo-rpc-memcached/src/main/java/org/apache/dubbo/rpc/protocol/memcached/MemcachedProtocol.java,dubbo-rpc/dubbo-rpc-memcached/src/main/java/org/apache/dubbo/rpc/protocol/memcached/MemcachedProtocol.java.MemcachedProtocol.refer.Complex Method,2.7.0,2.7.0,3.0.0,1
dubbo,2.3.0,com.alibaba.dubbo.rpc.protocol.redis,RedisProtocol,doInvoke,Complex Method,"designitejava,pmd",dubbo-rpc/dubbo-rpc-redis/src/main/java/com/alibaba/dubbo/rpc/protocol/redis/RedisProtocol.java,dubbo-rpc/dubbo-rpc-redis/src/main/java/com/alibaba/dubbo/rpc/protocol/redis/RedisProtocol.java.RedisProtocol.doInvoke.Complex Method,2.3.0,2.6.0,2.7.0,4
dubbo,2.3.0,com.alibaba.dubbo.rpc.protocol.redis,RedisProtocol,refer,Complex Method,"designitejava,pmd,checkstyle",dubbo-rpc/dubbo-rpc-redis/src/main/java/com/alibaba/dubbo/rpc/protocol/redis/RedisProtocol.java,dubbo-rpc/dubbo-rpc-redis/src/main/java/com/alibaba/dubbo/rpc/protocol/redis/RedisProtocol.java.RedisProtocol.refer.Complex Method,2.3.0,2.6.0,2.7.0,4
dubbo,2.7.0,org.apache.dubbo.rpc.protocol.redis,RedisProtocol,doInvoke,Complex Method,"designitejava,pmd",dubbo-rpc/dubbo-rpc-redis/src/main/java/org/apache/dubbo/rpc/protocol/redis/RedisProtocol.java,dubbo-rpc/dubbo-rpc-redis/src/main/java/org/apache/dubbo/rpc/protocol/redis/RedisProtocol.java.RedisProtocol.doInvoke.Complex Method,2.7.0,2.7.0,3.0.0,1
dubbo,2.7.0,org.apache.dubbo.rpc.protocol.redis,RedisProtocol,refer,Complex Method,"designitejava,pmd,checkstyle",dubbo-rpc/dubbo-rpc-redis/src/main/java/org/apache/dubbo/rpc/protocol/redis/RedisProtocol.java,dubbo-rpc/dubbo-rpc-redis/src/main/java/org/apache/dubbo/rpc/protocol/redis/RedisProtocol.java.RedisProtocol.refer.Complex Method,2.7.0,2.7.0,3.0.0,1
dubbo,3.3.0-beta.1,org.apache.dubbo.rpc.protocol.rest.extension.resteasy.filter,DubboContainerResponseContextImpl,filter,Complex Method,"designitejava,pmd,checkstyle",dubbo-rpc/dubbo-rpc-rest/src/main/java/org/apache/dubbo/rpc/protocol/rest/extension/resteasy/filter/DubboContainerResponseContextImpl.java,dubbo-rpc/dubbo-rpc-rest/src/main/java/org/apache/dubbo/rpc/protocol/rest/extension/resteasy/filter/DubboContainerResponseContextImpl.java.DubboContainerResponseContextImpl.filter.Complex Method,3.3.0-beta.1,3.3.0-beta.1,3.3.0,1
dubbo,3.3.0-beta.1,org.apache.dubbo.rpc.protocol.rest.extension.resteasy.intercept,ResteasyWriterInterceptorAdapter,getAbstractWriterInterceptorContext,Long Parameter List,"designitejava,checkstyle",dubbo-rpc/dubbo-rpc-rest/src/main/java/org/apache/dubbo/rpc/protocol/rest/extension/resteasy/intercept/ResteasyWriterInterceptorAdapter.java,dubbo-rpc/dubbo-rpc-rest/src/main/java/org/apache/dubbo/rpc/protocol/rest/extension/resteasy/intercept/ResteasyWriterInterceptorAdapter.java.ResteasyWriterInterceptorAdapter.getAbstractWriterInterceptorContext.Long Parameter List,3.3.0-beta.1,3.3.0-beta.1,3.3.0,1
dubbo,3.3.0-beta.1,org.apache.dubbo.rpc.protocol.rest.filter,ServiceInvokeRestFilter,doHandler,Long Parameter List,"designitejava,checkstyle",dubbo-rpc/dubbo-rpc-rest/src/main/java/org/apache/dubbo/rpc/protocol/rest/filter/ServiceInvokeRestFilter.java,dubbo-rpc/dubbo-rpc-rest/src/main/java/org/apache/dubbo/rpc/protocol/rest/filter/ServiceInvokeRestFilter.java.ServiceInvokeRestFilter.doHandler.Long Parameter List,3.3.0-beta.1,3.3.0-beta.1,3.3.0,1
dubbo,3.2.0,org.apache.dubbo.rpc.protocol.rest.util,NumberUtils,parseNumber,Complex Method,"designitejava,pmd,checkstyle",dubbo-rpc/dubbo-rpc-rest/src/main/java/org/apache/dubbo/rpc/protocol/rest/util/NumberUtils.java,dubbo-rpc/dubbo-rpc-rest/src/main/java/org/apache/dubbo/rpc/protocol/rest/util/NumberUtils.java.NumberUtils.parseNumber.Complex Method,3.2.0,3.3.0-beta.1,3.3.0,2
dubbo,2.3.0,com.alibaba.dubbo.rpc.protocol.thrift,ThriftCodec,decode,Complex Method,"designitejava,pmd,checkstyle",dubbo-rpc/dubbo-rpc-thrift/src/main/java/com/alibaba/dubbo/rpc/protocol/thrift/ThriftCodec.java,dubbo-rpc/dubbo-rpc-thrift/src/main/java/com/alibaba/dubbo/rpc/protocol/thrift/ThriftCodec.java.ThriftCodec.decode.Complex Method,2.3.0,2.6.0,2.7.0,4
dubbo,2.3.0,com.alibaba.dubbo.rpc.protocol.thrift,ThriftCodec,encodeRequest,Complex Method,"pmd,checkstyle",dubbo-rpc/dubbo-rpc-thrift/src/main/java/com/alibaba/dubbo/rpc/protocol/thrift/ThriftCodec.java,dubbo-rpc/dubbo-rpc-thrift/src/main/java/com/alibaba/dubbo/rpc/protocol/thrift/ThriftCodec.java.ThriftCodec.encodeRequest.Complex Method,2.3.0,2.6.0,2.7.0,4
dubbo,2.3.0,com.alibaba.dubbo.rpc.protocol.thrift,ThriftCodec,encodeResponse,Complex Method,"designitejava,pmd,checkstyle",dubbo-rpc/dubbo-rpc-thrift/src/main/java/com/alibaba/dubbo/rpc/protocol/thrift/ThriftCodec.java,dubbo-rpc/dubbo-rpc-thrift/src/main/java/com/alibaba/dubbo/rpc/protocol/thrift/ThriftCodec.java.ThriftCodec.encodeResponse.Complex Method,2.3.0,2.6.0,2.7.0,4
dubbo,2.7.0,org.apache.dubbo.rpc.protocol.thrift,ThriftCodec,decode,Complex Method,"designitejava,pmd,checkstyle",dubbo-rpc/dubbo-rpc-thrift/src/main/java/org/apache/dubbo/rpc/protocol/thrift/ThriftCodec.java,dubbo-rpc/dubbo-rpc-thrift/src/main/java/org/apache/dubbo/rpc/protocol/thrift/ThriftCodec.java.ThriftCodec.decode.Complex Method,2.7.0,2.7.0,3.0.0,1
dubbo,2.7.0,org.apache.dubbo.rpc.protocol.thrift,ThriftCodec,encodeRequest,Complex Method,"pmd,checkstyle",dubbo-rpc/dubbo-rpc-thrift/src/main/java/org/apache/dubbo/rpc/protocol/thrift/ThriftCodec.java,dubbo-rpc/dubbo-rpc-thrift/src/main/java/org/apache/dubbo/rpc/protocol/thrift/ThriftCodec.java.ThriftCodec.encodeRequest.Complex Method,2.7.0,2.7.0,3.0.0,1
dubbo,2.7.0,org.apache.dubbo.rpc.protocol.thrift,ThriftCodec,encodeResponse,Complex Method,"designitejava,pmd,checkstyle",dubbo-rpc/dubbo-rpc-thrift/src/main/java/org/apache/dubbo/rpc/protocol/thrift/ThriftCodec.java,dubbo-rpc/dubbo-rpc-thrift/src/main/java/org/apache/dubbo/rpc/protocol/thrift/ThriftCodec.java.ThriftCodec.encodeResponse.Complex Method,2.7.0,2.7.0,3.0.0,1
dubbo,3.3.0,org.apache.dubbo.rpc,TriRpcStatus,grpcCodeToHttpStatus,Complex Method,"designitejava,checkstyle",dubbo-rpc/dubbo-rpc-triple/src/main/java/org/apache/dubbo/rpc/TriRpcStatus.java,dubbo-rpc/dubbo-rpc-triple/src/main/java/org/apache/dubbo/rpc/TriRpcStatus.java.TriRpcStatus.grpcCodeToHttpStatus.Complex Method,3.3.0,3.3.0,3.3.0,1
dubbo,3.3.0,org.apache.dubbo.rpc.protocol.tri,DescriptorUtils,findReflectionMethodDescriptor,Complex Method,"designitejava,pmd",dubbo-rpc/dubbo-rpc-triple/src/main/java/org/apache/dubbo/rpc/protocol/tri/DescriptorUtils.java,dubbo-rpc/dubbo-rpc-triple/src/main/java/org/apache/dubbo/rpc/protocol/tri/DescriptorUtils.java.DescriptorUtils.findReflectionMethodDescriptor.Complex Method,3.3.0,3.3.0,3.3.0,1
dubbo,3.1.0,org.apache.dubbo.rpc.protocol.tri,ReflectionPackableMethod,needWrap,Complex Method,"designitejava,pmd,checkstyle",dubbo-rpc/dubbo-rpc-triple/src/main/java/org/apache/dubbo/rpc/protocol/tri/ReflectionPackableMethod.java,dubbo-rpc/dubbo-rpc-triple/src/main/java/org/apache/dubbo/rpc/protocol/tri/ReflectionPackableMethod.java.ReflectionPackableMethod.needWrap.Complex Method,3.1.0,3.3.0,3.3.0,5
dubbo,3.0.0,org.apache.dubbo.rpc.protocol.tri,TripleHttp2FrameServerHandler,onHeadersRead,Complex Method,"designitejava,pmd,checkstyle",dubbo-rpc/dubbo-rpc-triple/src/main/java/org/apache/dubbo/rpc/protocol/tri/TripleHttp2FrameServerHandler.java,dubbo-rpc/dubbo-rpc-triple/src/main/java/org/apache/dubbo/rpc/protocol/tri/TripleHttp2FrameServerHandler.java.TripleHttp2FrameServerHandler.onHeadersRead.Complex Method,3.0.0,3.0.0,3.1.0,1
dubbo,3.1.0,org.apache.dubbo.rpc.protocol.tri.call,ReflectionAbstractServerCall,startCall,Complex Method,"designitejava,pmd,checkstyle",dubbo-rpc/dubbo-rpc-triple/src/main/java/org/apache/dubbo/rpc/protocol/tri/call/ReflectionAbstractServerCall.java,dubbo-rpc/dubbo-rpc-triple/src/main/java/org/apache/dubbo/rpc/protocol/tri/call/ReflectionAbstractServerCall.java.ReflectionAbstractServerCall.startCall.Complex Method,3.1.0,3.3.0-beta.1,3.3.0,4
dubbo,3.3.0-beta.1,org.apache.dubbo.rpc.protocol.tri.h12,AbstractServerCallListener,invoke,Feature Envy,"designitejava,checkstyle",dubbo-rpc/dubbo-rpc-triple/src/main/java/org/apache/dubbo/rpc/protocol/tri/h12/AbstractServerCallListener.java,dubbo-rpc/dubbo-rpc-triple/src/main/java/org/apache/dubbo/rpc/protocol/tri/h12/AbstractServerCallListener.java.AbstractServerCallListener.invoke.Feature Envy,3.3.0-beta.1,3.3.0,3.3.0,2
dubbo,3.3.0-beta.1,org.apache.dubbo.rpc.protocol.tri.h12,AbstractServerTransportListener,,God Class,"pmd,checkstyle",dubbo-rpc/dubbo-rpc-triple/src/main/java/org/apache/dubbo/rpc/protocol/tri/h12/AbstractServerTransportListener.java,dubbo-rpc/dubbo-rpc-triple/src/main/java/org/apache/dubbo/rpc/protocol/tri/h12/AbstractServerTransportListener.java.AbstractServerTransportListener..God Class,3.3.0-beta.1,3.3.0,3.3.0,2
dubbo,3.3.0-beta.1,org.apache.dubbo.rpc.protocol.tri.h12,AbstractServerTransportListener,findReflectionMethodDescriptor,Complex Method,"designitejava,pmd",dubbo-rpc/dubbo-rpc-triple/src/main/java/org/apache/dubbo/rpc/protocol/tri/h12/AbstractServerTransportListener.java,dubbo-rpc/dubbo-rpc-triple/src/main/java/org/apache/dubbo/rpc/protocol/tri/h12/AbstractServerTransportListener.java.AbstractServerTransportListener.findReflectionMethodDescriptor.Complex Method,3.3.0-beta.1,3.3.0-beta.1,3.3.0,1
dubbo,3.3.0-beta.1,org.apache.dubbo.rpc.protocol.tri.h12,AbstractServerTransportListener,headersToMap,Complex Method,"designitejava,pmd",dubbo-rpc/dubbo-rpc-triple/src/main/java/org/apache/dubbo/rpc/protocol/tri/h12/AbstractServerTransportListener.java,dubbo-rpc/dubbo-rpc-triple/src/main/java/org/apache/dubbo/rpc/protocol/tri/h12/AbstractServerTransportListener.java.AbstractServerTransportListener.headersToMap.Complex Method,3.3.0-beta.1,3.3.0-beta.1,3.3.0,1
dubbo,3.3.0,org.apache.dubbo.rpc.protocol.tri.h3.negotiation,AutoSwitchConnectionClient,getBaseUrl,Feature Envy,"designitejava,checkstyle",dubbo-rpc/dubbo-rpc-triple/src/main/java/org/apache/dubbo/rpc/protocol/tri/h3/negotiation/AutoSwitchConnectionClient.java,dubbo-rpc/dubbo-rpc-triple/src/main/java/org/apache/dubbo/rpc/protocol/tri/h3/negotiation/AutoSwitchConnectionClient.java.AutoSwitchConnectionClient.getBaseUrl.Feature Envy,3.3.0,3.3.0,3.3.0,1
dubbo,3.3.0,org.apache.dubbo.rpc.protocol.tri.rest.argument,GeneralTypeConverter,,God Class,"pmd,checkstyle",dubbo-rpc/dubbo-rpc-triple/src/main/java/org/apache/dubbo/rpc/protocol/tri/rest/argument/GeneralTypeConverter.java,dubbo-rpc/dubbo-rpc-triple/src/main/java/org/apache/dubbo/rpc/protocol/tri/rest/argument/GeneralTypeConverter.java.GeneralTypeConverter..God Class,3.3.0,3.3.0,3.3.0,1
dubbo,3.3.0,org.apache.dubbo.rpc.protocol.tri.rest.argument,GeneralTypeConverter,convertCollection,Complex Method,"designitejava,pmd,checkstyle",dubbo-rpc/dubbo-rpc-triple/src/main/java/org/apache/dubbo/rpc/protocol/tri/rest/argument/GeneralTypeConverter.java,dubbo-rpc/dubbo-rpc-triple/src/main/java/org/apache/dubbo/rpc/protocol/tri/rest/argument/GeneralTypeConverter.java.GeneralTypeConverter.convertCollection.Complex Method,3.3.0,3.3.0,3.3.0,1
dubbo,3.3.0,org.apache.dubbo.rpc.protocol.tri.rest.argument,GeneralTypeConverter,convertMap,Complex Method,"designitejava,pmd,checkstyle",dubbo-rpc/dubbo-rpc-triple/src/main/java/org/apache/dubbo/rpc/protocol/tri/rest/argument/GeneralTypeConverter.java,dubbo-rpc/dubbo-rpc-triple/src/main/java/org/apache/dubbo/rpc/protocol/tri/rest/argument/GeneralTypeConverter.java.GeneralTypeConverter.convertMap.Complex Method,3.3.0,3.3.0,3.3.0,1
dubbo,3.3.0,org.apache.dubbo.rpc.protocol.tri.rest.argument,GeneralTypeConverter,createCollection,Complex Method,"designitejava,pmd,checkstyle",dubbo-rpc/dubbo-rpc-triple/src/main/java/org/apache/dubbo/rpc/protocol/tri/rest/argument/GeneralTypeConverter.java,dubbo-rpc/dubbo-rpc-triple/src/main/java/org/apache/dubbo/rpc/protocol/tri/rest/argument/GeneralTypeConverter.java.GeneralTypeConverter.createCollection.Complex Method,3.3.0,3.3.0,3.3.0,1
dubbo,3.3.0,org.apache.dubbo.rpc.protocol.tri.rest.argument,GeneralTypeConverter,createMap,Complex Method,"designitejava,pmd,checkstyle",dubbo-rpc/dubbo-rpc-triple/src/main/java/org/apache/dubbo/rpc/protocol/tri/rest/argument/GeneralTypeConverter.java,dubbo-rpc/dubbo-rpc-triple/src/main/java/org/apache/dubbo/rpc/protocol/tri/rest/argument/GeneralTypeConverter.java.GeneralTypeConverter.createMap.Complex Method,3.3.0,3.3.0,3.3.0,1
dubbo,3.3.0,org.apache.dubbo.rpc.protocol.tri.rest.argument,GeneralTypeConverter,doConvert,Complex Method,"designitejava,pmd,checkstyle",dubbo-rpc/dubbo-rpc-triple/src/main/java/org/apache/dubbo/rpc/protocol/tri/rest/argument/GeneralTypeConverter.java,dubbo-rpc/dubbo-rpc-triple/src/main/java/org/apache/dubbo/rpc/protocol/tri/rest/argument/GeneralTypeConverter.java.GeneralTypeConverter.doConvert.Complex Method,3.3.0,3.3.0,3.3.0,1
dubbo,3.3.0,org.apache.dubbo.rpc.protocol.tri.rest.argument,GeneralTypeConverter,emptyDefault,Complex Method,"designitejava,checkstyle",dubbo-rpc/dubbo-rpc-triple/src/main/java/org/apache/dubbo/rpc/protocol/tri/rest/argument/GeneralTypeConverter.java,dubbo-rpc/dubbo-rpc-triple/src/main/java/org/apache/dubbo/rpc/protocol/tri/rest/argument/GeneralTypeConverter.java.GeneralTypeConverter.emptyDefault.Complex Method,3.3.0,3.3.0,3.3.0,1
dubbo,3.3.0,org.apache.dubbo.rpc.protocol.tri.rest.argument,GeneralTypeConverter,toBoolean,Complex Method,"designitejava,pmd,checkstyle",dubbo-rpc/dubbo-rpc-triple/src/main/java/org/apache/dubbo/rpc/protocol/tri/rest/argument/GeneralTypeConverter.java,dubbo-rpc/dubbo-rpc-triple/src/main/java/org/apache/dubbo/rpc/protocol/tri/rest/argument/GeneralTypeConverter.java.GeneralTypeConverter.toBoolean.Complex Method,3.3.0,3.3.0,3.3.0,1
dubbo,3.3.0,org.apache.dubbo.rpc.protocol.tri.rest.cors,CorsHeaderFilter,checkOrigin,Complex Method,"designitejava,pmd",dubbo-rpc/dubbo-rpc-triple/src/main/java/org/apache/dubbo/rpc/protocol/tri/rest/cors/CorsHeaderFilter.java,dubbo-rpc/dubbo-rpc-triple/src/main/java/org/apache/dubbo/rpc/protocol/tri/rest/cors/CorsHeaderFilter.java.CorsHeaderFilter.checkOrigin.Complex Method,3.3.0,3.3.0,3.3.0,1
dubbo,3.3.0,org.apache.dubbo.rpc.protocol.tri.rest.cors,CorsHeaderFilter,process,Complex Method,"designitejava,pmd,checkstyle",dubbo-rpc/dubbo-rpc-triple/src/main/java/org/apache/dubbo/rpc/protocol/tri/rest/cors/CorsHeaderFilter.java,dubbo-rpc/dubbo-rpc-triple/src/main/java/org/apache/dubbo/rpc/protocol/tri/rest/cors/CorsHeaderFilter.java.CorsHeaderFilter.process.Complex Method,3.3.0,3.3.0,3.3.0,1
dubbo,3.3.0,org.apache.dubbo.rpc.protocol.tri.rest.filter,RestExtensionExecutionFilter,matchFilters,Complex Method,"designitejava,pmd,checkstyle",dubbo-rpc/dubbo-rpc-triple/src/main/java/org/apache/dubbo/rpc/protocol/tri/rest/filter/RestExtensionExecutionFilter.java,dubbo-rpc/dubbo-rpc-triple/src/main/java/org/apache/dubbo/rpc/protocol/tri/rest/filter/RestExtensionExecutionFilter.java.RestExtensionExecutionFilter.matchFilters.Complex Method,3.3.0,3.3.0,3.3.0,1
dubbo,3.3.0,org.apache.dubbo.rpc.protocol.tri.rest.mapping,ContentNegotiator,negotiate,Complex Method,"designitejava,pmd",dubbo-rpc/dubbo-rpc-triple/src/main/java/org/apache/dubbo/rpc/protocol/tri/rest/mapping/ContentNegotiator.java,dubbo-rpc/dubbo-rpc-triple/src/main/java/org/apache/dubbo/rpc/protocol/tri/rest/mapping/ContentNegotiator.java.ContentNegotiator.negotiate.Complex Method,3.3.0,3.3.0,3.3.0,1
dubbo,3.3.0,org.apache.dubbo.rpc.protocol.tri.rest.mapping,DefaultRequestMappingRegistry,exists,Complex Method,"designitejava,pmd,checkstyle",dubbo-rpc/dubbo-rpc-triple/src/main/java/org/apache/dubbo/rpc/protocol/tri/rest/mapping/DefaultRequestMappingRegistry.java,dubbo-rpc/dubbo-rpc-triple/src/main/java/org/apache/dubbo/rpc/protocol/tri/rest/mapping/DefaultRequestMappingRegistry.java.DefaultRequestMappingRegistry.exists.Complex Method,3.3.0,3.3.0,3.3.0,1
dubbo,3.3.0,org.apache.dubbo.rpc.protocol.tri.rest.mapping,DefaultRequestMappingRegistry,lookup,Complex Method,"designitejava,pmd,checkstyle",dubbo-rpc/dubbo-rpc-triple/src/main/java/org/apache/dubbo/rpc/protocol/tri/rest/mapping/DefaultRequestMappingRegistry.java,dubbo-rpc/dubbo-rpc-triple/src/main/java/org/apache/dubbo/rpc/protocol/tri/rest/mapping/DefaultRequestMappingRegistry.java.DefaultRequestMappingRegistry.lookup.Complex Method,3.3.0,3.3.0,3.3.0,1
dubbo,3.3.0,org.apache.dubbo.rpc.protocol.tri.rest.mapping,DefaultRequestMappingRegistry,register,Complex Method,"designitejava,pmd,checkstyle",dubbo-rpc/dubbo-rpc-triple/src/main/java/org/apache/dubbo/rpc/protocol/tri/rest/mapping/DefaultRequestMappingRegistry.java,dubbo-rpc/dubbo-rpc-triple/src/main/java/org/apache/dubbo/rpc/protocol/tri/rest/mapping/DefaultRequestMappingRegistry.java.DefaultRequestMappingRegistry.register.Complex Method,3.3.0,3.3.0,3.3.0,1
dubbo,3.3.0,org.apache.dubbo.rpc.protocol.tri.rest.mapping,RadixTree,addPath,Complex Method,"designitejava,pmd",dubbo-rpc/dubbo-rpc-triple/src/main/java/org/apache/dubbo/rpc/protocol/tri/rest/mapping/RadixTree.java,dubbo-rpc/dubbo-rpc-triple/src/main/java/org/apache/dubbo/rpc/protocol/tri/rest/mapping/RadixTree.java.RadixTree.addPath.Complex Method,3.3.0,3.3.0,3.3.0,1
dubbo,3.3.0,org.apache.dubbo.rpc.protocol.tri.rest.mapping,RadixTree,matchRecursive,Complex Method,"designitejava,pmd,checkstyle",dubbo-rpc/dubbo-rpc-triple/src/main/java/org/apache/dubbo/rpc/protocol/tri/rest/mapping/RadixTree.java,dubbo-rpc/dubbo-rpc-triple/src/main/java/org/apache/dubbo/rpc/protocol/tri/rest/mapping/RadixTree.java.RadixTree.matchRecursive.Complex Method,3.3.0,3.3.0,3.3.0,1
dubbo,3.3.0,org.apache.dubbo.rpc.protocol.tri.rest.mapping,RequestMapping,,God Class,"pmd,checkstyle",dubbo-rpc/dubbo-rpc-triple/src/main/java/org/apache/dubbo/rpc/protocol/tri/rest/mapping/RequestMapping.java,dubbo-rpc/dubbo-rpc-triple/src/main/java/org/apache/dubbo/rpc/protocol/tri/rest/mapping/RequestMapping.java.RequestMapping..God Class,3.3.0,3.3.0,3.3.0,1
dubbo,3.3.0,org.apache.dubbo.rpc.protocol.tri.rest.mapping,RequestMapping,compareTo,Complex Method,"designitejava,pmd,checkstyle",dubbo-rpc/dubbo-rpc-triple/src/main/java/org/apache/dubbo/rpc/protocol/tri/rest/mapping/RequestMapping.java,dubbo-rpc/dubbo-rpc-triple/src/main/java/org/apache/dubbo/rpc/protocol/tri/rest/mapping/RequestMapping.java.RequestMapping.compareTo.Complex Method,3.3.0,3.3.0,3.3.0,1
dubbo,3.3.0,org.apache.dubbo.rpc.protocol.tri.rest.mapping,RequestMapping,doMatch,Complex Method,"designitejava,pmd,checkstyle",dubbo-rpc/dubbo-rpc-triple/src/main/java/org/apache/dubbo/rpc/protocol/tri/rest/mapping/RequestMapping.java,dubbo-rpc/dubbo-rpc-triple/src/main/java/org/apache/dubbo/rpc/protocol/tri/rest/mapping/RequestMapping.java.RequestMapping.doMatch.Complex Method,3.3.0,3.3.0,3.3.0,1
dubbo,3.3.0,org.apache.dubbo.rpc.protocol.tri.rest.mapping,RestRequestHandlerMapping,getRequestHandler,Complex Method,"designitejava,pmd,checkstyle",dubbo-rpc/dubbo-rpc-triple/src/main/java/org/apache/dubbo/rpc/protocol/tri/rest/mapping/RestRequestHandlerMapping.java,dubbo-rpc/dubbo-rpc-triple/src/main/java/org/apache/dubbo/rpc/protocol/tri/rest/mapping/RestRequestHandlerMapping.java.RestRequestHandlerMapping.getRequestHandler.Complex Method,3.3.0,3.3.0,3.3.0,1
dubbo,3.3.0,org.apache.dubbo.rpc.protocol.tri.rest.mapping.condition,ConsumesCondition,ConsumesCondition,Complex Method,"designitejava,checkstyle",dubbo-rpc/dubbo-rpc-triple/src/main/java/org/apache/dubbo/rpc/protocol/tri/rest/mapping/condition/ConsumesCondition.java,dubbo-rpc/dubbo-rpc-triple/src/main/java/org/apache/dubbo/rpc/protocol/tri/rest/mapping/condition/ConsumesCondition.java.ConsumesCondition.ConsumesCondition.Complex Method,3.3.0,3.3.0,3.3.0,1
dubbo,3.3.0,org.apache.dubbo.rpc.protocol.tri.rest.mapping.condition,MediaTypeExpression,compatibleWithMediaType,Complex Method,"designitejava,pmd,checkstyle",dubbo-rpc/dubbo-rpc-triple/src/main/java/org/apache/dubbo/rpc/protocol/tri/rest/mapping/condition/MediaTypeExpression.java,dubbo-rpc/dubbo-rpc-triple/src/main/java/org/apache/dubbo/rpc/protocol/tri/rest/mapping/condition/MediaTypeExpression.java.MediaTypeExpression.compatibleWithMediaType.Complex Method,3.3.0,3.3.0,3.3.0,1
dubbo,3.3.0,org.apache.dubbo.rpc.protocol.tri.rest.mapping.condition,PathParser,parseSegments,Complex Method,"designitejava,pmd,checkstyle",dubbo-rpc/dubbo-rpc-triple/src/main/java/org/apache/dubbo/rpc/protocol/tri/rest/mapping/condition/PathParser.java,dubbo-rpc/dubbo-rpc-triple/src/main/java/org/apache/dubbo/rpc/protocol/tri/rest/mapping/condition/PathParser.java.PathParser.parseSegments.Complex Method,3.3.0,3.3.0,3.3.0,1
dubbo,3.3.0,org.apache.dubbo.rpc.protocol.tri.rest.mapping.condition,PathParser,toRegex,Complex Method,"designitejava,pmd",dubbo-rpc/dubbo-rpc-triple/src/main/java/org/apache/dubbo/rpc/protocol/tri/rest/mapping/condition/PathParser.java,dubbo-rpc/dubbo-rpc-triple/src/main/java/org/apache/dubbo/rpc/protocol/tri/rest/mapping/condition/PathParser.java.PathParser.toRegex.Complex Method,3.3.0,3.3.0,3.3.0,1
dubbo,3.3.0,org.apache.dubbo.rpc.protocol.tri.rest.mapping.condition,PathParser,transformSegments,Complex Method,"designitejava,pmd,checkstyle",dubbo-rpc/dubbo-rpc-triple/src/main/java/org/apache/dubbo/rpc/protocol/tri/rest/mapping/condition/PathParser.java,dubbo-rpc/dubbo-rpc-triple/src/main/java/org/apache/dubbo/rpc/protocol/tri/rest/mapping/condition/PathParser.java.PathParser.transformSegments.Complex Method,3.3.0,3.3.0,3.3.0,1
dubbo,3.3.0,org.apache.dubbo.rpc.protocol.tri.rest.mapping.condition,ProducesCondition,ProducesCondition,Complex Method,"designitejava,checkstyle",dubbo-rpc/dubbo-rpc-triple/src/main/java/org/apache/dubbo/rpc/protocol/tri/rest/mapping/condition/ProducesCondition.java,dubbo-rpc/dubbo-rpc-triple/src/main/java/org/apache/dubbo/rpc/protocol/tri/rest/mapping/condition/ProducesCondition.java.ProducesCondition.ProducesCondition.Complex Method,3.3.0,3.3.0,3.3.0,1
dubbo,3.3.0,org.apache.dubbo.rpc.protocol.tri.rest.mapping.meta,AnnotationMeta,getRequiredAttribute,Complex Method,"designitejava,pmd",dubbo-rpc/dubbo-rpc-triple/src/main/java/org/apache/dubbo/rpc/protocol/tri/rest/mapping/meta/AnnotationMeta.java,dubbo-rpc/dubbo-rpc-triple/src/main/java/org/apache/dubbo/rpc/protocol/tri/rest/mapping/meta/AnnotationMeta.java.AnnotationMeta.getRequiredAttribute.Complex Method,3.3.0,3.3.0,3.3.0,1
dubbo,3.3.0,org.apache.dubbo.rpc.protocol.tri.rest.mapping.meta,BeanMeta,resolveFieldAndMethod,Complex Method,"designitejava,pmd,checkstyle",dubbo-rpc/dubbo-rpc-triple/src/main/java/org/apache/dubbo/rpc/protocol/tri/rest/mapping/meta/BeanMeta.java,dubbo-rpc/dubbo-rpc-triple/src/main/java/org/apache/dubbo/rpc/protocol/tri/rest/mapping/meta/BeanMeta.java.BeanMeta.resolveFieldAndMethod.Complex Method,3.3.0,3.3.0,3.3.0,1
dubbo,3.3.0,org.apache.dubbo.rpc.protocol.tri.rest.support.basic,BeanArgumentBinder,bind,Complex Method,"designitejava,pmd,checkstyle",dubbo-rpc/dubbo-rpc-triple/src/main/java/org/apache/dubbo/rpc/protocol/tri/rest/support/basic/BeanArgumentBinder.java,dubbo-rpc/dubbo-rpc-triple/src/main/java/org/apache/dubbo/rpc/protocol/tri/rest/support/basic/BeanArgumentBinder.java.BeanArgumentBinder.bind.Complex Method,3.3.0,3.3.0,3.3.0,1
dubbo,3.3.0,org.apache.dubbo.rpc.protocol.tri.rest.support.basic,FallbackArgumentResolver,doResolveValue,Complex Method,"designitejava,pmd,checkstyle",dubbo-rpc/dubbo-rpc-triple/src/main/java/org/apache/dubbo/rpc/protocol/tri/rest/support/basic/FallbackArgumentResolver.java,dubbo-rpc/dubbo-rpc-triple/src/main/java/org/apache/dubbo/rpc/protocol/tri/rest/support/basic/FallbackArgumentResolver.java.FallbackArgumentResolver.doResolveValue.Complex Method,3.3.0,3.3.0,3.3.0,1
dubbo,3.3.0,org.apache.dubbo.rpc.protocol.tri.rest.support.basic,ParamArgumentResolver,resolveCollectionValue,Complex Method,"designitejava,pmd,checkstyle",dubbo-rpc/dubbo-rpc-triple/src/main/java/org/apache/dubbo/rpc/protocol/tri/rest/support/basic/ParamArgumentResolver.java,dubbo-rpc/dubbo-rpc-triple/src/main/java/org/apache/dubbo/rpc/protocol/tri/rest/support/basic/ParamArgumentResolver.java.ParamArgumentResolver.resolveCollectionValue.Complex Method,3.3.0,3.3.0,3.3.0,1
dubbo,3.3.0,org.apache.dubbo.rpc.protocol.tri.rest.support.basic,ParamArgumentResolver,resolveMapValue,Complex Method,"designitejava,checkstyle",dubbo-rpc/dubbo-rpc-triple/src/main/java/org/apache/dubbo/rpc/protocol/tri/rest/support/basic/ParamArgumentResolver.java,dubbo-rpc/dubbo-rpc-triple/src/main/java/org/apache/dubbo/rpc/protocol/tri/rest/support/basic/ParamArgumentResolver.java.ParamArgumentResolver.resolveMapValue.Complex Method,3.3.0,3.3.0,3.3.0,1
dubbo,3.3.0,org.apache.dubbo.rpc.protocol.tri.rest.util,PathUtils,combine,Complex Method,"designitejava,pmd,checkstyle",dubbo-rpc/dubbo-rpc-triple/src/main/java/org/apache/dubbo/rpc/protocol/tri/rest/util/PathUtils.java,dubbo-rpc/dubbo-rpc-triple/src/main/java/org/apache/dubbo/rpc/protocol/tri/rest/util/PathUtils.java.PathUtils.combine.Complex Method,3.3.0,3.3.0,3.3.0,1
dubbo,3.3.0,org.apache.dubbo.rpc.protocol.tri.rest.util,PathUtils,normalize,Complex Method,"designitejava,pmd,checkstyle",dubbo-rpc/dubbo-rpc-triple/src/main/java/org/apache/dubbo/rpc/protocol/tri/rest/util/PathUtils.java,dubbo-rpc/dubbo-rpc-triple/src/main/java/org/apache/dubbo/rpc/protocol/tri/rest/util/PathUtils.java.PathUtils.normalize.Complex Method,3.3.0,3.3.0,3.3.0,1
dubbo,3.3.0,org.apache.dubbo.rpc.protocol.tri.rest.util,RequestUtils,decodeBody,Complex Method,"designitejava,pmd,checkstyle",dubbo-rpc/dubbo-rpc-triple/src/main/java/org/apache/dubbo/rpc/protocol/tri/rest/util/RequestUtils.java,dubbo-rpc/dubbo-rpc-triple/src/main/java/org/apache/dubbo/rpc/protocol/tri/rest/util/RequestUtils.java.RequestUtils.decodeBody.Complex Method,3.3.0,3.3.0,3.3.0,1
dubbo,3.3.0,org.apache.dubbo.rpc.protocol.tri.rest.util,RestUtils,hasPlaceholder,Complex Method,"designitejava,pmd",dubbo-rpc/dubbo-rpc-triple/src/main/java/org/apache/dubbo/rpc/protocol/tri/rest/util/RestUtils.java,dubbo-rpc/dubbo-rpc-triple/src/main/java/org/apache/dubbo/rpc/protocol/tri/rest/util/RestUtils.java.RestUtils.hasPlaceholder.Complex Method,3.3.0,3.3.0,3.3.0,1
dubbo,3.3.0,org.apache.dubbo.rpc.protocol.tri.rest.util,TypeUtils,,God Class,"pmd,checkstyle",dubbo-rpc/dubbo-rpc-triple/src/main/java/org/apache/dubbo/rpc/protocol/tri/rest/util/TypeUtils.java,dubbo-rpc/dubbo-rpc-triple/src/main/java/org/apache/dubbo/rpc/protocol/tri/rest/util/TypeUtils.java.TypeUtils..God Class,3.3.0,3.3.0,3.3.0,1
dubbo,3.3.0,org.apache.dubbo.rpc.protocol.tri.rest.util,TypeUtils,createCollection,Complex Method,"designitejava,pmd,checkstyle",dubbo-rpc/dubbo-rpc-triple/src/main/java/org/apache/dubbo/rpc/protocol/tri/rest/util/TypeUtils.java,dubbo-rpc/dubbo-rpc-triple/src/main/java/org/apache/dubbo/rpc/protocol/tri/rest/util/TypeUtils.java.TypeUtils.createCollection.Complex Method,3.3.0,3.3.0,3.3.0,1
dubbo,3.3.0,org.apache.dubbo.rpc.protocol.tri.rest.util,TypeUtils,createMap,Complex Method,"designitejava,pmd,checkstyle",dubbo-rpc/dubbo-rpc-triple/src/main/java/org/apache/dubbo/rpc/protocol/tri/rest/util/TypeUtils.java,dubbo-rpc/dubbo-rpc-triple/src/main/java/org/apache/dubbo/rpc/protocol/tri/rest/util/TypeUtils.java.TypeUtils.createMap.Complex Method,3.3.0,3.3.0,3.3.0,1
dubbo,3.2.0,org.apache.dubbo.rpc.protocol.tri.transport,AbstractH2TransportListener,headersToMap,Complex Method,"designitejava,pmd",dubbo-rpc/dubbo-rpc-triple/src/main/java/org/apache/dubbo/rpc/protocol/tri/transport/AbstractH2TransportListener.java,dubbo-rpc/dubbo-rpc-triple/src/main/java/org/apache/dubbo/rpc/protocol/tri/transport/AbstractH2TransportListener.java.AbstractH2TransportListener.headersToMap.Complex Method,3.2.0,3.3.0,3.3.0,3
dubbo,3.1.0,org.apache.dubbo.rpc.protocol.tri,TriplePathResolverTest,testNative,Feature Envy,"designitejava,checkstyle",dubbo-rpc/dubbo-rpc-triple/src/test/java/org/apache/dubbo/rpc/protocol/tri/TriplePathResolverTest.java,dubbo-rpc/dubbo-rpc-triple/src/test/java/org/apache/dubbo/rpc/protocol/tri/TriplePathResolverTest.java.TriplePathResolverTest.testNative.Feature Envy,3.1.0,3.3.0,3.3.0,5
dubbo,3.3.0,org.apache.dubbo.rpc.protocol.tri.rest.cors,CorsHeaderFilterTest,setup,Feature Envy,"designitejava,checkstyle",dubbo-rpc/dubbo-rpc-triple/src/test/java/org/apache/dubbo/rpc/protocol/tri/rest/cors/CorsHeaderFilterTest.java,dubbo-rpc/dubbo-rpc-triple/src/test/java/org/apache/dubbo/rpc/protocol/tri/rest/cors/CorsHeaderFilterTest.java.CorsHeaderFilterTest.setup.Feature Envy,3.3.0,3.3.0,3.3.0,1
dubbo,3.3.0,org.apache.dubbo.rpc.protocol.tri.test,TestRequest,setHeaders,Complex Method,"designitejava,pmd",dubbo-rpc/dubbo-rpc-triple/src/test/java/org/apache/dubbo/rpc/protocol/tri/test/TestRequest.java,dubbo-rpc/dubbo-rpc-triple/src/test/java/org/apache/dubbo/rpc/protocol/tri/test/TestRequest.java.TestRequest.setHeaders.Complex Method,3.3.0,3.3.0,3.3.0,1
dubbo,3.3.0,org.apache.dubbo.rpc.protocol.tri.test,TestRunnerImpl,run,Complex Method,"designitejava,pmd,checkstyle",dubbo-rpc/dubbo-rpc-triple/src/test/java/org/apache/dubbo/rpc/protocol/tri/test/TestRunnerImpl.java,dubbo-rpc/dubbo-rpc-triple/src/test/java/org/apache/dubbo/rpc/protocol/tri/test/TestRunnerImpl.java.TestRunnerImpl.run.Complex Method,3.3.0,3.3.0,3.3.0,1
dubbo,2.0.7,com.alibaba.dubbo.rpc.dubbo,DubboProtocol,reply,Complex Method,"designitejava,pmd",dubbo-rpc/src/main/java/com/alibaba/dubbo/rpc/dubbo/DubboProtocol.java,dubbo-rpc/src/main/java/com/alibaba/dubbo/rpc/dubbo/DubboProtocol.java.DubboProtocol.reply.Complex Method,2.0.7,2.0.7,2.1.0,1
dubbo,2.0.7,com.alibaba.dubbo.rpc.dubbo.telnet,CountTelnetHandler,telnet,Complex Method,"designitejava,pmd,checkstyle",dubbo-rpc/src/main/java/com/alibaba/dubbo/rpc/dubbo/telnet/CountTelnetHandler.java,dubbo-rpc/src/main/java/com/alibaba/dubbo/rpc/dubbo/telnet/CountTelnetHandler.java.CountTelnetHandler.telnet.Complex Method,2.0.7,2.0.7,2.1.0,1
dubbo,2.0.7,com.alibaba.dubbo.rpc.dubbo.telnet,InvokeTelnetHandler,telnet,Complex Method,"designitejava,pmd,checkstyle",dubbo-rpc/src/main/java/com/alibaba/dubbo/rpc/dubbo/telnet/InvokeTelnetHandler.java,dubbo-rpc/src/main/java/com/alibaba/dubbo/rpc/dubbo/telnet/InvokeTelnetHandler.java.InvokeTelnetHandler.telnet.Complex Method,2.0.7,2.0.7,2.1.0,1
dubbo,2.0.7,com.alibaba.dubbo.rpc.dubbo.telnet,ListTelnetHandler,telnet,Complex Method,"designitejava,pmd,checkstyle",dubbo-rpc/src/main/java/com/alibaba/dubbo/rpc/dubbo/telnet/ListTelnetHandler.java,dubbo-rpc/src/main/java/com/alibaba/dubbo/rpc/dubbo/telnet/ListTelnetHandler.java.ListTelnetHandler.telnet.Complex Method,2.0.7,2.0.7,2.1.0,1
dubbo,2.0.7,com.alibaba.dubbo.rpc.dubbo.telnet,PortTelnetHandler,telnet,Complex Method,"designitejava,pmd,checkstyle",dubbo-rpc/src/main/java/com/alibaba/dubbo/rpc/dubbo/telnet/PortTelnetHandler.java,dubbo-rpc/src/main/java/com/alibaba/dubbo/rpc/dubbo/telnet/PortTelnetHandler.java.PortTelnetHandler.telnet.Complex Method,2.0.7,2.0.7,2.1.0,1
dubbo,2.0.7,com.alibaba.dubbo.rpc.dubbo.telnet,TraceTelnetHandler,telnet,Complex Method,"designitejava,pmd,checkstyle",dubbo-rpc/src/main/java/com/alibaba/dubbo/rpc/dubbo/telnet/TraceTelnetHandler.java,dubbo-rpc/src/main/java/com/alibaba/dubbo/rpc/dubbo/telnet/TraceTelnetHandler.java.TraceTelnetHandler.telnet.Complex Method,2.0.7,2.0.7,2.1.0,1
dubbo,2.0.7,com.alibaba.dubbo.rpc.filter,AccessLogFilter,invoke,Complex Method,"designitejava,pmd,checkstyle",dubbo-rpc/src/main/java/com/alibaba/dubbo/rpc/filter/AccessLogFilter.java,dubbo-rpc/src/main/java/com/alibaba/dubbo/rpc/filter/AccessLogFilter.java.AccessLogFilter.invoke.Complex Method,2.0.7,2.1.0,2.2.0,2
dubbo,2.0.7,com.alibaba.dubbo.rpc.filter,EventFilter,fireReturnCallback,Complex Method,"pmd,checkstyle",dubbo-rpc/src/main/java/com/alibaba/dubbo/rpc/filter/EventFilter.java,dubbo-rpc/src/main/java/com/alibaba/dubbo/rpc/filter/EventFilter.java.EventFilter.fireReturnCallback.Complex Method,2.0.7,2.0.7,2.1.0,1
dubbo,2.0.7,com.alibaba.dubbo.rpc.filter,EventFilter,fireThrowCallback,Complex Method,"pmd,checkstyle",dubbo-rpc/src/main/java/com/alibaba/dubbo/rpc/filter/EventFilter.java,dubbo-rpc/src/main/java/com/alibaba/dubbo/rpc/filter/EventFilter.java.EventFilter.fireThrowCallback.Complex Method,2.0.7,2.0.7,2.1.0,1
dubbo,2.1.0,com.alibaba.dubbo.rpc.filter,ExceptionFilter,invoke,Complex Method,"pmd,checkstyle",dubbo-rpc/src/main/java/com/alibaba/dubbo/rpc/filter/ExceptionFilter.java,dubbo-rpc/src/main/java/com/alibaba/dubbo/rpc/filter/ExceptionFilter.java.ExceptionFilter.invoke.Complex Method,2.1.0,2.1.0,2.2.0,1
dubbo,2.0.7,com.alibaba.dubbo.rpc.filter,ExceptionFilter,invoke,Feature Envy,"designitejava,checkstyle",dubbo-rpc/src/main/java/com/alibaba/dubbo/rpc/filter/ExceptionFilter.java,dubbo-rpc/src/main/java/com/alibaba/dubbo/rpc/filter/ExceptionFilter.java.ExceptionFilter.invoke.Feature Envy,2.0.7,2.1.0,2.2.0,2
dubbo,2.1.0,com.alibaba.dubbo.rpc.filter,GenericImplFilter,invoke,Complex Method,"designitejava,pmd,checkstyle",dubbo-rpc/src/main/java/com/alibaba/dubbo/rpc/filter/GenericImplFilter.java,dubbo-rpc/src/main/java/com/alibaba/dubbo/rpc/filter/GenericImplFilter.java.GenericImplFilter.invoke.Complex Method,2.1.0,2.1.0,2.2.0,1
dubbo,2.0.7,com.alibaba.dubbo.rpc.filter,TimeoutFilter,invoke,Feature Envy,"designitejava,checkstyle",dubbo-rpc/src/main/java/com/alibaba/dubbo/rpc/filter/TimeoutFilter.java,dubbo-rpc/src/main/java/com/alibaba/dubbo/rpc/filter/TimeoutFilter.java.TimeoutFilter.invoke.Feature Envy,2.0.7,2.1.0,2.2.0,2
dubbo,2.0.7,com.alibaba.dubbo.rpc.filter,TraceFilter,invoke,Complex Method,"designitejava,pmd,checkstyle",dubbo-rpc/src/main/java/com/alibaba/dubbo/rpc/filter/TraceFilter.java,dubbo-rpc/src/main/java/com/alibaba/dubbo/rpc/filter/TraceFilter.java.TraceFilter.invoke.Complex Method,2.0.7,2.0.7,2.1.0,1
dubbo,2.1.0,com.alibaba.dubbo.rpc.protocol,AbstractInvoker,invoke,Complex Method,"designitejava,pmd,checkstyle",dubbo-rpc/src/main/java/com/alibaba/dubbo/rpc/protocol/AbstractInvoker.java,dubbo-rpc/src/main/java/com/alibaba/dubbo/rpc/protocol/AbstractInvoker.java.AbstractInvoker.invoke.Complex Method,2.1.0,2.1.0,2.2.0,1
dubbo,2.0.7,com.alibaba.dubbo.rpc.support,AbstractInvoker,invoke,Complex Method,"designitejava,pmd,checkstyle",dubbo-rpc/src/main/java/com/alibaba/dubbo/rpc/support/AbstractInvoker.java,dubbo-rpc/src/main/java/com/alibaba/dubbo/rpc/support/AbstractInvoker.java.AbstractInvoker.invoke.Complex Method,2.0.7,2.0.7,2.1.0,1
dubbo,2.1.0,com.alibaba.dubbo.rpc.support,MockInvoker,invoke,Complex Method,"designitejava,pmd",dubbo-rpc/src/main/java/com/alibaba/dubbo/rpc/support/MockInvoker.java,dubbo-rpc/src/main/java/com/alibaba/dubbo/rpc/support/MockInvoker.java.MockInvoker.invoke.Complex Method,2.1.0,2.1.0,2.2.0,1
dubbo,2.1.0,com.alibaba.dubbo.rpc.support,MockInvoker,parseMockValue,Complex Method,"designitejava,pmd,checkstyle",dubbo-rpc/src/main/java/com/alibaba/dubbo/rpc/support/MockInvoker.java,dubbo-rpc/src/main/java/com/alibaba/dubbo/rpc/support/MockInvoker.java.MockInvoker.parseMockValue.Complex Method,2.1.0,2.1.0,2.2.0,1
dubbo,2.0.7,com.alibaba.dubbo.rpc.filter,EventFilterTest,setUp,Feature Envy,"designitejava,checkstyle",dubbo-rpc/src/test/java/com/alibaba/dubbo/rpc/filter/EventFilterTest.java,dubbo-rpc/src/test/java/com/alibaba/dubbo/rpc/filter/EventFilterTest.java.EventFilterTest.setUp.Feature Envy,2.0.7,2.0.7,2.1.0,1
dubbo,2.7.0,org.apache.dubbo.common.serialize.base,AbstractSerializationTest,,God Class,"pmd,checkstyle",dubbo-serialization/dubbo-serialization-test/src/test/java/org/apache/dubbo/common/serialize/base/AbstractSerializationTest.java,dubbo-serialization/dubbo-serialization-test/src/test/java/org/apache/dubbo/common/serialize/base/AbstractSerializationTest.java.AbstractSerializationTest..God Class,2.7.0,2.7.0,3.0.0,1
dubbo,2.7.0,org.apache.dubbo.common.serialize.model.media,Image,equals,Complex Method,"designitejava,checkstyle",dubbo-serialization/dubbo-serialization-test/src/test/java/org/apache/dubbo/common/serialize/model/media/Image.java,dubbo-serialization/dubbo-serialization-test/src/test/java/org/apache/dubbo/common/serialize/model/media/Image.java.Image.equals.Complex Method,2.7.0,2.7.0,3.0.0,1
dubbo,2.7.0,org.apache.dubbo.common.serialize.model.media,Media,equals,Complex Method,"designitejava,pmd,checkstyle",dubbo-serialization/dubbo-serialization-test/src/test/java/org/apache/dubbo/common/serialize/model/media/Media.java,dubbo-serialization/dubbo-serialization-test/src/test/java/org/apache/dubbo/common/serialize/model/media/Media.java.Media.equals.Complex Method,2.7.0,2.7.0,3.0.0,1
dubbo,2.7.0,org.apache.dubbo.common.serialize.model.person,BigPerson,equals,Complex Method,"designitejava,pmd,checkstyle",dubbo-serialization/dubbo-serialization-test/src/test/java/org/apache/dubbo/common/serialize/model/person/BigPerson.java,dubbo-serialization/dubbo-serialization-test/src/test/java/org/apache/dubbo/common/serialize/model/person/BigPerson.java.BigPerson.equals.Complex Method,2.7.0,2.7.0,3.0.0,1
dubbo,2.7.0,org.apache.dubbo.common.serialize.model.person,FullAddress,equals,Complex Method,"designitejava,pmd,checkstyle",dubbo-serialization/dubbo-serialization-test/src/test/java/org/apache/dubbo/common/serialize/model/person/FullAddress.java,dubbo-serialization/dubbo-serialization-test/src/test/java/org/apache/dubbo/common/serialize/model/person/FullAddress.java.FullAddress.equals.Complex Method,2.7.0,2.7.0,3.0.0,1
dubbo,2.7.0,org.apache.dubbo.common.serialize.model.person,PersonInfo,equals,Complex Method,"designitejava,pmd,checkstyle",dubbo-serialization/dubbo-serialization-test/src/test/java/org/apache/dubbo/common/serialize/model/person/PersonInfo.java,dubbo-serialization/dubbo-serialization-test/src/test/java/org/apache/dubbo/common/serialize/model/person/PersonInfo.java.PersonInfo.equals.Complex Method,2.7.0,2.7.0,3.0.0,1
dubbo,2.7.0,org.apache.dubbo.common.serialize.model.person,Phone,equals,Complex Method,"designitejava,pmd,checkstyle",dubbo-serialization/dubbo-serialization-test/src/test/java/org/apache/dubbo/common/serialize/model/person/Phone.java,dubbo-serialization/dubbo-serialization-test/src/test/java/org/apache/dubbo/common/serialize/model/person/Phone.java.Phone.equals.Complex Method,2.7.0,2.7.0,3.0.0,1
dubbo,2.2.0,com.alibaba.dubbo.monitor.simple,RegistryContainer,getDependencies,Complex Method,"designitejava,pmd,checkstyle",dubbo-simple/dubbo-monitor-simple/src/main/java/com/alibaba/dubbo/monitor/simple/RegistryContainer.java,dubbo-simple/dubbo-monitor-simple/src/main/java/com/alibaba/dubbo/monitor/simple/RegistryContainer.java.RegistryContainer.getDependencies.Complex Method,2.2.0,2.6.0,2.7.0,5
dubbo,2.2.0,com.alibaba.dubbo.monitor.simple,RegistryContainer,notify,Complex Method,"designitejava,pmd",dubbo-simple/dubbo-monitor-simple/src/main/java/com/alibaba/dubbo/monitor/simple/RegistryContainer.java,dubbo-simple/dubbo-monitor-simple/src/main/java/com/alibaba/dubbo/monitor/simple/RegistryContainer.java.RegistryContainer.notify.Complex Method,2.2.0,2.6.0,2.7.0,5
dubbo,2.2.0,com.alibaba.dubbo.monitor.simple,RegistryContainer,start,Complex Method,"designitejava,pmd",dubbo-simple/dubbo-monitor-simple/src/main/java/com/alibaba/dubbo/monitor/simple/RegistryContainer.java,dubbo-simple/dubbo-monitor-simple/src/main/java/com/alibaba/dubbo/monitor/simple/RegistryContainer.java.RegistryContainer.start.Complex Method,2.2.0,2.6.0,2.7.0,5
dubbo,2.2.0,com.alibaba.dubbo.monitor.simple,SimpleMonitorService,createChart,Long Parameter List,"designitejava,checkstyle",dubbo-simple/dubbo-monitor-simple/src/main/java/com/alibaba/dubbo/monitor/simple/SimpleMonitorService.java,dubbo-simple/dubbo-monitor-simple/src/main/java/com/alibaba/dubbo/monitor/simple/SimpleMonitorService.java.SimpleMonitorService.createChart.Long Parameter List,2.2.0,2.6.0,2.7.0,5
dubbo,2.2.0,com.alibaba.dubbo.monitor.simple,SimpleMonitorService,draw,Complex Method,"designitejava,pmd,checkstyle",dubbo-simple/dubbo-monitor-simple/src/main/java/com/alibaba/dubbo/monitor/simple/SimpleMonitorService.java,dubbo-simple/dubbo-monitor-simple/src/main/java/com/alibaba/dubbo/monitor/simple/SimpleMonitorService.java.SimpleMonitorService.draw.Complex Method,2.2.0,2.6.0,2.7.0,5
dubbo,2.2.0,com.alibaba.dubbo.monitor.simple,SimpleMonitorService,write,Complex Method,"designitejava,pmd,checkstyle",dubbo-simple/dubbo-monitor-simple/src/main/java/com/alibaba/dubbo/monitor/simple/SimpleMonitorService.java,dubbo-simple/dubbo-monitor-simple/src/main/java/com/alibaba/dubbo/monitor/simple/SimpleMonitorService.java.SimpleMonitorService.write.Complex Method,2.2.0,2.6.0,2.7.0,5
dubbo,2.2.0,com.alibaba.dubbo.monitor.simple.pages,ApplicationsPageHandler,handle,Complex Method,"pmd,checkstyle",dubbo-simple/dubbo-monitor-simple/src/main/java/com/alibaba/dubbo/monitor/simple/pages/ApplicationsPageHandler.java,dubbo-simple/dubbo-monitor-simple/src/main/java/com/alibaba/dubbo/monitor/simple/pages/ApplicationsPageHandler.java.ApplicationsPageHandler.handle.Complex Method,2.2.0,2.6.0,2.7.0,5
dubbo,2.2.0,com.alibaba.dubbo.monitor.simple.pages,ConsumersPageHandler,handle,Complex Method,"designitejava,pmd,checkstyle",dubbo-simple/dubbo-monitor-simple/src/main/java/com/alibaba/dubbo/monitor/simple/pages/ConsumersPageHandler.java,dubbo-simple/dubbo-monitor-simple/src/main/java/com/alibaba/dubbo/monitor/simple/pages/ConsumersPageHandler.java.ConsumersPageHandler.handle.Complex Method,2.2.0,2.6.0,2.7.0,5
dubbo,2.2.0,com.alibaba.dubbo.monitor.simple.pages,DependenciesPageHandler,appendDependency,Complex Method,"designitejava,pmd",dubbo-simple/dubbo-monitor-simple/src/main/java/com/alibaba/dubbo/monitor/simple/pages/DependenciesPageHandler.java,dubbo-simple/dubbo-monitor-simple/src/main/java/com/alibaba/dubbo/monitor/simple/pages/DependenciesPageHandler.java.DependenciesPageHandler.appendDependency.Complex Method,2.2.0,2.6.0,2.7.0,5
dubbo,2.2.0,com.alibaba.dubbo.monitor.simple.pages,DependenciesPageHandler,appendDependency,Long Parameter List,"designitejava,checkstyle",dubbo-simple/dubbo-monitor-simple/src/main/java/com/alibaba/dubbo/monitor/simple/pages/DependenciesPageHandler.java,dubbo-simple/dubbo-monitor-simple/src/main/java/com/alibaba/dubbo/monitor/simple/pages/DependenciesPageHandler.java.DependenciesPageHandler.appendDependency.Long Parameter List,2.2.0,2.6.0,2.7.0,5
dubbo,2.2.0,com.alibaba.dubbo.monitor.simple.pages,HostsPageHandler,handle,Complex Method,"pmd,checkstyle",dubbo-simple/dubbo-monitor-simple/src/main/java/com/alibaba/dubbo/monitor/simple/pages/HostsPageHandler.java,dubbo-simple/dubbo-monitor-simple/src/main/java/com/alibaba/dubbo/monitor/simple/pages/HostsPageHandler.java.HostsPageHandler.handle.Complex Method,2.2.0,2.6.0,2.7.0,5
dubbo,2.2.0,com.alibaba.dubbo.monitor.simple.pages,ProvidersPageHandler,handle,Complex Method,"designitejava,pmd,checkstyle",dubbo-simple/dubbo-monitor-simple/src/main/java/com/alibaba/dubbo/monitor/simple/pages/ProvidersPageHandler.java,dubbo-simple/dubbo-monitor-simple/src/main/java/com/alibaba/dubbo/monitor/simple/pages/ProvidersPageHandler.java.ProvidersPageHandler.handle.Complex Method,2.2.0,2.6.0,2.7.0,5
dubbo,2.2.0,com.alibaba.dubbo.monitor.simple.pages,ServicesPageHandler,handle,Complex Method,"pmd,checkstyle",dubbo-simple/dubbo-monitor-simple/src/main/java/com/alibaba/dubbo/monitor/simple/pages/ServicesPageHandler.java,dubbo-simple/dubbo-monitor-simple/src/main/java/com/alibaba/dubbo/monitor/simple/pages/ServicesPageHandler.java.ServicesPageHandler.handle.Complex Method,2.2.0,2.6.0,2.7.0,5
dubbo,2.2.0,com.alibaba.dubbo.monitor.simple.pages,StatisticsPageHandler,handle,Complex Method,"designitejava,pmd,checkstyle",dubbo-simple/dubbo-monitor-simple/src/main/java/com/alibaba/dubbo/monitor/simple/pages/StatisticsPageHandler.java,dubbo-simple/dubbo-monitor-simple/src/main/java/com/alibaba/dubbo/monitor/simple/pages/StatisticsPageHandler.java.StatisticsPageHandler.handle.Complex Method,2.2.0,2.6.0,2.7.0,5
dubbo,3.2.0,org.apache.dubbo.spring.boot.observability.autoconfigure.brave,BraveAutoConfiguration,braveTracing,Long Parameter List,"designitejava,checkstyle",dubbo-spring-boot/dubbo-spring-boot-observability-starter/src/main/java/org/apache/dubbo/spring/boot/observability/autoconfigure/brave/BraveAutoConfiguration.java,dubbo-spring-boot/dubbo-spring-boot-observability-starter/src/main/java/org/apache/dubbo/spring/boot/observability/autoconfigure/brave/BraveAutoConfiguration.java.BraveAutoConfiguration.braveTracing.Long Parameter List,3.2.0,3.2.0,3.3.0-beta.1,1
dubbo,2.2.0,com.alibaba.dubbo.rpc.benchmark,AbstractBenchmarkClient,getClientRunnable,Long Parameter List,"designitejava,checkstyle",dubbo-test/dubbo-test-benchmark/src/main/java/com/alibaba/dubbo/rpc/benchmark/AbstractBenchmarkClient.java,dubbo-test/dubbo-test-benchmark/src/main/java/com/alibaba/dubbo/rpc/benchmark/AbstractBenchmarkClient.java.AbstractBenchmarkClient.getClientRunnable.Long Parameter List,2.2.0,2.6.0,2.7.0,5
dubbo,2.2.0,com.alibaba.dubbo.rpc.benchmark,AbstractBenchmarkClient,run,Complex Method,"designitejava,pmd,checkstyle",dubbo-test/dubbo-test-benchmark/src/main/java/com/alibaba/dubbo/rpc/benchmark/AbstractBenchmarkClient.java,dubbo-test/dubbo-test-benchmark/src/main/java/com/alibaba/dubbo/rpc/benchmark/AbstractBenchmarkClient.java.AbstractBenchmarkClient.run.Complex Method,2.2.0,2.6.0,2.7.0,5
dubbo,2.2.0,com.alibaba.dubbo.rpc.benchmark,AbstractClientRunnable,runJavaAndHessian,Complex Method,"designitejava,pmd",dubbo-test/dubbo-test-benchmark/src/main/java/com/alibaba/dubbo/rpc/benchmark/AbstractClientRunnable.java,dubbo-test/dubbo-test-benchmark/src/main/java/com/alibaba/dubbo/rpc/benchmark/AbstractClientRunnable.java.AbstractClientRunnable.runJavaAndHessian.Complex Method,2.2.0,2.6.0,2.7.0,5
dubbo,2.2.0,com.alibaba.dubbo.rpc.benchmark,AbstractClientRunnable,sumResponseTimeSpread,Complex Method,"designitejava,pmd,checkstyle",dubbo-test/dubbo-test-benchmark/src/main/java/com/alibaba/dubbo/rpc/benchmark/AbstractClientRunnable.java,dubbo-test/dubbo-test-benchmark/src/main/java/com/alibaba/dubbo/rpc/benchmark/AbstractClientRunnable.java.AbstractClientRunnable.sumResponseTimeSpread.Complex Method,2.2.0,2.6.0,2.7.0,5
dubbo,2.2.0,com.alibaba.dubbo.rpc.benchmark,BenchmarkClient,getClientRunnable,Long Parameter List,"designitejava,checkstyle",dubbo-test/dubbo-test-benchmark/src/main/java/com/alibaba/dubbo/rpc/benchmark/BenchmarkClient.java,dubbo-test/dubbo-test-benchmark/src/main/java/com/alibaba/dubbo/rpc/benchmark/BenchmarkClient.java.BenchmarkClient.getClientRunnable.Long Parameter List,2.2.0,2.6.0,2.7.0,5
dubbo,2.2.0,com.alibaba.dubbo.rpc.benchmark,RpcBenchmarkClient,getClientRunnable,Long Parameter List,"designitejava,checkstyle",dubbo-test/dubbo-test-benchmark/src/main/java/com/alibaba/dubbo/rpc/benchmark/RpcBenchmarkClient.java,dubbo-test/dubbo-test-benchmark/src/main/java/com/alibaba/dubbo/rpc/benchmark/RpcBenchmarkClient.java.RpcBenchmarkClient.getClientRunnable.Long Parameter List,2.2.0,2.6.0,2.7.0,5
dubbo,2.2.0,com.alibaba.dubbo.rpc.benchmark,SimpleProcessorBenchmarkClientRunnable,runJavaAndHessian,Complex Method,"designitejava,pmd",dubbo-test/dubbo-test-benchmark/src/main/java/com/alibaba/dubbo/rpc/benchmark/SimpleProcessorBenchmarkClientRunnable.java,dubbo-test/dubbo-test-benchmark/src/main/java/com/alibaba/dubbo/rpc/benchmark/SimpleProcessorBenchmarkClientRunnable.java.SimpleProcessorBenchmarkClientRunnable.runJavaAndHessian.Complex Method,2.2.0,2.6.0,2.7.0,5
dubbo,2.2.0,com.alibaba.dubbo.rpc.benchmark,SimpleProcessorBenchmarkClientRunnable,sumResponseTimeSpread,Complex Method,"designitejava,pmd,checkstyle",dubbo-test/dubbo-test-benchmark/src/main/java/com/alibaba/dubbo/rpc/benchmark/SimpleProcessorBenchmarkClientRunnable.java,dubbo-test/dubbo-test-benchmark/src/main/java/com/alibaba/dubbo/rpc/benchmark/SimpleProcessorBenchmarkClientRunnable.java.SimpleProcessorBenchmarkClientRunnable.sumResponseTimeSpread.Complex Method,2.2.0,2.6.0,2.7.0,5
dubbo,2.4.0,test.backup,BenchmarkRunner,,God Class,"pmd,checkstyle",dubbo-test/dubbo-test-benchmark/src/test/backup/BenchmarkRunner.java,dubbo-test/dubbo-test-benchmark/src/test/backup/BenchmarkRunner.java.BenchmarkRunner..God Class,2.4.0,2.6.0,2.7.0,3
dubbo,2.4.0,com.dubbo.serialize.benchmark,BenchmarkRunner,addValue,Long Parameter List,"designitejava,checkstyle",dubbo-test/dubbo-test-benchmark/src/test/backup/BenchmarkRunner.java,dubbo-test/dubbo-test-benchmark/src/test/backup/BenchmarkRunner.java.BenchmarkRunner.addValue.Long Parameter List,2.4.0,2.6.0,2.7.0,3
dubbo,2.4.0,com.dubbo.serialize.benchmark,BenchmarkRunner,main,Complex Method,"designitejava,checkstyle",dubbo-test/dubbo-test-benchmark/src/test/backup/BenchmarkRunner.java,dubbo-test/dubbo-test-benchmark/src/test/backup/BenchmarkRunner.java.BenchmarkRunner.main.Complex Method,2.4.0,2.6.0,2.7.0,3
dubbo,2.4.0,com.dubbo.serialize.benchmark,BenchmarkRunner,start,Long Parameter List,"designitejava,checkstyle",dubbo-test/dubbo-test-benchmark/src/test/backup/BenchmarkRunner.java,dubbo-test/dubbo-test-benchmark/src/test/backup/BenchmarkRunner.java.BenchmarkRunner.start.Long Parameter List,2.4.0,2.6.0,2.7.0,3
dubbo,2.2.0,test.resources,BenchmarkRunner,,God Class,"pmd,checkstyle",dubbo-test/dubbo-test-benchmark/src/test/resources/BenchmarkRunner.java,dubbo-test/dubbo-test-benchmark/src/test/resources/BenchmarkRunner.java.BenchmarkRunner..God Class,2.2.0,2.3.0,2.4.0,2
dubbo,2.2.0,com.dubbo.serialize.benchmark,BenchmarkRunner,addValue,Long Parameter List,"designitejava,checkstyle",dubbo-test/dubbo-test-benchmark/src/test/resources/BenchmarkRunner.java,dubbo-test/dubbo-test-benchmark/src/test/resources/BenchmarkRunner.java.BenchmarkRunner.addValue.Long Parameter List,2.2.0,2.3.0,2.4.0,2
dubbo,2.2.0,com.dubbo.serialize.benchmark,BenchmarkRunner,main,Complex Method,"designitejava,checkstyle",dubbo-test/dubbo-test-benchmark/src/test/resources/BenchmarkRunner.java,dubbo-test/dubbo-test-benchmark/src/test/resources/BenchmarkRunner.java.BenchmarkRunner.main.Complex Method,2.2.0,2.3.0,2.4.0,2
dubbo,2.2.0,com.dubbo.serialize.benchmark,BenchmarkRunner,start,Long Parameter List,"designitejava,checkstyle",dubbo-test/dubbo-test-benchmark/src/test/resources/BenchmarkRunner.java,dubbo-test/dubbo-test-benchmark/src/test/resources/BenchmarkRunner.java.BenchmarkRunner.start.Long Parameter List,2.2.0,2.3.0,2.4.0,2
dubbo,3.2.0,org.apache.dubbo.dependency,FileTest,readSPI,Complex Method,"designitejava,pmd",dubbo-test/dubbo-test-modules/src/test/java/org/apache/dubbo/dependency/FileTest.java,dubbo-test/dubbo-test-modules/src/test/java/org/apache/dubbo/dependency/FileTest.java.FileTest.readSPI.Complex Method,3.2.0,3.3.0,3.3.0,3
dubbo,3.2.0,org.apache.dubbo.dependency,FileTest,readSPIUnexpectedResource,Complex Method,"designitejava,pmd,checkstyle",dubbo-test/dubbo-test-modules/src/test/java/org/apache/dubbo/dependency/FileTest.java,dubbo-test/dubbo-test-modules/src/test/java/org/apache/dubbo/dependency/FileTest.java.FileTest.readSPIUnexpectedResource.Complex Method,3.2.0,3.3.0,3.3.0,3
dubbo,2.1.0,com.alibaba.dubbo.validation.support.jvalidation,JValidator,createMemberValue,Complex Method,"designitejava,pmd,checkstyle",dubbo-validation/src/main/java/com/alibaba/dubbo/validation/support/jvalidation/JValidator.java,dubbo-validation/src/main/java/com/alibaba/dubbo/validation/support/jvalidation/JValidator.java.JValidator.createMemberValue.Complex Method,2.1.0,2.1.0,2.2.0,1
dubbo,2.1.0,com.alibaba.dubbo.validation.support.jvalidation,JValidator,getMethodParameterBean,Complex Method,"designitejava,pmd,checkstyle",dubbo-validation/src/main/java/com/alibaba/dubbo/validation/support/jvalidation/JValidator.java,dubbo-validation/src/main/java/com/alibaba/dubbo/validation/support/jvalidation/JValidator.java.JValidator.getMethodParameterBean.Complex Method,2.1.0,2.1.0,2.2.0,1
dubbo,2.1.0,com.alibaba.dubbo.validation.support.jvalidation,JValidator,validate,Complex Method,"designitejava,pmd",dubbo-validation/src/main/java/com/alibaba/dubbo/validation/support/jvalidation/JValidator.java,dubbo-validation/src/main/java/com/alibaba/dubbo/validation/support/jvalidation/JValidator.java.JValidator.validate.Complex Method,2.1.0,2.1.0,2.2.0,1
dubbo,3.1.0,org.apache.dubbo.registry.xds.istio,IstioCitadelCertificateSigner,createCert,Feature Envy,"designitejava,checkstyle",dubbo-xds/src/main/java/org/apache/dubbo/registry/xds/istio/IstioCitadelCertificateSigner.java,dubbo-xds/src/main/java/org/apache/dubbo/registry/xds/istio/IstioCitadelCertificateSigner.java.IstioCitadelCertificateSigner.createCert.Feature Envy,3.1.0,3.3.0-beta.1,3.3.0,4
dubbo,3.2.0,org.apache.dubbo.rpc.cluster.router.xds,RdsRouteRuleManager,doSubscribeRds,Complex Method,"designitejava,pmd",dubbo-xds/src/main/java/org/apache/dubbo/rpc/cluster/router/xds/RdsRouteRuleManager.java,dubbo-xds/src/main/java/org/apache/dubbo/rpc/cluster/router/xds/RdsRouteRuleManager.java.RdsRouteRuleManager.doSubscribeRds.Complex Method,3.2.0,3.3.0-beta.1,3.3.0,2
dubbo,3.2.0,org.apache.dubbo.rpc.cluster.router.xds,XdsRouter,doRoute,Complex Method,"designitejava,pmd,checkstyle",dubbo-xds/src/main/java/org/apache/dubbo/rpc/cluster/router/xds/XdsRouter.java,dubbo-xds/src/main/java/org/apache/dubbo/rpc/cluster/router/xds/XdsRouter.java.XdsRouter.doRoute.Complex Method,3.2.0,3.3.0-beta.1,3.3.0,2
dubbo,3.2.0,org.apache.dubbo.rpc.cluster.router.xds,XdsRouter,doRoute,Long Parameter List,"designitejava,checkstyle",dubbo-xds/src/main/java/org/apache/dubbo/rpc/cluster/router/xds/XdsRouter.java,dubbo-xds/src/main/java/org/apache/dubbo/rpc/cluster/router/xds/XdsRouter.java.XdsRouter.doRoute.Long Parameter List,3.2.0,3.3.0-beta.1,3.3.0,2
dubbo,3.2.0,org.apache.dubbo.rpc.cluster.router.xds,XdsRouter,notify,Complex Method,"designitejava,pmd",dubbo-xds/src/main/java/org/apache/dubbo/rpc/cluster/router/xds/XdsRouter.java,dubbo-xds/src/main/java/org/apache/dubbo/rpc/cluster/router/xds/XdsRouter.java.XdsRouter.notify.Complex Method,3.2.0,3.3.0-beta.1,3.3.0,2
dubbo,2.6.0,com.alibaba.com.caucho.hessian.io,ArrayDeserializer,readList,Complex Method,"designitejava,pmd",hessian-lite/src/main/java/com/alibaba/com/caucho/hessian/io/ArrayDeserializer.java,hessian-lite/src/main/java/com/alibaba/com/caucho/hessian/io/ArrayDeserializer.java.ArrayDeserializer.readList.Complex Method,2.6.0,2.6.0,2.7.0,1
dubbo,2.6.0,com.alibaba.com.caucho.hessian.io,BasicDeserializer,getType,Complex Method,"designitejava,checkstyle",hessian-lite/src/main/java/com/alibaba/com/caucho/hessian/io/BasicDeserializer.java,hessian-lite/src/main/java/com/alibaba/com/caucho/hessian/io/BasicDeserializer.java.BasicDeserializer.getType.Complex Method,2.6.0,2.6.0,2.7.0,1
dubbo,2.6.0,com.alibaba.com.caucho.hessian.io,BasicDeserializer,readLengthList,Complex Method,"designitejava,pmd,checkstyle",hessian-lite/src/main/java/com/alibaba/com/caucho/hessian/io/BasicDeserializer.java,hessian-lite/src/main/java/com/alibaba/com/caucho/hessian/io/BasicDeserializer.java.BasicDeserializer.readLengthList.Complex Method,2.6.0,2.6.0,2.7.0,1
dubbo,2.6.0,com.alibaba.com.caucho.hessian.io,BasicDeserializer,readList,Complex Method,"designitejava,pmd,checkstyle",hessian-lite/src/main/java/com/alibaba/com/caucho/hessian/io/BasicDeserializer.java,hessian-lite/src/main/java/com/alibaba/com/caucho/hessian/io/BasicDeserializer.java.BasicDeserializer.readList.Complex Method,2.6.0,2.6.0,2.7.0,1
dubbo,2.6.0,com.alibaba.com.caucho.hessian.io,BasicDeserializer,readObject,Complex Method,"designitejava,checkstyle",hessian-lite/src/main/java/com/alibaba/com/caucho/hessian/io/BasicDeserializer.java,hessian-lite/src/main/java/com/alibaba/com/caucho/hessian/io/BasicDeserializer.java.BasicDeserializer.readObject.Complex Method,2.6.0,2.6.0,2.7.0,1
dubbo,2.6.0,com.alibaba.com.caucho.hessian.io,BasicSerializer,writeObject,Complex Method,"designitejava,pmd,checkstyle",hessian-lite/src/main/java/com/alibaba/com/caucho/hessian/io/BasicSerializer.java,hessian-lite/src/main/java/com/alibaba/com/caucho/hessian/io/BasicSerializer.java.BasicSerializer.writeObject.Complex Method,2.6.0,2.6.0,2.7.0,1
dubbo,2.6.0,com.alibaba.com.caucho.hessian.io,BeanDeserializer,getMethodMap,Complex Method,"designitejava,pmd,checkstyle",hessian-lite/src/main/java/com/alibaba/com/caucho/hessian/io/BeanDeserializer.java,hessian-lite/src/main/java/com/alibaba/com/caucho/hessian/io/BeanDeserializer.java.BeanDeserializer.getMethodMap.Complex Method,2.6.0,2.6.0,2.7.0,1
dubbo,2.6.0,com.alibaba.com.caucho.hessian.io,BeanSerializer,BeanSerializer,Complex Method,"designitejava,checkstyle",hessian-lite/src/main/java/com/alibaba/com/caucho/hessian/io/BeanSerializer.java,hessian-lite/src/main/java/com/alibaba/com/caucho/hessian/io/BeanSerializer.java.BeanSerializer.BeanSerializer.Complex Method,2.6.0,2.6.0,2.7.0,1
dubbo,2.6.0,com.alibaba.com.caucho.hessian.io,BeanSerializer,writeObject,Complex Method,"designitejava,pmd,checkstyle",hessian-lite/src/main/java/com/alibaba/com/caucho/hessian/io/BeanSerializer.java,hessian-lite/src/main/java/com/alibaba/com/caucho/hessian/io/BeanSerializer.java.BeanSerializer.writeObject.Complex Method,2.6.0,2.6.0,2.7.0,1
dubbo,2.6.0,com.alibaba.com.caucho.hessian.io,CollectionDeserializer,createList,Complex Method,"designitejava,pmd",hessian-lite/src/main/java/com/alibaba/com/caucho/hessian/io/CollectionDeserializer.java,hessian-lite/src/main/java/com/alibaba/com/caucho/hessian/io/CollectionDeserializer.java.CollectionDeserializer.createList.Complex Method,2.6.0,2.6.0,2.7.0,1
dubbo,2.6.0,com.alibaba.com.caucho.hessian.io,Hessian2Input,,God Class,"pmd,checkstyle",hessian-lite/src/main/java/com/alibaba/com/caucho/hessian/io/Hessian2Input.java,hessian-lite/src/main/java/com/alibaba/com/caucho/hessian/io/Hessian2Input.java.Hessian2Input..God Class,2.6.0,2.6.0,2.7.0,1
dubbo,2.6.0,com.alibaba.com.caucho.hessian.io,Hessian2Input,read,Complex Method,"designitejava,pmd,checkstyle",hessian-lite/src/main/java/com/alibaba/com/caucho/hessian/io/Hessian2Input.java,hessian-lite/src/main/java/com/alibaba/com/caucho/hessian/io/Hessian2Input.java.Hessian2Input.read.Complex Method,2.6.0,2.6.0,2.7.0,1
dubbo,2.6.0,com.alibaba.com.caucho.hessian.io,Hessian2Input,readBoolean,Complex Method,"designitejava,checkstyle",hessian-lite/src/main/java/com/alibaba/com/caucho/hessian/io/Hessian2Input.java,hessian-lite/src/main/java/com/alibaba/com/caucho/hessian/io/Hessian2Input.java.Hessian2Input.readBoolean.Complex Method,2.6.0,2.6.0,2.7.0,1
dubbo,2.6.0,com.alibaba.com.caucho.hessian.io,Hessian2Input,readBytes,Complex Method,"designitejava,pmd,checkstyle",hessian-lite/src/main/java/com/alibaba/com/caucho/hessian/io/Hessian2Input.java,hessian-lite/src/main/java/com/alibaba/com/caucho/hessian/io/Hessian2Input.java.Hessian2Input.readBytes.Complex Method,2.6.0,2.6.0,2.7.0,1
dubbo,2.6.0,com.alibaba.com.caucho.hessian.io,Hessian2Input,readDouble,Complex Method,"designitejava,checkstyle",hessian-lite/src/main/java/com/alibaba/com/caucho/hessian/io/Hessian2Input.java,hessian-lite/src/main/java/com/alibaba/com/caucho/hessian/io/Hessian2Input.java.Hessian2Input.readDouble.Complex Method,2.6.0,2.6.0,2.7.0,1
dubbo,2.6.0,com.alibaba.com.caucho.hessian.io,Hessian2Input,readInt,Complex Method,"designitejava,checkstyle",hessian-lite/src/main/java/com/alibaba/com/caucho/hessian/io/Hessian2Input.java,hessian-lite/src/main/java/com/alibaba/com/caucho/hessian/io/Hessian2Input.java.Hessian2Input.readInt.Complex Method,2.6.0,2.6.0,2.7.0,1
dubbo,2.6.0,com.alibaba.com.caucho.hessian.io,Hessian2Input,readLong,Complex Method,"designitejava,checkstyle",hessian-lite/src/main/java/com/alibaba/com/caucho/hessian/io/Hessian2Input.java,hessian-lite/src/main/java/com/alibaba/com/caucho/hessian/io/Hessian2Input.java.Hessian2Input.readLong.Complex Method,2.6.0,2.6.0,2.7.0,1
dubbo,2.6.0,com.alibaba.com.caucho.hessian.io,Hessian2Input,readObject,Complex Method,"designitejava,pmd,checkstyle",hessian-lite/src/main/java/com/alibaba/com/caucho/hessian/io/Hessian2Input.java,hessian-lite/src/main/java/com/alibaba/com/caucho/hessian/io/Hessian2Input.java.Hessian2Input.readObject.Complex Method,2.6.0,2.6.0,2.7.0,1
dubbo,2.6.0,com.alibaba.com.caucho.hessian.io,Hessian2Input,readString,Complex Method,"designitejava,pmd,checkstyle",hessian-lite/src/main/java/com/alibaba/com/caucho/hessian/io/Hessian2Input.java,hessian-lite/src/main/java/com/alibaba/com/caucho/hessian/io/Hessian2Input.java.Hessian2Input.readString.Complex Method,2.6.0,2.6.0,2.7.0,1
dubbo,2.6.0,com.alibaba.com.caucho.hessian.io,Hessian2Output,,God Class,"pmd,checkstyle",hessian-lite/src/main/java/com/alibaba/com/caucho/hessian/io/Hessian2Output.java,hessian-lite/src/main/java/com/alibaba/com/caucho/hessian/io/Hessian2Output.java.Hessian2Output..God Class,2.6.0,2.6.0,2.7.0,1
dubbo,2.6.0,com.alibaba.com.caucho.hessian.io,Hessian2Output,addRef,Feature Envy,"designitejava,checkstyle",hessian-lite/src/main/java/com/alibaba/com/caucho/hessian/io/Hessian2Output.java,hessian-lite/src/main/java/com/alibaba/com/caucho/hessian/io/Hessian2Output.java.Hessian2Output.addRef.Feature Envy,2.6.0,2.6.0,2.7.0,1
dubbo,2.6.0,com.alibaba.com.caucho.hessian.io,Hessian2Output,writeBytes,Complex Method,"designitejava,pmd",hessian-lite/src/main/java/com/alibaba/com/caucho/hessian/io/Hessian2Output.java,hessian-lite/src/main/java/com/alibaba/com/caucho/hessian/io/Hessian2Output.java.Hessian2Output.writeBytes.Complex Method,2.6.0,2.6.0,2.7.0,1
dubbo,2.6.0,com.alibaba.com.caucho.hessian.io,Hessian2Output,writeString,Complex Method,"designitejava,pmd",hessian-lite/src/main/java/com/alibaba/com/caucho/hessian/io/Hessian2Output.java,hessian-lite/src/main/java/com/alibaba/com/caucho/hessian/io/Hessian2Output.java.Hessian2Output.writeString.Complex Method,2.6.0,2.6.0,2.7.0,1
dubbo,2.6.0,com.alibaba.com.caucho.hessian.io,HessianInput,,God Class,"pmd,checkstyle",hessian-lite/src/main/java/com/alibaba/com/caucho/hessian/io/HessianInput.java,hessian-lite/src/main/java/com/alibaba/com/caucho/hessian/io/HessianInput.java.HessianInput..God Class,2.6.0,2.6.0,2.7.0,1
dubbo,2.6.0,com.alibaba.com.caucho.hessian.io,HessianInput,readBytes,Complex Method,"designitejava,pmd,checkstyle",hessian-lite/src/main/java/com/alibaba/com/caucho/hessian/io/HessianInput.java,hessian-lite/src/main/java/com/alibaba/com/caucho/hessian/io/HessianInput.java.HessianInput.readBytes.Complex Method,2.6.0,2.6.0,2.7.0,1
dubbo,2.6.0,com.alibaba.com.caucho.hessian.io,HessianInput,readObject,Complex Method,"designitejava,checkstyle",hessian-lite/src/main/java/com/alibaba/com/caucho/hessian/io/HessianInput.java,hessian-lite/src/main/java/com/alibaba/com/caucho/hessian/io/HessianInput.java.HessianInput.readObject.Complex Method,2.6.0,2.6.0,2.7.0,1
dubbo,2.6.0,com.alibaba.com.caucho.hessian.io,HessianInput,readString,Complex Method,"designitejava,pmd,checkstyle",hessian-lite/src/main/java/com/alibaba/com/caucho/hessian/io/HessianInput.java,hessian-lite/src/main/java/com/alibaba/com/caucho/hessian/io/HessianInput.java.HessianInput.readString.Complex Method,2.6.0,2.6.0,2.7.0,1
dubbo,2.6.0,com.alibaba.com.caucho.hessian.io,JavaDeserializer,JavaDeserializer,Complex Method,"designitejava,checkstyle",hessian-lite/src/main/java/com/alibaba/com/caucho/hessian/io/JavaDeserializer.java,hessian-lite/src/main/java/com/alibaba/com/caucho/hessian/io/JavaDeserializer.java.JavaDeserializer.JavaDeserializer.Complex Method,2.6.0,2.6.0,2.7.0,1
dubbo,2.6.0,com.alibaba.com.caucho.hessian.io,JavaDeserializer,getFieldMap,Complex Method,"designitejava,pmd,checkstyle",hessian-lite/src/main/java/com/alibaba/com/caucho/hessian/io/JavaDeserializer.java,hessian-lite/src/main/java/com/alibaba/com/caucho/hessian/io/JavaDeserializer.java.JavaDeserializer.getFieldMap.Complex Method,2.6.0,2.6.0,2.7.0,1
dubbo,2.6.0,com.alibaba.com.caucho.hessian.io,LocaleHandle,readResolve,Complex Method,"designitejava,pmd,checkstyle",hessian-lite/src/main/java/com/alibaba/com/caucho/hessian/io/LocaleHandle.java,hessian-lite/src/main/java/com/alibaba/com/caucho/hessian/io/LocaleHandle.java.LocaleHandle.readResolve.Complex Method,2.6.0,2.6.0,2.7.0,1
dubbo,2.6.0,com.alibaba.com.caucho.hessian.io,SerializerFactory,,God Class,"pmd,checkstyle",hessian-lite/src/main/java/com/alibaba/com/caucho/hessian/io/SerializerFactory.java,hessian-lite/src/main/java/com/alibaba/com/caucho/hessian/io/SerializerFactory.java.SerializerFactory..God Class,2.6.0,2.6.0,2.7.0,1
dubbo,2.6.0,com.alibaba.com.caucho.hessian.io,SerializerFactory,getDeserializer,Complex Method,"designitejava,pmd,checkstyle",hessian-lite/src/main/java/com/alibaba/com/caucho/hessian/io/SerializerFactory.java,hessian-lite/src/main/java/com/alibaba/com/caucho/hessian/io/SerializerFactory.java.SerializerFactory.getDeserializer.Complex Method,2.6.0,2.6.0,2.7.0,1
dubbo,2.6.0,com.alibaba.com.caucho.hessian.io,SerializerFactory,getSerializer,Complex Method,"designitejava,pmd,checkstyle",hessian-lite/src/main/java/com/alibaba/com/caucho/hessian/io/SerializerFactory.java,hessian-lite/src/main/java/com/alibaba/com/caucho/hessian/io/SerializerFactory.java.SerializerFactory.getSerializer.Complex Method,2.6.0,2.6.0,2.7.0,1
