Project,Version,Package Name,Type Name,Method Name,Smell,checker,File Path,SmellID,begin,end,disappear,gap
jedis,1.4.0,redis.clients.jedis,BinaryClient,,God Class,"pmd,checkstyle",src/main/java/redis/clients/jedis/BinaryClient.java,src/main/java/redis/clients/jedis/BinaryClient.java.BinaryClient..God Class,1.4.0,3.10.0,4.0.0-beta1,31
jedis,2.8.0,redis.clients.jedis,BinaryClient,georadius,Long Parameter List,"designitejava,checkstyle",src/main/java/redis/clients/jedis/BinaryClient.java,src/main/java/redis/clients/jedis/BinaryClient.java.BinaryClient.georadius.Long Parameter List,2.8.0,3.10.0,4.0.0-beta1,20
jedis,3.4.0,redis.clients.jedis,BinaryClient,georadiusByMemberStore,Long Parameter List,"designitejava,checkstyle",src/main/java/redis/clients/jedis/BinaryClient.java,src/main/java/redis/clients/jedis/BinaryClient.java.BinaryClient.georadiusByMemberStore.Long Parameter List,3.4.0,3.10.0,4.0.0-beta1,9
jedis,2.10.0-m1,redis.clients.jedis,BinaryClient,georadiusReadonly,Long Parameter List,"designitejava,checkstyle",src/main/java/redis/clients/jedis/BinaryClient.java,src/main/java/redis/clients/jedis/BinaryClient.java.BinaryClient.georadiusReadonly.Long Parameter List,2.10.0-m1,3.10.0,4.0.0-beta1,18
jedis,3.4.0,redis.clients.jedis,BinaryClient,georadiusStore,Long Parameter List,"designitejava,checkstyle",src/main/java/redis/clients/jedis/BinaryClient.java,src/main/java/redis/clients/jedis/BinaryClient.java.BinaryClient.georadiusStore.Long Parameter List,3.4.0,3.10.0,4.0.0-beta1,9
jedis,3.7.0-RC1,redis.clients.jedis,BinaryClient,xautoclaim,Long Parameter List,"designitejava,checkstyle",src/main/java/redis/clients/jedis/BinaryClient.java,src/main/java/redis/clients/jedis/BinaryClient.java.BinaryClient.xautoclaim.Long Parameter List,3.7.0-RC1,3.10.0,4.0.0-beta1,5
jedis,3.7.0-RC1,redis.clients.jedis,BinaryClient,xautoclaimJustId,Long Parameter List,"designitejava,checkstyle",src/main/java/redis/clients/jedis/BinaryClient.java,src/main/java/redis/clients/jedis/BinaryClient.java.BinaryClient.xautoclaimJustId.Long Parameter List,3.7.0-RC1,3.10.0,4.0.0-beta1,5
jedis,3.1.0-m1,redis.clients.jedis,BinaryClient,xclaim,Long Parameter List,"designitejava,checkstyle",src/main/java/redis/clients/jedis/BinaryClient.java,src/main/java/redis/clients/jedis/BinaryClient.java.BinaryClient.xclaim.Long Parameter List,3.1.0-m1,3.10.0,4.0.0-beta1,14
jedis,3.6.0-rc1,redis.clients.jedis,BinaryClient,xclaimJustId,Long Parameter List,"designitejava,checkstyle",src/main/java/redis/clients/jedis/BinaryClient.java,src/main/java/redis/clients/jedis/BinaryClient.java.BinaryClient.xclaimJustId.Long Parameter List,3.6.0-rc1,3.10.0,4.0.0-beta1,7
jedis,3.1.0-m1,redis.clients.jedis,BinaryClient,xpending,Long Parameter List,"designitejava,checkstyle",src/main/java/redis/clients/jedis/BinaryClient.java,src/main/java/redis/clients/jedis/BinaryClient.java.BinaryClient.xpending.Long Parameter List,3.1.0-m1,3.10.0,4.0.0-beta1,14
jedis,3.1.0-m1,redis.clients.jedis,BinaryClient,xreadGroup,Long Parameter List,"designitejava,checkstyle",src/main/java/redis/clients/jedis/BinaryClient.java,src/main/java/redis/clients/jedis/BinaryClient.java.BinaryClient.xreadGroup.Long Parameter List,3.1.0-m1,3.10.0,4.0.0-beta1,14
jedis,1.4.0,redis.clients.jedis,BinaryJedis,,God Class,"pmd,checkstyle",src/main/java/redis/clients/jedis/BinaryJedis.java,src/main/java/redis/clients/jedis/BinaryJedis.java.BinaryJedis..God Class,1.4.0,3.10.0,4.0.0-beta1,31
jedis,2.8.0,redis.clients.jedis,BinaryJedis,georadius,Long Parameter List,"designitejava,checkstyle",src/main/java/redis/clients/jedis/BinaryJedis.java,src/main/java/redis/clients/jedis/BinaryJedis.java.BinaryJedis.georadius.Long Parameter List,2.8.0,3.10.0,4.0.0-beta1,20
jedis,3.4.0,redis.clients.jedis,BinaryJedis,georadiusByMemberStore,Long Parameter List,"designitejava,checkstyle",src/main/java/redis/clients/jedis/BinaryJedis.java,src/main/java/redis/clients/jedis/BinaryJedis.java.BinaryJedis.georadiusByMemberStore.Long Parameter List,3.4.0,3.10.0,4.0.0-beta1,9
jedis,2.10.0-m1,redis.clients.jedis,BinaryJedis,georadiusReadonly,Long Parameter List,"designitejava,checkstyle",src/main/java/redis/clients/jedis/BinaryJedis.java,src/main/java/redis/clients/jedis/BinaryJedis.java.BinaryJedis.georadiusReadonly.Long Parameter List,2.10.0-m1,3.10.0,4.0.0-beta1,18
jedis,3.4.0,redis.clients.jedis,BinaryJedis,georadiusStore,Long Parameter List,"designitejava,checkstyle",src/main/java/redis/clients/jedis/BinaryJedis.java,src/main/java/redis/clients/jedis/BinaryJedis.java.BinaryJedis.georadiusStore.Long Parameter List,3.4.0,3.10.0,4.0.0-beta1,9
jedis,2.8.0,redis.clients.jedis,BinaryJedisCluster,,God Class,"pmd,checkstyle",src/main/java/redis/clients/jedis/BinaryJedisCluster.java,src/main/java/redis/clients/jedis/BinaryJedisCluster.java.BinaryJedisCluster..God Class,2.8.0,3.10.0,4.0.0-beta1,20
jedis,2.8.0,redis.clients.jedis,BinaryJedisCluster,georadius,Long Parameter List,"designitejava,checkstyle",src/main/java/redis/clients/jedis/BinaryJedisCluster.java,src/main/java/redis/clients/jedis/BinaryJedisCluster.java.BinaryJedisCluster.georadius.Long Parameter List,2.8.0,3.10.0,4.0.0-beta1,20
jedis,3.4.0,redis.clients.jedis,BinaryJedisCluster,georadiusByMemberStore,Long Parameter List,"designitejava,checkstyle",src/main/java/redis/clients/jedis/BinaryJedisCluster.java,src/main/java/redis/clients/jedis/BinaryJedisCluster.java.BinaryJedisCluster.georadiusByMemberStore.Long Parameter List,3.4.0,3.10.0,4.0.0-beta1,9
jedis,2.10.0-m1,redis.clients.jedis,BinaryJedisCluster,georadiusReadonly,Long Parameter List,"designitejava,checkstyle",src/main/java/redis/clients/jedis/BinaryJedisCluster.java,src/main/java/redis/clients/jedis/BinaryJedisCluster.java.BinaryJedisCluster.georadiusReadonly.Long Parameter List,2.10.0-m1,3.10.0,4.0.0-beta1,18
jedis,3.4.0,redis.clients.jedis,BinaryJedisCluster,georadiusStore,Long Parameter List,"designitejava,checkstyle",src/main/java/redis/clients/jedis/BinaryJedisCluster.java,src/main/java/redis/clients/jedis/BinaryJedisCluster.java.BinaryJedisCluster.georadiusStore.Long Parameter List,3.4.0,3.10.0,4.0.0-beta1,9
jedis,2.8.0,redis.clients.jedis,BinaryJedisClusterCommands,,God Class,"pmd,checkstyle",src/main/java/redis/clients/jedis/BinaryJedisClusterCommands.java,src/main/java/redis/clients/jedis/BinaryJedisClusterCommands.java.BinaryJedisClusterCommands..God Class,2.8.0,2.10.0,3.0.0-m1,4
jedis,2.8.0,redis.clients.jedis,BinaryJedisClusterCommands,georadius,Long Parameter List,"designitejava,checkstyle",src/main/java/redis/clients/jedis/BinaryJedisClusterCommands.java,src/main/java/redis/clients/jedis/BinaryJedisClusterCommands.java.BinaryJedisClusterCommands.georadius.Long Parameter List,2.8.0,2.10.0,3.0.0-m1,4
jedis,2.10.0-m1,redis.clients.jedis,BinaryJedisClusterCommands,georadiusReadonly,Long Parameter List,"designitejava,checkstyle",src/main/java/redis/clients/jedis/BinaryJedisClusterCommands.java,src/main/java/redis/clients/jedis/BinaryJedisClusterCommands.java.BinaryJedisClusterCommands.georadiusReadonly.Long Parameter List,2.10.0-m1,2.10.0,3.0.0-m1,2
jedis,2.8.0,redis.clients.jedis,BinaryJedisCommands,georadius,Long Parameter List,"designitejava,checkstyle",src/main/java/redis/clients/jedis/BinaryJedisCommands.java,src/main/java/redis/clients/jedis/BinaryJedisCommands.java.BinaryJedisCommands.georadius.Long Parameter List,2.8.0,2.10.0,3.0.0-m1,4
jedis,2.10.0-m1,redis.clients.jedis,BinaryJedisCommands,georadiusReadonly,Long Parameter List,"designitejava,checkstyle",src/main/java/redis/clients/jedis/BinaryJedisCommands.java,src/main/java/redis/clients/jedis/BinaryJedisCommands.java.BinaryJedisCommands.georadiusReadonly.Long Parameter List,2.10.0-m1,2.10.0,3.0.0-m1,2
jedis,2.2.0,redis.clients.jedis,BinaryRedisPipeline,,God Class,"pmd,checkstyle",src/main/java/redis/clients/jedis/BinaryRedisPipeline.java,src/main/java/redis/clients/jedis/BinaryRedisPipeline.java.BinaryRedisPipeline..God Class,2.2.0,2.10.0,3.0.0-m1,10
jedis,2.8.0,redis.clients.jedis,BinaryRedisPipeline,georadius,Long Parameter List,"designitejava,checkstyle",src/main/java/redis/clients/jedis/BinaryRedisPipeline.java,src/main/java/redis/clients/jedis/BinaryRedisPipeline.java.BinaryRedisPipeline.georadius.Long Parameter List,2.8.0,2.10.0,3.0.0-m1,4
jedis,2.10.0-m1,redis.clients.jedis,BinaryRedisPipeline,georadiusReadonly,Long Parameter List,"designitejava,checkstyle",src/main/java/redis/clients/jedis/BinaryRedisPipeline.java,src/main/java/redis/clients/jedis/BinaryRedisPipeline.java.BinaryRedisPipeline.georadiusReadonly.Long Parameter List,2.10.0-m1,2.10.0,3.0.0-m1,2
jedis,2.8.0,redis.clients.jedis,BinaryShardedJedis,georadius,Long Parameter List,"designitejava,checkstyle",src/main/java/redis/clients/jedis/BinaryShardedJedis.java,src/main/java/redis/clients/jedis/BinaryShardedJedis.java.BinaryShardedJedis.georadius.Long Parameter List,2.8.0,3.10.0,4.0.0-beta1,20
jedis,2.10.0-m1,redis.clients.jedis,BinaryShardedJedis,georadiusReadonly,Long Parameter List,"designitejava,checkstyle",src/main/java/redis/clients/jedis/BinaryShardedJedis.java,src/main/java/redis/clients/jedis/BinaryShardedJedis.java.BinaryShardedJedis.georadiusReadonly.Long Parameter List,2.10.0-m1,3.10.0,4.0.0-beta1,18
jedis,3.7.0-RC1,redis.clients.jedis,BinaryShardedJedis,xautoclaim,Long Parameter List,"designitejava,checkstyle",src/main/java/redis/clients/jedis/BinaryShardedJedis.java,src/main/java/redis/clients/jedis/BinaryShardedJedis.java.BinaryShardedJedis.xautoclaim.Long Parameter List,3.7.0-RC1,3.10.0,4.0.0-beta1,5
jedis,3.7.0-RC1,redis.clients.jedis,BinaryShardedJedis,xautoclaimJustId,Long Parameter List,"designitejava,checkstyle",src/main/java/redis/clients/jedis/BinaryShardedJedis.java,src/main/java/redis/clients/jedis/BinaryShardedJedis.java.BinaryShardedJedis.xautoclaimJustId.Long Parameter List,3.7.0-RC1,3.10.0,4.0.0-beta1,5
jedis,3.6.0-rc1,redis.clients.jedis,BinaryShardedJedis,xclaimJustId,Long Parameter List,"designitejava,checkstyle",src/main/java/redis/clients/jedis/BinaryShardedJedis.java,src/main/java/redis/clients/jedis/BinaryShardedJedis.java.BinaryShardedJedis.xclaimJustId.Long Parameter List,3.6.0-rc1,3.10.0,4.0.0-beta1,7
jedis,1.4.0,redis.clients.jedis,BinaryTransaction,,God Class,"pmd,checkstyle",src/main/java/redis/clients/jedis/BinaryTransaction.java,src/main/java/redis/clients/jedis/BinaryTransaction.java.BinaryTransaction..God Class,1.4.0,2.1.0,2.2.0,5
jedis,2.8.0,redis.clients.jedis,BuilderFactory,build,Complex Method,"designitejava,pmd",src/main/java/redis/clients/jedis/BuilderFactory.java,src/main/java/redis/clients/jedis/BuilderFactory.java.BuilderFactory.build.Complex Method,2.8.0,5.3.0-beta1,5.3.0-beta1,40
jedis,1.0.0,redis.clients.jedis,Client,,God Class,"pmd,checkstyle",src/main/java/redis/clients/jedis/Client.java,src/main/java/redis/clients/jedis/Client.java.Client..God Class,1.0.0,3.10.0,4.0.0-beta1,33
jedis,2.8.0,redis.clients.jedis,Client,georadius,Long Parameter List,"designitejava,checkstyle",src/main/java/redis/clients/jedis/Client.java,src/main/java/redis/clients/jedis/Client.java.Client.georadius.Long Parameter List,2.8.0,3.10.0,4.0.0-beta1,20
jedis,3.4.0,redis.clients.jedis,Client,georadiusByMemberStore,Long Parameter List,"designitejava,checkstyle",src/main/java/redis/clients/jedis/Client.java,src/main/java/redis/clients/jedis/Client.java.Client.georadiusByMemberStore.Long Parameter List,3.4.0,3.10.0,4.0.0-beta1,9
jedis,2.10.0-m1,redis.clients.jedis,Client,georadiusReadonly,Long Parameter List,"designitejava,checkstyle",src/main/java/redis/clients/jedis/Client.java,src/main/java/redis/clients/jedis/Client.java.Client.georadiusReadonly.Long Parameter List,2.10.0-m1,3.10.0,4.0.0-beta1,18
jedis,3.4.0,redis.clients.jedis,Client,georadiusStore,Long Parameter List,"designitejava,checkstyle",src/main/java/redis/clients/jedis/Client.java,src/main/java/redis/clients/jedis/Client.java.Client.georadiusStore.Long Parameter List,3.4.0,3.10.0,4.0.0-beta1,9
jedis,3.7.0-RC1,redis.clients.jedis,Client,xautoclaim,Long Parameter List,"designitejava,checkstyle",src/main/java/redis/clients/jedis/Client.java,src/main/java/redis/clients/jedis/Client.java.Client.xautoclaim.Long Parameter List,3.7.0-RC1,3.10.0,4.0.0-beta1,5
jedis,3.7.0-RC1,redis.clients.jedis,Client,xautoclaimJustId,Long Parameter List,"designitejava,checkstyle",src/main/java/redis/clients/jedis/Client.java,src/main/java/redis/clients/jedis/Client.java.Client.xautoclaimJustId.Long Parameter List,3.7.0-RC1,3.10.0,4.0.0-beta1,5
jedis,3.1.0-m1,redis.clients.jedis,Client,xclaim,Long Parameter List,"designitejava,checkstyle",src/main/java/redis/clients/jedis/Client.java,src/main/java/redis/clients/jedis/Client.java.Client.xclaim.Long Parameter List,3.1.0-m1,3.10.0,4.0.0-beta1,14
jedis,3.6.0-rc1,redis.clients.jedis,Client,xclaimJustId,Long Parameter List,"designitejava,checkstyle",src/main/java/redis/clients/jedis/Client.java,src/main/java/redis/clients/jedis/Client.java.Client.xclaimJustId.Long Parameter List,3.6.0-rc1,3.10.0,4.0.0-beta1,7
jedis,3.1.0-m1,redis.clients.jedis,Client,xpending,Long Parameter List,"designitejava,checkstyle",src/main/java/redis/clients/jedis/Client.java,src/main/java/redis/clients/jedis/Client.java.Client.xpending.Long Parameter List,3.1.0-m1,3.10.0,4.0.0-beta1,14
jedis,3.1.0-m1,redis.clients.jedis,Client,xreadGroup,Long Parameter List,"designitejava,checkstyle",src/main/java/redis/clients/jedis/Client.java,src/main/java/redis/clients/jedis/Client.java.Client.xreadGroup.Long Parameter List,3.1.0-m1,3.10.0,4.0.0-beta1,14
jedis,4.0.0-beta1,redis.clients.jedis,ClusterPipeline,,God Class,"pmd,checkstyle",src/main/java/redis/clients/jedis/ClusterPipeline.java,src/main/java/redis/clients/jedis/ClusterPipeline.java.ClusterPipeline..God Class,4.0.0-beta1,4.0.0-beta1,4.0.0-RC1,1
jedis,4.0.0-beta1,redis.clients.jedis,ClusterPipeline,georadius,Long Parameter List,"designitejava,checkstyle",src/main/java/redis/clients/jedis/ClusterPipeline.java,src/main/java/redis/clients/jedis/ClusterPipeline.java.ClusterPipeline.georadius.Long Parameter List,4.0.0-beta1,4.0.0-beta1,4.0.0-RC1,1
jedis,4.0.0-beta1,redis.clients.jedis,ClusterPipeline,georadiusByMemberStore,Long Parameter List,"designitejava,checkstyle",src/main/java/redis/clients/jedis/ClusterPipeline.java,src/main/java/redis/clients/jedis/ClusterPipeline.java.ClusterPipeline.georadiusByMemberStore.Long Parameter List,4.0.0-beta1,4.0.0-beta1,4.0.0-RC1,1
jedis,4.0.0-beta1,redis.clients.jedis,ClusterPipeline,georadiusReadonly,Long Parameter List,"designitejava,checkstyle",src/main/java/redis/clients/jedis/ClusterPipeline.java,src/main/java/redis/clients/jedis/ClusterPipeline.java.ClusterPipeline.georadiusReadonly.Long Parameter List,4.0.0-beta1,4.0.0-beta1,4.0.0-RC1,1
jedis,4.0.0-beta1,redis.clients.jedis,ClusterPipeline,georadiusStore,Long Parameter List,"designitejava,checkstyle",src/main/java/redis/clients/jedis/ClusterPipeline.java,src/main/java/redis/clients/jedis/ClusterPipeline.java.ClusterPipeline.georadiusStore.Long Parameter List,4.0.0-beta1,4.0.0-beta1,4.0.0-RC1,1
jedis,4.0.0-beta1,redis.clients.jedis,ClusterPipeline,xautoclaim,Long Parameter List,"designitejava,checkstyle",src/main/java/redis/clients/jedis/ClusterPipeline.java,src/main/java/redis/clients/jedis/ClusterPipeline.java.ClusterPipeline.xautoclaim.Long Parameter List,4.0.0-beta1,4.0.0-beta1,4.0.0-RC1,1
jedis,4.0.0-beta1,redis.clients.jedis,ClusterPipeline,xautoclaimJustId,Long Parameter List,"designitejava,checkstyle",src/main/java/redis/clients/jedis/ClusterPipeline.java,src/main/java/redis/clients/jedis/ClusterPipeline.java.ClusterPipeline.xautoclaimJustId.Long Parameter List,4.0.0-beta1,4.0.0-beta1,4.0.0-RC1,1
jedis,4.0.0-beta1,redis.clients.jedis,ClusterPipeline,xclaim,Long Parameter List,"designitejava,checkstyle",src/main/java/redis/clients/jedis/ClusterPipeline.java,src/main/java/redis/clients/jedis/ClusterPipeline.java.ClusterPipeline.xclaim.Long Parameter List,4.0.0-beta1,4.0.0-beta1,4.0.0-RC1,1
jedis,4.0.0-beta1,redis.clients.jedis,ClusterPipeline,xclaimJustId,Long Parameter List,"designitejava,checkstyle",src/main/java/redis/clients/jedis/ClusterPipeline.java,src/main/java/redis/clients/jedis/ClusterPipeline.java.ClusterPipeline.xclaimJustId.Long Parameter List,4.0.0-beta1,4.0.0-beta1,4.0.0-RC1,1
jedis,4.0.0-beta1,redis.clients.jedis,ClusterPipeline,xpending,Long Parameter List,"designitejava,checkstyle",src/main/java/redis/clients/jedis/ClusterPipeline.java,src/main/java/redis/clients/jedis/ClusterPipeline.java.ClusterPipeline.xpending.Long Parameter List,4.0.0-beta1,4.0.0-beta1,4.0.0-RC1,1
jedis,5.1.0,redis.clients.jedis,CommandArguments,add,Complex Method,"designitejava,pmd,checkstyle",src/main/java/redis/clients/jedis/CommandArguments.java,src/main/java/redis/clients/jedis/CommandArguments.java.CommandArguments.add.Complex Method,5.1.0,5.3.0-beta1,5.3.0-beta1,5
jedis,4.0.0-RC1,redis.clients.jedis,CommandObjects,,God Class,"pmd,checkstyle",src/main/java/redis/clients/jedis/CommandObjects.java,src/main/java/redis/clients/jedis/CommandObjects.java.CommandObjects..God Class,4.0.0-RC1,5.3.0-beta1,5.3.0-beta1,19
jedis,4.0.0-RC1,redis.clients.jedis,CommandObjects,georadius,Long Parameter List,"designitejava,checkstyle",src/main/java/redis/clients/jedis/CommandObjects.java,src/main/java/redis/clients/jedis/CommandObjects.java.CommandObjects.georadius.Long Parameter List,4.0.0-RC1,5.3.0-beta1,5.3.0-beta1,19
jedis,4.0.0-RC1,redis.clients.jedis,CommandObjects,georadiusByMemberStore,Long Parameter List,"designitejava,checkstyle",src/main/java/redis/clients/jedis/CommandObjects.java,src/main/java/redis/clients/jedis/CommandObjects.java.CommandObjects.georadiusByMemberStore.Long Parameter List,4.0.0-RC1,5.3.0-beta1,5.3.0-beta1,19
jedis,4.0.0-RC1,redis.clients.jedis,CommandObjects,georadiusReadonly,Long Parameter List,"designitejava,checkstyle",src/main/java/redis/clients/jedis/CommandObjects.java,src/main/java/redis/clients/jedis/CommandObjects.java.CommandObjects.georadiusReadonly.Long Parameter List,4.0.0-RC1,5.3.0-beta1,5.3.0-beta1,19
jedis,4.0.0-RC1,redis.clients.jedis,CommandObjects,georadiusStore,Long Parameter List,"designitejava,checkstyle",src/main/java/redis/clients/jedis/CommandObjects.java,src/main/java/redis/clients/jedis/CommandObjects.java.CommandObjects.georadiusStore.Long Parameter List,4.0.0-RC1,5.3.0-beta1,5.3.0-beta1,19
jedis,4.1.0,redis.clients.jedis,CommandObjects,geosearchStore,Long Parameter List,"designitejava,checkstyle",src/main/java/redis/clients/jedis/CommandObjects.java,src/main/java/redis/clients/jedis/CommandObjects.java.CommandObjects.geosearchStore.Long Parameter List,4.1.0,5.3.0-beta1,5.3.0-beta1,17
jedis,4.0.0-RC1,redis.clients.jedis,CommandObjects,xautoclaim,Long Parameter List,"designitejava,checkstyle",src/main/java/redis/clients/jedis/CommandObjects.java,src/main/java/redis/clients/jedis/CommandObjects.java.CommandObjects.xautoclaim.Long Parameter List,4.0.0-RC1,5.3.0-beta1,5.3.0-beta1,19
jedis,4.0.0-RC1,redis.clients.jedis,CommandObjects,xautoclaimJustId,Long Parameter List,"designitejava,checkstyle",src/main/java/redis/clients/jedis/CommandObjects.java,src/main/java/redis/clients/jedis/CommandObjects.java.CommandObjects.xautoclaimJustId.Long Parameter List,4.0.0-RC1,5.3.0-beta1,5.3.0-beta1,19
jedis,4.0.0-RC1,redis.clients.jedis,CommandObjects,xclaim,Long Parameter List,"designitejava,checkstyle",src/main/java/redis/clients/jedis/CommandObjects.java,src/main/java/redis/clients/jedis/CommandObjects.java.CommandObjects.xclaim.Long Parameter List,4.0.0-RC1,5.3.0-beta1,5.3.0-beta1,19
jedis,4.0.0-RC1,redis.clients.jedis,CommandObjects,xclaimJustId,Long Parameter List,"designitejava,checkstyle",src/main/java/redis/clients/jedis/CommandObjects.java,src/main/java/redis/clients/jedis/CommandObjects.java.CommandObjects.xclaimJustId.Long Parameter List,4.0.0-RC1,5.3.0-beta1,5.3.0-beta1,19
jedis,4.0.0-RC1,redis.clients.jedis,CommandObjects,xpending,Long Parameter List,"designitejava,checkstyle",src/main/java/redis/clients/jedis/CommandObjects.java,src/main/java/redis/clients/jedis/CommandObjects.java.CommandObjects.xpending.Long Parameter List,4.0.0-RC1,5.0.0-alpha1,5.0.0-beta1,12
jedis,1.5.0-RC1,redis.clients.jedis,Commands,,God Class,"pmd,checkstyle",src/main/java/redis/clients/jedis/Commands.java,src/main/java/redis/clients/jedis/Commands.java.Commands..God Class,1.5.0-RC1,2.10.0,3.0.0-m1,14
jedis,4.4.0-rc1,redis.clients.jedis,Connection,initializeFromClientConfig,Complex Method,"designitejava,pmd,checkstyle",src/main/java/redis/clients/jedis/Connection.java,src/main/java/redis/clients/jedis/Connection.java.Connection.initializeFromClientConfig.Complex Method,4.4.0-rc1,5.3.0-beta1,5.3.0-beta1,10
jedis,4.0.0-RC1,redis.clients.jedis,DefaultJedisClientConfig,create,Long Parameter List,"designitejava,checkstyle",src/main/java/redis/clients/jedis/DefaultJedisClientConfig.java,src/main/java/redis/clients/jedis/DefaultJedisClientConfig.java.DefaultJedisClientConfig.create.Long Parameter List,4.0.0-RC1,5.3.0-beta1,5.3.0-beta1,19
jedis,1.0.0,redis.clients.jedis,Jedis,,God Class,"pmd,checkstyle",src/main/java/redis/clients/jedis/Jedis.java,src/main/java/redis/clients/jedis/Jedis.java.Jedis..God Class,1.0.0,5.3.0-beta1,5.3.0-beta1,53
jedis,2.8.0,redis.clients.jedis,Jedis,georadius,Long Parameter List,"designitejava,checkstyle",src/main/java/redis/clients/jedis/Jedis.java,src/main/java/redis/clients/jedis/Jedis.java.Jedis.georadius.Long Parameter List,2.8.0,5.3.0-beta1,5.3.0-beta1,40
jedis,3.4.0,redis.clients.jedis,Jedis,georadiusByMemberStore,Long Parameter List,"designitejava,checkstyle",src/main/java/redis/clients/jedis/Jedis.java,src/main/java/redis/clients/jedis/Jedis.java.Jedis.georadiusByMemberStore.Long Parameter List,3.4.0,5.3.0-beta1,5.3.0-beta1,29
jedis,2.10.0-m1,redis.clients.jedis,Jedis,georadiusReadonly,Long Parameter List,"designitejava,checkstyle",src/main/java/redis/clients/jedis/Jedis.java,src/main/java/redis/clients/jedis/Jedis.java.Jedis.georadiusReadonly.Long Parameter List,2.10.0-m1,5.3.0-beta1,5.3.0-beta1,38
jedis,3.4.0,redis.clients.jedis,Jedis,georadiusStore,Long Parameter List,"designitejava,checkstyle",src/main/java/redis/clients/jedis/Jedis.java,src/main/java/redis/clients/jedis/Jedis.java.Jedis.georadiusStore.Long Parameter List,3.4.0,5.3.0-beta1,5.3.0-beta1,29
jedis,4.1.0,redis.clients.jedis,Jedis,geosearchStore,Long Parameter List,"designitejava,checkstyle",src/main/java/redis/clients/jedis/Jedis.java,src/main/java/redis/clients/jedis/Jedis.java.Jedis.geosearchStore.Long Parameter List,4.1.0,5.3.0-beta1,5.3.0-beta1,17
jedis,3.7.0-RC1,redis.clients.jedis,Jedis,xautoclaim,Long Parameter List,"designitejava,checkstyle",src/main/java/redis/clients/jedis/Jedis.java,src/main/java/redis/clients/jedis/Jedis.java.Jedis.xautoclaim.Long Parameter List,3.7.0-RC1,5.3.0-beta1,5.3.0-beta1,25
jedis,3.7.0-RC1,redis.clients.jedis,Jedis,xautoclaimJustId,Long Parameter List,"designitejava,checkstyle",src/main/java/redis/clients/jedis/Jedis.java,src/main/java/redis/clients/jedis/Jedis.java.Jedis.xautoclaimJustId.Long Parameter List,3.7.0-RC1,5.3.0-beta1,5.3.0-beta1,25
jedis,3.1.0-m1,redis.clients.jedis,Jedis,xclaim,Long Parameter List,"designitejava,checkstyle",src/main/java/redis/clients/jedis/Jedis.java,src/main/java/redis/clients/jedis/Jedis.java.Jedis.xclaim.Long Parameter List,3.1.0-m1,5.3.0-beta1,5.3.0-beta1,34
jedis,3.6.0-rc1,redis.clients.jedis,Jedis,xclaimJustId,Long Parameter List,"designitejava,checkstyle",src/main/java/redis/clients/jedis/Jedis.java,src/main/java/redis/clients/jedis/Jedis.java.Jedis.xclaimJustId.Long Parameter List,3.6.0-rc1,5.3.0-beta1,5.3.0-beta1,27
jedis,3.1.0-m1,redis.clients.jedis,Jedis,xpending,Long Parameter List,"designitejava,checkstyle",src/main/java/redis/clients/jedis/Jedis.java,src/main/java/redis/clients/jedis/Jedis.java.Jedis.xpending.Long Parameter List,3.1.0-m1,5.0.0-alpha1,5.0.0-beta1,27
jedis,3.1.0-m1,redis.clients.jedis,Jedis,xreadGroup,Long Parameter List,"designitejava,checkstyle",src/main/java/redis/clients/jedis/Jedis.java,src/main/java/redis/clients/jedis/Jedis.java.Jedis.xreadGroup.Long Parameter List,3.1.0-m1,3.10.0,4.0.0-beta1,14
jedis,2.3.0,redis.clients.jedis,JedisCluster,,God Class,"pmd,checkstyle",src/main/java/redis/clients/jedis/JedisCluster.java,src/main/java/redis/clients/jedis/JedisCluster.java.JedisCluster..God Class,2.3.0,3.10.0,4.0.0-beta1,25
jedis,2.8.0,redis.clients.jedis,JedisCluster,georadius,Long Parameter List,"designitejava,checkstyle",src/main/java/redis/clients/jedis/JedisCluster.java,src/main/java/redis/clients/jedis/JedisCluster.java.JedisCluster.georadius.Long Parameter List,2.8.0,3.10.0,4.0.0-beta1,20
jedis,3.4.0,redis.clients.jedis,JedisCluster,georadiusByMemberStore,Long Parameter List,"designitejava,checkstyle",src/main/java/redis/clients/jedis/JedisCluster.java,src/main/java/redis/clients/jedis/JedisCluster.java.JedisCluster.georadiusByMemberStore.Long Parameter List,3.4.0,3.10.0,4.0.0-beta1,9
jedis,2.10.0-m1,redis.clients.jedis,JedisCluster,georadiusReadonly,Long Parameter List,"designitejava,checkstyle",src/main/java/redis/clients/jedis/JedisCluster.java,src/main/java/redis/clients/jedis/JedisCluster.java.JedisCluster.georadiusReadonly.Long Parameter List,2.10.0-m1,3.10.0,4.0.0-beta1,18
jedis,3.4.0,redis.clients.jedis,JedisCluster,georadiusStore,Long Parameter List,"designitejava,checkstyle",src/main/java/redis/clients/jedis/JedisCluster.java,src/main/java/redis/clients/jedis/JedisCluster.java.JedisCluster.georadiusStore.Long Parameter List,3.4.0,3.10.0,4.0.0-beta1,9
jedis,3.7.0-RC1,redis.clients.jedis,JedisCluster,xautoclaim,Long Parameter List,"designitejava,checkstyle",src/main/java/redis/clients/jedis/JedisCluster.java,src/main/java/redis/clients/jedis/JedisCluster.java.JedisCluster.xautoclaim.Long Parameter List,3.7.0-RC1,3.10.0,4.0.0-beta1,5
jedis,3.7.0-RC1,redis.clients.jedis,JedisCluster,xautoclaimJustId,Long Parameter List,"designitejava,checkstyle",src/main/java/redis/clients/jedis/JedisCluster.java,src/main/java/redis/clients/jedis/JedisCluster.java.JedisCluster.xautoclaimJustId.Long Parameter List,3.7.0-RC1,3.10.0,4.0.0-beta1,5
jedis,3.1.0-m1,redis.clients.jedis,JedisCluster,xclaim,Long Parameter List,"designitejava,checkstyle",src/main/java/redis/clients/jedis/JedisCluster.java,src/main/java/redis/clients/jedis/JedisCluster.java.JedisCluster.xclaim.Long Parameter List,3.1.0-m1,3.10.0,4.0.0-beta1,14
jedis,3.6.0-rc1,redis.clients.jedis,JedisCluster,xclaimJustId,Long Parameter List,"designitejava,checkstyle",src/main/java/redis/clients/jedis/JedisCluster.java,src/main/java/redis/clients/jedis/JedisCluster.java.JedisCluster.xclaimJustId.Long Parameter List,3.6.0-rc1,3.10.0,4.0.0-beta1,7
jedis,3.1.0-m1,redis.clients.jedis,JedisCluster,xpending,Long Parameter List,"designitejava,checkstyle",src/main/java/redis/clients/jedis/JedisCluster.java,src/main/java/redis/clients/jedis/JedisCluster.java.JedisCluster.xpending.Long Parameter List,3.1.0-m1,3.10.0,4.0.0-beta1,14
jedis,3.1.0-m1,redis.clients.jedis,JedisCluster,xreadGroup,Long Parameter List,"designitejava,checkstyle",src/main/java/redis/clients/jedis/JedisCluster.java,src/main/java/redis/clients/jedis/JedisCluster.java.JedisCluster.xreadGroup.Long Parameter List,3.1.0-m1,3.10.0,4.0.0-beta1,14
jedis,2.8.0,redis.clients.jedis,JedisClusterCommands,,God Class,"pmd,checkstyle",src/main/java/redis/clients/jedis/JedisClusterCommands.java,src/main/java/redis/clients/jedis/JedisClusterCommands.java.JedisClusterCommands..God Class,2.8.0,2.8.0,2.9.0,1
jedis,2.8.0,redis.clients.jedis,JedisClusterCommands,georadius,Long Parameter List,"designitejava,checkstyle",src/main/java/redis/clients/jedis/JedisClusterCommands.java,src/main/java/redis/clients/jedis/JedisClusterCommands.java.JedisClusterCommands.georadius.Long Parameter List,2.8.0,2.8.0,2.9.0,1
jedis,2.10.0-m1,redis.clients.jedis,JedisClusterConnectionHandler,initializeSlotsCache,Long Parameter List,"designitejava,checkstyle",src/main/java/redis/clients/jedis/JedisClusterConnectionHandler.java,src/main/java/redis/clients/jedis/JedisClusterConnectionHandler.java.JedisClusterConnectionHandler.initializeSlotsCache.Long Parameter List,2.10.0-m1,3.5.0,3.6.0-rc1,11
jedis,5.1.0,redis.clients.jedis,JedisClusterInfoCache,discoverClusterNodesAndSlots,Complex Method,"designitejava,pmd",src/main/java/redis/clients/jedis/JedisClusterInfoCache.java,src/main/java/redis/clients/jedis/JedisClusterInfoCache.java.JedisClusterInfoCache.discoverClusterNodesAndSlots.Complex Method,5.1.0,5.3.0-beta1,5.3.0-beta1,5
jedis,3.8.0,redis.clients.jedis,JedisClusterInfoCache,discoverClusterSlots,Complex Method,"designitejava,pmd",src/main/java/redis/clients/jedis/JedisClusterInfoCache.java,src/main/java/redis/clients/jedis/JedisClusterInfoCache.java.JedisClusterInfoCache.discoverClusterSlots.Complex Method,3.8.0,5.3.0-beta1,5.3.0-beta1,23
jedis,2.8.0,redis.clients.jedis,JedisCommands,georadius,Long Parameter List,"designitejava,checkstyle",src/main/java/redis/clients/jedis/JedisCommands.java,src/main/java/redis/clients/jedis/JedisCommands.java.JedisCommands.georadius.Long Parameter List,2.8.0,2.10.0,3.0.0-m1,4
jedis,2.10.0-m1,redis.clients.jedis,JedisCommands,georadiusReadonly,Long Parameter List,"designitejava,checkstyle",src/main/java/redis/clients/jedis/JedisCommands.java,src/main/java/redis/clients/jedis/JedisCommands.java.JedisCommands.georadiusReadonly.Long Parameter List,2.10.0-m1,2.10.0,3.0.0-m1,2
jedis,5.0.0-beta1,redis.clients.jedis,JedisPubSubBase,process,Complex Method,"designitejava,pmd,checkstyle",src/main/java/redis/clients/jedis/JedisPubSubBase.java,src/main/java/redis/clients/jedis/JedisPubSubBase.java.JedisPubSubBase.process.Complex Method,5.0.0-beta1,5.3.0-beta1,5.3.0-beta1,7
jedis,5.0.0-beta1,redis.clients.jedis,JedisShardedPubSubBase,process,Complex Method,"pmd,checkstyle",src/main/java/redis/clients/jedis/JedisShardedPubSubBase.java,src/main/java/redis/clients/jedis/JedisShardedPubSubBase.java.JedisShardedPubSubBase.process.Complex Method,5.0.0-beta1,5.3.0-beta1,5.3.0-beta1,7
jedis,3.4.0,redis.clients.jedis,MultiKeyPipelineBase,georadiusByMemberStore,Long Parameter List,"designitejava,checkstyle",src/main/java/redis/clients/jedis/MultiKeyPipelineBase.java,src/main/java/redis/clients/jedis/MultiKeyPipelineBase.java.MultiKeyPipelineBase.georadiusByMemberStore.Long Parameter List,3.4.0,3.10.0,4.0.0-beta1,9
jedis,3.4.0,redis.clients.jedis,MultiKeyPipelineBase,georadiusStore,Long Parameter List,"designitejava,checkstyle",src/main/java/redis/clients/jedis/MultiKeyPipelineBase.java,src/main/java/redis/clients/jedis/MultiKeyPipelineBase.java.MultiKeyPipelineBase.georadiusStore.Long Parameter List,3.4.0,3.10.0,4.0.0-beta1,9
jedis,3.0.0-m1,redis.clients.jedis,MultiKeyPipelineBase,migrate,Long Parameter List,"designitejava,checkstyle",src/main/java/redis/clients/jedis/MultiKeyPipelineBase.java,src/main/java/redis/clients/jedis/MultiKeyPipelineBase.java.MultiKeyPipelineBase.migrate.Long Parameter List,3.0.0-m1,3.10.0,4.0.0-beta1,16
jedis,3.6.0-rc1,redis.clients.jedis,MultiKeyPipelineBase,xreadGroup,Long Parameter List,"designitejava,checkstyle",src/main/java/redis/clients/jedis/MultiKeyPipelineBase.java,src/main/java/redis/clients/jedis/MultiKeyPipelineBase.java.MultiKeyPipelineBase.xreadGroup.Long Parameter List,3.6.0-rc1,3.10.0,4.0.0-beta1,7
jedis,4.0.0-RC1,redis.clients.jedis,MultiNodePipelineBase,,God Class,"pmd,checkstyle",src/main/java/redis/clients/jedis/MultiNodePipelineBase.java,src/main/java/redis/clients/jedis/MultiNodePipelineBase.java.MultiNodePipelineBase..God Class,4.0.0-RC1,5.0.0-beta1,5.0.0,13
jedis,4.0.0-RC1,redis.clients.jedis,MultiNodePipelineBase,georadius,Long Parameter List,"designitejava,checkstyle",src/main/java/redis/clients/jedis/MultiNodePipelineBase.java,src/main/java/redis/clients/jedis/MultiNodePipelineBase.java.MultiNodePipelineBase.georadius.Long Parameter List,4.0.0-RC1,5.0.0-beta1,5.0.0,13
jedis,4.0.0-RC1,redis.clients.jedis,MultiNodePipelineBase,georadiusByMemberStore,Long Parameter List,"designitejava,checkstyle",src/main/java/redis/clients/jedis/MultiNodePipelineBase.java,src/main/java/redis/clients/jedis/MultiNodePipelineBase.java.MultiNodePipelineBase.georadiusByMemberStore.Long Parameter List,4.0.0-RC1,5.0.0-beta1,5.0.0,13
jedis,4.0.0-RC1,redis.clients.jedis,MultiNodePipelineBase,georadiusReadonly,Long Parameter List,"designitejava,checkstyle",src/main/java/redis/clients/jedis/MultiNodePipelineBase.java,src/main/java/redis/clients/jedis/MultiNodePipelineBase.java.MultiNodePipelineBase.georadiusReadonly.Long Parameter List,4.0.0-RC1,5.0.0-beta1,5.0.0,13
jedis,4.0.0-RC1,redis.clients.jedis,MultiNodePipelineBase,georadiusStore,Long Parameter List,"designitejava,checkstyle",src/main/java/redis/clients/jedis/MultiNodePipelineBase.java,src/main/java/redis/clients/jedis/MultiNodePipelineBase.java.MultiNodePipelineBase.georadiusStore.Long Parameter List,4.0.0-RC1,5.0.0-beta1,5.0.0,13
jedis,4.1.0,redis.clients.jedis,MultiNodePipelineBase,geosearchStore,Long Parameter List,"designitejava,checkstyle",src/main/java/redis/clients/jedis/MultiNodePipelineBase.java,src/main/java/redis/clients/jedis/MultiNodePipelineBase.java.MultiNodePipelineBase.geosearchStore.Long Parameter List,4.1.0,5.0.0-beta1,5.0.0,11
jedis,4.0.0-RC1,redis.clients.jedis,MultiNodePipelineBase,xautoclaim,Long Parameter List,"designitejava,checkstyle",src/main/java/redis/clients/jedis/MultiNodePipelineBase.java,src/main/java/redis/clients/jedis/MultiNodePipelineBase.java.MultiNodePipelineBase.xautoclaim.Long Parameter List,4.0.0-RC1,5.0.0-beta1,5.0.0,13
jedis,4.0.0-RC1,redis.clients.jedis,MultiNodePipelineBase,xautoclaimJustId,Long Parameter List,"designitejava,checkstyle",src/main/java/redis/clients/jedis/MultiNodePipelineBase.java,src/main/java/redis/clients/jedis/MultiNodePipelineBase.java.MultiNodePipelineBase.xautoclaimJustId.Long Parameter List,4.0.0-RC1,5.0.0-beta1,5.0.0,13
jedis,4.0.0-RC1,redis.clients.jedis,MultiNodePipelineBase,xclaim,Long Parameter List,"designitejava,checkstyle",src/main/java/redis/clients/jedis/MultiNodePipelineBase.java,src/main/java/redis/clients/jedis/MultiNodePipelineBase.java.MultiNodePipelineBase.xclaim.Long Parameter List,4.0.0-RC1,5.0.0-beta1,5.0.0,13
jedis,4.0.0-RC1,redis.clients.jedis,MultiNodePipelineBase,xclaimJustId,Long Parameter List,"designitejava,checkstyle",src/main/java/redis/clients/jedis/MultiNodePipelineBase.java,src/main/java/redis/clients/jedis/MultiNodePipelineBase.java.MultiNodePipelineBase.xclaimJustId.Long Parameter List,4.0.0-RC1,5.0.0-beta1,5.0.0,13
jedis,4.0.0-RC1,redis.clients.jedis,MultiNodePipelineBase,xpending,Long Parameter List,"designitejava,checkstyle",src/main/java/redis/clients/jedis/MultiNodePipelineBase.java,src/main/java/redis/clients/jedis/MultiNodePipelineBase.java.MultiNodePipelineBase.xpending.Long Parameter List,4.0.0-RC1,5.0.0-alpha1,5.0.0-beta1,12
jedis,1.5.0-RC1,redis.clients.jedis,Pipeline,,God Class,"pmd,checkstyle",src/main/java/redis/clients/jedis/Pipeline.java,src/main/java/redis/clients/jedis/Pipeline.java.Pipeline..God Class,1.5.0-RC1,5.3.0-beta1,5.3.0-beta1,50
jedis,4.0.0-beta1,redis.clients.jedis,Pipeline,georadius,Long Parameter List,"designitejava,checkstyle",src/main/java/redis/clients/jedis/Pipeline.java,src/main/java/redis/clients/jedis/Pipeline.java.Pipeline.georadius.Long Parameter List,4.0.0-beta1,5.0.0-beta1,5.0.0,14
jedis,4.0.0-beta1,redis.clients.jedis,Pipeline,georadiusByMemberStore,Long Parameter List,"designitejava,checkstyle",src/main/java/redis/clients/jedis/Pipeline.java,src/main/java/redis/clients/jedis/Pipeline.java.Pipeline.georadiusByMemberStore.Long Parameter List,4.0.0-beta1,5.0.0-beta1,5.0.0,14
jedis,4.0.0-beta1,redis.clients.jedis,Pipeline,georadiusReadonly,Long Parameter List,"designitejava,checkstyle",src/main/java/redis/clients/jedis/Pipeline.java,src/main/java/redis/clients/jedis/Pipeline.java.Pipeline.georadiusReadonly.Long Parameter List,4.0.0-beta1,5.0.0-beta1,5.0.0,14
jedis,4.0.0-beta1,redis.clients.jedis,Pipeline,georadiusStore,Long Parameter List,"designitejava,checkstyle",src/main/java/redis/clients/jedis/Pipeline.java,src/main/java/redis/clients/jedis/Pipeline.java.Pipeline.georadiusStore.Long Parameter List,4.0.0-beta1,5.0.0-beta1,5.0.0,14
jedis,4.1.0,redis.clients.jedis,Pipeline,geosearchStore,Long Parameter List,"designitejava,checkstyle",src/main/java/redis/clients/jedis/Pipeline.java,src/main/java/redis/clients/jedis/Pipeline.java.Pipeline.geosearchStore.Long Parameter List,4.1.0,5.0.0-beta1,5.0.0,11
jedis,4.0.0-beta1,redis.clients.jedis,Pipeline,xautoclaim,Long Parameter List,"designitejava,checkstyle",src/main/java/redis/clients/jedis/Pipeline.java,src/main/java/redis/clients/jedis/Pipeline.java.Pipeline.xautoclaim.Long Parameter List,4.0.0-beta1,5.0.0-beta1,5.0.0,14
jedis,4.0.0-beta1,redis.clients.jedis,Pipeline,xautoclaimJustId,Long Parameter List,"designitejava,checkstyle",src/main/java/redis/clients/jedis/Pipeline.java,src/main/java/redis/clients/jedis/Pipeline.java.Pipeline.xautoclaimJustId.Long Parameter List,4.0.0-beta1,5.0.0-beta1,5.0.0,14
jedis,4.0.0-beta1,redis.clients.jedis,Pipeline,xclaim,Long Parameter List,"designitejava,checkstyle",src/main/java/redis/clients/jedis/Pipeline.java,src/main/java/redis/clients/jedis/Pipeline.java.Pipeline.xclaim.Long Parameter List,4.0.0-beta1,5.0.0-beta1,5.0.0,14
jedis,4.0.0-beta1,redis.clients.jedis,Pipeline,xclaimJustId,Long Parameter List,"designitejava,checkstyle",src/main/java/redis/clients/jedis/Pipeline.java,src/main/java/redis/clients/jedis/Pipeline.java.Pipeline.xclaimJustId.Long Parameter List,4.0.0-beta1,5.0.0-beta1,5.0.0,14
jedis,4.0.0-beta1,redis.clients.jedis,Pipeline,xpending,Long Parameter List,"designitejava,checkstyle",src/main/java/redis/clients/jedis/Pipeline.java,src/main/java/redis/clients/jedis/Pipeline.java.Pipeline.xpending.Long Parameter List,4.0.0-beta1,5.0.0-alpha1,5.0.0-beta1,13
jedis,2.2.0,redis.clients.jedis,PipelineBase,,God Class,"pmd,checkstyle",src/main/java/redis/clients/jedis/PipelineBase.java,src/main/java/redis/clients/jedis/PipelineBase.java.PipelineBase..God Class,2.2.0,5.0.0,5.1.0,41
jedis,2.8.0,redis.clients.jedis,PipelineBase,georadius,Long Parameter List,"designitejava,checkstyle",src/main/java/redis/clients/jedis/PipelineBase.java,src/main/java/redis/clients/jedis/PipelineBase.java.PipelineBase.georadius.Long Parameter List,2.8.0,5.0.0,5.1.0,35
jedis,5.0.0,redis.clients.jedis,PipelineBase,georadiusByMemberStore,Long Parameter List,"designitejava,checkstyle",src/main/java/redis/clients/jedis/PipelineBase.java,src/main/java/redis/clients/jedis/PipelineBase.java.PipelineBase.georadiusByMemberStore.Long Parameter List,5.0.0,5.0.0,5.1.0,1
jedis,2.10.0-m1,redis.clients.jedis,PipelineBase,georadiusReadonly,Long Parameter List,"designitejava,checkstyle",src/main/java/redis/clients/jedis/PipelineBase.java,src/main/java/redis/clients/jedis/PipelineBase.java.PipelineBase.georadiusReadonly.Long Parameter List,2.10.0-m1,5.0.0,5.1.0,33
jedis,5.0.0,redis.clients.jedis,PipelineBase,georadiusStore,Long Parameter List,"designitejava,checkstyle",src/main/java/redis/clients/jedis/PipelineBase.java,src/main/java/redis/clients/jedis/PipelineBase.java.PipelineBase.georadiusStore.Long Parameter List,5.0.0,5.0.0,5.1.0,1
jedis,5.0.0,redis.clients.jedis,PipelineBase,geosearchStore,Long Parameter List,"designitejava,checkstyle",src/main/java/redis/clients/jedis/PipelineBase.java,src/main/java/redis/clients/jedis/PipelineBase.java.PipelineBase.geosearchStore.Long Parameter List,5.0.0,5.0.0,5.1.0,1
jedis,3.7.0-RC1,redis.clients.jedis,PipelineBase,xautoclaim,Long Parameter List,"designitejava,checkstyle",src/main/java/redis/clients/jedis/PipelineBase.java,src/main/java/redis/clients/jedis/PipelineBase.java.PipelineBase.xautoclaim.Long Parameter List,3.7.0-RC1,5.0.0,5.1.0,20
jedis,3.7.0-RC1,redis.clients.jedis,PipelineBase,xautoclaimJustId,Long Parameter List,"designitejava,checkstyle",src/main/java/redis/clients/jedis/PipelineBase.java,src/main/java/redis/clients/jedis/PipelineBase.java.PipelineBase.xautoclaimJustId.Long Parameter List,3.7.0-RC1,5.0.0,5.1.0,20
jedis,3.1.0-m1,redis.clients.jedis,PipelineBase,xclaim,Long Parameter List,"designitejava,checkstyle",src/main/java/redis/clients/jedis/PipelineBase.java,src/main/java/redis/clients/jedis/PipelineBase.java.PipelineBase.xclaim.Long Parameter List,3.1.0-m1,5.0.0,5.1.0,29
jedis,3.6.0-rc1,redis.clients.jedis,PipelineBase,xclaimJustId,Long Parameter List,"designitejava,checkstyle",src/main/java/redis/clients/jedis/PipelineBase.java,src/main/java/redis/clients/jedis/PipelineBase.java.PipelineBase.xclaimJustId.Long Parameter List,3.6.0-rc1,5.0.0,5.1.0,22
jedis,3.1.0-m1,redis.clients.jedis,PipelineBase,xpending,Long Parameter List,"designitejava,checkstyle",src/main/java/redis/clients/jedis/PipelineBase.java,src/main/java/redis/clients/jedis/PipelineBase.java.PipelineBase.xpending.Long Parameter List,3.1.0-m1,3.10.0,4.0.0-beta1,14
jedis,1.5.0-RC1,redis.clients.jedis,PipelineBlock,,God Class,"pmd,checkstyle",src/main/java/redis/clients/jedis/PipelineBlock.java,src/main/java/redis/clients/jedis/PipelineBlock.java.PipelineBlock..God Class,1.5.0-RC1,1.5.0,2.0.0,2
jedis,5.1.0,redis.clients.jedis,PipeliningBase,,God Class,"pmd,checkstyle",src/main/java/redis/clients/jedis/PipeliningBase.java,src/main/java/redis/clients/jedis/PipeliningBase.java.PipeliningBase..God Class,5.1.0,5.3.0-beta1,5.3.0-beta1,5
jedis,5.1.0,redis.clients.jedis,PipeliningBase,georadius,Long Parameter List,"designitejava,checkstyle",src/main/java/redis/clients/jedis/PipeliningBase.java,src/main/java/redis/clients/jedis/PipeliningBase.java.PipeliningBase.georadius.Long Parameter List,5.1.0,5.3.0-beta1,5.3.0-beta1,5
jedis,5.1.0,redis.clients.jedis,PipeliningBase,georadiusByMemberStore,Long Parameter List,"designitejava,checkstyle",src/main/java/redis/clients/jedis/PipeliningBase.java,src/main/java/redis/clients/jedis/PipeliningBase.java.PipeliningBase.georadiusByMemberStore.Long Parameter List,5.1.0,5.3.0-beta1,5.3.0-beta1,5
jedis,5.1.0,redis.clients.jedis,PipeliningBase,georadiusReadonly,Long Parameter List,"designitejava,checkstyle",src/main/java/redis/clients/jedis/PipeliningBase.java,src/main/java/redis/clients/jedis/PipeliningBase.java.PipeliningBase.georadiusReadonly.Long Parameter List,5.1.0,5.3.0-beta1,5.3.0-beta1,5
jedis,5.1.0,redis.clients.jedis,PipeliningBase,georadiusStore,Long Parameter List,"designitejava,checkstyle",src/main/java/redis/clients/jedis/PipeliningBase.java,src/main/java/redis/clients/jedis/PipeliningBase.java.PipeliningBase.georadiusStore.Long Parameter List,5.1.0,5.3.0-beta1,5.3.0-beta1,5
jedis,5.1.0,redis.clients.jedis,PipeliningBase,geosearchStore,Long Parameter List,"designitejava,checkstyle",src/main/java/redis/clients/jedis/PipeliningBase.java,src/main/java/redis/clients/jedis/PipeliningBase.java.PipeliningBase.geosearchStore.Long Parameter List,5.1.0,5.3.0-beta1,5.3.0-beta1,5
jedis,5.1.0,redis.clients.jedis,PipeliningBase,xautoclaim,Long Parameter List,"designitejava,checkstyle",src/main/java/redis/clients/jedis/PipeliningBase.java,src/main/java/redis/clients/jedis/PipeliningBase.java.PipeliningBase.xautoclaim.Long Parameter List,5.1.0,5.3.0-beta1,5.3.0-beta1,5
jedis,5.1.0,redis.clients.jedis,PipeliningBase,xautoclaimJustId,Long Parameter List,"designitejava,checkstyle",src/main/java/redis/clients/jedis/PipeliningBase.java,src/main/java/redis/clients/jedis/PipeliningBase.java.PipeliningBase.xautoclaimJustId.Long Parameter List,5.1.0,5.3.0-beta1,5.3.0-beta1,5
jedis,5.1.0,redis.clients.jedis,PipeliningBase,xclaim,Long Parameter List,"designitejava,checkstyle",src/main/java/redis/clients/jedis/PipeliningBase.java,src/main/java/redis/clients/jedis/PipeliningBase.java.PipeliningBase.xclaim.Long Parameter List,5.1.0,5.3.0-beta1,5.3.0-beta1,5
jedis,5.1.0,redis.clients.jedis,PipeliningBase,xclaimJustId,Long Parameter List,"designitejava,checkstyle",src/main/java/redis/clients/jedis/PipeliningBase.java,src/main/java/redis/clients/jedis/PipeliningBase.java.PipeliningBase.xclaimJustId.Long Parameter List,5.1.0,5.3.0-beta1,5.3.0-beta1,5
jedis,5.0.0-alpha1,redis.clients.jedis,Protocol,process,Complex Method,"designitejava,checkstyle",src/main/java/redis/clients/jedis/Protocol.java,src/main/java/redis/clients/jedis/Protocol.java.Protocol.process.Complex Method,5.0.0-alpha1,5.3.0-beta1,5.3.0-beta1,8
jedis,4.0.0-beta1,redis.clients.jedis,RedisCommandObjects,,God Class,"pmd,checkstyle",src/main/java/redis/clients/jedis/RedisCommandObjects.java,src/main/java/redis/clients/jedis/RedisCommandObjects.java.RedisCommandObjects..God Class,4.0.0-beta1,4.0.0-beta1,4.0.0-RC1,1
jedis,4.0.0-beta1,redis.clients.jedis,RedisCommandObjects,georadius,Long Parameter List,"designitejava,checkstyle",src/main/java/redis/clients/jedis/RedisCommandObjects.java,src/main/java/redis/clients/jedis/RedisCommandObjects.java.RedisCommandObjects.georadius.Long Parameter List,4.0.0-beta1,4.0.0-beta1,4.0.0-RC1,1
jedis,4.0.0-beta1,redis.clients.jedis,RedisCommandObjects,georadiusByMemberStore,Long Parameter List,"designitejava,checkstyle",src/main/java/redis/clients/jedis/RedisCommandObjects.java,src/main/java/redis/clients/jedis/RedisCommandObjects.java.RedisCommandObjects.georadiusByMemberStore.Long Parameter List,4.0.0-beta1,4.0.0-beta1,4.0.0-RC1,1
jedis,4.0.0-beta1,redis.clients.jedis,RedisCommandObjects,georadiusReadonly,Long Parameter List,"designitejava,checkstyle",src/main/java/redis/clients/jedis/RedisCommandObjects.java,src/main/java/redis/clients/jedis/RedisCommandObjects.java.RedisCommandObjects.georadiusReadonly.Long Parameter List,4.0.0-beta1,4.0.0-beta1,4.0.0-RC1,1
jedis,4.0.0-beta1,redis.clients.jedis,RedisCommandObjects,georadiusStore,Long Parameter List,"designitejava,checkstyle",src/main/java/redis/clients/jedis/RedisCommandObjects.java,src/main/java/redis/clients/jedis/RedisCommandObjects.java.RedisCommandObjects.georadiusStore.Long Parameter List,4.0.0-beta1,4.0.0-beta1,4.0.0-RC1,1
jedis,4.0.0-beta1,redis.clients.jedis,RedisCommandObjects,xautoclaim,Long Parameter List,"designitejava,checkstyle",src/main/java/redis/clients/jedis/RedisCommandObjects.java,src/main/java/redis/clients/jedis/RedisCommandObjects.java.RedisCommandObjects.xautoclaim.Long Parameter List,4.0.0-beta1,4.0.0-beta1,4.0.0-RC1,1
jedis,4.0.0-beta1,redis.clients.jedis,RedisCommandObjects,xautoclaimJustId,Long Parameter List,"designitejava,checkstyle",src/main/java/redis/clients/jedis/RedisCommandObjects.java,src/main/java/redis/clients/jedis/RedisCommandObjects.java.RedisCommandObjects.xautoclaimJustId.Long Parameter List,4.0.0-beta1,4.0.0-beta1,4.0.0-RC1,1
jedis,4.0.0-beta1,redis.clients.jedis,RedisCommandObjects,xclaim,Long Parameter List,"designitejava,checkstyle",src/main/java/redis/clients/jedis/RedisCommandObjects.java,src/main/java/redis/clients/jedis/RedisCommandObjects.java.RedisCommandObjects.xclaim.Long Parameter List,4.0.0-beta1,4.0.0-beta1,4.0.0-RC1,1
jedis,4.0.0-beta1,redis.clients.jedis,RedisCommandObjects,xclaimJustId,Long Parameter List,"designitejava,checkstyle",src/main/java/redis/clients/jedis/RedisCommandObjects.java,src/main/java/redis/clients/jedis/RedisCommandObjects.java.RedisCommandObjects.xclaimJustId.Long Parameter List,4.0.0-beta1,4.0.0-beta1,4.0.0-RC1,1
jedis,4.0.0-beta1,redis.clients.jedis,RedisCommandObjects,xpending,Long Parameter List,"designitejava,checkstyle",src/main/java/redis/clients/jedis/RedisCommandObjects.java,src/main/java/redis/clients/jedis/RedisCommandObjects.java.RedisCommandObjects.xpending.Long Parameter List,4.0.0-beta1,4.0.0-beta1,4.0.0-RC1,1
jedis,2.2.0,redis.clients.jedis,RedisPipeline,,God Class,"pmd,checkstyle",src/main/java/redis/clients/jedis/RedisPipeline.java,src/main/java/redis/clients/jedis/RedisPipeline.java.RedisPipeline..God Class,2.2.0,2.10.0,3.0.0-m1,10
jedis,2.9.0,redis.clients.jedis,RedisPipeline,georadius,Long Parameter List,"designitejava,checkstyle",src/main/java/redis/clients/jedis/RedisPipeline.java,src/main/java/redis/clients/jedis/RedisPipeline.java.RedisPipeline.georadius.Long Parameter List,2.9.0,2.10.0,3.0.0-m1,3
jedis,2.10.0-m1,redis.clients.jedis,RedisPipeline,georadiusReadonly,Long Parameter List,"designitejava,checkstyle",src/main/java/redis/clients/jedis/RedisPipeline.java,src/main/java/redis/clients/jedis/RedisPipeline.java.RedisPipeline.georadiusReadonly.Long Parameter List,2.10.0-m1,2.10.0,3.0.0-m1,2
jedis,4.0.0-beta1,redis.clients.jedis,ReliableTransaction,,God Class,"pmd,checkstyle",src/main/java/redis/clients/jedis/ReliableTransaction.java,src/main/java/redis/clients/jedis/ReliableTransaction.java.ReliableTransaction..God Class,4.0.0-beta1,4.0.0-beta1,4.0.0-RC1,1
jedis,4.0.0-beta1,redis.clients.jedis,ReliableTransaction,georadius,Long Parameter List,"designitejava,checkstyle",src/main/java/redis/clients/jedis/ReliableTransaction.java,src/main/java/redis/clients/jedis/ReliableTransaction.java.ReliableTransaction.georadius.Long Parameter List,4.0.0-beta1,4.0.0-beta1,4.0.0-RC1,1
jedis,4.0.0-beta1,redis.clients.jedis,ReliableTransaction,georadiusByMemberStore,Long Parameter List,"designitejava,checkstyle",src/main/java/redis/clients/jedis/ReliableTransaction.java,src/main/java/redis/clients/jedis/ReliableTransaction.java.ReliableTransaction.georadiusByMemberStore.Long Parameter List,4.0.0-beta1,4.0.0-beta1,4.0.0-RC1,1
jedis,4.0.0-beta1,redis.clients.jedis,ReliableTransaction,georadiusReadonly,Long Parameter List,"designitejava,checkstyle",src/main/java/redis/clients/jedis/ReliableTransaction.java,src/main/java/redis/clients/jedis/ReliableTransaction.java.ReliableTransaction.georadiusReadonly.Long Parameter List,4.0.0-beta1,4.0.0-beta1,4.0.0-RC1,1
jedis,4.0.0-beta1,redis.clients.jedis,ReliableTransaction,georadiusStore,Long Parameter List,"designitejava,checkstyle",src/main/java/redis/clients/jedis/ReliableTransaction.java,src/main/java/redis/clients/jedis/ReliableTransaction.java.ReliableTransaction.georadiusStore.Long Parameter List,4.0.0-beta1,4.0.0-beta1,4.0.0-RC1,1
jedis,4.0.0-beta1,redis.clients.jedis,ReliableTransaction,xautoclaim,Long Parameter List,"designitejava,checkstyle",src/main/java/redis/clients/jedis/ReliableTransaction.java,src/main/java/redis/clients/jedis/ReliableTransaction.java.ReliableTransaction.xautoclaim.Long Parameter List,4.0.0-beta1,4.0.0-beta1,4.0.0-RC1,1
jedis,4.0.0-beta1,redis.clients.jedis,ReliableTransaction,xautoclaimJustId,Long Parameter List,"designitejava,checkstyle",src/main/java/redis/clients/jedis/ReliableTransaction.java,src/main/java/redis/clients/jedis/ReliableTransaction.java.ReliableTransaction.xautoclaimJustId.Long Parameter List,4.0.0-beta1,4.0.0-beta1,4.0.0-RC1,1
jedis,4.0.0-beta1,redis.clients.jedis,ReliableTransaction,xclaim,Long Parameter List,"designitejava,checkstyle",src/main/java/redis/clients/jedis/ReliableTransaction.java,src/main/java/redis/clients/jedis/ReliableTransaction.java.ReliableTransaction.xclaim.Long Parameter List,4.0.0-beta1,4.0.0-beta1,4.0.0-RC1,1
jedis,4.0.0-beta1,redis.clients.jedis,ReliableTransaction,xclaimJustId,Long Parameter List,"designitejava,checkstyle",src/main/java/redis/clients/jedis/ReliableTransaction.java,src/main/java/redis/clients/jedis/ReliableTransaction.java.ReliableTransaction.xclaimJustId.Long Parameter List,4.0.0-beta1,4.0.0-beta1,4.0.0-RC1,1
jedis,4.0.0-beta1,redis.clients.jedis,ReliableTransaction,xpending,Long Parameter List,"designitejava,checkstyle",src/main/java/redis/clients/jedis/ReliableTransaction.java,src/main/java/redis/clients/jedis/ReliableTransaction.java.ReliableTransaction.xpending.Long Parameter List,4.0.0-beta1,4.0.0-beta1,4.0.0-RC1,1
jedis,4.0.0-beta1,redis.clients.jedis,RetryableClusterCommandExecutor,executeCommand,Complex Method,"designitejava,pmd,checkstyle",src/main/java/redis/clients/jedis/RetryableClusterCommandExecutor.java,src/main/java/redis/clients/jedis/RetryableClusterCommandExecutor.java.RetryableClusterCommandExecutor.executeCommand.Complex Method,4.0.0-beta1,4.0.0-beta1,4.0.0-RC1,1
jedis,2.8.0,redis.clients.jedis,ShardedJedis,georadius,Long Parameter List,"designitejava,checkstyle",src/main/java/redis/clients/jedis/ShardedJedis.java,src/main/java/redis/clients/jedis/ShardedJedis.java.ShardedJedis.georadius.Long Parameter List,2.8.0,3.10.0,4.0.0-beta1,20
jedis,2.10.0-m1,redis.clients.jedis,ShardedJedis,georadiusReadonly,Long Parameter List,"designitejava,checkstyle",src/main/java/redis/clients/jedis/ShardedJedis.java,src/main/java/redis/clients/jedis/ShardedJedis.java.ShardedJedis.georadiusReadonly.Long Parameter List,2.10.0-m1,3.10.0,4.0.0-beta1,18
jedis,3.7.0-RC1,redis.clients.jedis,ShardedJedis,xautoclaim,Long Parameter List,"designitejava,checkstyle",src/main/java/redis/clients/jedis/ShardedJedis.java,src/main/java/redis/clients/jedis/ShardedJedis.java.ShardedJedis.xautoclaim.Long Parameter List,3.7.0-RC1,3.10.0,4.0.0-beta1,5
jedis,3.7.0-RC1,redis.clients.jedis,ShardedJedis,xautoclaimJustId,Long Parameter List,"designitejava,checkstyle",src/main/java/redis/clients/jedis/ShardedJedis.java,src/main/java/redis/clients/jedis/ShardedJedis.java.ShardedJedis.xautoclaimJustId.Long Parameter List,3.7.0-RC1,3.10.0,4.0.0-beta1,5
jedis,3.1.0-m1,redis.clients.jedis,ShardedJedis,xclaim,Long Parameter List,"designitejava,checkstyle",src/main/java/redis/clients/jedis/ShardedJedis.java,src/main/java/redis/clients/jedis/ShardedJedis.java.ShardedJedis.xclaim.Long Parameter List,3.1.0-m1,3.10.0,4.0.0-beta1,14
jedis,3.6.0-rc1,redis.clients.jedis,ShardedJedis,xclaimJustId,Long Parameter List,"designitejava,checkstyle",src/main/java/redis/clients/jedis/ShardedJedis.java,src/main/java/redis/clients/jedis/ShardedJedis.java.ShardedJedis.xclaimJustId.Long Parameter List,3.6.0-rc1,3.10.0,4.0.0-beta1,7
jedis,3.1.0-m1,redis.clients.jedis,ShardedJedis,xpending,Long Parameter List,"designitejava,checkstyle",src/main/java/redis/clients/jedis/ShardedJedis.java,src/main/java/redis/clients/jedis/ShardedJedis.java.ShardedJedis.xpending.Long Parameter List,3.1.0-m1,3.10.0,4.0.0-beta1,14
jedis,1.0.0,redis.clients.jedis,Transaction,,God Class,"pmd,checkstyle",src/main/java/redis/clients/jedis/Transaction.java,src/main/java/redis/clients/jedis/Transaction.java.Transaction..God Class,1.0.0,4.0.0-beta1,4.0.0-RC1,34
jedis,4.0.0-beta1,redis.clients.jedis,Transaction,georadius,Long Parameter List,"designitejava,checkstyle",src/main/java/redis/clients/jedis/Transaction.java,src/main/java/redis/clients/jedis/Transaction.java.Transaction.georadius.Long Parameter List,4.0.0-beta1,4.0.0-beta1,4.0.0-RC1,1
jedis,4.0.0-beta1,redis.clients.jedis,Transaction,georadiusByMemberStore,Long Parameter List,"designitejava,checkstyle",src/main/java/redis/clients/jedis/Transaction.java,src/main/java/redis/clients/jedis/Transaction.java.Transaction.georadiusByMemberStore.Long Parameter List,4.0.0-beta1,4.0.0-beta1,4.0.0-RC1,1
jedis,4.0.0-beta1,redis.clients.jedis,Transaction,georadiusReadonly,Long Parameter List,"designitejava,checkstyle",src/main/java/redis/clients/jedis/Transaction.java,src/main/java/redis/clients/jedis/Transaction.java.Transaction.georadiusReadonly.Long Parameter List,4.0.0-beta1,4.0.0-beta1,4.0.0-RC1,1
jedis,4.0.0-beta1,redis.clients.jedis,Transaction,georadiusStore,Long Parameter List,"designitejava,checkstyle",src/main/java/redis/clients/jedis/Transaction.java,src/main/java/redis/clients/jedis/Transaction.java.Transaction.georadiusStore.Long Parameter List,4.0.0-beta1,4.0.0-beta1,4.0.0-RC1,1
jedis,4.0.0-beta1,redis.clients.jedis,Transaction,xautoclaim,Long Parameter List,"designitejava,checkstyle",src/main/java/redis/clients/jedis/Transaction.java,src/main/java/redis/clients/jedis/Transaction.java.Transaction.xautoclaim.Long Parameter List,4.0.0-beta1,4.0.0-beta1,4.0.0-RC1,1
jedis,4.0.0-beta1,redis.clients.jedis,Transaction,xautoclaimJustId,Long Parameter List,"designitejava,checkstyle",src/main/java/redis/clients/jedis/Transaction.java,src/main/java/redis/clients/jedis/Transaction.java.Transaction.xautoclaimJustId.Long Parameter List,4.0.0-beta1,4.0.0-beta1,4.0.0-RC1,1
jedis,4.0.0-beta1,redis.clients.jedis,Transaction,xclaim,Long Parameter List,"designitejava,checkstyle",src/main/java/redis/clients/jedis/Transaction.java,src/main/java/redis/clients/jedis/Transaction.java.Transaction.xclaim.Long Parameter List,4.0.0-beta1,4.0.0-beta1,4.0.0-RC1,1
jedis,4.0.0-beta1,redis.clients.jedis,Transaction,xclaimJustId,Long Parameter List,"designitejava,checkstyle",src/main/java/redis/clients/jedis/Transaction.java,src/main/java/redis/clients/jedis/Transaction.java.Transaction.xclaimJustId.Long Parameter List,4.0.0-beta1,4.0.0-beta1,4.0.0-RC1,1
jedis,4.0.0-beta1,redis.clients.jedis,Transaction,xpending,Long Parameter List,"designitejava,checkstyle",src/main/java/redis/clients/jedis/Transaction.java,src/main/java/redis/clients/jedis/Transaction.java.Transaction.xpending.Long Parameter List,4.0.0-beta1,4.0.0-beta1,4.0.0-RC1,1
jedis,4.0.0-RC1,redis.clients.jedis,TransactionBase,,God Class,"pmd,checkstyle",src/main/java/redis/clients/jedis/TransactionBase.java,src/main/java/redis/clients/jedis/TransactionBase.java.TransactionBase..God Class,4.0.0-RC1,5.0.0,5.1.0,14
jedis,4.0.0-RC1,redis.clients.jedis,TransactionBase,georadius,Long Parameter List,"designitejava,checkstyle",src/main/java/redis/clients/jedis/TransactionBase.java,src/main/java/redis/clients/jedis/TransactionBase.java.TransactionBase.georadius.Long Parameter List,4.0.0-RC1,5.0.0,5.1.0,14
jedis,4.0.0-RC1,redis.clients.jedis,TransactionBase,georadiusByMemberStore,Long Parameter List,"designitejava,checkstyle",src/main/java/redis/clients/jedis/TransactionBase.java,src/main/java/redis/clients/jedis/TransactionBase.java.TransactionBase.georadiusByMemberStore.Long Parameter List,4.0.0-RC1,5.0.0,5.1.0,14
jedis,4.0.0-RC1,redis.clients.jedis,TransactionBase,georadiusReadonly,Long Parameter List,"designitejava,checkstyle",src/main/java/redis/clients/jedis/TransactionBase.java,src/main/java/redis/clients/jedis/TransactionBase.java.TransactionBase.georadiusReadonly.Long Parameter List,4.0.0-RC1,5.0.0,5.1.0,14
jedis,4.0.0-RC1,redis.clients.jedis,TransactionBase,georadiusStore,Long Parameter List,"designitejava,checkstyle",src/main/java/redis/clients/jedis/TransactionBase.java,src/main/java/redis/clients/jedis/TransactionBase.java.TransactionBase.georadiusStore.Long Parameter List,4.0.0-RC1,5.0.0,5.1.0,14
jedis,4.1.0,redis.clients.jedis,TransactionBase,geosearchStore,Long Parameter List,"designitejava,checkstyle",src/main/java/redis/clients/jedis/TransactionBase.java,src/main/java/redis/clients/jedis/TransactionBase.java.TransactionBase.geosearchStore.Long Parameter List,4.1.0,5.0.0,5.1.0,12
jedis,4.0.0-RC1,redis.clients.jedis,TransactionBase,xautoclaim,Long Parameter List,"designitejava,checkstyle",src/main/java/redis/clients/jedis/TransactionBase.java,src/main/java/redis/clients/jedis/TransactionBase.java.TransactionBase.xautoclaim.Long Parameter List,4.0.0-RC1,5.0.0,5.1.0,14
jedis,4.0.0-RC1,redis.clients.jedis,TransactionBase,xautoclaimJustId,Long Parameter List,"designitejava,checkstyle",src/main/java/redis/clients/jedis/TransactionBase.java,src/main/java/redis/clients/jedis/TransactionBase.java.TransactionBase.xautoclaimJustId.Long Parameter List,4.0.0-RC1,5.0.0,5.1.0,14
jedis,4.0.0-RC1,redis.clients.jedis,TransactionBase,xclaim,Long Parameter List,"designitejava,checkstyle",src/main/java/redis/clients/jedis/TransactionBase.java,src/main/java/redis/clients/jedis/TransactionBase.java.TransactionBase.xclaim.Long Parameter List,4.0.0-RC1,5.0.0,5.1.0,14
jedis,4.0.0-RC1,redis.clients.jedis,TransactionBase,xclaimJustId,Long Parameter List,"designitejava,checkstyle",src/main/java/redis/clients/jedis/TransactionBase.java,src/main/java/redis/clients/jedis/TransactionBase.java.TransactionBase.xclaimJustId.Long Parameter List,4.0.0-RC1,5.0.0,5.1.0,14
jedis,4.0.0-RC1,redis.clients.jedis,TransactionBase,xpending,Long Parameter List,"designitejava,checkstyle",src/main/java/redis/clients/jedis/TransactionBase.java,src/main/java/redis/clients/jedis/TransactionBase.java.TransactionBase.xpending.Long Parameter List,4.0.0-RC1,5.0.0-alpha1,5.0.0-beta1,12
jedis,4.0.0-beta1,redis.clients.jedis,UnifiedJedis,,God Class,"pmd,checkstyle",src/main/java/redis/clients/jedis/UnifiedJedis.java,src/main/java/redis/clients/jedis/UnifiedJedis.java.UnifiedJedis..God Class,4.0.0-beta1,5.3.0-beta1,5.3.0-beta1,20
jedis,4.0.0-beta1,redis.clients.jedis,UnifiedJedis,georadius,Long Parameter List,"designitejava,checkstyle",src/main/java/redis/clients/jedis/UnifiedJedis.java,src/main/java/redis/clients/jedis/UnifiedJedis.java.UnifiedJedis.georadius.Long Parameter List,4.0.0-beta1,5.3.0-beta1,5.3.0-beta1,20
jedis,4.0.0-beta1,redis.clients.jedis,UnifiedJedis,georadiusByMemberStore,Long Parameter List,"designitejava,checkstyle",src/main/java/redis/clients/jedis/UnifiedJedis.java,src/main/java/redis/clients/jedis/UnifiedJedis.java.UnifiedJedis.georadiusByMemberStore.Long Parameter List,4.0.0-beta1,5.3.0-beta1,5.3.0-beta1,20
jedis,4.0.0-beta1,redis.clients.jedis,UnifiedJedis,georadiusReadonly,Long Parameter List,"designitejava,checkstyle",src/main/java/redis/clients/jedis/UnifiedJedis.java,src/main/java/redis/clients/jedis/UnifiedJedis.java.UnifiedJedis.georadiusReadonly.Long Parameter List,4.0.0-beta1,5.3.0-beta1,5.3.0-beta1,20
jedis,4.0.0-beta1,redis.clients.jedis,UnifiedJedis,georadiusStore,Long Parameter List,"designitejava,checkstyle",src/main/java/redis/clients/jedis/UnifiedJedis.java,src/main/java/redis/clients/jedis/UnifiedJedis.java.UnifiedJedis.georadiusStore.Long Parameter List,4.0.0-beta1,5.3.0-beta1,5.3.0-beta1,20
jedis,4.1.0,redis.clients.jedis,UnifiedJedis,geosearchStore,Long Parameter List,"designitejava,checkstyle",src/main/java/redis/clients/jedis/UnifiedJedis.java,src/main/java/redis/clients/jedis/UnifiedJedis.java.UnifiedJedis.geosearchStore.Long Parameter List,4.1.0,5.3.0-beta1,5.3.0-beta1,17
jedis,4.0.0-beta1,redis.clients.jedis,UnifiedJedis,xautoclaim,Long Parameter List,"designitejava,checkstyle",src/main/java/redis/clients/jedis/UnifiedJedis.java,src/main/java/redis/clients/jedis/UnifiedJedis.java.UnifiedJedis.xautoclaim.Long Parameter List,4.0.0-beta1,5.3.0-beta1,5.3.0-beta1,20
jedis,4.0.0-beta1,redis.clients.jedis,UnifiedJedis,xautoclaimJustId,Long Parameter List,"designitejava,checkstyle",src/main/java/redis/clients/jedis/UnifiedJedis.java,src/main/java/redis/clients/jedis/UnifiedJedis.java.UnifiedJedis.xautoclaimJustId.Long Parameter List,4.0.0-beta1,5.3.0-beta1,5.3.0-beta1,20
jedis,4.0.0-beta1,redis.clients.jedis,UnifiedJedis,xclaim,Long Parameter List,"designitejava,checkstyle",src/main/java/redis/clients/jedis/UnifiedJedis.java,src/main/java/redis/clients/jedis/UnifiedJedis.java.UnifiedJedis.xclaim.Long Parameter List,4.0.0-beta1,5.3.0-beta1,5.3.0-beta1,20
jedis,4.0.0-beta1,redis.clients.jedis,UnifiedJedis,xclaimJustId,Long Parameter List,"designitejava,checkstyle",src/main/java/redis/clients/jedis/UnifiedJedis.java,src/main/java/redis/clients/jedis/UnifiedJedis.java.UnifiedJedis.xclaimJustId.Long Parameter List,4.0.0-beta1,5.3.0-beta1,5.3.0-beta1,20
jedis,4.0.0-beta1,redis.clients.jedis,UnifiedJedis,xpending,Long Parameter List,"designitejava,checkstyle",src/main/java/redis/clients/jedis/UnifiedJedis.java,src/main/java/redis/clients/jedis/UnifiedJedis.java.UnifiedJedis.xpending.Long Parameter List,4.0.0-beta1,5.0.0-alpha1,5.0.0-beta1,13
jedis,3.0.0-m1,redis.clients.jedis.commands,AdvancedBinaryJedisCommands,migrate,Long Parameter List,"designitejava,checkstyle",src/main/java/redis/clients/jedis/commands/AdvancedBinaryJedisCommands.java,src/main/java/redis/clients/jedis/commands/AdvancedBinaryJedisCommands.java.AdvancedBinaryJedisCommands.migrate.Long Parameter List,3.0.0-m1,3.10.0,4.0.0-beta1,16
jedis,3.0.0-m1,redis.clients.jedis.commands,AdvancedJedisCommands,migrate,Long Parameter List,"designitejava,checkstyle",src/main/java/redis/clients/jedis/commands/AdvancedJedisCommands.java,src/main/java/redis/clients/jedis/commands/AdvancedJedisCommands.java.AdvancedJedisCommands.migrate.Long Parameter List,3.0.0-m1,3.10.0,4.0.0-beta1,16
jedis,3.0.0-m1,redis.clients.jedis.commands,BinaryJedisClusterCommands,,God Class,"pmd,checkstyle",src/main/java/redis/clients/jedis/commands/BinaryJedisClusterCommands.java,src/main/java/redis/clients/jedis/commands/BinaryJedisClusterCommands.java.BinaryJedisClusterCommands..God Class,3.0.0-m1,3.10.0,4.0.0-beta1,16
jedis,3.0.0-m1,redis.clients.jedis.commands,BinaryJedisClusterCommands,georadius,Long Parameter List,"designitejava,checkstyle",src/main/java/redis/clients/jedis/commands/BinaryJedisClusterCommands.java,src/main/java/redis/clients/jedis/commands/BinaryJedisClusterCommands.java.BinaryJedisClusterCommands.georadius.Long Parameter List,3.0.0-m1,3.10.0,4.0.0-beta1,16
jedis,3.0.0-m1,redis.clients.jedis.commands,BinaryJedisClusterCommands,georadiusReadonly,Long Parameter List,"designitejava,checkstyle",src/main/java/redis/clients/jedis/commands/BinaryJedisClusterCommands.java,src/main/java/redis/clients/jedis/commands/BinaryJedisClusterCommands.java.BinaryJedisClusterCommands.georadiusReadonly.Long Parameter List,3.0.0-m1,3.10.0,4.0.0-beta1,16
jedis,3.7.0-RC1,redis.clients.jedis.commands,BinaryJedisClusterCommands,xautoclaim,Long Parameter List,"designitejava,checkstyle",src/main/java/redis/clients/jedis/commands/BinaryJedisClusterCommands.java,src/main/java/redis/clients/jedis/commands/BinaryJedisClusterCommands.java.BinaryJedisClusterCommands.xautoclaim.Long Parameter List,3.7.0-RC1,3.10.0,4.0.0-beta1,5
jedis,3.7.0-RC1,redis.clients.jedis.commands,BinaryJedisClusterCommands,xautoclaimJustId,Long Parameter List,"designitejava,checkstyle",src/main/java/redis/clients/jedis/commands/BinaryJedisClusterCommands.java,src/main/java/redis/clients/jedis/commands/BinaryJedisClusterCommands.java.BinaryJedisClusterCommands.xautoclaimJustId.Long Parameter List,3.7.0-RC1,3.10.0,4.0.0-beta1,5
jedis,3.1.0-rc,redis.clients.jedis.commands,BinaryJedisClusterCommands,xclaim,Long Parameter List,"designitejava,checkstyle",src/main/java/redis/clients/jedis/commands/BinaryJedisClusterCommands.java,src/main/java/redis/clients/jedis/commands/BinaryJedisClusterCommands.java.BinaryJedisClusterCommands.xclaim.Long Parameter List,3.1.0-rc,3.10.0,4.0.0-beta1,13
jedis,3.6.0-rc1,redis.clients.jedis.commands,BinaryJedisClusterCommands,xclaimJustId,Long Parameter List,"designitejava,checkstyle",src/main/java/redis/clients/jedis/commands/BinaryJedisClusterCommands.java,src/main/java/redis/clients/jedis/commands/BinaryJedisClusterCommands.java.BinaryJedisClusterCommands.xclaimJustId.Long Parameter List,3.6.0-rc1,3.10.0,4.0.0-beta1,7
jedis,3.1.0-rc,redis.clients.jedis.commands,BinaryJedisClusterCommands,xpending,Long Parameter List,"designitejava,checkstyle",src/main/java/redis/clients/jedis/commands/BinaryJedisClusterCommands.java,src/main/java/redis/clients/jedis/commands/BinaryJedisClusterCommands.java.BinaryJedisClusterCommands.xpending.Long Parameter List,3.1.0-rc,3.10.0,4.0.0-beta1,13
jedis,3.0.0-m1,redis.clients.jedis.commands,BinaryJedisCommands,,God Class,"pmd,checkstyle",src/main/java/redis/clients/jedis/commands/BinaryJedisCommands.java,src/main/java/redis/clients/jedis/commands/BinaryJedisCommands.java.BinaryJedisCommands..God Class,3.0.0-m1,3.10.0,4.0.0-beta1,16
jedis,3.0.0-m1,redis.clients.jedis.commands,BinaryJedisCommands,georadius,Long Parameter List,"designitejava,checkstyle",src/main/java/redis/clients/jedis/commands/BinaryJedisCommands.java,src/main/java/redis/clients/jedis/commands/BinaryJedisCommands.java.BinaryJedisCommands.georadius.Long Parameter List,3.0.0-m1,3.10.0,4.0.0-beta1,16
jedis,3.0.0-m1,redis.clients.jedis.commands,BinaryJedisCommands,georadiusReadonly,Long Parameter List,"designitejava,checkstyle",src/main/java/redis/clients/jedis/commands/BinaryJedisCommands.java,src/main/java/redis/clients/jedis/commands/BinaryJedisCommands.java.BinaryJedisCommands.georadiusReadonly.Long Parameter List,3.0.0-m1,3.10.0,4.0.0-beta1,16
jedis,3.7.0-RC1,redis.clients.jedis.commands,BinaryJedisCommands,xautoclaim,Long Parameter List,"designitejava,checkstyle",src/main/java/redis/clients/jedis/commands/BinaryJedisCommands.java,src/main/java/redis/clients/jedis/commands/BinaryJedisCommands.java.BinaryJedisCommands.xautoclaim.Long Parameter List,3.7.0-RC1,3.10.0,4.0.0-beta1,5
jedis,3.7.0-RC1,redis.clients.jedis.commands,BinaryJedisCommands,xautoclaimJustId,Long Parameter List,"designitejava,checkstyle",src/main/java/redis/clients/jedis/commands/BinaryJedisCommands.java,src/main/java/redis/clients/jedis/commands/BinaryJedisCommands.java.BinaryJedisCommands.xautoclaimJustId.Long Parameter List,3.7.0-RC1,3.10.0,4.0.0-beta1,5
jedis,3.1.0-m1,redis.clients.jedis.commands,BinaryJedisCommands,xclaim,Long Parameter List,"designitejava,checkstyle",src/main/java/redis/clients/jedis/commands/BinaryJedisCommands.java,src/main/java/redis/clients/jedis/commands/BinaryJedisCommands.java.BinaryJedisCommands.xclaim.Long Parameter List,3.1.0-m1,3.10.0,4.0.0-beta1,14
jedis,3.6.0-rc1,redis.clients.jedis.commands,BinaryJedisCommands,xclaimJustId,Long Parameter List,"designitejava,checkstyle",src/main/java/redis/clients/jedis/commands/BinaryJedisCommands.java,src/main/java/redis/clients/jedis/commands/BinaryJedisCommands.java.BinaryJedisCommands.xclaimJustId.Long Parameter List,3.6.0-rc1,3.10.0,4.0.0-beta1,7
jedis,3.1.0-m1,redis.clients.jedis.commands,BinaryJedisCommands,xpending,Long Parameter List,"designitejava,checkstyle",src/main/java/redis/clients/jedis/commands/BinaryJedisCommands.java,src/main/java/redis/clients/jedis/commands/BinaryJedisCommands.java.BinaryJedisCommands.xpending.Long Parameter List,3.1.0-m1,3.10.0,4.0.0-beta1,14
jedis,3.0.0-m1,redis.clients.jedis.commands,BinaryRedisPipeline,,God Class,"pmd,checkstyle",src/main/java/redis/clients/jedis/commands/BinaryRedisPipeline.java,src/main/java/redis/clients/jedis/commands/BinaryRedisPipeline.java.BinaryRedisPipeline..God Class,3.0.0-m1,3.10.0,4.0.0-beta1,16
jedis,3.0.0-m1,redis.clients.jedis.commands,BinaryRedisPipeline,georadius,Long Parameter List,"designitejava,checkstyle",src/main/java/redis/clients/jedis/commands/BinaryRedisPipeline.java,src/main/java/redis/clients/jedis/commands/BinaryRedisPipeline.java.BinaryRedisPipeline.georadius.Long Parameter List,3.0.0-m1,3.10.0,4.0.0-beta1,16
jedis,3.0.0-m1,redis.clients.jedis.commands,BinaryRedisPipeline,georadiusReadonly,Long Parameter List,"designitejava,checkstyle",src/main/java/redis/clients/jedis/commands/BinaryRedisPipeline.java,src/main/java/redis/clients/jedis/commands/BinaryRedisPipeline.java.BinaryRedisPipeline.georadiusReadonly.Long Parameter List,3.0.0-m1,3.10.0,4.0.0-beta1,16
jedis,3.7.0-RC1,redis.clients.jedis.commands,BinaryRedisPipeline,xautoclaim,Long Parameter List,"designitejava,checkstyle",src/main/java/redis/clients/jedis/commands/BinaryRedisPipeline.java,src/main/java/redis/clients/jedis/commands/BinaryRedisPipeline.java.BinaryRedisPipeline.xautoclaim.Long Parameter List,3.7.0-RC1,3.10.0,4.0.0-beta1,5
jedis,3.7.0-RC1,redis.clients.jedis.commands,BinaryRedisPipeline,xautoclaimJustId,Long Parameter List,"designitejava,checkstyle",src/main/java/redis/clients/jedis/commands/BinaryRedisPipeline.java,src/main/java/redis/clients/jedis/commands/BinaryRedisPipeline.java.BinaryRedisPipeline.xautoclaimJustId.Long Parameter List,3.7.0-RC1,3.10.0,4.0.0-beta1,5
jedis,3.1.0-m1,redis.clients.jedis.commands,BinaryRedisPipeline,xclaim,Long Parameter List,"designitejava,checkstyle",src/main/java/redis/clients/jedis/commands/BinaryRedisPipeline.java,src/main/java/redis/clients/jedis/commands/BinaryRedisPipeline.java.BinaryRedisPipeline.xclaim.Long Parameter List,3.1.0-m1,3.10.0,4.0.0-beta1,14
jedis,3.6.0-rc1,redis.clients.jedis.commands,BinaryRedisPipeline,xclaimJustId,Long Parameter List,"designitejava,checkstyle",src/main/java/redis/clients/jedis/commands/BinaryRedisPipeline.java,src/main/java/redis/clients/jedis/commands/BinaryRedisPipeline.java.BinaryRedisPipeline.xclaimJustId.Long Parameter List,3.6.0-rc1,3.10.0,4.0.0-beta1,7
jedis,3.1.0-m1,redis.clients.jedis.commands,BinaryRedisPipeline,xpending,Long Parameter List,"designitejava,checkstyle",src/main/java/redis/clients/jedis/commands/BinaryRedisPipeline.java,src/main/java/redis/clients/jedis/commands/BinaryRedisPipeline.java.BinaryRedisPipeline.xpending.Long Parameter List,3.1.0-m1,3.10.0,4.0.0-beta1,14
jedis,3.6.0-rc1,redis.clients.jedis.commands,BinaryRedisPipeline,xpendingBinary,Long Parameter List,"designitejava,checkstyle",src/main/java/redis/clients/jedis/commands/BinaryRedisPipeline.java,src/main/java/redis/clients/jedis/commands/BinaryRedisPipeline.java.BinaryRedisPipeline.xpendingBinary.Long Parameter List,3.6.0-rc1,3.10.0,4.0.0-beta1,7
jedis,3.0.0-m1,redis.clients.jedis.commands,Commands,,God Class,"pmd,checkstyle",src/main/java/redis/clients/jedis/commands/Commands.java,src/main/java/redis/clients/jedis/commands/Commands.java.Commands..God Class,3.0.0-m1,3.10.0,4.0.0-beta1,16
jedis,3.0.0-m1,redis.clients.jedis.commands,Commands,migrate,Long Parameter List,"designitejava,checkstyle",src/main/java/redis/clients/jedis/commands/Commands.java,src/main/java/redis/clients/jedis/commands/Commands.java.Commands.migrate.Long Parameter List,3.0.0-m1,3.10.0,4.0.0-beta1,16
jedis,3.7.0-RC1,redis.clients.jedis.commands,Commands,xautoclaim,Long Parameter List,"designitejava,checkstyle",src/main/java/redis/clients/jedis/commands/Commands.java,src/main/java/redis/clients/jedis/commands/Commands.java.Commands.xautoclaim.Long Parameter List,3.7.0-RC1,3.10.0,4.0.0-beta1,5
jedis,3.7.0-RC1,redis.clients.jedis.commands,Commands,xautoclaimJustId,Long Parameter List,"designitejava,checkstyle",src/main/java/redis/clients/jedis/commands/Commands.java,src/main/java/redis/clients/jedis/commands/Commands.java.Commands.xautoclaimJustId.Long Parameter List,3.7.0-RC1,3.10.0,4.0.0-beta1,5
jedis,3.1.0-m1,redis.clients.jedis.commands,Commands,xclaim,Long Parameter List,"designitejava,checkstyle",src/main/java/redis/clients/jedis/commands/Commands.java,src/main/java/redis/clients/jedis/commands/Commands.java.Commands.xclaim.Long Parameter List,3.1.0-m1,3.10.0,4.0.0-beta1,14
jedis,3.6.0-rc1,redis.clients.jedis.commands,Commands,xclaimJustId,Long Parameter List,"designitejava,checkstyle",src/main/java/redis/clients/jedis/commands/Commands.java,src/main/java/redis/clients/jedis/commands/Commands.java.Commands.xclaimJustId.Long Parameter List,3.6.0-rc1,3.10.0,4.0.0-beta1,7
jedis,3.1.0-m1,redis.clients.jedis.commands,Commands,xpending,Long Parameter List,"designitejava,checkstyle",src/main/java/redis/clients/jedis/commands/Commands.java,src/main/java/redis/clients/jedis/commands/Commands.java.Commands.xpending.Long Parameter List,3.1.0-m1,3.10.0,4.0.0-beta1,14
jedis,3.1.0-m1,redis.clients.jedis.commands,Commands,xreadGroup,Long Parameter List,"designitejava,checkstyle",src/main/java/redis/clients/jedis/commands/Commands.java,src/main/java/redis/clients/jedis/commands/Commands.java.Commands.xreadGroup.Long Parameter List,3.1.0-m1,3.10.0,4.0.0-beta1,14
jedis,4.0.0-beta1,redis.clients.jedis.commands,DatabaseCommands,migrate,Long Parameter List,"designitejava,checkstyle",src/main/java/redis/clients/jedis/commands/DatabaseCommands.java,src/main/java/redis/clients/jedis/commands/DatabaseCommands.java.DatabaseCommands.migrate.Long Parameter List,4.0.0-beta1,5.3.0-beta1,5.3.0-beta1,20
jedis,4.1.0,redis.clients.jedis.commands,DatabasePipelineCommands,migrate,Long Parameter List,"designitejava,checkstyle",src/main/java/redis/clients/jedis/commands/DatabasePipelineCommands.java,src/main/java/redis/clients/jedis/commands/DatabasePipelineCommands.java.DatabasePipelineCommands.migrate.Long Parameter List,4.1.0,5.3.0-beta1,5.3.0-beta1,17
jedis,4.0.0-beta1,redis.clients.jedis.commands,GeoBinaryCommands,georadius,Long Parameter List,"designitejava,checkstyle",src/main/java/redis/clients/jedis/commands/GeoBinaryCommands.java,src/main/java/redis/clients/jedis/commands/GeoBinaryCommands.java.GeoBinaryCommands.georadius.Long Parameter List,4.0.0-beta1,5.3.0-beta1,5.3.0-beta1,20
jedis,4.0.0-beta1,redis.clients.jedis.commands,GeoBinaryCommands,georadiusByMemberStore,Long Parameter List,"designitejava,checkstyle",src/main/java/redis/clients/jedis/commands/GeoBinaryCommands.java,src/main/java/redis/clients/jedis/commands/GeoBinaryCommands.java.GeoBinaryCommands.georadiusByMemberStore.Long Parameter List,4.0.0-beta1,5.3.0-beta1,5.3.0-beta1,20
jedis,4.0.0-beta1,redis.clients.jedis.commands,GeoBinaryCommands,georadiusReadonly,Long Parameter List,"designitejava,checkstyle",src/main/java/redis/clients/jedis/commands/GeoBinaryCommands.java,src/main/java/redis/clients/jedis/commands/GeoBinaryCommands.java.GeoBinaryCommands.georadiusReadonly.Long Parameter List,4.0.0-beta1,5.3.0-beta1,5.3.0-beta1,20
jedis,4.0.0-beta1,redis.clients.jedis.commands,GeoBinaryCommands,georadiusStore,Long Parameter List,"designitejava,checkstyle",src/main/java/redis/clients/jedis/commands/GeoBinaryCommands.java,src/main/java/redis/clients/jedis/commands/GeoBinaryCommands.java.GeoBinaryCommands.georadiusStore.Long Parameter List,4.0.0-beta1,5.3.0-beta1,5.3.0-beta1,20
jedis,4.1.0,redis.clients.jedis.commands,GeoBinaryCommands,geosearchStore,Long Parameter List,"designitejava,checkstyle",src/main/java/redis/clients/jedis/commands/GeoBinaryCommands.java,src/main/java/redis/clients/jedis/commands/GeoBinaryCommands.java.GeoBinaryCommands.geosearchStore.Long Parameter List,4.1.0,5.3.0-beta1,5.3.0-beta1,17
jedis,4.0.0-beta1,redis.clients.jedis.commands,GeoCommands,georadius,Long Parameter List,"designitejava,checkstyle",src/main/java/redis/clients/jedis/commands/GeoCommands.java,src/main/java/redis/clients/jedis/commands/GeoCommands.java.GeoCommands.georadius.Long Parameter List,4.0.0-beta1,5.3.0-beta1,5.3.0-beta1,20
jedis,4.0.0-beta1,redis.clients.jedis.commands,GeoCommands,georadiusByMemberStore,Long Parameter List,"designitejava,checkstyle",src/main/java/redis/clients/jedis/commands/GeoCommands.java,src/main/java/redis/clients/jedis/commands/GeoCommands.java.GeoCommands.georadiusByMemberStore.Long Parameter List,4.0.0-beta1,5.3.0-beta1,5.3.0-beta1,20
jedis,4.0.0-beta1,redis.clients.jedis.commands,GeoCommands,georadiusReadonly,Long Parameter List,"designitejava,checkstyle",src/main/java/redis/clients/jedis/commands/GeoCommands.java,src/main/java/redis/clients/jedis/commands/GeoCommands.java.GeoCommands.georadiusReadonly.Long Parameter List,4.0.0-beta1,5.3.0-beta1,5.3.0-beta1,20
jedis,4.0.0-beta1,redis.clients.jedis.commands,GeoCommands,georadiusStore,Long Parameter List,"designitejava,checkstyle",src/main/java/redis/clients/jedis/commands/GeoCommands.java,src/main/java/redis/clients/jedis/commands/GeoCommands.java.GeoCommands.georadiusStore.Long Parameter List,4.0.0-beta1,5.3.0-beta1,5.3.0-beta1,20
jedis,4.1.0,redis.clients.jedis.commands,GeoCommands,geosearchStore,Long Parameter List,"designitejava,checkstyle",src/main/java/redis/clients/jedis/commands/GeoCommands.java,src/main/java/redis/clients/jedis/commands/GeoCommands.java.GeoCommands.geosearchStore.Long Parameter List,4.1.0,5.3.0-beta1,5.3.0-beta1,17
jedis,4.0.0-beta1,redis.clients.jedis.commands,GeoPipelineBinaryCommands,georadius,Long Parameter List,"designitejava,checkstyle",src/main/java/redis/clients/jedis/commands/GeoPipelineBinaryCommands.java,src/main/java/redis/clients/jedis/commands/GeoPipelineBinaryCommands.java.GeoPipelineBinaryCommands.georadius.Long Parameter List,4.0.0-beta1,5.3.0-beta1,5.3.0-beta1,20
jedis,4.0.0-beta1,redis.clients.jedis.commands,GeoPipelineBinaryCommands,georadiusByMemberStore,Long Parameter List,"designitejava,checkstyle",src/main/java/redis/clients/jedis/commands/GeoPipelineBinaryCommands.java,src/main/java/redis/clients/jedis/commands/GeoPipelineBinaryCommands.java.GeoPipelineBinaryCommands.georadiusByMemberStore.Long Parameter List,4.0.0-beta1,5.3.0-beta1,5.3.0-beta1,20
jedis,4.0.0-beta1,redis.clients.jedis.commands,GeoPipelineBinaryCommands,georadiusReadonly,Long Parameter List,"designitejava,checkstyle",src/main/java/redis/clients/jedis/commands/GeoPipelineBinaryCommands.java,src/main/java/redis/clients/jedis/commands/GeoPipelineBinaryCommands.java.GeoPipelineBinaryCommands.georadiusReadonly.Long Parameter List,4.0.0-beta1,5.3.0-beta1,5.3.0-beta1,20
jedis,4.0.0-beta1,redis.clients.jedis.commands,GeoPipelineBinaryCommands,georadiusStore,Long Parameter List,"designitejava,checkstyle",src/main/java/redis/clients/jedis/commands/GeoPipelineBinaryCommands.java,src/main/java/redis/clients/jedis/commands/GeoPipelineBinaryCommands.java.GeoPipelineBinaryCommands.georadiusStore.Long Parameter List,4.0.0-beta1,5.3.0-beta1,5.3.0-beta1,20
jedis,4.1.0,redis.clients.jedis.commands,GeoPipelineBinaryCommands,geosearchStore,Long Parameter List,"designitejava,checkstyle",src/main/java/redis/clients/jedis/commands/GeoPipelineBinaryCommands.java,src/main/java/redis/clients/jedis/commands/GeoPipelineBinaryCommands.java.GeoPipelineBinaryCommands.geosearchStore.Long Parameter List,4.1.0,5.3.0-beta1,5.3.0-beta1,17
jedis,4.0.0-beta1,redis.clients.jedis.commands,GeoPipelineCommands,georadius,Long Parameter List,"designitejava,checkstyle",src/main/java/redis/clients/jedis/commands/GeoPipelineCommands.java,src/main/java/redis/clients/jedis/commands/GeoPipelineCommands.java.GeoPipelineCommands.georadius.Long Parameter List,4.0.0-beta1,5.3.0-beta1,5.3.0-beta1,20
jedis,4.0.0-beta1,redis.clients.jedis.commands,GeoPipelineCommands,georadiusByMemberStore,Long Parameter List,"designitejava,checkstyle",src/main/java/redis/clients/jedis/commands/GeoPipelineCommands.java,src/main/java/redis/clients/jedis/commands/GeoPipelineCommands.java.GeoPipelineCommands.georadiusByMemberStore.Long Parameter List,4.0.0-beta1,5.3.0-beta1,5.3.0-beta1,20
jedis,4.0.0-beta1,redis.clients.jedis.commands,GeoPipelineCommands,georadiusReadonly,Long Parameter List,"designitejava,checkstyle",src/main/java/redis/clients/jedis/commands/GeoPipelineCommands.java,src/main/java/redis/clients/jedis/commands/GeoPipelineCommands.java.GeoPipelineCommands.georadiusReadonly.Long Parameter List,4.0.0-beta1,5.3.0-beta1,5.3.0-beta1,20
jedis,4.0.0-beta1,redis.clients.jedis.commands,GeoPipelineCommands,georadiusStore,Long Parameter List,"designitejava,checkstyle",src/main/java/redis/clients/jedis/commands/GeoPipelineCommands.java,src/main/java/redis/clients/jedis/commands/GeoPipelineCommands.java.GeoPipelineCommands.georadiusStore.Long Parameter List,4.0.0-beta1,5.3.0-beta1,5.3.0-beta1,20
jedis,4.1.0,redis.clients.jedis.commands,GeoPipelineCommands,geosearchStore,Long Parameter List,"designitejava,checkstyle",src/main/java/redis/clients/jedis/commands/GeoPipelineCommands.java,src/main/java/redis/clients/jedis/commands/GeoPipelineCommands.java.GeoPipelineCommands.geosearchStore.Long Parameter List,4.1.0,5.3.0-beta1,5.3.0-beta1,17
jedis,3.0.0-m1,redis.clients.jedis.commands,JedisClusterCommands,,God Class,"pmd,checkstyle",src/main/java/redis/clients/jedis/commands/JedisClusterCommands.java,src/main/java/redis/clients/jedis/commands/JedisClusterCommands.java.JedisClusterCommands..God Class,3.0.0-m1,3.10.0,4.0.0-beta1,16
jedis,3.0.0-m1,redis.clients.jedis.commands,JedisClusterCommands,georadius,Long Parameter List,"designitejava,checkstyle",src/main/java/redis/clients/jedis/commands/JedisClusterCommands.java,src/main/java/redis/clients/jedis/commands/JedisClusterCommands.java.JedisClusterCommands.georadius.Long Parameter List,3.0.0-m1,3.10.0,4.0.0-beta1,16
jedis,3.0.0-m1,redis.clients.jedis.commands,JedisClusterCommands,georadiusReadonly,Long Parameter List,"designitejava,checkstyle",src/main/java/redis/clients/jedis/commands/JedisClusterCommands.java,src/main/java/redis/clients/jedis/commands/JedisClusterCommands.java.JedisClusterCommands.georadiusReadonly.Long Parameter List,3.0.0-m1,3.10.0,4.0.0-beta1,16
jedis,3.7.0-RC1,redis.clients.jedis.commands,JedisClusterCommands,xautoclaim,Long Parameter List,"designitejava,checkstyle",src/main/java/redis/clients/jedis/commands/JedisClusterCommands.java,src/main/java/redis/clients/jedis/commands/JedisClusterCommands.java.JedisClusterCommands.xautoclaim.Long Parameter List,3.7.0-RC1,3.10.0,4.0.0-beta1,5
jedis,3.7.0-RC1,redis.clients.jedis.commands,JedisClusterCommands,xautoclaimJustId,Long Parameter List,"designitejava,checkstyle",src/main/java/redis/clients/jedis/commands/JedisClusterCommands.java,src/main/java/redis/clients/jedis/commands/JedisClusterCommands.java.JedisClusterCommands.xautoclaimJustId.Long Parameter List,3.7.0-RC1,3.10.0,4.0.0-beta1,5
jedis,3.1.0-m1,redis.clients.jedis.commands,JedisClusterCommands,xclaim,Long Parameter List,"designitejava,checkstyle",src/main/java/redis/clients/jedis/commands/JedisClusterCommands.java,src/main/java/redis/clients/jedis/commands/JedisClusterCommands.java.JedisClusterCommands.xclaim.Long Parameter List,3.1.0-m1,3.10.0,4.0.0-beta1,14
jedis,3.6.0-rc1,redis.clients.jedis.commands,JedisClusterCommands,xclaimJustId,Long Parameter List,"designitejava,checkstyle",src/main/java/redis/clients/jedis/commands/JedisClusterCommands.java,src/main/java/redis/clients/jedis/commands/JedisClusterCommands.java.JedisClusterCommands.xclaimJustId.Long Parameter List,3.6.0-rc1,3.10.0,4.0.0-beta1,7
jedis,3.1.0-m1,redis.clients.jedis.commands,JedisClusterCommands,xpending,Long Parameter List,"designitejava,checkstyle",src/main/java/redis/clients/jedis/commands/JedisClusterCommands.java,src/main/java/redis/clients/jedis/commands/JedisClusterCommands.java.JedisClusterCommands.xpending.Long Parameter List,3.1.0-m1,3.10.0,4.0.0-beta1,14
jedis,3.1.0-m1,redis.clients.jedis.commands,JedisClusterCommands,xreadGroup,Long Parameter List,"designitejava,checkstyle",src/main/java/redis/clients/jedis/commands/JedisClusterCommands.java,src/main/java/redis/clients/jedis/commands/JedisClusterCommands.java.JedisClusterCommands.xreadGroup.Long Parameter List,3.1.0-m1,3.10.0,4.0.0-beta1,14
jedis,3.0.0-m1,redis.clients.jedis.commands,JedisCommands,,God Class,"pmd,checkstyle",src/main/java/redis/clients/jedis/commands/JedisCommands.java,src/main/java/redis/clients/jedis/commands/JedisCommands.java.JedisCommands..God Class,3.0.0-m1,3.10.0,4.0.0-beta1,16
jedis,3.0.0-m1,redis.clients.jedis.commands,JedisCommands,georadius,Long Parameter List,"designitejava,checkstyle",src/main/java/redis/clients/jedis/commands/JedisCommands.java,src/main/java/redis/clients/jedis/commands/JedisCommands.java.JedisCommands.georadius.Long Parameter List,3.0.0-m1,3.10.0,4.0.0-beta1,16
jedis,3.0.0-m1,redis.clients.jedis.commands,JedisCommands,georadiusReadonly,Long Parameter List,"designitejava,checkstyle",src/main/java/redis/clients/jedis/commands/JedisCommands.java,src/main/java/redis/clients/jedis/commands/JedisCommands.java.JedisCommands.georadiusReadonly.Long Parameter List,3.0.0-m1,3.10.0,4.0.0-beta1,16
jedis,3.7.0-RC1,redis.clients.jedis.commands,JedisCommands,xautoclaim,Long Parameter List,"designitejava,checkstyle",src/main/java/redis/clients/jedis/commands/JedisCommands.java,src/main/java/redis/clients/jedis/commands/JedisCommands.java.JedisCommands.xautoclaim.Long Parameter List,3.7.0-RC1,3.10.0,4.0.0-beta1,5
jedis,3.7.0-RC1,redis.clients.jedis.commands,JedisCommands,xautoclaimJustId,Long Parameter List,"designitejava,checkstyle",src/main/java/redis/clients/jedis/commands/JedisCommands.java,src/main/java/redis/clients/jedis/commands/JedisCommands.java.JedisCommands.xautoclaimJustId.Long Parameter List,3.7.0-RC1,3.10.0,4.0.0-beta1,5
jedis,3.1.0-m1,redis.clients.jedis.commands,JedisCommands,xclaim,Long Parameter List,"designitejava,checkstyle",src/main/java/redis/clients/jedis/commands/JedisCommands.java,src/main/java/redis/clients/jedis/commands/JedisCommands.java.JedisCommands.xclaim.Long Parameter List,3.1.0-m1,3.10.0,4.0.0-beta1,14
jedis,3.6.0-rc1,redis.clients.jedis.commands,JedisCommands,xclaimJustId,Long Parameter List,"designitejava,checkstyle",src/main/java/redis/clients/jedis/commands/JedisCommands.java,src/main/java/redis/clients/jedis/commands/JedisCommands.java.JedisCommands.xclaimJustId.Long Parameter List,3.6.0-rc1,3.10.0,4.0.0-beta1,7
jedis,3.1.0-m1,redis.clients.jedis.commands,JedisCommands,xpending,Long Parameter List,"designitejava,checkstyle",src/main/java/redis/clients/jedis/commands/JedisCommands.java,src/main/java/redis/clients/jedis/commands/JedisCommands.java.JedisCommands.xpending.Long Parameter List,3.1.0-m1,3.10.0,4.0.0-beta1,14
jedis,3.4.0,redis.clients.jedis.commands,MultiKeyBinaryCommands,georadiusByMemberStore,Long Parameter List,"designitejava,checkstyle",src/main/java/redis/clients/jedis/commands/MultiKeyBinaryCommands.java,src/main/java/redis/clients/jedis/commands/MultiKeyBinaryCommands.java.MultiKeyBinaryCommands.georadiusByMemberStore.Long Parameter List,3.4.0,3.10.0,4.0.0-beta1,9
jedis,3.4.0,redis.clients.jedis.commands,MultiKeyBinaryCommands,georadiusStore,Long Parameter List,"designitejava,checkstyle",src/main/java/redis/clients/jedis/commands/MultiKeyBinaryCommands.java,src/main/java/redis/clients/jedis/commands/MultiKeyBinaryCommands.java.MultiKeyBinaryCommands.georadiusStore.Long Parameter List,3.4.0,3.10.0,4.0.0-beta1,9
jedis,3.1.0-m1,redis.clients.jedis.commands,MultiKeyBinaryCommands,xreadGroup,Long Parameter List,"designitejava,checkstyle",src/main/java/redis/clients/jedis/commands/MultiKeyBinaryCommands.java,src/main/java/redis/clients/jedis/commands/MultiKeyBinaryCommands.java.MultiKeyBinaryCommands.xreadGroup.Long Parameter List,3.1.0-m1,3.10.0,4.0.0-beta1,14
jedis,3.4.0,redis.clients.jedis.commands,MultiKeyBinaryJedisClusterCommands,georadiusByMemberStore,Long Parameter List,"designitejava,checkstyle",src/main/java/redis/clients/jedis/commands/MultiKeyBinaryJedisClusterCommands.java,src/main/java/redis/clients/jedis/commands/MultiKeyBinaryJedisClusterCommands.java.MultiKeyBinaryJedisClusterCommands.georadiusByMemberStore.Long Parameter List,3.4.0,3.10.0,4.0.0-beta1,9
jedis,3.4.0,redis.clients.jedis.commands,MultiKeyBinaryJedisClusterCommands,georadiusStore,Long Parameter List,"designitejava,checkstyle",src/main/java/redis/clients/jedis/commands/MultiKeyBinaryJedisClusterCommands.java,src/main/java/redis/clients/jedis/commands/MultiKeyBinaryJedisClusterCommands.java.MultiKeyBinaryJedisClusterCommands.georadiusStore.Long Parameter List,3.4.0,3.10.0,4.0.0-beta1,9
jedis,3.1.0-rc,redis.clients.jedis.commands,MultiKeyBinaryJedisClusterCommands,xreadGroup,Long Parameter List,"designitejava,checkstyle",src/main/java/redis/clients/jedis/commands/MultiKeyBinaryJedisClusterCommands.java,src/main/java/redis/clients/jedis/commands/MultiKeyBinaryJedisClusterCommands.java.MultiKeyBinaryJedisClusterCommands.xreadGroup.Long Parameter List,3.1.0-rc,3.10.0,4.0.0-beta1,13
jedis,3.4.0,redis.clients.jedis.commands,MultiKeyBinaryRedisPipeline,georadiusByMemberStore,Long Parameter List,"designitejava,checkstyle",src/main/java/redis/clients/jedis/commands/MultiKeyBinaryRedisPipeline.java,src/main/java/redis/clients/jedis/commands/MultiKeyBinaryRedisPipeline.java.MultiKeyBinaryRedisPipeline.georadiusByMemberStore.Long Parameter List,3.4.0,3.10.0,4.0.0-beta1,9
jedis,3.4.0,redis.clients.jedis.commands,MultiKeyBinaryRedisPipeline,georadiusStore,Long Parameter List,"designitejava,checkstyle",src/main/java/redis/clients/jedis/commands/MultiKeyBinaryRedisPipeline.java,src/main/java/redis/clients/jedis/commands/MultiKeyBinaryRedisPipeline.java.MultiKeyBinaryRedisPipeline.georadiusStore.Long Parameter List,3.4.0,3.10.0,4.0.0-beta1,9
jedis,3.0.0-m1,redis.clients.jedis.commands,MultiKeyBinaryRedisPipeline,migrate,Long Parameter List,"designitejava,checkstyle",src/main/java/redis/clients/jedis/commands/MultiKeyBinaryRedisPipeline.java,src/main/java/redis/clients/jedis/commands/MultiKeyBinaryRedisPipeline.java.MultiKeyBinaryRedisPipeline.migrate.Long Parameter List,3.0.0-m1,3.10.0,4.0.0-beta1,16
jedis,3.6.0-rc1,redis.clients.jedis.commands,MultiKeyBinaryRedisPipeline,xreadGroup,Long Parameter List,"designitejava,checkstyle",src/main/java/redis/clients/jedis/commands/MultiKeyBinaryRedisPipeline.java,src/main/java/redis/clients/jedis/commands/MultiKeyBinaryRedisPipeline.java.MultiKeyBinaryRedisPipeline.xreadGroup.Long Parameter List,3.6.0-rc1,3.10.0,4.0.0-beta1,7
jedis,3.4.0,redis.clients.jedis.commands,MultiKeyCommands,georadiusByMemberStore,Long Parameter List,"designitejava,checkstyle",src/main/java/redis/clients/jedis/commands/MultiKeyCommands.java,src/main/java/redis/clients/jedis/commands/MultiKeyCommands.java.MultiKeyCommands.georadiusByMemberStore.Long Parameter List,3.4.0,3.10.0,4.0.0-beta1,9
jedis,3.4.0,redis.clients.jedis.commands,MultiKeyCommands,georadiusStore,Long Parameter List,"designitejava,checkstyle",src/main/java/redis/clients/jedis/commands/MultiKeyCommands.java,src/main/java/redis/clients/jedis/commands/MultiKeyCommands.java.MultiKeyCommands.georadiusStore.Long Parameter List,3.4.0,3.10.0,4.0.0-beta1,9
jedis,3.1.0-m1,redis.clients.jedis.commands,MultiKeyCommands,xreadGroup,Long Parameter List,"designitejava,checkstyle",src/main/java/redis/clients/jedis/commands/MultiKeyCommands.java,src/main/java/redis/clients/jedis/commands/MultiKeyCommands.java.MultiKeyCommands.xreadGroup.Long Parameter List,3.1.0-m1,3.10.0,4.0.0-beta1,14
jedis,3.4.0,redis.clients.jedis.commands,MultiKeyCommandsPipeline,georadiusByMemberStore,Long Parameter List,"designitejava,checkstyle",src/main/java/redis/clients/jedis/commands/MultiKeyCommandsPipeline.java,src/main/java/redis/clients/jedis/commands/MultiKeyCommandsPipeline.java.MultiKeyCommandsPipeline.georadiusByMemberStore.Long Parameter List,3.4.0,3.10.0,4.0.0-beta1,9
jedis,3.4.0,redis.clients.jedis.commands,MultiKeyCommandsPipeline,georadiusStore,Long Parameter List,"designitejava,checkstyle",src/main/java/redis/clients/jedis/commands/MultiKeyCommandsPipeline.java,src/main/java/redis/clients/jedis/commands/MultiKeyCommandsPipeline.java.MultiKeyCommandsPipeline.georadiusStore.Long Parameter List,3.4.0,3.10.0,4.0.0-beta1,9
jedis,3.0.0-m1,redis.clients.jedis.commands,MultiKeyCommandsPipeline,migrate,Long Parameter List,"designitejava,checkstyle",src/main/java/redis/clients/jedis/commands/MultiKeyCommandsPipeline.java,src/main/java/redis/clients/jedis/commands/MultiKeyCommandsPipeline.java.MultiKeyCommandsPipeline.migrate.Long Parameter List,3.0.0-m1,3.10.0,4.0.0-beta1,16
jedis,3.6.0-rc1,redis.clients.jedis.commands,MultiKeyCommandsPipeline,xreadGroup,Long Parameter List,"designitejava,checkstyle",src/main/java/redis/clients/jedis/commands/MultiKeyCommandsPipeline.java,src/main/java/redis/clients/jedis/commands/MultiKeyCommandsPipeline.java.MultiKeyCommandsPipeline.xreadGroup.Long Parameter List,3.6.0-rc1,3.10.0,4.0.0-beta1,7
jedis,3.4.0,redis.clients.jedis.commands,MultiKeyJedisClusterCommands,georadiusByMemberStore,Long Parameter List,"designitejava,checkstyle",src/main/java/redis/clients/jedis/commands/MultiKeyJedisClusterCommands.java,src/main/java/redis/clients/jedis/commands/MultiKeyJedisClusterCommands.java.MultiKeyJedisClusterCommands.georadiusByMemberStore.Long Parameter List,3.4.0,3.10.0,4.0.0-beta1,9
jedis,3.4.0,redis.clients.jedis.commands,MultiKeyJedisClusterCommands,georadiusStore,Long Parameter List,"designitejava,checkstyle",src/main/java/redis/clients/jedis/commands/MultiKeyJedisClusterCommands.java,src/main/java/redis/clients/jedis/commands/MultiKeyJedisClusterCommands.java.MultiKeyJedisClusterCommands.georadiusStore.Long Parameter List,3.4.0,3.10.0,4.0.0-beta1,9
jedis,3.4.0,redis.clients.jedis.commands,MultiKeyJedisClusterCommands,xreadGroup,Long Parameter List,"designitejava,checkstyle",src/main/java/redis/clients/jedis/commands/MultiKeyJedisClusterCommands.java,src/main/java/redis/clients/jedis/commands/MultiKeyJedisClusterCommands.java.MultiKeyJedisClusterCommands.xreadGroup.Long Parameter List,3.4.0,3.10.0,4.0.0-beta1,9
jedis,2.8.0,redis.clients.jedis.commands,RedisPipeline,,God Class,"pmd,checkstyle",src/main/java/redis/clients/jedis/commands/RedisPipeline.java,src/main/java/redis/clients/jedis/commands/RedisPipeline.java.RedisPipeline..God Class,2.8.0,3.10.0,4.0.0-beta1,20
jedis,2.8.0,redis.clients.jedis.commands,RedisPipeline,georadius,Long Parameter List,"designitejava,checkstyle",src/main/java/redis/clients/jedis/commands/RedisPipeline.java,src/main/java/redis/clients/jedis/commands/RedisPipeline.java.RedisPipeline.georadius.Long Parameter List,2.8.0,3.10.0,4.0.0-beta1,20
jedis,3.0.0-m1,redis.clients.jedis.commands,RedisPipeline,georadiusReadonly,Long Parameter List,"designitejava,checkstyle",src/main/java/redis/clients/jedis/commands/RedisPipeline.java,src/main/java/redis/clients/jedis/commands/RedisPipeline.java.RedisPipeline.georadiusReadonly.Long Parameter List,3.0.0-m1,3.10.0,4.0.0-beta1,16
jedis,3.7.0-RC1,redis.clients.jedis.commands,RedisPipeline,xautoclaim,Long Parameter List,"designitejava,checkstyle",src/main/java/redis/clients/jedis/commands/RedisPipeline.java,src/main/java/redis/clients/jedis/commands/RedisPipeline.java.RedisPipeline.xautoclaim.Long Parameter List,3.7.0-RC1,3.10.0,4.0.0-beta1,5
jedis,3.7.0-RC1,redis.clients.jedis.commands,RedisPipeline,xautoclaimJustId,Long Parameter List,"designitejava,checkstyle",src/main/java/redis/clients/jedis/commands/RedisPipeline.java,src/main/java/redis/clients/jedis/commands/RedisPipeline.java.RedisPipeline.xautoclaimJustId.Long Parameter List,3.7.0-RC1,3.10.0,4.0.0-beta1,5
jedis,3.1.0-m1,redis.clients.jedis.commands,RedisPipeline,xclaim,Long Parameter List,"designitejava,checkstyle",src/main/java/redis/clients/jedis/commands/RedisPipeline.java,src/main/java/redis/clients/jedis/commands/RedisPipeline.java.RedisPipeline.xclaim.Long Parameter List,3.1.0-m1,3.10.0,4.0.0-beta1,14
jedis,3.6.0-rc1,redis.clients.jedis.commands,RedisPipeline,xclaimJustId,Long Parameter List,"designitejava,checkstyle",src/main/java/redis/clients/jedis/commands/RedisPipeline.java,src/main/java/redis/clients/jedis/commands/RedisPipeline.java.RedisPipeline.xclaimJustId.Long Parameter List,3.6.0-rc1,3.10.0,4.0.0-beta1,7
jedis,3.1.0-m1,redis.clients.jedis.commands,RedisPipeline,xpending,Long Parameter List,"designitejava,checkstyle",src/main/java/redis/clients/jedis/commands/RedisPipeline.java,src/main/java/redis/clients/jedis/commands/RedisPipeline.java.RedisPipeline.xpending.Long Parameter List,3.1.0-m1,3.10.0,4.0.0-beta1,14
jedis,4.0.0-beta1,redis.clients.jedis.commands,StreamBinaryCommands,xautoclaim,Long Parameter List,"designitejava,checkstyle",src/main/java/redis/clients/jedis/commands/StreamBinaryCommands.java,src/main/java/redis/clients/jedis/commands/StreamBinaryCommands.java.StreamBinaryCommands.xautoclaim.Long Parameter List,4.0.0-beta1,5.3.0-beta1,5.3.0-beta1,20
jedis,4.0.0-beta1,redis.clients.jedis.commands,StreamBinaryCommands,xautoclaimJustId,Long Parameter List,"designitejava,checkstyle",src/main/java/redis/clients/jedis/commands/StreamBinaryCommands.java,src/main/java/redis/clients/jedis/commands/StreamBinaryCommands.java.StreamBinaryCommands.xautoclaimJustId.Long Parameter List,4.0.0-beta1,5.3.0-beta1,5.3.0-beta1,20
jedis,4.0.0-beta1,redis.clients.jedis.commands,StreamBinaryCommands,xclaim,Long Parameter List,"designitejava,checkstyle",src/main/java/redis/clients/jedis/commands/StreamBinaryCommands.java,src/main/java/redis/clients/jedis/commands/StreamBinaryCommands.java.StreamBinaryCommands.xclaim.Long Parameter List,4.0.0-beta1,5.3.0-beta1,5.3.0-beta1,20
jedis,4.0.0-beta1,redis.clients.jedis.commands,StreamBinaryCommands,xclaimJustId,Long Parameter List,"designitejava,checkstyle",src/main/java/redis/clients/jedis/commands/StreamBinaryCommands.java,src/main/java/redis/clients/jedis/commands/StreamBinaryCommands.java.StreamBinaryCommands.xclaimJustId.Long Parameter List,4.0.0-beta1,5.3.0-beta1,5.3.0-beta1,20
jedis,4.0.0-beta1,redis.clients.jedis.commands,StreamBinaryCommands,xpending,Long Parameter List,"designitejava,checkstyle",src/main/java/redis/clients/jedis/commands/StreamBinaryCommands.java,src/main/java/redis/clients/jedis/commands/StreamBinaryCommands.java.StreamBinaryCommands.xpending.Long Parameter List,4.0.0-beta1,5.0.0-alpha1,5.0.0-beta1,13
jedis,4.0.0-beta1,redis.clients.jedis.commands,StreamCommands,xautoclaim,Long Parameter List,"designitejava,checkstyle",src/main/java/redis/clients/jedis/commands/StreamCommands.java,src/main/java/redis/clients/jedis/commands/StreamCommands.java.StreamCommands.xautoclaim.Long Parameter List,4.0.0-beta1,5.3.0-beta1,5.3.0-beta1,20
jedis,4.0.0-beta1,redis.clients.jedis.commands,StreamCommands,xautoclaimJustId,Long Parameter List,"designitejava,checkstyle",src/main/java/redis/clients/jedis/commands/StreamCommands.java,src/main/java/redis/clients/jedis/commands/StreamCommands.java.StreamCommands.xautoclaimJustId.Long Parameter List,4.0.0-beta1,5.3.0-beta1,5.3.0-beta1,20
jedis,4.0.0-beta1,redis.clients.jedis.commands,StreamCommands,xclaim,Long Parameter List,"designitejava,checkstyle",src/main/java/redis/clients/jedis/commands/StreamCommands.java,src/main/java/redis/clients/jedis/commands/StreamCommands.java.StreamCommands.xclaim.Long Parameter List,4.0.0-beta1,5.3.0-beta1,5.3.0-beta1,20
jedis,4.0.0-beta1,redis.clients.jedis.commands,StreamCommands,xclaimJustId,Long Parameter List,"designitejava,checkstyle",src/main/java/redis/clients/jedis/commands/StreamCommands.java,src/main/java/redis/clients/jedis/commands/StreamCommands.java.StreamCommands.xclaimJustId.Long Parameter List,4.0.0-beta1,5.3.0-beta1,5.3.0-beta1,20
jedis,4.0.0-beta1,redis.clients.jedis.commands,StreamCommands,xpending,Long Parameter List,"designitejava,checkstyle",src/main/java/redis/clients/jedis/commands/StreamCommands.java,src/main/java/redis/clients/jedis/commands/StreamCommands.java.StreamCommands.xpending.Long Parameter List,4.0.0-beta1,5.0.0-alpha1,5.0.0-beta1,13
jedis,4.0.0-beta1,redis.clients.jedis.commands,StreamCommands,xreadGroup,Long Parameter List,"designitejava,checkstyle",src/main/java/redis/clients/jedis/commands/StreamCommands.java,src/main/java/redis/clients/jedis/commands/StreamCommands.java.StreamCommands.xreadGroup.Long Parameter List,4.0.0-beta1,4.0.0-RC1,4.0.0,2
jedis,4.0.0-beta1,redis.clients.jedis.commands,StreamPipelineBinaryCommands,xautoclaim,Long Parameter List,"designitejava,checkstyle",src/main/java/redis/clients/jedis/commands/StreamPipelineBinaryCommands.java,src/main/java/redis/clients/jedis/commands/StreamPipelineBinaryCommands.java.StreamPipelineBinaryCommands.xautoclaim.Long Parameter List,4.0.0-beta1,5.3.0-beta1,5.3.0-beta1,20
jedis,4.0.0-beta1,redis.clients.jedis.commands,StreamPipelineBinaryCommands,xautoclaimJustId,Long Parameter List,"designitejava,checkstyle",src/main/java/redis/clients/jedis/commands/StreamPipelineBinaryCommands.java,src/main/java/redis/clients/jedis/commands/StreamPipelineBinaryCommands.java.StreamPipelineBinaryCommands.xautoclaimJustId.Long Parameter List,4.0.0-beta1,5.3.0-beta1,5.3.0-beta1,20
jedis,4.0.0-beta1,redis.clients.jedis.commands,StreamPipelineBinaryCommands,xclaim,Long Parameter List,"designitejava,checkstyle",src/main/java/redis/clients/jedis/commands/StreamPipelineBinaryCommands.java,src/main/java/redis/clients/jedis/commands/StreamPipelineBinaryCommands.java.StreamPipelineBinaryCommands.xclaim.Long Parameter List,4.0.0-beta1,5.3.0-beta1,5.3.0-beta1,20
jedis,4.0.0-beta1,redis.clients.jedis.commands,StreamPipelineBinaryCommands,xclaimJustId,Long Parameter List,"designitejava,checkstyle",src/main/java/redis/clients/jedis/commands/StreamPipelineBinaryCommands.java,src/main/java/redis/clients/jedis/commands/StreamPipelineBinaryCommands.java.StreamPipelineBinaryCommands.xclaimJustId.Long Parameter List,4.0.0-beta1,5.3.0-beta1,5.3.0-beta1,20
jedis,4.0.0-beta1,redis.clients.jedis.commands,StreamPipelineBinaryCommands,xpending,Long Parameter List,"designitejava,checkstyle",src/main/java/redis/clients/jedis/commands/StreamPipelineBinaryCommands.java,src/main/java/redis/clients/jedis/commands/StreamPipelineBinaryCommands.java.StreamPipelineBinaryCommands.xpending.Long Parameter List,4.0.0-beta1,5.0.0-alpha1,5.0.0-beta1,13
jedis,4.0.0-beta1,redis.clients.jedis.commands,StreamPipelineCommands,xautoclaim,Long Parameter List,"designitejava,checkstyle",src/main/java/redis/clients/jedis/commands/StreamPipelineCommands.java,src/main/java/redis/clients/jedis/commands/StreamPipelineCommands.java.StreamPipelineCommands.xautoclaim.Long Parameter List,4.0.0-beta1,5.3.0-beta1,5.3.0-beta1,20
jedis,4.0.0-beta1,redis.clients.jedis.commands,StreamPipelineCommands,xautoclaimJustId,Long Parameter List,"designitejava,checkstyle",src/main/java/redis/clients/jedis/commands/StreamPipelineCommands.java,src/main/java/redis/clients/jedis/commands/StreamPipelineCommands.java.StreamPipelineCommands.xautoclaimJustId.Long Parameter List,4.0.0-beta1,5.3.0-beta1,5.3.0-beta1,20
jedis,4.0.0-beta1,redis.clients.jedis.commands,StreamPipelineCommands,xclaim,Long Parameter List,"designitejava,checkstyle",src/main/java/redis/clients/jedis/commands/StreamPipelineCommands.java,src/main/java/redis/clients/jedis/commands/StreamPipelineCommands.java.StreamPipelineCommands.xclaim.Long Parameter List,4.0.0-beta1,5.3.0-beta1,5.3.0-beta1,20
jedis,4.0.0-beta1,redis.clients.jedis.commands,StreamPipelineCommands,xclaimJustId,Long Parameter List,"designitejava,checkstyle",src/main/java/redis/clients/jedis/commands/StreamPipelineCommands.java,src/main/java/redis/clients/jedis/commands/StreamPipelineCommands.java.StreamPipelineCommands.xclaimJustId.Long Parameter List,4.0.0-beta1,5.3.0-beta1,5.3.0-beta1,20
jedis,4.0.0-beta1,redis.clients.jedis.commands,StreamPipelineCommands,xpending,Long Parameter List,"designitejava,checkstyle",src/main/java/redis/clients/jedis/commands/StreamPipelineCommands.java,src/main/java/redis/clients/jedis/commands/StreamPipelineCommands.java.StreamPipelineCommands.xpending.Long Parameter List,4.0.0-beta1,5.0.0-alpha1,5.0.0-beta1,13
jedis,4.0.0-beta1,redis.clients.jedis.commands,StreamPipelineCommands,xreadGroup,Long Parameter List,"designitejava,checkstyle",src/main/java/redis/clients/jedis/commands/StreamPipelineCommands.java,src/main/java/redis/clients/jedis/commands/StreamPipelineCommands.java.StreamPipelineCommands.xreadGroup.Long Parameter List,4.0.0-beta1,4.0.0-RC1,4.0.0,2
jedis,5.0.0,redis.clients.jedis.executors,CircuitBreakerCommandExecutor,handleClusterFailover,Feature Envy,"designitejava,checkstyle",src/main/java/redis/clients/jedis/executors/CircuitBreakerCommandExecutor.java,src/main/java/redis/clients/jedis/executors/CircuitBreakerCommandExecutor.java.CircuitBreakerCommandExecutor.handleClusterFailover.Feature Envy,5.0.0,5.0.0,5.1.0,1
jedis,5.2.0,redis.clients.jedis.executors,ClusterCommandExecutor,doExecuteCommand,Complex Method,"designitejava,pmd,checkstyle",src/main/java/redis/clients/jedis/executors/ClusterCommandExecutor.java,src/main/java/redis/clients/jedis/executors/ClusterCommandExecutor.java.ClusterCommandExecutor.doExecuteCommand.Complex Method,5.2.0,5.3.0-beta1,5.3.0-beta1,2
jedis,4.0.0-RC1,redis.clients.jedis.executors,ClusterCommandExecutor,executeCommand,Complex Method,"designitejava,pmd,checkstyle",src/main/java/redis/clients/jedis/executors/ClusterCommandExecutor.java,src/main/java/redis/clients/jedis/executors/ClusterCommandExecutor.java.ClusterCommandExecutor.executeCommand.Complex Method,4.0.0-RC1,5.2.0-beta1,5.2.0,17
jedis,5.1.0,redis.clients.jedis.gears.resps,FunctionInfo,build,Complex Method,"designitejava,pmd",src/main/java/redis/clients/jedis/gears/resps/FunctionInfo.java,src/main/java/redis/clients/jedis/gears/resps/FunctionInfo.java.FunctionInfo.build.Complex Method,5.1.0,5.3.0-beta1,5.3.0-beta1,5
jedis,5.1.0,redis.clients.jedis.gears.resps,StreamTriggerInfo,build,Complex Method,"designitejava,pmd",src/main/java/redis/clients/jedis/gears/resps/StreamTriggerInfo.java,src/main/java/redis/clients/jedis/gears/resps/StreamTriggerInfo.java.StreamTriggerInfo.build.Complex Method,5.1.0,5.3.0-beta1,5.3.0-beta1,5
jedis,5.1.0,redis.clients.jedis.gears.resps,TriggerInfo,build,Complex Method,"designitejava,pmd",src/main/java/redis/clients/jedis/gears/resps/TriggerInfo.java,src/main/java/redis/clients/jedis/gears/resps/TriggerInfo.java.TriggerInfo.build.Complex Method,5.1.0,5.3.0-beta1,5.3.0-beta1,5
jedis,4.2.0-rc1,redis.clients.jedis.graph,ResultSetBuilder,deserializeScalar,Complex Method,"designitejava,checkstyle",src/main/java/redis/clients/jedis/graph/ResultSetBuilder.java,src/main/java/redis/clients/jedis/graph/ResultSetBuilder.java.ResultSetBuilder.deserializeScalar.Complex Method,4.2.0-rc1,5.3.0-beta1,5.3.0-beta1,15
jedis,5.1.0,redis.clients.jedis.mcf,CircuitBreakerFailoverBase,clusterFailover,Feature Envy,"designitejava,checkstyle",src/main/java/redis/clients/jedis/mcf/CircuitBreakerFailoverBase.java,src/main/java/redis/clients/jedis/mcf/CircuitBreakerFailoverBase.java.CircuitBreakerFailoverBase.clusterFailover.Feature Envy,5.1.0,5.3.0-beta1,5.3.0-beta1,5
jedis,4.1.0,redis.clients.jedis.params,GeoSearchParam,addParams,Complex Method,"designitejava,checkstyle",src/main/java/redis/clients/jedis/params/GeoSearchParam.java,src/main/java/redis/clients/jedis/params/GeoSearchParam.java.GeoSearchParam.addParams.Complex Method,4.1.0,5.3.0-beta1,5.3.0-beta1,17
jedis,4.3.0,redis.clients.jedis.search,FTCreateParams,addParams,Complex Method,"designitejava,pmd,checkstyle",src/main/java/redis/clients/jedis/search/FTCreateParams.java,src/main/java/redis/clients/jedis/search/FTCreateParams.java.FTCreateParams.addParams.Complex Method,4.3.0,5.3.0-beta1,5.3.0-beta1,12
jedis,4.3.0,redis.clients.jedis.search,FTSearchParams,addParams,Complex Method,"designitejava,pmd,checkstyle",src/main/java/redis/clients/jedis/search/FTSearchParams.java,src/main/java/redis/clients/jedis/search/FTSearchParams.java.FTSearchParams.addParams.Complex Method,4.3.0,5.3.0-beta1,5.3.0-beta1,12
jedis,4.0.0-beta1,redis.clients.jedis.search,IndexDefinition,addParams,Complex Method,"designitejava,checkstyle",src/main/java/redis/clients/jedis/search/IndexDefinition.java,src/main/java/redis/clients/jedis/search/IndexDefinition.java.IndexDefinition.addParams.Complex Method,4.0.0-beta1,5.3.0-beta1,5.3.0-beta1,20
jedis,4.0.0-beta1,redis.clients.jedis.search,Query,addParams,Complex Method,"designitejava,pmd,checkstyle",src/main/java/redis/clients/jedis/search/Query.java,src/main/java/redis/clients/jedis/search/Query.java.Query.addParams.Complex Method,4.0.0-beta1,5.3.0-beta1,5.3.0-beta1,20
jedis,4.4.0-rc1,redis.clients.jedis.search,SearchBuilderFactory,build,Complex Method,"designitejava,pmd",src/main/java/redis/clients/jedis/search/SearchBuilderFactory.java,src/main/java/redis/clients/jedis/search/SearchBuilderFactory.java.SearchBuilderFactory.build.Complex Method,4.4.0-rc1,5.3.0-beta1,5.3.0-beta1,10
jedis,5.0.0,redis.clients.jedis.search.aggr,AggregationResult,build,Complex Method,"designitejava,pmd",src/main/java/redis/clients/jedis/search/aggr/AggregationResult.java,src/main/java/redis/clients/jedis/search/aggr/AggregationResult.java.AggregationResult.build.Complex Method,5.0.0,5.3.0-beta1,5.3.0-beta1,6
jedis,4.3.0-m1,redis.clients.jedis.timeseries,TSInfo,build,Complex Method,"designitejava,pmd",src/main/java/redis/clients/jedis/timeseries/TSInfo.java,src/main/java/redis/clients/jedis/timeseries/TSInfo.java.TSInfo.build.Complex Method,4.3.0-m1,5.3.0-beta1,5.3.0-beta1,13
jedis,4.2.0-m1,redis.clients.jedis.timeseries,TSMRangeParams,addParams,Complex Method,"designitejava,pmd,checkstyle",src/main/java/redis/clients/jedis/timeseries/TSMRangeParams.java,src/main/java/redis/clients/jedis/timeseries/TSMRangeParams.java.TSMRangeParams.addParams.Complex Method,4.2.0-m1,5.3.0-beta1,5.3.0-beta1,16
jedis,5.2.0-beta1,redis.clients.jedis.util,JedisURIHelper,getClientSideCache,Complex Method,"designitejava,pmd,checkstyle",src/main/java/redis/clients/jedis/util/JedisURIHelper.java,src/main/java/redis/clients/jedis/util/JedisURIHelper.java.JedisURIHelper.getClientSideCache.Complex Method,5.2.0-beta1,5.2.0-beta1,5.2.0,1
jedis,1.3.0,redis.clients.util,FixedResourcePool,destroy,Complex Method,"designitejava,pmd,checkstyle",src/main/java/redis/clients/util/FixedResourcePool.java,src/main/java/redis/clients/util/FixedResourcePool.java.FixedResourcePool.destroy.Complex Method,1.3.0,1.4.0,1.5.0-RC1,2
jedis,1.0.0,redis.clients.util,RedisInputStream,readLine,Complex Method,"designitejava,pmd",src/main/java/redis/clients/util/RedisInputStream.java,src/main/java/redis/clients/util/RedisInputStream.java.RedisInputStream.readLine.Complex Method,1.0.0,2.6.0,2.7.0,12
jedis,1.0.0,redis.clients.util,RedisOutputStream,writeUtf8CrLf,Complex Method,"designitejava,pmd,checkstyle",src/main/java/redis/clients/util/RedisOutputStream.java,src/main/java/redis/clients/util/RedisOutputStream.java.RedisOutputStream.writeUtf8CrLf.Complex Method,1.0.0,2.10.0,3.0.0-m1,17
jedis,4.0.0-RC1,redis.clients.jedis,JedisClusterTest,,God Class,"pmd,checkstyle",src/test/java/redis/clients/jedis/JedisClusterTest.java,src/test/java/redis/clients/jedis/JedisClusterTest.java.JedisClusterTest..God Class,4.0.0-RC1,5.3.0-beta1,5.3.0-beta1,19
jedis,4.0.0-RC1,redis.clients.jedis.collections,JedisByteHashMapTest,mapOperations,Feature Envy,"designitejava,checkstyle",src/test/java/redis/clients/jedis/collections/JedisByteHashMapTest.java,src/test/java/redis/clients/jedis/collections/JedisByteHashMapTest.java.JedisByteHashMapTest.mapOperations.Feature Envy,4.0.0-RC1,5.3.0-beta1,5.3.0-beta1,19
jedis,4.0.0-RC1,redis.clients.jedis.commands.jedis,AllKindOfValuesCommandsTest,restoreParams,Feature Envy,"designitejava,checkstyle",src/test/java/redis/clients/jedis/commands/jedis/AllKindOfValuesCommandsTest.java,src/test/java/redis/clients/jedis/commands/jedis/AllKindOfValuesCommandsTest.java.AllKindOfValuesCommandsTest.restoreParams.Feature Envy,4.0.0-RC1,5.3.0-beta1,5.3.0-beta1,19
jedis,4.0.0-RC1,redis.clients.jedis.commands.jedis,ClientCommandsTest,clientIdReconnect,Feature Envy,"designitejava,checkstyle",src/test/java/redis/clients/jedis/commands/jedis/ClientCommandsTest.java,src/test/java/redis/clients/jedis/commands/jedis/ClientCommandsTest.java.ClientCommandsTest.clientIdReconnect.Feature Envy,4.0.0-RC1,5.3.0-beta1,5.3.0-beta1,19
jedis,5.1.0,redis.clients.jedis.commands.jedis,ClusterCommandsTest,clusterShards,Feature Envy,"designitejava,checkstyle",src/test/java/redis/clients/jedis/commands/jedis/ClusterCommandsTest.java,src/test/java/redis/clients/jedis/commands/jedis/ClusterCommandsTest.java.ClusterCommandsTest.clusterShards.Feature Envy,5.1.0,5.3.0-beta1,5.3.0-beta1,5
jedis,5.2.0,redis.clients.jedis.mocked.pipeline,PipeliningBaseGenericCommandsTest,,God Class,"pmd,checkstyle",src/test/java/redis/clients/jedis/mocked/pipeline/PipeliningBaseGenericCommandsTest.java,src/test/java/redis/clients/jedis/mocked/pipeline/PipeliningBaseGenericCommandsTest.java.PipeliningBaseGenericCommandsTest..God Class,5.2.0,5.3.0-beta1,5.3.0-beta1,2
jedis,5.2.0,redis.clients.jedis.mocked.pipeline,PipeliningBaseSortedSetCommandsTest,,God Class,"pmd,checkstyle",src/test/java/redis/clients/jedis/mocked/pipeline/PipeliningBaseSortedSetCommandsTest.java,src/test/java/redis/clients/jedis/mocked/pipeline/PipeliningBaseSortedSetCommandsTest.java.PipeliningBaseSortedSetCommandsTest..God Class,5.2.0,5.3.0-beta1,5.3.0-beta1,2
jedis,5.2.0,redis.clients.jedis.mocked.unified,UnifiedJedisGenericCommandsTest,,God Class,"pmd,checkstyle",src/test/java/redis/clients/jedis/mocked/unified/UnifiedJedisGenericCommandsTest.java,src/test/java/redis/clients/jedis/mocked/unified/UnifiedJedisGenericCommandsTest.java.UnifiedJedisGenericCommandsTest..God Class,5.2.0,5.3.0-beta1,5.3.0-beta1,2
jedis,5.2.0,redis.clients.jedis.mocked.unified,UnifiedJedisSortedSetCommandsTest,,God Class,"pmd,checkstyle",src/test/java/redis/clients/jedis/mocked/unified/UnifiedJedisSortedSetCommandsTest.java,src/test/java/redis/clients/jedis/mocked/unified/UnifiedJedisSortedSetCommandsTest.java.UnifiedJedisSortedSetCommandsTest..God Class,5.2.0,5.3.0-beta1,5.3.0-beta1,2
jedis,5.0.0,redis.clients.jedis.modules.json,RedisJsonV1Test,arrLenDefaultPath,Feature Envy,"designitejava,checkstyle",src/test/java/redis/clients/jedis/modules/json/RedisJsonV1Test.java,src/test/java/redis/clients/jedis/modules/json/RedisJsonV1Test.java.RedisJsonV1Test.arrLenDefaultPath.Feature Envy,5.0.0,5.3.0-beta1,5.3.0-beta1,6
jedis,5.0.0,redis.clients.jedis.modules.json,RedisJsonV1Test,mgetWithPathWithAllKeysExist,Feature Envy,"designitejava,checkstyle",src/test/java/redis/clients/jedis/modules/json/RedisJsonV1Test.java,src/test/java/redis/clients/jedis/modules/json/RedisJsonV1Test.java.RedisJsonV1Test.mgetWithPathWithAllKeysExist.Feature Envy,5.0.0,5.3.0-beta1,5.3.0-beta1,6
jedis,5.0.0,redis.clients.jedis.modules.json,RedisJsonV1Test,obj,Feature Envy,"designitejava,checkstyle",src/test/java/redis/clients/jedis/modules/json/RedisJsonV1Test.java,src/test/java/redis/clients/jedis/modules/json/RedisJsonV1Test.java.RedisJsonV1Test.obj.Feature Envy,5.0.0,5.3.0-beta1,5.3.0-beta1,6
jedis,5.0.0,redis.clients.jedis.modules.json,RedisJsonV1Test,setWithoutAPathDefaultsToRootPath,Feature Envy,"designitejava,checkstyle",src/test/java/redis/clients/jedis/modules/json/RedisJsonV1Test.java,src/test/java/redis/clients/jedis/modules/json/RedisJsonV1Test.java.RedisJsonV1Test.setWithoutAPathDefaultsToRootPath.Feature Envy,5.0.0,5.3.0-beta1,5.3.0-beta1,6
jedis,5.0.0,redis.clients.jedis.modules.json,RedisJsonV1Test,testJsonMerge,Feature Envy,"designitejava,checkstyle",src/test/java/redis/clients/jedis/modules/json/RedisJsonV1Test.java,src/test/java/redis/clients/jedis/modules/json/RedisJsonV1Test.java.RedisJsonV1Test.testJsonMerge.Feature Envy,5.0.0,5.3.0-beta1,5.3.0-beta1,6
jedis,5.0.0,redis.clients.jedis.modules.json,RedisJsonV2Test,debugMemory,Feature Envy,"designitejava,checkstyle",src/test/java/redis/clients/jedis/modules/json/RedisJsonV2Test.java,src/test/java/redis/clients/jedis/modules/json/RedisJsonV2Test.java.RedisJsonV2Test.debugMemory.Feature Envy,5.0.0,5.3.0-beta1,5.3.0-beta1,6
jedis,5.0.0,redis.clients.jedis.modules.json,RedisJsonV2Test,numIncrByResp3,Feature Envy,"designitejava,checkstyle",src/test/java/redis/clients/jedis/modules/json/RedisJsonV2Test.java,src/test/java/redis/clients/jedis/modules/json/RedisJsonV2Test.java.RedisJsonV2Test.numIncrByResp3.Feature Envy,5.0.0,5.3.0-beta1,5.3.0-beta1,6
jedis,5.0.0,redis.clients.jedis.modules.json,RedisJsonV2Test,obj,Feature Envy,"designitejava,checkstyle",src/test/java/redis/clients/jedis/modules/json/RedisJsonV2Test.java,src/test/java/redis/clients/jedis/modules/json/RedisJsonV2Test.java.RedisJsonV2Test.obj.Feature Envy,5.0.0,5.3.0-beta1,5.3.0-beta1,6
jedis,5.0.0,redis.clients.jedis.modules.json,RedisJsonV2Test,testJsonMerge,Feature Envy,"designitejava,checkstyle",src/test/java/redis/clients/jedis/modules/json/RedisJsonV2Test.java,src/test/java/redis/clients/jedis/modules/json/RedisJsonV2Test.java.RedisJsonV2Test.testJsonMerge.Feature Envy,5.0.0,5.3.0-beta1,5.3.0-beta1,6
jedis,5.0.0,redis.clients.jedis.modules.json,RedisJsonV2Test,testJsonMergeArray,Feature Envy,"designitejava,checkstyle",src/test/java/redis/clients/jedis/modules/json/RedisJsonV2Test.java,src/test/java/redis/clients/jedis/modules/json/RedisJsonV2Test.java.RedisJsonV2Test.testJsonMergeArray.Feature Envy,5.0.0,5.3.0-beta1,5.3.0-beta1,6
jedis,2.6.0,redis.clients.jedis.tests,ConnectionCloseTest,checkWrongPort,Feature Envy,"designitejava,checkstyle",src/test/java/redis/clients/jedis/tests/ConnectionCloseTest.java,src/test/java/redis/clients/jedis/tests/ConnectionCloseTest.java.ConnectionCloseTest.checkWrongPort.Feature Envy,2.6.0,2.9.0,2.10.0-m1,4
jedis,2.6.0,redis.clients.jedis.tests,ConnectionCloseTest,connectIfNotConnectedWhenSettingTimeoutInfinite,Feature Envy,"designitejava,checkstyle",src/test/java/redis/clients/jedis/tests/ConnectionCloseTest.java,src/test/java/redis/clients/jedis/tests/ConnectionCloseTest.java.ConnectionCloseTest.connectIfNotConnectedWhenSettingTimeoutInfinite.Feature Envy,2.6.0,2.9.0,2.10.0-m1,4
jedis,2.4.0,redis.clients.jedis.tests,ConnectionTest,checkCloseable,Feature Envy,"designitejava,checkstyle",src/test/java/redis/clients/jedis/tests/ConnectionTest.java,src/test/java/redis/clients/jedis/tests/ConnectionTest.java.ConnectionTest.checkCloseable.Feature Envy,2.4.0,4.0.0-beta1,4.0.0-RC1,25
jedis,1.0.0,redis.clients.jedis.tests,ConnectionTest,checkWrongPort,Feature Envy,"designitejava,checkstyle",src/test/java/redis/clients/jedis/tests/ConnectionTest.java,src/test/java/redis/clients/jedis/tests/ConnectionTest.java.ConnectionTest.checkWrongPort.Feature Envy,1.0.0,3.5.0,3.6.0-rc1,26
jedis,3.6.0-rc1,redis.clients.jedis.tests,ConnectionTest,checkWrongPortBackwardCompatible,Feature Envy,"designitejava,checkstyle",src/test/java/redis/clients/jedis/tests/ConnectionTest.java,src/test/java/redis/clients/jedis/tests/ConnectionTest.java.ConnectionTest.checkWrongPortBackwardCompatible.Feature Envy,3.6.0-rc1,3.10.0,4.0.0-beta1,7
jedis,2.2.0,redis.clients.jedis.tests,ConnectionTest,connectIfNotConnectedWhenSettingTimeoutInfinite,Feature Envy,"designitejava,checkstyle",src/test/java/redis/clients/jedis/tests/ConnectionTest.java,src/test/java/redis/clients/jedis/tests/ConnectionTest.java.ConnectionTest.connectIfNotConnectedWhenSettingTimeoutInfinite.Feature Envy,2.2.0,3.5.0,3.6.0-rc1,19
jedis,2.6.0,redis.clients.jedis.tests,JedisPoolTest,checkCloseableConnections,Feature Envy,"designitejava,checkstyle",src/test/java/redis/clients/jedis/tests/JedisPoolTest.java,src/test/java/redis/clients/jedis/tests/JedisPoolTest.java.JedisPoolTest.checkCloseableConnections.Feature Envy,2.6.0,3.10.0,4.0.0-beta1,22
jedis,2.3.0,redis.clients.jedis.tests,JedisPoolTest,customClientName,Feature Envy,"designitejava,checkstyle",src/test/java/redis/clients/jedis/tests/JedisPoolTest.java,src/test/java/redis/clients/jedis/tests/JedisPoolTest.java.JedisPoolTest.customClientName.Feature Envy,2.3.0,3.10.0,4.0.0-beta1,25
jedis,2.6.0,redis.clients.jedis.tests,JedisPoolTest,getNumActiveReturnsTheCorrectNumber,Feature Envy,"designitejava,checkstyle",src/test/java/redis/clients/jedis/tests/JedisPoolTest.java,src/test/java/redis/clients/jedis/tests/JedisPoolTest.java.JedisPoolTest.getNumActiveReturnsTheCorrectNumber.Feature Envy,2.6.0,3.10.0,4.0.0-beta1,22
jedis,2.3.0,redis.clients.jedis.tests,JedisPoolTest,returnResourceShouldResetState,Feature Envy,"designitejava,checkstyle",src/test/java/redis/clients/jedis/tests/JedisPoolTest.java,src/test/java/redis/clients/jedis/tests/JedisPoolTest.java.JedisPoolTest.returnResourceShouldResetState.Feature Envy,2.3.0,3.10.0,4.0.0-beta1,25
jedis,2.3.0,redis.clients.jedis.tests,JedisPoolTest,selectDatabaseOnActivation,Feature Envy,"designitejava,checkstyle",src/test/java/redis/clients/jedis/tests/JedisPoolTest.java,src/test/java/redis/clients/jedis/tests/JedisPoolTest.java.JedisPoolTest.selectDatabaseOnActivation.Feature Envy,2.3.0,3.10.0,4.0.0-beta1,25
jedis,3.6.0-rc1,redis.clients.jedis.tests,JedisPoolTest,testResetInvalidPassword,Feature Envy,"designitejava,checkstyle",src/test/java/redis/clients/jedis/tests/JedisPoolTest.java,src/test/java/redis/clients/jedis/tests/JedisPoolTest.java.JedisPoolTest.testResetInvalidPassword.Feature Envy,3.6.0-rc1,3.10.0,4.0.0-beta1,7
jedis,3.5.0,redis.clients.jedis.tests,JedisPoolWithCompleteCredentialsTest,checkPoolRepairedWhenJedisIsBroken,Feature Envy,"designitejava,checkstyle",src/test/java/redis/clients/jedis/tests/JedisPoolWithCompleteCredentialsTest.java,src/test/java/redis/clients/jedis/tests/JedisPoolWithCompleteCredentialsTest.java.JedisPoolWithCompleteCredentialsTest.checkPoolRepairedWhenJedisIsBroken.Feature Envy,3.5.0,3.10.0,4.0.0-beta1,8
jedis,3.5.0,redis.clients.jedis.tests,JedisPoolWithCompleteCredentialsTest,nonDefaultDatabase,Feature Envy,"designitejava,checkstyle",src/test/java/redis/clients/jedis/tests/JedisPoolWithCompleteCredentialsTest.java,src/test/java/redis/clients/jedis/tests/JedisPoolWithCompleteCredentialsTest.java.JedisPoolWithCompleteCredentialsTest.nonDefaultDatabase.Feature Envy,3.5.0,3.10.0,4.0.0-beta1,8
jedis,3.6.0-rc1,redis.clients.jedis.tests,JedisPoolWithCompleteCredentialsTest,testResetInvalidPassword,Feature Envy,"designitejava,checkstyle",src/test/java/redis/clients/jedis/tests/JedisPoolWithCompleteCredentialsTest.java,src/test/java/redis/clients/jedis/tests/JedisPoolWithCompleteCredentialsTest.java.JedisPoolWithCompleteCredentialsTest.testResetInvalidPassword.Feature Envy,3.6.0-rc1,3.10.0,4.0.0-beta1,7
jedis,2.0.0,redis.clients.jedis.tests,PipeliningTest,pipelineResponse,Feature Envy,"designitejava,checkstyle",src/test/java/redis/clients/jedis/tests/PipeliningTest.java,src/test/java/redis/clients/jedis/tests/PipeliningTest.java.PipeliningTest.pipelineResponse.Feature Envy,2.0.0,3.10.0,4.0.0-beta1,28
jedis,1.3.0,redis.clients.jedis.tests,PipeliningTest,setUp,Feature Envy,"designitejava,checkstyle",src/test/java/redis/clients/jedis/tests/PipeliningTest.java,src/test/java/redis/clients/jedis/tests/PipeliningTest.java.PipeliningTest.setUp.Feature Envy,1.3.0,3.1.0,3.2.0,21
jedis,3.0.0-m1,redis.clients.jedis.tests,PipeliningTest,testCloseableWithMulti,Feature Envy,"designitejava,checkstyle",src/test/java/redis/clients/jedis/tests/PipeliningTest.java,src/test/java/redis/clients/jedis/tests/PipeliningTest.java.PipeliningTest.testCloseableWithMulti.Feature Envy,3.0.0-m1,3.10.0,4.0.0-beta1,16
jedis,2.3.0,redis.clients.jedis.tests,PipeliningTest,testEvalshaKeyAndArg,Feature Envy,"designitejava,checkstyle",src/test/java/redis/clients/jedis/tests/PipeliningTest.java,src/test/java/redis/clients/jedis/tests/PipeliningTest.java.PipeliningTest.testEvalshaKeyAndArg.Feature Envy,2.3.0,3.10.0,4.0.0-beta1,25
jedis,3.0.0-m1,redis.clients.jedis.tests,PipeliningTest,testPipelinedTransactionResponse,Feature Envy,"designitejava,checkstyle",src/test/java/redis/clients/jedis/tests/PipeliningTest.java,src/test/java/redis/clients/jedis/tests/PipeliningTest.java.PipeliningTest.testPipelinedTransactionResponse.Feature Envy,3.0.0-m1,3.10.0,4.0.0-beta1,16
jedis,3.0.0-m1,redis.clients.jedis.tests,PipeliningTest,testSyncWithNoCommandQueued,Feature Envy,"designitejava,checkstyle",src/test/java/redis/clients/jedis/tests/PipeliningTest.java,src/test/java/redis/clients/jedis/tests/PipeliningTest.java.PipeliningTest.testSyncWithNoCommandQueued.Feature Envy,3.0.0-m1,3.1.0,3.2.0,5
jedis,2.1.0,redis.clients.jedis.tests,ShardedJedisPipelineTest,pipelineResponse,Feature Envy,"designitejava,checkstyle",src/test/java/redis/clients/jedis/tests/ShardedJedisPipelineTest.java,src/test/java/redis/clients/jedis/tests/ShardedJedisPipelineTest.java.ShardedJedisPipelineTest.pipelineResponse.Feature Envy,2.1.0,3.10.0,4.0.0-beta1,27
jedis,3.1.0-rc,redis.clients.jedis.tests.collections,JedisByteHashMapTest,mapOperations,Feature Envy,"designitejava,checkstyle",src/test/java/redis/clients/jedis/tests/collections/JedisByteHashMapTest.java,src/test/java/redis/clients/jedis/tests/collections/JedisByteHashMapTest.java.JedisByteHashMapTest.mapOperations.Feature Envy,3.1.0-rc,4.0.0-beta1,4.0.0-RC1,14
jedis,3.6.0-rc1,redis.clients.jedis.tests.commands,AllKindOfValuesCommandsTest,restoreParams,Feature Envy,"designitejava,checkstyle",src/test/java/redis/clients/jedis/tests/commands/AllKindOfValuesCommandsTest.java,src/test/java/redis/clients/jedis/tests/commands/AllKindOfValuesCommandsTest.java.AllKindOfValuesCommandsTest.restoreParams.Feature Envy,3.6.0-rc1,3.10.0,4.0.0-beta1,7
jedis,2.8.0,redis.clients.jedis.tests.commands,ClusterBinaryJedisCommandsTest,testIncr,Feature Envy,"designitejava,checkstyle",src/test/java/redis/clients/jedis/tests/commands/ClusterBinaryJedisCommandsTest.java,src/test/java/redis/clients/jedis/tests/commands/ClusterBinaryJedisCommandsTest.java.ClusterBinaryJedisCommandsTest.testIncr.Feature Envy,2.8.0,3.3.0,3.4.0,11
jedis,2.10.0-m1,redis.clients.jedis.tests.commands,ClusterBinaryJedisCommandsTest,testKeys,Feature Envy,"designitejava,checkstyle",src/test/java/redis/clients/jedis/tests/commands/ClusterBinaryJedisCommandsTest.java,src/test/java/redis/clients/jedis/tests/commands/ClusterBinaryJedisCommandsTest.java.ClusterBinaryJedisCommandsTest.testKeys.Feature Envy,2.10.0-m1,3.3.0,3.4.0,9
jedis,1.0.0,redis.clients.jedis.tests.commands,JedisCommandTestBase,setUp,Feature Envy,"designitejava,checkstyle",src/test/java/redis/clients/jedis/tests/commands/JedisCommandTestBase.java,src/test/java/redis/clients/jedis/tests/commands/JedisCommandTestBase.java.JedisCommandTestBase.setUp.Feature Envy,1.0.0,3.10.0,4.0.0-beta1,33
jedis,1.3.0,redis.clients.jedis.tests.commands,TransactionCommandsTest,setUp,Feature Envy,"designitejava,checkstyle",src/test/java/redis/clients/jedis/tests/commands/TransactionCommandsTest.java,src/test/java/redis/clients/jedis/tests/commands/TransactionCommandsTest.java.TransactionCommandsTest.setUp.Feature Envy,1.3.0,3.10.0,4.0.0-beta1,32
jedis,5.2.0-beta1,redis.clients.jedis.util,AssertUtil,assertPipelineSyncAll,Complex Method,"designitejava,pmd",src/test/java/redis/clients/jedis/util/AssertUtil.java,src/test/java/redis/clients/jedis/util/AssertUtil.java.AssertUtil.assertPipelineSyncAll.Complex Method,5.2.0-beta1,5.3.0-beta1,5.3.0-beta1,3
