Project,Version,Package Name,Type Name,Method Name,Smell,checker,File Path,SmellID,begin,end,disappear,gap
pig,0.9.0-rc0,org.apache.pig.penny,ParsedPigScript,,God Class,"pmd,checkstyle",contrib/penny/java/src/main/java/org/apache/pig/penny/ParsedPigScript.java,contrib/penny/java/src/main/java/org/apache/pig/penny/ParsedPigScript.java.ParsedPigScript..God Class,0.9.0-rc0,0.10.1,0.11.0-rc0,10
pig,0.9.0-rc0,org.apache.pig.penny,ParsedPigScript,addAgentLogicalRelationalOperator,Long Parameter List,"designitejava,checkstyle",contrib/penny/java/src/main/java/org/apache/pig/penny/ParsedPigScript.java,contrib/penny/java/src/main/java/org/apache/pig/penny/ParsedPigScript.java.ParsedPigScript.addAgentLogicalRelationalOperator.Long Parameter List,0.9.0-rc0,0.10.1,0.11.0-rc0,10
pig,0.9.0-rc0,org.apache.pig.penny,ParsedPigScript,incomingCrossTaskKeyFields,Complex Method,"designitejava,pmd",contrib/penny/java/src/main/java/org/apache/pig/penny/ParsedPigScript.java,contrib/penny/java/src/main/java/org/apache/pig/penny/ParsedPigScript.java.ParsedPigScript.incomingCrossTaskKeyFields.Complex Method,0.9.0-rc0,0.10.1,0.11.0-rc0,10
pig,0.9.0-rc0,org.apache.pig.penny.apps.ci,Main,main,Complex Method,"designitejava,pmd,checkstyle",contrib/penny/java/src/main/java/org/apache/pig/penny/apps/ci/Main.java,contrib/penny/java/src/main/java/org/apache/pig/penny/apps/ci/Main.java.Main.main.Complex Method,0.9.0-rc0,0.10.1,0.11.0-rc0,10
pig,0.9.0-rc0,org.apache.pig.penny.impl.harnesses,MonitorAgentHarness,initialize,Complex Method,"designitejava,pmd",contrib/penny/java/src/main/java/org/apache/pig/penny/impl/harnesses/MonitorAgentHarness.java,contrib/penny/java/src/main/java/org/apache/pig/penny/impl/harnesses/MonitorAgentHarness.java.MonitorAgentHarness.initialize.Complex Method,0.9.0-rc0,0.10.1,0.11.0-rc0,10
pig,0.8.0,org.apache.pig.piggybank.evaluation,ExtremalTupleByNthField,extreme,Complex Method,"designitejava,pmd,checkstyle",contrib/piggybank/java/src/main/java/org/apache/pig/piggybank/evaluation/ExtremalTupleByNthField.java,contrib/piggybank/java/src/main/java/org/apache/pig/piggybank/evaluation/ExtremalTupleByNthField.java.ExtremalTupleByNthField.extreme.Complex Method,0.8.0,0.17.0,0.17.0,31
pig,0.12.0-rc0,org.apache.pig.piggybank.evaluation,Over,init,Complex Method,"designitejava,pmd,checkstyle",contrib/piggybank/java/src/main/java/org/apache/pig/piggybank/evaluation/Over.java,contrib/piggybank/java/src/main/java/org/apache/pig/piggybank/evaluation/Over.java.Over.init.Complex Method,0.12.0-rc0,0.17.0,0.17.0,14
pig,0.12.0-rc0,org.apache.pig.piggybank.evaluation,Stitch,exec,Complex Method,"designitejava,pmd,checkstyle",contrib/piggybank/java/src/main/java/org/apache/pig/piggybank/evaluation/Stitch.java,contrib/piggybank/java/src/main/java/org/apache/pig/piggybank/evaluation/Stitch.java.Stitch.exec.Complex Method,0.12.0-rc0,0.17.0,0.17.0,14
pig,0.12.0-rc0,org.apache.pig.piggybank.evaluation,Stitch,outputSchema,Complex Method,"designitejava,pmd",contrib/piggybank/java/src/main/java/org/apache/pig/piggybank/evaluation/Stitch.java,contrib/piggybank/java/src/main/java/org/apache/pig/piggybank/evaluation/Stitch.java.Stitch.outputSchema.Complex Method,0.12.0-rc0,0.17.0,0.17.0,14
pig,0.4.0-rc0,org.apache.pig.piggybank.evaluation.decode,BinCond,exec,Complex Method,"designitejava,checkstyle",contrib/piggybank/java/src/main/java/org/apache/pig/piggybank/evaluation/decode/BinCond.java,contrib/piggybank/java/src/main/java/org/apache/pig/piggybank/evaluation/decode/BinCond.java.BinCond.exec.Complex Method,0.4.0-rc0,0.17.0,0.17.0,37
pig,0.13.0-rc0,org.apache.pig.piggybank.evaluation.string,Stuff,exec,Complex Method,"designitejava,pmd,checkstyle",contrib/piggybank/java/src/main/java/org/apache/pig/piggybank/evaluation/string/Stuff.java,contrib/piggybank/java/src/main/java/org/apache/pig/piggybank/evaluation/string/Stuff.java.Stuff.exec.Complex Method,0.13.0-rc0,0.17.0,0.17.0,10
pig,0.3.0,org.apache.pig.piggybank.evaluation.util.apachelogparser,SearchTermExtractor,exec,Complex Method,"designitejava,pmd,checkstyle",contrib/piggybank/java/src/main/java/org/apache/pig/piggybank/evaluation/util/apachelogparser/SearchTermExtractor.java,contrib/piggybank/java/src/main/java/org/apache/pig/piggybank/evaluation/util/apachelogparser/SearchTermExtractor.java.SearchTermExtractor.exec.Complex Method,0.3.0,0.17.0,0.17.0,38
pig,0.15.0-rc0,org.apache.pig.piggybank.evaluation.xml,XPathAll,exec,Complex Method,"designitejava,pmd,checkstyle",contrib/piggybank/java/src/main/java/org/apache/pig/piggybank/evaluation/xml/XPathAll.java,contrib/piggybank/java/src/main/java/org/apache/pig/piggybank/evaluation/xml/XPathAll.java.XPathAll.exec.Complex Method,0.15.0-rc0,0.17.0,0.17.0,6
pig,0.9.0-rc0,org.apache.pig.piggybank.storage,AllLoader,getPartitionColumns,Complex Method,"designitejava,pmd,checkstyle",contrib/piggybank/java/src/main/java/org/apache/pig/piggybank/storage/AllLoader.java,contrib/piggybank/java/src/main/java/org/apache/pig/piggybank/storage/AllLoader.java.AllLoader.getPartitionColumns.Complex Method,0.9.0-rc0,0.17.0,0.17.0,28
pig,0.12.0-rc0,org.apache.pig.piggybank.storage,CSVExcelStorage,,God Class,"pmd,checkstyle",contrib/piggybank/java/src/main/java/org/apache/pig/piggybank/storage/CSVExcelStorage.java,contrib/piggybank/java/src/main/java/org/apache/pig/piggybank/storage/CSVExcelStorage.java.CSVExcelStorage..God Class,0.12.0-rc0,0.17.0,0.17.0,14
pig,0.9.0-rc0,org.apache.pig.piggybank.storage,CSVExcelStorage,getNext,Complex Method,"designitejava,pmd",contrib/piggybank/java/src/main/java/org/apache/pig/piggybank/storage/CSVExcelStorage.java,contrib/piggybank/java/src/main/java/org/apache/pig/piggybank/storage/CSVExcelStorage.java.CSVExcelStorage.getNext.Complex Method,0.9.0-rc0,0.17.0,0.17.0,28
pig,0.9.0-rc0,org.apache.pig.piggybank.storage,CSVExcelStorage,processOneInRecord,Complex Method,"designitejava,pmd,checkstyle",contrib/piggybank/java/src/main/java/org/apache/pig/piggybank/storage/CSVExcelStorage.java,contrib/piggybank/java/src/main/java/org/apache/pig/piggybank/storage/CSVExcelStorage.java.CSVExcelStorage.processOneInRecord.Complex Method,0.9.0-rc0,0.17.0,0.17.0,28
pig,0.9.0-rc0,org.apache.pig.piggybank.storage,CSVExcelStorage,putNext,Complex Method,"designitejava,pmd,checkstyle",contrib/piggybank/java/src/main/java/org/apache/pig/piggybank/storage/CSVExcelStorage.java,contrib/piggybank/java/src/main/java/org/apache/pig/piggybank/storage/CSVExcelStorage.java.CSVExcelStorage.putNext.Complex Method,0.9.0-rc0,0.17.0,0.17.0,28
pig,0.8.0,org.apache.pig.piggybank.storage,CSVLoader,getNext,Complex Method,"designitejava,pmd,checkstyle",contrib/piggybank/java/src/main/java/org/apache/pig/piggybank/storage/CSVLoader.java,contrib/piggybank/java/src/main/java/org/apache/pig/piggybank/storage/CSVLoader.java.CSVLoader.getNext.Complex Method,0.8.0,0.17.0,0.17.0,31
pig,0.8.0,org.apache.pig.piggybank.storage,DBStorage,putNext,Complex Method,"designitejava,checkstyle",contrib/piggybank/java/src/main/java/org/apache/pig/piggybank/storage/DBStorage.java,contrib/piggybank/java/src/main/java/org/apache/pig/piggybank/storage/DBStorage.java.DBStorage.putNext.Complex Method,0.8.0,0.17.0,0.17.0,31
pig,0.12.0-rc0,org.apache.pig.piggybank.storage,FixedWidthLoader,getNext,Complex Method,"designitejava,pmd,checkstyle",contrib/piggybank/java/src/main/java/org/apache/pig/piggybank/storage/FixedWidthLoader.java,contrib/piggybank/java/src/main/java/org/apache/pig/piggybank/storage/FixedWidthLoader.java.FixedWidthLoader.getNext.Complex Method,0.12.0-rc0,0.17.0,0.17.0,14
pig,0.12.0-rc0,org.apache.pig.piggybank.storage,FixedWidthLoader,readField,Complex Method,"designitejava,checkstyle",contrib/piggybank/java/src/main/java/org/apache/pig/piggybank/storage/FixedWidthLoader.java,contrib/piggybank/java/src/main/java/org/apache/pig/piggybank/storage/FixedWidthLoader.java.FixedWidthLoader.readField.Complex Method,0.12.0-rc0,0.17.0,0.17.0,14
pig,0.12.0-rc0,org.apache.pig.piggybank.storage,FixedWidthStorer,writeFieldAsString,Complex Method,"designitejava,pmd,checkstyle",contrib/piggybank/java/src/main/java/org/apache/pig/piggybank/storage/FixedWidthStorer.java,contrib/piggybank/java/src/main/java/org/apache/pig/piggybank/storage/FixedWidthStorer.java.FixedWidthStorer.writeFieldAsString.Complex Method,0.12.0-rc0,0.17.0,0.17.0,14
pig,0.8.0,org.apache.pig.piggybank.storage,HadoopJobHistoryLoader,populateJob,Complex Method,"designitejava,checkstyle",contrib/piggybank/java/src/main/java/org/apache/pig/piggybank/storage/HadoopJobHistoryLoader.java,contrib/piggybank/java/src/main/java/org/apache/pig/piggybank/storage/HadoopJobHistoryLoader.java.HadoopJobHistoryLoader.populateJob.Complex Method,0.8.0,0.16.0,0.17.0-rc0,29
pig,0.8.0,org.apache.pig.piggybank.storage,HadoopJobHistoryLoader,populateMapReduceTaskLists,Complex Method,"designitejava,pmd,checkstyle",contrib/piggybank/java/src/main/java/org/apache/pig/piggybank/storage/HadoopJobHistoryLoader.java,contrib/piggybank/java/src/main/java/org/apache/pig/piggybank/storage/HadoopJobHistoryLoader.java.HadoopJobHistoryLoader.populateMapReduceTaskLists.Complex Method,0.8.0,0.16.0,0.17.0-rc0,29
pig,0.8.0,org.apache.pig.piggybank.storage,HiveColumnarLoader,getPartitionColumns,Complex Method,"designitejava,pmd,checkstyle",contrib/piggybank/java/src/main/java/org/apache/pig/piggybank/storage/HiveColumnarLoader.java,contrib/piggybank/java/src/main/java/org/apache/pig/piggybank/storage/HiveColumnarLoader.java.HiveColumnarLoader.getPartitionColumns.Complex Method,0.8.0,0.17.0,0.17.0,31
pig,0.7.0,org.apache.pig.piggybank.storage,HiveColumnarLoader,setup,Complex Method,"designitejava,pmd,checkstyle",contrib/piggybank/java/src/main/java/org/apache/pig/piggybank/storage/HiveColumnarLoader.java,contrib/piggybank/java/src/main/java/org/apache/pig/piggybank/storage/HiveColumnarLoader.java.HiveColumnarLoader.setup.Complex Method,0.7.0,0.7.0,0.8.0,1
pig,0.12.0-rc0,org.apache.pig.piggybank.storage,HiveColumnarStorage,putField,Complex Method,"designitejava,pmd,checkstyle",contrib/piggybank/java/src/main/java/org/apache/pig/piggybank/storage/HiveColumnarStorage.java,contrib/piggybank/java/src/main/java/org/apache/pig/piggybank/storage/HiveColumnarStorage.java.HiveColumnarStorage.putField.Complex Method,0.12.0-rc0,0.17.0,0.17.0,14
pig,0.10.0-rc0,org.apache.pig.piggybank.storage,IndexedStorage,getNext,Complex Method,"designitejava,pmd",contrib/piggybank/java/src/main/java/org/apache/pig/piggybank/storage/IndexedStorage.java,contrib/piggybank/java/src/main/java/org/apache/pig/piggybank/storage/IndexedStorage.java.IndexedStorage.getNext.Complex Method,0.10.0-rc0,0.17.0,0.17.0,22
pig,0.8.1-rc0,org.apache.pig.piggybank.storage,PigStorageSchema,getNext,Complex Method,"designitejava,pmd,checkstyle",contrib/piggybank/java/src/main/java/org/apache/pig/piggybank/storage/PigStorageSchema.java,contrib/piggybank/java/src/main/java/org/apache/pig/piggybank/storage/PigStorageSchema.java.PigStorageSchema.getNext.Complex Method,0.8.1-rc0,0.9.2,0.10.0-rc0,8
pig,0.9.0-rc0,org.apache.pig.piggybank.storage.avro,AvroSchema2Pig,inconvert,Complex Method,"designitejava,pmd,checkstyle",contrib/piggybank/java/src/main/java/org/apache/pig/piggybank/storage/avro/AvroSchema2Pig.java,contrib/piggybank/java/src/main/java/org/apache/pig/piggybank/storage/avro/AvroSchema2Pig.java.AvroSchema2Pig.inconvert.Complex Method,0.9.0-rc0,0.17.0,0.17.0,28
pig,0.9.0-rc0,org.apache.pig.piggybank.storage.avro,AvroSchemaManager,init,Complex Method,"designitejava,pmd,checkstyle",contrib/piggybank/java/src/main/java/org/apache/pig/piggybank/storage/avro/AvroSchemaManager.java,contrib/piggybank/java/src/main/java/org/apache/pig/piggybank/storage/avro/AvroSchemaManager.java.AvroSchemaManager.init.Complex Method,0.9.0-rc0,0.17.0,0.17.0,28
pig,0.9.0-rc0,org.apache.pig.piggybank.storage.avro,AvroStorage,,God Class,"pmd,checkstyle",contrib/piggybank/java/src/main/java/org/apache/pig/piggybank/storage/avro/AvroStorage.java,contrib/piggybank/java/src/main/java/org/apache/pig/piggybank/storage/avro/AvroStorage.java.AvroStorage..God Class,0.9.0-rc0,0.17.0,0.17.0,28
pig,0.9.0-rc0,org.apache.pig.piggybank.storage.avro,AvroStorage,getAvroSchema,Complex Method,"designitejava,pmd,checkstyle",contrib/piggybank/java/src/main/java/org/apache/pig/piggybank/storage/avro/AvroStorage.java,contrib/piggybank/java/src/main/java/org/apache/pig/piggybank/storage/avro/AvroStorage.java.AvroStorage.getAvroSchema.Complex Method,0.9.0-rc0,0.17.0,0.17.0,28
pig,0.9.0-rc0,org.apache.pig.piggybank.storage.avro,AvroStorage,init,Complex Method,"designitejava,pmd,checkstyle",contrib/piggybank/java/src/main/java/org/apache/pig/piggybank/storage/avro/AvroStorage.java,contrib/piggybank/java/src/main/java/org/apache/pig/piggybank/storage/avro/AvroStorage.java.AvroStorage.init.Complex Method,0.9.0-rc0,0.17.0,0.17.0,28
pig,0.11.0-rc0,org.apache.pig.piggybank.storage.avro,AvroStorage,parseStringList,Complex Method,"designitejava,pmd,checkstyle",contrib/piggybank/java/src/main/java/org/apache/pig/piggybank/storage/avro/AvroStorage.java,contrib/piggybank/java/src/main/java/org/apache/pig/piggybank/storage/avro/AvroStorage.java.AvroStorage.parseStringList.Complex Method,0.11.0-rc0,0.17.0,0.17.0,18
pig,0.13.0-rc0,org.apache.pig.piggybank.storage.avro,AvroStorage,setLocation,Complex Method,"designitejava,pmd",contrib/piggybank/java/src/main/java/org/apache/pig/piggybank/storage/avro/AvroStorage.java,contrib/piggybank/java/src/main/java/org/apache/pig/piggybank/storage/avro/AvroStorage.java.AvroStorage.setLocation.Complex Method,0.13.0-rc0,0.17.0,0.17.0,10
pig,0.9.0-rc0,org.apache.pig.piggybank.storage.avro,AvroStorageUtils,containsGenericUnion,Complex Method,"designitejava,pmd",contrib/piggybank/java/src/main/java/org/apache/pig/piggybank/storage/avro/AvroStorageUtils.java,contrib/piggybank/java/src/main/java/org/apache/pig/piggybank/storage/avro/AvroStorageUtils.java.AvroStorageUtils.containsGenericUnion.Complex Method,0.9.0-rc0,0.17.0,0.17.0,28
pig,0.9.0-rc0,org.apache.pig.piggybank.storage.avro,AvroStorageUtils,containsRecursiveRecord,Complex Method,"designitejava,pmd",contrib/piggybank/java/src/main/java/org/apache/pig/piggybank/storage/avro/AvroStorageUtils.java,contrib/piggybank/java/src/main/java/org/apache/pig/piggybank/storage/avro/AvroStorageUtils.java.AvroStorageUtils.containsRecursiveRecord.Complex Method,0.9.0-rc0,0.17.0,0.17.0,28
pig,0.11.0-rc0,org.apache.pig.piggybank.storage.avro,AvroStorageUtils,mergeSchema,Complex Method,"designitejava,pmd,checkstyle",contrib/piggybank/java/src/main/java/org/apache/pig/piggybank/storage/avro/AvroStorageUtils.java,contrib/piggybank/java/src/main/java/org/apache/pig/piggybank/storage/avro/AvroStorageUtils.java.AvroStorageUtils.mergeSchema.Complex Method,0.11.0-rc0,0.17.0,0.17.0,18
pig,0.11.0-rc0,org.apache.pig.piggybank.storage.avro,AvroStorageUtils,mergeType,Complex Method,"designitejava,checkstyle",contrib/piggybank/java/src/main/java/org/apache/pig/piggybank/storage/avro/AvroStorageUtils.java,contrib/piggybank/java/src/main/java/org/apache/pig/piggybank/storage/avro/AvroStorageUtils.java.AvroStorageUtils.mergeType.Complex Method,0.11.0-rc0,0.17.0,0.17.0,18
pig,0.9.0-rc0,org.apache.pig.piggybank.storage.avro,PigAvroDatumWriter,,God Class,"pmd,checkstyle",contrib/piggybank/java/src/main/java/org/apache/pig/piggybank/storage/avro/PigAvroDatumWriter.java,contrib/piggybank/java/src/main/java/org/apache/pig/piggybank/storage/avro/PigAvroDatumWriter.java.PigAvroDatumWriter..God Class,0.9.0-rc0,0.17.0,0.17.0,28
pig,0.9.0-rc0,org.apache.pig.piggybank.storage.avro,PigAvroDatumWriter,instanceOf,Complex Method,"designitejava,pmd,checkstyle",contrib/piggybank/java/src/main/java/org/apache/pig/piggybank/storage/avro/PigAvroDatumWriter.java,contrib/piggybank/java/src/main/java/org/apache/pig/piggybank/storage/avro/PigAvroDatumWriter.java.PigAvroDatumWriter.instanceOf.Complex Method,0.9.0-rc0,0.17.0,0.17.0,28
pig,0.9.0-rc0,org.apache.pig.piggybank.storage.avro,PigAvroDatumWriter,write,Complex Method,"designitejava,checkstyle",contrib/piggybank/java/src/main/java/org/apache/pig/piggybank/storage/avro/PigAvroDatumWriter.java,contrib/piggybank/java/src/main/java/org/apache/pig/piggybank/storage/avro/PigAvroDatumWriter.java.PigAvroDatumWriter.write.Complex Method,0.9.0-rc0,0.17.0,0.17.0,28
pig,0.12.0-rc0,org.apache.pig.piggybank.storage.avro,PigAvroRecordReader,PigAvroRecordReader,Complex Method,"designitejava,checkstyle",contrib/piggybank/java/src/main/java/org/apache/pig/piggybank/storage/avro/PigAvroRecordReader.java,contrib/piggybank/java/src/main/java/org/apache/pig/piggybank/storage/avro/PigAvroRecordReader.java.PigAvroRecordReader.PigAvroRecordReader.Complex Method,0.12.0-rc0,0.17.0,0.17.0,14
pig,0.9.0-rc0,org.apache.pig.piggybank.storage.avro,PigSchema2Avro,convert,Complex Method,"designitejava,pmd,checkstyle",contrib/piggybank/java/src/main/java/org/apache/pig/piggybank/storage/avro/PigSchema2Avro.java,contrib/piggybank/java/src/main/java/org/apache/pig/piggybank/storage/avro/PigSchema2Avro.java.PigSchema2Avro.convert.Complex Method,0.9.0-rc0,0.17.0,0.17.0,28
pig,0.9.0-rc0,org.apache.pig.piggybank.storage.avro,PigSchema2Avro,validateAndConvert,Complex Method,"designitejava,pmd,checkstyle",contrib/piggybank/java/src/main/java/org/apache/pig/piggybank/storage/avro/PigSchema2Avro.java,contrib/piggybank/java/src/main/java/org/apache/pig/piggybank/storage/avro/PigSchema2Avro.java.PigSchema2Avro.validateAndConvert.Complex Method,0.9.0-rc0,0.17.0,0.17.0,28
pig,0.9.0-rc0,org.apache.pig.piggybank.storage.avro,PigSchema2Avro,validateAndConvertRecord,Complex Method,"designitejava,pmd,checkstyle",contrib/piggybank/java/src/main/java/org/apache/pig/piggybank/storage/avro/PigSchema2Avro.java,contrib/piggybank/java/src/main/java/org/apache/pig/piggybank/storage/avro/PigSchema2Avro.java.PigSchema2Avro.validateAndConvertRecord.Complex Method,0.9.0-rc0,0.17.0,0.17.0,28
pig,0.7.0,org.apache.pig.piggybank.storage.hiverc,HiveRCSchemaUtil,extractPigTypeFromHiveType,Complex Method,"designitejava,pmd,checkstyle",contrib/piggybank/java/src/main/java/org/apache/pig/piggybank/storage/hiverc/HiveRCSchemaUtil.java,contrib/piggybank/java/src/main/java/org/apache/pig/piggybank/storage/hiverc/HiveRCSchemaUtil.java.HiveRCSchemaUtil.extractPigTypeFromHiveType.Complex Method,0.7.0,0.17.0,0.17.0,32
pig,0.7.0,org.apache.pig.piggybank.storage.hiverc,HiveRCSchemaUtil,findPigDataType,Complex Method,"designitejava,checkstyle",contrib/piggybank/java/src/main/java/org/apache/pig/piggybank/storage/hiverc/HiveRCSchemaUtil.java,contrib/piggybank/java/src/main/java/org/apache/pig/piggybank/storage/hiverc/HiveRCSchemaUtil.java.HiveRCSchemaUtil.findPigDataType.Complex Method,0.7.0,0.17.0,0.17.0,32
pig,0.8.0,org.apache.pig.piggybank.storage.partition,PathPartitionHelper,getPartitionedFiles,Complex Method,"designitejava,pmd,checkstyle",contrib/piggybank/java/src/main/java/org/apache/pig/piggybank/storage/partition/PathPartitionHelper.java,contrib/piggybank/java/src/main/java/org/apache/pig/piggybank/storage/partition/PathPartitionHelper.java.PathPartitionHelper.getPartitionedFiles.Complex Method,0.8.0,0.17.0,0.17.0,31
pig,0.8.0,org.apache.pig.piggybank.storage.partition,PathPartitionHelper,getPartitionedFiles,Long Parameter List,"designitejava,checkstyle",contrib/piggybank/java/src/main/java/org/apache/pig/piggybank/storage/partition/PathPartitionHelper.java,contrib/piggybank/java/src/main/java/org/apache/pig/piggybank/storage/partition/PathPartitionHelper.java.PathPartitionHelper.getPartitionedFiles.Long Parameter List,0.8.0,0.17.0,0.17.0,31
pig,0.8.0,org.apache.pig.piggybank.storage.partition,PathPartitionHelper,listStatus,Complex Method,"designitejava,pmd",contrib/piggybank/java/src/main/java/org/apache/pig/piggybank/storage/partition/PathPartitionHelper.java,contrib/piggybank/java/src/main/java/org/apache/pig/piggybank/storage/partition/PathPartitionHelper.java.PathPartitionHelper.listStatus.Complex Method,0.8.0,0.17.0,0.17.0,31
pig,0.12.0-rc0,org.apache.pig.piggybank.evaluation,TestOver,,God Class,"pmd,checkstyle",contrib/piggybank/java/src/test/java/org/apache/pig/piggybank/evaluation/TestOver.java,contrib/piggybank/java/src/test/java/org/apache/pig/piggybank/evaluation/TestOver.java.TestOver..God Class,0.12.0-rc0,0.17.0,0.17.0,14
pig,0.7.0,org.apache.pig.piggybank.test,TestPigStorageSchema,testSchemaConversion,Feature Envy,"designitejava,checkstyle",contrib/piggybank/java/src/test/java/org/apache/pig/piggybank/test/TestPigStorageSchema.java,contrib/piggybank/java/src/test/java/org/apache/pig/piggybank/test/TestPigStorageSchema.java.TestPigStorageSchema.testSchemaConversion.Feature Envy,0.7.0,0.9.2,0.10.0-rc0,10
pig,0.7.0,org.apache.pig.piggybank.test,TestPigStorageSchema,testSchemaConversion2,Feature Envy,"designitejava,checkstyle",contrib/piggybank/java/src/test/java/org/apache/pig/piggybank/test/TestPigStorageSchema.java,contrib/piggybank/java/src/test/java/org/apache/pig/piggybank/test/TestPigStorageSchema.java.TestPigStorageSchema.testSchemaConversion2.Feature Envy,0.7.0,0.9.2,0.10.0-rc0,10
pig,0.4.0-rc0,org.apache.pig.piggybank.test.evaluation.string,TestLookupInFiles,testLookupInFiles,Feature Envy,"designitejava,checkstyle",contrib/piggybank/java/src/test/java/org/apache/pig/piggybank/test/evaluation/string/TestLookupInFiles.java,contrib/piggybank/java/src/test/java/org/apache/pig/piggybank/test/evaluation/string/TestLookupInFiles.java.TestLookupInFiles.testLookupInFiles.Feature Envy,0.4.0-rc0,0.17.0,0.17.0,37
pig,0.16.0-rc0,org.apache.pig.piggybank.test.evaluation.string,TestReplaceMulti,testPigScriptForReplaceMultiUDF,Feature Envy,"designitejava,checkstyle",contrib/piggybank/java/src/test/java/org/apache/pig/piggybank/test/evaluation/string/TestReplaceMulti.java,contrib/piggybank/java/src/test/java/org/apache/pig/piggybank/test/evaluation/string/TestReplaceMulti.java.TestReplaceMulti.testPigScriptForReplaceMultiUDF.Feature Envy,0.16.0-rc0,0.17.0,0.17.0,4
pig,0.16.0-rc0,org.apache.pig.piggybank.test.evaluation.string,TestReplaceMulti,testPigScriptForReplaceMultiUDFNullMap,Feature Envy,"designitejava,checkstyle",contrib/piggybank/java/src/test/java/org/apache/pig/piggybank/test/evaluation/string/TestReplaceMulti.java,contrib/piggybank/java/src/test/java/org/apache/pig/piggybank/test/evaluation/string/TestReplaceMulti.java.TestReplaceMulti.testPigScriptForReplaceMultiUDFNullMap.Feature Envy,0.16.0-rc0,0.17.0,0.17.0,4
pig,0.16.0-rc0,org.apache.pig.piggybank.test.evaluation.string,TestReplaceMulti,testPigScriptForReplaceMultiUDFNullParameters,Feature Envy,"designitejava,checkstyle",contrib/piggybank/java/src/test/java/org/apache/pig/piggybank/test/evaluation/string/TestReplaceMulti.java,contrib/piggybank/java/src/test/java/org/apache/pig/piggybank/test/evaluation/string/TestReplaceMulti.java.TestReplaceMulti.testPigScriptForReplaceMultiUDFNullParameters.Feature Envy,0.16.0-rc0,0.17.0,0.17.0,4
pig,0.12.0-rc0,org.apache.pig.piggybank.test.storage,TestCSVExcelStorage,storeComplexTypes,Feature Envy,"designitejava,checkstyle",contrib/piggybank/java/src/test/java/org/apache/pig/piggybank/test/storage/TestCSVExcelStorage.java,contrib/piggybank/java/src/test/java/org/apache/pig/piggybank/test/storage/TestCSVExcelStorage.java.TestCSVExcelStorage.storeComplexTypes.Feature Envy,0.12.0-rc0,0.17.0,0.17.0,14
pig,0.16.0-rc0,org.apache.pig.piggybank.test.storage,TestCSVExcelStorage,storeTwoFilesWithDifferentHeaders,Feature Envy,"designitejava,checkstyle",contrib/piggybank/java/src/test/java/org/apache/pig/piggybank/test/storage/TestCSVExcelStorage.java,contrib/piggybank/java/src/test/java/org/apache/pig/piggybank/test/storage/TestCSVExcelStorage.java.TestCSVExcelStorage.storeTwoFilesWithDifferentHeaders.Feature Envy,0.16.0-rc0,0.17.0,0.17.0,4
pig,0.12.0-rc0,org.apache.pig.piggybank.test.storage,TestFixedWidthStorer,storeScalarTypes,Feature Envy,"designitejava,checkstyle",contrib/piggybank/java/src/test/java/org/apache/pig/piggybank/test/storage/TestFixedWidthStorer.java,contrib/piggybank/java/src/test/java/org/apache/pig/piggybank/test/storage/TestFixedWidthStorer.java.TestFixedWidthStorer.storeScalarTypes.Feature Envy,0.12.0-rc0,0.17.0,0.17.0,14
pig,0.7.0,org.apache.pig.piggybank.test.storage,TestHiveColumnarLoader,writeRCFileTest,Long Parameter List,"designitejava,checkstyle",contrib/piggybank/java/src/test/java/org/apache/pig/piggybank/test/storage/TestHiveColumnarLoader.java,contrib/piggybank/java/src/test/java/org/apache/pig/piggybank/test/storage/TestHiveColumnarLoader.java.TestHiveColumnarLoader.writeRCFileTest.Long Parameter List,0.7.0,0.17.0,0.17.0,32
pig,0.12.0-rc0,org.apache.pig.piggybank.test.storage,TestHiveColumnarStorage,writeRCFileTest,Long Parameter List,"designitejava,checkstyle",contrib/piggybank/java/src/test/java/org/apache/pig/piggybank/test/storage/TestHiveColumnarStorage.java,contrib/piggybank/java/src/test/java/org/apache/pig/piggybank/test/storage/TestHiveColumnarStorage.java.TestHiveColumnarStorage.writeRCFileTest.Long Parameter List,0.12.0-rc0,0.17.0,0.17.0,14
pig,0.10.0-rc0,org.apache.pig.piggybank.test.storage,TestMultiStorageCompression,verifyResults,Complex Method,"designitejava,pmd",contrib/piggybank/java/src/test/java/org/apache/pig/piggybank/test/storage/TestMultiStorageCompression.java,contrib/piggybank/java/src/test/java/org/apache/pig/piggybank/test/storage/TestMultiStorageCompression.java.TestMultiStorageCompression.verifyResults.Complex Method,0.10.0-rc0,0.17.0,0.17.0,22
pig,0.6.0-rc0,org.apache.hadoop.zebra.io,BasicTable,dropColumnGroup,Complex Method,"designitejava,checkstyle",contrib/zebra/src/java/org/apache/hadoop/zebra/io/BasicTable.java,contrib/zebra/src/java/org/apache/hadoop/zebra/io/BasicTable.java.BasicTable.dropColumnGroup.Complex Method,0.6.0-rc0,0.12.1,0.13.0-rc0,24
pig,0.7.0,org.apache.hadoop.zebra.io,KeyDistribution,merge,Complex Method,"designitejava,pmd,checkstyle",contrib/zebra/src/java/org/apache/hadoop/zebra/io/KeyDistribution.java,contrib/zebra/src/java/org/apache/hadoop/zebra/io/KeyDistribution.java.KeyDistribution.merge.Complex Method,0.7.0,0.12.1,0.13.0-rc0,22
pig,0.6.0-rc0,org.apache.hadoop.zebra.mapred,BasicTableOutputFormat,setStorageInfo,Complex Method,"pmd,checkstyle",contrib/zebra/src/java/org/apache/hadoop/zebra/mapred/BasicTableOutputFormat.java,contrib/zebra/src/java/org/apache/hadoop/zebra/mapred/BasicTableOutputFormat.java.BasicTableOutputFormat.setStorageInfo.Complex Method,0.6.0-rc0,0.12.1,0.13.0-rc0,24
pig,0.4.0-rc0,org.apache.hadoop.zebra.mapred,CompositeTableExpr,inferProjection,Complex Method,"designitejava,pmd",contrib/zebra/src/java/org/apache/hadoop/zebra/mapred/CompositeTableExpr.java,contrib/zebra/src/java/org/apache/hadoop/zebra/mapred/CompositeTableExpr.java.CompositeTableExpr.inferProjection.Complex Method,0.4.0-rc0,0.12.1,0.13.0-rc0,27
pig,0.6.0-rc0,org.apache.hadoop.zebra.mapred,TableInputFormat,,God Class,"pmd,checkstyle",contrib/zebra/src/java/org/apache/hadoop/zebra/mapred/TableInputFormat.java,contrib/zebra/src/java/org/apache/hadoop/zebra/mapred/TableInputFormat.java.TableInputFormat..God Class,0.6.0-rc0,0.12.1,0.13.0-rc0,24
pig,0.7.0,org.apache.hadoop.zebra.mapred,TableInputFormat,getRowSplits,Complex Method,"designitejava,pmd,checkstyle",contrib/zebra/src/java/org/apache/hadoop/zebra/mapred/TableInputFormat.java,contrib/zebra/src/java/org/apache/hadoop/zebra/mapred/TableInputFormat.java.TableInputFormat.getRowSplits.Complex Method,0.7.0,0.12.1,0.13.0-rc0,22
pig,0.4.0-rc0,org.apache.hadoop.zebra.mapred,TableInputFormat,getSortedSplits,Complex Method,"designitejava,pmd,checkstyle",contrib/zebra/src/java/org/apache/hadoop/zebra/mapred/TableInputFormat.java,contrib/zebra/src/java/org/apache/hadoop/zebra/mapred/TableInputFormat.java.TableInputFormat.getSortedSplits.Complex Method,0.4.0-rc0,0.12.1,0.13.0-rc0,27
pig,0.4.0-rc0,org.apache.hadoop.zebra.mapred,TableInputFormat,getUnsortedSplits,Complex Method,"designitejava,pmd",contrib/zebra/src/java/org/apache/hadoop/zebra/mapred/TableInputFormat.java,contrib/zebra/src/java/org/apache/hadoop/zebra/mapred/TableInputFormat.java.TableInputFormat.getUnsortedSplits.Complex Method,0.4.0-rc0,0.6.0,0.7.0,5
pig,0.6.0-rc0,org.apache.hadoop.zebra.mapred,TableInputFormat,requireSortedTable,Complex Method,"designitejava,pmd,checkstyle",contrib/zebra/src/java/org/apache/hadoop/zebra/mapred/TableInputFormat.java,contrib/zebra/src/java/org/apache/hadoop/zebra/mapred/TableInputFormat.java.TableInputFormat.requireSortedTable.Complex Method,0.6.0-rc0,0.12.1,0.13.0-rc0,24
pig,0.7.0,org.apache.hadoop.zebra.mapreduce,BasicTableOutputFormat,setStorageInfo,Complex Method,"pmd,checkstyle",contrib/zebra/src/java/org/apache/hadoop/zebra/mapreduce/BasicTableOutputFormat.java,contrib/zebra/src/java/org/apache/hadoop/zebra/mapreduce/BasicTableOutputFormat.java.BasicTableOutputFormat.setStorageInfo.Complex Method,0.7.0,0.12.1,0.13.0-rc0,22
pig,0.7.0,org.apache.hadoop.zebra.mapreduce,CompositeTableExpr,inferProjection,Complex Method,"designitejava,pmd",contrib/zebra/src/java/org/apache/hadoop/zebra/mapreduce/CompositeTableExpr.java,contrib/zebra/src/java/org/apache/hadoop/zebra/mapreduce/CompositeTableExpr.java.CompositeTableExpr.inferProjection.Complex Method,0.7.0,0.12.1,0.13.0-rc0,22
pig,0.7.0,org.apache.hadoop.zebra.mapreduce,TableInputFormat,,God Class,"pmd,checkstyle",contrib/zebra/src/java/org/apache/hadoop/zebra/mapreduce/TableInputFormat.java,contrib/zebra/src/java/org/apache/hadoop/zebra/mapreduce/TableInputFormat.java.TableInputFormat..God Class,0.7.0,0.12.1,0.13.0-rc0,22
pig,0.7.0,org.apache.hadoop.zebra.mapreduce,TableInputFormat,getRowSplits,Complex Method,"designitejava,pmd,checkstyle",contrib/zebra/src/java/org/apache/hadoop/zebra/mapreduce/TableInputFormat.java,contrib/zebra/src/java/org/apache/hadoop/zebra/mapreduce/TableInputFormat.java.TableInputFormat.getRowSplits.Complex Method,0.7.0,0.12.1,0.13.0-rc0,22
pig,0.7.0,org.apache.hadoop.zebra.mapreduce,TableInputFormat,getSortedSplits,Complex Method,"designitejava,pmd,checkstyle",contrib/zebra/src/java/org/apache/hadoop/zebra/mapreduce/TableInputFormat.java,contrib/zebra/src/java/org/apache/hadoop/zebra/mapreduce/TableInputFormat.java.TableInputFormat.getSortedSplits.Complex Method,0.7.0,0.12.1,0.13.0-rc0,22
pig,0.7.0,org.apache.hadoop.zebra.mapreduce,TableInputFormat,getSplits,Complex Method,"designitejava,pmd,checkstyle",contrib/zebra/src/java/org/apache/hadoop/zebra/mapreduce/TableInputFormat.java,contrib/zebra/src/java/org/apache/hadoop/zebra/mapreduce/TableInputFormat.java.TableInputFormat.getSplits.Complex Method,0.7.0,0.12.1,0.13.0-rc0,22
pig,0.7.0,org.apache.hadoop.zebra.mapreduce,TableInputFormat,setSplitMode,Complex Method,"designitejava,pmd,checkstyle",contrib/zebra/src/java/org/apache/hadoop/zebra/mapreduce/TableInputFormat.java,contrib/zebra/src/java/org/apache/hadoop/zebra/mapreduce/TableInputFormat.java.TableInputFormat.setSplitMode.Complex Method,0.7.0,0.12.1,0.13.0-rc0,22
pig,0.7.0,org.apache.hadoop.zebra.mapreduce,TableUnionExpr,getScanner,Complex Method,"designitejava,pmd,checkstyle",contrib/zebra/src/java/org/apache/hadoop/zebra/mapreduce/TableUnionExpr.java,contrib/zebra/src/java/org/apache/hadoop/zebra/mapreduce/TableUnionExpr.java.TableUnionExpr.getScanner.Complex Method,0.7.0,0.12.1,0.13.0-rc0,22
pig,0.6.0-rc0,org.apache.hadoop.zebra.pig,SchemaConverter,toTableType,Complex Method,"designitejava,checkstyle",contrib/zebra/src/java/org/apache/hadoop/zebra/pig/SchemaConverter.java,contrib/zebra/src/java/org/apache/hadoop/zebra/pig/SchemaConverter.java.SchemaConverter.toTableType.Complex Method,0.6.0-rc0,0.12.1,0.13.0-rc0,24
pig,0.4.0-rc0,org.apache.hadoop.zebra.pig,TableLoader,checkConf,Complex Method,"designitejava,pmd",contrib/zebra/src/java/org/apache/hadoop/zebra/pig/TableLoader.java,contrib/zebra/src/java/org/apache/hadoop/zebra/pig/TableLoader.java.TableLoader.checkConf.Complex Method,0.4.0-rc0,0.6.0,0.7.0,5
pig,0.6.0-rc0,org.apache.hadoop.zebra.pig,TableLoader,fieldsToRead,Complex Method,"designitejava,pmd,checkstyle",contrib/zebra/src/java/org/apache/hadoop/zebra/pig/TableLoader.java,contrib/zebra/src/java/org/apache/hadoop/zebra/pig/TableLoader.java.TableLoader.fieldsToRead.Complex Method,0.6.0-rc0,0.6.0,0.7.0,2
pig,0.7.0,org.apache.hadoop.zebra.pig,TableLoader,pushProjection,Complex Method,"designitejava,pmd,checkstyle",contrib/zebra/src/java/org/apache/hadoop/zebra/pig/TableLoader.java,contrib/zebra/src/java/org/apache/hadoop/zebra/pig/TableLoader.java.TableLoader.pushProjection.Complex Method,0.7.0,0.12.1,0.13.0-rc0,22
pig,0.7.0,org.apache.hadoop.zebra.pig,TableStorer,checkSchema,Complex Method,"designitejava,pmd",contrib/zebra/src/java/org/apache/hadoop/zebra/pig/TableStorer.java,contrib/zebra/src/java/org/apache/hadoop/zebra/pig/TableStorer.java.TableStorer.checkSchema.Complex Method,0.7.0,0.12.1,0.13.0-rc0,22
pig,0.6.0-rc0,org.apache.hadoop.zebra.schema,Schema,,God Class,"pmd,checkstyle",contrib/zebra/src/java/org/apache/hadoop/zebra/schema/Schema.java,contrib/zebra/src/java/org/apache/hadoop/zebra/schema/Schema.java.Schema..God Class,0.6.0-rc0,0.12.1,0.13.0-rc0,24
pig,0.6.0-rc0,org.apache.hadoop.zebra.schema,Schema,equals,Complex Method,"designitejava,pmd,checkstyle",contrib/zebra/src/java/org/apache/hadoop/zebra/schema/Schema.java,contrib/zebra/src/java/org/apache/hadoop/zebra/schema/Schema.java.Schema.equals.Complex Method,0.6.0-rc0,0.12.1,0.13.0-rc0,24
pig,0.6.0-rc0,org.apache.hadoop.zebra.schema,Schema,getColumnSchema,Complex Method,"designitejava,pmd,checkstyle",contrib/zebra/src/java/org/apache/hadoop/zebra/schema/Schema.java,contrib/zebra/src/java/org/apache/hadoop/zebra/schema/Schema.java.Schema.getColumnSchema.Complex Method,0.6.0-rc0,0.12.1,0.13.0-rc0,24
pig,0.6.0-rc0,org.apache.hadoop.zebra.schema,Schema,getColumnSchemaOnParsedName,Complex Method,"designitejava,pmd,checkstyle",contrib/zebra/src/java/org/apache/hadoop/zebra/schema/Schema.java,contrib/zebra/src/java/org/apache/hadoop/zebra/schema/Schema.java.Schema.getColumnSchemaOnParsedName.Complex Method,0.6.0-rc0,0.12.1,0.13.0-rc0,24
pig,0.6.0-rc0,org.apache.hadoop.zebra.schema,Schema,getProjectionSchema,Complex Method,"designitejava,pmd,checkstyle",contrib/zebra/src/java/org/apache/hadoop/zebra/schema/Schema.java,contrib/zebra/src/java/org/apache/hadoop/zebra/schema/Schema.java.Schema.getProjectionSchema.Complex Method,0.6.0-rc0,0.12.1,0.13.0-rc0,24
pig,0.6.0-rc0,org.apache.hadoop.zebra.schema,Schema,stringifySchema,Complex Method,"designitejava,pmd,checkstyle",contrib/zebra/src/java/org/apache/hadoop/zebra/schema/Schema.java,contrib/zebra/src/java/org/apache/hadoop/zebra/schema/Schema.java.Schema.stringifySchema.Complex Method,0.6.0-rc0,0.12.1,0.13.0-rc0,24
pig,0.6.0-rc0,org.apache.hadoop.zebra.tfile,TFileDumper,dumpInfo,Complex Method,"designitejava,pmd,checkstyle",contrib/zebra/src/java/org/apache/hadoop/zebra/tfile/TFileDumper.java,contrib/zebra/src/java/org/apache/hadoop/zebra/tfile/TFileDumper.java.TFileDumper.dumpInfo.Complex Method,0.6.0-rc0,0.12.1,0.13.0-rc0,24
pig,0.6.0-rc0,org.apache.hadoop.zebra.tfile,Utils,readVLong,Complex Method,"designitejava,checkstyle",contrib/zebra/src/java/org/apache/hadoop/zebra/tfile/Utils.java,contrib/zebra/src/java/org/apache/hadoop/zebra/tfile/Utils.java.Utils.readVLong.Complex Method,0.6.0-rc0,0.12.1,0.13.0-rc0,24
pig,0.6.0-rc0,org.apache.hadoop.zebra.tfile,Utils,writeVLong,Complex Method,"designitejava,checkstyle",contrib/zebra/src/java/org/apache/hadoop/zebra/tfile/Utils.java,contrib/zebra/src/java/org/apache/hadoop/zebra/tfile/Utils.java.Utils.writeVLong.Complex Method,0.6.0-rc0,0.12.1,0.13.0-rc0,24
pig,0.6.0-rc0,org.apache.hadoop.zebra.types,CsvZebraTupleOutput,writeMap,Complex Method,"designitejava,pmd,checkstyle",contrib/zebra/src/java/org/apache/hadoop/zebra/types/CsvZebraTupleOutput.java,contrib/zebra/src/java/org/apache/hadoop/zebra/types/CsvZebraTupleOutput.java.CsvZebraTupleOutput.writeMap.Complex Method,0.6.0-rc0,0.12.1,0.13.0-rc0,24
pig,0.6.0-rc0,org.apache.hadoop.zebra.types,CsvZebraTupleOutput,writeTuple,Complex Method,"designitejava,pmd,checkstyle",contrib/zebra/src/java/org/apache/hadoop/zebra/types/CsvZebraTupleOutput.java,contrib/zebra/src/java/org/apache/hadoop/zebra/types/CsvZebraTupleOutput.java.CsvZebraTupleOutput.writeTuple.Complex Method,0.6.0-rc0,0.12.1,0.13.0-rc0,24
pig,0.4.0-rc0,org.apache.hadoop.zebra.types,ParseException,add_escapes,Complex Method,"designitejava,checkstyle",contrib/zebra/src/java/org/apache/hadoop/zebra/types/ParseException.java,contrib/zebra/src/java/org/apache/hadoop/zebra/types/ParseException.java.ParseException.add_escapes.Complex Method,0.4.0-rc0,0.5.0,0.6.0-rc0,3
pig,0.4.0-rc0,org.apache.hadoop.zebra.types,Partition,,God Class,"pmd,checkstyle",contrib/zebra/src/java/org/apache/hadoop/zebra/types/Partition.java,contrib/zebra/src/java/org/apache/hadoop/zebra/types/Partition.java.Partition..God Class,0.4.0-rc0,0.12.1,0.13.0-rc0,27
pig,0.4.0-rc0,org.apache.hadoop.zebra.types,Partition,Partition,Complex Method,"designitejava,checkstyle",contrib/zebra/src/java/org/apache/hadoop/zebra/types/Partition.java,contrib/zebra/src/java/org/apache/hadoop/zebra/types/Partition.java.Partition.Partition.Complex Method,0.4.0-rc0,0.12.1,0.13.0-rc0,27
pig,0.6.0-rc0,org.apache.hadoop.zebra.types,Partition,generateDefaultCGSchema,Long Parameter List,"designitejava,checkstyle",contrib/zebra/src/java/org/apache/hadoop/zebra/types/Partition.java,contrib/zebra/src/java/org/apache/hadoop/zebra/types/Partition.java.Partition.generateDefaultCGSchema.Long Parameter List,0.6.0-rc0,0.12.1,0.13.0-rc0,24
pig,0.4.0-rc0,org.apache.hadoop.zebra.types,Partition,getColMapping,Complex Method,"designitejava,pmd,checkstyle",contrib/zebra/src/java/org/apache/hadoop/zebra/types/Partition.java,contrib/zebra/src/java/org/apache/hadoop/zebra/types/Partition.java.Partition.getColMapping.Complex Method,0.4.0-rc0,0.12.1,0.13.0-rc0,27
pig,0.4.0-rc0,org.apache.hadoop.zebra.types,Partition,handleMapStitch,Complex Method,"designitejava,pmd,checkstyle",contrib/zebra/src/java/org/apache/hadoop/zebra/types/Partition.java,contrib/zebra/src/java/org/apache/hadoop/zebra/types/Partition.java.Partition.handleMapStitch.Complex Method,0.4.0-rc0,0.12.1,0.13.0-rc0,27
pig,0.4.0-rc0,org.apache.hadoop.zebra.types,Partition,handleMapStitch,Long Parameter List,"designitejava,checkstyle",contrib/zebra/src/java/org/apache/hadoop/zebra/types/Partition.java,contrib/zebra/src/java/org/apache/hadoop/zebra/types/Partition.java.Partition.handleMapStitch.Long Parameter List,0.4.0-rc0,0.12.1,0.13.0-rc0,27
pig,0.4.0-rc0,org.apache.hadoop.zebra.types,Partition,setSplit,Long Parameter List,"designitejava,checkstyle",contrib/zebra/src/java/org/apache/hadoop/zebra/types/Partition.java,contrib/zebra/src/java/org/apache/hadoop/zebra/types/Partition.java.Partition.setSplit.Long Parameter List,0.4.0-rc0,0.12.1,0.13.0-rc0,27
pig,0.4.0-rc0,org.apache.hadoop.zebra.types,Projection,toSchema,Complex Method,"pmd,checkstyle",contrib/zebra/src/java/org/apache/hadoop/zebra/types/Projection.java,contrib/zebra/src/java/org/apache/hadoop/zebra/types/Projection.java.Projection.toSchema.Complex Method,0.4.0-rc0,0.12.1,0.13.0-rc0,27
pig,0.4.0-rc0,org.apache.hadoop.zebra.types,Schema,,God Class,"pmd,checkstyle",contrib/zebra/src/java/org/apache/hadoop/zebra/types/Schema.java,contrib/zebra/src/java/org/apache/hadoop/zebra/types/Schema.java.Schema..God Class,0.4.0-rc0,0.5.0,0.6.0-rc0,3
pig,0.4.0-rc0,org.apache.hadoop.zebra.types,Schema,equals,Complex Method,"designitejava,pmd,checkstyle",contrib/zebra/src/java/org/apache/hadoop/zebra/types/Schema.java,contrib/zebra/src/java/org/apache/hadoop/zebra/types/Schema.java.Schema.equals.Complex Method,0.4.0-rc0,0.5.0,0.6.0-rc0,3
pig,0.4.0-rc0,org.apache.hadoop.zebra.types,Schema,getColumnSchema,Complex Method,"designitejava,pmd,checkstyle",contrib/zebra/src/java/org/apache/hadoop/zebra/types/Schema.java,contrib/zebra/src/java/org/apache/hadoop/zebra/types/Schema.java.Schema.getColumnSchema.Complex Method,0.4.0-rc0,0.5.0,0.6.0-rc0,3
pig,0.4.0-rc0,org.apache.hadoop.zebra.types,Schema,getColumnSchemaOnParsedName,Complex Method,"designitejava,pmd,checkstyle",contrib/zebra/src/java/org/apache/hadoop/zebra/types/Schema.java,contrib/zebra/src/java/org/apache/hadoop/zebra/types/Schema.java.Schema.getColumnSchemaOnParsedName.Complex Method,0.4.0-rc0,0.5.0,0.6.0-rc0,3
pig,0.4.0-rc0,org.apache.hadoop.zebra.types,Schema,getProjectionSchema,Complex Method,"designitejava,pmd,checkstyle",contrib/zebra/src/java/org/apache/hadoop/zebra/types/Schema.java,contrib/zebra/src/java/org/apache/hadoop/zebra/types/Schema.java.Schema.getProjectionSchema.Complex Method,0.4.0-rc0,0.5.0,0.6.0-rc0,3
pig,0.4.0-rc0,org.apache.hadoop.zebra.types,Schema,stringifySchema,Complex Method,"designitejava,pmd,checkstyle",contrib/zebra/src/java/org/apache/hadoop/zebra/types/Schema.java,contrib/zebra/src/java/org/apache/hadoop/zebra/types/Schema.java.Schema.stringifySchema.Complex Method,0.4.0-rc0,0.5.0,0.6.0-rc0,3
pig,0.4.0-rc0,org.apache.hadoop.zebra.types,SimpleCharStream,FillBuff,Complex Method,"designitejava,pmd",contrib/zebra/src/java/org/apache/hadoop/zebra/types/SimpleCharStream.java,contrib/zebra/src/java/org/apache/hadoop/zebra/types/SimpleCharStream.java.SimpleCharStream.FillBuff.Complex Method,0.4.0-rc0,0.5.0,0.6.0-rc0,3
pig,0.6.0-rc0,org.apache.hadoop.zebra.types,SortInfo,equals,Complex Method,"designitejava,pmd,checkstyle",contrib/zebra/src/java/org/apache/hadoop/zebra/types/SortInfo.java,contrib/zebra/src/java/org/apache/hadoop/zebra/types/SortInfo.java.SortInfo.equals.Complex Method,0.6.0-rc0,0.12.1,0.13.0-rc0,24
pig,0.4.0-rc0,org.apache.hadoop.zebra.types,TableSchemaParser,,God Class,"pmd,checkstyle",contrib/zebra/src/java/org/apache/hadoop/zebra/types/TableSchemaParser.java,contrib/zebra/src/java/org/apache/hadoop/zebra/types/TableSchemaParser.java.TableSchemaParser..God Class,0.4.0-rc0,0.5.0,0.6.0-rc0,3
pig,0.4.0-rc0,org.apache.hadoop.zebra.types,TableSchemaParser,generateParseException,Complex Method,"designitejava,pmd",contrib/zebra/src/java/org/apache/hadoop/zebra/types/TableSchemaParser.java,contrib/zebra/src/java/org/apache/hadoop/zebra/types/TableSchemaParser.java.TableSchemaParser.generateParseException.Complex Method,0.4.0-rc0,0.5.0,0.6.0-rc0,3
pig,0.4.0-rc0,org.apache.hadoop.zebra.types,TableSchemaParser,jj_3R_29,Complex Method,"designitejava,pmd",contrib/zebra/src/java/org/apache/hadoop/zebra/types/TableSchemaParser.java,contrib/zebra/src/java/org/apache/hadoop/zebra/types/TableSchemaParser.java.TableSchemaParser.jj_3R_29.Complex Method,0.4.0-rc0,0.5.0,0.6.0-rc0,3
pig,0.4.0-rc0,org.apache.hadoop.zebra.types,TableSchemaParser,jj_add_error_token,Complex Method,"designitejava,pmd",contrib/zebra/src/java/org/apache/hadoop/zebra/types/TableSchemaParser.java,contrib/zebra/src/java/org/apache/hadoop/zebra/types/TableSchemaParser.java.TableSchemaParser.jj_add_error_token.Complex Method,0.4.0-rc0,0.5.0,0.6.0-rc0,3
pig,0.4.0-rc0,org.apache.hadoop.zebra.types,TableSchemaParser,jj_rescan_token,Complex Method,"designitejava,checkstyle",contrib/zebra/src/java/org/apache/hadoop/zebra/types/TableSchemaParser.java,contrib/zebra/src/java/org/apache/hadoop/zebra/types/TableSchemaParser.java.TableSchemaParser.jj_rescan_token.Complex Method,0.4.0-rc0,0.5.0,0.6.0-rc0,3
pig,0.4.0-rc0,org.apache.hadoop.zebra.types,TableSchemaParserTokenManager,,God Class,"pmd,checkstyle",contrib/zebra/src/java/org/apache/hadoop/zebra/types/TableSchemaParserTokenManager.java,contrib/zebra/src/java/org/apache/hadoop/zebra/types/TableSchemaParserTokenManager.java.TableSchemaParserTokenManager..God Class,0.4.0-rc0,0.5.0,0.6.0-rc0,3
pig,0.4.0-rc0,org.apache.hadoop.zebra.types,TableSchemaParserTokenManager,getNextToken,Complex Method,"designitejava,pmd,checkstyle",contrib/zebra/src/java/org/apache/hadoop/zebra/types/TableSchemaParserTokenManager.java,contrib/zebra/src/java/org/apache/hadoop/zebra/types/TableSchemaParserTokenManager.java.TableSchemaParserTokenManager.getNextToken.Complex Method,0.4.0-rc0,0.5.0,0.6.0-rc0,3
pig,0.4.0-rc0,org.apache.hadoop.zebra.types,TableSchemaParserTokenManager,jjMoveNfa_0,Complex Method,"designitejava,pmd,checkstyle",contrib/zebra/src/java/org/apache/hadoop/zebra/types/TableSchemaParserTokenManager.java,contrib/zebra/src/java/org/apache/hadoop/zebra/types/TableSchemaParserTokenManager.java.TableSchemaParserTokenManager.jjMoveNfa_0.Complex Method,0.4.0-rc0,0.5.0,0.6.0-rc0,3
pig,0.4.0-rc0,org.apache.hadoop.zebra.types,TableSchemaParserTokenManager,jjMoveStringLiteralDfa0_0,Complex Method,"designitejava,checkstyle",contrib/zebra/src/java/org/apache/hadoop/zebra/types/TableSchemaParserTokenManager.java,contrib/zebra/src/java/org/apache/hadoop/zebra/types/TableSchemaParserTokenManager.java.TableSchemaParserTokenManager.jjMoveStringLiteralDfa0_0.Complex Method,0.4.0-rc0,0.5.0,0.6.0-rc0,3
pig,0.4.0-rc0,org.apache.hadoop.zebra.types,TableSchemaParserTokenManager,jjMoveStringLiteralDfa2_0,Complex Method,"designitejava,checkstyle",contrib/zebra/src/java/org/apache/hadoop/zebra/types/TableSchemaParserTokenManager.java,contrib/zebra/src/java/org/apache/hadoop/zebra/types/TableSchemaParserTokenManager.java.TableSchemaParserTokenManager.jjMoveStringLiteralDfa2_0.Complex Method,0.4.0-rc0,0.5.0,0.6.0-rc0,3
pig,0.4.0-rc0,org.apache.hadoop.zebra.types,TableSchemaParserTokenManager,jjMoveStringLiteralDfa3_0,Complex Method,"designitejava,checkstyle",contrib/zebra/src/java/org/apache/hadoop/zebra/types/TableSchemaParserTokenManager.java,contrib/zebra/src/java/org/apache/hadoop/zebra/types/TableSchemaParserTokenManager.java.TableSchemaParserTokenManager.jjMoveStringLiteralDfa3_0.Complex Method,0.4.0-rc0,0.5.0,0.6.0-rc0,3
pig,0.4.0-rc0,org.apache.hadoop.zebra.types,TableSchemaParserTokenManager,jjMoveStringLiteralDfa4_0,Complex Method,"designitejava,checkstyle",contrib/zebra/src/java/org/apache/hadoop/zebra/types/TableSchemaParserTokenManager.java,contrib/zebra/src/java/org/apache/hadoop/zebra/types/TableSchemaParserTokenManager.java.TableSchemaParserTokenManager.jjMoveStringLiteralDfa4_0.Complex Method,0.4.0-rc0,0.5.0,0.6.0-rc0,3
pig,0.4.0-rc0,org.apache.hadoop.zebra.types,TableSchemaParserTokenManager,jjStopStringLiteralDfa_0,Complex Method,"designitejava,pmd,checkstyle",contrib/zebra/src/java/org/apache/hadoop/zebra/types/TableSchemaParserTokenManager.java,contrib/zebra/src/java/org/apache/hadoop/zebra/types/TableSchemaParserTokenManager.java.TableSchemaParserTokenManager.jjStopStringLiteralDfa_0.Complex Method,0.4.0-rc0,0.5.0,0.6.0-rc0,3
pig,0.4.0-rc0,org.apache.hadoop.zebra.types,TableStorageParser,,God Class,"pmd,checkstyle",contrib/zebra/src/java/org/apache/hadoop/zebra/types/TableStorageParser.java,contrib/zebra/src/java/org/apache/hadoop/zebra/types/TableStorageParser.java.TableStorageParser..God Class,0.4.0-rc0,0.5.0,0.6.0-rc0,3
pig,0.4.0-rc0,org.apache.hadoop.zebra.types,TableStorageParser,AnonymousRecordSchema,Complex Method,"designitejava,pmd,checkstyle",contrib/zebra/src/java/org/apache/hadoop/zebra/types/TableStorageParser.java,contrib/zebra/src/java/org/apache/hadoop/zebra/types/TableStorageParser.java.TableStorageParser.AnonymousRecordSchema.Complex Method,0.4.0-rc0,0.5.0,0.6.0-rc0,3
pig,0.4.0-rc0,org.apache.hadoop.zebra.types,TableStorageParser,FieldSchema,Complex Method,"designitejava,pmd,checkstyle",contrib/zebra/src/java/org/apache/hadoop/zebra/types/TableStorageParser.java,contrib/zebra/src/java/org/apache/hadoop/zebra/types/TableStorageParser.java.TableStorageParser.FieldSchema.Complex Method,0.4.0-rc0,0.5.0,0.6.0-rc0,3
pig,0.4.0-rc0,org.apache.hadoop.zebra.types,TableStorageParser,StorageSchema,Complex Method,"designitejava,pmd,checkstyle",contrib/zebra/src/java/org/apache/hadoop/zebra/types/TableStorageParser.java,contrib/zebra/src/java/org/apache/hadoop/zebra/types/TableStorageParser.java.TableStorageParser.StorageSchema.Complex Method,0.4.0-rc0,0.5.0,0.6.0-rc0,3
pig,0.4.0-rc0,org.apache.hadoop.zebra.types,TableStorageParser,generateParseException,Complex Method,"designitejava,pmd",contrib/zebra/src/java/org/apache/hadoop/zebra/types/TableStorageParser.java,contrib/zebra/src/java/org/apache/hadoop/zebra/types/TableStorageParser.java.TableStorageParser.generateParseException.Complex Method,0.4.0-rc0,0.5.0,0.6.0-rc0,3
pig,0.4.0-rc0,org.apache.hadoop.zebra.types,TableStorageParser,jj_add_error_token,Complex Method,"designitejava,pmd",contrib/zebra/src/java/org/apache/hadoop/zebra/types/TableStorageParser.java,contrib/zebra/src/java/org/apache/hadoop/zebra/types/TableStorageParser.java.TableStorageParser.jj_add_error_token.Complex Method,0.4.0-rc0,0.5.0,0.6.0-rc0,3
pig,0.4.0-rc0,org.apache.hadoop.zebra.types,TableStorageParser,jj_rescan_token,Complex Method,"designitejava,checkstyle",contrib/zebra/src/java/org/apache/hadoop/zebra/types/TableStorageParser.java,contrib/zebra/src/java/org/apache/hadoop/zebra/types/TableStorageParser.java.TableStorageParser.jj_rescan_token.Complex Method,0.4.0-rc0,0.5.0,0.6.0-rc0,3
pig,0.4.0-rc0,org.apache.hadoop.zebra.types,TableStorageParserTokenManager,,God Class,"pmd,checkstyle",contrib/zebra/src/java/org/apache/hadoop/zebra/types/TableStorageParserTokenManager.java,contrib/zebra/src/java/org/apache/hadoop/zebra/types/TableStorageParserTokenManager.java.TableStorageParserTokenManager..God Class,0.4.0-rc0,0.5.0,0.6.0-rc0,3
pig,0.4.0-rc0,org.apache.hadoop.zebra.types,TableStorageParserTokenManager,getNextToken,Complex Method,"designitejava,pmd,checkstyle",contrib/zebra/src/java/org/apache/hadoop/zebra/types/TableStorageParserTokenManager.java,contrib/zebra/src/java/org/apache/hadoop/zebra/types/TableStorageParserTokenManager.java.TableStorageParserTokenManager.getNextToken.Complex Method,0.4.0-rc0,0.5.0,0.6.0-rc0,3
pig,0.4.0-rc0,org.apache.hadoop.zebra.types,TableStorageParserTokenManager,jjMoveNfa_0,Complex Method,"designitejava,pmd,checkstyle",contrib/zebra/src/java/org/apache/hadoop/zebra/types/TableStorageParserTokenManager.java,contrib/zebra/src/java/org/apache/hadoop/zebra/types/TableStorageParserTokenManager.java.TableStorageParserTokenManager.jjMoveNfa_0.Complex Method,0.4.0-rc0,0.5.0,0.6.0-rc0,3
pig,0.4.0-rc0,org.apache.hadoop.zebra.types,TableStorageParserTokenManager,jjMoveStringLiteralDfa0_0,Complex Method,"designitejava,checkstyle",contrib/zebra/src/java/org/apache/hadoop/zebra/types/TableStorageParserTokenManager.java,contrib/zebra/src/java/org/apache/hadoop/zebra/types/TableStorageParserTokenManager.java.TableStorageParserTokenManager.jjMoveStringLiteralDfa0_0.Complex Method,0.4.0-rc0,0.5.0,0.6.0-rc0,3
pig,0.4.0-rc0,org.apache.hadoop.zebra.types,TableStorageParserTokenManager,jjStopStringLiteralDfa_0,Complex Method,"designitejava,pmd,checkstyle",contrib/zebra/src/java/org/apache/hadoop/zebra/types/TableStorageParserTokenManager.java,contrib/zebra/src/java/org/apache/hadoop/zebra/types/TableStorageParserTokenManager.java.TableStorageParserTokenManager.jjStopStringLiteralDfa_0.Complex Method,0.4.0-rc0,0.5.0,0.6.0-rc0,3
pig,0.4.0-rc0,org.apache.hadoop.zebra.types,TokenMgrError,LexicalError,Long Parameter List,"designitejava,checkstyle",contrib/zebra/src/java/org/apache/hadoop/zebra/types/TokenMgrError.java,contrib/zebra/src/java/org/apache/hadoop/zebra/types/TokenMgrError.java.TokenMgrError.LexicalError.Long Parameter List,0.4.0-rc0,0.5.0,0.6.0-rc0,3
pig,0.4.0-rc0,org.apache.hadoop.zebra.types,TokenMgrError,addEscapes,Complex Method,"designitejava,checkstyle",contrib/zebra/src/java/org/apache/hadoop/zebra/types/TokenMgrError.java,contrib/zebra/src/java/org/apache/hadoop/zebra/types/TokenMgrError.java.TokenMgrError.addEscapes.Complex Method,0.4.0-rc0,0.5.0,0.6.0-rc0,3
pig,0.8.0,org.apache.hadoop.zebra.types,TypesUtils,checkColumn,Complex Method,"designitejava,checkstyle",contrib/zebra/src/java/org/apache/hadoop/zebra/types/TypesUtils.java,contrib/zebra/src/java/org/apache/hadoop/zebra/types/TypesUtils.java.TypesUtils.checkColumn.Complex Method,0.8.0,0.12.1,0.13.0-rc0,21
pig,0.8.0,org.apache.hadoop.zebra.types,TypesUtils,checkColumnType,Complex Method,"designitejava,checkstyle",contrib/zebra/src/java/org/apache/hadoop/zebra/types/TypesUtils.java,contrib/zebra/src/java/org/apache/hadoop/zebra/types/TypesUtils.java.TypesUtils.checkColumnType.Complex Method,0.8.0,0.12.1,0.13.0-rc0,21
pig,0.4.0-rc0,org.apache.hadoop.zebra.io,TestBasicTable,createBasicTable,Long Parameter List,"designitejava,checkstyle",contrib/zebra/src/test/org/apache/hadoop/zebra/io/TestBasicTable.java,contrib/zebra/src/test/org/apache/hadoop/zebra/io/TestBasicTable.java.TestBasicTable.createBasicTable.Long Parameter List,0.4.0-rc0,0.12.1,0.13.0-rc0,27
pig,0.4.0-rc0,org.apache.hadoop.zebra.io,TestBasicTable,doReadWrite,Long Parameter List,"designitejava,checkstyle",contrib/zebra/src/test/org/apache/hadoop/zebra/io/TestBasicTable.java,contrib/zebra/src/test/org/apache/hadoop/zebra/io/TestBasicTable.java.TestBasicTable.doReadWrite.Long Parameter List,0.4.0-rc0,0.12.1,0.13.0-rc0,27
pig,0.4.0-rc0,org.apache.hadoop.zebra.io,TestCollection,testRead3,Complex Method,"designitejava,checkstyle",contrib/zebra/src/test/org/apache/hadoop/zebra/io/TestCollection.java,contrib/zebra/src/test/org/apache/hadoop/zebra/io/TestCollection.java.TestCollection.testRead3.Complex Method,0.4.0-rc0,0.12.1,0.13.0-rc0,27
pig,0.4.0-rc0,org.apache.hadoop.zebra.io,TestCollection,testRead9,Complex Method,"designitejava,checkstyle",contrib/zebra/src/test/org/apache/hadoop/zebra/io/TestCollection.java,contrib/zebra/src/test/org/apache/hadoop/zebra/io/TestCollection.java.TestCollection.testRead9.Complex Method,0.4.0-rc0,0.6.0,0.7.0,5
pig,0.4.0-rc0,org.apache.hadoop.zebra.io,TestColumnGroup,createCG,Complex Method,"designitejava,checkstyle",contrib/zebra/src/test/org/apache/hadoop/zebra/io/TestColumnGroup.java,contrib/zebra/src/test/org/apache/hadoop/zebra/io/TestColumnGroup.java.TestColumnGroup.createCG.Complex Method,0.4.0-rc0,0.12.1,0.13.0-rc0,27
pig,0.4.0-rc0,org.apache.hadoop.zebra.io,TestColumnGroup,createCG,Long Parameter List,"designitejava,checkstyle",contrib/zebra/src/test/org/apache/hadoop/zebra/io/TestColumnGroup.java,contrib/zebra/src/test/org/apache/hadoop/zebra/io/TestColumnGroup.java.TestColumnGroup.createCG.Long Parameter List,0.4.0-rc0,0.12.1,0.13.0-rc0,27
pig,0.4.0-rc0,org.apache.hadoop.zebra.io,TestColumnGroup,doReadWrite,Long Parameter List,"designitejava,checkstyle",contrib/zebra/src/test/org/apache/hadoop/zebra/io/TestColumnGroup.java,contrib/zebra/src/test/org/apache/hadoop/zebra/io/TestColumnGroup.java.TestColumnGroup.doReadWrite.Long Parameter List,0.4.0-rc0,0.12.1,0.13.0-rc0,27
pig,0.7.0,org.apache.hadoop.zebra.io,TestColumnGroupWithWorkPath,createCG,Complex Method,"designitejava,checkstyle",contrib/zebra/src/test/org/apache/hadoop/zebra/io/TestColumnGroupWithWorkPath.java,contrib/zebra/src/test/org/apache/hadoop/zebra/io/TestColumnGroupWithWorkPath.java.TestColumnGroupWithWorkPath.createCG.Complex Method,0.7.0,0.12.1,0.13.0-rc0,22
pig,0.7.0,org.apache.hadoop.zebra.io,TestColumnGroupWithWorkPath,createCG,Long Parameter List,"designitejava,checkstyle",contrib/zebra/src/test/org/apache/hadoop/zebra/io/TestColumnGroupWithWorkPath.java,contrib/zebra/src/test/org/apache/hadoop/zebra/io/TestColumnGroupWithWorkPath.java.TestColumnGroupWithWorkPath.createCG.Long Parameter List,0.7.0,0.12.1,0.13.0-rc0,22
pig,0.7.0,org.apache.hadoop.zebra.io,TestColumnGroupWithWorkPath,doReadWrite,Long Parameter List,"designitejava,checkstyle",contrib/zebra/src/test/org/apache/hadoop/zebra/io/TestColumnGroupWithWorkPath.java,contrib/zebra/src/test/org/apache/hadoop/zebra/io/TestColumnGroupWithWorkPath.java.TestColumnGroupWithWorkPath.doReadWrite.Long Parameter List,0.7.0,0.12.1,0.13.0-rc0,22
pig,0.6.0-rc0,test.org.apache.hadoop.zebra.mapred,TestMultipleOutputs,,God Class,"pmd,checkstyle",contrib/zebra/src/test/org/apache/hadoop/zebra/mapred/TestMultipleOutputs.java,contrib/zebra/src/test/org/apache/hadoop/zebra/mapred/TestMultipleOutputs.java.TestMultipleOutputs..God Class,0.6.0-rc0,0.6.0,0.7.0,2
pig,0.6.0-rc0,org.apache.hadoop.zebra.mapred,TestMultipleOutputs,checkTable,Complex Method,"designitejava,checkstyle",contrib/zebra/src/test/org/apache/hadoop/zebra/mapred/TestMultipleOutputs.java,contrib/zebra/src/test/org/apache/hadoop/zebra/mapred/TestMultipleOutputs.java.TestMultipleOutputs.checkTable.Complex Method,0.6.0-rc0,0.12.1,0.13.0-rc0,24
pig,0.6.0-rc0,org.apache.hadoop.zebra.mapred,TestMultipleOutputs,setUpOnce,Complex Method,"designitejava,checkstyle",contrib/zebra/src/test/org/apache/hadoop/zebra/mapred/TestMultipleOutputs.java,contrib/zebra/src/test/org/apache/hadoop/zebra/mapred/TestMultipleOutputs.java.TestMultipleOutputs.setUpOnce.Complex Method,0.6.0-rc0,0.6.0,0.7.0,2
pig,0.6.0-rc0,test.org.apache.hadoop.zebra.mapred,TestMultipleOutputs2,,God Class,"pmd,checkstyle",contrib/zebra/src/test/org/apache/hadoop/zebra/mapred/TestMultipleOutputs2.java,contrib/zebra/src/test/org/apache/hadoop/zebra/mapred/TestMultipleOutputs2.java.TestMultipleOutputs2..God Class,0.6.0-rc0,0.6.0,0.7.0,2
pig,0.6.0-rc0,org.apache.hadoop.zebra.mapred,TestMultipleOutputs2,checkTable,Complex Method,"designitejava,checkstyle",contrib/zebra/src/test/org/apache/hadoop/zebra/mapred/TestMultipleOutputs2.java,contrib/zebra/src/test/org/apache/hadoop/zebra/mapred/TestMultipleOutputs2.java.TestMultipleOutputs2.checkTable.Complex Method,0.6.0-rc0,0.12.1,0.13.0-rc0,24
pig,0.6.0-rc0,org.apache.hadoop.zebra.mapred,TestMultipleOutputs2,setUpOnce,Complex Method,"designitejava,checkstyle",contrib/zebra/src/test/org/apache/hadoop/zebra/mapred/TestMultipleOutputs2.java,contrib/zebra/src/test/org/apache/hadoop/zebra/mapred/TestMultipleOutputs2.java.TestMultipleOutputs2.setUpOnce.Complex Method,0.6.0-rc0,0.6.0,0.7.0,2
pig,0.6.0-rc0,test.org.apache.hadoop.zebra.mapred,TestMultipleOutputs2TypedApi,,God Class,"pmd,checkstyle",contrib/zebra/src/test/org/apache/hadoop/zebra/mapred/TestMultipleOutputs2TypedApi.java,contrib/zebra/src/test/org/apache/hadoop/zebra/mapred/TestMultipleOutputs2TypedApi.java.TestMultipleOutputs2TypedApi..God Class,0.6.0-rc0,0.6.0,0.7.0,2
pig,0.6.0-rc0,org.apache.hadoop.zebra.mapred,TestMultipleOutputs2TypedApi,checkTable,Complex Method,"designitejava,checkstyle",contrib/zebra/src/test/org/apache/hadoop/zebra/mapred/TestMultipleOutputs2TypedApi.java,contrib/zebra/src/test/org/apache/hadoop/zebra/mapred/TestMultipleOutputs2TypedApi.java.TestMultipleOutputs2TypedApi.checkTable.Complex Method,0.6.0-rc0,0.12.1,0.13.0-rc0,24
pig,0.6.0-rc0,org.apache.hadoop.zebra.mapred,TestMultipleOutputs2TypedApi,setUpOnce,Complex Method,"designitejava,checkstyle",contrib/zebra/src/test/org/apache/hadoop/zebra/mapred/TestMultipleOutputs2TypedApi.java,contrib/zebra/src/test/org/apache/hadoop/zebra/mapred/TestMultipleOutputs2TypedApi.java.TestMultipleOutputs2TypedApi.setUpOnce.Complex Method,0.6.0-rc0,0.6.0,0.7.0,2
pig,0.6.0-rc0,org.apache.hadoop.zebra.mapred,TestMultipleOutputs3,checkTable,Complex Method,"designitejava,checkstyle",contrib/zebra/src/test/org/apache/hadoop/zebra/mapred/TestMultipleOutputs3.java,contrib/zebra/src/test/org/apache/hadoop/zebra/mapred/TestMultipleOutputs3.java.TestMultipleOutputs3.checkTable.Complex Method,0.6.0-rc0,0.12.1,0.13.0-rc0,24
pig,0.6.0-rc0,org.apache.hadoop.zebra.mapred,TestMultipleOutputs3,setUpOnce,Complex Method,"designitejava,checkstyle",contrib/zebra/src/test/org/apache/hadoop/zebra/mapred/TestMultipleOutputs3.java,contrib/zebra/src/test/org/apache/hadoop/zebra/mapred/TestMultipleOutputs3.java.TestMultipleOutputs3.setUpOnce.Complex Method,0.6.0-rc0,0.6.0,0.7.0,2
pig,0.6.0-rc0,org.apache.hadoop.zebra.mapred,TestMultipleOutputs3TypedApi,checkTable,Complex Method,"designitejava,checkstyle",contrib/zebra/src/test/org/apache/hadoop/zebra/mapred/TestMultipleOutputs3TypedApi.java,contrib/zebra/src/test/org/apache/hadoop/zebra/mapred/TestMultipleOutputs3TypedApi.java.TestMultipleOutputs3TypedApi.checkTable.Complex Method,0.6.0-rc0,0.12.1,0.13.0-rc0,24
pig,0.6.0-rc0,org.apache.hadoop.zebra.mapred,TestMultipleOutputs3TypedApi,setUpOnce,Complex Method,"designitejava,checkstyle",contrib/zebra/src/test/org/apache/hadoop/zebra/mapred/TestMultipleOutputs3TypedApi.java,contrib/zebra/src/test/org/apache/hadoop/zebra/mapred/TestMultipleOutputs3TypedApi.java.TestMultipleOutputs3TypedApi.setUpOnce.Complex Method,0.6.0-rc0,0.6.0,0.7.0,2
pig,0.6.0-rc0,test.org.apache.hadoop.zebra.mapred,TestMultipleOutputs4,,God Class,"pmd,checkstyle",contrib/zebra/src/test/org/apache/hadoop/zebra/mapred/TestMultipleOutputs4.java,contrib/zebra/src/test/org/apache/hadoop/zebra/mapred/TestMultipleOutputs4.java.TestMultipleOutputs4..God Class,0.6.0-rc0,0.6.0,0.7.0,2
pig,0.6.0-rc0,org.apache.hadoop.zebra.mapred,TestMultipleOutputs4,checkTable,Complex Method,"designitejava,checkstyle",contrib/zebra/src/test/org/apache/hadoop/zebra/mapred/TestMultipleOutputs4.java,contrib/zebra/src/test/org/apache/hadoop/zebra/mapred/TestMultipleOutputs4.java.TestMultipleOutputs4.checkTable.Complex Method,0.6.0-rc0,0.12.1,0.13.0-rc0,24
pig,0.6.0-rc0,org.apache.hadoop.zebra.mapred,TestMultipleOutputs4,setUpOnce,Complex Method,"designitejava,checkstyle",contrib/zebra/src/test/org/apache/hadoop/zebra/mapred/TestMultipleOutputs4.java,contrib/zebra/src/test/org/apache/hadoop/zebra/mapred/TestMultipleOutputs4.java.TestMultipleOutputs4.setUpOnce.Complex Method,0.6.0-rc0,0.6.0,0.7.0,2
pig,0.6.0-rc0,test.org.apache.hadoop.zebra.mapred,TestMultipleOutputs4TypedApi,,God Class,"pmd,checkstyle",contrib/zebra/src/test/org/apache/hadoop/zebra/mapred/TestMultipleOutputs4TypedApi.java,contrib/zebra/src/test/org/apache/hadoop/zebra/mapred/TestMultipleOutputs4TypedApi.java.TestMultipleOutputs4TypedApi..God Class,0.6.0-rc0,0.6.0,0.7.0,2
pig,0.6.0-rc0,org.apache.hadoop.zebra.mapred,TestMultipleOutputs4TypedApi,checkTable,Complex Method,"designitejava,checkstyle",contrib/zebra/src/test/org/apache/hadoop/zebra/mapred/TestMultipleOutputs4TypedApi.java,contrib/zebra/src/test/org/apache/hadoop/zebra/mapred/TestMultipleOutputs4TypedApi.java.TestMultipleOutputs4TypedApi.checkTable.Complex Method,0.6.0-rc0,0.12.1,0.13.0-rc0,24
pig,0.6.0-rc0,org.apache.hadoop.zebra.mapred,TestMultipleOutputs4TypedApi,setUpOnce,Complex Method,"designitejava,checkstyle",contrib/zebra/src/test/org/apache/hadoop/zebra/mapred/TestMultipleOutputs4TypedApi.java,contrib/zebra/src/test/org/apache/hadoop/zebra/mapred/TestMultipleOutputs4TypedApi.java.TestMultipleOutputs4TypedApi.setUpOnce.Complex Method,0.6.0-rc0,0.6.0,0.7.0,2
pig,0.6.0-rc0,test.org.apache.hadoop.zebra.mapred,TestMultipleOutputsTypeApi,,God Class,"pmd,checkstyle",contrib/zebra/src/test/org/apache/hadoop/zebra/mapred/TestMultipleOutputsTypeApi.java,contrib/zebra/src/test/org/apache/hadoop/zebra/mapred/TestMultipleOutputsTypeApi.java.TestMultipleOutputsTypeApi..God Class,0.6.0-rc0,0.6.0,0.7.0,2
pig,0.6.0-rc0,org.apache.hadoop.zebra.mapred,TestMultipleOutputsTypeApi,checkTable,Complex Method,"designitejava,checkstyle",contrib/zebra/src/test/org/apache/hadoop/zebra/mapred/TestMultipleOutputsTypeApi.java,contrib/zebra/src/test/org/apache/hadoop/zebra/mapred/TestMultipleOutputsTypeApi.java.TestMultipleOutputsTypeApi.checkTable.Complex Method,0.6.0-rc0,0.12.1,0.13.0-rc0,24
pig,0.6.0-rc0,org.apache.hadoop.zebra.mapred,TestMultipleOutputsTypeApi,setUpOnce,Complex Method,"designitejava,checkstyle",contrib/zebra/src/test/org/apache/hadoop/zebra/mapred/TestMultipleOutputsTypeApi.java,contrib/zebra/src/test/org/apache/hadoop/zebra/mapred/TestMultipleOutputsTypeApi.java.TestMultipleOutputsTypeApi.setUpOnce.Complex Method,0.6.0-rc0,0.6.0,0.7.0,2
pig,0.6.0-rc0,test.org.apache.hadoop.zebra.mapred,TestMultipleOutputsTypedApiNeg,,God Class,"pmd,checkstyle",contrib/zebra/src/test/org/apache/hadoop/zebra/mapred/TestMultipleOutputsTypedApiNeg.java,contrib/zebra/src/test/org/apache/hadoop/zebra/mapred/TestMultipleOutputsTypedApiNeg.java.TestMultipleOutputsTypedApiNeg..God Class,0.6.0-rc0,0.6.0,0.7.0,2
pig,0.6.0-rc0,org.apache.hadoop.zebra.mapred,TestMultipleOutputsTypedApiNeg,checkTable,Complex Method,"designitejava,checkstyle",contrib/zebra/src/test/org/apache/hadoop/zebra/mapred/TestMultipleOutputsTypedApiNeg.java,contrib/zebra/src/test/org/apache/hadoop/zebra/mapred/TestMultipleOutputsTypedApiNeg.java.TestMultipleOutputsTypedApiNeg.checkTable.Complex Method,0.6.0-rc0,0.12.1,0.13.0-rc0,24
pig,0.6.0-rc0,org.apache.hadoop.zebra.mapred,TestMultipleOutputsTypedApiNeg,setUpOnce,Complex Method,"designitejava,checkstyle",contrib/zebra/src/test/org/apache/hadoop/zebra/mapred/TestMultipleOutputsTypedApiNeg.java,contrib/zebra/src/test/org/apache/hadoop/zebra/mapred/TestMultipleOutputsTypedApiNeg.java.TestMultipleOutputsTypedApiNeg.setUpOnce.Complex Method,0.6.0-rc0,0.6.0,0.7.0,2
pig,0.6.0-rc0,test.org.apache.hadoop.zebra.mapred,TestTypedApi,,God Class,"pmd,checkstyle",contrib/zebra/src/test/org/apache/hadoop/zebra/mapred/TestTypedApi.java,contrib/zebra/src/test/org/apache/hadoop/zebra/mapred/TestTypedApi.java.TestTypedApi..God Class,0.6.0-rc0,0.12.1,0.13.0-rc0,24
pig,0.6.0-rc0,org.apache.hadoop.zebra.mapred,TestTypedApi,checkTable,Complex Method,"designitejava,checkstyle",contrib/zebra/src/test/org/apache/hadoop/zebra/mapred/TestTypedApi.java,contrib/zebra/src/test/org/apache/hadoop/zebra/mapred/TestTypedApi.java.TestTypedApi.checkTable.Complex Method,0.6.0-rc0,0.12.1,0.13.0-rc0,24
pig,0.6.0-rc0,org.apache.hadoop.zebra.mapred,TestTypedApi,setUpOnce,Complex Method,"designitejava,checkstyle",contrib/zebra/src/test/org/apache/hadoop/zebra/mapred/TestTypedApi.java,contrib/zebra/src/test/org/apache/hadoop/zebra/mapred/TestTypedApi.java.TestTypedApi.setUpOnce.Complex Method,0.6.0-rc0,0.6.0,0.7.0,2
pig,0.6.0-rc0,org.apache.hadoop.zebra.mapred,TestTypedApi2,checkTable,Complex Method,"designitejava,checkstyle",contrib/zebra/src/test/org/apache/hadoop/zebra/mapred/TestTypedApi2.java,contrib/zebra/src/test/org/apache/hadoop/zebra/mapred/TestTypedApi2.java.TestTypedApi2.checkTable.Complex Method,0.6.0-rc0,0.12.1,0.13.0-rc0,24
pig,0.6.0-rc0,org.apache.hadoop.zebra.mapred,TestTypedApi2,setUpOnce,Complex Method,"designitejava,checkstyle",contrib/zebra/src/test/org/apache/hadoop/zebra/mapred/TestTypedApi2.java,contrib/zebra/src/test/org/apache/hadoop/zebra/mapred/TestTypedApi2.java.TestTypedApi2.setUpOnce.Complex Method,0.6.0-rc0,0.6.0,0.7.0,2
pig,0.7.0,org.apache.hadoop.zebra.mapred,ToolTestComparator,main,Complex Method,"designitejava,checkstyle",contrib/zebra/src/test/org/apache/hadoop/zebra/mapred/ToolTestComparator.java,contrib/zebra/src/test/org/apache/hadoop/zebra/mapred/ToolTestComparator.java.ToolTestComparator.main.Complex Method,0.7.0,0.12.1,0.13.0-rc0,22
pig,0.7.0,org.apache.hadoop.zebra.mapred,ToolTestComparator,verifyMergeJoin,Long Parameter List,"designitejava,checkstyle",contrib/zebra/src/test/org/apache/hadoop/zebra/mapred/ToolTestComparator.java,contrib/zebra/src/test/org/apache/hadoop/zebra/mapred/ToolTestComparator.java.ToolTestComparator.verifyMergeJoin.Long Parameter List,0.7.0,0.12.1,0.13.0-rc0,22
pig,0.7.0,org.apache.hadoop.zebra.mapred,ToolTestComparator,verifySorted,Long Parameter List,"designitejava,checkstyle",contrib/zebra/src/test/org/apache/hadoop/zebra/mapred/ToolTestComparator.java,contrib/zebra/src/test/org/apache/hadoop/zebra/mapred/ToolTestComparator.java.ToolTestComparator.verifySorted.Long Parameter List,0.7.0,0.12.1,0.13.0-rc0,22
pig,0.7.0,org.apache.hadoop.zebra.mapred,ToolTestComparator,verifySortedTable,Long Parameter List,"designitejava,checkstyle",contrib/zebra/src/test/org/apache/hadoop/zebra/mapred/ToolTestComparator.java,contrib/zebra/src/test/org/apache/hadoop/zebra/mapred/ToolTestComparator.java.ToolTestComparator.verifySortedTable.Long Parameter List,0.7.0,0.12.1,0.13.0-rc0,22
pig,0.7.0,org.apache.hadoop.zebra.mapred,ToolTestComparator,verifySortedUnion,Long Parameter List,"designitejava,checkstyle",contrib/zebra/src/test/org/apache/hadoop/zebra/mapred/ToolTestComparator.java,contrib/zebra/src/test/org/apache/hadoop/zebra/mapred/ToolTestComparator.java.ToolTestComparator.verifySortedUnion.Long Parameter List,0.7.0,0.12.1,0.13.0-rc0,22
pig,0.8.0,org.apache.hadoop.zebra.mapreduce,TestBasicTableUnion,setUpOnce,Complex Method,"designitejava,checkstyle",contrib/zebra/src/test/org/apache/hadoop/zebra/mapreduce/TestBasicTableUnion.java,contrib/zebra/src/test/org/apache/hadoop/zebra/mapreduce/TestBasicTableUnion.java.TestBasicTableUnion.setUpOnce.Complex Method,0.8.0,0.12.1,0.13.0-rc0,21
pig,0.7.0,org.apache.hadoop.zebra.mapreduce,TestMultipleOutputs,checkTable,Complex Method,"designitejava,checkstyle",contrib/zebra/src/test/org/apache/hadoop/zebra/mapreduce/TestMultipleOutputs.java,contrib/zebra/src/test/org/apache/hadoop/zebra/mapreduce/TestMultipleOutputs.java.TestMultipleOutputs.checkTable.Complex Method,0.7.0,0.12.1,0.13.0-rc0,22
pig,0.7.0,org.apache.hadoop.zebra.mapreduce,TestMultipleOutputs2,checkTable,Complex Method,"designitejava,checkstyle",contrib/zebra/src/test/org/apache/hadoop/zebra/mapreduce/TestMultipleOutputs2.java,contrib/zebra/src/test/org/apache/hadoop/zebra/mapreduce/TestMultipleOutputs2.java.TestMultipleOutputs2.checkTable.Complex Method,0.7.0,0.12.1,0.13.0-rc0,22
pig,0.7.0,org.apache.hadoop.zebra.mapreduce,TestMultipleOutputs2TypedApi,checkTable,Complex Method,"designitejava,checkstyle",contrib/zebra/src/test/org/apache/hadoop/zebra/mapreduce/TestMultipleOutputs2TypedApi.java,contrib/zebra/src/test/org/apache/hadoop/zebra/mapreduce/TestMultipleOutputs2TypedApi.java.TestMultipleOutputs2TypedApi.checkTable.Complex Method,0.7.0,0.12.1,0.13.0-rc0,22
pig,0.7.0,org.apache.hadoop.zebra.mapreduce,TestMultipleOutputs3,checkTable,Complex Method,"designitejava,checkstyle",contrib/zebra/src/test/org/apache/hadoop/zebra/mapreduce/TestMultipleOutputs3.java,contrib/zebra/src/test/org/apache/hadoop/zebra/mapreduce/TestMultipleOutputs3.java.TestMultipleOutputs3.checkTable.Complex Method,0.7.0,0.12.1,0.13.0-rc0,22
pig,0.7.0,org.apache.hadoop.zebra.mapreduce,TestMultipleOutputs3TypedApi,checkTable,Complex Method,"designitejava,checkstyle",contrib/zebra/src/test/org/apache/hadoop/zebra/mapreduce/TestMultipleOutputs3TypedApi.java,contrib/zebra/src/test/org/apache/hadoop/zebra/mapreduce/TestMultipleOutputs3TypedApi.java.TestMultipleOutputs3TypedApi.checkTable.Complex Method,0.7.0,0.12.1,0.13.0-rc0,22
pig,0.7.0,org.apache.hadoop.zebra.mapreduce,TestMultipleOutputs4,checkTable,Complex Method,"designitejava,checkstyle",contrib/zebra/src/test/org/apache/hadoop/zebra/mapreduce/TestMultipleOutputs4.java,contrib/zebra/src/test/org/apache/hadoop/zebra/mapreduce/TestMultipleOutputs4.java.TestMultipleOutputs4.checkTable.Complex Method,0.7.0,0.12.1,0.13.0-rc0,22
pig,0.7.0,org.apache.hadoop.zebra.mapreduce,TestMultipleOutputs4TypedApi,checkTable,Complex Method,"designitejava,checkstyle",contrib/zebra/src/test/org/apache/hadoop/zebra/mapreduce/TestMultipleOutputs4TypedApi.java,contrib/zebra/src/test/org/apache/hadoop/zebra/mapreduce/TestMultipleOutputs4TypedApi.java.TestMultipleOutputs4TypedApi.checkTable.Complex Method,0.7.0,0.12.1,0.13.0-rc0,22
pig,0.7.0,org.apache.hadoop.zebra.mapreduce,TestMultipleOutputsTypeApi,checkTable,Complex Method,"designitejava,checkstyle",contrib/zebra/src/test/org/apache/hadoop/zebra/mapreduce/TestMultipleOutputsTypeApi.java,contrib/zebra/src/test/org/apache/hadoop/zebra/mapreduce/TestMultipleOutputsTypeApi.java.TestMultipleOutputsTypeApi.checkTable.Complex Method,0.7.0,0.12.1,0.13.0-rc0,22
pig,0.7.0,org.apache.hadoop.zebra.mapreduce,TestMultipleOutputsTypedApiNeg,checkTable,Complex Method,"designitejava,checkstyle",contrib/zebra/src/test/org/apache/hadoop/zebra/mapreduce/TestMultipleOutputsTypedApiNeg.java,contrib/zebra/src/test/org/apache/hadoop/zebra/mapreduce/TestMultipleOutputsTypedApiNeg.java.TestMultipleOutputsTypedApiNeg.checkTable.Complex Method,0.7.0,0.12.1,0.13.0-rc0,22
pig,0.7.0,org.apache.hadoop.zebra.mapreduce,TestTempDirRemoval,checkTable,Complex Method,"designitejava,checkstyle",contrib/zebra/src/test/org/apache/hadoop/zebra/mapreduce/TestTempDirRemoval.java,contrib/zebra/src/test/org/apache/hadoop/zebra/mapreduce/TestTempDirRemoval.java.TestTempDirRemoval.checkTable.Complex Method,0.7.0,0.12.1,0.13.0-rc0,22
pig,0.8.0,org.apache.hadoop.zebra.mapreduce,TestTypeCheck,setUpOnce,Complex Method,"designitejava,checkstyle",contrib/zebra/src/test/org/apache/hadoop/zebra/mapreduce/TestTypeCheck.java,contrib/zebra/src/test/org/apache/hadoop/zebra/mapreduce/TestTypeCheck.java.TestTypeCheck.setUpOnce.Complex Method,0.8.0,0.12.1,0.13.0-rc0,21
pig,0.7.0,org.apache.hadoop.zebra.mapreduce,TestTypedApi,checkTable,Complex Method,"designitejava,checkstyle",contrib/zebra/src/test/org/apache/hadoop/zebra/mapreduce/TestTypedApi.java,contrib/zebra/src/test/org/apache/hadoop/zebra/mapreduce/TestTypedApi.java.TestTypedApi.checkTable.Complex Method,0.7.0,0.12.1,0.13.0-rc0,22
pig,0.7.0,org.apache.hadoop.zebra.mapreduce,TestTypedApi2,checkTable,Complex Method,"designitejava,checkstyle",contrib/zebra/src/test/org/apache/hadoop/zebra/mapreduce/TestTypedApi2.java,contrib/zebra/src/test/org/apache/hadoop/zebra/mapreduce/TestTypedApi2.java.TestTypedApi2.checkTable.Complex Method,0.7.0,0.12.1,0.13.0-rc0,22
pig,0.7.0,org.apache.hadoop.zebra.mapreduce,ToolTestComparator,main,Complex Method,"designitejava,checkstyle",contrib/zebra/src/test/org/apache/hadoop/zebra/mapreduce/ToolTestComparator.java,contrib/zebra/src/test/org/apache/hadoop/zebra/mapreduce/ToolTestComparator.java.ToolTestComparator.main.Complex Method,0.7.0,0.12.1,0.13.0-rc0,22
pig,0.7.0,org.apache.hadoop.zebra.mapreduce,ToolTestComparator,verifyMergeJoin,Long Parameter List,"designitejava,checkstyle",contrib/zebra/src/test/org/apache/hadoop/zebra/mapreduce/ToolTestComparator.java,contrib/zebra/src/test/org/apache/hadoop/zebra/mapreduce/ToolTestComparator.java.ToolTestComparator.verifyMergeJoin.Long Parameter List,0.7.0,0.12.1,0.13.0-rc0,22
pig,0.7.0,org.apache.hadoop.zebra.mapreduce,ToolTestComparator,verifySorted,Long Parameter List,"designitejava,checkstyle",contrib/zebra/src/test/org/apache/hadoop/zebra/mapreduce/ToolTestComparator.java,contrib/zebra/src/test/org/apache/hadoop/zebra/mapreduce/ToolTestComparator.java.ToolTestComparator.verifySorted.Long Parameter List,0.7.0,0.12.1,0.13.0-rc0,22
pig,0.7.0,org.apache.hadoop.zebra.mapreduce,ToolTestComparator,verifySortedTable,Long Parameter List,"designitejava,checkstyle",contrib/zebra/src/test/org/apache/hadoop/zebra/mapreduce/ToolTestComparator.java,contrib/zebra/src/test/org/apache/hadoop/zebra/mapreduce/ToolTestComparator.java.ToolTestComparator.verifySortedTable.Long Parameter List,0.7.0,0.12.1,0.13.0-rc0,22
pig,0.7.0,org.apache.hadoop.zebra.mapreduce,ToolTestComparator,verifySortedUnion,Long Parameter List,"designitejava,checkstyle",contrib/zebra/src/test/org/apache/hadoop/zebra/mapreduce/ToolTestComparator.java,contrib/zebra/src/test/org/apache/hadoop/zebra/mapreduce/ToolTestComparator.java.ToolTestComparator.verifySortedUnion.Long Parameter List,0.7.0,0.12.1,0.13.0-rc0,22
pig,0.7.0,org.apache.hadoop.zebra.pig,TestBasicTableSourceTableIndex,setUp,Complex Method,"designitejava,checkstyle",contrib/zebra/src/test/org/apache/hadoop/zebra/pig/TestBasicTableSourceTableIndex.java,contrib/zebra/src/test/org/apache/hadoop/zebra/pig/TestBasicTableSourceTableIndex.java.TestBasicTableSourceTableIndex.setUp.Complex Method,0.7.0,0.12.1,0.13.0-rc0,22
pig,0.4.0-rc0,org.apache.hadoop.zebra.pig,TestBasicTableUnionLoader,setUp,Complex Method,"designitejava,checkstyle",contrib/zebra/src/test/org/apache/hadoop/zebra/pig/TestBasicTableUnionLoader.java,contrib/zebra/src/test/org/apache/hadoop/zebra/pig/TestBasicTableUnionLoader.java.TestBasicTableUnionLoader.setUp.Complex Method,0.4.0-rc0,0.12.1,0.13.0-rc0,27
pig,0.4.0-rc0,test.org.apache.hadoop.zebra.pig,TestBasicUnion,,God Class,"pmd,checkstyle",contrib/zebra/src/test/org/apache/hadoop/zebra/pig/TestBasicUnion.java,contrib/zebra/src/test/org/apache/hadoop/zebra/pig/TestBasicUnion.java.TestBasicUnion..God Class,0.4.0-rc0,0.12.1,0.13.0-rc0,27
pig,0.7.0,org.apache.hadoop.zebra.pig,TestBasicUnion,setUp,Complex Method,"designitejava,checkstyle",contrib/zebra/src/test/org/apache/hadoop/zebra/pig/TestBasicUnion.java,contrib/zebra/src/test/org/apache/hadoop/zebra/pig/TestBasicUnion.java.TestBasicUnion.setUp.Complex Method,0.7.0,0.12.1,0.13.0-rc0,22
pig,0.4.0-rc0,org.apache.hadoop.zebra.pig,TestBasicUnion,setUpOnce,Complex Method,"designitejava,checkstyle",contrib/zebra/src/test/org/apache/hadoop/zebra/pig/TestBasicUnion.java,contrib/zebra/src/test/org/apache/hadoop/zebra/pig/TestBasicUnion.java.TestBasicUnion.setUpOnce.Complex Method,0.4.0-rc0,0.6.0,0.7.0,5
pig,0.4.0-rc0,org.apache.hadoop.zebra.pig,TestBasicUnion,testReader1,Complex Method,"designitejava,checkstyle",contrib/zebra/src/test/org/apache/hadoop/zebra/pig/TestBasicUnion.java,contrib/zebra/src/test/org/apache/hadoop/zebra/pig/TestBasicUnion.java.TestBasicUnion.testReader1.Complex Method,0.4.0-rc0,0.12.1,0.13.0-rc0,27
pig,0.4.0-rc0,org.apache.hadoop.zebra.pig,TestBasicUnion,testReader2,Complex Method,"designitejava,checkstyle",contrib/zebra/src/test/org/apache/hadoop/zebra/pig/TestBasicUnion.java,contrib/zebra/src/test/org/apache/hadoop/zebra/pig/TestBasicUnion.java.TestBasicUnion.testReader2.Complex Method,0.4.0-rc0,0.12.1,0.13.0-rc0,27
pig,0.4.0-rc0,org.apache.hadoop.zebra.pig,TestBasicUnion,testReader3,Complex Method,"designitejava,checkstyle",contrib/zebra/src/test/org/apache/hadoop/zebra/pig/TestBasicUnion.java,contrib/zebra/src/test/org/apache/hadoop/zebra/pig/TestBasicUnion.java.TestBasicUnion.testReader3.Complex Method,0.4.0-rc0,0.12.1,0.13.0-rc0,27
pig,0.4.0-rc0,org.apache.hadoop.zebra.pig,TestBasicUnion,testReader4,Complex Method,"designitejava,checkstyle",contrib/zebra/src/test/org/apache/hadoop/zebra/pig/TestBasicUnion.java,contrib/zebra/src/test/org/apache/hadoop/zebra/pig/TestBasicUnion.java.TestBasicUnion.testReader4.Complex Method,0.4.0-rc0,0.12.1,0.13.0-rc0,27
pig,0.4.0-rc0,org.apache.hadoop.zebra.pig,TestBasicUnion,testReader5,Complex Method,"designitejava,checkstyle",contrib/zebra/src/test/org/apache/hadoop/zebra/pig/TestBasicUnion.java,contrib/zebra/src/test/org/apache/hadoop/zebra/pig/TestBasicUnion.java.TestBasicUnion.testReader5.Complex Method,0.4.0-rc0,0.12.1,0.13.0-rc0,27
pig,0.4.0-rc0,org.apache.hadoop.zebra.pig,TestBasicUnion,testReader6,Complex Method,"designitejava,checkstyle",contrib/zebra/src/test/org/apache/hadoop/zebra/pig/TestBasicUnion.java,contrib/zebra/src/test/org/apache/hadoop/zebra/pig/TestBasicUnion.java.TestBasicUnion.testReader6.Complex Method,0.4.0-rc0,0.6.0,0.7.0,5
pig,0.6.0-rc0,org.apache.hadoop.zebra.pig,TestCogroup,setUp,Complex Method,"designitejava,checkstyle",contrib/zebra/src/test/org/apache/hadoop/zebra/pig/TestCogroup.java,contrib/zebra/src/test/org/apache/hadoop/zebra/pig/TestCogroup.java.TestCogroup.setUp.Complex Method,0.6.0-rc0,0.6.0,0.7.0,2
pig,0.6.0-rc0,org.apache.hadoop.zebra.pig,TestGlobTableLoader,setUp,Complex Method,"designitejava,checkstyle",contrib/zebra/src/test/org/apache/hadoop/zebra/pig/TestGlobTableLoader.java,contrib/zebra/src/test/org/apache/hadoop/zebra/pig/TestGlobTableLoader.java.TestGlobTableLoader.setUp.Complex Method,0.6.0-rc0,0.6.0,0.7.0,2
pig,0.8.0,org.apache.hadoop.zebra.pig,TestMapSideCoGroup,createTable,Long Parameter List,"designitejava,checkstyle",contrib/zebra/src/test/org/apache/hadoop/zebra/pig/TestMapSideCoGroup.java,contrib/zebra/src/test/org/apache/hadoop/zebra/pig/TestMapSideCoGroup.java.TestMapSideCoGroup.createTable.Long Parameter List,0.8.0,0.12.1,0.13.0-rc0,21
pig,0.7.0,test.org.apache.hadoop.zebra.pig,TestMapSideGroupBy,createFirstTable,Complex Method,"pmd,checkstyle",contrib/zebra/src/test/org/apache/hadoop/zebra/pig/TestMapSideGroupBy.java,contrib/zebra/src/test/org/apache/hadoop/zebra/pig/TestMapSideGroupBy.java.TestMapSideGroupBy.createFirstTable.Complex Method,0.7.0,0.12.1,0.13.0-rc0,22
pig,0.6.0-rc0,org.apache.hadoop.zebra.pig,TestMapTypePrune,setUp,Complex Method,"designitejava,checkstyle",contrib/zebra/src/test/org/apache/hadoop/zebra/pig/TestMapTypePrune.java,contrib/zebra/src/test/org/apache/hadoop/zebra/pig/TestMapTypePrune.java.TestMapTypePrune.setUp.Complex Method,0.6.0-rc0,0.6.0,0.7.0,2
pig,0.6.0-rc0,test.org.apache.hadoop.zebra.pig,TestMergeJoin2,createFirstTable,Complex Method,"pmd,checkstyle",contrib/zebra/src/test/org/apache/hadoop/zebra/pig/TestMergeJoin2.java,contrib/zebra/src/test/org/apache/hadoop/zebra/pig/TestMergeJoin2.java.TestMergeJoin2.createFirstTable.Complex Method,0.6.0-rc0,0.12.1,0.13.0-rc0,24
pig,0.6.0-rc0,test.org.apache.hadoop.zebra.pig,TestMergeJoin2,createSecondTable,Complex Method,"pmd,checkstyle",contrib/zebra/src/test/org/apache/hadoop/zebra/pig/TestMergeJoin2.java,contrib/zebra/src/test/org/apache/hadoop/zebra/pig/TestMergeJoin2.java.TestMergeJoin2.createSecondTable.Complex Method,0.6.0-rc0,0.12.1,0.13.0-rc0,24
pig,0.6.0-rc0,test.org.apache.hadoop.zebra.pig,TestMergeJoinEmpty,createFirstTable,Complex Method,"pmd,checkstyle",contrib/zebra/src/test/org/apache/hadoop/zebra/pig/TestMergeJoinEmpty.java,contrib/zebra/src/test/org/apache/hadoop/zebra/pig/TestMergeJoinEmpty.java.TestMergeJoinEmpty.createFirstTable.Complex Method,0.6.0-rc0,0.12.1,0.13.0-rc0,24
pig,0.6.0-rc0,test.org.apache.hadoop.zebra.pig,TestMergeJoinEmpty,createSecondTable,Complex Method,"pmd,checkstyle",contrib/zebra/src/test/org/apache/hadoop/zebra/pig/TestMergeJoinEmpty.java,contrib/zebra/src/test/org/apache/hadoop/zebra/pig/TestMergeJoinEmpty.java.TestMergeJoinEmpty.createSecondTable.Complex Method,0.6.0-rc0,0.12.1,0.13.0-rc0,24
pig,0.6.0-rc0,org.apache.hadoop.zebra.pig,TestMergeJoinPrune,createFirstTable,Complex Method,"designitejava,checkstyle",contrib/zebra/src/test/org/apache/hadoop/zebra/pig/TestMergeJoinPrune.java,contrib/zebra/src/test/org/apache/hadoop/zebra/pig/TestMergeJoinPrune.java.TestMergeJoinPrune.createFirstTable.Complex Method,0.6.0-rc0,0.12.1,0.13.0-rc0,24
pig,0.6.0-rc0,org.apache.hadoop.zebra.pig,TestMergeJoinPrune,createSecondTable,Complex Method,"designitejava,checkstyle",contrib/zebra/src/test/org/apache/hadoop/zebra/pig/TestMergeJoinPrune.java,contrib/zebra/src/test/org/apache/hadoop/zebra/pig/TestMergeJoinPrune.java.TestMergeJoinPrune.createSecondTable.Complex Method,0.6.0-rc0,0.12.1,0.13.0-rc0,24
pig,0.6.0-rc0,org.apache.hadoop.zebra.pig,TestMergeJoinPrune,setUp,Complex Method,"designitejava,checkstyle",contrib/zebra/src/test/org/apache/hadoop/zebra/pig/TestMergeJoinPrune.java,contrib/zebra/src/test/org/apache/hadoop/zebra/pig/TestMergeJoinPrune.java.TestMergeJoinPrune.setUp.Complex Method,0.6.0-rc0,0.6.0,0.7.0,2
pig,0.8.0,org.apache.hadoop.zebra.pig,TestMultipleOutputs1,test1,Complex Method,"designitejava,checkstyle",contrib/zebra/src/test/org/apache/hadoop/zebra/pig/TestMultipleOutputs1.java,contrib/zebra/src/test/org/apache/hadoop/zebra/pig/TestMultipleOutputs1.java.TestMultipleOutputs1.test1.Complex Method,0.8.0,0.12.1,0.13.0-rc0,21
pig,0.8.0,org.apache.hadoop.zebra.pig,TestMultipleOutputs1,test2,Complex Method,"designitejava,checkstyle",contrib/zebra/src/test/org/apache/hadoop/zebra/pig/TestMultipleOutputs1.java,contrib/zebra/src/test/org/apache/hadoop/zebra/pig/TestMultipleOutputs1.java.TestMultipleOutputs1.test2.Complex Method,0.8.0,0.12.1,0.13.0-rc0,21
pig,0.8.0,org.apache.hadoop.zebra.pig,TestMultipleOutputs1,test3,Complex Method,"designitejava,checkstyle",contrib/zebra/src/test/org/apache/hadoop/zebra/pig/TestMultipleOutputs1.java,contrib/zebra/src/test/org/apache/hadoop/zebra/pig/TestMultipleOutputs1.java.TestMultipleOutputs1.test3.Complex Method,0.8.0,0.12.1,0.13.0-rc0,21
pig,0.8.0,org.apache.hadoop.zebra.pig,TestMultipleOutputs2,test1,Complex Method,"designitejava,checkstyle",contrib/zebra/src/test/org/apache/hadoop/zebra/pig/TestMultipleOutputs2.java,contrib/zebra/src/test/org/apache/hadoop/zebra/pig/TestMultipleOutputs2.java.TestMultipleOutputs2.test1.Complex Method,0.8.0,0.12.1,0.13.0-rc0,21
pig,0.6.0-rc0,org.apache.hadoop.zebra.pig,TestOrderPreserveMultiTable,setUp,Complex Method,"designitejava,checkstyle",contrib/zebra/src/test/org/apache/hadoop/zebra/pig/TestOrderPreserveMultiTable.java,contrib/zebra/src/test/org/apache/hadoop/zebra/pig/TestOrderPreserveMultiTable.java.TestOrderPreserveMultiTable.setUp.Complex Method,0.6.0-rc0,0.6.0,0.7.0,2
pig,0.6.0-rc0,org.apache.hadoop.zebra.pig,TestOrderPreserveMultiTableGlob,setUp,Complex Method,"designitejava,checkstyle",contrib/zebra/src/test/org/apache/hadoop/zebra/pig/TestOrderPreserveMultiTableGlob.java,contrib/zebra/src/test/org/apache/hadoop/zebra/pig/TestOrderPreserveMultiTableGlob.java.TestOrderPreserveMultiTableGlob.setUp.Complex Method,0.6.0-rc0,0.6.0,0.7.0,2
pig,0.6.0-rc0,org.apache.hadoop.zebra.pig,TestTableLoaderPrune,setUp,Complex Method,"designitejava,checkstyle",contrib/zebra/src/test/org/apache/hadoop/zebra/pig/TestTableLoaderPrune.java,contrib/zebra/src/test/org/apache/hadoop/zebra/pig/TestTableLoaderPrune.java.TestTableLoaderPrune.setUp.Complex Method,0.6.0-rc0,0.6.0,0.7.0,2
pig,0.6.0-rc0,org.apache.hadoop.zebra.pig,TestTableMergeJoinMultipleColsSort,setUp,Complex Method,"designitejava,checkstyle",contrib/zebra/src/test/org/apache/hadoop/zebra/pig/TestTableMergeJoinMultipleColsSort.java,contrib/zebra/src/test/org/apache/hadoop/zebra/pig/TestTableMergeJoinMultipleColsSort.java.TestTableMergeJoinMultipleColsSort.setUp.Complex Method,0.6.0-rc0,0.12.1,0.13.0-rc0,24
pig,0.6.0-rc0,test.org.apache.hadoop.zebra.tfile,TestTFileByteArrays,,God Class,"pmd,checkstyle",contrib/zebra/src/test/org/apache/hadoop/zebra/tfile/TestTFileByteArrays.java,contrib/zebra/src/test/org/apache/hadoop/zebra/tfile/TestTFileByteArrays.java.TestTFileByteArrays..God Class,0.6.0-rc0,0.12.1,0.13.0-rc0,24
pig,0.6.0-rc0,org.apache.hadoop.zebra.types,TestColumnGroupName,testSchema,Feature Envy,"designitejava,checkstyle",contrib/zebra/src/test/org/apache/hadoop/zebra/types/TestColumnGroupName.java,contrib/zebra/src/test/org/apache/hadoop/zebra/types/TestColumnGroupName.java.TestColumnGroupName.testSchema.Feature Envy,0.6.0-rc0,0.12.1,0.13.0-rc0,24
pig,0.6.0-rc0,org.apache.hadoop.zebra.types,TestColumnGroupName,testStorageValid1,Complex Method,"designitejava,checkstyle",contrib/zebra/src/test/org/apache/hadoop/zebra/types/TestColumnGroupName.java,contrib/zebra/src/test/org/apache/hadoop/zebra/types/TestColumnGroupName.java.TestColumnGroupName.testStorageValid1.Complex Method,0.6.0-rc0,0.12.1,0.13.0-rc0,24
pig,0.6.0-rc0,test.org.apache.hadoop.zebra.types,TestColumnSecurity,,God Class,"pmd,checkstyle",contrib/zebra/src/test/org/apache/hadoop/zebra/types/TestColumnSecurity.java,contrib/zebra/src/test/org/apache/hadoop/zebra/types/TestColumnSecurity.java.TestColumnSecurity..God Class,0.6.0-rc0,0.6.0,0.7.0,2
pig,0.4.0-rc0,org.apache.hadoop.zebra.types,TestStorageMap,testStorageValid1,Complex Method,"designitejava,checkstyle",contrib/zebra/src/test/org/apache/hadoop/zebra/types/TestStorageMap.java,contrib/zebra/src/test/org/apache/hadoop/zebra/types/TestStorageMap.java.TestStorageMap.testStorageValid1.Complex Method,0.4.0-rc0,0.12.1,0.13.0-rc0,27
pig,0.4.0-rc0,org.apache.hadoop.zebra.types,TestStorageMap,testStorageValid2,Complex Method,"designitejava,checkstyle",contrib/zebra/src/test/org/apache/hadoop/zebra/types/TestStorageMap.java,contrib/zebra/src/test/org/apache/hadoop/zebra/types/TestStorageMap.java.TestStorageMap.testStorageValid2.Complex Method,0.4.0-rc0,0.12.1,0.13.0-rc0,27
pig,0.4.0-rc0,org.apache.hadoop.zebra.types,TestStorageMisc1,testSchema,Feature Envy,"designitejava,checkstyle",contrib/zebra/src/test/org/apache/hadoop/zebra/types/TestStorageMisc1.java,contrib/zebra/src/test/org/apache/hadoop/zebra/types/TestStorageMisc1.java.TestStorageMisc1.testSchema.Feature Envy,0.4.0-rc0,0.12.1,0.13.0-rc0,27
pig,0.4.0-rc0,org.apache.hadoop.zebra.types,TestStorageMisc2,testSchema,Feature Envy,"designitejava,checkstyle",contrib/zebra/src/test/org/apache/hadoop/zebra/types/TestStorageMisc2.java,contrib/zebra/src/test/org/apache/hadoop/zebra/types/TestStorageMisc2.java.TestStorageMisc2.testSchema.Feature Envy,0.4.0-rc0,0.12.1,0.13.0-rc0,27
pig,0.4.0-rc0,org.apache.hadoop.zebra.types,TestStorageRecord,testStorageValid1,Complex Method,"designitejava,checkstyle",contrib/zebra/src/test/org/apache/hadoop/zebra/types/TestStorageRecord.java,contrib/zebra/src/test/org/apache/hadoop/zebra/types/TestStorageRecord.java.TestStorageRecord.testStorageValid1.Complex Method,0.4.0-rc0,0.12.1,0.13.0-rc0,27
pig,0.7.0,org.apache.hadoop.zebra.types,TestStorageRecord2,testStorageValid1,Complex Method,"designitejava,checkstyle",contrib/zebra/src/test/org/apache/hadoop/zebra/types/TestStorageRecord2.java,contrib/zebra/src/test/org/apache/hadoop/zebra/types/TestStorageRecord2.java.TestStorageRecord2.testStorageValid1.Complex Method,0.7.0,0.12.1,0.13.0-rc0,22
pig,0.4.0-rc0,org.apache.hadoop.zebra.types,TestStorePrimitive,testSchema,Feature Envy,"designitejava,checkstyle",contrib/zebra/src/test/org/apache/hadoop/zebra/types/TestStorePrimitive.java,contrib/zebra/src/test/org/apache/hadoop/zebra/types/TestStorePrimitive.java.TestStorePrimitive.testSchema.Feature Envy,0.4.0-rc0,0.12.1,0.13.0-rc0,27
pig,0.4.0-rc0,org.apache.hadoop.zebra.types,TestStorePrimitive,testStorageValid1,Complex Method,"designitejava,checkstyle",contrib/zebra/src/test/org/apache/hadoop/zebra/types/TestStorePrimitive.java,contrib/zebra/src/test/org/apache/hadoop/zebra/types/TestStorePrimitive.java.TestStorePrimitive.testStorageValid1.Complex Method,0.4.0-rc0,0.12.1,0.13.0-rc0,27
pig,0.1.0,pig.pig-release-0.1.0.lib-src.bzip2.org.apache.tools.bzip2r,CBZip2InputStream,,God Class,"pmd,checkstyle",lib-src/bzip2/org/apache/tools/bzip2r/CBZip2InputStream.java,lib-src/bzip2/org/apache/tools/bzip2r/CBZip2InputStream.java.CBZip2InputStream..God Class,0.1.0,0.17.0,0.17.0,43
pig,0.1.0,org.apache.tools.bzip2r,CBZip2InputStream,getAndMoveToFrontDecode,Complex Method,"designitejava,checkstyle",lib-src/bzip2/org/apache/tools/bzip2r/CBZip2InputStream.java,lib-src/bzip2/org/apache/tools/bzip2r/CBZip2InputStream.java.CBZip2InputStream.getAndMoveToFrontDecode.Complex Method,0.1.0,0.17.0,0.17.0,43
pig,0.1.0,org.apache.tools.bzip2r,CBZip2InputStream,hbCreateDecodeTables,Long Parameter List,"designitejava,checkstyle",lib-src/bzip2/org/apache/tools/bzip2r/CBZip2InputStream.java,lib-src/bzip2/org/apache/tools/bzip2r/CBZip2InputStream.java.CBZip2InputStream.hbCreateDecodeTables.Long Parameter List,0.1.0,0.17.0,0.17.0,43
pig,0.1.0,org.apache.tools.bzip2r,CBZip2InputStream,initBlock,Complex Method,"designitejava,checkstyle",lib-src/bzip2/org/apache/tools/bzip2r/CBZip2InputStream.java,lib-src/bzip2/org/apache/tools/bzip2r/CBZip2InputStream.java.CBZip2InputStream.initBlock.Complex Method,0.1.0,0.17.0,0.17.0,43
pig,0.1.0,org.apache.tools.bzip2r,CBZip2InputStream,recvDecodingTables,Complex Method,"designitejava,checkstyle",lib-src/bzip2/org/apache/tools/bzip2r/CBZip2InputStream.java,lib-src/bzip2/org/apache/tools/bzip2r/CBZip2InputStream.java.CBZip2InputStream.recvDecodingTables.Complex Method,0.1.0,0.17.0,0.17.0,43
pig,0.1.0,pig.pig-release-0.1.0.lib-src.bzip2.org.apache.tools.bzip2r,CBZip2OutputStream,,God Class,"pmd,checkstyle",lib-src/bzip2/org/apache/tools/bzip2r/CBZip2OutputStream.java,lib-src/bzip2/org/apache/tools/bzip2r/CBZip2OutputStream.java.CBZip2OutputStream..God Class,0.1.0,0.17.0,0.17.0,43
pig,0.1.0,org.apache.tools.bzip2r,CBZip2OutputStream,fullGtU,Complex Method,"designitejava,checkstyle",lib-src/bzip2/org/apache/tools/bzip2r/CBZip2OutputStream.java,lib-src/bzip2/org/apache/tools/bzip2r/CBZip2OutputStream.java.CBZip2OutputStream.fullGtU.Complex Method,0.1.0,0.17.0,0.17.0,43
pig,0.1.0,org.apache.tools.bzip2r,CBZip2OutputStream,generateMTFValues,Complex Method,"designitejava,checkstyle",lib-src/bzip2/org/apache/tools/bzip2r/CBZip2OutputStream.java,lib-src/bzip2/org/apache/tools/bzip2r/CBZip2OutputStream.java.CBZip2OutputStream.generateMTFValues.Complex Method,0.1.0,0.17.0,0.17.0,43
pig,0.1.0,org.apache.tools.bzip2r,CBZip2OutputStream,hbMakeCodeLengths,Complex Method,"designitejava,checkstyle",lib-src/bzip2/org/apache/tools/bzip2r/CBZip2OutputStream.java,lib-src/bzip2/org/apache/tools/bzip2r/CBZip2OutputStream.java.CBZip2OutputStream.hbMakeCodeLengths.Complex Method,0.1.0,0.17.0,0.17.0,43
pig,0.1.0,org.apache.tools.bzip2r,CBZip2OutputStream,mainSort,Complex Method,"designitejava,checkstyle",lib-src/bzip2/org/apache/tools/bzip2r/CBZip2OutputStream.java,lib-src/bzip2/org/apache/tools/bzip2r/CBZip2OutputStream.java.CBZip2OutputStream.mainSort.Complex Method,0.1.0,0.17.0,0.17.0,43
pig,0.1.0,org.apache.tools.bzip2r,CBZip2OutputStream,qSort3,Complex Method,"designitejava,checkstyle",lib-src/bzip2/org/apache/tools/bzip2r/CBZip2OutputStream.java,lib-src/bzip2/org/apache/tools/bzip2r/CBZip2OutputStream.java.CBZip2OutputStream.qSort3.Complex Method,0.1.0,0.17.0,0.17.0,43
pig,0.1.0,org.apache.tools.bzip2r,CBZip2OutputStream,sendMTFValues,Complex Method,"designitejava,checkstyle",lib-src/bzip2/org/apache/tools/bzip2r/CBZip2OutputStream.java,lib-src/bzip2/org/apache/tools/bzip2r/CBZip2OutputStream.java.CBZip2OutputStream.sendMTFValues.Complex Method,0.1.0,0.17.0,0.17.0,43
pig,0.1.0,org.apache.tools.bzip2r,CBZip2OutputStream,simpleSort,Complex Method,"designitejava,checkstyle",lib-src/bzip2/org/apache/tools/bzip2r/CBZip2OutputStream.java,lib-src/bzip2/org/apache/tools/bzip2r/CBZip2OutputStream.java.CBZip2OutputStream.simpleSort.Complex Method,0.1.0,0.17.0,0.17.0,43
pig,0.11.0-rc0,org.apache.pig.backend.hadoop23,PigJobControl,run,Complex Method,"designitejava,checkstyle",shims/src/hadoop23/org/apache/pig/backend/hadoop23/PigJobControl.java,shims/src/hadoop23/org/apache/pig/backend/hadoop23/PigJobControl.java.PigJobControl.run.Complex Method,0.11.0-rc0,0.16.0,0.17.0-rc0,16
pig,0.7.0,org.apache.pig,FuncSpec,equals,Complex Method,"designitejava,pmd,checkstyle",src/org/apache/pig/FuncSpec.java,src/org/apache/pig/FuncSpec.java.FuncSpec.equals.Complex Method,0.7.0,0.17.0,0.17.0,32
pig,0.7.0,org.apache.pig,LoadFunc,getAbsolutePath,Complex Method,"designitejava,pmd,checkstyle",src/org/apache/pig/LoadFunc.java,src/org/apache/pig/LoadFunc.java.LoadFunc.getAbsolutePath.Complex Method,0.7.0,0.17.0,0.17.0,32
pig,0.1.0,org.apache.pig,Main,main,Complex Method,"designitejava,pmd,checkstyle",src/org/apache/pig/Main.java,src/org/apache/pig/Main.java.Main.main.Complex Method,0.1.0,0.7.0,0.8.0,12
pig,0.8.0,org.apache.pig,Main,run,Complex Method,"designitejava,pmd,checkstyle",src/org/apache/pig/Main.java,src/org/apache/pig/Main.java.Main.run.Complex Method,0.8.0,0.17.0,0.17.0,31
pig,0.2.0-rc0,org.apache.pig,Main,validateLogFile,Complex Method,"designitejava,pmd,checkstyle",src/org/apache/pig/Main.java,src/org/apache/pig/Main.java.Main.validateLogFile.Complex Method,0.2.0-rc0,0.17.0,0.17.0,40
pig,0.3.0,org.apache.pig,PigServer,explain,Long Parameter List,"designitejava,checkstyle",src/org/apache/pig/PigServer.java,src/org/apache/pig/PigServer.java.PigServer.explain.Long Parameter List,0.3.0,0.17.0,0.17.0,38
pig,0.9.0-rc0,org.apache.pig,PigServer,locateJarFromResources,Complex Method,"designitejava,pmd,checkstyle",src/org/apache/pig/PigServer.java,src/org/apache/pig/PigServer.java.PigServer.locateJarFromResources.Complex Method,0.9.0-rc0,0.9.2,0.10.0-rc0,6
pig,0.7.0,org.apache.pig,ResourceSchema,equals,Complex Method,"designitejava,checkstyle",src/org/apache/pig/ResourceSchema.java,src/org/apache/pig/ResourceSchema.java.ResourceSchema.equals.Complex Method,0.7.0,0.17.0,0.17.0,32
pig,0.11.0-rc0,org.apache.pig,TypedOutputEvalFunc,getTypeArguments,Complex Method,"designitejava,pmd",src/org/apache/pig/TypedOutputEvalFunc.java,src/org/apache/pig/TypedOutputEvalFunc.java.TypedOutputEvalFunc.getTypeArguments.Complex Method,0.11.0-rc0,0.17.0,0.17.0,18
pig,0.13.0-rc0,org.apache.pig.backend.executionengine,ExecutionEngine,explain,Long Parameter List,"designitejava,checkstyle",src/org/apache/pig/backend/executionengine/ExecutionEngine.java,src/org/apache/pig/backend/executionengine/ExecutionEngine.java.ExecutionEngine.explain.Long Parameter List,0.13.0-rc0,0.17.0,0.17.0,10
pig,0.6.0-rc0,org.apache.pig.backend.executionengine,PigSlice,init,Complex Method,"designitejava,pmd,checkstyle",src/org/apache/pig/backend/executionengine/PigSlice.java,src/org/apache/pig/backend/executionengine/PigSlice.java.PigSlice.init.Complex Method,0.6.0-rc0,0.6.0,0.7.0,2
pig,0.1.0,org.apache.pig.backend.executionengine,PigSlicer,slice,Complex Method,"designitejava,pmd",src/org/apache/pig/backend/executionengine/PigSlicer.java,src/org/apache/pig/backend/executionengine/PigSlicer.java.PigSlicer.slice.Complex Method,0.1.0,0.6.0,0.7.0,11
pig,0.16.0-rc0,org.apache.pig.backend.hadoop,HDataType,getNewWritableComparable,Complex Method,"designitejava,checkstyle",src/org/apache/pig/backend/hadoop/HDataType.java,src/org/apache/pig/backend/hadoop/HDataType.java.HDataType.getNewWritableComparable.Complex Method,0.16.0-rc0,0.17.0,0.17.0,4
pig,0.2.0-rc0,org.apache.pig.backend.hadoop,HDataType,getWritableComparableTypes,Complex Method,"designitejava,checkstyle",src/org/apache/pig/backend/hadoop/HDataType.java,src/org/apache/pig/backend/hadoop/HDataType.java.HDataType.getWritableComparableTypes.Complex Method,0.2.0-rc0,0.17.0,0.17.0,40
pig,0.17.0-rc0,org.apache.pig.backend.hadoop,PigJobControl,run,Complex Method,"designitejava,pmd,checkstyle",src/org/apache/pig/backend/hadoop/PigJobControl.java,src/org/apache/pig/backend/hadoop/PigJobControl.java.PigJobControl.run.Complex Method,0.17.0-rc0,0.17.0,0.17.0,2
pig,0.13.0-rc0,org.apache.pig.backend.hadoop.accumulo,AbstractAccumuloStorage,,God Class,"pmd,checkstyle",src/org/apache/pig/backend/hadoop/accumulo/AbstractAccumuloStorage.java,src/org/apache/pig/backend/hadoop/accumulo/AbstractAccumuloStorage.java.AbstractAccumuloStorage..God Class,0.13.0-rc0,0.17.0,0.17.0,10
pig,0.13.0-rc0,org.apache.pig.backend.hadoop.accumulo,AbstractAccumuloStorage,extractArgs,Complex Method,"designitejava,pmd,checkstyle",src/org/apache/pig/backend/hadoop/accumulo/AbstractAccumuloStorage.java,src/org/apache/pig/backend/hadoop/accumulo/AbstractAccumuloStorage.java.AbstractAccumuloStorage.extractArgs.Complex Method,0.13.0-rc0,0.17.0,0.17.0,10
pig,0.13.0-rc0,org.apache.pig.backend.hadoop.accumulo,AbstractAccumuloStorage,objToBytes,Complex Method,"designitejava,checkstyle",src/org/apache/pig/backend/hadoop/accumulo/AbstractAccumuloStorage.java,src/org/apache/pig/backend/hadoop/accumulo/AbstractAccumuloStorage.java.AbstractAccumuloStorage.objToBytes.Complex Method,0.13.0-rc0,0.17.0,0.17.0,10
pig,0.13.0-rc0,org.apache.pig.backend.hadoop.accumulo,AbstractAccumuloStorage,setLocationFromUri,Complex Method,"designitejava,pmd,checkstyle",src/org/apache/pig/backend/hadoop/accumulo/AbstractAccumuloStorage.java,src/org/apache/pig/backend/hadoop/accumulo/AbstractAccumuloStorage.java.AbstractAccumuloStorage.setLocationFromUri.Complex Method,0.13.0-rc0,0.17.0,0.17.0,10
pig,0.13.0-rc0,org.apache.pig.backend.hadoop.accumulo,AccumuloStorage,getMutations,Complex Method,"designitejava,pmd,checkstyle",src/org/apache/pig/backend/hadoop/accumulo/AccumuloStorage.java,src/org/apache/pig/backend/hadoop/accumulo/AccumuloStorage.java.AccumuloStorage.getMutations.Complex Method,0.13.0-rc0,0.17.0,0.17.0,10
pig,0.13.0-rc0,org.apache.pig.backend.hadoop.accumulo,AccumuloStorage,getTuple,Complex Method,"designitejava,pmd,checkstyle",src/org/apache/pig/backend/hadoop/accumulo/AccumuloStorage.java,src/org/apache/pig/backend/hadoop/accumulo/AccumuloStorage.java.AccumuloStorage.getTuple.Complex Method,0.13.0-rc0,0.17.0,0.17.0,10
pig,0.1.0,org.apache.pig.backend.hadoop.executionengine,HExecutionEngine,,God Class,"pmd,checkstyle",src/org/apache/pig/backend/hadoop/executionengine/HExecutionEngine.java,src/org/apache/pig/backend/hadoop/executionengine/HExecutionEngine.java.HExecutionEngine..God Class,0.1.0,0.17.0,0.17.0,43
pig,0.13.0-rc0,org.apache.pig.backend.hadoop.executionengine,HExecutionEngine,explain,Long Parameter List,"designitejava,checkstyle",src/org/apache/pig/backend/hadoop/executionengine/HExecutionEngine.java,src/org/apache/pig/backend/hadoop/executionengine/HExecutionEngine.java.HExecutionEngine.explain.Long Parameter List,0.13.0-rc0,0.17.0,0.17.0,10
pig,0.1.0,org.apache.pig.backend.hadoop.executionengine,HExecutionEngine,init,Complex Method,"designitejava,pmd,checkstyle",src/org/apache/pig/backend/hadoop/executionengine/HExecutionEngine.java,src/org/apache/pig/backend/hadoop/executionengine/HExecutionEngine.java.HExecutionEngine.init.Complex Method,0.1.0,0.16.0,0.17.0-rc0,41
pig,0.13.0-rc0,org.apache.pig.backend.hadoop.executionengine,Launcher,getErrorMessages,Complex Method,"designitejava,pmd,checkstyle",src/org/apache/pig/backend/hadoop/executionengine/Launcher.java,src/org/apache/pig/backend/hadoop/executionengine/Launcher.java.Launcher.getErrorMessages.Complex Method,0.13.0-rc0,0.17.0,0.17.0,10
pig,0.13.0-rc0,org.apache.pig.backend.hadoop.executionengine,Launcher,getExceptionFromStrings,Complex Method,"designitejava,pmd,checkstyle",src/org/apache/pig/backend/hadoop/executionengine/Launcher.java,src/org/apache/pig/backend/hadoop/executionengine/Launcher.java.Launcher.getExceptionFromStrings.Complex Method,0.13.0-rc0,0.17.0,0.17.0,10
pig,0.1.0,org.apache.pig.backend.hadoop.executionengine,MapreducePlanCompiler,compile,Complex Method,"designitejava,checkstyle",src/org/apache/pig/backend/hadoop/executionengine/MapreducePlanCompiler.java,src/org/apache/pig/backend/hadoop/executionengine/MapreducePlanCompiler.java.MapreducePlanCompiler.compile.Complex Method,0.1.0,0.1.1,0.2.0-rc0,3
pig,0.1.0,org.apache.pig.backend.hadoop.executionengine,MapreducePlanCompiler,getQuantileJob,Long Parameter List,"designitejava,checkstyle",src/org/apache/pig/backend/hadoop/executionengine/MapreducePlanCompiler.java,src/org/apache/pig/backend/hadoop/executionengine/MapreducePlanCompiler.java.MapreducePlanCompiler.getQuantileJob.Long Parameter List,0.1.0,0.1.1,0.2.0-rc0,3
pig,0.1.0,org.apache.pig.backend.hadoop.executionengine,MapreducePlanCompiler,getSortJob,Long Parameter List,"designitejava,checkstyle",src/org/apache/pig/backend/hadoop/executionengine/MapreducePlanCompiler.java,src/org/apache/pig/backend/hadoop/executionengine/MapreducePlanCompiler.java.MapreducePlanCompiler.getSortJob.Long Parameter List,0.1.0,0.1.1,0.2.0-rc0,3
pig,0.6.0-rc0,org.apache.pig.backend.hadoop.executionengine.mapReduceLayer,AccumulatorOptimizer,check,Complex Method,"designitejava,pmd,checkstyle",src/org/apache/pig/backend/hadoop/executionengine/mapReduceLayer/AccumulatorOptimizer.java,src/org/apache/pig/backend/hadoop/executionengine/mapReduceLayer/AccumulatorOptimizer.java.AccumulatorOptimizer.check.Complex Method,0.6.0-rc0,0.13.0,0.14.0-rc0,26
pig,0.6.0-rc0,org.apache.pig.backend.hadoop.executionengine.mapReduceLayer,AccumulatorOptimizer,checkUDFInput,Complex Method,"designitejava,pmd,checkstyle",src/org/apache/pig/backend/hadoop/executionengine/mapReduceLayer/AccumulatorOptimizer.java,src/org/apache/pig/backend/hadoop/executionengine/mapReduceLayer/AccumulatorOptimizer.java.AccumulatorOptimizer.checkUDFInput.Complex Method,0.6.0-rc0,0.13.0,0.14.0-rc0,26
pig,0.6.0-rc0,org.apache.pig.backend.hadoop.executionengine.mapReduceLayer,AccumulatorOptimizer,visitMROp,Complex Method,"designitejava,pmd,checkstyle",src/org/apache/pig/backend/hadoop/executionengine/mapReduceLayer/AccumulatorOptimizer.java,src/org/apache/pig/backend/hadoop/executionengine/mapReduceLayer/AccumulatorOptimizer.java.AccumulatorOptimizer.visitMROp.Complex Method,0.6.0-rc0,0.13.0,0.14.0-rc0,26
pig,0.2.0-rc0,org.apache.pig.backend.hadoop.executionengine.mapReduceLayer,CombinerOptimizer,algebraic,Complex Method,"designitejava,pmd,checkstyle",src/org/apache/pig/backend/hadoop/executionengine/mapReduceLayer/CombinerOptimizer.java,src/org/apache/pig/backend/hadoop/executionengine/mapReduceLayer/CombinerOptimizer.java.CombinerOptimizer.algebraic.Complex Method,0.2.0-rc0,0.8.1,0.9.0-rc0,12
pig,0.9.0-rc0,org.apache.pig.backend.hadoop.executionengine.mapReduceLayer,CombinerOptimizer,findAlgebraicOps,Complex Method,"designitejava,pmd,checkstyle",src/org/apache/pig/backend/hadoop/executionengine/mapReduceLayer/CombinerOptimizer.java,src/org/apache/pig/backend/hadoop/executionengine/mapReduceLayer/CombinerOptimizer.java.CombinerOptimizer.findAlgebraicOps.Complex Method,0.9.0-rc0,0.13.0,0.14.0-rc0,20
pig,0.2.0-rc0,org.apache.pig.backend.hadoop.executionengine.mapReduceLayer,CombinerOptimizer,fixUpForeachs,Complex Method,"designitejava,pmd,checkstyle",src/org/apache/pig/backend/hadoop/executionengine/mapReduceLayer/CombinerOptimizer.java,src/org/apache/pig/backend/hadoop/executionengine/mapReduceLayer/CombinerOptimizer.java.CombinerOptimizer.fixUpForeachs.Complex Method,0.2.0-rc0,0.8.1,0.9.0-rc0,12
pig,0.2.0-rc0,org.apache.pig.backend.hadoop.executionengine.mapReduceLayer,CombinerOptimizer,visitMROp,Complex Method,"designitejava,pmd,checkstyle",src/org/apache/pig/backend/hadoop/executionengine/mapReduceLayer/CombinerOptimizer.java,src/org/apache/pig/backend/hadoop/executionengine/mapReduceLayer/CombinerOptimizer.java.CombinerOptimizer.visitMROp.Complex Method,0.2.0-rc0,0.13.0,0.14.0-rc0,32
pig,0.11.0-rc0,org.apache.pig.backend.hadoop.executionengine.mapReduceLayer,InputSizeReducerEstimator,getTotalInputFileSize,Complex Method,"designitejava,pmd",src/org/apache/pig/backend/hadoop/executionengine/mapReduceLayer/InputSizeReducerEstimator.java,src/org/apache/pig/backend/hadoop/executionengine/mapReduceLayer/InputSizeReducerEstimator.java.InputSizeReducerEstimator.getTotalInputFileSize.Complex Method,0.11.0-rc0,0.17.0,0.17.0,18
pig,0.3.0,org.apache.pig.backend.hadoop.executionengine.mapReduceLayer,JobControlCompiler,,God Class,"pmd,checkstyle",src/org/apache/pig/backend/hadoop/executionengine/mapReduceLayer/JobControlCompiler.java,src/org/apache/pig/backend/hadoop/executionengine/mapReduceLayer/JobControlCompiler.java.JobControlCompiler..God Class,0.3.0,0.17.0,0.17.0,38
pig,0.3.0,org.apache.pig.backend.hadoop.executionengine.mapReduceLayer,JobControlCompiler,getJob,Complex Method,"designitejava,pmd,checkstyle",src/org/apache/pig/backend/hadoop/executionengine/mapReduceLayer/JobControlCompiler.java,src/org/apache/pig/backend/hadoop/executionengine/mapReduceLayer/JobControlCompiler.java.JobControlCompiler.getJob.Complex Method,0.3.0,0.17.0,0.17.0,38
pig,0.2.0-rc0,org.apache.pig.backend.hadoop.executionengine.mapReduceLayer,JobControlCompiler,getJobConf,Complex Method,"designitejava,pmd,checkstyle",src/org/apache/pig/backend/hadoop/executionengine/mapReduceLayer/JobControlCompiler.java,src/org/apache/pig/backend/hadoop/executionengine/mapReduceLayer/JobControlCompiler.java.JobControlCompiler.getJobConf.Complex Method,0.2.0-rc0,0.2.0,0.3.0,2
pig,0.8.0,org.apache.pig.backend.hadoop.executionengine.mapReduceLayer,JobControlCompiler,getTotalInputFileSize,Complex Method,"designitejava,pmd",src/org/apache/pig/backend/hadoop/executionengine/mapReduceLayer/JobControlCompiler.java,src/org/apache/pig/backend/hadoop/executionengine/mapReduceLayer/JobControlCompiler.java.JobControlCompiler.getTotalInputFileSize.Complex Method,0.8.0,0.10.1,0.11.0-rc0,13
pig,0.2.0-rc0,org.apache.pig.backend.hadoop.executionengine.mapReduceLayer,JobControlCompiler,selectComparator,Complex Method,"designitejava,checkstyle",src/org/apache/pig/backend/hadoop/executionengine/mapReduceLayer/JobControlCompiler.java,src/org/apache/pig/backend/hadoop/executionengine/mapReduceLayer/JobControlCompiler.java.JobControlCompiler.selectComparator.Complex Method,0.2.0-rc0,0.17.0,0.17.0,40
pig,0.8.1-rc0,org.apache.pig.backend.hadoop.executionengine.mapReduceLayer,KeyTypeDiscoveryVisitor,visitMROp,Complex Method,"designitejava,pmd",src/org/apache/pig/backend/hadoop/executionengine/mapReduceLayer/KeyTypeDiscoveryVisitor.java,src/org/apache/pig/backend/hadoop/executionengine/mapReduceLayer/KeyTypeDiscoveryVisitor.java.KeyTypeDiscoveryVisitor.visitMROp.Complex Method,0.8.1-rc0,0.17.0,0.17.0,30
pig,0.2.0-rc0,org.apache.pig.backend.hadoop.executionengine.mapReduceLayer,Launcher,getErrorMessages,Complex Method,"designitejava,pmd,checkstyle",src/org/apache/pig/backend/hadoop/executionengine/mapReduceLayer/Launcher.java,src/org/apache/pig/backend/hadoop/executionengine/mapReduceLayer/Launcher.java.Launcher.getErrorMessages.Complex Method,0.2.0-rc0,0.12.1,0.13.0-rc0,30
pig,0.2.0-rc0,org.apache.pig.backend.hadoop.executionengine.mapReduceLayer,Launcher,getExceptionFromStrings,Complex Method,"designitejava,pmd,checkstyle",src/org/apache/pig/backend/hadoop/executionengine/mapReduceLayer/Launcher.java,src/org/apache/pig/backend/hadoop/executionengine/mapReduceLayer/Launcher.java.Launcher.getExceptionFromStrings.Complex Method,0.2.0-rc0,0.12.1,0.13.0-rc0,30
pig,0.6.0-rc0,org.apache.pig.backend.hadoop.executionengine.mapReduceLayer,Launcher,getExceptionFromStrings,Long Method,"Decor,designitejava",src/org/apache/pig/backend/hadoop/executionengine/mapReduceLayer/Launcher.java,src/org/apache/pig/backend/hadoop/executionengine/mapReduceLayer/Launcher.java.Launcher.getExceptionFromStrings.Long Method,0.6.0-rc0,0.12.1,0.13.0-rc0,24
pig,0.9.1-rc0,org.apache.pig.backend.hadoop.executionengine.mapReduceLayer,LimitAdjuster,adjust,Complex Method,"designitejava,pmd,checkstyle",src/org/apache/pig/backend/hadoop/executionengine/mapReduceLayer/LimitAdjuster.java,src/org/apache/pig/backend/hadoop/executionengine/mapReduceLayer/LimitAdjuster.java.LimitAdjuster.adjust.Complex Method,0.9.1-rc0,0.17.0,0.17.0,26
pig,0.2.0-rc0,org.apache.pig.backend.hadoop.executionengine.mapReduceLayer,LocalLauncher,launchPig,Complex Method,"designitejava,pmd",src/org/apache/pig/backend/hadoop/executionengine/mapReduceLayer/LocalLauncher.java,src/org/apache/pig/backend/hadoop/executionengine/mapReduceLayer/LocalLauncher.java.LocalLauncher.launchPig.Complex Method,0.2.0-rc0,0.2.0,0.3.0,2
pig,0.2.0-rc0,org.apache.pig.backend.hadoop.executionengine.mapReduceLayer,LocalLauncher,launchPigWithCombinePlan,Complex Method,"designitejava,pmd",src/org/apache/pig/backend/hadoop/executionengine/mapReduceLayer/LocalLauncher.java,src/org/apache/pig/backend/hadoop/executionengine/mapReduceLayer/LocalLauncher.java.LocalLauncher.launchPigWithCombinePlan.Complex Method,0.2.0-rc0,0.2.0,0.3.0,2
pig,0.2.0-rc0,org.apache.pig.backend.hadoop.executionengine.mapReduceLayer,MRCompiler,,God Class,"pmd,checkstyle",src/org/apache/pig/backend/hadoop/executionengine/mapReduceLayer/MRCompiler.java,src/org/apache/pig/backend/hadoop/executionengine/mapReduceLayer/MRCompiler.java.MRCompiler..God Class,0.2.0-rc0,0.17.0,0.17.0,40
pig,0.8.0,org.apache.pig.backend.hadoop.executionengine.mapReduceLayer,MRCompiler,aggregateScalarsFiles,Complex Method,"designitejava,pmd,checkstyle",src/org/apache/pig/backend/hadoop/executionengine/mapReduceLayer/MRCompiler.java,src/org/apache/pig/backend/hadoop/executionengine/mapReduceLayer/MRCompiler.java.MRCompiler.aggregateScalarsFiles.Complex Method,0.8.0,0.17.0,0.17.0,31
pig,0.3.0,org.apache.pig.backend.hadoop.executionengine.mapReduceLayer,MRCompiler,compile,Complex Method,"designitejava,pmd",src/org/apache/pig/backend/hadoop/executionengine/mapReduceLayer/MRCompiler.java,src/org/apache/pig/backend/hadoop/executionengine/mapReduceLayer/MRCompiler.java.MRCompiler.compile.Complex Method,0.3.0,0.17.0,0.17.0,38
pig,0.2.0-rc0,org.apache.pig.backend.hadoop.executionengine.mapReduceLayer,MRCompiler,getQuantileJob,Complex Method,"designitejava,pmd,checkstyle",src/org/apache/pig/backend/hadoop/executionengine/mapReduceLayer/MRCompiler.java,src/org/apache/pig/backend/hadoop/executionengine/mapReduceLayer/MRCompiler.java.MRCompiler.getQuantileJob.Complex Method,0.2.0-rc0,0.3.0,0.4.0-rc0,3
pig,0.2.0-rc0,org.apache.pig.backend.hadoop.executionengine.mapReduceLayer,MRCompiler,getQuantileJob,Long Parameter List,"designitejava,checkstyle",src/org/apache/pig/backend/hadoop/executionengine/mapReduceLayer/MRCompiler.java,src/org/apache/pig/backend/hadoop/executionengine/mapReduceLayer/MRCompiler.java.MRCompiler.getQuantileJob.Long Parameter List,0.2.0-rc0,0.17.0,0.17.0,40
pig,0.4.0-rc0,org.apache.pig.backend.hadoop.executionengine.mapReduceLayer,MRCompiler,getSamplingJob,Complex Method,"designitejava,pmd,checkstyle",src/org/apache/pig/backend/hadoop/executionengine/mapReduceLayer/MRCompiler.java,src/org/apache/pig/backend/hadoop/executionengine/mapReduceLayer/MRCompiler.java.MRCompiler.getSamplingJob.Complex Method,0.4.0-rc0,0.17.0,0.17.0,37
pig,0.4.0-rc0,org.apache.pig.backend.hadoop.executionengine.mapReduceLayer,MRCompiler,getSamplingJob,Long Parameter List,"designitejava,checkstyle",src/org/apache/pig/backend/hadoop/executionengine/mapReduceLayer/MRCompiler.java,src/org/apache/pig/backend/hadoop/executionengine/mapReduceLayer/MRCompiler.java.MRCompiler.getSamplingJob.Long Parameter List,0.4.0-rc0,0.17.0,0.17.0,37
pig,0.2.0-rc0,org.apache.pig.backend.hadoop.executionengine.mapReduceLayer,MRCompiler,getSortJob,Complex Method,"pmd,checkstyle",src/org/apache/pig/backend/hadoop/executionengine/mapReduceLayer/MRCompiler.java,src/org/apache/pig/backend/hadoop/executionengine/mapReduceLayer/MRCompiler.java.MRCompiler.getSortJob.Complex Method,0.2.0-rc0,0.17.0,0.17.0,40
pig,0.2.0-rc0,org.apache.pig.backend.hadoop.executionengine.mapReduceLayer,MRCompiler,getSortJob,Long Parameter List,"designitejava,checkstyle",src/org/apache/pig/backend/hadoop/executionengine/mapReduceLayer/MRCompiler.java,src/org/apache/pig/backend/hadoop/executionengine/mapReduceLayer/MRCompiler.java.MRCompiler.getSortJob.Long Parameter List,0.2.0-rc0,0.17.0,0.17.0,40
pig,0.8.0,org.apache.pig.backend.hadoop.executionengine.mapReduceLayer,MRCompiler,hasTooManyInputFiles,Complex Method,"designitejava,pmd,checkstyle",src/org/apache/pig/backend/hadoop/executionengine/mapReduceLayer/MRCompiler.java,src/org/apache/pig/backend/hadoop/executionengine/mapReduceLayer/MRCompiler.java.MRCompiler.hasTooManyInputFiles.Complex Method,0.8.0,0.17.0,0.17.0,31
pig,0.2.0-rc0,org.apache.pig.backend.hadoop.executionengine.mapReduceLayer,MRCompiler,merge,Complex Method,"designitejava,pmd",src/org/apache/pig/backend/hadoop/executionengine/mapReduceLayer/MRCompiler.java,src/org/apache/pig/backend/hadoop/executionengine/mapReduceLayer/MRCompiler.java.MRCompiler.merge.Complex Method,0.2.0-rc0,0.17.0,0.17.0,40
pig,0.7.0,org.apache.pig.backend.hadoop.executionengine.mapReduceLayer,MRCompiler,visitCollectedGroup,Complex Method,"designitejava,pmd,checkstyle",src/org/apache/pig/backend/hadoop/executionengine/mapReduceLayer/MRCompiler.java,src/org/apache/pig/backend/hadoop/executionengine/mapReduceLayer/MRCompiler.java.MRCompiler.visitCollectedGroup.Complex Method,0.7.0,0.17.0,0.17.0,32
pig,0.2.0-rc0,org.apache.pig.backend.hadoop.executionengine.mapReduceLayer,MRCompiler,visitFRJoin,Complex Method,"designitejava,pmd,checkstyle",src/org/apache/pig/backend/hadoop/executionengine/mapReduceLayer/MRCompiler.java,src/org/apache/pig/backend/hadoop/executionengine/mapReduceLayer/MRCompiler.java.MRCompiler.visitFRJoin.Complex Method,0.2.0-rc0,0.17.0,0.17.0,40
pig,0.8.0,org.apache.pig.backend.hadoop.executionengine.mapReduceLayer,MRCompiler,visitMergeCoGroup,Complex Method,"designitejava,pmd,checkstyle",src/org/apache/pig/backend/hadoop/executionengine/mapReduceLayer/MRCompiler.java,src/org/apache/pig/backend/hadoop/executionengine/mapReduceLayer/MRCompiler.java.MRCompiler.visitMergeCoGroup.Complex Method,0.8.0,0.17.0,0.17.0,31
pig,0.4.0-rc0,org.apache.pig.backend.hadoop.executionengine.mapReduceLayer,MRCompiler,visitMergeJoin,Complex Method,"designitejava,pmd,checkstyle",src/org/apache/pig/backend/hadoop/executionengine/mapReduceLayer/MRCompiler.java,src/org/apache/pig/backend/hadoop/executionengine/mapReduceLayer/MRCompiler.java.MRCompiler.visitMergeJoin.Complex Method,0.4.0-rc0,0.17.0,0.17.0,37
pig,0.4.0-rc0,org.apache.pig.backend.hadoop.executionengine.mapReduceLayer,MRCompiler,visitSkewedJoin,Complex Method,"designitejava,pmd,checkstyle",src/org/apache/pig/backend/hadoop/executionengine/mapReduceLayer/MRCompiler.java,src/org/apache/pig/backend/hadoop/executionengine/mapReduceLayer/MRCompiler.java.MRCompiler.visitSkewedJoin.Complex Method,0.4.0-rc0,0.17.0,0.17.0,37
pig,0.2.0-rc0,org.apache.pig.backend.hadoop.executionengine.mapReduceLayer,MapReduceLauncher,launchPig,Complex Method,"designitejava,pmd,checkstyle",src/org/apache/pig/backend/hadoop/executionengine/mapReduceLayer/MapReduceLauncher.java,src/org/apache/pig/backend/hadoop/executionengine/mapReduceLayer/MapReduceLauncher.java.MapReduceLauncher.launchPig.Complex Method,0.2.0-rc0,0.17.0,0.17.0,40
pig,0.7.0,org.apache.pig.backend.hadoop.executionengine.mapReduceLayer,MergeJoinIndexer,getNext,Complex Method,"designitejava,pmd,checkstyle",src/org/apache/pig/backend/hadoop/executionengine/mapReduceLayer/MergeJoinIndexer.java,src/org/apache/pig/backend/hadoop/executionengine/mapReduceLayer/MergeJoinIndexer.java.MergeJoinIndexer.getNext.Complex Method,0.7.0,0.17.0,0.17.0,32
pig,0.3.0,org.apache.pig.backend.hadoop.executionengine.mapReduceLayer,MultiQueryOptimizer,,God Class,"pmd,checkstyle",src/org/apache/pig/backend/hadoop/executionengine/mapReduceLayer/MultiQueryOptimizer.java,src/org/apache/pig/backend/hadoop/executionengine/mapReduceLayer/MultiQueryOptimizer.java.MultiQueryOptimizer..God Class,0.3.0,0.17.0,0.17.0,38
pig,0.8.0,org.apache.pig.backend.hadoop.executionengine.mapReduceLayer,MultiQueryOptimizer,getMergeList,Complex Method,"designitejava,pmd",src/org/apache/pig/backend/hadoop/executionengine/mapReduceLayer/MultiQueryOptimizer.java,src/org/apache/pig/backend/hadoop/executionengine/mapReduceLayer/MultiQueryOptimizer.java.MultiQueryOptimizer.getMergeList.Complex Method,0.8.0,0.17.0,0.17.0,31
pig,0.6.0-rc0,org.apache.pig.backend.hadoop.executionengine.mapReduceLayer,MultiQueryOptimizer,mergeDiamondMROper,Complex Method,"designitejava,pmd,checkstyle",src/org/apache/pig/backend/hadoop/executionengine/mapReduceLayer/MultiQueryOptimizer.java,src/org/apache/pig/backend/hadoop/executionengine/mapReduceLayer/MultiQueryOptimizer.java.MultiQueryOptimizer.mergeDiamondMROper.Complex Method,0.6.0-rc0,0.17.0,0.17.0,34
pig,0.3.0,org.apache.pig.backend.hadoop.executionengine.mapReduceLayer,MultiQueryOptimizer,removeAndReconnect,Complex Method,"designitejava,pmd",src/org/apache/pig/backend/hadoop/executionengine/mapReduceLayer/MultiQueryOptimizer.java,src/org/apache/pig/backend/hadoop/executionengine/mapReduceLayer/MultiQueryOptimizer.java.MultiQueryOptimizer.removeAndReconnect.Complex Method,0.3.0,0.17.0,0.17.0,38
pig,0.3.0,org.apache.pig.backend.hadoop.executionengine.mapReduceLayer,MultiQueryOptimizer,visitMROp,Complex Method,"designitejava,pmd,checkstyle",src/org/apache/pig/backend/hadoop/executionengine/mapReduceLayer/MultiQueryOptimizer.java,src/org/apache/pig/backend/hadoop/executionengine/mapReduceLayer/MultiQueryOptimizer.java.MultiQueryOptimizer.visitMROp.Complex Method,0.3.0,0.17.0,0.17.0,38
pig,0.12.0-rc0,org.apache.pig.backend.hadoop.executionengine.mapReduceLayer,PigBigDecimalRawComparator,compare,Long Parameter List,"designitejava,checkstyle",src/org/apache/pig/backend/hadoop/executionengine/mapReduceLayer/PigBigDecimalRawComparator.java,src/org/apache/pig/backend/hadoop/executionengine/mapReduceLayer/PigBigDecimalRawComparator.java.PigBigDecimalRawComparator.compare.Long Parameter List,0.12.0-rc0,0.17.0,0.17.0,14
pig,0.12.0-rc0,org.apache.pig.backend.hadoop.executionengine.mapReduceLayer,PigBigIntegerRawComparator,compare,Long Parameter List,"designitejava,checkstyle",src/org/apache/pig/backend/hadoop/executionengine/mapReduceLayer/PigBigIntegerRawComparator.java,src/org/apache/pig/backend/hadoop/executionengine/mapReduceLayer/PigBigIntegerRawComparator.java.PigBigIntegerRawComparator.compare.Long Parameter List,0.12.0-rc0,0.17.0,0.17.0,14
pig,0.10.0-rc0,org.apache.pig.backend.hadoop.executionengine.mapReduceLayer,PigBooleanRawComparator,compare,Long Parameter List,"designitejava,checkstyle",src/org/apache/pig/backend/hadoop/executionengine/mapReduceLayer/PigBooleanRawComparator.java,src/org/apache/pig/backend/hadoop/executionengine/mapReduceLayer/PigBooleanRawComparator.java.PigBooleanRawComparator.compare.Long Parameter List,0.10.0-rc0,0.17.0,0.17.0,22
pig,0.11.0-rc0,org.apache.pig.backend.hadoop.executionengine.mapReduceLayer,PigBytesRawComparator,compare,Complex Method,"designitejava,pmd,checkstyle",src/org/apache/pig/backend/hadoop/executionengine/mapReduceLayer/PigBytesRawComparator.java,src/org/apache/pig/backend/hadoop/executionengine/mapReduceLayer/PigBytesRawComparator.java.PigBytesRawComparator.compare.Complex Method,0.11.0-rc0,0.17.0,0.17.0,18
pig,0.2.0-rc0,org.apache.pig.backend.hadoop.executionengine.mapReduceLayer,PigBytesRawComparator,compare,Long Parameter List,"designitejava,checkstyle",src/org/apache/pig/backend/hadoop/executionengine/mapReduceLayer/PigBytesRawComparator.java,src/org/apache/pig/backend/hadoop/executionengine/mapReduceLayer/PigBytesRawComparator.java.PigBytesRawComparator.compare.Long Parameter List,0.2.0-rc0,0.17.0,0.17.0,40
pig,0.11.0-rc0,org.apache.pig.backend.hadoop.executionengine.mapReduceLayer,PigDateTimeRawComparator,compare,Long Parameter List,"designitejava,checkstyle",src/org/apache/pig/backend/hadoop/executionengine/mapReduceLayer/PigDateTimeRawComparator.java,src/org/apache/pig/backend/hadoop/executionengine/mapReduceLayer/PigDateTimeRawComparator.java.PigDateTimeRawComparator.compare.Long Parameter List,0.11.0-rc0,0.17.0,0.17.0,18
pig,0.2.0-rc0,org.apache.pig.backend.hadoop.executionengine.mapReduceLayer,PigDoubleRawComparator,compare,Long Parameter List,"designitejava,checkstyle",src/org/apache/pig/backend/hadoop/executionengine/mapReduceLayer/PigDoubleRawComparator.java,src/org/apache/pig/backend/hadoop/executionengine/mapReduceLayer/PigDoubleRawComparator.java.PigDoubleRawComparator.compare.Long Parameter List,0.2.0-rc0,0.17.0,0.17.0,40
pig,0.2.0-rc0,org.apache.pig.backend.hadoop.executionengine.mapReduceLayer,PigFloatRawComparator,compare,Long Parameter List,"designitejava,checkstyle",src/org/apache/pig/backend/hadoop/executionengine/mapReduceLayer/PigFloatRawComparator.java,src/org/apache/pig/backend/hadoop/executionengine/mapReduceLayer/PigFloatRawComparator.java.PigFloatRawComparator.compare.Long Parameter List,0.2.0-rc0,0.17.0,0.17.0,40
pig,0.8.0,org.apache.pig.backend.hadoop.executionengine.mapReduceLayer,PigInputFormat,getPigSplits,Long Parameter List,"designitejava,checkstyle",src/org/apache/pig/backend/hadoop/executionengine/mapReduceLayer/PigInputFormat.java,src/org/apache/pig/backend/hadoop/executionengine/mapReduceLayer/PigInputFormat.java.PigInputFormat.getPigSplits.Long Parameter List,0.8.0,0.17.0,0.17.0,31
pig,0.2.0-rc0,org.apache.pig.backend.hadoop.executionengine.mapReduceLayer,PigIntRawComparator,compare,Long Parameter List,"designitejava,checkstyle",src/org/apache/pig/backend/hadoop/executionengine/mapReduceLayer/PigIntRawComparator.java,src/org/apache/pig/backend/hadoop/executionengine/mapReduceLayer/PigIntRawComparator.java.PigIntRawComparator.compare.Long Parameter List,0.2.0-rc0,0.17.0,0.17.0,40
pig,0.2.0-rc0,org.apache.pig.backend.hadoop.executionengine.mapReduceLayer,PigLongRawComparator,compare,Long Parameter List,"designitejava,checkstyle",src/org/apache/pig/backend/hadoop/executionengine/mapReduceLayer/PigLongRawComparator.java,src/org/apache/pig/backend/hadoop/executionengine/mapReduceLayer/PigLongRawComparator.java.PigLongRawComparator.compare.Long Parameter List,0.2.0-rc0,0.17.0,0.17.0,40
pig,0.12.0-rc0,org.apache.pig.backend.hadoop.executionengine.mapReduceLayer,PigOutputCommitter,isRecoverySupported,Complex Method,"designitejava,pmd,checkstyle",src/org/apache/pig/backend/hadoop/executionengine/mapReduceLayer/PigOutputCommitter.java,src/org/apache/pig/backend/hadoop/executionengine/mapReduceLayer/PigOutputCommitter.java.PigOutputCommitter.isRecoverySupported.Complex Method,0.12.0-rc0,0.17.0,0.17.0,14
pig,0.6.0-rc0,org.apache.pig.backend.hadoop.executionengine.mapReduceLayer,PigSecondaryKeyComparator,compare,Complex Method,"designitejava,pmd,checkstyle",src/org/apache/pig/backend/hadoop/executionengine/mapReduceLayer/PigSecondaryKeyComparator.java,src/org/apache/pig/backend/hadoop/executionengine/mapReduceLayer/PigSecondaryKeyComparator.java.PigSecondaryKeyComparator.compare.Complex Method,0.6.0-rc0,0.17.0,0.17.0,34
pig,0.6.0-rc0,org.apache.pig.backend.hadoop.executionengine.mapReduceLayer,PigSecondaryKeyComparator,compare,Long Parameter List,"designitejava,checkstyle",src/org/apache/pig/backend/hadoop/executionengine/mapReduceLayer/PigSecondaryKeyComparator.java,src/org/apache/pig/backend/hadoop/executionengine/mapReduceLayer/PigSecondaryKeyComparator.java.PigSecondaryKeyComparator.compare.Long Parameter List,0.6.0-rc0,0.17.0,0.17.0,34
pig,0.17.0-rc0,org.apache.pig.backend.hadoop.executionengine.mapReduceLayer,PigSplit,getLocationInfo,Complex Method,"designitejava,pmd",src/org/apache/pig/backend/hadoop/executionengine/mapReduceLayer/PigSplit.java,src/org/apache/pig/backend/hadoop/executionengine/mapReduceLayer/PigSplit.java.PigSplit.getLocationInfo.Complex Method,0.17.0-rc0,0.17.0,0.17.0,2
pig,0.8.0,org.apache.pig.backend.hadoop.executionengine.mapReduceLayer,PigSplit,getLocations,Complex Method,"designitejava,pmd",src/org/apache/pig/backend/hadoop/executionengine/mapReduceLayer/PigSplit.java,src/org/apache/pig/backend/hadoop/executionengine/mapReduceLayer/PigSplit.java.PigSplit.getLocations.Complex Method,0.8.0,0.17.0,0.17.0,31
pig,0.15.0-rc0,org.apache.pig.backend.hadoop.executionengine.mapReduceLayer,PigSplit,write,Complex Method,"designitejava,checkstyle",src/org/apache/pig/backend/hadoop/executionengine/mapReduceLayer/PigSplit.java,src/org/apache/pig/backend/hadoop/executionengine/mapReduceLayer/PigSplit.java.PigSplit.write.Complex Method,0.15.0-rc0,0.17.0,0.17.0,6
pig,0.2.0-rc0,org.apache.pig.backend.hadoop.executionengine.mapReduceLayer,PigTextRawComparator,compare,Long Parameter List,"designitejava,checkstyle",src/org/apache/pig/backend/hadoop/executionengine/mapReduceLayer/PigTextRawComparator.java,src/org/apache/pig/backend/hadoop/executionengine/mapReduceLayer/PigTextRawComparator.java.PigTextRawComparator.compare.Long Parameter List,0.2.0-rc0,0.17.0,0.17.0,40
pig,0.8.0,org.apache.pig.backend.hadoop.executionengine.mapReduceLayer,PigTupleDefaultRawComparator,compare,Long Parameter List,"designitejava,checkstyle",src/org/apache/pig/backend/hadoop/executionengine/mapReduceLayer/PigTupleDefaultRawComparator.java,src/org/apache/pig/backend/hadoop/executionengine/mapReduceLayer/PigTupleDefaultRawComparator.java.PigTupleDefaultRawComparator.compare.Long Parameter List,0.8.0,0.17.0,0.17.0,31
pig,0.8.0,org.apache.pig.backend.hadoop.executionengine.mapReduceLayer,PigTupleDefaultRawComparator,compareTuple,Complex Method,"designitejava,pmd,checkstyle",src/org/apache/pig/backend/hadoop/executionengine/mapReduceLayer/PigTupleDefaultRawComparator.java,src/org/apache/pig/backend/hadoop/executionengine/mapReduceLayer/PigTupleDefaultRawComparator.java.PigTupleDefaultRawComparator.compareTuple.Complex Method,0.8.0,0.17.0,0.17.0,31
pig,0.2.0-rc0,org.apache.pig.backend.hadoop.executionengine.mapReduceLayer,PigTupleRawComparator,compare,Long Parameter List,"designitejava,checkstyle",src/org/apache/pig/backend/hadoop/executionengine/mapReduceLayer/PigTupleRawComparator.java,src/org/apache/pig/backend/hadoop/executionengine/mapReduceLayer/PigTupleRawComparator.java.PigTupleRawComparator.compare.Long Parameter List,0.2.0-rc0,0.7.0,0.8.0,9
pig,0.8.0,org.apache.pig.backend.hadoop.executionengine.mapReduceLayer,PigTupleSortComparator,compare,Long Parameter List,"designitejava,checkstyle",src/org/apache/pig/backend/hadoop/executionengine/mapReduceLayer/PigTupleSortComparator.java,src/org/apache/pig/backend/hadoop/executionengine/mapReduceLayer/PigTupleSortComparator.java.PigTupleSortComparator.compare.Long Parameter List,0.8.0,0.17.0,0.17.0,31
pig,0.4.0-rc0,org.apache.pig.backend.hadoop.executionengine.mapReduceLayer,SampleOptimizer,scan,Complex Method,"designitejava,pmd",src/org/apache/pig/backend/hadoop/executionengine/mapReduceLayer/SampleOptimizer.java,src/org/apache/pig/backend/hadoop/executionengine/mapReduceLayer/SampleOptimizer.java.SampleOptimizer.scan.Complex Method,0.4.0-rc0,0.17.0,0.17.0,37
pig,0.4.0-rc0,org.apache.pig.backend.hadoop.executionengine.mapReduceLayer,SampleOptimizer,visitMROp,Complex Method,"designitejava,pmd,checkstyle",src/org/apache/pig/backend/hadoop/executionengine/mapReduceLayer/SampleOptimizer.java,src/org/apache/pig/backend/hadoop/executionengine/mapReduceLayer/SampleOptimizer.java.SampleOptimizer.visitMROp.Complex Method,0.4.0-rc0,0.17.0,0.17.0,37
pig,0.6.0-rc0,org.apache.pig.backend.hadoop.executionengine.mapReduceLayer,SecondaryKeyOptimizer,visitMROp,Complex Method,"pmd,checkstyle",src/org/apache/pig/backend/hadoop/executionengine/mapReduceLayer/SecondaryKeyOptimizer.java,src/org/apache/pig/backend/hadoop/executionengine/mapReduceLayer/SecondaryKeyOptimizer.java.SecondaryKeyOptimizer.visitMROp.Complex Method,0.6.0-rc0,0.17.0,0.17.0,34
pig,0.4.0-rc0,org.apache.pig.backend.hadoop.executionengine.mapReduceLayer,SliceWrapper,getLocations,Feature Envy,"designitejava,checkstyle",src/org/apache/pig/backend/hadoop/executionengine/mapReduceLayer/SliceWrapper.java,src/org/apache/pig/backend/hadoop/executionengine/mapReduceLayer/SliceWrapper.java.SliceWrapper.getLocations.Feature Envy,0.4.0-rc0,0.6.0,0.7.0,5
pig,0.2.0-rc0,org.apache.pig.backend.hadoop.executionengine.mapReduceLayer,SliceWrapper,makeReader,Feature Envy,"designitejava,checkstyle",src/org/apache/pig/backend/hadoop/executionengine/mapReduceLayer/SliceWrapper.java,src/org/apache/pig/backend/hadoop/executionengine/mapReduceLayer/SliceWrapper.java.SliceWrapper.makeReader.Feature Envy,0.2.0-rc0,0.6.0,0.7.0,8
pig,0.2.0-rc0,org.apache.pig.backend.hadoop.executionengine.mapReduceLayer.partitioners,WeightedRangePartitioner,configure,Complex Method,"designitejava,pmd,checkstyle",src/org/apache/pig/backend/hadoop/executionengine/mapReduceLayer/partitioners/WeightedRangePartitioner.java,src/org/apache/pig/backend/hadoop/executionengine/mapReduceLayer/partitioners/WeightedRangePartitioner.java.WeightedRangePartitioner.configure.Complex Method,0.2.0-rc0,0.2.0,0.3.0,2
pig,0.1.0,org.apache.pig.backend.hadoop.executionengine.mapreduceExec,MapReduceLauncher,launchPig,Complex Method,"designitejava,pmd,checkstyle",src/org/apache/pig/backend/hadoop/executionengine/mapreduceExec/MapReduceLauncher.java,src/org/apache/pig/backend/hadoop/executionengine/mapreduceExec/MapReduceLauncher.java.MapReduceLauncher.launchPig.Complex Method,0.1.0,0.1.1,0.2.0-rc0,3
pig,0.1.0,org.apache.pig.backend.hadoop.executionengine.mapreduceExec,PigInputFormat,getSplits,Complex Method,"designitejava,pmd,checkstyle",src/org/apache/pig/backend/hadoop/executionengine/mapreduceExec/PigInputFormat.java,src/org/apache/pig/backend/hadoop/executionengine/mapreduceExec/PigInputFormat.java.PigInputFormat.getSplits.Complex Method,0.1.0,0.1.1,0.2.0-rc0,3
pig,0.1.0,org.apache.pig.backend.hadoop.executionengine.mapreduceExec,SliceWrapper,makeReader,Feature Envy,"designitejava,checkstyle",src/org/apache/pig/backend/hadoop/executionengine/mapreduceExec/SliceWrapper.java,src/org/apache/pig/backend/hadoop/executionengine/mapreduceExec/SliceWrapper.java.SliceWrapper.makeReader.Feature Envy,0.1.0,0.1.1,0.2.0-rc0,3
pig,0.2.0-rc0,org.apache.pig.backend.hadoop.executionengine.physicalLayer,LogToPhyTranslationVisitor,,God Class,"pmd,checkstyle",src/org/apache/pig/backend/hadoop/executionengine/physicalLayer/LogToPhyTranslationVisitor.java,src/org/apache/pig/backend/hadoop/executionengine/physicalLayer/LogToPhyTranslationVisitor.java.LogToPhyTranslationVisitor..God Class,0.2.0-rc0,0.8.1,0.9.0-rc0,12
pig,0.8.0,org.apache.pig.backend.hadoop.executionengine.physicalLayer,LogToPhyTranslationVisitor,compileToLR_GR_PackTrio,Long Parameter List,"designitejava,checkstyle",src/org/apache/pig/backend/hadoop/executionengine/physicalLayer/LogToPhyTranslationVisitor.java,src/org/apache/pig/backend/hadoop/executionengine/physicalLayer/LogToPhyTranslationVisitor.java.LogToPhyTranslationVisitor.compileToLR_GR_PackTrio.Long Parameter List,0.8.0,0.8.1,0.9.0-rc0,3
pig,0.4.0-rc0,org.apache.pig.backend.hadoop.executionengine.physicalLayer,LogToPhyTranslationVisitor,visit,Complex Method,"designitejava,pmd,checkstyle",src/org/apache/pig/backend/hadoop/executionengine/physicalLayer/LogToPhyTranslationVisitor.java,src/org/apache/pig/backend/hadoop/executionengine/physicalLayer/LogToPhyTranslationVisitor.java.LogToPhyTranslationVisitor.visit.Complex Method,0.4.0-rc0,0.8.1,0.9.0-rc0,9
pig,0.11.0-rc0,org.apache.pig.backend.hadoop.executionengine.physicalLayer,PhysicalOperator,,God Class,"pmd,checkstyle",src/org/apache/pig/backend/hadoop/executionengine/physicalLayer/PhysicalOperator.java,src/org/apache/pig/backend/hadoop/executionengine/physicalLayer/PhysicalOperator.java.PhysicalOperator..God Class,0.11.0-rc0,0.17.0,0.17.0,18
pig,0.9.0-rc0,org.apache.pig.backend.hadoop.executionengine.physicalLayer,PhysicalOperator,getDummy,Complex Method,"designitejava,checkstyle",src/org/apache/pig/backend/hadoop/executionengine/physicalLayer/PhysicalOperator.java,src/org/apache/pig/backend/hadoop/executionengine/physicalLayer/PhysicalOperator.java.PhysicalOperator.getDummy.Complex Method,0.9.0-rc0,0.11.1,0.12.0-rc0,14
pig,0.9.0-rc0,org.apache.pig.backend.hadoop.executionengine.physicalLayer,PhysicalOperator,getNext,Complex Method,"designitejava,checkstyle",src/org/apache/pig/backend/hadoop/executionengine/physicalLayer/PhysicalOperator.java,src/org/apache/pig/backend/hadoop/executionengine/physicalLayer/PhysicalOperator.java.PhysicalOperator.getNext.Complex Method,0.9.0-rc0,0.17.0,0.17.0,28
pig,0.8.0,org.apache.pig.backend.hadoop.executionengine.physicalLayer.expressionOperators,EqualToExpr,doComparison,Complex Method,"designitejava,pmd,checkstyle",src/org/apache/pig/backend/hadoop/executionengine/physicalLayer/expressionOperators/EqualToExpr.java,src/org/apache/pig/backend/hadoop/executionengine/physicalLayer/expressionOperators/EqualToExpr.java.EqualToExpr.doComparison.Complex Method,0.8.0,0.17.0,0.17.0,31
pig,0.6.0-rc0,org.apache.pig.backend.hadoop.executionengine.physicalLayer.expressionOperators,EqualToExpr,getNext,Complex Method,"designitejava,checkstyle",src/org/apache/pig/backend/hadoop/executionengine/physicalLayer/expressionOperators/EqualToExpr.java,src/org/apache/pig/backend/hadoop/executionengine/physicalLayer/expressionOperators/EqualToExpr.java.EqualToExpr.getNext.Complex Method,0.6.0-rc0,0.11.1,0.12.0-rc0,20
pig,0.6.0-rc0,org.apache.pig.backend.hadoop.executionengine.physicalLayer.expressionOperators,ExpressionOperator,,God Class,"pmd,checkstyle",src/org/apache/pig/backend/hadoop/executionengine/physicalLayer/expressionOperators/ExpressionOperator.java,src/org/apache/pig/backend/hadoop/executionengine/physicalLayer/expressionOperators/ExpressionOperator.java.ExpressionOperator..God Class,0.6.0-rc0,0.11.1,0.12.0-rc0,20
pig,0.6.0-rc0,org.apache.pig.backend.hadoop.executionengine.physicalLayer.expressionOperators,GTOrEqualToExpr,getNext,Complex Method,"designitejava,checkstyle",src/org/apache/pig/backend/hadoop/executionengine/physicalLayer/expressionOperators/GTOrEqualToExpr.java,src/org/apache/pig/backend/hadoop/executionengine/physicalLayer/expressionOperators/GTOrEqualToExpr.java.GTOrEqualToExpr.getNext.Complex Method,0.6.0-rc0,0.11.1,0.12.0-rc0,20
pig,0.6.0-rc0,org.apache.pig.backend.hadoop.executionengine.physicalLayer.expressionOperators,GreaterThanExpr,getNext,Complex Method,"designitejava,checkstyle",src/org/apache/pig/backend/hadoop/executionengine/physicalLayer/expressionOperators/GreaterThanExpr.java,src/org/apache/pig/backend/hadoop/executionengine/physicalLayer/expressionOperators/GreaterThanExpr.java.GreaterThanExpr.getNext.Complex Method,0.6.0-rc0,0.11.1,0.12.0-rc0,20
pig,0.6.0-rc0,org.apache.pig.backend.hadoop.executionengine.physicalLayer.expressionOperators,LTOrEqualToExpr,getNext,Complex Method,"designitejava,checkstyle",src/org/apache/pig/backend/hadoop/executionengine/physicalLayer/expressionOperators/LTOrEqualToExpr.java,src/org/apache/pig/backend/hadoop/executionengine/physicalLayer/expressionOperators/LTOrEqualToExpr.java.LTOrEqualToExpr.getNext.Complex Method,0.6.0-rc0,0.11.1,0.12.0-rc0,20
pig,0.6.0-rc0,org.apache.pig.backend.hadoop.executionengine.physicalLayer.expressionOperators,LessThanExpr,getNext,Complex Method,"designitejava,checkstyle",src/org/apache/pig/backend/hadoop/executionengine/physicalLayer/expressionOperators/LessThanExpr.java,src/org/apache/pig/backend/hadoop/executionengine/physicalLayer/expressionOperators/LessThanExpr.java.LessThanExpr.getNext.Complex Method,0.6.0-rc0,0.11.1,0.12.0-rc0,20
pig,0.8.0,org.apache.pig.backend.hadoop.executionengine.physicalLayer.expressionOperators,NotEqualToExpr,doComparison,Complex Method,"designitejava,pmd,checkstyle",src/org/apache/pig/backend/hadoop/executionengine/physicalLayer/expressionOperators/NotEqualToExpr.java,src/org/apache/pig/backend/hadoop/executionengine/physicalLayer/expressionOperators/NotEqualToExpr.java.NotEqualToExpr.doComparison.Complex Method,0.8.0,0.17.0,0.17.0,31
pig,0.6.0-rc0,org.apache.pig.backend.hadoop.executionengine.physicalLayer.expressionOperators,NotEqualToExpr,getNext,Complex Method,"designitejava,checkstyle",src/org/apache/pig/backend/hadoop/executionengine/physicalLayer/expressionOperators/NotEqualToExpr.java,src/org/apache/pig/backend/hadoop/executionengine/physicalLayer/expressionOperators/NotEqualToExpr.java.NotEqualToExpr.getNext.Complex Method,0.6.0-rc0,0.11.1,0.12.0-rc0,20
pig,0.12.0-rc0,org.apache.pig.backend.hadoop.executionengine.physicalLayer.expressionOperators,POAnd,getNextBoolean,Complex Method,"designitejava,pmd,checkstyle",src/org/apache/pig/backend/hadoop/executionengine/physicalLayer/expressionOperators/POAnd.java,src/org/apache/pig/backend/hadoop/executionengine/physicalLayer/expressionOperators/POAnd.java.POAnd.getNextBoolean.Complex Method,0.12.0-rc0,0.17.0,0.17.0,14
pig,0.2.0-rc0,org.apache.pig.backend.hadoop.executionengine.physicalLayer.expressionOperators,POCast,,God Class,"pmd,checkstyle",src/org/apache/pig/backend/hadoop/executionengine/physicalLayer/expressionOperators/POCast.java,src/org/apache/pig/backend/hadoop/executionengine/physicalLayer/expressionOperators/POCast.java.POCast..God Class,0.2.0-rc0,0.17.0,0.17.0,40
pig,0.9.0-rc0,org.apache.pig.backend.hadoop.executionengine.physicalLayer.expressionOperators,POCast,convertWithSchema,Complex Method,"designitejava,pmd,checkstyle",src/org/apache/pig/backend/hadoop/executionengine/physicalLayer/expressionOperators/POCast.java,src/org/apache/pig/backend/hadoop/executionengine/physicalLayer/expressionOperators/POCast.java.POCast.convertWithSchema.Complex Method,0.9.0-rc0,0.17.0,0.17.0,28
pig,0.9.0-rc0,org.apache.pig.backend.hadoop.executionengine.physicalLayer.expressionOperators,POCast,convertWithSchema,Feature Envy,"designitejava,checkstyle",src/org/apache/pig/backend/hadoop/executionengine/physicalLayer/expressionOperators/POCast.java,src/org/apache/pig/backend/hadoop/executionengine/physicalLayer/expressionOperators/POCast.java.POCast.convertWithSchema.Feature Envy,0.9.0-rc0,0.17.0,0.17.0,28
pig,0.2.0-rc0,org.apache.pig.backend.hadoop.executionengine.physicalLayer.expressionOperators,POCast,getNext,Complex Method,"designitejava,pmd,checkstyle",src/org/apache/pig/backend/hadoop/executionengine/physicalLayer/expressionOperators/POCast.java,src/org/apache/pig/backend/hadoop/executionengine/physicalLayer/expressionOperators/POCast.java.POCast.getNext.Complex Method,0.2.0-rc0,0.11.1,0.12.0-rc0,26
pig,0.12.0-rc0,org.apache.pig.backend.hadoop.executionengine.physicalLayer.expressionOperators,POCast,getNextBigDecimal,Complex Method,"designitejava,pmd,checkstyle",src/org/apache/pig/backend/hadoop/executionengine/physicalLayer/expressionOperators/POCast.java,src/org/apache/pig/backend/hadoop/executionengine/physicalLayer/expressionOperators/POCast.java.POCast.getNextBigDecimal.Complex Method,0.12.0-rc0,0.17.0,0.17.0,14
pig,0.12.0-rc0,org.apache.pig.backend.hadoop.executionengine.physicalLayer.expressionOperators,POCast,getNextBigInteger,Complex Method,"designitejava,pmd,checkstyle",src/org/apache/pig/backend/hadoop/executionengine/physicalLayer/expressionOperators/POCast.java,src/org/apache/pig/backend/hadoop/executionengine/physicalLayer/expressionOperators/POCast.java.POCast.getNextBigInteger.Complex Method,0.12.0-rc0,0.17.0,0.17.0,14
pig,0.12.0-rc0,org.apache.pig.backend.hadoop.executionengine.physicalLayer.expressionOperators,POCast,getNextBoolean,Complex Method,"designitejava,pmd,checkstyle",src/org/apache/pig/backend/hadoop/executionengine/physicalLayer/expressionOperators/POCast.java,src/org/apache/pig/backend/hadoop/executionengine/physicalLayer/expressionOperators/POCast.java.POCast.getNextBoolean.Complex Method,0.12.0-rc0,0.17.0,0.17.0,14
pig,0.12.0-rc0,org.apache.pig.backend.hadoop.executionengine.physicalLayer.expressionOperators,POCast,getNextDataBag,Complex Method,"designitejava,pmd,checkstyle",src/org/apache/pig/backend/hadoop/executionengine/physicalLayer/expressionOperators/POCast.java,src/org/apache/pig/backend/hadoop/executionengine/physicalLayer/expressionOperators/POCast.java.POCast.getNextDataBag.Complex Method,0.12.0-rc0,0.17.0,0.17.0,14
pig,0.12.0-rc0,org.apache.pig.backend.hadoop.executionengine.physicalLayer.expressionOperators,POCast,getNextDateTime,Complex Method,"designitejava,pmd,checkstyle",src/org/apache/pig/backend/hadoop/executionengine/physicalLayer/expressionOperators/POCast.java,src/org/apache/pig/backend/hadoop/executionengine/physicalLayer/expressionOperators/POCast.java.POCast.getNextDateTime.Complex Method,0.12.0-rc0,0.17.0,0.17.0,14
pig,0.12.0-rc0,org.apache.pig.backend.hadoop.executionengine.physicalLayer.expressionOperators,POCast,getNextDouble,Complex Method,"designitejava,pmd,checkstyle",src/org/apache/pig/backend/hadoop/executionengine/physicalLayer/expressionOperators/POCast.java,src/org/apache/pig/backend/hadoop/executionengine/physicalLayer/expressionOperators/POCast.java.POCast.getNextDouble.Complex Method,0.12.0-rc0,0.17.0,0.17.0,14
pig,0.12.0-rc0,org.apache.pig.backend.hadoop.executionengine.physicalLayer.expressionOperators,POCast,getNextFloat,Complex Method,"designitejava,pmd,checkstyle",src/org/apache/pig/backend/hadoop/executionengine/physicalLayer/expressionOperators/POCast.java,src/org/apache/pig/backend/hadoop/executionengine/physicalLayer/expressionOperators/POCast.java.POCast.getNextFloat.Complex Method,0.12.0-rc0,0.17.0,0.17.0,14
pig,0.12.0-rc0,org.apache.pig.backend.hadoop.executionengine.physicalLayer.expressionOperators,POCast,getNextInteger,Complex Method,"designitejava,pmd,checkstyle",src/org/apache/pig/backend/hadoop/executionengine/physicalLayer/expressionOperators/POCast.java,src/org/apache/pig/backend/hadoop/executionengine/physicalLayer/expressionOperators/POCast.java.POCast.getNextInteger.Complex Method,0.12.0-rc0,0.17.0,0.17.0,14
pig,0.12.0-rc0,org.apache.pig.backend.hadoop.executionengine.physicalLayer.expressionOperators,POCast,getNextLong,Complex Method,"designitejava,pmd,checkstyle",src/org/apache/pig/backend/hadoop/executionengine/physicalLayer/expressionOperators/POCast.java,src/org/apache/pig/backend/hadoop/executionengine/physicalLayer/expressionOperators/POCast.java.POCast.getNextLong.Complex Method,0.12.0-rc0,0.17.0,0.17.0,14
pig,0.12.0-rc0,org.apache.pig.backend.hadoop.executionengine.physicalLayer.expressionOperators,POCast,getNextMap,Complex Method,"designitejava,pmd,checkstyle",src/org/apache/pig/backend/hadoop/executionengine/physicalLayer/expressionOperators/POCast.java,src/org/apache/pig/backend/hadoop/executionengine/physicalLayer/expressionOperators/POCast.java.POCast.getNextMap.Complex Method,0.12.0-rc0,0.17.0,0.17.0,14
pig,0.12.0-rc0,org.apache.pig.backend.hadoop.executionengine.physicalLayer.expressionOperators,POCast,getNextString,Complex Method,"designitejava,pmd,checkstyle",src/org/apache/pig/backend/hadoop/executionengine/physicalLayer/expressionOperators/POCast.java,src/org/apache/pig/backend/hadoop/executionengine/physicalLayer/expressionOperators/POCast.java.POCast.getNextString.Complex Method,0.12.0-rc0,0.17.0,0.17.0,14
pig,0.12.0-rc0,org.apache.pig.backend.hadoop.executionengine.physicalLayer.expressionOperators,POCast,getNextTuple,Complex Method,"designitejava,pmd,checkstyle",src/org/apache/pig/backend/hadoop/executionengine/physicalLayer/expressionOperators/POCast.java,src/org/apache/pig/backend/hadoop/executionengine/physicalLayer/expressionOperators/POCast.java.POCast.getNextTuple.Complex Method,0.12.0-rc0,0.17.0,0.17.0,14
pig,0.2.0-rc0,org.apache.pig.backend.hadoop.executionengine.physicalLayer.expressionOperators,POIsNull,getNext,Complex Method,"designitejava,pmd,checkstyle",src/org/apache/pig/backend/hadoop/executionengine/physicalLayer/expressionOperators/POIsNull.java,src/org/apache/pig/backend/hadoop/executionengine/physicalLayer/expressionOperators/POIsNull.java.POIsNull.getNext.Complex Method,0.2.0-rc0,0.11.1,0.12.0-rc0,26
pig,0.12.0-rc0,org.apache.pig.backend.hadoop.executionengine.physicalLayer.expressionOperators,POOr,getNextBoolean,Complex Method,"designitejava,pmd,checkstyle",src/org/apache/pig/backend/hadoop/executionengine/physicalLayer/expressionOperators/POOr.java,src/org/apache/pig/backend/hadoop/executionengine/physicalLayer/expressionOperators/POOr.java.POOr.getNextBoolean.Complex Method,0.12.0-rc0,0.17.0,0.17.0,14
pig,0.7.0,org.apache.pig.backend.hadoop.executionengine.physicalLayer.expressionOperators,POProject,consumeInputBag,Complex Method,"designitejava,pmd,checkstyle",src/org/apache/pig/backend/hadoop/executionengine/physicalLayer/expressionOperators/POProject.java,src/org/apache/pig/backend/hadoop/executionengine/physicalLayer/expressionOperators/POProject.java.POProject.consumeInputBag.Complex Method,0.7.0,0.17.0,0.17.0,32
pig,0.2.0-rc0,org.apache.pig.backend.hadoop.executionengine.physicalLayer.expressionOperators,POProject,getNext,Complex Method,"designitejava,pmd",src/org/apache/pig/backend/hadoop/executionengine/physicalLayer/expressionOperators/POProject.java,src/org/apache/pig/backend/hadoop/executionengine/physicalLayer/expressionOperators/POProject.java.POProject.getNext.Complex Method,0.2.0-rc0,0.17.0,0.17.0,40
pig,0.12.0-rc0,org.apache.pig.backend.hadoop.executionengine.physicalLayer.expressionOperators,POProject,getNextTuple,Complex Method,"designitejava,pmd,checkstyle",src/org/apache/pig/backend/hadoop/executionengine/physicalLayer/expressionOperators/POProject.java,src/org/apache/pig/backend/hadoop/executionengine/physicalLayer/expressionOperators/POProject.java.POProject.getNextTuple.Complex Method,0.12.0-rc0,0.17.0,0.17.0,14
pig,0.2.0-rc0,org.apache.pig.backend.hadoop.executionengine.physicalLayer.expressionOperators,POUserFunc,processInput,Complex Method,"designitejava,pmd,checkstyle",src/org/apache/pig/backend/hadoop/executionengine/physicalLayer/expressionOperators/POUserFunc.java,src/org/apache/pig/backend/hadoop/executionengine/physicalLayer/expressionOperators/POUserFunc.java.POUserFunc.processInput.Complex Method,0.2.0-rc0,0.17.0,0.17.0,40
pig,0.8.0,org.apache.pig.backend.hadoop.executionengine.physicalLayer.expressionOperators.regex,RegexInit,determineBestRegexMethod,Complex Method,"designitejava,pmd,checkstyle",src/org/apache/pig/backend/hadoop/executionengine/physicalLayer/expressionOperators/regex/RegexInit.java,src/org/apache/pig/backend/hadoop/executionengine/physicalLayer/expressionOperators/regex/RegexInit.java.RegexInit.determineBestRegexMethod.Complex Method,0.8.0,0.17.0,0.17.0,31
pig,0.3.0,org.apache.pig.backend.hadoop.executionengine.physicalLayer.plans,DotPOPrinter,getNestedPlans,Complex Method,"designitejava,pmd",src/org/apache/pig/backend/hadoop/executionengine/physicalLayer/plans/DotPOPrinter.java,src/org/apache/pig/backend/hadoop/executionengine/physicalLayer/plans/DotPOPrinter.java.DotPOPrinter.getNestedPlans.Complex Method,0.3.0,0.17.0,0.17.0,38
pig,0.9.0-rc0,org.apache.pig.backend.hadoop.executionengine.physicalLayer.plans,PatternPlan,match,Complex Method,"designitejava,pmd,checkstyle",src/org/apache/pig/backend/hadoop/executionengine/physicalLayer/plans/PatternPlan.java,src/org/apache/pig/backend/hadoop/executionengine/physicalLayer/plans/PatternPlan.java.PatternPlan.match.Complex Method,0.9.0-rc0,0.17.0,0.17.0,28
pig,0.2.0-rc0,org.apache.pig.backend.hadoop.executionengine.physicalLayer.plans,PhysicalPlan,clone,Complex Method,"designitejava,pmd,checkstyle",src/org/apache/pig/backend/hadoop/executionengine/physicalLayer/plans/PhysicalPlan.java,src/org/apache/pig/backend/hadoop/executionengine/physicalLayer/plans/PhysicalPlan.java.PhysicalPlan.clone.Complex Method,0.2.0-rc0,0.17.0,0.17.0,40
pig,0.2.0-rc0,org.apache.pig.backend.hadoop.executionengine.physicalLayer.plans,PlanPrinter,depthFirst,Complex Method,"designitejava,pmd,checkstyle",src/org/apache/pig/backend/hadoop/executionengine/physicalLayer/plans/PlanPrinter.java,src/org/apache/pig/backend/hadoop/executionengine/physicalLayer/plans/PlanPrinter.java.PlanPrinter.depthFirst.Complex Method,0.2.0-rc0,0.17.0,0.17.0,40
pig,0.12.0-rc0,org.apache.pig.backend.hadoop.executionengine.physicalLayer.plans,XMLPhysicalPlanPrinter,depthFirst,Complex Method,"designitejava,pmd,checkstyle",src/org/apache/pig/backend/hadoop/executionengine/physicalLayer/plans/XMLPhysicalPlanPrinter.java,src/org/apache/pig/backend/hadoop/executionengine/physicalLayer/plans/XMLPhysicalPlanPrinter.java.XMLPhysicalPlanPrinter.depthFirst.Complex Method,0.12.0-rc0,0.17.0,0.17.0,14
pig,0.13.0-rc0,org.apache.pig.backend.hadoop.executionengine.physicalLayer.relationalOperators,JoinPackager,getNext,Complex Method,"designitejava,pmd,checkstyle",src/org/apache/pig/backend/hadoop/executionengine/physicalLayer/relationalOperators/JoinPackager.java,src/org/apache/pig/backend/hadoop/executionengine/physicalLayer/relationalOperators/JoinPackager.java.JoinPackager.getNext.Complex Method,0.13.0-rc0,0.17.0,0.17.0,10
pig,0.6.0-rc0,org.apache.pig.backend.hadoop.executionengine.physicalLayer.relationalOperators,POCollectedGroup,getNext,Complex Method,"designitejava,pmd,checkstyle",src/org/apache/pig/backend/hadoop/executionengine/physicalLayer/relationalOperators/POCollectedGroup.java,src/org/apache/pig/backend/hadoop/executionengine/physicalLayer/relationalOperators/POCollectedGroup.java.POCollectedGroup.getNext.Complex Method,0.6.0-rc0,0.11.1,0.12.0-rc0,20
pig,0.12.0-rc0,org.apache.pig.backend.hadoop.executionengine.physicalLayer.relationalOperators,POCollectedGroup,getNextTuple,Complex Method,"designitejava,pmd,checkstyle",src/org/apache/pig/backend/hadoop/executionengine/physicalLayer/relationalOperators/POCollectedGroup.java,src/org/apache/pig/backend/hadoop/executionengine/physicalLayer/relationalOperators/POCollectedGroup.java.POCollectedGroup.getNextTuple.Complex Method,0.12.0-rc0,0.17.0,0.17.0,14
pig,0.10.0-rc0,org.apache.pig.backend.hadoop.executionengine.physicalLayer.relationalOperators,POCross,getNext,Complex Method,"designitejava,pmd,checkstyle",src/org/apache/pig/backend/hadoop/executionengine/physicalLayer/relationalOperators/POCross.java,src/org/apache/pig/backend/hadoop/executionengine/physicalLayer/relationalOperators/POCross.java.POCross.getNext.Complex Method,0.10.0-rc0,0.11.1,0.12.0-rc0,8
pig,0.12.0-rc0,org.apache.pig.backend.hadoop.executionengine.physicalLayer.relationalOperators,POCross,getNextTuple,Complex Method,"designitejava,pmd,checkstyle",src/org/apache/pig/backend/hadoop/executionengine/physicalLayer/relationalOperators/POCross.java,src/org/apache/pig/backend/hadoop/executionengine/physicalLayer/relationalOperators/POCross.java.POCross.getNextTuple.Complex Method,0.12.0-rc0,0.17.0,0.17.0,14
pig,0.3.0,org.apache.pig.backend.hadoop.executionengine.physicalLayer.relationalOperators,PODemux,getStreamCloseResult,Complex Method,"designitejava,pmd,checkstyle",src/org/apache/pig/backend/hadoop/executionengine/physicalLayer/relationalOperators/PODemux.java,src/org/apache/pig/backend/hadoop/executionengine/physicalLayer/relationalOperators/PODemux.java.PODemux.getStreamCloseResult.Complex Method,0.3.0,0.17.0,0.17.0,38
pig,0.6.0-rc0,org.apache.pig.backend.hadoop.executionengine.physicalLayer.relationalOperators,PODistinct,getNext,Complex Method,"designitejava,pmd",src/org/apache/pig/backend/hadoop/executionengine/physicalLayer/relationalOperators/PODistinct.java,src/org/apache/pig/backend/hadoop/executionengine/physicalLayer/relationalOperators/PODistinct.java.PODistinct.getNext.Complex Method,0.6.0-rc0,0.11.1,0.12.0-rc0,20
pig,0.12.0-rc0,org.apache.pig.backend.hadoop.executionengine.physicalLayer.relationalOperators,PODistinct,getNextTuple,Complex Method,"designitejava,pmd",src/org/apache/pig/backend/hadoop/executionengine/physicalLayer/relationalOperators/PODistinct.java,src/org/apache/pig/backend/hadoop/executionengine/physicalLayer/relationalOperators/PODistinct.java.PODistinct.getNextTuple.Complex Method,0.12.0-rc0,0.17.0,0.17.0,14
pig,0.2.0-rc0,org.apache.pig.backend.hadoop.executionengine.physicalLayer.relationalOperators,POFRJoin,getNext,Complex Method,"designitejava,pmd,checkstyle",src/org/apache/pig/backend/hadoop/executionengine/physicalLayer/relationalOperators/POFRJoin.java,src/org/apache/pig/backend/hadoop/executionengine/physicalLayer/relationalOperators/POFRJoin.java.POFRJoin.getNext.Complex Method,0.2.0-rc0,0.11.1,0.12.0-rc0,26
pig,0.12.0-rc0,org.apache.pig.backend.hadoop.executionengine.physicalLayer.relationalOperators,POFRJoin,getNextTuple,Complex Method,"designitejava,pmd,checkstyle",src/org/apache/pig/backend/hadoop/executionengine/physicalLayer/relationalOperators/POFRJoin.java,src/org/apache/pig/backend/hadoop/executionengine/physicalLayer/relationalOperators/POFRJoin.java.POFRJoin.getNextTuple.Complex Method,0.12.0-rc0,0.17.0,0.17.0,14
pig,0.11.0-rc0,org.apache.pig.backend.hadoop.executionengine.physicalLayer.relationalOperators,POFRJoin,setUpHashMap,Complex Method,"designitejava,pmd",src/org/apache/pig/backend/hadoop/executionengine/physicalLayer/relationalOperators/POFRJoin.java,src/org/apache/pig/backend/hadoop/executionengine/physicalLayer/relationalOperators/POFRJoin.java.POFRJoin.setUpHashMap.Complex Method,0.11.0-rc0,0.17.0,0.17.0,18
pig,0.17.0-rc0,org.apache.pig.backend.hadoop.executionengine.physicalLayer.relationalOperators,POFRJoinSpark,setUpHashMap,Complex Method,"designitejava,pmd",src/org/apache/pig/backend/hadoop/executionengine/physicalLayer/relationalOperators/POFRJoinSpark.java,src/org/apache/pig/backend/hadoop/executionengine/physicalLayer/relationalOperators/POFRJoinSpark.java.POFRJoinSpark.setUpHashMap.Complex Method,0.17.0-rc0,0.17.0,0.17.0,2
pig,0.2.0-rc0,org.apache.pig.backend.hadoop.executionengine.physicalLayer.relationalOperators,POForEach,,God Class,"pmd,checkstyle",src/org/apache/pig/backend/hadoop/executionengine/physicalLayer/relationalOperators/POForEach.java,src/org/apache/pig/backend/hadoop/executionengine/physicalLayer/relationalOperators/POForEach.java.POForEach..God Class,0.2.0-rc0,0.17.0,0.17.0,40
pig,0.2.0-rc0,org.apache.pig.backend.hadoop.executionengine.physicalLayer.relationalOperators,POForEach,getNext,Complex Method,"designitejava,pmd,checkstyle",src/org/apache/pig/backend/hadoop/executionengine/physicalLayer/relationalOperators/POForEach.java,src/org/apache/pig/backend/hadoop/executionengine/physicalLayer/relationalOperators/POForEach.java.POForEach.getNext.Complex Method,0.2.0-rc0,0.11.1,0.12.0-rc0,26
pig,0.12.0-rc0,org.apache.pig.backend.hadoop.executionengine.physicalLayer.relationalOperators,POForEach,getNextTuple,Complex Method,"designitejava,pmd,checkstyle",src/org/apache/pig/backend/hadoop/executionengine/physicalLayer/relationalOperators/POForEach.java,src/org/apache/pig/backend/hadoop/executionengine/physicalLayer/relationalOperators/POForEach.java.POForEach.getNextTuple.Complex Method,0.12.0-rc0,0.17.0,0.17.0,14
pig,0.2.0-rc0,org.apache.pig.backend.hadoop.executionengine.physicalLayer.relationalOperators,POForEach,processPlan,Complex Method,"designitejava,pmd,checkstyle",src/org/apache/pig/backend/hadoop/executionengine/physicalLayer/relationalOperators/POForEach.java,src/org/apache/pig/backend/hadoop/executionengine/physicalLayer/relationalOperators/POForEach.java.POForEach.processPlan.Complex Method,0.2.0-rc0,0.17.0,0.17.0,40
pig,0.2.0-rc0,org.apache.pig.backend.hadoop.executionengine.physicalLayer.relationalOperators,POJoinPackage,getNext,Complex Method,"designitejava,pmd,checkstyle",src/org/apache/pig/backend/hadoop/executionengine/physicalLayer/relationalOperators/POJoinPackage.java,src/org/apache/pig/backend/hadoop/executionengine/physicalLayer/relationalOperators/POJoinPackage.java.POJoinPackage.getNext.Complex Method,0.2.0-rc0,0.11.1,0.12.0-rc0,26
pig,0.12.0-rc0,org.apache.pig.backend.hadoop.executionengine.physicalLayer.relationalOperators,POJoinPackage,getNextTuple,Complex Method,"designitejava,pmd,checkstyle",src/org/apache/pig/backend/hadoop/executionengine/physicalLayer/relationalOperators/POJoinPackage.java,src/org/apache/pig/backend/hadoop/executionengine/physicalLayer/relationalOperators/POJoinPackage.java.POJoinPackage.getNextTuple.Complex Method,0.12.0-rc0,0.12.1,0.13.0-rc0,4
pig,0.12.0-rc0,org.apache.pig.backend.hadoop.executionengine.physicalLayer.relationalOperators,POJoinPackage,getNextTuple,Long Method,"Decor,designitejava",src/org/apache/pig/backend/hadoop/executionengine/physicalLayer/relationalOperators/POJoinPackage.java,src/org/apache/pig/backend/hadoop/executionengine/physicalLayer/relationalOperators/POJoinPackage.java.POJoinPackage.getNextTuple.Long Method,0.12.0-rc0,0.12.1,0.13.0-rc0,4
pig,0.10.0-rc0,org.apache.pig.backend.hadoop.executionengine.physicalLayer.relationalOperators,POLimit,getNext,Complex Method,"designitejava,pmd,checkstyle",src/org/apache/pig/backend/hadoop/executionengine/physicalLayer/relationalOperators/POLimit.java,src/org/apache/pig/backend/hadoop/executionengine/physicalLayer/relationalOperators/POLimit.java.POLimit.getNext.Complex Method,0.10.0-rc0,0.11.1,0.12.0-rc0,8
pig,0.12.0-rc0,org.apache.pig.backend.hadoop.executionengine.physicalLayer.relationalOperators,POLimit,getNextTuple,Complex Method,"designitejava,pmd,checkstyle",src/org/apache/pig/backend/hadoop/executionengine/physicalLayer/relationalOperators/POLimit.java,src/org/apache/pig/backend/hadoop/executionengine/physicalLayer/relationalOperators/POLimit.java.POLimit.getNextTuple.Complex Method,0.12.0-rc0,0.17.0,0.17.0,14
pig,0.2.0-rc0,org.apache.pig.backend.hadoop.executionengine.physicalLayer.relationalOperators,POLocalRearrange,constructLROutput,Complex Method,"designitejava,pmd,checkstyle",src/org/apache/pig/backend/hadoop/executionengine/physicalLayer/relationalOperators/POLocalRearrange.java,src/org/apache/pig/backend/hadoop/executionengine/physicalLayer/relationalOperators/POLocalRearrange.java.POLocalRearrange.constructLROutput.Complex Method,0.2.0-rc0,0.17.0,0.17.0,40
pig,0.2.0-rc0,org.apache.pig.backend.hadoop.executionengine.physicalLayer.relationalOperators,POLocalRearrange,getNext,Complex Method,"designitejava,pmd,checkstyle",src/org/apache/pig/backend/hadoop/executionengine/physicalLayer/relationalOperators/POLocalRearrange.java,src/org/apache/pig/backend/hadoop/executionengine/physicalLayer/relationalOperators/POLocalRearrange.java.POLocalRearrange.getNext.Complex Method,0.2.0-rc0,0.11.1,0.12.0-rc0,26
pig,0.12.0-rc0,org.apache.pig.backend.hadoop.executionengine.physicalLayer.relationalOperators,POLocalRearrange,getNextTuple,Complex Method,"designitejava,pmd,checkstyle",src/org/apache/pig/backend/hadoop/executionengine/physicalLayer/relationalOperators/POLocalRearrange.java,src/org/apache/pig/backend/hadoop/executionengine/physicalLayer/relationalOperators/POLocalRearrange.java.POLocalRearrange.getNextTuple.Complex Method,0.12.0-rc0,0.17.0,0.17.0,14
pig,0.2.0-rc0,org.apache.pig.backend.hadoop.executionengine.physicalLayer.relationalOperators,POLocalRearrange,setPlans,Complex Method,"designitejava,pmd",src/org/apache/pig/backend/hadoop/executionengine/physicalLayer/relationalOperators/POLocalRearrange.java,src/org/apache/pig/backend/hadoop/executionengine/physicalLayer/relationalOperators/POLocalRearrange.java.POLocalRearrange.setPlans.Complex Method,0.2.0-rc0,0.17.0,0.17.0,40
pig,0.6.0-rc0,org.apache.pig.backend.hadoop.executionengine.physicalLayer.relationalOperators,POLocalRearrange,setSecondaryPlans,Complex Method,"designitejava,pmd,checkstyle",src/org/apache/pig/backend/hadoop/executionengine/physicalLayer/relationalOperators/POLocalRearrange.java,src/org/apache/pig/backend/hadoop/executionengine/physicalLayer/relationalOperators/POLocalRearrange.java.POLocalRearrange.setSecondaryPlans.Complex Method,0.6.0-rc0,0.17.0,0.17.0,34
pig,0.8.0,org.apache.pig.backend.hadoop.executionengine.physicalLayer.relationalOperators,POMergeCogroup,getNext,Complex Method,"designitejava,pmd,checkstyle",src/org/apache/pig/backend/hadoop/executionengine/physicalLayer/relationalOperators/POMergeCogroup.java,src/org/apache/pig/backend/hadoop/executionengine/physicalLayer/relationalOperators/POMergeCogroup.java.POMergeCogroup.getNext.Complex Method,0.8.0,0.11.1,0.12.0-rc0,17
pig,0.12.0-rc0,org.apache.pig.backend.hadoop.executionengine.physicalLayer.relationalOperators,POMergeCogroup,getNextTuple,Complex Method,"designitejava,pmd,checkstyle",src/org/apache/pig/backend/hadoop/executionengine/physicalLayer/relationalOperators/POMergeCogroup.java,src/org/apache/pig/backend/hadoop/executionengine/physicalLayer/relationalOperators/POMergeCogroup.java.POMergeCogroup.getNextTuple.Complex Method,0.12.0-rc0,0.17.0,0.17.0,14
pig,0.8.0,org.apache.pig.backend.hadoop.executionengine.physicalLayer.relationalOperators,POMergeCogroup,setup,Complex Method,"designitejava,pmd,checkstyle",src/org/apache/pig/backend/hadoop/executionengine/physicalLayer/relationalOperators/POMergeCogroup.java,src/org/apache/pig/backend/hadoop/executionengine/physicalLayer/relationalOperators/POMergeCogroup.java.POMergeCogroup.setup.Complex Method,0.8.0,0.17.0,0.17.0,31
pig,0.4.0-rc0,org.apache.pig.backend.hadoop.executionengine.physicalLayer.relationalOperators,POMergeJoin,,God Class,"pmd,checkstyle",src/org/apache/pig/backend/hadoop/executionengine/physicalLayer/relationalOperators/POMergeJoin.java,src/org/apache/pig/backend/hadoop/executionengine/physicalLayer/relationalOperators/POMergeJoin.java.POMergeJoin..God Class,0.4.0-rc0,0.17.0,0.17.0,37
pig,0.4.0-rc0,org.apache.pig.backend.hadoop.executionengine.physicalLayer.relationalOperators,POMergeJoin,getNext,Complex Method,"designitejava,pmd,checkstyle",src/org/apache/pig/backend/hadoop/executionengine/physicalLayer/relationalOperators/POMergeJoin.java,src/org/apache/pig/backend/hadoop/executionengine/physicalLayer/relationalOperators/POMergeJoin.java.POMergeJoin.getNext.Complex Method,0.4.0-rc0,0.11.1,0.12.0-rc0,23
pig,0.4.0-rc0,org.apache.pig.backend.hadoop.executionengine.physicalLayer.relationalOperators,POMergeJoin,getNextRightInp,Complex Method,"designitejava,pmd,checkstyle",src/org/apache/pig/backend/hadoop/executionengine/physicalLayer/relationalOperators/POMergeJoin.java,src/org/apache/pig/backend/hadoop/executionengine/physicalLayer/relationalOperators/POMergeJoin.java.POMergeJoin.getNextRightInp.Complex Method,0.4.0-rc0,0.5.0,0.6.0-rc0,3
pig,0.12.0-rc0,org.apache.pig.backend.hadoop.executionengine.physicalLayer.relationalOperators,POMergeJoin,getNextTuple,Complex Method,"designitejava,pmd,checkstyle",src/org/apache/pig/backend/hadoop/executionengine/physicalLayer/relationalOperators/POMergeJoin.java,src/org/apache/pig/backend/hadoop/executionengine/physicalLayer/relationalOperators/POMergeJoin.java.POMergeJoin.getNextTuple.Complex Method,0.12.0-rc0,0.17.0,0.17.0,14
pig,0.4.0-rc0,org.apache.pig.backend.hadoop.executionengine.physicalLayer.relationalOperators,POMergeJoin,seekInRightStream,Complex Method,"designitejava,pmd,checkstyle",src/org/apache/pig/backend/hadoop/executionengine/physicalLayer/relationalOperators/POMergeJoin.java,src/org/apache/pig/backend/hadoop/executionengine/physicalLayer/relationalOperators/POMergeJoin.java.POMergeJoin.seekInRightStream.Complex Method,0.4.0-rc0,0.5.0,0.6.0-rc0,3
pig,0.2.0-rc0,org.apache.pig.backend.hadoop.executionengine.physicalLayer.relationalOperators,POOptimizedForEach,getNext,Complex Method,"designitejava,pmd,checkstyle",src/org/apache/pig/backend/hadoop/executionengine/physicalLayer/relationalOperators/POOptimizedForEach.java,src/org/apache/pig/backend/hadoop/executionengine/physicalLayer/relationalOperators/POOptimizedForEach.java.POOptimizedForEach.getNext.Complex Method,0.2.0-rc0,0.11.1,0.12.0-rc0,26
pig,0.12.0-rc0,org.apache.pig.backend.hadoop.executionengine.physicalLayer.relationalOperators,POOptimizedForEach,getNextTuple,Complex Method,"designitejava,pmd",src/org/apache/pig/backend/hadoop/executionengine/physicalLayer/relationalOperators/POOptimizedForEach.java,src/org/apache/pig/backend/hadoop/executionengine/physicalLayer/relationalOperators/POOptimizedForEach.java.POOptimizedForEach.getNextTuple.Complex Method,0.12.0-rc0,0.17.0,0.17.0,14
pig,0.2.0-rc0,org.apache.pig.backend.hadoop.executionengine.physicalLayer.relationalOperators,POPackage,getNext,Complex Method,"designitejava,pmd",src/org/apache/pig/backend/hadoop/executionengine/physicalLayer/relationalOperators/POPackage.java,src/org/apache/pig/backend/hadoop/executionengine/physicalLayer/relationalOperators/POPackage.java.POPackage.getNext.Complex Method,0.2.0-rc0,0.11.1,0.12.0-rc0,26
pig,0.12.0-rc0,org.apache.pig.backend.hadoop.executionengine.physicalLayer.relationalOperators,POPackage,getNextTuple,Complex Method,"designitejava,pmd,checkstyle",src/org/apache/pig/backend/hadoop/executionengine/physicalLayer/relationalOperators/POPackage.java,src/org/apache/pig/backend/hadoop/executionengine/physicalLayer/relationalOperators/POPackage.java.POPackage.getNextTuple.Complex Method,0.12.0-rc0,0.17.0,0.17.0,14
pig,0.9.0-rc0,org.apache.pig.backend.hadoop.executionengine.physicalLayer.relationalOperators,POPackage,illustratorMarkup,Complex Method,"designitejava,pmd,checkstyle",src/org/apache/pig/backend/hadoop/executionengine/physicalLayer/relationalOperators/POPackage.java,src/org/apache/pig/backend/hadoop/executionengine/physicalLayer/relationalOperators/POPackage.java.POPackage.illustratorMarkup.Complex Method,0.9.0-rc0,0.12.1,0.13.0-rc0,18
pig,0.10.0-rc0,org.apache.pig.backend.hadoop.executionengine.physicalLayer.relationalOperators,POPartialAgg,getNext,Complex Method,"designitejava,pmd,checkstyle",src/org/apache/pig/backend/hadoop/executionengine/physicalLayer/relationalOperators/POPartialAgg.java,src/org/apache/pig/backend/hadoop/executionengine/physicalLayer/relationalOperators/POPartialAgg.java.POPartialAgg.getNext.Complex Method,0.10.0-rc0,0.11.1,0.12.0-rc0,8
pig,0.12.0-rc0,org.apache.pig.backend.hadoop.executionengine.physicalLayer.relationalOperators,POPartialAgg,getNextTuple,Complex Method,"designitejava,pmd,checkstyle",src/org/apache/pig/backend/hadoop/executionengine/physicalLayer/relationalOperators/POPartialAgg.java,src/org/apache/pig/backend/hadoop/executionengine/physicalLayer/relationalOperators/POPartialAgg.java.POPartialAgg.getNextTuple.Complex Method,0.12.0-rc0,0.17.0,0.17.0,14
pig,0.16.0-rc0,org.apache.pig.backend.hadoop.executionengine.physicalLayer.relationalOperators,POPartialAgg,spill,Complex Method,"designitejava,pmd,checkstyle",src/org/apache/pig/backend/hadoop/executionengine/physicalLayer/relationalOperators/POPartialAgg.java,src/org/apache/pig/backend/hadoop/executionengine/physicalLayer/relationalOperators/POPartialAgg.java.POPartialAgg.spill.Complex Method,0.16.0-rc0,0.17.0,0.17.0,4
pig,0.4.0-rc0,org.apache.pig.backend.hadoop.executionengine.physicalLayer.relationalOperators,POPartitionRearrange,getNext,Complex Method,"designitejava,pmd,checkstyle",src/org/apache/pig/backend/hadoop/executionengine/physicalLayer/relationalOperators/POPartitionRearrange.java,src/org/apache/pig/backend/hadoop/executionengine/physicalLayer/relationalOperators/POPartitionRearrange.java.POPartitionRearrange.getNext.Complex Method,0.4.0-rc0,0.11.1,0.12.0-rc0,23
pig,0.12.0-rc0,org.apache.pig.backend.hadoop.executionengine.physicalLayer.relationalOperators,POPartitionRearrange,getNextTuple,Complex Method,"designitejava,pmd",src/org/apache/pig/backend/hadoop/executionengine/physicalLayer/relationalOperators/POPartitionRearrange.java,src/org/apache/pig/backend/hadoop/executionengine/physicalLayer/relationalOperators/POPartitionRearrange.java.POPartitionRearrange.getNextTuple.Complex Method,0.12.0-rc0,0.17.0,0.17.0,14
pig,0.14.0-rc0,org.apache.pig.backend.hadoop.executionengine.physicalLayer.relationalOperators,POPoissonSample,getNextTuple,Complex Method,"designitejava,pmd,checkstyle",src/org/apache/pig/backend/hadoop/executionengine/physicalLayer/relationalOperators/POPoissonSample.java,src/org/apache/pig/backend/hadoop/executionengine/physicalLayer/relationalOperators/POPoissonSample.java.POPoissonSample.getNextTuple.Complex Method,0.14.0-rc0,0.17.0,0.17.0,8
pig,0.2.0-rc0,org.apache.pig.backend.hadoop.executionengine.physicalLayer.relationalOperators,POPreCombinerLocalRearrange,getNext,Complex Method,"designitejava,pmd,checkstyle",src/org/apache/pig/backend/hadoop/executionengine/physicalLayer/relationalOperators/POPreCombinerLocalRearrange.java,src/org/apache/pig/backend/hadoop/executionengine/physicalLayer/relationalOperators/POPreCombinerLocalRearrange.java.POPreCombinerLocalRearrange.getNext.Complex Method,0.2.0-rc0,0.11.1,0.12.0-rc0,26
pig,0.12.0-rc0,org.apache.pig.backend.hadoop.executionengine.physicalLayer.relationalOperators,POPreCombinerLocalRearrange,getNextTuple,Complex Method,"designitejava,pmd",src/org/apache/pig/backend/hadoop/executionengine/physicalLayer/relationalOperators/POPreCombinerLocalRearrange.java,src/org/apache/pig/backend/hadoop/executionengine/physicalLayer/relationalOperators/POPreCombinerLocalRearrange.java.POPreCombinerLocalRearrange.getNextTuple.Complex Method,0.12.0-rc0,0.17.0,0.17.0,14
pig,0.14.0-rc0,org.apache.pig.backend.hadoop.executionengine.physicalLayer.relationalOperators,POReservoirSample,getNextTuple,Complex Method,"designitejava,pmd,checkstyle",src/org/apache/pig/backend/hadoop/executionengine/physicalLayer/relationalOperators/POReservoirSample.java,src/org/apache/pig/backend/hadoop/executionengine/physicalLayer/relationalOperators/POReservoirSample.java.POReservoirSample.getNextTuple.Complex Method,0.14.0-rc0,0.17.0,0.17.0,8
pig,0.12.0-rc0,org.apache.pig.backend.hadoop.executionengine.physicalLayer.relationalOperators,POSort,getNextTuple,Complex Method,"designitejava,pmd",src/org/apache/pig/backend/hadoop/executionengine/physicalLayer/relationalOperators/POSort.java,src/org/apache/pig/backend/hadoop/executionengine/physicalLayer/relationalOperators/POSort.java.POSort.getNextTuple.Complex Method,0.12.0-rc0,0.17.0,0.17.0,14
pig,0.3.0,org.apache.pig.backend.hadoop.executionengine.physicalLayer.relationalOperators,POSplit,getStreamCloseResult,Complex Method,"designitejava,pmd,checkstyle",src/org/apache/pig/backend/hadoop/executionengine/physicalLayer/relationalOperators/POSplit.java,src/org/apache/pig/backend/hadoop/executionengine/physicalLayer/relationalOperators/POSplit.java.POSplit.getStreamCloseResult.Complex Method,0.3.0,0.17.0,0.17.0,38
pig,0.2.0-rc0,org.apache.pig.backend.hadoop.executionengine.physicalLayer.relationalOperators,POStream,getNext,Complex Method,"designitejava,pmd,checkstyle",src/org/apache/pig/backend/hadoop/executionengine/physicalLayer/relationalOperators/POStream.java,src/org/apache/pig/backend/hadoop/executionengine/physicalLayer/relationalOperators/POStream.java.POStream.getNext.Complex Method,0.2.0-rc0,0.11.1,0.12.0-rc0,26
pig,0.2.0-rc0,org.apache.pig.backend.hadoop.executionengine.physicalLayer.relationalOperators,POStream,getNextHelper,Complex Method,"pmd,checkstyle",src/org/apache/pig/backend/hadoop/executionengine/physicalLayer/relationalOperators/POStream.java,src/org/apache/pig/backend/hadoop/executionengine/physicalLayer/relationalOperators/POStream.java.POStream.getNextHelper.Complex Method,0.2.0-rc0,0.17.0,0.17.0,40
pig,0.12.0-rc0,org.apache.pig.backend.hadoop.executionengine.physicalLayer.relationalOperators,POStream,getNextTuple,Complex Method,"designitejava,pmd,checkstyle",src/org/apache/pig/backend/hadoop/executionengine/physicalLayer/relationalOperators/POStream.java,src/org/apache/pig/backend/hadoop/executionengine/physicalLayer/relationalOperators/POStream.java.POStream.getNextTuple.Complex Method,0.12.0-rc0,0.17.0,0.17.0,14
pig,0.2.0-rc0,org.apache.pig.backend.hadoop.executionengine.physicalLayer.relationalOperators,POUnion,getNext,Complex Method,"designitejava,pmd,checkstyle",src/org/apache/pig/backend/hadoop/executionengine/physicalLayer/relationalOperators/POUnion.java,src/org/apache/pig/backend/hadoop/executionengine/physicalLayer/relationalOperators/POUnion.java.POUnion.getNext.Complex Method,0.2.0-rc0,0.11.1,0.12.0-rc0,26
pig,0.12.0-rc0,org.apache.pig.backend.hadoop.executionengine.physicalLayer.relationalOperators,POUnion,getNextTuple,Complex Method,"designitejava,pmd,checkstyle",src/org/apache/pig/backend/hadoop/executionengine/physicalLayer/relationalOperators/POUnion.java,src/org/apache/pig/backend/hadoop/executionengine/physicalLayer/relationalOperators/POUnion.java.POUnion.getNextTuple.Complex Method,0.12.0-rc0,0.17.0,0.17.0,14
pig,0.13.0-rc0,org.apache.pig.backend.hadoop.executionengine.physicalLayer.relationalOperators,Packager,illustratorMarkup,Complex Method,"designitejava,pmd,checkstyle",src/org/apache/pig/backend/hadoop/executionengine/physicalLayer/relationalOperators/Packager.java,src/org/apache/pig/backend/hadoop/executionengine/physicalLayer/relationalOperators/Packager.java.Packager.illustratorMarkup.Complex Method,0.13.0-rc0,0.17.0,0.17.0,10
pig,0.8.0,org.apache.pig.backend.hadoop.executionengine.physicalLayer.util,MonitoredUDFExecutor,getDefaultValue,Complex Method,"pmd,checkstyle",src/org/apache/pig/backend/hadoop/executionengine/physicalLayer/util/MonitoredUDFExecutor.java,src/org/apache/pig/backend/hadoop/executionengine/physicalLayer/util/MonitoredUDFExecutor.java.MonitoredUDFExecutor.getDefaultValue.Complex Method,0.8.0,0.17.0,0.17.0,31
pig,0.17.0-rc0,org.apache.pig.backend.hadoop.executionengine.spark,JobGraphBuilder,physicalToRDD,Complex Method,"designitejava,pmd,checkstyle",src/org/apache/pig/backend/hadoop/executionengine/spark/JobGraphBuilder.java,src/org/apache/pig/backend/hadoop/executionengine/spark/JobGraphBuilder.java.JobGraphBuilder.physicalToRDD.Complex Method,0.17.0-rc0,0.17.0,0.17.0,2
pig,0.17.0-rc0,org.apache.pig.backend.hadoop.executionengine.spark,JobGraphBuilder,sparkOperToRDD,Complex Method,"designitejava,pmd,checkstyle",src/org/apache/pig/backend/hadoop/executionengine/spark/JobGraphBuilder.java,src/org/apache/pig/backend/hadoop/executionengine/spark/JobGraphBuilder.java.JobGraphBuilder.sparkOperToRDD.Complex Method,0.17.0-rc0,0.17.0,0.17.0,2
pig,0.17.0-rc0,org.apache.pig.backend.hadoop.executionengine.spark,SparkLauncher,,God Class,"pmd,checkstyle",src/org/apache/pig/backend/hadoop/executionengine/spark/SparkLauncher.java,src/org/apache/pig/backend/hadoop/executionengine/spark/SparkLauncher.java.SparkLauncher..God Class,0.17.0-rc0,0.17.0,0.17.0,2
pig,0.17.0-rc0,org.apache.pig.backend.hadoop.executionengine.spark,SparkLauncher,cleanUpSparkJob,Complex Method,"designitejava,pmd,checkstyle",src/org/apache/pig/backend/hadoop/executionengine/spark/SparkLauncher.java,src/org/apache/pig/backend/hadoop/executionengine/spark/SparkLauncher.java.SparkLauncher.cleanUpSparkJob.Complex Method,0.17.0-rc0,0.17.0,0.17.0,2
pig,0.17.0-rc0,org.apache.pig.backend.hadoop.executionengine.spark,SparkLauncher,startSparkIfNeeded,Complex Method,"designitejava,pmd,checkstyle",src/org/apache/pig/backend/hadoop/executionengine/spark/SparkLauncher.java,src/org/apache/pig/backend/hadoop/executionengine/spark/SparkLauncher.java.SparkLauncher.startSparkIfNeeded.Complex Method,0.17.0-rc0,0.17.0,0.17.0,2
pig,0.17.0-rc0,org.apache.pig.backend.hadoop.executionengine.spark.converter,IndexedKey,equals,Complex Method,"designitejava,pmd,checkstyle",src/org/apache/pig/backend/hadoop/executionengine/spark/converter/IndexedKey.java,src/org/apache/pig/backend/hadoop/executionengine/spark/converter/IndexedKey.java.IndexedKey.equals.Complex Method,0.17.0-rc0,0.17.0,0.17.0,2
pig,0.17.0-rc0,org.apache.pig.backend.hadoop.executionengine.spark.converter,OutputConsumerIterator,readNext,Complex Method,"designitejava,pmd,checkstyle",src/org/apache/pig/backend/hadoop/executionengine/spark/converter/OutputConsumerIterator.java,src/org/apache/pig/backend/hadoop/executionengine/spark/converter/OutputConsumerIterator.java.OutputConsumerIterator.readNext.Complex Method,0.17.0-rc0,0.17.0,0.17.0,2
pig,0.17.0-rc0,org.apache.pig.backend.hadoop.executionengine.spark.converter,PigSecondaryKeyComparatorSpark,compareKeys,Complex Method,"designitejava,pmd,checkstyle",src/org/apache/pig/backend/hadoop/executionengine/spark/converter/PigSecondaryKeyComparatorSpark.java,src/org/apache/pig/backend/hadoop/executionengine/spark/converter/PigSecondaryKeyComparatorSpark.java.PigSecondaryKeyComparatorSpark.compareKeys.Complex Method,0.17.0-rc0,0.17.0,0.17.0,2
pig,0.17.0-rc0,org.apache.pig.backend.hadoop.executionengine.spark.operator,POPoissonSampleSpark,getNextTuple,Complex Method,"designitejava,pmd,checkstyle",src/org/apache/pig/backend/hadoop/executionengine/spark/operator/POPoissonSampleSpark.java,src/org/apache/pig/backend/hadoop/executionengine/spark/operator/POPoissonSampleSpark.java.POPoissonSampleSpark.getNextTuple.Complex Method,0.17.0-rc0,0.17.0,0.17.0,2
pig,0.17.0-rc0,org.apache.pig.backend.hadoop.executionengine.spark.optimizer,CombinerOptimizer,addCombiner,Complex Method,"designitejava,pmd,checkstyle",src/org/apache/pig/backend/hadoop/executionengine/spark/optimizer/CombinerOptimizer.java,src/org/apache/pig/backend/hadoop/executionengine/spark/optimizer/CombinerOptimizer.java.CombinerOptimizer.addCombiner.Complex Method,0.17.0-rc0,0.17.0,0.17.0,2
pig,0.17.0-rc0,org.apache.pig.backend.hadoop.executionengine.spark.optimizer,MultiQueryOptimizerSpark,visitSparkOp,Complex Method,"designitejava,pmd,checkstyle",src/org/apache/pig/backend/hadoop/executionengine/spark/optimizer/MultiQueryOptimizerSpark.java,src/org/apache/pig/backend/hadoop/executionengine/spark/optimizer/MultiQueryOptimizerSpark.java.MultiQueryOptimizerSpark.visitSparkOp.Complex Method,0.17.0-rc0,0.17.0,0.17.0,2
pig,0.17.0-rc0,org.apache.pig.backend.hadoop.executionengine.spark.optimizer,SecondaryKeyOptimizerSpark,getMapPlan,Complex Method,"designitejava,pmd",src/org/apache/pig/backend/hadoop/executionengine/spark/optimizer/SecondaryKeyOptimizerSpark.java,src/org/apache/pig/backend/hadoop/executionengine/spark/optimizer/SecondaryKeyOptimizerSpark.java.SecondaryKeyOptimizerSpark.getMapPlan.Complex Method,0.17.0-rc0,0.17.0,0.17.0,2
pig,0.17.0-rc0,org.apache.pig.backend.hadoop.executionengine.spark.optimizer,SecondaryKeyOptimizerSpark,getReducePlan,Complex Method,"designitejava,pmd",src/org/apache/pig/backend/hadoop/executionengine/spark/optimizer/SecondaryKeyOptimizerSpark.java,src/org/apache/pig/backend/hadoop/executionengine/spark/optimizer/SecondaryKeyOptimizerSpark.java.SecondaryKeyOptimizerSpark.getReducePlan.Complex Method,0.17.0-rc0,0.17.0,0.17.0,2
pig,0.17.0-rc0,org.apache.pig.backend.hadoop.executionengine.spark.optimizer,SecondaryKeyOptimizerSpark,visitSparkOp,Complex Method,"designitejava,pmd,checkstyle",src/org/apache/pig/backend/hadoop/executionengine/spark/optimizer/SecondaryKeyOptimizerSpark.java,src/org/apache/pig/backend/hadoop/executionengine/spark/optimizer/SecondaryKeyOptimizerSpark.java.SecondaryKeyOptimizerSpark.visitSparkOp.Complex Method,0.17.0-rc0,0.17.0,0.17.0,2
pig,0.17.0-rc0,org.apache.pig.backend.hadoop.executionengine.spark.plan,SparkCompiler,,God Class,"pmd,checkstyle",src/org/apache/pig/backend/hadoop/executionengine/spark/plan/SparkCompiler.java,src/org/apache/pig/backend/hadoop/executionengine/spark/plan/SparkCompiler.java.SparkCompiler..God Class,0.17.0-rc0,0.17.0,0.17.0,2
pig,0.17.0-rc0,org.apache.pig.backend.hadoop.executionengine.spark.plan,SparkCompiler,compile,Complex Method,"designitejava,pmd,checkstyle",src/org/apache/pig/backend/hadoop/executionengine/spark/plan/SparkCompiler.java,src/org/apache/pig/backend/hadoop/executionengine/spark/plan/SparkCompiler.java.SparkCompiler.compile.Complex Method,0.17.0-rc0,0.17.0,0.17.0,2
pig,0.17.0-rc0,org.apache.pig.backend.hadoop.executionengine.spark.plan,SparkCompiler,getSamplingJob,Long Parameter List,"designitejava,checkstyle",src/org/apache/pig/backend/hadoop/executionengine/spark/plan/SparkCompiler.java,src/org/apache/pig/backend/hadoop/executionengine/spark/plan/SparkCompiler.java.SparkCompiler.getSamplingJob.Long Parameter List,0.17.0-rc0,0.17.0,0.17.0,2
pig,0.17.0-rc0,org.apache.pig.backend.hadoop.executionengine.spark.plan,SparkCompiler,getSortJob,Long Parameter List,"designitejava,checkstyle",src/org/apache/pig/backend/hadoop/executionengine/spark/plan/SparkCompiler.java,src/org/apache/pig/backend/hadoop/executionengine/spark/plan/SparkCompiler.java.SparkCompiler.getSortJob.Long Parameter List,0.17.0-rc0,0.17.0,0.17.0,2
pig,0.17.0-rc0,org.apache.pig.backend.hadoop.executionengine.spark.plan,SparkCompiler,merge,Complex Method,"designitejava,pmd,checkstyle",src/org/apache/pig/backend/hadoop/executionengine/spark/plan/SparkCompiler.java,src/org/apache/pig/backend/hadoop/executionengine/spark/plan/SparkCompiler.java.SparkCompiler.merge.Complex Method,0.17.0-rc0,0.17.0,0.17.0,2
pig,0.17.0-rc0,org.apache.pig.backend.hadoop.executionengine.spark.plan,SparkCompiler,visitMergeCoGroup,Complex Method,"designitejava,pmd,checkstyle",src/org/apache/pig/backend/hadoop/executionengine/spark/plan/SparkCompiler.java,src/org/apache/pig/backend/hadoop/executionengine/spark/plan/SparkCompiler.java.SparkCompiler.visitMergeCoGroup.Complex Method,0.17.0-rc0,0.17.0,0.17.0,2
pig,0.17.0-rc0,org.apache.pig.backend.hadoop.executionengine.spark.plan,SparkCompiler,visitMergeJoin,Complex Method,"designitejava,pmd,checkstyle",src/org/apache/pig/backend/hadoop/executionengine/spark/plan/SparkCompiler.java,src/org/apache/pig/backend/hadoop/executionengine/spark/plan/SparkCompiler.java.SparkCompiler.visitMergeJoin.Complex Method,0.17.0-rc0,0.17.0,0.17.0,2
pig,0.14.0-rc0,org.apache.pig.backend.hadoop.executionengine.tez,TezDagBuilder,,God Class,"pmd,checkstyle",src/org/apache/pig/backend/hadoop/executionengine/tez/TezDagBuilder.java,src/org/apache/pig/backend/hadoop/executionengine/tez/TezDagBuilder.java.TezDagBuilder..God Class,0.14.0-rc0,0.17.0,0.17.0,8
pig,0.14.0-rc0,org.apache.pig.backend.hadoop.executionengine.tez,TezDagBuilder,comparatorForKeyType,Complex Method,"designitejava,checkstyle",src/org/apache/pig/backend/hadoop/executionengine/tez/TezDagBuilder.java,src/org/apache/pig/backend/hadoop/executionengine/tez/TezDagBuilder.java.TezDagBuilder.comparatorForKeyType.Complex Method,0.14.0-rc0,0.15.0,0.16.0-rc0,4
pig,0.14.0-rc0,org.apache.pig.backend.hadoop.executionengine.tez,TezDagBuilder,getGroupingComparatorForKeyType,Complex Method,"designitejava,checkstyle",src/org/apache/pig/backend/hadoop/executionengine/tez/TezDagBuilder.java,src/org/apache/pig/backend/hadoop/executionengine/tez/TezDagBuilder.java.TezDagBuilder.getGroupingComparatorForKeyType.Complex Method,0.14.0-rc0,0.15.0,0.16.0-rc0,4
pig,0.16.0-rc0,org.apache.pig.backend.hadoop.executionengine.tez,TezDagBuilder,getRawBytesComparator,Complex Method,"designitejava,checkstyle",src/org/apache/pig/backend/hadoop/executionengine/tez/TezDagBuilder.java,src/org/apache/pig/backend/hadoop/executionengine/tez/TezDagBuilder.java.TezDagBuilder.getRawBytesComparator.Complex Method,0.16.0-rc0,0.17.0,0.17.0,4
pig,0.16.0-rc0,org.apache.pig.backend.hadoop.executionengine.tez,TezDagBuilder,getRawBytesComparatorForSkewedJoin,Complex Method,"designitejava,checkstyle",src/org/apache/pig/backend/hadoop/executionengine/tez/TezDagBuilder.java,src/org/apache/pig/backend/hadoop/executionengine/tez/TezDagBuilder.java.TezDagBuilder.getRawBytesComparatorForSkewedJoin.Complex Method,0.16.0-rc0,0.17.0,0.17.0,4
pig,0.16.0-rc0,org.apache.pig.backend.hadoop.executionengine.tez,TezDagBuilder,getRawComparator,Complex Method,"designitejava,checkstyle",src/org/apache/pig/backend/hadoop/executionengine/tez/TezDagBuilder.java,src/org/apache/pig/backend/hadoop/executionengine/tez/TezDagBuilder.java.TezDagBuilder.getRawComparator.Complex Method,0.16.0-rc0,0.17.0,0.17.0,4
pig,0.16.0-rc0,org.apache.pig.backend.hadoop.executionengine.tez,TezDagBuilder,getRawComparatorForSkewedJoin,Complex Method,"designitejava,checkstyle",src/org/apache/pig/backend/hadoop/executionengine/tez/TezDagBuilder.java,src/org/apache/pig/backend/hadoop/executionengine/tez/TezDagBuilder.java.TezDagBuilder.getRawComparatorForSkewedJoin.Complex Method,0.16.0-rc0,0.17.0,0.17.0,4
pig,0.14.0-rc0,org.apache.pig.backend.hadoop.executionengine.tez,TezDagBuilder,newEdge,Complex Method,"designitejava,checkstyle",src/org/apache/pig/backend/hadoop/executionengine/tez/TezDagBuilder.java,src/org/apache/pig/backend/hadoop/executionengine/tez/TezDagBuilder.java.TezDagBuilder.newEdge.Complex Method,0.14.0-rc0,0.17.0,0.17.0,8
pig,0.14.0-rc0,org.apache.pig.backend.hadoop.executionengine.tez,TezDagBuilder,newVertex,Complex Method,"designitejava,pmd,checkstyle",src/org/apache/pig/backend/hadoop/executionengine/tez/TezDagBuilder.java,src/org/apache/pig/backend/hadoop/executionengine/tez/TezDagBuilder.java.TezDagBuilder.newVertex.Complex Method,0.14.0-rc0,0.17.0,0.17.0,8
pig,0.14.0-rc0,org.apache.pig.backend.hadoop.executionengine.tez,TezDagBuilder,processStores,Complex Method,"designitejava,pmd",src/org/apache/pig/backend/hadoop/executionengine/tez/TezDagBuilder.java,src/org/apache/pig/backend/hadoop/executionengine/tez/TezDagBuilder.java.TezDagBuilder.processStores.Complex Method,0.14.0-rc0,0.17.0,0.17.0,8
pig,0.14.0-rc0,org.apache.pig.backend.hadoop.executionengine.tez,TezDagBuilder,visitTezOp,Complex Method,"designitejava,pmd",src/org/apache/pig/backend/hadoop/executionengine/tez/TezDagBuilder.java,src/org/apache/pig/backend/hadoop/executionengine/tez/TezDagBuilder.java.TezDagBuilder.visitTezOp.Complex Method,0.14.0-rc0,0.17.0,0.17.0,8
pig,0.17.0-rc0,org.apache.pig.backend.hadoop.executionengine.tez,TezJobCompiler,getJob,Complex Method,"designitejava,checkstyle",src/org/apache/pig/backend/hadoop/executionengine/tez/TezJobCompiler.java,src/org/apache/pig/backend/hadoop/executionengine/tez/TezJobCompiler.java.TezJobCompiler.getJob.Complex Method,0.17.0-rc0,0.17.0,0.17.0,2
pig,0.14.0-rc0,org.apache.pig.backend.hadoop.executionengine.tez,TezLauncher,launchPig,Complex Method,"designitejava,pmd,checkstyle",src/org/apache/pig/backend/hadoop/executionengine/tez/TezLauncher.java,src/org/apache/pig/backend/hadoop/executionengine/tez/TezLauncher.java.TezLauncher.launchPig.Complex Method,0.14.0-rc0,0.17.0,0.17.0,8
pig,0.16.0-rc0,org.apache.pig.backend.hadoop.executionengine.tez,TezLauncher,optimize,Complex Method,"designitejava,checkstyle",src/org/apache/pig/backend/hadoop/executionengine/tez/TezLauncher.java,src/org/apache/pig/backend/hadoop/executionengine/tez/TezLauncher.java.TezLauncher.optimize.Complex Method,0.16.0-rc0,0.17.0,0.17.0,4
pig,0.16.0-rc0,org.apache.pig.backend.hadoop.executionengine.tez,TezSessionManager,adjustAMConfig,Complex Method,"designitejava,pmd,checkstyle",src/org/apache/pig/backend/hadoop/executionengine/tez/TezSessionManager.java,src/org/apache/pig/backend/hadoop/executionengine/tez/TezSessionManager.java.TezSessionManager.adjustAMConfig.Complex Method,0.16.0-rc0,0.17.0,0.17.0,4
pig,0.14.0-rc0,org.apache.pig.backend.hadoop.executionengine.tez.plan,TezCompiler,,God Class,"pmd,checkstyle",src/org/apache/pig/backend/hadoop/executionengine/tez/plan/TezCompiler.java,src/org/apache/pig/backend/hadoop/executionengine/tez/plan/TezCompiler.java.TezCompiler..God Class,0.14.0-rc0,0.17.0,0.17.0,8
pig,0.14.0-rc0,org.apache.pig.backend.hadoop.executionengine.tez.plan,TezCompiler,compile,Complex Method,"designitejava,pmd,checkstyle",src/org/apache/pig/backend/hadoop/executionengine/tez/plan/TezCompiler.java,src/org/apache/pig/backend/hadoop/executionengine/tez/plan/TezCompiler.java.TezCompiler.compile.Complex Method,0.14.0-rc0,0.17.0,0.17.0,8
pig,0.14.0-rc0,org.apache.pig.backend.hadoop.executionengine.tez.plan,TezCompiler,endSingleInputWithStoreAndSample,Complex Method,"designitejava,pmd,checkstyle",src/org/apache/pig/backend/hadoop/executionengine/tez/plan/TezCompiler.java,src/org/apache/pig/backend/hadoop/executionengine/tez/plan/TezCompiler.java.TezCompiler.endSingleInputWithStoreAndSample.Complex Method,0.14.0-rc0,0.15.0,0.16.0-rc0,4
pig,0.14.0-rc0,org.apache.pig.backend.hadoop.executionengine.tez.plan,TezCompiler,merge,Complex Method,"designitejava,pmd,checkstyle",src/org/apache/pig/backend/hadoop/executionengine/tez/plan/TezCompiler.java,src/org/apache/pig/backend/hadoop/executionengine/tez/plan/TezCompiler.java.TezCompiler.merge.Complex Method,0.14.0-rc0,0.17.0,0.17.0,8
pig,0.14.0-rc0,org.apache.pig.backend.hadoop.executionengine.tez.plan,TezCompiler,visitFRJoin,Complex Method,"designitejava,pmd",src/org/apache/pig/backend/hadoop/executionengine/tez/plan/TezCompiler.java,src/org/apache/pig/backend/hadoop/executionengine/tez/plan/TezCompiler.java.TezCompiler.visitFRJoin.Complex Method,0.14.0-rc0,0.17.0,0.17.0,8
pig,0.14.0-rc0,org.apache.pig.backend.hadoop.executionengine.tez.plan,TezCompiler,visitLimit,Complex Method,"designitejava,pmd,checkstyle",src/org/apache/pig/backend/hadoop/executionengine/tez/plan/TezCompiler.java,src/org/apache/pig/backend/hadoop/executionengine/tez/plan/TezCompiler.java.TezCompiler.visitLimit.Complex Method,0.14.0-rc0,0.17.0,0.17.0,8
pig,0.14.0-rc0,org.apache.pig.backend.hadoop.executionengine.tez.plan,TezCompiler,visitMergeCoGroup,Complex Method,"designitejava,pmd,checkstyle",src/org/apache/pig/backend/hadoop/executionengine/tez/plan/TezCompiler.java,src/org/apache/pig/backend/hadoop/executionengine/tez/plan/TezCompiler.java.TezCompiler.visitMergeCoGroup.Complex Method,0.14.0-rc0,0.17.0,0.17.0,8
pig,0.14.0-rc0,org.apache.pig.backend.hadoop.executionengine.tez.plan,TezCompiler,visitMergeJoin,Complex Method,"designitejava,pmd,checkstyle",src/org/apache/pig/backend/hadoop/executionengine/tez/plan/TezCompiler.java,src/org/apache/pig/backend/hadoop/executionengine/tez/plan/TezCompiler.java.TezCompiler.visitMergeJoin.Complex Method,0.14.0-rc0,0.17.0,0.17.0,8
pig,0.14.0-rc0,org.apache.pig.backend.hadoop.executionengine.tez.plan,TezCompiler,visitSkewedJoin,Complex Method,"designitejava,checkstyle",src/org/apache/pig/backend/hadoop/executionengine/tez/plan/TezCompiler.java,src/org/apache/pig/backend/hadoop/executionengine/tez/plan/TezCompiler.java.TezCompiler.visitSkewedJoin.Complex Method,0.14.0-rc0,0.17.0,0.17.0,8
pig,0.15.0-rc0,org.apache.pig.backend.hadoop.executionengine.tez.plan,TezOperPlan,getGrandParentsForGraceParallelism,Complex Method,"designitejava,pmd,checkstyle",src/org/apache/pig/backend/hadoop/executionengine/tez/plan/TezOperPlan.java,src/org/apache/pig/backend/hadoop/executionengine/tez/plan/TezOperPlan.java.TezOperPlan.getGrandParentsForGraceParallelism.Complex Method,0.15.0-rc0,0.17.0,0.17.0,6
pig,0.14.0-rc0,org.apache.pig.backend.hadoop.executionengine.tez.plan,TezOperPlan,moveTree,Complex Method,"designitejava,pmd,checkstyle",src/org/apache/pig/backend/hadoop/executionengine/tez/plan/TezOperPlan.java,src/org/apache/pig/backend/hadoop/executionengine/tez/plan/TezOperPlan.java.TezOperPlan.moveTree.Complex Method,0.14.0-rc0,0.17.0,0.17.0,8
pig,0.14.0-rc0,org.apache.pig.backend.hadoop.executionengine.tez.plan,TezOperator,,God Class,"pmd,checkstyle",src/org/apache/pig/backend/hadoop/executionengine/tez/plan/TezOperator.java,src/org/apache/pig/backend/hadoop/executionengine/tez/plan/TezOperator.java.TezOperator..God Class,0.14.0-rc0,0.17.0,0.17.0,8
pig,0.16.0-rc0,org.apache.pig.backend.hadoop.executionengine.tez.plan,TezPrinter,visitTezOp,Complex Method,"designitejava,pmd",src/org/apache/pig/backend/hadoop/executionengine/tez/plan/TezPrinter.java,src/org/apache/pig/backend/hadoop/executionengine/tez/plan/TezPrinter.java.TezPrinter.visitTezOp.Complex Method,0.16.0-rc0,0.17.0,0.17.0,4
pig,0.17.0-rc0,org.apache.pig.backend.hadoop.executionengine.tez.plan.operator,POBuildBloomRearrangeTez,getNextTuple,Complex Method,"designitejava,pmd,checkstyle",src/org/apache/pig/backend/hadoop/executionengine/tez/plan/operator/POBuildBloomRearrangeTez.java,src/org/apache/pig/backend/hadoop/executionengine/tez/plan/operator/POBuildBloomRearrangeTez.java.POBuildBloomRearrangeTez.getNextTuple.Complex Method,0.17.0-rc0,0.17.0,0.17.0,2
pig,0.14.0-rc0,org.apache.pig.backend.hadoop.executionengine.tez.plan.operator,POFRJoinTez,setUpHashMap,Complex Method,"designitejava,pmd,checkstyle",src/org/apache/pig/backend/hadoop/executionengine/tez/plan/operator/POFRJoinTez.java,src/org/apache/pig/backend/hadoop/executionengine/tez/plan/operator/POFRJoinTez.java.POFRJoinTez.setUpHashMap.Complex Method,0.14.0-rc0,0.17.0,0.17.0,8
pig,0.14.0-rc0,org.apache.pig.backend.hadoop.executionengine.tez.plan.operator,POLocalRearrangeTezFactory,create,Complex Method,"designitejava,checkstyle",src/org/apache/pig/backend/hadoop/executionengine/tez/plan/operator/POLocalRearrangeTezFactory.java,src/org/apache/pig/backend/hadoop/executionengine/tez/plan/operator/POLocalRearrangeTezFactory.java.POLocalRearrangeTezFactory.create.Complex Method,0.14.0-rc0,0.17.0,0.17.0,8
pig,0.14.0-rc0,org.apache.pig.backend.hadoop.executionengine.tez.plan.operator,POPartitionRearrangeTez,getNextTuple,Complex Method,"designitejava,pmd,checkstyle",src/org/apache/pig/backend/hadoop/executionengine/tez/plan/operator/POPartitionRearrangeTez.java,src/org/apache/pig/backend/hadoop/executionengine/tez/plan/operator/POPartitionRearrangeTez.java.POPartitionRearrangeTez.getNextTuple.Complex Method,0.14.0-rc0,0.17.0,0.17.0,8
pig,0.14.0-rc0,org.apache.pig.backend.hadoop.executionengine.tez.plan.operator,POShuffleTezLoad,getNextTuple,Complex Method,"designitejava,pmd,checkstyle",src/org/apache/pig/backend/hadoop/executionengine/tez/plan/operator/POShuffleTezLoad.java,src/org/apache/pig/backend/hadoop/executionengine/tez/plan/operator/POShuffleTezLoad.java.POShuffleTezLoad.getNextTuple.Complex Method,0.14.0-rc0,0.17.0,0.17.0,8
pig,0.16.0-rc0,org.apache.pig.backend.hadoop.executionengine.tez.plan.operator,POValueInputTez,getNextTuple,Complex Method,"designitejava,pmd",src/org/apache/pig/backend/hadoop/executionengine/tez/plan/operator/POValueInputTez.java,src/org/apache/pig/backend/hadoop/executionengine/tez/plan/operator/POValueInputTez.java.POValueInputTez.getNextTuple.Complex Method,0.16.0-rc0,0.17.0,0.17.0,4
pig,0.16.0-rc0,org.apache.pig.backend.hadoop.executionengine.tez.plan.operator,POValueOutputTez,getNextTuple,Complex Method,"designitejava,pmd",src/org/apache/pig/backend/hadoop/executionengine/tez/plan/operator/POValueOutputTez.java,src/org/apache/pig/backend/hadoop/executionengine/tez/plan/operator/POValueOutputTez.java.POValueOutputTez.getNextTuple.Complex Method,0.16.0-rc0,0.17.0,0.17.0,4
pig,0.14.0-rc0,org.apache.pig.backend.hadoop.executionengine.tez.plan.optimizer,CombinerOptimizer,visitTezOp,Complex Method,"designitejava,pmd",src/org/apache/pig/backend/hadoop/executionengine/tez/plan/optimizer/CombinerOptimizer.java,src/org/apache/pig/backend/hadoop/executionengine/tez/plan/optimizer/CombinerOptimizer.java.CombinerOptimizer.visitTezOp.Complex Method,0.14.0-rc0,0.17.0,0.17.0,8
pig,0.14.0-rc0,org.apache.pig.backend.hadoop.executionengine.tez.plan.optimizer,LoaderProcessor,processLoads,Complex Method,"designitejava,pmd,checkstyle",src/org/apache/pig/backend/hadoop/executionengine/tez/plan/optimizer/LoaderProcessor.java,src/org/apache/pig/backend/hadoop/executionengine/tez/plan/optimizer/LoaderProcessor.java.LoaderProcessor.processLoads.Complex Method,0.14.0-rc0,0.17.0,0.17.0,8
pig,0.14.0-rc0,org.apache.pig.backend.hadoop.executionengine.tez.plan.optimizer,MultiQueryOptimizerTez,removeSplittee,Complex Method,"designitejava,pmd",src/org/apache/pig/backend/hadoop/executionengine/tez/plan/optimizer/MultiQueryOptimizerTez.java,src/org/apache/pig/backend/hadoop/executionengine/tez/plan/optimizer/MultiQueryOptimizerTez.java.MultiQueryOptimizerTez.removeSplittee.Complex Method,0.14.0-rc0,0.17.0,0.17.0,8
pig,0.14.0-rc0,org.apache.pig.backend.hadoop.executionengine.tez.plan.optimizer,MultiQueryOptimizerTez,visitTezOp,Complex Method,"designitejava,pmd,checkstyle",src/org/apache/pig/backend/hadoop/executionengine/tez/plan/optimizer/MultiQueryOptimizerTez.java,src/org/apache/pig/backend/hadoop/executionengine/tez/plan/optimizer/MultiQueryOptimizerTez.java.MultiQueryOptimizerTez.visitTezOp.Complex Method,0.14.0-rc0,0.17.0,0.17.0,8
pig,0.14.0-rc0,org.apache.pig.backend.hadoop.executionengine.tez.plan.optimizer,ParallelismSetter,visitTezOp,Complex Method,"designitejava,pmd,checkstyle",src/org/apache/pig/backend/hadoop/executionengine/tez/plan/optimizer/ParallelismSetter.java,src/org/apache/pig/backend/hadoop/executionengine/tez/plan/optimizer/ParallelismSetter.java.ParallelismSetter.visitTezOp.Complex Method,0.14.0-rc0,0.17.0,0.17.0,8
pig,0.14.0-rc0,org.apache.pig.backend.hadoop.executionengine.tez.plan.optimizer,SecondaryKeyOptimizerTez,visitTezOp,Complex Method,"designitejava,checkstyle",src/org/apache/pig/backend/hadoop/executionengine/tez/plan/optimizer/SecondaryKeyOptimizerTez.java,src/org/apache/pig/backend/hadoop/executionengine/tez/plan/optimizer/SecondaryKeyOptimizerTez.java.SecondaryKeyOptimizerTez.visitTezOp.Complex Method,0.14.0-rc0,0.17.0,0.17.0,8
pig,0.14.0-rc0,org.apache.pig.backend.hadoop.executionengine.tez.plan.optimizer,TezOperDependencyParallelismEstimator,estimateParallelism,Complex Method,"designitejava,pmd,checkstyle",src/org/apache/pig/backend/hadoop/executionengine/tez/plan/optimizer/TezOperDependencyParallelismEstimator.java,src/org/apache/pig/backend/hadoop/executionengine/tez/plan/optimizer/TezOperDependencyParallelismEstimator.java.TezOperDependencyParallelismEstimator.estimateParallelism.Complex Method,0.14.0-rc0,0.17.0,0.17.0,8
pig,0.15.0-rc0,org.apache.pig.backend.hadoop.executionengine.tez.plan.optimizer,UnionOptimizer,connectSplitOpToUnionSuccessors,Complex Method,"designitejava,pmd,checkstyle",src/org/apache/pig/backend/hadoop/executionengine/tez/plan/optimizer/UnionOptimizer.java,src/org/apache/pig/backend/hadoop/executionengine/tez/plan/optimizer/UnionOptimizer.java.UnionOptimizer.connectSplitOpToUnionSuccessors.Complex Method,0.15.0-rc0,0.17.0,0.17.0,6
pig,0.15.0-rc0,org.apache.pig.backend.hadoop.executionengine.tez.plan.optimizer,UnionOptimizer,connectSplitOpToUnionSuccessors,Feature Envy,"designitejava,checkstyle",src/org/apache/pig/backend/hadoop/executionengine/tez/plan/optimizer/UnionOptimizer.java,src/org/apache/pig/backend/hadoop/executionengine/tez/plan/optimizer/UnionOptimizer.java.UnionOptimizer.connectSplitOpToUnionSuccessors.Feature Envy,0.15.0-rc0,0.17.0,0.17.0,6
pig,0.15.0-rc0,org.apache.pig.backend.hadoop.executionengine.tez.plan.optimizer,UnionOptimizer,connectUnionNonMemberPredecessorsToSplit,Complex Method,"designitejava,pmd",src/org/apache/pig/backend/hadoop/executionengine/tez/plan/optimizer/UnionOptimizer.java,src/org/apache/pig/backend/hadoop/executionengine/tez/plan/optimizer/UnionOptimizer.java.UnionOptimizer.connectUnionNonMemberPredecessorsToSplit.Complex Method,0.15.0-rc0,0.17.0,0.17.0,6
pig,0.15.0-rc0,org.apache.pig.backend.hadoop.executionengine.tez.plan.optimizer,UnionOptimizer,connectVertexGroupsToSuccessors,Complex Method,"designitejava,pmd",src/org/apache/pig/backend/hadoop/executionengine/tez/plan/optimizer/UnionOptimizer.java,src/org/apache/pig/backend/hadoop/executionengine/tez/plan/optimizer/UnionOptimizer.java.UnionOptimizer.connectVertexGroupsToSuccessors.Complex Method,0.15.0-rc0,0.17.0,0.17.0,6
pig,0.15.0-rc0,org.apache.pig.backend.hadoop.executionengine.tez.plan.optimizer,UnionOptimizer,connectVertexGroupsToSuccessors,Feature Envy,"designitejava,checkstyle",src/org/apache/pig/backend/hadoop/executionengine/tez/plan/optimizer/UnionOptimizer.java,src/org/apache/pig/backend/hadoop/executionengine/tez/plan/optimizer/UnionOptimizer.java.UnionOptimizer.connectVertexGroupsToSuccessors.Feature Envy,0.15.0-rc0,0.17.0,0.17.0,6
pig,0.16.0-rc0,org.apache.pig.backend.hadoop.executionengine.tez.plan.optimizer,UnionOptimizer,isOptimizableStoreFunc,Complex Method,"designitejava,pmd,checkstyle",src/org/apache/pig/backend/hadoop/executionengine/tez/plan/optimizer/UnionOptimizer.java,src/org/apache/pig/backend/hadoop/executionengine/tez/plan/optimizer/UnionOptimizer.java.UnionOptimizer.isOptimizableStoreFunc.Complex Method,0.16.0-rc0,0.17.0,0.17.0,4
pig,0.15.0-rc0,org.apache.pig.backend.hadoop.executionengine.tez.plan.optimizer,UnionOptimizer,replaceSuccessorInputsAndDisconnect,Complex Method,"designitejava,pmd",src/org/apache/pig/backend/hadoop/executionengine/tez/plan/optimizer/UnionOptimizer.java,src/org/apache/pig/backend/hadoop/executionengine/tez/plan/optimizer/UnionOptimizer.java.UnionOptimizer.replaceSuccessorInputsAndDisconnect.Complex Method,0.15.0-rc0,0.17.0,0.17.0,6
pig,0.14.0-rc0,org.apache.pig.backend.hadoop.executionengine.tez.plan.optimizer,UnionOptimizer,visitTezOp,Complex Method,"designitejava,pmd,checkstyle",src/org/apache/pig/backend/hadoop/executionengine/tez/plan/optimizer/UnionOptimizer.java,src/org/apache/pig/backend/hadoop/executionengine/tez/plan/optimizer/UnionOptimizer.java.UnionOptimizer.visitTezOp.Complex Method,0.14.0-rc0,0.17.0,0.17.0,8
pig,0.15.0-rc0,org.apache.pig.backend.hadoop.executionengine.tez.runtime,PigGraceShuffleVertexManager,onVertexStateUpdated,Complex Method,"designitejava,pmd,checkstyle",src/org/apache/pig/backend/hadoop/executionengine/tez/runtime/PigGraceShuffleVertexManager.java,src/org/apache/pig/backend/hadoop/executionengine/tez/runtime/PigGraceShuffleVertexManager.java.PigGraceShuffleVertexManager.onVertexStateUpdated.Complex Method,0.15.0-rc0,0.17.0,0.17.0,6
pig,0.15.0-rc0,org.apache.pig.backend.hadoop.executionengine.tez.runtime,PigProcessor,run,Complex Method,"designitejava,pmd,checkstyle",src/org/apache/pig/backend/hadoop/executionengine/tez/runtime/PigProcessor.java,src/org/apache/pig/backend/hadoop/executionengine/tez/runtime/PigProcessor.java.PigProcessor.run.Complex Method,0.15.0-rc0,0.17.0,0.17.0,6
pig,0.14.0-rc0,org.apache.pig.backend.hadoop.executionengine.util,AccumulatorOptimizerUtil,addAccumulator,Complex Method,"designitejava,pmd,checkstyle",src/org/apache/pig/backend/hadoop/executionengine/util/AccumulatorOptimizerUtil.java,src/org/apache/pig/backend/hadoop/executionengine/util/AccumulatorOptimizerUtil.java.AccumulatorOptimizerUtil.addAccumulator.Complex Method,0.14.0-rc0,0.17.0,0.17.0,8
pig,0.14.0-rc0,org.apache.pig.backend.hadoop.executionengine.util,AccumulatorOptimizerUtil,check,Complex Method,"designitejava,pmd,checkstyle",src/org/apache/pig/backend/hadoop/executionengine/util/AccumulatorOptimizerUtil.java,src/org/apache/pig/backend/hadoop/executionengine/util/AccumulatorOptimizerUtil.java.AccumulatorOptimizerUtil.check.Complex Method,0.14.0-rc0,0.17.0,0.17.0,8
pig,0.14.0-rc0,org.apache.pig.backend.hadoop.executionengine.util,AccumulatorOptimizerUtil,checkUDFInput,Complex Method,"designitejava,pmd,checkstyle",src/org/apache/pig/backend/hadoop/executionengine/util/AccumulatorOptimizerUtil.java,src/org/apache/pig/backend/hadoop/executionengine/util/AccumulatorOptimizerUtil.java.AccumulatorOptimizerUtil.checkUDFInput.Complex Method,0.14.0-rc0,0.17.0,0.17.0,8
pig,0.14.0-rc0,org.apache.pig.backend.hadoop.executionengine.util,CombinerOptimizerUtil,addCombiner,Complex Method,"designitejava,pmd,checkstyle",src/org/apache/pig/backend/hadoop/executionengine/util/CombinerOptimizerUtil.java,src/org/apache/pig/backend/hadoop/executionengine/util/CombinerOptimizerUtil.java.CombinerOptimizerUtil.addCombiner.Complex Method,0.14.0-rc0,0.17.0,0.17.0,8
pig,0.14.0-rc0,org.apache.pig.backend.hadoop.executionengine.util,CombinerOptimizerUtil,findAlgebraicOps,Complex Method,"designitejava,pmd,checkstyle",src/org/apache/pig/backend/hadoop/executionengine/util/CombinerOptimizerUtil.java,src/org/apache/pig/backend/hadoop/executionengine/util/CombinerOptimizerUtil.java.CombinerOptimizerUtil.findAlgebraicOps.Complex Method,0.14.0-rc0,0.17.0,0.17.0,8
pig,0.8.0,org.apache.pig.backend.hadoop.executionengine.util,MapRedUtil,getCombinePigSplits,Complex Method,"designitejava,pmd,checkstyle",src/org/apache/pig/backend/hadoop/executionengine/util/MapRedUtil.java,src/org/apache/pig/backend/hadoop/executionengine/util/MapRedUtil.java.MapRedUtil.getCombinePigSplits.Complex Method,0.8.0,0.17.0,0.17.0,31
pig,0.4.0-rc0,org.apache.pig.backend.hadoop.executionengine.util,MapRedUtil,loadPartitionFile,Complex Method,"designitejava,pmd",src/org/apache/pig/backend/hadoop/executionengine/util/MapRedUtil.java,src/org/apache/pig/backend/hadoop/executionengine/util/MapRedUtil.java.MapRedUtil.loadPartitionFile.Complex Method,0.4.0-rc0,0.6.0,0.7.0,5
pig,0.8.0,org.apache.pig.backend.hadoop.executionengine.util,MapRedUtil,loadPartitionFileFromLocalCache,Complex Method,"designitejava,pmd,checkstyle",src/org/apache/pig/backend/hadoop/executionengine/util/MapRedUtil.java,src/org/apache/pig/backend/hadoop/executionengine/util/MapRedUtil.java.MapRedUtil.loadPartitionFileFromLocalCache.Complex Method,0.8.0,0.17.0,0.17.0,31
pig,0.14.0-rc0,org.apache.pig.backend.hadoop.executionengine.util,SecondaryKeyOptimizerUtil,applySecondaryKeySort,Complex Method,"designitejava,pmd,checkstyle",src/org/apache/pig/backend/hadoop/executionengine/util/SecondaryKeyOptimizerUtil.java,src/org/apache/pig/backend/hadoop/executionengine/util/SecondaryKeyOptimizerUtil.java.SecondaryKeyOptimizerUtil.applySecondaryKeySort.Complex Method,0.14.0-rc0,0.17.0,0.17.0,8
pig,0.14.0-rc0,org.apache.pig.backend.hadoop.executionengine.util,SecondaryKeyOptimizerUtil,getSortKeyInfo,Complex Method,"designitejava,pmd",src/org/apache/pig/backend/hadoop/executionengine/util/SecondaryKeyOptimizerUtil.java,src/org/apache/pig/backend/hadoop/executionengine/util/SecondaryKeyOptimizerUtil.java.SecondaryKeyOptimizerUtil.getSortKeyInfo.Complex Method,0.14.0-rc0,0.17.0,0.17.0,8
pig,0.11.0-rc0,org.apache.pig.backend.hadoop.hbase,HBaseStorage,HBaseStorage,Complex Method,"designitejava,checkstyle",src/org/apache/pig/backend/hadoop/hbase/HBaseStorage.java,src/org/apache/pig/backend/hadoop/hbase/HBaseStorage.java.HBaseStorage.HBaseStorage.Complex Method,0.11.0-rc0,0.17.0,0.17.0,18
pig,0.11.0-rc0,org.apache.pig.backend.hadoop.hbase,HBaseStorage,addFiltersWithColumnPrefix,Complex Method,"designitejava,pmd",src/org/apache/pig/backend/hadoop/hbase/HBaseStorage.java,src/org/apache/pig/backend/hadoop/hbase/HBaseStorage.java.HBaseStorage.addFiltersWithColumnPrefix.Complex Method,0.11.0-rc0,0.17.0,0.17.0,18
pig,0.12.0-rc0,org.apache.pig.backend.hadoop.hbase,HBaseStorage,addFiltersWithoutColumnPrefix,Complex Method,"designitejava,pmd",src/org/apache/pig/backend/hadoop/hbase/HBaseStorage.java,src/org/apache/pig/backend/hadoop/hbase/HBaseStorage.java.HBaseStorage.addFiltersWithoutColumnPrefix.Complex Method,0.12.0-rc0,0.17.0,0.17.0,14
pig,0.8.1-rc0,org.apache.pig.backend.hadoop.hbase,HBaseStorage,getNext,Complex Method,"designitejava,pmd",src/org/apache/pig/backend/hadoop/hbase/HBaseStorage.java,src/org/apache/pig/backend/hadoop/hbase/HBaseStorage.java.HBaseStorage.getNext.Complex Method,0.8.1-rc0,0.17.0,0.17.0,30
pig,0.9.0-rc0,org.apache.pig.backend.hadoop.hbase,HBaseStorage,initScan,Complex Method,"designitejava,pmd,checkstyle",src/org/apache/pig/backend/hadoop/hbase/HBaseStorage.java,src/org/apache/pig/backend/hadoop/hbase/HBaseStorage.java.HBaseStorage.initScan.Complex Method,0.9.0-rc0,0.17.0,0.17.0,28
pig,0.8.0,org.apache.pig.backend.hadoop.hbase,HBaseStorage,objToBytes,Complex Method,"designitejava,checkstyle",src/org/apache/pig/backend/hadoop/hbase/HBaseStorage.java,src/org/apache/pig/backend/hadoop/hbase/HBaseStorage.java.HBaseStorage.objToBytes.Complex Method,0.8.0,0.17.0,0.17.0,31
pig,0.9.0-rc0,org.apache.pig.backend.hadoop.hbase,HBaseStorage,putNext,Complex Method,"designitejava,pmd,checkstyle",src/org/apache/pig/backend/hadoop/hbase/HBaseStorage.java,src/org/apache/pig/backend/hadoop/hbase/HBaseStorage.java.HBaseStorage.putNext.Complex Method,0.9.0-rc0,0.17.0,0.17.0,28
pig,0.1.0,org.apache.pig.backend.local.executionengine,POCogroup,getNext,Complex Method,"designitejava,pmd,checkstyle",src/org/apache/pig/backend/local/executionengine/POCogroup.java,src/org/apache/pig/backend/local/executionengine/POCogroup.java.POCogroup.getNext.Complex Method,0.1.0,0.1.1,0.2.0-rc0,3
pig,0.1.0,org.apache.pig.backend.local.executionengine,POEval,getNext,Complex Method,"designitejava,pmd",src/org/apache/pig/backend/local/executionengine/POEval.java,src/org/apache/pig/backend/local/executionengine/POEval.java.POEval.getNext.Complex Method,0.1.0,0.1.1,0.2.0-rc0,3
pig,0.4.0-rc0,org.apache.pig.backend.local.executionengine.physicalLayer,LocalLogToPhyTranslationVisitor,visit,Complex Method,"pmd,checkstyle",src/org/apache/pig/backend/local/executionengine/physicalLayer/LocalLogToPhyTranslationVisitor.java,src/org/apache/pig/backend/local/executionengine/physicalLayer/LocalLogToPhyTranslationVisitor.java.LocalLogToPhyTranslationVisitor.visit.Complex Method,0.4.0-rc0,0.6.0,0.7.0,5
pig,0.2.0-rc0,org.apache.pig.backend.local.executionengine.physicalLayer.relationalOperators,POCogroup,getNext,Complex Method,"designitejava,pmd,checkstyle",src/org/apache/pig/backend/local/executionengine/physicalLayer/relationalOperators/POCogroup.java,src/org/apache/pig/backend/local/executionengine/physicalLayer/relationalOperators/POCogroup.java.POCogroup.getNext.Complex Method,0.2.0-rc0,0.6.0,0.7.0,8
pig,0.2.0-rc0,org.apache.pig.backend.local.executionengine.physicalLayer.relationalOperators,POCross,getNext,Complex Method,"designitejava,pmd",src/org/apache/pig/backend/local/executionengine/physicalLayer/relationalOperators/POCross.java,src/org/apache/pig/backend/local/executionengine/physicalLayer/relationalOperators/POCross.java.POCross.getNext.Complex Method,0.2.0-rc0,0.6.0,0.7.0,8
pig,0.2.0-rc0,org.apache.pig.backend.local.executionengine.physicalLayer.relationalOperators,POSplitOutput,getNext,Complex Method,"designitejava,pmd",src/org/apache/pig/backend/local/executionengine/physicalLayer/relationalOperators/POSplitOutput.java,src/org/apache/pig/backend/local/executionengine/physicalLayer/relationalOperators/POSplitOutput.java.POSplitOutput.getNext.Complex Method,0.2.0-rc0,0.6.0,0.7.0,8
pig,0.13.0-rc0,org.apache.pig.builtin,AlgebraicBigDecimalMathBase,doWork,Complex Method,"designitejava,pmd,checkstyle",src/org/apache/pig/builtin/AlgebraicBigDecimalMathBase.java,src/org/apache/pig/builtin/AlgebraicBigDecimalMathBase.java.AlgebraicBigDecimalMathBase.doWork.Complex Method,0.13.0-rc0,0.17.0,0.17.0,10
pig,0.13.0-rc0,org.apache.pig.builtin,AlgebraicBigIntegerMathBase,doWork,Complex Method,"designitejava,pmd,checkstyle",src/org/apache/pig/builtin/AlgebraicBigIntegerMathBase.java,src/org/apache/pig/builtin/AlgebraicBigIntegerMathBase.java.AlgebraicBigIntegerMathBase.doWork.Complex Method,0.13.0-rc0,0.17.0,0.17.0,10
pig,0.11.0-rc0,org.apache.pig.builtin,BagToString,exec,Complex Method,"designitejava,pmd,checkstyle",src/org/apache/pig/builtin/BagToString.java,src/org/apache/pig/builtin/BagToString.java.BagToString.exec.Complex Method,0.11.0-rc0,0.17.0,0.17.0,18
pig,0.1.0,org.apache.pig.builtin,BinStorage,getNext,Complex Method,"designitejava,pmd,checkstyle",src/org/apache/pig/builtin/BinStorage.java,src/org/apache/pig/builtin/BinStorage.java.BinStorage.getNext.Complex Method,0.1.0,0.6.0,0.7.0,11
pig,0.8.0,org.apache.pig.builtin,Invoker,convertToExpectedArg,Complex Method,"designitejava,pmd,checkstyle",src/org/apache/pig/builtin/Invoker.java,src/org/apache/pig/builtin/Invoker.java.Invoker.convertToExpectedArg.Complex Method,0.8.0,0.17.0,0.17.0,31
pig,0.8.0,org.apache.pig.builtin,Invoker,stringToClass,Complex Method,"designitejava,checkstyle",src/org/apache/pig/builtin/Invoker.java,src/org/apache/pig/builtin/Invoker.java.Invoker.stringToClass.Complex Method,0.8.0,0.17.0,0.17.0,31
pig,0.10.0-rc0,org.apache.pig.builtin,JsonLoader,readField,Complex Method,"designitejava,pmd,checkstyle",src/org/apache/pig/builtin/JsonLoader.java,src/org/apache/pig/builtin/JsonLoader.java.JsonLoader.readField.Complex Method,0.10.0-rc0,0.17.0,0.17.0,22
pig,0.15.0-rc0,org.apache.pig.builtin,JsonLoader,readPrimitive,Complex Method,"designitejava,checkstyle",src/org/apache/pig/builtin/JsonLoader.java,src/org/apache/pig/builtin/JsonLoader.java.JsonLoader.readPrimitive.Complex Method,0.15.0-rc0,0.17.0,0.17.0,6
pig,0.10.0-rc0,org.apache.pig.builtin,JsonStorage,writeField,Complex Method,"designitejava,pmd,checkstyle",src/org/apache/pig/builtin/JsonStorage.java,src/org/apache/pig/builtin/JsonStorage.java.JsonStorage.writeField.Complex Method,0.10.0-rc0,0.17.0,0.17.0,22
pig,0.14.0-rc0,org.apache.pig.builtin,OrcStorage,,God Class,"pmd,checkstyle",src/org/apache/pig/builtin/OrcStorage.java,src/org/apache/pig/builtin/OrcStorage.java.OrcStorage..God Class,0.14.0-rc0,0.17.0,0.17.0,8
pig,0.14.0-rc0,org.apache.pig.builtin,OrcStorage,buildSearchArgument,Complex Method,"designitejava,checkstyle",src/org/apache/pig/builtin/OrcStorage.java,src/org/apache/pig/builtin/OrcStorage.java.OrcStorage.buildSearchArgument.Complex Method,0.14.0-rc0,0.17.0,0.17.0,8
pig,0.14.0-rc0,org.apache.pig.builtin,OrcStorage,setStoreLocation,Complex Method,"designitejava,pmd",src/org/apache/pig/builtin/OrcStorage.java,src/org/apache/pig/builtin/OrcStorage.java.OrcStorage.setStoreLocation.Complex Method,0.14.0-rc0,0.17.0,0.17.0,8
pig,0.10.0-rc0,org.apache.pig.builtin,PigStorage,applySchema,Complex Method,"designitejava,pmd,checkstyle",src/org/apache/pig/builtin/PigStorage.java,src/org/apache/pig/builtin/PigStorage.java.PigStorage.applySchema.Complex Method,0.10.0-rc0,0.17.0,0.17.0,22
pig,0.6.0-rc0,org.apache.pig.builtin,PigStorage,getNext,Complex Method,"designitejava,pmd,checkstyle",src/org/apache/pig/builtin/PigStorage.java,src/org/apache/pig/builtin/PigStorage.java.PigStorage.getNext.Complex Method,0.6.0-rc0,0.17.0,0.17.0,34
pig,0.2.0-rc0,org.apache.pig.builtin,PigStorage,putField,Complex Method,"designitejava,pmd,checkstyle",src/org/apache/pig/builtin/PigStorage.java,src/org/apache/pig/builtin/PigStorage.java.PigStorage.putField.Complex Method,0.2.0-rc0,0.6.0,0.7.0,8
pig,0.16.0-rc0,org.apache.pig.builtin,TOMAP,exec,Complex Method,"designitejava,pmd,checkstyle",src/org/apache/pig/builtin/TOMAP.java,src/org/apache/pig/builtin/TOMAP.java.TOMAP.exec.Complex Method,0.16.0-rc0,0.17.0,0.17.0,4
pig,0.16.0-rc0,org.apache.pig.builtin,TOMAP,outputSchema,Complex Method,"designitejava,pmd,checkstyle",src/org/apache/pig/builtin/TOMAP.java,src/org/apache/pig/builtin/TOMAP.java.TOMAP.outputSchema.Complex Method,0.16.0-rc0,0.17.0,0.17.0,4
pig,0.12.0-rc0,org.apache.pig.builtin,TrevniStorage,getOutputFormat,Complex Method,"designitejava,pmd",src/org/apache/pig/builtin/TrevniStorage.java,src/org/apache/pig/builtin/TrevniStorage.java.TrevniStorage.getOutputFormat.Complex Method,0.12.0-rc0,0.17.0,0.17.0,14
pig,0.7.0,org.apache.pig.builtin,Utf8StorageConverter,consumeBag,Complex Method,"designitejava,pmd,checkstyle",src/org/apache/pig/builtin/Utf8StorageConverter.java,src/org/apache/pig/builtin/Utf8StorageConverter.java.Utf8StorageConverter.consumeBag.Complex Method,0.7.0,0.17.0,0.17.0,32
pig,0.7.0,org.apache.pig.builtin,Utf8StorageConverter,consumeMap,Complex Method,"designitejava,pmd,checkstyle",src/org/apache/pig/builtin/Utf8StorageConverter.java,src/org/apache/pig/builtin/Utf8StorageConverter.java.Utf8StorageConverter.consumeMap.Complex Method,0.7.0,0.17.0,0.17.0,32
pig,0.7.0,org.apache.pig.builtin,Utf8StorageConverter,consumeTuple,Complex Method,"designitejava,pmd,checkstyle",src/org/apache/pig/builtin/Utf8StorageConverter.java,src/org/apache/pig/builtin/Utf8StorageConverter.java.Utf8StorageConverter.consumeTuple.Complex Method,0.7.0,0.17.0,0.17.0,32
pig,0.8.0,org.apache.pig.data,BinInterSedes,,God Class,"pmd,checkstyle",src/org/apache/pig/data/BinInterSedes.java,src/org/apache/pig/data/BinInterSedes.java.BinInterSedes..God Class,0.8.0,0.17.0,0.17.0,31
pig,0.11.0-rc0,org.apache.pig.data,BinInterSedes,getTupleSize,Complex Method,"designitejava,checkstyle",src/org/apache/pig/data/BinInterSedes.java,src/org/apache/pig/data/BinInterSedes.java.BinInterSedes.getTupleSize.Complex Method,0.11.0-rc0,0.17.0,0.17.0,18
pig,0.8.0,org.apache.pig.data,BinInterSedes,readDatum,Complex Method,"designitejava,checkstyle",src/org/apache/pig/data/BinInterSedes.java,src/org/apache/pig/data/BinInterSedes.java.BinInterSedes.readDatum.Complex Method,0.8.0,0.17.0,0.17.0,31
pig,0.8.0,org.apache.pig.data,BinInterSedes,writeDatum,Complex Method,"designitejava,pmd,checkstyle",src/org/apache/pig/data/BinInterSedes.java,src/org/apache/pig/data/BinInterSedes.java.BinInterSedes.writeDatum.Complex Method,0.8.0,0.17.0,0.17.0,31
pig,0.1.0,org.apache.pig.data,DataBag,compareTo,Complex Method,"designitejava,pmd,checkstyle",src/org/apache/pig/data/DataBag.java,src/org/apache/pig/data/DataBag.java.DataBag.compareTo.Complex Method,0.1.0,0.1.1,0.2.0-rc0,3
pig,0.2.0-rc0,org.apache.pig.data,DataReaderWriter,readDatum,Complex Method,"designitejava,checkstyle",src/org/apache/pig/data/DataReaderWriter.java,src/org/apache/pig/data/DataReaderWriter.java.DataReaderWriter.readDatum.Complex Method,0.2.0-rc0,0.17.0,0.17.0,40
pig,0.2.0-rc0,org.apache.pig.data,DataReaderWriter,writeDatum,Complex Method,"designitejava,checkstyle",src/org/apache/pig/data/DataReaderWriter.java,src/org/apache/pig/data/DataReaderWriter.java.DataReaderWriter.writeDatum.Complex Method,0.2.0-rc0,0.17.0,0.17.0,40
pig,0.2.0-rc0,org.apache.pig.data,DataType,,God Class,"pmd,checkstyle",src/org/apache/pig/data/DataType.java,src/org/apache/pig/data/DataType.java.DataType..God Class,0.2.0-rc0,0.17.0,0.17.0,40
pig,0.2.0-rc0,org.apache.pig.data,DataType,compare,Complex Method,"designitejava,pmd,checkstyle",src/org/apache/pig/data/DataType.java,src/org/apache/pig/data/DataType.java.DataType.compare.Complex Method,0.2.0-rc0,0.17.0,0.17.0,40
pig,0.2.0-rc0,org.apache.pig.data,DataType,determineFieldSchema,Complex Method,"designitejava,pmd,checkstyle",src/org/apache/pig/data/DataType.java,src/org/apache/pig/data/DataType.java.DataType.determineFieldSchema.Complex Method,0.2.0-rc0,0.17.0,0.17.0,40
pig,0.2.0-rc0,org.apache.pig.data,DataType,findType,Complex Method,"designitejava,pmd,checkstyle",src/org/apache/pig/data/DataType.java,src/org/apache/pig/data/DataType.java.DataType.findType.Complex Method,0.2.0-rc0,0.17.0,0.17.0,40
pig,0.12.0-rc0,org.apache.pig.data,DataType,findTypeByName,Complex Method,"designitejava,pmd,checkstyle",src/org/apache/pig/data/DataType.java,src/org/apache/pig/data/DataType.java.DataType.findTypeByName.Complex Method,0.12.0-rc0,0.17.0,0.17.0,14
pig,0.12.0-rc0,org.apache.pig.data,DataType,findTypeClass,Complex Method,"designitejava,checkstyle",src/org/apache/pig/data/DataType.java,src/org/apache/pig/data/DataType.java.DataType.findTypeClass.Complex Method,0.12.0-rc0,0.17.0,0.17.0,14
pig,0.2.0-rc0,org.apache.pig.data,DataType,findTypeName,Complex Method,"designitejava,checkstyle",src/org/apache/pig/data/DataType.java,src/org/apache/pig/data/DataType.java.DataType.findTypeName.Complex Method,0.2.0-rc0,0.17.0,0.17.0,40
pig,0.12.0-rc0,org.apache.pig.data,DataType,toBigDecimal,Complex Method,"designitejava,checkstyle",src/org/apache/pig/data/DataType.java,src/org/apache/pig/data/DataType.java.DataType.toBigDecimal.Complex Method,0.12.0-rc0,0.17.0,0.17.0,14
pig,0.12.0-rc0,org.apache.pig.data,DataType,toBigInteger,Complex Method,"designitejava,checkstyle",src/org/apache/pig/data/DataType.java,src/org/apache/pig/data/DataType.java.DataType.toBigInteger.Complex Method,0.12.0-rc0,0.17.0,0.17.0,14
pig,0.10.0-rc0,org.apache.pig.data,DataType,toBoolean,Complex Method,"designitejava,checkstyle",src/org/apache/pig/data/DataType.java,src/org/apache/pig/data/DataType.java.DataType.toBoolean.Complex Method,0.10.0-rc0,0.17.0,0.17.0,22
pig,0.8.0,org.apache.pig.data,DataType,toBytes,Complex Method,"designitejava,checkstyle",src/org/apache/pig/data/DataType.java,src/org/apache/pig/data/DataType.java.DataType.toBytes.Complex Method,0.8.0,0.17.0,0.17.0,31
pig,0.11.0-rc0,org.apache.pig.data,DataType,toDateTime,Complex Method,"designitejava,checkstyle",src/org/apache/pig/data/DataType.java,src/org/apache/pig/data/DataType.java.DataType.toDateTime.Complex Method,0.11.0-rc0,0.17.0,0.17.0,18
pig,0.2.0-rc0,org.apache.pig.data,DataType,toDouble,Complex Method,"designitejava,checkstyle",src/org/apache/pig/data/DataType.java,src/org/apache/pig/data/DataType.java.DataType.toDouble.Complex Method,0.2.0-rc0,0.17.0,0.17.0,40
pig,0.2.0-rc0,org.apache.pig.data,DataType,toFloat,Complex Method,"designitejava,checkstyle",src/org/apache/pig/data/DataType.java,src/org/apache/pig/data/DataType.java.DataType.toFloat.Complex Method,0.2.0-rc0,0.17.0,0.17.0,40
pig,0.2.0-rc0,org.apache.pig.data,DataType,toInteger,Complex Method,"designitejava,checkstyle",src/org/apache/pig/data/DataType.java,src/org/apache/pig/data/DataType.java.DataType.toInteger.Complex Method,0.2.0-rc0,0.17.0,0.17.0,40
pig,0.2.0-rc0,org.apache.pig.data,DataType,toLong,Complex Method,"designitejava,checkstyle",src/org/apache/pig/data/DataType.java,src/org/apache/pig/data/DataType.java.DataType.toLong.Complex Method,0.2.0-rc0,0.17.0,0.17.0,40
pig,0.3.0,org.apache.pig.data,DataType,toString,Complex Method,"designitejava,checkstyle",src/org/apache/pig/data/DataType.java,src/org/apache/pig/data/DataType.java.DataType.toString.Complex Method,0.3.0,0.17.0,0.17.0,38
pig,0.2.0-rc0,org.apache.pig.data,DefaultAbstractBag,compareTo,Complex Method,"designitejava,pmd,checkstyle",src/org/apache/pig/data/DefaultAbstractBag.java,src/org/apache/pig/data/DefaultAbstractBag.java.DefaultAbstractBag.compareTo.Complex Method,0.2.0-rc0,0.17.0,0.17.0,40
pig,0.2.0-rc0,org.apache.pig.data,DefaultTuple,getFieldMemorySize,Complex Method,"designitejava,checkstyle",src/org/apache/pig/data/DefaultTuple.java,src/org/apache/pig/data/DefaultTuple.java.DefaultTuple.getFieldMemorySize.Complex Method,0.2.0-rc0,0.9.2,0.10.0-rc0,18
pig,0.1.0,org.apache.pig.data,DistinctDataBag,spill,Complex Method,"designitejava,pmd,checkstyle",src/org/apache/pig/data/DistinctDataBag.java,src/org/apache/pig/data/DistinctDataBag.java.DistinctDataBag.spill.Complex Method,0.1.0,0.17.0,0.17.0,43
pig,0.11.0-rc0,org.apache.pig.data,SchemaTuple,,God Class,"pmd,checkstyle",src/org/apache/pig/data/SchemaTuple.java,src/org/apache/pig/data/SchemaTuple.java.SchemaTuple..God Class,0.11.0-rc0,0.17.0,0.17.0,18
pig,0.10.0-rc0,org.apache.pig.data,SizeUtil,getPigObjMemSize,Complex Method,"designitejava,checkstyle",src/org/apache/pig/data/SizeUtil.java,src/org/apache/pig/data/SizeUtil.java.SizeUtil.getPigObjMemSize.Complex Method,0.10.0-rc0,0.17.0,0.17.0,22
pig,0.1.0,org.apache.pig.data,Tuple,,God Class,"pmd,checkstyle",src/org/apache/pig/data/Tuple.java,src/org/apache/pig/data/Tuple.java.Tuple..God Class,0.1.0,0.1.1,0.2.0-rc0,3
pig,0.11.0-rc0,org.apache.pig.data.utils,SedesHelper,writeGenericTuple,Complex Method,"designitejava,checkstyle",src/org/apache/pig/data/utils/SedesHelper.java,src/org/apache/pig/data/utils/SedesHelper.java.SedesHelper.writeGenericTuple.Complex Method,0.11.0-rc0,0.17.0,0.17.0,18
pig,0.7.0,org.apache.pig.experimental.logical.relational,LOCogroup,getSchema,Complex Method,"designitejava,pmd,checkstyle",src/org/apache/pig/experimental/logical/relational/LOCogroup.java,src/org/apache/pig/experimental/logical/relational/LOCogroup.java.LOCogroup.getSchema.Complex Method,0.7.0,0.7.0,0.8.0,1
pig,0.7.0,org.apache.pig.experimental.logical.relational,LOCogroup,isEqual,Complex Method,"designitejava,pmd,checkstyle",src/org/apache/pig/experimental/logical/relational/LOCogroup.java,src/org/apache/pig/experimental/logical/relational/LOCogroup.java.LOCogroup.isEqual.Complex Method,0.7.0,0.7.0,0.8.0,1
pig,0.7.0,org.apache.pig.experimental.logical.relational,LOGenerate,getSchema,Complex Method,"designitejava,pmd,checkstyle",src/org/apache/pig/experimental/logical/relational/LOGenerate.java,src/org/apache/pig/experimental/logical/relational/LOGenerate.java.LOGenerate.getSchema.Complex Method,0.7.0,0.7.0,0.8.0,1
pig,0.7.0,org.apache.pig.experimental.logical.relational,LOJoin,isEqual,Complex Method,"designitejava,pmd,checkstyle",src/org/apache/pig/experimental/logical/relational/LOJoin.java,src/org/apache/pig/experimental/logical/relational/LOJoin.java.LOJoin.isEqual.Complex Method,0.7.0,0.7.0,0.8.0,1
pig,0.7.0,org.apache.pig.experimental.logical.relational,LogToPhyTranslationVisitor,,God Class,"pmd,checkstyle",src/org/apache/pig/experimental/logical/relational/LogToPhyTranslationVisitor.java,src/org/apache/pig/experimental/logical/relational/LogToPhyTranslationVisitor.java.LogToPhyTranslationVisitor..God Class,0.7.0,0.7.0,0.8.0,1
pig,0.7.0,org.apache.pig.experimental.logical.relational,LogToPhyTranslationVisitor,visitLOJoin,Complex Method,"designitejava,pmd,checkstyle",src/org/apache/pig/experimental/logical/relational/LogToPhyTranslationVisitor.java,src/org/apache/pig/experimental/logical/relational/LogToPhyTranslationVisitor.java.LogToPhyTranslationVisitor.visitLOJoin.Complex Method,0.7.0,0.7.0,0.8.0,1
pig,0.7.0,org.apache.pig.experimental.logical.rules,MapKeysPruneHelper,check,Complex Method,"designitejava,pmd,checkstyle",src/org/apache/pig/experimental/logical/rules/MapKeysPruneHelper.java,src/org/apache/pig/experimental/logical/rules/MapKeysPruneHelper.java.MapKeysPruneHelper.check.Complex Method,0.7.0,0.7.0,0.8.0,1
pig,0.7.0,org.apache.pig.experimental.plan,BaseOperatorPlan,isEqual,Complex Method,"designitejava,pmd",src/org/apache/pig/experimental/plan/BaseOperatorPlan.java,src/org/apache/pig/experimental/plan/BaseOperatorPlan.java.BaseOperatorPlan.isEqual.Complex Method,0.7.0,0.7.0,0.8.0,1
pig,0.7.0,org.apache.pig.experimental.plan.optimizer,PlanOptimizer,optimize,Complex Method,"designitejava,pmd",src/org/apache/pig/experimental/plan/optimizer/PlanOptimizer.java,src/org/apache/pig/experimental/plan/optimizer/PlanOptimizer.java.PlanOptimizer.optimize.Complex Method,0.7.0,0.7.0,0.8.0,1
pig,0.7.0,org.apache.pig.experimental.plan.optimizer,Rule,match,Complex Method,"designitejava,pmd,checkstyle",src/org/apache/pig/experimental/plan/optimizer/Rule.java,src/org/apache/pig/experimental/plan/optimizer/Rule.java.Rule.match.Complex Method,0.7.0,0.7.0,0.8.0,1
pig,0.6.0-rc0,org.apache.pig.impl.builtin,DefaultIndexableLoader,seekNear,Complex Method,"designitejava,pmd,checkstyle",src/org/apache/pig/impl/builtin/DefaultIndexableLoader.java,src/org/apache/pig/impl/builtin/DefaultIndexableLoader.java.DefaultIndexableLoader.seekNear.Complex Method,0.6.0-rc0,0.17.0,0.17.0,34
pig,0.3.0,org.apache.pig.impl.builtin,FindQuantiles,exec,Complex Method,"designitejava,pmd,checkstyle",src/org/apache/pig/impl/builtin/FindQuantiles.java,src/org/apache/pig/impl/builtin/FindQuantiles.java.FindQuantiles.exec.Complex Method,0.3.0,0.17.0,0.17.0,38
pig,0.4.0-rc0,org.apache.pig.impl.builtin,MergeJoinIndexer,getNext,Complex Method,"designitejava,pmd,checkstyle",src/org/apache/pig/impl/builtin/MergeJoinIndexer.java,src/org/apache/pig/impl/builtin/MergeJoinIndexer.java.MergeJoinIndexer.getNext.Complex Method,0.4.0-rc0,0.6.0,0.7.0,5
pig,0.4.0-rc0,org.apache.pig.impl.builtin,PartitionSkewedKeys,exec,Complex Method,"designitejava,pmd,checkstyle",src/org/apache/pig/impl/builtin/PartitionSkewedKeys.java,src/org/apache/pig/impl/builtin/PartitionSkewedKeys.java.PartitionSkewedKeys.exec.Complex Method,0.4.0-rc0,0.17.0,0.17.0,37
pig,0.7.0,org.apache.pig.impl.builtin,RandomSampleLoader,getNext,Complex Method,"designitejava,pmd",src/org/apache/pig/impl/builtin/RandomSampleLoader.java,src/org/apache/pig/impl/builtin/RandomSampleLoader.java.RandomSampleLoader.getNext.Complex Method,0.7.0,0.17.0,0.17.0,32
pig,0.9.0-rc0,org.apache.pig.impl.builtin,ReadScalars,exec,Complex Method,"designitejava,pmd,checkstyle",src/org/apache/pig/impl/builtin/ReadScalars.java,src/org/apache/pig/impl/builtin/ReadScalars.java.ReadScalars.exec.Complex Method,0.9.0-rc0,0.17.0,0.17.0,28
pig,0.12.0-rc0,org.apache.pig.impl.builtin,StreamingUDF,getOutput,Complex Method,"designitejava,pmd,checkstyle",src/org/apache/pig/impl/builtin/StreamingUDF.java,src/org/apache/pig/impl/builtin/StreamingUDF.java.StreamingUDF.getOutput.Complex Method,0.12.0-rc0,0.17.0,0.17.0,14
pig,0.1.0,org.apache.pig.impl.eval,FuncEvalSpec,setupDefaultPipe,Complex Method,"designitejava,pmd",src/org/apache/pig/impl/eval/FuncEvalSpec.java,src/org/apache/pig/impl/eval/FuncEvalSpec.java.FuncEvalSpec.setupDefaultPipe.Complex Method,0.1.0,0.1.1,0.2.0-rc0,3
pig,0.1.0,org.apache.pig.impl.eval.cond,CompCond,eval,Complex Method,"designitejava,pmd,checkstyle",src/org/apache/pig/impl/eval/cond/CompCond.java,src/org/apache/pig/impl/eval/cond/CompCond.java.CompCond.eval.Complex Method,0.1.0,0.1.1,0.2.0-rc0,3
pig,0.7.0,org.apache.pig.impl.io,BinStorageRecordReader,nextKeyValue,Complex Method,"designitejava,pmd,checkstyle",src/org/apache/pig/impl/io/BinStorageRecordReader.java,src/org/apache/pig/impl/io/BinStorageRecordReader.java.BinStorageRecordReader.nextKeyValue.Complex Method,0.7.0,0.17.0,0.17.0,32
pig,0.1.0,org.apache.pig.impl.io,BufferedPositionedInputStream,readLine,Complex Method,"designitejava,pmd,checkstyle",src/org/apache/pig/impl/io/BufferedPositionedInputStream.java,src/org/apache/pig/impl/io/BufferedPositionedInputStream.java.BufferedPositionedInputStream.readLine.Complex Method,0.1.0,0.17.0,0.17.0,43
pig,0.8.0,org.apache.pig.impl.io,InterRecordReader,nextKeyValue,Complex Method,"designitejava,pmd,checkstyle",src/org/apache/pig/impl/io/InterRecordReader.java,src/org/apache/pig/impl/io/InterRecordReader.java.InterRecordReader.nextKeyValue.Complex Method,0.8.0,0.17.0,0.17.0,31
pig,0.3.0,org.apache.pig.impl.io,PigNullableWritable,compareTo,Complex Method,"designitejava,checkstyle",src/org/apache/pig/impl/io/PigNullableWritable.java,src/org/apache/pig/impl/io/PigNullableWritable.java.PigNullableWritable.compareTo.Complex Method,0.3.0,0.17.0,0.17.0,38
pig,0.6.0-rc0,org.apache.pig.impl.logicalLayer,ColumnPruner,prune,Complex Method,"designitejava,pmd,checkstyle",src/org/apache/pig/impl/logicalLayer/ColumnPruner.java,src/org/apache/pig/impl/logicalLayer/ColumnPruner.java.ColumnPruner.prune.Complex Method,0.6.0-rc0,0.8.1,0.9.0-rc0,6
pig,0.3.0,org.apache.pig.impl.logicalLayer,LOCogroup,getProjectionMap,Complex Method,"designitejava,pmd,checkstyle",src/org/apache/pig/impl/logicalLayer/LOCogroup.java,src/org/apache/pig/impl/logicalLayer/LOCogroup.java.LOCogroup.getProjectionMap.Complex Method,0.3.0,0.8.1,0.9.0-rc0,10
pig,0.3.0,org.apache.pig.impl.logicalLayer,LOCogroup,getRequiredFields,Complex Method,"designitejava,pmd,checkstyle",src/org/apache/pig/impl/logicalLayer/LOCogroup.java,src/org/apache/pig/impl/logicalLayer/LOCogroup.java.LOCogroup.getRequiredFields.Complex Method,0.3.0,0.8.1,0.9.0-rc0,10
pig,0.2.0-rc0,org.apache.pig.impl.logicalLayer,LOCogroup,getSchema,Complex Method,"designitejava,pmd,checkstyle",src/org/apache/pig/impl/logicalLayer/LOCogroup.java,src/org/apache/pig/impl/logicalLayer/LOCogroup.java.LOCogroup.getSchema.Complex Method,0.2.0-rc0,0.8.1,0.9.0-rc0,12
pig,0.2.0-rc0,org.apache.pig.impl.logicalLayer,LOCogroup,getTupleGroupBySchema,Complex Method,"designitejava,pmd",src/org/apache/pig/impl/logicalLayer/LOCogroup.java,src/org/apache/pig/impl/logicalLayer/LOCogroup.java.LOCogroup.getTupleGroupBySchema.Complex Method,0.2.0-rc0,0.8.1,0.9.0-rc0,12
pig,0.1.0,org.apache.pig.impl.logicalLayer,LOCogroup,outputSchema,Complex Method,"designitejava,pmd",src/org/apache/pig/impl/logicalLayer/LOCogroup.java,src/org/apache/pig/impl/logicalLayer/LOCogroup.java.LOCogroup.outputSchema.Complex Method,0.1.0,0.1.1,0.2.0-rc0,3
pig,0.2.0-rc0,org.apache.pig.impl.logicalLayer,LOCross,getSchema,Complex Method,"designitejava,pmd,checkstyle",src/org/apache/pig/impl/logicalLayer/LOCross.java,src/org/apache/pig/impl/logicalLayer/LOCross.java.LOCross.getSchema.Complex Method,0.2.0-rc0,0.8.1,0.9.0-rc0,12
pig,0.6.0-rc0,org.apache.pig.impl.logicalLayer,LODistinct,getSchema,Complex Method,"designitejava,pmd",src/org/apache/pig/impl/logicalLayer/LODistinct.java,src/org/apache/pig/impl/logicalLayer/LODistinct.java.LODistinct.getSchema.Complex Method,0.6.0-rc0,0.8.1,0.9.0-rc0,6
pig,0.3.0,org.apache.pig.impl.logicalLayer,LOFRJoin,getRequiredFields,Complex Method,"designitejava,pmd,checkstyle",src/org/apache/pig/impl/logicalLayer/LOFRJoin.java,src/org/apache/pig/impl/logicalLayer/LOFRJoin.java.LOFRJoin.getRequiredFields.Complex Method,0.3.0,0.3.0,0.4.0-rc0,1
pig,0.2.0-rc0,org.apache.pig.impl.logicalLayer,LOFRJoin,getSchema,Complex Method,"designitejava,pmd",src/org/apache/pig/impl/logicalLayer/LOFRJoin.java,src/org/apache/pig/impl/logicalLayer/LOFRJoin.java.LOFRJoin.getSchema.Complex Method,0.2.0-rc0,0.3.0,0.4.0-rc0,3
pig,0.2.0-rc0,org.apache.pig.impl.logicalLayer,LOFRJoin,getTupleJoinColSchema,Complex Method,"designitejava,pmd",src/org/apache/pig/impl/logicalLayer/LOFRJoin.java,src/org/apache/pig/impl/logicalLayer/LOFRJoin.java.LOFRJoin.getTupleJoinColSchema.Complex Method,0.2.0-rc0,0.3.0,0.4.0-rc0,3
pig,0.8.0,org.apache.pig.impl.logicalLayer,LOForEach,dumpNestedSchema,Complex Method,"designitejava,pmd",src/org/apache/pig/impl/logicalLayer/LOForEach.java,src/org/apache/pig/impl/logicalLayer/LOForEach.java.LOForEach.dumpNestedSchema.Complex Method,0.8.0,0.8.1,0.9.0-rc0,3
pig,0.3.0,org.apache.pig.impl.logicalLayer,LOForEach,getProjectionMap,Complex Method,"designitejava,pmd,checkstyle",src/org/apache/pig/impl/logicalLayer/LOForEach.java,src/org/apache/pig/impl/logicalLayer/LOForEach.java.LOForEach.getProjectionMap.Complex Method,0.3.0,0.8.1,0.9.0-rc0,10
pig,0.4.0-rc0,org.apache.pig.impl.logicalLayer,LOForEach,getRelevantInputs,Complex Method,"designitejava,checkstyle",src/org/apache/pig/impl/logicalLayer/LOForEach.java,src/org/apache/pig/impl/logicalLayer/LOForEach.java.LOForEach.getRelevantInputs.Complex Method,0.4.0-rc0,0.8.1,0.9.0-rc0,9
pig,0.2.0-rc0,org.apache.pig.impl.logicalLayer,LOForEach,getSchema,Complex Method,"designitejava,pmd,checkstyle",src/org/apache/pig/impl/logicalLayer/LOForEach.java,src/org/apache/pig/impl/logicalLayer/LOForEach.java.LOForEach.getSchema.Complex Method,0.2.0-rc0,0.8.1,0.9.0-rc0,12
pig,0.6.0-rc0,org.apache.pig.impl.logicalLayer,LOForEach,pruneColumns,Complex Method,"designitejava,pmd,checkstyle",src/org/apache/pig/impl/logicalLayer/LOForEach.java,src/org/apache/pig/impl/logicalLayer/LOForEach.java.LOForEach.pruneColumns.Complex Method,0.6.0-rc0,0.8.1,0.9.0-rc0,6
pig,0.4.0-rc0,org.apache.pig.impl.logicalLayer,LOJoin,,God Class,"pmd,checkstyle",src/org/apache/pig/impl/logicalLayer/LOJoin.java,src/org/apache/pig/impl/logicalLayer/LOJoin.java.LOJoin..God Class,0.4.0-rc0,0.8.1,0.9.0-rc0,9
pig,0.4.0-rc0,org.apache.pig.impl.logicalLayer,LOJoin,getProjectionMap,Complex Method,"designitejava,pmd,checkstyle",src/org/apache/pig/impl/logicalLayer/LOJoin.java,src/org/apache/pig/impl/logicalLayer/LOJoin.java.LOJoin.getProjectionMap.Complex Method,0.4.0-rc0,0.8.1,0.9.0-rc0,9
pig,0.4.0-rc0,org.apache.pig.impl.logicalLayer,LOJoin,getRequiredFields,Complex Method,"designitejava,pmd,checkstyle",src/org/apache/pig/impl/logicalLayer/LOJoin.java,src/org/apache/pig/impl/logicalLayer/LOJoin.java.LOJoin.getRequiredFields.Complex Method,0.4.0-rc0,0.8.1,0.9.0-rc0,9
pig,0.4.0-rc0,org.apache.pig.impl.logicalLayer,LOJoin,getSchema,Complex Method,"designitejava,pmd,checkstyle",src/org/apache/pig/impl/logicalLayer/LOJoin.java,src/org/apache/pig/impl/logicalLayer/LOJoin.java.LOJoin.getSchema.Complex Method,0.4.0-rc0,0.8.1,0.9.0-rc0,9
pig,0.4.0-rc0,org.apache.pig.impl.logicalLayer,LOJoin,getTupleJoinSchema,Complex Method,"designitejava,pmd",src/org/apache/pig/impl/logicalLayer/LOJoin.java,src/org/apache/pig/impl/logicalLayer/LOJoin.java.LOJoin.getTupleJoinSchema.Complex Method,0.4.0-rc0,0.8.1,0.9.0-rc0,9
pig,0.6.0-rc0,org.apache.pig.impl.logicalLayer,LOLoad,fieldsToRead,Complex Method,"designitejava,pmd,checkstyle",src/org/apache/pig/impl/logicalLayer/LOLoad.java,src/org/apache/pig/impl/logicalLayer/LOLoad.java.LOLoad.fieldsToRead.Complex Method,0.6.0-rc0,0.6.0,0.7.0,2
pig,0.7.0,org.apache.pig.impl.logicalLayer,LOLoad,pushProjection,Complex Method,"designitejava,pmd,checkstyle",src/org/apache/pig/impl/logicalLayer/LOLoad.java,src/org/apache/pig/impl/logicalLayer/LOLoad.java.LOLoad.pushProjection.Complex Method,0.7.0,0.8.1,0.9.0-rc0,4
pig,0.2.0-rc0,org.apache.pig.impl.logicalLayer,LOPrinter,depthFirst,Complex Method,"designitejava,pmd,checkstyle",src/org/apache/pig/impl/logicalLayer/LOPrinter.java,src/org/apache/pig/impl/logicalLayer/LOPrinter.java.LOPrinter.depthFirst.Complex Method,0.2.0-rc0,0.8.1,0.9.0-rc0,12
pig,0.2.0-rc0,org.apache.pig.impl.logicalLayer,LOProject,getFieldSchema,Complex Method,"designitejava,pmd,checkstyle",src/org/apache/pig/impl/logicalLayer/LOProject.java,src/org/apache/pig/impl/logicalLayer/LOProject.java.LOProject.getFieldSchema.Complex Method,0.2.0-rc0,0.8.1,0.9.0-rc0,12
pig,0.2.0-rc0,org.apache.pig.impl.logicalLayer,LOUnion,getSchema,Complex Method,"designitejava,pmd,checkstyle",src/org/apache/pig/impl/logicalLayer/LOUnion.java,src/org/apache/pig/impl/logicalLayer/LOUnion.java.LOUnion.getSchema.Complex Method,0.2.0-rc0,0.8.1,0.9.0-rc0,12
pig,0.7.0,org.apache.pig.impl.logicalLayer,LOUnion,pruneColumns,Complex Method,"designitejava,pmd,checkstyle",src/org/apache/pig/impl/logicalLayer/LOUnion.java,src/org/apache/pig/impl/logicalLayer/LOUnion.java.LOUnion.pruneColumns.Complex Method,0.7.0,0.8.1,0.9.0-rc0,4
pig,0.8.0,org.apache.pig.impl.logicalLayer,LOUserFunc,getFieldSchema,Complex Method,"designitejava,pmd,checkstyle",src/org/apache/pig/impl/logicalLayer/LOUserFunc.java,src/org/apache/pig/impl/logicalLayer/LOUserFunc.java.LOUserFunc.getFieldSchema.Complex Method,0.8.0,0.8.1,0.9.0-rc0,3
pig,0.2.0-rc0,org.apache.pig.impl.logicalLayer,LogicalPlanBuilder,parse,Long Parameter List,"designitejava,checkstyle",src/org/apache/pig/impl/logicalLayer/LogicalPlanBuilder.java,src/org/apache/pig/impl/logicalLayer/LogicalPlanBuilder.java.LogicalPlanBuilder.parse.Long Parameter List,0.2.0-rc0,0.8.1,0.9.0-rc0,12
pig,0.7.0,org.apache.pig.impl.logicalLayer,PColFilterExtractor,,God Class,"pmd,checkstyle",src/org/apache/pig/impl/logicalLayer/PColFilterExtractor.java,src/org/apache/pig/impl/logicalLayer/PColFilterExtractor.java.PColFilterExtractor..God Class,0.7.0,0.8.1,0.9.0-rc0,4
pig,0.7.0,org.apache.pig.impl.logicalLayer,PColFilterExtractor,getExpression,Complex Method,"designitejava,pmd,checkstyle",src/org/apache/pig/impl/logicalLayer/PColFilterExtractor.java,src/org/apache/pig/impl/logicalLayer/PColFilterExtractor.java.PColFilterExtractor.getExpression.Complex Method,0.7.0,0.8.1,0.9.0-rc0,4
pig,0.7.0,org.apache.pig.impl.logicalLayer,PColFilterExtractor,visit,Complex Method,"designitejava,pmd,checkstyle",src/org/apache/pig/impl/logicalLayer/PColFilterExtractor.java,src/org/apache/pig/impl/logicalLayer/PColFilterExtractor.java.PColFilterExtractor.visit.Complex Method,0.7.0,0.8.1,0.9.0-rc0,4
pig,0.4.0-rc0,org.apache.pig.impl.logicalLayer,ProjectFixerUpper,visit,Complex Method,"designitejava,pmd,checkstyle",src/org/apache/pig/impl/logicalLayer/ProjectFixerUpper.java,src/org/apache/pig/impl/logicalLayer/ProjectFixerUpper.java.ProjectFixerUpper.visit.Complex Method,0.4.0-rc0,0.8.1,0.9.0-rc0,9
pig,0.2.0-rc0,org.apache.pig.impl.logicalLayer,RemoveRedundantOperators,patchInputReference,Complex Method,"designitejava,pmd,checkstyle",src/org/apache/pig/impl/logicalLayer/RemoveRedundantOperators.java,src/org/apache/pig/impl/logicalLayer/RemoveRedundantOperators.java.RemoveRedundantOperators.patchInputReference.Complex Method,0.2.0-rc0,0.2.0,0.3.0,2
pig,0.2.0-rc0,org.apache.pig.impl.logicalLayer,RemoveRedundantOperators,visit,Complex Method,"pmd,checkstyle",src/org/apache/pig/impl/logicalLayer/RemoveRedundantOperators.java,src/org/apache/pig/impl/logicalLayer/RemoveRedundantOperators.java.RemoveRedundantOperators.visit.Complex Method,0.2.0-rc0,0.8.1,0.9.0-rc0,12
pig,0.8.0,org.apache.pig.impl.logicalLayer,UnionOnSchemaSetter,visit,Complex Method,"designitejava,pmd,checkstyle",src/org/apache/pig/impl/logicalLayer/UnionOnSchemaSetter.java,src/org/apache/pig/impl/logicalLayer/UnionOnSchemaSetter.java.UnionOnSchemaSetter.visit.Complex Method,0.8.0,0.8.1,0.9.0-rc0,3
pig,0.2.0-rc0,org.apache.pig.impl.logicalLayer.optimizer,LogicalTransformer,fixUpContainedPlans,Complex Method,"designitejava,pmd,checkstyle",src/org/apache/pig/impl/logicalLayer/optimizer/LogicalTransformer.java,src/org/apache/pig/impl/logicalLayer/optimizer/LogicalTransformer.java.LogicalTransformer.fixUpContainedPlans.Complex Method,0.2.0-rc0,0.8.1,0.9.0-rc0,12
pig,0.2.0-rc0,org.apache.pig.impl.logicalLayer.optimizer,LogicalTransformer,removeFromChain,Complex Method,"designitejava,checkstyle",src/org/apache/pig/impl/logicalLayer/optimizer/LogicalTransformer.java,src/org/apache/pig/impl/logicalLayer/optimizer/LogicalTransformer.java.LogicalTransformer.removeFromChain.Complex Method,0.2.0-rc0,0.3.0,0.4.0-rc0,3
pig,0.7.0,org.apache.pig.impl.logicalLayer.optimizer,OpLimitOptimizer,check,Complex Method,"designitejava,pmd,checkstyle",src/org/apache/pig/impl/logicalLayer/optimizer/OpLimitOptimizer.java,src/org/apache/pig/impl/logicalLayer/optimizer/OpLimitOptimizer.java.OpLimitOptimizer.check.Complex Method,0.7.0,0.8.1,0.9.0-rc0,4
pig,0.2.0-rc0,org.apache.pig.impl.logicalLayer.optimizer,OpLimitOptimizer,processNode,Complex Method,"designitejava,pmd,checkstyle",src/org/apache/pig/impl/logicalLayer/optimizer/OpLimitOptimizer.java,src/org/apache/pig/impl/logicalLayer/optimizer/OpLimitOptimizer.java.OpLimitOptimizer.processNode.Complex Method,0.2.0-rc0,0.8.1,0.9.0-rc0,12
pig,0.6.0-rc0,org.apache.pig.impl.logicalLayer.optimizer,PruneColumns,getMapKeysInPlan,Complex Method,"pmd,checkstyle",src/org/apache/pig/impl/logicalLayer/optimizer/PruneColumns.java,src/org/apache/pig/impl/logicalLayer/optimizer/PruneColumns.java.PruneColumns.getMapKeysInPlan.Complex Method,0.6.0-rc0,0.8.1,0.9.0-rc0,6
pig,0.6.0-rc0,org.apache.pig.impl.logicalLayer.optimizer,PruneColumns,processNode,Complex Method,"pmd,checkstyle",src/org/apache/pig/impl/logicalLayer/optimizer/PruneColumns.java,src/org/apache/pig/impl/logicalLayer/optimizer/PruneColumns.java.PruneColumns.processNode.Complex Method,0.6.0-rc0,0.8.1,0.9.0-rc0,6
pig,0.6.0-rc0,org.apache.pig.impl.logicalLayer.optimizer,PruneColumns,pruneLoader,Complex Method,"pmd,checkstyle",src/org/apache/pig/impl/logicalLayer/optimizer/PruneColumns.java,src/org/apache/pig/impl/logicalLayer/optimizer/PruneColumns.java.PruneColumns.pruneLoader.Complex Method,0.6.0-rc0,0.8.1,0.9.0-rc0,6
pig,0.4.0-rc0,org.apache.pig.impl.logicalLayer.optimizer,PushDownForeachFlatten,check,Complex Method,"designitejava,pmd,checkstyle",src/org/apache/pig/impl/logicalLayer/optimizer/PushDownForeachFlatten.java,src/org/apache/pig/impl/logicalLayer/optimizer/PushDownForeachFlatten.java.PushDownForeachFlatten.check.Complex Method,0.4.0-rc0,0.8.1,0.9.0-rc0,9
pig,0.4.0-rc0,org.apache.pig.impl.logicalLayer.optimizer,PushUpFilter,check,Complex Method,"designitejava,pmd,checkstyle",src/org/apache/pig/impl/logicalLayer/optimizer/PushUpFilter.java,src/org/apache/pig/impl/logicalLayer/optimizer/PushUpFilter.java.PushUpFilter.check.Complex Method,0.4.0-rc0,0.8.1,0.9.0-rc0,9
pig,0.4.0-rc0,org.apache.pig.impl.logicalLayer.optimizer,PushUpFilter,isRequiredFieldMapped,Complex Method,"designitejava,checkstyle",src/org/apache/pig/impl/logicalLayer/optimizer/PushUpFilter.java,src/org/apache/pig/impl/logicalLayer/optimizer/PushUpFilter.java.PushUpFilter.isRequiredFieldMapped.Complex Method,0.4.0-rc0,0.8.1,0.9.0-rc0,9
pig,0.2.0-rc0,org.apache.pig.impl.logicalLayer.optimizer,StreamOptimizer,checkLoadOptimizable,Complex Method,"pmd,checkstyle",src/org/apache/pig/impl/logicalLayer/optimizer/StreamOptimizer.java,src/org/apache/pig/impl/logicalLayer/optimizer/StreamOptimizer.java.StreamOptimizer.checkLoadOptimizable.Complex Method,0.2.0-rc0,0.6.0,0.7.0,8
pig,0.4.0-rc0,org.apache.pig.impl.logicalLayer.optimizer,TypeCastInserter,getOperator,Complex Method,"pmd,checkstyle",src/org/apache/pig/impl/logicalLayer/optimizer/TypeCastInserter.java,src/org/apache/pig/impl/logicalLayer/optimizer/TypeCastInserter.java.TypeCastInserter.getOperator.Complex Method,0.4.0-rc0,0.8.1,0.9.0-rc0,9
pig,0.2.0-rc0,org.apache.pig.impl.logicalLayer.optimizer,TypeCastInserter,transform,Complex Method,"designitejava,pmd,checkstyle",src/org/apache/pig/impl/logicalLayer/optimizer/TypeCastInserter.java,src/org/apache/pig/impl/logicalLayer/optimizer/TypeCastInserter.java.TypeCastInserter.transform.Complex Method,0.2.0-rc0,0.8.1,0.9.0-rc0,12
pig,0.1.0,org.apache.pig.impl.logicalLayer.optimizer.streaming,LoadOptimizer,visitEval,Complex Method,"pmd,checkstyle",src/org/apache/pig/impl/logicalLayer/optimizer/streaming/LoadOptimizer.java,src/org/apache/pig/impl/logicalLayer/optimizer/streaming/LoadOptimizer.java.LoadOptimizer.visitEval.Complex Method,0.1.0,0.1.1,0.2.0-rc0,3
pig,0.2.0-rc0,org.apache.pig.impl.logicalLayer.schema,Schema,,God Class,"pmd,checkstyle",src/org/apache/pig/impl/logicalLayer/schema/Schema.java,src/org/apache/pig/impl/logicalLayer/schema/Schema.java.Schema..God Class,0.2.0-rc0,0.17.0,0.17.0,40
pig,0.2.0-rc0,org.apache.pig.impl.logicalLayer.schema,Schema,equals,Complex Method,"designitejava,pmd,checkstyle",src/org/apache/pig/impl/logicalLayer/schema/Schema.java,src/org/apache/pig/impl/logicalLayer/schema/Schema.java.Schema.equals.Complex Method,0.2.0-rc0,0.17.0,0.17.0,40
pig,0.2.0-rc0,org.apache.pig.impl.logicalLayer.schema,Schema,getField,Complex Method,"designitejava,pmd,checkstyle",src/org/apache/pig/impl/logicalLayer/schema/Schema.java,src/org/apache/pig/impl/logicalLayer/schema/Schema.java.Schema.getField.Complex Method,0.2.0-rc0,0.17.0,0.17.0,40
pig,0.8.0,org.apache.pig.impl.logicalLayer.schema,Schema,getFieldSubNameMatch,Complex Method,"designitejava,pmd",src/org/apache/pig/impl/logicalLayer/schema/Schema.java,src/org/apache/pig/impl/logicalLayer/schema/Schema.java.Schema.getFieldSubNameMatch.Complex Method,0.8.0,0.17.0,0.17.0,31
pig,0.7.0,org.apache.pig.impl.logicalLayer.schema,Schema,getPigSchema,Complex Method,"designitejava,pmd",src/org/apache/pig/impl/logicalLayer/schema/Schema.java,src/org/apache/pig/impl/logicalLayer/schema/Schema.java.Schema.getPigSchema.Complex Method,0.7.0,0.17.0,0.17.0,32
pig,0.2.0-rc0,org.apache.pig.impl.logicalLayer.schema,Schema,getPosition,Complex Method,"designitejava,pmd",src/org/apache/pig/impl/logicalLayer/schema/Schema.java,src/org/apache/pig/impl/logicalLayer/schema/Schema.java.Schema.getPosition.Complex Method,0.2.0-rc0,0.17.0,0.17.0,40
pig,0.2.0-rc0,org.apache.pig.impl.logicalLayer.schema,Schema,mergeSchema,Complex Method,"designitejava,pmd,checkstyle",src/org/apache/pig/impl/logicalLayer/schema/Schema.java,src/org/apache/pig/impl/logicalLayer/schema/Schema.java.Schema.mergeSchema.Complex Method,0.2.0-rc0,0.17.0,0.17.0,40
pig,0.2.0-rc0,org.apache.pig.impl.logicalLayer.schema,Schema,reconcile,Complex Method,"designitejava,pmd,checkstyle",src/org/apache/pig/impl/logicalLayer/schema/Schema.java,src/org/apache/pig/impl/logicalLayer/schema/Schema.java.Schema.reconcile.Complex Method,0.2.0-rc0,0.17.0,0.17.0,40
pig,0.2.0-rc0,org.apache.pig.impl.logicalLayer.schema,Schema,stringifySchema,Complex Method,"designitejava,pmd,checkstyle",src/org/apache/pig/impl/logicalLayer/schema/Schema.java,src/org/apache/pig/impl/logicalLayer/schema/Schema.java.Schema.stringifySchema.Complex Method,0.2.0-rc0,0.17.0,0.17.0,40
pig,0.2.0-rc0,org.apache.pig.impl.logicalLayer.validators,InputOutputFileVisitor,checkFileExists,Feature Envy,"designitejava,checkstyle",src/org/apache/pig/impl/logicalLayer/validators/InputOutputFileVisitor.java,src/org/apache/pig/impl/logicalLayer/validators/InputOutputFileVisitor.java.InputOutputFileVisitor.checkFileExists.Feature Envy,0.2.0-rc0,0.6.0,0.7.0,8
pig,0.2.0-rc0,org.apache.pig.impl.logicalLayer.validators,InputOutputFileVisitor,visit,Complex Method,"designitejava,checkstyle",src/org/apache/pig/impl/logicalLayer/validators/InputOutputFileVisitor.java,src/org/apache/pig/impl/logicalLayer/validators/InputOutputFileVisitor.java.InputOutputFileVisitor.visit.Complex Method,0.2.0-rc0,0.6.0,0.7.0,8
pig,0.6.0-rc0,org.apache.pig.impl.logicalLayer.validators,SchemaAliasVisitor,validate,Complex Method,"pmd,checkstyle",src/org/apache/pig/impl/logicalLayer/validators/SchemaAliasVisitor.java,src/org/apache/pig/impl/logicalLayer/validators/SchemaAliasVisitor.java.SchemaAliasVisitor.validate.Complex Method,0.6.0-rc0,0.8.1,0.9.0-rc0,6
pig,0.2.0-rc0,org.apache.pig.impl.logicalLayer.validators,TypeCheckingVisitor,,God Class,"pmd,checkstyle",src/org/apache/pig/impl/logicalLayer/validators/TypeCheckingVisitor.java,src/org/apache/pig/impl/logicalLayer/validators/TypeCheckingVisitor.java.TypeCheckingVisitor..God Class,0.2.0-rc0,0.8.1,0.9.0-rc0,12
pig,0.2.0-rc0,org.apache.pig.impl.logicalLayer.validators,TypeCheckingVisitor,bestFitMatchWithByteArrays,Complex Method,"designitejava,pmd,checkstyle",src/org/apache/pig/impl/logicalLayer/validators/TypeCheckingVisitor.java,src/org/apache/pig/impl/logicalLayer/validators/TypeCheckingVisitor.java.TypeCheckingVisitor.bestFitMatchWithByteArrays.Complex Method,0.2.0-rc0,0.8.1,0.9.0-rc0,12
pig,0.2.0-rc0,org.apache.pig.impl.logicalLayer.validators,TypeCheckingVisitor,fitPossible,Complex Method,"designitejava,pmd,checkstyle",src/org/apache/pig/impl/logicalLayer/validators/TypeCheckingVisitor.java,src/org/apache/pig/impl/logicalLayer/validators/TypeCheckingVisitor.java.TypeCheckingVisitor.fitPossible.Complex Method,0.2.0-rc0,0.8.1,0.9.0-rc0,12
pig,0.2.0-rc0,org.apache.pig.impl.logicalLayer.validators,TypeCheckingVisitor,getLoadFuncSpec,Complex Method,"designitejava,pmd,checkstyle",src/org/apache/pig/impl/logicalLayer/validators/TypeCheckingVisitor.java,src/org/apache/pig/impl/logicalLayer/validators/TypeCheckingVisitor.java.TypeCheckingVisitor.getLoadFuncSpec.Complex Method,0.2.0-rc0,0.8.1,0.9.0-rc0,12
pig,0.2.0-rc0,org.apache.pig.impl.logicalLayer.validators,TypeCheckingVisitor,insertCastForEachInBetweenIfNecessary,Complex Method,"designitejava,pmd,checkstyle",src/org/apache/pig/impl/logicalLayer/validators/TypeCheckingVisitor.java,src/org/apache/pig/impl/logicalLayer/validators/TypeCheckingVisitor.java.TypeCheckingVisitor.insertCastForEachInBetweenIfNecessary.Complex Method,0.2.0-rc0,0.8.1,0.9.0-rc0,12
pig,0.2.0-rc0,org.apache.pig.impl.logicalLayer.validators,TypeCheckingVisitor,schemaEqualsForMatching,Complex Method,"designitejava,pmd,checkstyle",src/org/apache/pig/impl/logicalLayer/validators/TypeCheckingVisitor.java,src/org/apache/pig/impl/logicalLayer/validators/TypeCheckingVisitor.java.TypeCheckingVisitor.schemaEqualsForMatching.Complex Method,0.2.0-rc0,0.8.1,0.9.0-rc0,12
pig,0.2.0-rc0,org.apache.pig.impl.logicalLayer.validators,TypeCheckingVisitor,visit,Complex Method,"designitejava,pmd,checkstyle",src/org/apache/pig/impl/logicalLayer/validators/TypeCheckingVisitor.java,src/org/apache/pig/impl/logicalLayer/validators/TypeCheckingVisitor.java.TypeCheckingVisitor.visit.Complex Method,0.2.0-rc0,0.8.1,0.9.0-rc0,12
pig,0.2.0-rc0,org.apache.pig.impl.plan,OperatorPlan,,God Class,"pmd,checkstyle",src/org/apache/pig/impl/plan/OperatorPlan.java,src/org/apache/pig/impl/plan/OperatorPlan.java.OperatorPlan..God Class,0.2.0-rc0,0.17.0,0.17.0,40
pig,0.3.0,org.apache.pig.impl.plan,OperatorPlan,doMerge,Complex Method,"designitejava,pmd,checkstyle",src/org/apache/pig/impl/plan/OperatorPlan.java,src/org/apache/pig/impl/plan/OperatorPlan.java.OperatorPlan.doMerge.Complex Method,0.3.0,0.17.0,0.17.0,38
pig,0.2.0-rc0,org.apache.pig.impl.plan,OperatorPlan,merge,Complex Method,"designitejava,pmd,checkstyle",src/org/apache/pig/impl/plan/OperatorPlan.java,src/org/apache/pig/impl/plan/OperatorPlan.java.OperatorPlan.merge.Complex Method,0.2.0-rc0,0.2.0,0.3.0,2
pig,0.3.0,org.apache.pig.impl.plan,OperatorPlan,pushAfter,Complex Method,"designitejava,pmd,checkstyle",src/org/apache/pig/impl/plan/OperatorPlan.java,src/org/apache/pig/impl/plan/OperatorPlan.java.OperatorPlan.pushAfter.Complex Method,0.3.0,0.17.0,0.17.0,38
pig,0.3.0,org.apache.pig.impl.plan,OperatorPlan,pushBefore,Complex Method,"designitejava,pmd,checkstyle",src/org/apache/pig/impl/plan/OperatorPlan.java,src/org/apache/pig/impl/plan/OperatorPlan.java.OperatorPlan.pushBefore.Complex Method,0.3.0,0.17.0,0.17.0,38
pig,0.3.0,org.apache.pig.impl.plan,OperatorPlan,reconnectPredecessors,Complex Method,"designitejava,pmd,checkstyle",src/org/apache/pig/impl/plan/OperatorPlan.java,src/org/apache/pig/impl/plan/OperatorPlan.java.OperatorPlan.reconnectPredecessors.Complex Method,0.3.0,0.17.0,0.17.0,38
pig,0.3.0,org.apache.pig.impl.plan,OperatorPlan,reconnectSuccessors,Complex Method,"designitejava,pmd,checkstyle",src/org/apache/pig/impl/plan/OperatorPlan.java,src/org/apache/pig/impl/plan/OperatorPlan.java.OperatorPlan.reconnectSuccessors.Complex Method,0.3.0,0.17.0,0.17.0,38
pig,0.7.0,org.apache.pig.impl.plan,OperatorPlan,removeAndReconnect,Complex Method,"designitejava,pmd,checkstyle",src/org/apache/pig/impl/plan/OperatorPlan.java,src/org/apache/pig/impl/plan/OperatorPlan.java.OperatorPlan.removeAndReconnect.Complex Method,0.7.0,0.17.0,0.17.0,32
pig,0.3.0,org.apache.pig.impl.plan,OperatorPlan,replaceAndAddPredecessors,Feature Envy,"designitejava,checkstyle",src/org/apache/pig/impl/plan/OperatorPlan.java,src/org/apache/pig/impl/plan/OperatorPlan.java.OperatorPlan.replaceAndAddPredecessors.Feature Envy,0.3.0,0.17.0,0.17.0,38
pig,0.3.0,org.apache.pig.impl.plan,OperatorPlan,replaceAndAddSucessors,Feature Envy,"designitejava,checkstyle",src/org/apache/pig/impl/plan/OperatorPlan.java,src/org/apache/pig/impl/plan/OperatorPlan.java.OperatorPlan.replaceAndAddSucessors.Feature Envy,0.3.0,0.17.0,0.17.0,38
pig,0.3.0,org.apache.pig.impl.plan,OperatorPlan,replaceNode,Complex Method,"designitejava,pmd,checkstyle",src/org/apache/pig/impl/plan/OperatorPlan.java,src/org/apache/pig/impl/plan/OperatorPlan.java.OperatorPlan.replaceNode.Complex Method,0.3.0,0.17.0,0.17.0,38
pig,0.3.0,org.apache.pig.impl.plan,OperatorPlan,swap,Complex Method,"designitejava,pmd,checkstyle",src/org/apache/pig/impl/plan/OperatorPlan.java,src/org/apache/pig/impl/plan/OperatorPlan.java.OperatorPlan.swap.Complex Method,0.3.0,0.17.0,0.17.0,38
pig,0.3.0,org.apache.pig.impl.plan,PlanDumper,dump,Complex Method,"designitejava,pmd",src/org/apache/pig/impl/plan/PlanDumper.java,src/org/apache/pig/impl/plan/PlanDumper.java.PlanDumper.dump.Complex Method,0.3.0,0.17.0,0.17.0,38
pig,0.6.0-rc0,org.apache.pig.impl.plan,RequiredFields,merge,Complex Method,"designitejava,pmd,checkstyle",src/org/apache/pig/impl/plan/RequiredFields.java,src/org/apache/pig/impl/plan/RequiredFields.java.RequiredFields.merge.Complex Method,0.6.0-rc0,0.17.0,0.17.0,34
pig,0.2.0-rc0,org.apache.pig.impl.plan.optimizer,RuleMatcher,continueMatch,Complex Method,"designitejava,pmd",src/org/apache/pig/impl/plan/optimizer/RuleMatcher.java,src/org/apache/pig/impl/plan/optimizer/RuleMatcher.java.RuleMatcher.continueMatch.Complex Method,0.2.0-rc0,0.8.1,0.9.0-rc0,12
pig,0.3.0,org.apache.pig.impl.plan.optimizer,RuleMatcher,processPreliminaryMatches,Complex Method,"designitejava,pmd,checkstyle",src/org/apache/pig/impl/plan/optimizer/RuleMatcher.java,src/org/apache/pig/impl/plan/optimizer/RuleMatcher.java.RuleMatcher.processPreliminaryMatches.Complex Method,0.3.0,0.8.1,0.9.0-rc0,10
pig,0.1.0,org.apache.pig.impl.streaming,ExecutableManager,close,Complex Method,"designitejava,pmd,checkstyle",src/org/apache/pig/impl/streaming/ExecutableManager.java,src/org/apache/pig/impl/streaming/ExecutableManager.java.ExecutableManager.close.Complex Method,0.1.0,0.17.0,0.17.0,43
pig,0.12.0-rc0,org.apache.pig.impl.streaming,PigStreamingUDF,deserialize,Complex Method,"designitejava,pmd,checkstyle",src/org/apache/pig/impl/streaming/PigStreamingUDF.java,src/org/apache/pig/impl/streaming/PigStreamingUDF.java.PigStreamingUDF.deserialize.Complex Method,0.12.0-rc0,0.17.0,0.17.0,14
pig,0.2.0-rc0,org.apache.pig.impl.util,LogUtils,writeLog,Complex Method,"designitejava,pmd,checkstyle",src/org/apache/pig/impl/util/LogUtils.java,src/org/apache/pig/impl/util/LogUtils.java.LogUtils.writeLog.Complex Method,0.2.0-rc0,0.17.0,0.17.0,40
pig,0.2.0-rc0,org.apache.pig.impl.util,LogUtils,writeLog,Long Parameter List,"designitejava,checkstyle",src/org/apache/pig/impl/util/LogUtils.java,src/org/apache/pig/impl/util/LogUtils.java.LogUtils.writeLog.Long Parameter List,0.2.0-rc0,0.17.0,0.17.0,40
pig,0.6.0-rc0,org.apache.pig.impl.util,PropertiesUtil,loadPropertiesFromFile,Complex Method,"designitejava,pmd,checkstyle",src/org/apache/pig/impl/util/PropertiesUtil.java,src/org/apache/pig/impl/util/PropertiesUtil.java.PropertiesUtil.loadPropertiesFromFile.Complex Method,0.6.0-rc0,0.7.0,0.8.0,3
pig,0.1.0,org.apache.pig.impl.util,SpillableMemoryManager,handleNotification,Complex Method,"designitejava,pmd,checkstyle",src/org/apache/pig/impl/util/SpillableMemoryManager.java,src/org/apache/pig/impl/util/SpillableMemoryManager.java.SpillableMemoryManager.handleNotification.Complex Method,0.1.0,0.17.0,0.17.0,43
pig,0.7.0,org.apache.pig.impl.util,StorageUtil,putField,Complex Method,"designitejava,pmd,checkstyle",src/org/apache/pig/impl/util/StorageUtil.java,src/org/apache/pig/impl/util/StorageUtil.java.StorageUtil.putField.Complex Method,0.7.0,0.17.0,0.17.0,32
pig,0.8.0,org.apache.pig.impl.util,StringUtils,unescapeInputString,Complex Method,"designitejava,pmd,checkstyle",src/org/apache/pig/impl/util/StringUtils.java,src/org/apache/pig/impl/util/StringUtils.java.StringUtils.unescapeInputString.Complex Method,0.8.0,0.17.0,0.17.0,31
pig,0.4.0-rc0,org.apache.pig.impl.util,TupleFormat,format,Complex Method,"designitejava,pmd",src/org/apache/pig/impl/util/TupleFormat.java,src/org/apache/pig/impl/util/TupleFormat.java.TupleFormat.format.Complex Method,0.4.0-rc0,0.17.0,0.17.0,37
pig,0.12.0-rc0,org.apache.pig.impl.util.avro,AvroStorageSchemaConversionUtilities,,God Class,"pmd,checkstyle",src/org/apache/pig/impl/util/avro/AvroStorageSchemaConversionUtilities.java,src/org/apache/pig/impl/util/avro/AvroStorageSchemaConversionUtilities.java.AvroStorageSchemaConversionUtilities..God Class,0.12.0-rc0,0.17.0,0.17.0,14
pig,0.12.0-rc0,org.apache.pig.impl.util.avro,AvroStorageSchemaConversionUtilities,fieldToResourceFieldSchema,Complex Method,"designitejava,pmd,checkstyle",src/org/apache/pig/impl/util/avro/AvroStorageSchemaConversionUtilities.java,src/org/apache/pig/impl/util/avro/AvroStorageSchemaConversionUtilities.java.AvroStorageSchemaConversionUtilities.fieldToResourceFieldSchema.Complex Method,0.12.0-rc0,0.17.0,0.17.0,14
pig,0.12.0-rc0,org.apache.pig.impl.util.avro,AvroStorageSchemaConversionUtilities,getPigType,Complex Method,"designitejava,checkstyle",src/org/apache/pig/impl/util/avro/AvroStorageSchemaConversionUtilities.java,src/org/apache/pig/impl/util/avro/AvroStorageSchemaConversionUtilities.java.AvroStorageSchemaConversionUtilities.getPigType.Complex Method,0.12.0-rc0,0.17.0,0.17.0,14
pig,0.12.0-rc0,org.apache.pig.impl.util.avro,AvroStorageSchemaConversionUtilities,resourceFieldSchemaToAvroSchema,Complex Method,"designitejava,pmd,checkstyle",src/org/apache/pig/impl/util/avro/AvroStorageSchemaConversionUtilities.java,src/org/apache/pig/impl/util/avro/AvroStorageSchemaConversionUtilities.java.AvroStorageSchemaConversionUtilities.resourceFieldSchemaToAvroSchema.Complex Method,0.12.0-rc0,0.17.0,0.17.0,14
pig,0.12.0-rc0,org.apache.pig.impl.util.avro,AvroStorageSchemaConversionUtilities,resourceFieldSchemaToAvroSchema,Long Parameter List,"designitejava,checkstyle",src/org/apache/pig/impl/util/avro/AvroStorageSchemaConversionUtilities.java,src/org/apache/pig/impl/util/avro/AvroStorageSchemaConversionUtilities.java.AvroStorageSchemaConversionUtilities.resourceFieldSchemaToAvroSchema.Long Parameter List,0.12.0-rc0,0.17.0,0.17.0,14
pig,0.12.0-rc0,org.apache.pig.impl.util.avro,AvroTupleWrapper,get,Complex Method,"designitejava,checkstyle",src/org/apache/pig/impl/util/avro/AvroTupleWrapper.java,src/org/apache/pig/impl/util/avro/AvroTupleWrapper.java.AvroTupleWrapper.get.Complex Method,0.12.0-rc0,0.17.0,0.17.0,14
pig,0.15.0-rc0,org.apache.pig.impl.util.hive,HiveUtils,convertHiveToPig,Complex Method,"designitejava,pmd,checkstyle",src/org/apache/pig/impl/util/hive/HiveUtils.java,src/org/apache/pig/impl/util/hive/HiveUtils.java.HiveUtils.convertHiveToPig.Complex Method,0.15.0-rc0,0.17.0,0.17.0,6
pig,0.15.0-rc0,org.apache.pig.impl.util.hive,HiveUtils,createObjectInspector,Complex Method,"designitejava,checkstyle",src/org/apache/pig/impl/util/hive/HiveUtils.java,src/org/apache/pig/impl/util/hive/HiveUtils.java.HiveUtils.createObjectInspector.Complex Method,0.15.0-rc0,0.17.0,0.17.0,6
pig,0.15.0-rc0,org.apache.pig.impl.util.hive,HiveUtils,getPrimaryFromHive,Complex Method,"designitejava,checkstyle",src/org/apache/pig/impl/util/hive/HiveUtils.java,src/org/apache/pig/impl/util/hive/HiveUtils.java.HiveUtils.getPrimaryFromHive.Complex Method,0.15.0-rc0,0.17.0,0.17.0,6
pig,0.15.0-rc0,org.apache.pig.impl.util.hive,HiveUtils,getResourceFieldSchema,Complex Method,"designitejava,checkstyle",src/org/apache/pig/impl/util/hive/HiveUtils.java,src/org/apache/pig/impl/util/hive/HiveUtils.java.HiveUtils.getResourceFieldSchema.Complex Method,0.15.0-rc0,0.17.0,0.17.0,6
pig,0.15.0-rc0,org.apache.pig.impl.util.hive,HiveUtils,getTypeInfo,Complex Method,"designitejava,pmd,checkstyle",src/org/apache/pig/impl/util/hive/HiveUtils.java,src/org/apache/pig/impl/util/hive/HiveUtils.java.HiveUtils.getTypeInfo.Complex Method,0.15.0-rc0,0.17.0,0.17.0,6
pig,0.14.0-rc0,org.apache.pig.impl.util.orc,OrcUtils,convertOrcToPig,Complex Method,"designitejava,pmd,checkstyle",src/org/apache/pig/impl/util/orc/OrcUtils.java,src/org/apache/pig/impl/util/orc/OrcUtils.java.OrcUtils.convertOrcToPig.Complex Method,0.14.0-rc0,0.14.0,0.15.0-rc0,2
pig,0.14.0-rc0,org.apache.pig.impl.util.orc,OrcUtils,createObjectInspector,Complex Method,"designitejava,checkstyle",src/org/apache/pig/impl/util/orc/OrcUtils.java,src/org/apache/pig/impl/util/orc/OrcUtils.java.OrcUtils.createObjectInspector.Complex Method,0.14.0-rc0,0.14.0,0.15.0-rc0,2
pig,0.14.0-rc0,org.apache.pig.impl.util.orc,OrcUtils,getPrimaryFromOrc,Complex Method,"designitejava,checkstyle",src/org/apache/pig/impl/util/orc/OrcUtils.java,src/org/apache/pig/impl/util/orc/OrcUtils.java.OrcUtils.getPrimaryFromOrc.Complex Method,0.14.0-rc0,0.14.0,0.15.0-rc0,2
pig,0.14.0-rc0,org.apache.pig.impl.util.orc,OrcUtils,getResourceFieldSchema,Complex Method,"designitejava,checkstyle",src/org/apache/pig/impl/util/orc/OrcUtils.java,src/org/apache/pig/impl/util/orc/OrcUtils.java.OrcUtils.getResourceFieldSchema.Complex Method,0.14.0-rc0,0.14.0,0.15.0-rc0,2
pig,0.14.0-rc0,org.apache.pig.impl.util.orc,OrcUtils,getTypeInfo,Complex Method,"designitejava,checkstyle",src/org/apache/pig/impl/util/orc/OrcUtils.java,src/org/apache/pig/impl/util/orc/OrcUtils.java.OrcUtils.getTypeInfo.Complex Method,0.14.0-rc0,0.14.0,0.15.0-rc0,2
pig,0.8.0,org.apache.pig.newplan,BaseOperatorPlan,,God Class,"pmd,checkstyle",src/org/apache/pig/newplan/BaseOperatorPlan.java,src/org/apache/pig/newplan/BaseOperatorPlan.java.BaseOperatorPlan..God Class,0.8.0,0.17.0,0.17.0,31
pig,0.8.0,org.apache.pig.newplan,BaseOperatorPlan,isEqual,Complex Method,"designitejava,pmd",src/org/apache/pig/newplan/BaseOperatorPlan.java,src/org/apache/pig/newplan/BaseOperatorPlan.java.BaseOperatorPlan.isEqual.Complex Method,0.8.0,0.17.0,0.17.0,31
pig,0.8.0,org.apache.pig.newplan,BaseOperatorPlan,removeAndReconnect,Complex Method,"designitejava,pmd,checkstyle",src/org/apache/pig/newplan/BaseOperatorPlan.java,src/org/apache/pig/newplan/BaseOperatorPlan.java.BaseOperatorPlan.removeAndReconnect.Complex Method,0.8.0,0.17.0,0.17.0,31
pig,0.12.0-rc0,org.apache.pig.newplan,FilterExtractor,getExpression,Complex Method,"designitejava,pmd,checkstyle",src/org/apache/pig/newplan/FilterExtractor.java,src/org/apache/pig/newplan/FilterExtractor.java.FilterExtractor.getExpression.Complex Method,0.12.0-rc0,0.17.0,0.17.0,14
pig,0.8.0,org.apache.pig.newplan,PColFilterExtractor,,God Class,"pmd,checkstyle",src/org/apache/pig/newplan/PColFilterExtractor.java,src/org/apache/pig/newplan/PColFilterExtractor.java.PColFilterExtractor..God Class,0.8.0,0.12.1,0.13.0-rc0,21
pig,0.8.0,org.apache.pig.newplan,PColFilterExtractor,getExpression,Complex Method,"designitejava,pmd,checkstyle",src/org/apache/pig/newplan/PColFilterExtractor.java,src/org/apache/pig/newplan/PColFilterExtractor.java.PColFilterExtractor.getExpression.Complex Method,0.8.0,0.12.1,0.13.0-rc0,21
pig,0.8.0,org.apache.pig.newplan,PColFilterExtractor,visit,Complex Method,"designitejava,checkstyle",src/org/apache/pig/newplan/PColFilterExtractor.java,src/org/apache/pig/newplan/PColFilterExtractor.java.PColFilterExtractor.visit.Complex Method,0.8.0,0.12.1,0.13.0-rc0,21
pig,0.9.0-rc0,org.apache.pig.newplan,PlanDumper,dump,Complex Method,"designitejava,pmd",src/org/apache/pig/newplan/PlanDumper.java,src/org/apache/pig/newplan/PlanDumper.java.PlanDumper.dump.Complex Method,0.9.0-rc0,0.17.0,0.17.0,28
pig,0.14.0-rc0,org.apache.pig.newplan,PredicatePushDownFilterExtractor,isSupportedOpType,Complex Method,"designitejava,pmd,checkstyle",src/org/apache/pig/newplan/PredicatePushDownFilterExtractor.java,src/org/apache/pig/newplan/PredicatePushDownFilterExtractor.java.PredicatePushDownFilterExtractor.isSupportedOpType.Complex Method,0.14.0-rc0,0.17.0,0.17.0,8
pig,0.8.0,org.apache.pig.newplan.logical,ForeachInnerPlanVisitor,visit,Complex Method,"designitejava,pmd,checkstyle",src/org/apache/pig/newplan/logical/ForeachInnerPlanVisitor.java,src/org/apache/pig/newplan/logical/ForeachInnerPlanVisitor.java.ForeachInnerPlanVisitor.visit.Complex Method,0.8.0,0.8.1,0.9.0-rc0,3
pig,0.8.0,org.apache.pig.newplan.logical.expression,DereferenceExpression,getFieldSchema,Complex Method,"designitejava,pmd",src/org/apache/pig/newplan/logical/expression/DereferenceExpression.java,src/org/apache/pig/newplan/logical/expression/DereferenceExpression.java.DereferenceExpression.getFieldSchema.Complex Method,0.8.0,0.17.0,0.17.0,31
pig,0.15.0-rc0,org.apache.pig.newplan.logical.expression,ExpToPhyTranslationVisitor,visit,Complex Method,"designitejava,pmd",src/org/apache/pig/newplan/logical/expression/ExpToPhyTranslationVisitor.java,src/org/apache/pig/newplan/logical/expression/ExpToPhyTranslationVisitor.java.ExpToPhyTranslationVisitor.visit.Complex Method,0.15.0-rc0,0.17.0,0.17.0,6
pig,0.8.0,org.apache.pig.newplan.logical.expression,ProjectExpression,getFieldSchema,Complex Method,"designitejava,pmd,checkstyle",src/org/apache/pig/newplan/logical/expression/ProjectExpression.java,src/org/apache/pig/newplan/logical/expression/ProjectExpression.java.ProjectExpression.getFieldSchema.Complex Method,0.8.0,0.17.0,0.17.0,31
pig,0.9.0-rc0,org.apache.pig.newplan.logical.expression,ProjectExpression,isEqual,Complex Method,"pmd,checkstyle",src/org/apache/pig/newplan/logical/expression/ProjectExpression.java,src/org/apache/pig/newplan/logical/expression/ProjectExpression.java.ProjectExpression.isEqual.Complex Method,0.9.0-rc0,0.17.0,0.17.0,28
pig,0.8.0,org.apache.pig.newplan.logical.expression,UserFuncExpression,getFieldSchema,Complex Method,"designitejava,pmd,checkstyle",src/org/apache/pig/newplan/logical/expression/UserFuncExpression.java,src/org/apache/pig/newplan/logical/expression/UserFuncExpression.java.UserFuncExpression.getFieldSchema.Complex Method,0.8.0,0.17.0,0.17.0,31
pig,0.12.0-rc0,org.apache.pig.newplan.logical.expression,UserFuncExpression,initializeInvokerFunction,Complex Method,"designitejava,pmd,checkstyle",src/org/apache/pig/newplan/logical/expression/UserFuncExpression.java,src/org/apache/pig/newplan/logical/expression/UserFuncExpression.java.UserFuncExpression.initializeInvokerFunction.Complex Method,0.12.0-rc0,0.17.0,0.17.0,14
pig,0.9.0,org.apache.pig.newplan.logical.expression,UserFuncExpression,isEqual,Complex Method,"designitejava,pmd,checkstyle",src/org/apache/pig/newplan/logical/expression/UserFuncExpression.java,src/org/apache/pig/newplan/logical/expression/UserFuncExpression.java.UserFuncExpression.isEqual.Complex Method,0.9.0,0.17.0,0.17.0,27
pig,0.8.0,org.apache.pig.newplan.logical.optimizer,LogicalPlanOptimizer,buildRuleSets,Complex Method,"designitejava,checkstyle",src/org/apache/pig/newplan/logical/optimizer/LogicalPlanOptimizer.java,src/org/apache/pig/newplan/logical/optimizer/LogicalPlanOptimizer.java.LogicalPlanOptimizer.buildRuleSets.Complex Method,0.8.0,0.17.0,0.17.0,31
pig,0.8.0,org.apache.pig.newplan.logical.optimizer,LogicalPlanOptimizer,checkAndAddRule,Complex Method,"designitejava,pmd",src/org/apache/pig/newplan/logical/optimizer/LogicalPlanOptimizer.java,src/org/apache/pig/newplan/logical/optimizer/LogicalPlanOptimizer.java.LogicalPlanOptimizer.checkAndAddRule.Complex Method,0.8.0,0.11.1,0.12.0-rc0,17
pig,0.8.0,org.apache.pig.newplan.logical.optimizer,LogicalPlanPrinter,printNode,Complex Method,"designitejava,pmd,checkstyle",src/org/apache/pig/newplan/logical/optimizer/LogicalPlanPrinter.java,src/org/apache/pig/newplan/logical/optimizer/LogicalPlanPrinter.java.LogicalPlanPrinter.printNode.Complex Method,0.8.0,0.12.0,0.12.1-rc0,19
pig,0.12.1-rc0,org.apache.pig.newplan.logical.optimizer,LogicalPlanPrinter,printNodePlan,Complex Method,"designitejava,pmd,checkstyle",src/org/apache/pig/newplan/logical/optimizer/LogicalPlanPrinter.java,src/org/apache/pig/newplan/logical/optimizer/LogicalPlanPrinter.java.LogicalPlanPrinter.printNodePlan.Complex Method,0.12.1-rc0,0.17.0,0.17.0,12
pig,0.8.0,org.apache.pig.newplan.logical.relational,LOCogroup,getSchema,Complex Method,"designitejava,pmd,checkstyle",src/org/apache/pig/newplan/logical/relational/LOCogroup.java,src/org/apache/pig/newplan/logical/relational/LOCogroup.java.LOCogroup.getSchema.Complex Method,0.8.0,0.17.0,0.17.0,31
pig,0.8.0,org.apache.pig.newplan.logical.relational,LOCogroup,isEqual,Complex Method,"designitejava,pmd,checkstyle",src/org/apache/pig/newplan/logical/relational/LOCogroup.java,src/org/apache/pig/newplan/logical/relational/LOCogroup.java.LOCogroup.isEqual.Complex Method,0.8.0,0.17.0,0.17.0,31
pig,0.9.0-rc0,org.apache.pig.newplan.logical.relational,LOForEach,findReacheableInnerLoadFromBoundaryProject,Complex Method,"designitejava,pmd",src/org/apache/pig/newplan/logical/relational/LOForEach.java,src/org/apache/pig/newplan/logical/relational/LOForEach.java.LOForEach.findReacheableInnerLoadFromBoundaryProject.Complex Method,0.9.0-rc0,0.12.0,0.12.1-rc0,16
pig,0.8.0,org.apache.pig.newplan.logical.relational,LOGenerate,getSchema,Complex Method,"designitejava,pmd,checkstyle",src/org/apache/pig/newplan/logical/relational/LOGenerate.java,src/org/apache/pig/newplan/logical/relational/LOGenerate.java.LOGenerate.getSchema.Complex Method,0.8.0,0.17.0,0.17.0,31
pig,0.8.0,org.apache.pig.newplan.logical.relational,LOGenerate,getSchema,Long Method,"Decor,designitejava",src/org/apache/pig/newplan/logical/relational/LOGenerate.java,src/org/apache/pig/newplan/logical/relational/LOGenerate.java.LOGenerate.getSchema.Long Method,0.8.0,0.17.0,0.17.0,31
pig,0.8.0,org.apache.pig.newplan.logical.relational,LOInnerLoad,getSchema,Complex Method,"designitejava,pmd,checkstyle",src/org/apache/pig/newplan/logical/relational/LOInnerLoad.java,src/org/apache/pig/newplan/logical/relational/LOInnerLoad.java.LOInnerLoad.getSchema.Complex Method,0.8.0,0.17.0,0.17.0,31
pig,0.8.0,org.apache.pig.newplan.logical.relational,LOJoin,isEqual,Complex Method,"designitejava,pmd,checkstyle",src/org/apache/pig/newplan/logical/relational/LOJoin.java,src/org/apache/pig/newplan/logical/relational/LOJoin.java.LOJoin.isEqual.Complex Method,0.8.0,0.17.0,0.17.0,31
pig,0.8.0,org.apache.pig.newplan.logical.relational,LOLoad,getSchema,Complex Method,"designitejava,pmd,checkstyle",src/org/apache/pig/newplan/logical/relational/LOLoad.java,src/org/apache/pig/newplan/logical/relational/LOLoad.java.LOLoad.getSchema.Complex Method,0.8.0,0.17.0,0.17.0,31
pig,0.9.0-rc0,org.apache.pig.newplan.logical.relational,LOSort,getSortInfo,Complex Method,"designitejava,pmd",src/org/apache/pig/newplan/logical/relational/LOSort.java,src/org/apache/pig/newplan/logical/relational/LOSort.java.LOSort.getSortInfo.Complex Method,0.9.0-rc0,0.17.0,0.17.0,28
pig,0.8.0,org.apache.pig.newplan.logical.relational,LOUnion,getSchema,Complex Method,"designitejava,pmd,checkstyle",src/org/apache/pig/newplan/logical/relational/LOUnion.java,src/org/apache/pig/newplan/logical/relational/LOUnion.java.LOUnion.getSchema.Complex Method,0.8.0,0.17.0,0.17.0,31
pig,0.8.0,org.apache.pig.newplan.logical.relational,LogToPhyTranslationVisitor,,God Class,"pmd,checkstyle",src/org/apache/pig/newplan/logical/relational/LogToPhyTranslationVisitor.java,src/org/apache/pig/newplan/logical/relational/LogToPhyTranslationVisitor.java.LogToPhyTranslationVisitor..God Class,0.8.0,0.17.0,0.17.0,31
pig,0.8.0,org.apache.pig.newplan.logical.relational,LogToPhyTranslationVisitor,visit,Complex Method,"designitejava,pmd,checkstyle",src/org/apache/pig/newplan/logical/relational/LogToPhyTranslationVisitor.java,src/org/apache/pig/newplan/logical/relational/LogToPhyTranslationVisitor.java.LogToPhyTranslationVisitor.visit.Complex Method,0.8.0,0.17.0,0.17.0,31
pig,0.9.0-rc0,org.apache.pig.newplan.logical.relational,LogicalSchema,,God Class,"pmd,checkstyle",src/org/apache/pig/newplan/logical/relational/LogicalSchema.java,src/org/apache/pig/newplan/logical/relational/LogicalSchema.java.LogicalSchema..God Class,0.9.0-rc0,0.17.0,0.17.0,28
pig,0.9.0-rc0,org.apache.pig.newplan.logical.relational,LogicalSchema,equals,Complex Method,"designitejava,pmd,checkstyle",src/org/apache/pig/newplan/logical/relational/LogicalSchema.java,src/org/apache/pig/newplan/logical/relational/LogicalSchema.java.LogicalSchema.equals.Complex Method,0.9.0-rc0,0.17.0,0.17.0,28
pig,0.9.0-rc0,org.apache.pig.newplan.logical.relational,LogicalSchema,getField,Complex Method,"designitejava,pmd",src/org/apache/pig/newplan/logical/relational/LogicalSchema.java,src/org/apache/pig/newplan/logical/relational/LogicalSchema.java.LogicalSchema.getField.Complex Method,0.9.0-rc0,0.17.0,0.17.0,28
pig,0.9.0-rc0,org.apache.pig.newplan.logical.relational,LogicalSchema,getFieldSubNameMatch,Complex Method,"designitejava,pmd",src/org/apache/pig/newplan/logical/relational/LogicalSchema.java,src/org/apache/pig/newplan/logical/relational/LogicalSchema.java.LogicalSchema.getFieldSubNameMatch.Complex Method,0.9.0-rc0,0.17.0,0.17.0,28
pig,0.8.0,org.apache.pig.newplan.logical.relational,LogicalSchema,merge,Complex Method,"designitejava,pmd,checkstyle",src/org/apache/pig/newplan/logical/relational/LogicalSchema.java,src/org/apache/pig/newplan/logical/relational/LogicalSchema.java.LogicalSchema.merge.Complex Method,0.8.0,0.17.0,0.17.0,31
pig,0.8.0,org.apache.pig.newplan.logical.rules,ColumnPruneVisitor,,God Class,"pmd,checkstyle",src/org/apache/pig/newplan/logical/rules/ColumnPruneVisitor.java,src/org/apache/pig/newplan/logical/rules/ColumnPruneVisitor.java.ColumnPruneVisitor..God Class,0.8.0,0.17.0,0.17.0,31
pig,0.8.0,org.apache.pig.newplan.logical.rules,ColumnPruneVisitor,visit,Complex Method,"designitejava,pmd,checkstyle",src/org/apache/pig/newplan/logical/rules/ColumnPruneVisitor.java,src/org/apache/pig/newplan/logical/rules/ColumnPruneVisitor.java.ColumnPruneVisitor.visit.Complex Method,0.8.0,0.17.0,0.17.0,31
pig,0.8.0,org.apache.pig.newplan.logical.rules,ConstExpEvaluator,binaryExpressionConstPrune,Complex Method,"designitejava,pmd,checkstyle",src/org/apache/pig/newplan/logical/rules/ConstExpEvaluator.java,src/org/apache/pig/newplan/logical/rules/ConstExpEvaluator.java.ConstExpEvaluator.binaryExpressionConstPrune.Complex Method,0.8.0,0.13.0,0.14.0-rc0,23
pig,0.8.0,org.apache.pig.newplan.logical.rules,DNFExpression,isEqual,Complex Method,"designitejava,pmd,checkstyle",src/org/apache/pig/newplan/logical/rules/DNFExpression.java,src/org/apache/pig/newplan/logical/rules/DNFExpression.java.DNFExpression.isEqual.Complex Method,0.8.0,0.13.0,0.14.0-rc0,23
pig,0.8.0,org.apache.pig.newplan.logical.rules,DNFPlanGenerator,mergeAndOr,Complex Method,"designitejava,pmd,checkstyle",src/org/apache/pig/newplan/logical/rules/DNFPlanGenerator.java,src/org/apache/pig/newplan/logical/rules/DNFPlanGenerator.java.DNFPlanGenerator.mergeAndOr.Complex Method,0.8.0,0.13.0,0.14.0-rc0,23
pig,0.8.0,org.apache.pig.newplan.logical.rules,DNFPlanGenerator,mergeAndOr,Feature Envy,"designitejava,checkstyle",src/org/apache/pig/newplan/logical/rules/DNFPlanGenerator.java,src/org/apache/pig/newplan/logical/rules/DNFPlanGenerator.java.DNFPlanGenerator.mergeAndOr.Feature Envy,0.8.0,0.13.0,0.14.0-rc0,23
pig,0.8.0,org.apache.pig.newplan.logical.rules,DNFPlanGenerator,mergeSimpleOr,Complex Method,"designitejava,pmd,checkstyle",src/org/apache/pig/newplan/logical/rules/DNFPlanGenerator.java,src/org/apache/pig/newplan/logical/rules/DNFPlanGenerator.java.DNFPlanGenerator.mergeSimpleOr.Complex Method,0.8.0,0.13.0,0.14.0-rc0,23
pig,0.8.0,org.apache.pig.newplan.logical.rules,DNFPlanGenerator,mergeSimpleOr,Feature Envy,"designitejava,checkstyle",src/org/apache/pig/newplan/logical/rules/DNFPlanGenerator.java,src/org/apache/pig/newplan/logical/rules/DNFPlanGenerator.java.DNFPlanGenerator.mergeSimpleOr.Feature Envy,0.8.0,0.13.0,0.14.0-rc0,23
pig,0.8.0,org.apache.pig.newplan.logical.rules,DNFPlanGenerator,visit,Complex Method,"designitejava,pmd,checkstyle",src/org/apache/pig/newplan/logical/rules/DNFPlanGenerator.java,src/org/apache/pig/newplan/logical/rules/DNFPlanGenerator.java.DNFPlanGenerator.visit.Complex Method,0.8.0,0.13.0,0.14.0-rc0,23
pig,0.8.0,org.apache.pig.newplan.logical.rules,MapKeysPruneHelper,check,Complex Method,"designitejava,pmd,checkstyle",src/org/apache/pig/newplan/logical/rules/MapKeysPruneHelper.java,src/org/apache/pig/newplan/logical/rules/MapKeysPruneHelper.java.MapKeysPruneHelper.check.Complex Method,0.8.0,0.17.0,0.17.0,31
pig,0.9.0-rc0,org.apache.pig.newplan.logical.visitor,ColumnAliasConversionVisitor,getVisitor,Complex Method,"designitejava,pmd",src/org/apache/pig/newplan/logical/visitor/ColumnAliasConversionVisitor.java,src/org/apache/pig/newplan/logical/visitor/ColumnAliasConversionVisitor.java.ColumnAliasConversionVisitor.getVisitor.Complex Method,0.9.0-rc0,0.17.0,0.17.0,28
pig,0.9.0-rc0,org.apache.pig.newplan.logical.visitor,ColumnAliasConversionVisitor,visit,Complex Method,"designitejava,pmd",src/org/apache/pig/newplan/logical/visitor/ColumnAliasConversionVisitor.java,src/org/apache/pig/newplan/logical/visitor/ColumnAliasConversionVisitor.java.ColumnAliasConversionVisitor.visit.Complex Method,0.9.0-rc0,0.17.0,0.17.0,28
pig,0.12.1-rc0,org.apache.pig.newplan.logical.visitor,DuplicateForEachColumnRewriteVisitor,findAllExpPlansToInsertIdentity,Complex Method,"designitejava,pmd,checkstyle",src/org/apache/pig/newplan/logical/visitor/DuplicateForEachColumnRewriteVisitor.java,src/org/apache/pig/newplan/logical/visitor/DuplicateForEachColumnRewriteVisitor.java.DuplicateForEachColumnRewriteVisitor.findAllExpPlansToInsertIdentity.Complex Method,0.12.1-rc0,0.17.0,0.17.0,12
pig,0.17.0-rc0,org.apache.pig.newplan.logical.visitor,ForEachUserSchemaVisitor,addToExps,Long Parameter List,"designitejava,checkstyle",src/org/apache/pig/newplan/logical/visitor/ForEachUserSchemaVisitor.java,src/org/apache/pig/newplan/logical/visitor/ForEachUserSchemaVisitor.java.ForEachUserSchemaVisitor.addToExps.Long Parameter List,0.17.0-rc0,0.17.0,0.17.0,2
pig,0.17.0-rc0,org.apache.pig.newplan.logical.visitor,ForEachUserSchemaVisitor,visit,Complex Method,"designitejava,pmd,checkstyle",src/org/apache/pig/newplan/logical/visitor/ForEachUserSchemaVisitor.java,src/org/apache/pig/newplan/logical/visitor/ForEachUserSchemaVisitor.java.ForEachUserSchemaVisitor.visit.Complex Method,0.17.0-rc0,0.17.0,0.17.0,2
pig,0.13.0-rc0,org.apache.pig.newplan.logical.visitor,InputOutputFileValidatorVisitor,visit,Complex Method,"designitejava,pmd,checkstyle",src/org/apache/pig/newplan/logical/visitor/InputOutputFileValidatorVisitor.java,src/org/apache/pig/newplan/logical/visitor/InputOutputFileValidatorVisitor.java.InputOutputFileValidatorVisitor.visit.Complex Method,0.13.0-rc0,0.17.0,0.17.0,10
pig,0.9.0-rc0,org.apache.pig.newplan.logical.visitor,LineageFindRelVisitor,,God Class,"pmd,checkstyle",src/org/apache/pig/newplan/logical/visitor/LineageFindRelVisitor.java,src/org/apache/pig/newplan/logical/visitor/LineageFindRelVisitor.java.LineageFindRelVisitor..God Class,0.9.0-rc0,0.17.0,0.17.0,28
pig,0.9.0-rc0,org.apache.pig.newplan.logical.visitor,LineageFindRelVisitor,getAssociatedLoadFunc,Complex Method,"designitejava,pmd",src/org/apache/pig/newplan/logical/visitor/LineageFindRelVisitor.java,src/org/apache/pig/newplan/logical/visitor/LineageFindRelVisitor.java.LineageFindRelVisitor.getAssociatedLoadFunc.Complex Method,0.9.0-rc0,0.17.0,0.17.0,28
pig,0.9.0-rc0,org.apache.pig.newplan.logical.visitor,LineageFindRelVisitor,mapMatchLoadFuncToUid,Complex Method,"designitejava,pmd,checkstyle",src/org/apache/pig/newplan/logical/visitor/LineageFindRelVisitor.java,src/org/apache/pig/newplan/logical/visitor/LineageFindRelVisitor.java.LineageFindRelVisitor.mapMatchLoadFuncToUid.Complex Method,0.9.0-rc0,0.17.0,0.17.0,28
pig,0.9.0-rc0,org.apache.pig.newplan.logical.visitor,ProjStarInUdfExpander,visit,Complex Method,"designitejava,pmd,checkstyle",src/org/apache/pig/newplan/logical/visitor/ProjStarInUdfExpander.java,src/org/apache/pig/newplan/logical/visitor/ProjStarInUdfExpander.java.ProjStarInUdfExpander.visit.Complex Method,0.9.0-rc0,0.17.0,0.17.0,28
pig,0.9.0-rc0,org.apache.pig.newplan.logical.visitor,ProjectStarExpander,visit,Complex Method,"designitejava,pmd,checkstyle",src/org/apache/pig/newplan/logical/visitor/ProjectStarExpander.java,src/org/apache/pig/newplan/logical/visitor/ProjectStarExpander.java.ProjectStarExpander.visit.Complex Method,0.9.0-rc0,0.17.0,0.17.0,28
pig,0.9.0-rc0,org.apache.pig.newplan.logical.visitor,SortInfoSetter,visit,Complex Method,"designitejava,pmd",src/org/apache/pig/newplan/logical/visitor/SortInfoSetter.java,src/org/apache/pig/newplan/logical/visitor/SortInfoSetter.java.SortInfoSetter.visit.Complex Method,0.9.0-rc0,0.17.0,0.17.0,28
pig,0.9.0-rc0,org.apache.pig.newplan.logical.visitor,TypeCheckingExpVisitor,,God Class,"pmd,checkstyle",src/org/apache/pig/newplan/logical/visitor/TypeCheckingExpVisitor.java,src/org/apache/pig/newplan/logical/visitor/TypeCheckingExpVisitor.java.TypeCheckingExpVisitor..God Class,0.9.0-rc0,0.17.0,0.17.0,28
pig,0.9.0-rc0,org.apache.pig.newplan.logical.visitor,TypeCheckingExpVisitor,addCastsToCompareBinaryExp,Complex Method,"designitejava,pmd,checkstyle",src/org/apache/pig/newplan/logical/visitor/TypeCheckingExpVisitor.java,src/org/apache/pig/newplan/logical/visitor/TypeCheckingExpVisitor.java.TypeCheckingExpVisitor.addCastsToCompareBinaryExp.Complex Method,0.9.0-rc0,0.17.0,0.17.0,28
pig,0.9.0-rc0,org.apache.pig.newplan.logical.visitor,TypeCheckingExpVisitor,bestFitMatchWithByteArrays,Complex Method,"designitejava,pmd,checkstyle",src/org/apache/pig/newplan/logical/visitor/TypeCheckingExpVisitor.java,src/org/apache/pig/newplan/logical/visitor/TypeCheckingExpVisitor.java.TypeCheckingExpVisitor.bestFitMatchWithByteArrays.Complex Method,0.9.0-rc0,0.17.0,0.17.0,28
pig,0.9.0-rc0,org.apache.pig.newplan.logical.visitor,TypeCheckingExpVisitor,fitPossible,Complex Method,"designitejava,pmd,checkstyle",src/org/apache/pig/newplan/logical/visitor/TypeCheckingExpVisitor.java,src/org/apache/pig/newplan/logical/visitor/TypeCheckingExpVisitor.java.TypeCheckingExpVisitor.fitPossible.Complex Method,0.9.0-rc0,0.17.0,0.17.0,28
pig,0.9.0-rc0,org.apache.pig.newplan.logical.visitor,TypeCheckingExpVisitor,schemaEqualsForMatching,Complex Method,"designitejava,pmd,checkstyle",src/org/apache/pig/newplan/logical/visitor/TypeCheckingExpVisitor.java,src/org/apache/pig/newplan/logical/visitor/TypeCheckingExpVisitor.java.TypeCheckingExpVisitor.schemaEqualsForMatching.Complex Method,0.9.0-rc0,0.17.0,0.17.0,28
pig,0.9.0-rc0,org.apache.pig.newplan.logical.visitor,TypeCheckingExpVisitor,visit,Complex Method,"designitejava,pmd,checkstyle",src/org/apache/pig/newplan/logical/visitor/TypeCheckingExpVisitor.java,src/org/apache/pig/newplan/logical/visitor/TypeCheckingExpVisitor.java.TypeCheckingExpVisitor.visit.Complex Method,0.9.0-rc0,0.17.0,0.17.0,28
pig,0.9.0-rc0,org.apache.pig.newplan.logical.visitor,TypeCheckingRelVisitor,,God Class,"pmd,checkstyle",src/org/apache/pig/newplan/logical/visitor/TypeCheckingRelVisitor.java,src/org/apache/pig/newplan/logical/visitor/TypeCheckingRelVisitor.java.TypeCheckingRelVisitor..God Class,0.9.0-rc0,0.17.0,0.17.0,28
pig,0.9.0-rc0,org.apache.pig.newplan.logical.visitor,TypeCheckingRelVisitor,getSchemaFromInnerPlans,Complex Method,"designitejava,pmd",src/org/apache/pig/newplan/logical/visitor/TypeCheckingRelVisitor.java,src/org/apache/pig/newplan/logical/visitor/TypeCheckingRelVisitor.java.TypeCheckingRelVisitor.getSchemaFromInnerPlans.Complex Method,0.9.0-rc0,0.17.0,0.17.0,28
pig,0.9.0-rc0,org.apache.pig.newplan.logical.visitor,TypeCheckingRelVisitor,visit,Complex Method,"designitejava,pmd,checkstyle",src/org/apache/pig/newplan/logical/visitor/TypeCheckingRelVisitor.java,src/org/apache/pig/newplan/logical/visitor/TypeCheckingRelVisitor.java.TypeCheckingRelVisitor.visit.Complex Method,0.9.0-rc0,0.17.0,0.17.0,28
pig,0.9.0-rc0,org.apache.pig.newplan.logical.visitor,UnionOnSchemaSetter,visit,Complex Method,"designitejava,pmd,checkstyle",src/org/apache/pig/newplan/logical/visitor/UnionOnSchemaSetter.java,src/org/apache/pig/newplan/logical/visitor/UnionOnSchemaSetter.java.UnionOnSchemaSetter.visit.Complex Method,0.9.0-rc0,0.17.0,0.17.0,28
pig,0.8.0,org.apache.pig.newplan.optimizer,PlanOptimizer,optimize,Complex Method,"designitejava,pmd,checkstyle",src/org/apache/pig/newplan/optimizer/PlanOptimizer.java,src/org/apache/pig/newplan/optimizer/PlanOptimizer.java.PlanOptimizer.optimize.Complex Method,0.8.0,0.17.0,0.17.0,31
pig,0.8.0,org.apache.pig.newplan.optimizer,Rule,match,Complex Method,"designitejava,pmd,checkstyle",src/org/apache/pig/newplan/optimizer/Rule.java,src/org/apache/pig/newplan/optimizer/Rule.java.Rule.match.Complex Method,0.8.0,0.17.0,0.17.0,31
pig,0.9.0-rc0,org.apache.pig.parser,DryRunGruntParser,processExplain,Complex Method,"designitejava,checkstyle",src/org/apache/pig/parser/DryRunGruntParser.java,src/org/apache/pig/parser/DryRunGruntParser.java.DryRunGruntParser.processExplain.Complex Method,0.9.0-rc0,0.17.0,0.17.0,28
pig,0.9.0-rc0,org.apache.pig.parser,DryRunGruntParser,processExplain,Long Parameter List,"designitejava,checkstyle",src/org/apache/pig/parser/DryRunGruntParser.java,src/org/apache/pig/parser/DryRunGruntParser.java.DryRunGruntParser.processExplain.Long Parameter List,0.9.0-rc0,0.17.0,0.17.0,28
pig,0.9.0-rc0,org.apache.pig.parser,DryRunGruntParser,processPig,Complex Method,"designitejava,pmd,checkstyle",src/org/apache/pig/parser/DryRunGruntParser.java,src/org/apache/pig/parser/DryRunGruntParser.java.DryRunGruntParser.processPig.Complex Method,0.9.0-rc0,0.17.0,0.17.0,28
pig,0.9.0-rc0,org.apache.pig.parser,LogicalPlanBuilder,,God Class,"pmd,checkstyle",src/org/apache/pig/parser/LogicalPlanBuilder.java,src/org/apache/pig/parser/LogicalPlanBuilder.java.LogicalPlanBuilder..God Class,0.9.0-rc0,0.17.0,0.17.0,28
pig,0.12.0-rc0,org.apache.pig.parser,LogicalPlanBuilder,buildAssertOp,Long Parameter List,"designitejava,checkstyle",src/org/apache/pig/parser/LogicalPlanBuilder.java,src/org/apache/pig/parser/LogicalPlanBuilder.java.LogicalPlanBuilder.buildAssertOp.Long Parameter List,0.12.0-rc0,0.17.0,0.17.0,14
pig,0.9.0-rc0,org.apache.pig.parser,LogicalPlanBuilder,buildCommand,Complex Method,"designitejava,pmd,checkstyle",src/org/apache/pig/parser/LogicalPlanBuilder.java,src/org/apache/pig/parser/LogicalPlanBuilder.java.LogicalPlanBuilder.buildCommand.Complex Method,0.9.0-rc0,0.17.0,0.17.0,28
pig,0.9.0-rc0,org.apache.pig.parser,LogicalPlanBuilder,buildCommand,Long Parameter List,"designitejava,checkstyle",src/org/apache/pig/parser/LogicalPlanBuilder.java,src/org/apache/pig/parser/LogicalPlanBuilder.java.LogicalPlanBuilder.buildCommand.Long Parameter List,0.9.0-rc0,0.17.0,0.17.0,28
pig,0.11.0-rc0,org.apache.pig.parser,LogicalPlanBuilder,buildCubeOp,Long Parameter List,"designitejava,checkstyle",src/org/apache/pig/parser/LogicalPlanBuilder.java,src/org/apache/pig/parser/LogicalPlanBuilder.java.LogicalPlanBuilder.buildCubeOp.Long Parameter List,0.11.0-rc0,0.17.0,0.17.0,18
pig,0.9.0-rc0,org.apache.pig.parser,LogicalPlanBuilder,buildGenerateOp,Long Parameter List,"designitejava,checkstyle",src/org/apache/pig/parser/LogicalPlanBuilder.java,src/org/apache/pig/parser/LogicalPlanBuilder.java.LogicalPlanBuilder.buildGenerateOp.Long Parameter List,0.9.0-rc0,0.17.0,0.17.0,28
pig,0.9.0-rc0,org.apache.pig.parser,LogicalPlanBuilder,buildGroupOp,Long Parameter List,"designitejava,checkstyle",src/org/apache/pig/parser/LogicalPlanBuilder.java,src/org/apache/pig/parser/LogicalPlanBuilder.java.LogicalPlanBuilder.buildGroupOp.Long Parameter List,0.9.0-rc0,0.17.0,0.17.0,28
pig,0.12.0-rc0,org.apache.pig.parser,LogicalPlanBuilder,buildInvokerUDF,Long Parameter List,"designitejava,checkstyle",src/org/apache/pig/parser/LogicalPlanBuilder.java,src/org/apache/pig/parser/LogicalPlanBuilder.java.LogicalPlanBuilder.buildInvokerUDF.Long Parameter List,0.12.0-rc0,0.17.0,0.17.0,14
pig,0.9.0-rc0,org.apache.pig.parser,LogicalPlanBuilder,buildJoinOp,Complex Method,"designitejava,pmd,checkstyle",src/org/apache/pig/parser/LogicalPlanBuilder.java,src/org/apache/pig/parser/LogicalPlanBuilder.java.LogicalPlanBuilder.buildJoinOp.Complex Method,0.9.0-rc0,0.17.0,0.17.0,28
pig,0.9.0-rc0,org.apache.pig.parser,LogicalPlanBuilder,buildJoinOp,Long Parameter List,"designitejava,checkstyle",src/org/apache/pig/parser/LogicalPlanBuilder.java,src/org/apache/pig/parser/LogicalPlanBuilder.java.LogicalPlanBuilder.buildJoinOp.Long Parameter List,0.9.0-rc0,0.17.0,0.17.0,28
pig,0.9.0-rc0,org.apache.pig.parser,LogicalPlanBuilder,buildNativeOp,Long Parameter List,"designitejava,checkstyle",src/org/apache/pig/parser/LogicalPlanBuilder.java,src/org/apache/pig/parser/LogicalPlanBuilder.java.LogicalPlanBuilder.buildNativeOp.Long Parameter List,0.9.0-rc0,0.17.0,0.17.0,28
pig,0.9.0-rc0,org.apache.pig.parser,LogicalPlanBuilder,buildNestedFilterOp,Long Parameter List,"designitejava,checkstyle",src/org/apache/pig/parser/LogicalPlanBuilder.java,src/org/apache/pig/parser/LogicalPlanBuilder.java.LogicalPlanBuilder.buildNestedFilterOp.Long Parameter List,0.9.0-rc0,0.17.0,0.17.0,28
pig,0.10.0-rc0,org.apache.pig.parser,LogicalPlanBuilder,buildNestedForeachOp,Long Parameter List,"designitejava,checkstyle",src/org/apache/pig/parser/LogicalPlanBuilder.java,src/org/apache/pig/parser/LogicalPlanBuilder.java.LogicalPlanBuilder.buildNestedForeachOp.Long Parameter List,0.10.0-rc0,0.17.0,0.17.0,22
pig,0.9.0-rc0,org.apache.pig.parser,LogicalPlanBuilder,buildNestedProjectOp,Long Parameter List,"designitejava,checkstyle",src/org/apache/pig/parser/LogicalPlanBuilder.java,src/org/apache/pig/parser/LogicalPlanBuilder.java.LogicalPlanBuilder.buildNestedProjectOp.Long Parameter List,0.9.0-rc0,0.17.0,0.17.0,28
pig,0.9.0-rc0,org.apache.pig.parser,LogicalPlanBuilder,buildNestedSortOp,Long Parameter List,"designitejava,checkstyle",src/org/apache/pig/parser/LogicalPlanBuilder.java,src/org/apache/pig/parser/LogicalPlanBuilder.java.LogicalPlanBuilder.buildNestedSortOp.Long Parameter List,0.9.0-rc0,0.17.0,0.17.0,28
pig,0.9.0-rc0,org.apache.pig.parser,LogicalPlanBuilder,buildProjectExpr,Long Parameter List,"designitejava,checkstyle",src/org/apache/pig/parser/LogicalPlanBuilder.java,src/org/apache/pig/parser/LogicalPlanBuilder.java.LogicalPlanBuilder.buildProjectExpr.Long Parameter List,0.9.0-rc0,0.17.0,0.17.0,28
pig,0.9.0-rc0,org.apache.pig.parser,LogicalPlanBuilder,buildRangeProjectExpr,Complex Method,"designitejava,pmd,checkstyle",src/org/apache/pig/parser/LogicalPlanBuilder.java,src/org/apache/pig/parser/LogicalPlanBuilder.java.LogicalPlanBuilder.buildRangeProjectExpr.Complex Method,0.9.0-rc0,0.17.0,0.17.0,28
pig,0.9.0-rc0,org.apache.pig.parser,LogicalPlanBuilder,buildRangeProjectExpr,Long Parameter List,"designitejava,checkstyle",src/org/apache/pig/parser/LogicalPlanBuilder.java,src/org/apache/pig/parser/LogicalPlanBuilder.java.LogicalPlanBuilder.buildRangeProjectExpr.Long Parameter List,0.9.0-rc0,0.17.0,0.17.0,28
pig,0.11.0-rc0,org.apache.pig.parser,LogicalPlanBuilder,buildRankOp,Long Parameter List,"designitejava,checkstyle",src/org/apache/pig/parser/LogicalPlanBuilder.java,src/org/apache/pig/parser/LogicalPlanBuilder.java.LogicalPlanBuilder.buildRankOp.Long Parameter List,0.11.0-rc0,0.17.0,0.17.0,18
pig,0.9.0-rc0,org.apache.pig.parser,LogicalPlanBuilder,buildSortOp,Long Parameter List,"designitejava,checkstyle",src/org/apache/pig/parser/LogicalPlanBuilder.java,src/org/apache/pig/parser/LogicalPlanBuilder.java.LogicalPlanBuilder.buildSortOp.Long Parameter List,0.9.0-rc0,0.17.0,0.17.0,28
pig,0.9.0-rc0,org.apache.pig.parser,LogicalPlanBuilder,buildStreamOp,Long Parameter List,"designitejava,checkstyle",src/org/apache/pig/parser/LogicalPlanBuilder.java,src/org/apache/pig/parser/LogicalPlanBuilder.java.LogicalPlanBuilder.buildStreamOp.Long Parameter List,0.9.0-rc0,0.17.0,0.17.0,28
pig,0.11.0-rc0,org.apache.pig.parser,LogicalPlanBuilder,convertCubeToFGPlan,Complex Method,"designitejava,pmd,checkstyle",src/org/apache/pig/parser/LogicalPlanBuilder.java,src/org/apache/pig/parser/LogicalPlanBuilder.java.LogicalPlanBuilder.convertCubeToFGPlan.Complex Method,0.11.0-rc0,0.17.0,0.17.0,18
pig,0.9.0-rc0,org.apache.pig.parser,PigMacro,,God Class,"pmd,checkstyle",src/org/apache/pig/parser/PigMacro.java,src/org/apache/pig/parser/PigMacro.java.PigMacro..God Class,0.9.0-rc0,0.17.0,0.17.0,28
pig,0.9.0-rc0,org.apache.pig.parser,PigMacro,substituteParams,Complex Method,"designitejava,pmd,checkstyle",src/org/apache/pig/parser/PigMacro.java,src/org/apache/pig/parser/PigMacro.java.PigMacro.substituteParams.Complex Method,0.9.0-rc0,0.17.0,0.17.0,28
pig,0.9.0-rc0,org.apache.pig.parser,PigMacro,validate,Complex Method,"designitejava,pmd,checkstyle",src/org/apache/pig/parser/PigMacro.java,src/org/apache/pig/parser/PigMacro.java.PigMacro.validate.Complex Method,0.9.0-rc0,0.17.0,0.17.0,28
pig,0.9.0-rc0,org.apache.pig.parser,QueryParserUtils,attachStorePlan,Long Parameter List,"designitejava,checkstyle",src/org/apache/pig/parser/QueryParserUtils.java,src/org/apache/pig/parser/QueryParserUtils.java.QueryParserUtils.attachStorePlan.Long Parameter List,0.9.0-rc0,0.17.0,0.17.0,28
pig,0.9.0-rc0,org.apache.pig.parser,QueryParserUtils,getRemoteHosts,Complex Method,"designitejava,pmd,checkstyle",src/org/apache/pig/parser/QueryParserUtils.java,src/org/apache/pig/parser/QueryParserUtils.java.QueryParserUtils.getRemoteHosts.Complex Method,0.9.0-rc0,0.17.0,0.17.0,28
pig,0.9.0-rc0,org.apache.pig.parser,StreamingCommandUtils,splitArgs,Complex Method,"designitejava,pmd,checkstyle",src/org/apache/pig/parser/StreamingCommandUtils.java,src/org/apache/pig/parser/StreamingCommandUtils.java.StreamingCommandUtils.splitArgs.Complex Method,0.9.0-rc0,0.17.0,0.17.0,28
pig,0.2.0-rc0,org.apache.pig.pen,AugmentBaseDataVisitor,,God Class,"pmd,checkstyle",src/org/apache/pig/pen/AugmentBaseDataVisitor.java,src/org/apache/pig/pen/AugmentBaseDataVisitor.java.AugmentBaseDataVisitor..God Class,0.2.0-rc0,0.17.0,0.17.0,40
pig,0.2.0-rc0,org.apache.pig.pen,AugmentBaseDataVisitor,GenerateMatchingTupleHelper,Complex Method,"designitejava,pmd,checkstyle",src/org/apache/pig/pen/AugmentBaseDataVisitor.java,src/org/apache/pig/pen/AugmentBaseDataVisitor.java.AugmentBaseDataVisitor.GenerateMatchingTupleHelper.Complex Method,0.2.0-rc0,0.17.0,0.17.0,40
pig,0.2.0-rc0,org.apache.pig.pen,AugmentBaseDataVisitor,GetSmallerValue,Complex Method,"designitejava,checkstyle",src/org/apache/pig/pen/AugmentBaseDataVisitor.java,src/org/apache/pig/pen/AugmentBaseDataVisitor.java.AugmentBaseDataVisitor.GetSmallerValue.Complex Method,0.2.0-rc0,0.17.0,0.17.0,40
pig,0.9.0-rc0,org.apache.pig.pen,AugmentBaseDataVisitor,getNewBaseData,Complex Method,"designitejava,pmd,checkstyle",src/org/apache/pig/pen/AugmentBaseDataVisitor.java,src/org/apache/pig/pen/AugmentBaseDataVisitor.java.AugmentBaseDataVisitor.getNewBaseData.Complex Method,0.9.0-rc0,0.17.0,0.17.0,28
pig,0.2.0-rc0,org.apache.pig.pen,AugmentBaseDataVisitor,visit,Complex Method,"designitejava,pmd,checkstyle",src/org/apache/pig/pen/AugmentBaseDataVisitor.java,src/org/apache/pig/pen/AugmentBaseDataVisitor.java.AugmentBaseDataVisitor.visit.Complex Method,0.2.0-rc0,0.17.0,0.17.0,40
pig,0.1.0,org.apache.pig.pen,AugmentData,,God Class,"pmd,checkstyle",src/org/apache/pig/pen/AugmentData.java,src/org/apache/pig/pen/AugmentData.java.AugmentData..God Class,0.1.0,0.1.1,0.2.0-rc0,3
pig,0.1.0,org.apache.pig.pen,AugmentData,AugmentBaseData,Complex Method,"designitejava,pmd,checkstyle",src/org/apache/pig/pen/AugmentData.java,src/org/apache/pig/pen/AugmentData.java.AugmentData.AugmentBaseData.Complex Method,0.1.0,0.1.1,0.2.0-rc0,3
pig,0.1.0,org.apache.pig.pen,AugmentData,AugmentBaseData,Long Parameter List,"designitejava,checkstyle",src/org/apache/pig/pen/AugmentData.java,src/org/apache/pig/pen/AugmentData.java.AugmentData.AugmentBaseData.Long Parameter List,0.1.0,0.1.1,0.2.0-rc0,3
pig,0.1.0,org.apache.pig.pen,AugmentData,GenerateMatchingTupleHelper,Complex Method,"designitejava,pmd,checkstyle",src/org/apache/pig/pen/AugmentData.java,src/org/apache/pig/pen/AugmentData.java.AugmentData.GenerateMatchingTupleHelper.Complex Method,0.1.0,0.1.1,0.2.0-rc0,3
pig,0.1.0,org.apache.pig.pen,AugmentData,InvertCompOp,Complex Method,"designitejava,pmd,checkstyle",src/org/apache/pig/pen/AugmentData.java,src/org/apache/pig/pen/AugmentData.java.AugmentData.InvertCompOp.Complex Method,0.1.0,0.1.1,0.2.0-rc0,3
pig,0.1.0,org.apache.pig.pen,DerivedData,CreateDerivedData,Complex Method,"designitejava,pmd",src/org/apache/pig/pen/DerivedData.java,src/org/apache/pig/pen/DerivedData.java.DerivedData.CreateDerivedData.Complex Method,0.1.0,0.1.1,0.2.0-rc0,3
pig,0.1.0,org.apache.pig.pen,DerivedData,CreateDerivedData,Long Parameter List,"designitejava,checkstyle",src/org/apache/pig/pen/DerivedData.java,src/org/apache/pig/pen/DerivedData.java.DerivedData.CreateDerivedData.Long Parameter List,0.1.0,0.1.1,0.2.0-rc0,3
pig,0.9.0-rc0,org.apache.pig.pen,EquivalenceClasses,getEqClasses,Complex Method,"designitejava,pmd,checkstyle",src/org/apache/pig/pen/EquivalenceClasses.java,src/org/apache/pig/pen/EquivalenceClasses.java.EquivalenceClasses.getEqClasses.Complex Method,0.9.0-rc0,0.17.0,0.17.0,28
pig,0.9.0-rc0,org.apache.pig.pen,EquivalenceClasses,getEqClasses,Long Parameter List,"designitejava,checkstyle",src/org/apache/pig/pen/EquivalenceClasses.java,src/org/apache/pig/pen/EquivalenceClasses.java.EquivalenceClasses.getEqClasses.Long Parameter List,0.9.0-rc0,0.17.0,0.17.0,28
pig,0.9.0-rc0,org.apache.pig.pen,EquivalenceClasses,getLoToEqClassMap,Long Parameter List,"designitejava,checkstyle",src/org/apache/pig/pen/EquivalenceClasses.java,src/org/apache/pig/pen/EquivalenceClasses.java.EquivalenceClasses.getLoToEqClassMap.Long Parameter List,0.9.0-rc0,0.17.0,0.17.0,28
pig,0.9.0-rc0,org.apache.pig.pen,ExampleGenerator,getExamples,Complex Method,"designitejava,checkstyle",src/org/apache/pig/pen/ExampleGenerator.java,src/org/apache/pig/pen/ExampleGenerator.java.ExampleGenerator.getExamples.Complex Method,0.9.0-rc0,0.17.0,0.17.0,28
pig,0.9.0-rc0,org.apache.pig.pen,ExampleGenerator,getLoToEqClassMap,Complex Method,"designitejava,pmd",src/org/apache/pig/pen/ExampleGenerator.java,src/org/apache/pig/pen/ExampleGenerator.java.ExampleGenerator.getLoToEqClassMap.Complex Method,0.9.0-rc0,0.17.0,0.17.0,28
pig,0.9.0-rc0,org.apache.pig.pen,IllustratorAttacher,,God Class,"pmd,checkstyle",src/org/apache/pig/pen/IllustratorAttacher.java,src/org/apache/pig/pen/IllustratorAttacher.java.IllustratorAttacher..God Class,0.9.0-rc0,0.17.0,0.17.0,28
pig,0.2.0-rc0,org.apache.pig.pen,LineageTrimmingVisitor,PruneBaseDataConstrainedCoverage,Complex Method,"designitejava,pmd,checkstyle",src/org/apache/pig/pen/LineageTrimmingVisitor.java,src/org/apache/pig/pen/LineageTrimmingVisitor.java.LineageTrimmingVisitor.PruneBaseDataConstrainedCoverage.Complex Method,0.2.0-rc0,0.17.0,0.17.0,40
pig,0.9.0-rc0,org.apache.pig.pen,LineageTrimmingVisitor,processLoad,Complex Method,"designitejava,pmd",src/org/apache/pig/pen/LineageTrimmingVisitor.java,src/org/apache/pig/pen/LineageTrimmingVisitor.java.LineageTrimmingVisitor.processLoad.Complex Method,0.9.0-rc0,0.17.0,0.17.0,28
pig,0.2.0-rc0,org.apache.pig.pen,LineageTrimmingVisitor,visit,Complex Method,"designitejava,pmd,checkstyle",src/org/apache/pig/pen/LineageTrimmingVisitor.java,src/org/apache/pig/pen/LineageTrimmingVisitor.java.LineageTrimmingVisitor.visit.Complex Method,0.2.0-rc0,0.8.1,0.9.0-rc0,12
pig,0.7.0,org.apache.pig.pen,LocalLogToPhyTranslationVisitor,visit,Complex Method,"pmd,checkstyle",src/org/apache/pig/pen/LocalLogToPhyTranslationVisitor.java,src/org/apache/pig/pen/LocalLogToPhyTranslationVisitor.java.LocalLogToPhyTranslationVisitor.visit.Complex Method,0.7.0,0.8.1,0.9.0-rc0,4
pig,0.9.0-rc0,org.apache.pig.pen,LocalMapReduceSimulator,launchPig,Complex Method,"designitejava,pmd,checkstyle",src/org/apache/pig/pen/LocalMapReduceSimulator.java,src/org/apache/pig/pen/LocalMapReduceSimulator.java.LocalMapReduceSimulator.launchPig.Complex Method,0.9.0-rc0,0.17.0,0.17.0,28
pig,0.9.0-rc0,org.apache.pig.pen,LocalMapReduceSimulator,launchPig,Long Parameter List,"designitejava,checkstyle",src/org/apache/pig/pen/LocalMapReduceSimulator.java,src/org/apache/pig/pen/LocalMapReduceSimulator.java.LocalMapReduceSimulator.launchPig.Long Parameter List,0.9.0-rc0,0.17.0,0.17.0,28
pig,0.1.0,org.apache.pig.pen,Metrics,getCompleteness,Complex Method,"designitejava,pmd,checkstyle",src/org/apache/pig/pen/Metrics.java,src/org/apache/pig/pen/Metrics.java.Metrics.getCompleteness.Complex Method,0.1.0,0.1.1,0.2.0-rc0,3
pig,0.1.0,org.apache.pig.pen,ShapeLineage,PruneBaseData,Complex Method,"designitejava,pmd,checkstyle",src/org/apache/pig/pen/ShapeLineage.java,src/org/apache/pig/pen/ShapeLineage.java.ShapeLineage.PruneBaseData.Complex Method,0.1.0,0.1.1,0.2.0-rc0,3
pig,0.1.0,org.apache.pig.pen,ShapeLineage,TrimLineages,Complex Method,"designitejava,pmd,checkstyle",src/org/apache/pig/pen/ShapeLineage.java,src/org/apache/pig/pen/ShapeLineage.java.ShapeLineage.TrimLineages.Complex Method,0.1.0,0.1.1,0.2.0-rc0,3
pig,0.1.0,org.apache.pig.pen,ShapeLineage,TrimLineages,Long Parameter List,"designitejava,checkstyle",src/org/apache/pig/pen/ShapeLineage.java,src/org/apache/pig/pen/ShapeLineage.java.ShapeLineage.TrimLineages.Long Parameter List,0.1.0,0.1.1,0.2.0-rc0,3
pig,0.7.0,org.apache.pig.pen.physicalOperators,POCogroup,getNext,Complex Method,"designitejava,pmd,checkstyle",src/org/apache/pig/pen/physicalOperators/POCogroup.java,src/org/apache/pig/pen/physicalOperators/POCogroup.java.POCogroup.getNext.Complex Method,0.7.0,0.8.1,0.9.0-rc0,4
pig,0.7.0,org.apache.pig.pen.physicalOperators,POCross,getNext,Complex Method,"designitejava,pmd",src/org/apache/pig/pen/physicalOperators/POCross.java,src/org/apache/pig/pen/physicalOperators/POCross.java.POCross.getNext.Complex Method,0.7.0,0.8.1,0.9.0-rc0,4
pig,0.7.0,org.apache.pig.pen.physicalOperators,POSplitOutput,getNext,Complex Method,"designitejava,pmd",src/org/apache/pig/pen/physicalOperators/POSplitOutput.java,src/org/apache/pig/pen/physicalOperators/POSplitOutput.java.POSplitOutput.getNext.Complex Method,0.7.0,0.8.1,0.9.0-rc0,4
pig,0.9.0-rc0,org.apache.pig.pen.util,DisplayExamples,DisplayNestedTable,Long Parameter List,"designitejava,checkstyle",src/org/apache/pig/pen/util/DisplayExamples.java,src/org/apache/pig/pen/util/DisplayExamples.java.DisplayExamples.DisplayNestedTable.Long Parameter List,0.9.0-rc0,0.17.0,0.17.0,28
pig,0.9.0-rc0,org.apache.pig.pen.util,DisplayExamples,printNestedTabular,Long Parameter List,"designitejava,checkstyle",src/org/apache/pig/pen/util/DisplayExamples.java,src/org/apache/pig/pen/util/DisplayExamples.java.DisplayExamples.printNestedTabular.Long Parameter List,0.9.0-rc0,0.17.0,0.17.0,28
pig,0.9.0-rc0,org.apache.pig.pen.util,DisplayExamples,printTabular,Long Parameter List,"designitejava,checkstyle",src/org/apache/pig/pen/util/DisplayExamples.java,src/org/apache/pig/pen/util/DisplayExamples.java.DisplayExamples.printTabular.Long Parameter List,0.9.0-rc0,0.17.0,0.17.0,28
pig,0.2.0-rc0,org.apache.pig.pen.util,MetricEvaluation,getCompleteness,Complex Method,"designitejava,pmd",src/org/apache/pig/pen/util/MetricEvaluation.java,src/org/apache/pig/pen/util/MetricEvaluation.java.MetricEvaluation.getCompleteness.Complex Method,0.2.0-rc0,0.8.1,0.9.0-rc0,12
pig,0.2.0-rc0,org.apache.pig.pen.util,MetricEvaluation,getRealness,Complex Method,"designitejava,pmd",src/org/apache/pig/pen/util/MetricEvaluation.java,src/org/apache/pig/pen/util/MetricEvaluation.java.MetricEvaluation.getRealness.Complex Method,0.2.0-rc0,0.17.0,0.17.0,40
pig,0.10.1-rc0,org.apache.pig.scripting,ScriptEngine,getScriptAsStream,Complex Method,"designitejava,pmd",src/org/apache/pig/scripting/ScriptEngine.java,src/org/apache/pig/scripting/ScriptEngine.java.ScriptEngine.getScriptAsStream.Complex Method,0.10.1-rc0,0.17.0,0.17.0,20
pig,0.14.0-rc0,org.apache.pig.scripting,ScriptingOutputCapturer,getStandardOutputRootWriteLocation,Complex Method,"designitejava,pmd,checkstyle",src/org/apache/pig/scripting/ScriptingOutputCapturer.java,src/org/apache/pig/scripting/ScriptingOutputCapturer.java.ScriptingOutputCapturer.getStandardOutputRootWriteLocation.Complex Method,0.14.0-rc0,0.17.0,0.17.0,8
pig,0.11.0-rc0,org.apache.pig.scripting.groovy,GroovyEvalFunc,GroovyEvalFunc,Complex Method,"designitejava,checkstyle",src/org/apache/pig/scripting/groovy/GroovyEvalFunc.java,src/org/apache/pig/scripting/groovy/GroovyEvalFunc.java.GroovyEvalFunc.GroovyEvalFunc.Complex Method,0.11.0-rc0,0.17.0,0.17.0,18
pig,0.11.0-rc0,org.apache.pig.scripting.groovy,GroovyScriptEngine,registerFunctions,Complex Method,"designitejava,pmd,checkstyle",src/org/apache/pig/scripting/groovy/GroovyScriptEngine.java,src/org/apache/pig/scripting/groovy/GroovyScriptEngine.java.GroovyScriptEngine.registerFunctions.Complex Method,0.11.0-rc0,0.17.0,0.17.0,18
pig,0.11.0-rc0,org.apache.pig.scripting.groovy,GroovyUtils,groovyToPig,Complex Method,"designitejava,pmd,checkstyle",src/org/apache/pig/scripting/groovy/GroovyUtils.java,src/org/apache/pig/scripting/groovy/GroovyUtils.java.GroovyUtils.groovyToPig.Complex Method,0.11.0-rc0,0.17.0,0.17.0,18
pig,0.11.0-rc0,org.apache.pig.scripting.groovy,GroovyUtils,pigToGroovy,Complex Method,"designitejava,pmd,checkstyle",src/org/apache/pig/scripting/groovy/GroovyUtils.java,src/org/apache/pig/scripting/groovy/GroovyUtils.java.GroovyUtils.pigToGroovy.Complex Method,0.11.0-rc0,0.17.0,0.17.0,18
pig,0.10.0-rc0,org.apache.pig.scripting.jruby,JrubyScriptEngine,registerFunctions,Complex Method,"designitejava,pmd,checkstyle",src/org/apache/pig/scripting/jruby/JrubyScriptEngine.java,src/org/apache/pig/scripting/jruby/JrubyScriptEngine.java.JrubyScriptEngine.registerFunctions.Complex Method,0.10.0-rc0,0.17.0,0.17.0,22
pig,0.10.0-rc0,org.apache.pig.scripting.jruby,PigJrubyLibrary,pigToRuby,Complex Method,"designitejava,checkstyle",src/org/apache/pig/scripting/jruby/PigJrubyLibrary.java,src/org/apache/pig/scripting/jruby/PigJrubyLibrary.java.PigJrubyLibrary.pigToRuby.Complex Method,0.10.0-rc0,0.17.0,0.17.0,22
pig,0.10.0-rc0,org.apache.pig.scripting.jruby,PigJrubyLibrary,rubyToPig,Complex Method,"designitejava,checkstyle",src/org/apache/pig/scripting/jruby/PigJrubyLibrary.java,src/org/apache/pig/scripting/jruby/PigJrubyLibrary.java.PigJrubyLibrary.rubyToPig.Complex Method,0.10.0-rc0,0.17.0,0.17.0,22
pig,0.10.0-rc0,org.apache.pig.scripting.jruby,RubySchema,,God Class,"pmd,checkstyle",src/org/apache/pig/scripting/jruby/RubySchema.java,src/org/apache/pig/scripting/jruby/RubySchema.java.RubySchema..God Class,0.10.0-rc0,0.17.0,0.17.0,22
pig,0.10.0-rc0,org.apache.pig.scripting.jruby,RubySchema,fixSchemaNames,Complex Method,"designitejava,pmd",src/org/apache/pig/scripting/jruby/RubySchema.java,src/org/apache/pig/scripting/jruby/RubySchema.java.RubySchema.fixSchemaNames.Complex Method,0.10.0-rc0,0.17.0,0.17.0,22
pig,0.10.0-rc0,org.apache.pig.scripting.jruby,RubySchema,rubyArgToSchema,Complex Method,"designitejava,pmd,checkstyle",src/org/apache/pig/scripting/jruby/RubySchema.java,src/org/apache/pig/scripting/jruby/RubySchema.java.RubySchema.rubyArgToSchema.Complex Method,0.10.0-rc0,0.17.0,0.17.0,22
pig,0.9.0-rc0,org.apache.pig.scripting.js,JsFunction,jsToPigTuple,Complex Method,"designitejava,pmd",src/org/apache/pig/scripting/js/JsFunction.java,src/org/apache/pig/scripting/js/JsFunction.java.JsFunction.jsToPigTuple.Complex Method,0.9.0-rc0,0.17.0,0.17.0,28
pig,0.8.0,org.apache.pig.scripting.jython,JythonUtils,pythonToPig,Complex Method,"designitejava,pmd,checkstyle",src/org/apache/pig/scripting/jython/JythonUtils.java,src/org/apache/pig/scripting/jython/JythonUtils.java.JythonUtils.pythonToPig.Complex Method,0.8.0,0.17.0,0.17.0,31
pig,0.16.0-rc0,org.apache.pig.tools,DownloadResolver,DownloadResolver,Complex Method,"designitejava,checkstyle",src/org/apache/pig/tools/DownloadResolver.java,src/org/apache/pig/tools/DownloadResolver.java.DownloadResolver.DownloadResolver.Complex Method,0.16.0-rc0,0.17.0,0.17.0,4
pig,0.16.0-rc0,org.apache.pig.tools,DownloadResolver,parseUri,Complex Method,"designitejava,pmd",src/org/apache/pig/tools/DownloadResolver.java,src/org/apache/pig/tools/DownloadResolver.java.DownloadResolver.parseUri.Complex Method,0.16.0-rc0,0.17.0,0.17.0,4
pig,0.1.0,org.apache.pig.tools.cmdline,CmdLineParser,getNextOpt,Complex Method,"designitejava,pmd,checkstyle",src/org/apache/pig/tools/cmdline/CmdLineParser.java,src/org/apache/pig/tools/cmdline/CmdLineParser.java.CmdLineParser.getNextOpt.Complex Method,0.1.0,0.17.0,0.17.0,43
pig,0.8.0,org.apache.pig.tools.grunt,GruntParser,explainCurrentBatch,Complex Method,"pmd,checkstyle",src/org/apache/pig/tools/grunt/GruntParser.java,src/org/apache/pig/tools/grunt/GruntParser.java.GruntParser.explainCurrentBatch.Complex Method,0.8.0,0.17.0,0.17.0,31
pig,0.1.0,org.apache.pig.tools.grunt,GruntParser,processCD,Feature Envy,"designitejava,checkstyle",src/org/apache/pig/tools/grunt/GruntParser.java,src/org/apache/pig/tools/grunt/GruntParser.java.GruntParser.processCD.Feature Envy,0.1.0,0.17.0,0.17.0,43
pig,0.8.0,org.apache.pig.tools.grunt,GruntParser,processCat,Complex Method,"designitejava,pmd",src/org/apache/pig/tools/grunt/GruntParser.java,src/org/apache/pig/tools/grunt/GruntParser.java.GruntParser.processCat.Complex Method,0.8.0,0.17.0,0.17.0,31
pig,0.1.0,org.apache.pig.tools.grunt,GruntParser,processCat,Feature Envy,"designitejava,checkstyle",src/org/apache/pig/tools/grunt/GruntParser.java,src/org/apache/pig/tools/grunt/GruntParser.java.GruntParser.processCat.Feature Envy,0.1.0,0.17.0,0.17.0,43
pig,0.3.0,org.apache.pig.tools.grunt,GruntParser,processExplain,Long Parameter List,"designitejava,checkstyle",src/org/apache/pig/tools/grunt/GruntParser.java,src/org/apache/pig/tools/grunt/GruntParser.java.GruntParser.processExplain.Long Parameter List,0.3.0,0.17.0,0.17.0,38
pig,0.9.0-rc0,org.apache.pig.tools.grunt,GruntParser,processIllustrate,Complex Method,"designitejava,pmd,checkstyle",src/org/apache/pig/tools/grunt/GruntParser.java,src/org/apache/pig/tools/grunt/GruntParser.java.GruntParser.processIllustrate.Complex Method,0.9.0-rc0,0.17.0,0.17.0,28
pig,0.1.0,org.apache.pig.tools.grunt,GruntParser,processLS,Feature Envy,"designitejava,checkstyle",src/org/apache/pig/tools/grunt/GruntParser.java,src/org/apache/pig/tools/grunt/GruntParser.java.GruntParser.processLS.Feature Envy,0.1.0,0.17.0,0.17.0,43
pig,0.4.0-rc0,org.apache.pig.tools.grunt,GruntParser,processSet,Complex Method,"designitejava,pmd,checkstyle",src/org/apache/pig/tools/grunt/GruntParser.java,src/org/apache/pig/tools/grunt/GruntParser.java.GruntParser.processSet.Complex Method,0.4.0-rc0,0.17.0,0.17.0,37
pig,0.1.0,org.apache.pig.tools.grunt,GruntParser,processSet,Feature Envy,"designitejava,checkstyle",src/org/apache/pig/tools/grunt/GruntParser.java,src/org/apache/pig/tools/grunt/GruntParser.java.GruntParser.processSet.Feature Envy,0.1.0,0.17.0,0.17.0,43
pig,0.3.0,org.apache.pig.tools.grunt,PigCompletorAliases,complete,Complex Method,"designitejava,pmd,checkstyle",src/org/apache/pig/tools/grunt/PigCompletorAliases.java,src/org/apache/pig/tools/grunt/PigCompletorAliases.java.PigCompletorAliases.complete.Complex Method,0.3.0,0.17.0,0.17.0,38
pig,0.12.0-rc0,org.apache.pig.tools.parameters,PreprocessorContext,substitute,Complex Method,"designitejava,pmd,checkstyle",src/org/apache/pig/tools/parameters/PreprocessorContext.java,src/org/apache/pig/tools/parameters/PreprocessorContext.java.PreprocessorContext.substitute.Complex Method,0.12.0-rc0,0.17.0,0.17.0,14
pig,0.8.0,org.apache.pig.tools.pigstats,JobStats,,God Class,"pmd,checkstyle",src/org/apache/pig/tools/pigstats/JobStats.java,src/org/apache/pig/tools/pigstats/JobStats.java.JobStats..God Class,0.8.0,0.12.1,0.13.0-rc0,21
pig,0.8.0,org.apache.pig.tools.pigstats,JobStats,addInputStatistics,Complex Method,"designitejava,pmd,checkstyle",src/org/apache/pig/tools/pigstats/JobStats.java,src/org/apache/pig/tools/pigstats/JobStats.java.JobStats.addInputStatistics.Complex Method,0.8.0,0.12.1,0.13.0-rc0,21
pig,0.8.0,org.apache.pig.tools.pigstats,JobStats,addMapReduceStatistics,Complex Method,"pmd,checkstyle",src/org/apache/pig/tools/pigstats/JobStats.java,src/org/apache/pig/tools/pigstats/JobStats.java.JobStats.addMapReduceStatistics.Complex Method,0.8.0,0.12.1,0.13.0-rc0,21
pig,0.8.0,org.apache.pig.tools.pigstats,JobStats,addOneOutputStats,Complex Method,"pmd,checkstyle",src/org/apache/pig/tools/pigstats/JobStats.java,src/org/apache/pig/tools/pigstats/JobStats.java.JobStats.addOneOutputStats.Complex Method,0.8.0,0.11.1,0.12.0-rc0,17
pig,0.8.0,org.apache.pig.tools.pigstats,JobStats,addOutputStatistics,Complex Method,"designitejava,pmd,checkstyle",src/org/apache/pig/tools/pigstats/JobStats.java,src/org/apache/pig/tools/pigstats/JobStats.java.JobStats.addOutputStatistics.Complex Method,0.8.0,0.12.1,0.13.0-rc0,21
pig,0.8.0,org.apache.pig.tools.pigstats,PigStats,display,Complex Method,"designitejava,pmd,checkstyle",src/org/apache/pig/tools/pigstats/PigStats.java,src/org/apache/pig/tools/pigstats/PigStats.java.PigStats.display.Complex Method,0.8.0,0.8.1,0.9.0-rc0,3
pig,0.8.0,org.apache.pig.tools.pigstats,ScriptState,,God Class,"pmd,checkstyle",src/org/apache/pig/tools/pigstats/ScriptState.java,src/org/apache/pig/tools/pigstats/ScriptState.java.ScriptState..God Class,0.8.0,0.17.0,0.17.0,31
pig,0.8.0,org.apache.pig.tools.pigstats,ScriptState,getPigFeature,Complex Method,"designitejava,pmd,checkstyle",src/org/apache/pig/tools/pigstats/ScriptState.java,src/org/apache/pig/tools/pigstats/ScriptState.java.ScriptState.getPigFeature.Complex Method,0.8.0,0.12.1,0.13.0-rc0,21
pig,0.9.0-rc0,org.apache.pig.tools.pigstats,SimplePigStats,,God Class,"pmd,checkstyle",src/org/apache/pig/tools/pigstats/SimplePigStats.java,src/org/apache/pig/tools/pigstats/SimplePigStats.java.SimplePigStats..God Class,0.9.0-rc0,0.12.1,0.13.0-rc0,18
pig,0.9.0-rc0,org.apache.pig.tools.pigstats,SimplePigStats,display,Complex Method,"designitejava,pmd,checkstyle",src/org/apache/pig/tools/pigstats/SimplePigStats.java,src/org/apache/pig/tools/pigstats/SimplePigStats.java.SimplePigStats.display.Complex Method,0.9.0-rc0,0.12.1,0.13.0-rc0,18
pig,0.13.0-rc0,org.apache.pig.tools.pigstats.mapreduce,MRJobStats,,God Class,"pmd,checkstyle",src/org/apache/pig/tools/pigstats/mapreduce/MRJobStats.java,src/org/apache/pig/tools/pigstats/mapreduce/MRJobStats.java.MRJobStats..God Class,0.13.0-rc0,0.17.0,0.17.0,10
pig,0.13.0-rc0,org.apache.pig.tools.pigstats.mapreduce,MRJobStats,addInputStatistics,Complex Method,"designitejava,pmd",src/org/apache/pig/tools/pigstats/mapreduce/MRJobStats.java,src/org/apache/pig/tools/pigstats/mapreduce/MRJobStats.java.MRJobStats.addInputStatistics.Complex Method,0.13.0-rc0,0.17.0,0.17.0,10
pig,0.13.0-rc0,org.apache.pig.tools.pigstats.mapreduce,MRJobStats,addOutputStatistics,Complex Method,"designitejava,pmd,checkstyle",src/org/apache/pig/tools/pigstats/mapreduce/MRJobStats.java,src/org/apache/pig/tools/pigstats/mapreduce/MRJobStats.java.MRJobStats.addOutputStatistics.Complex Method,0.13.0-rc0,0.17.0,0.17.0,10
pig,0.13.0-rc0,org.apache.pig.tools.pigstats.mapreduce,MRScriptState,getPigFeature,Complex Method,"designitejava,pmd,checkstyle",src/org/apache/pig/tools/pigstats/mapreduce/MRScriptState.java,src/org/apache/pig/tools/pigstats/mapreduce/MRScriptState.java.MRScriptState.getPigFeature.Complex Method,0.13.0-rc0,0.17.0,0.17.0,10
pig,0.13.0-rc0,org.apache.pig.tools.pigstats.mapreduce,SimplePigStats,display,Complex Method,"designitejava,pmd,checkstyle",src/org/apache/pig/tools/pigstats/mapreduce/SimplePigStats.java,src/org/apache/pig/tools/pigstats/mapreduce/SimplePigStats.java.SimplePigStats.display.Complex Method,0.13.0-rc0,0.16.0,0.17.0-rc0,8
pig,0.17.0-rc0,org.apache.pig.tools.pigstats.mapreduce,SimplePigStats,getDisplayString,Complex Method,"designitejava,pmd,checkstyle",src/org/apache/pig/tools/pigstats/mapreduce/SimplePigStats.java,src/org/apache/pig/tools/pigstats/mapreduce/SimplePigStats.java.SimplePigStats.getDisplayString.Complex Method,0.17.0-rc0,0.17.0,0.17.0,2
pig,0.17.0-rc0,org.apache.pig.tools.pigstats.spark,SparkJobStats,combineTaskMetrics,Complex Method,"designitejava,pmd,checkstyle",src/org/apache/pig/tools/pigstats/spark/SparkJobStats.java,src/org/apache/pig/tools/pigstats/spark/SparkJobStats.java.SparkJobStats.combineTaskMetrics.Complex Method,0.17.0-rc0,0.17.0,0.17.0,2
pig,0.17.0-rc0,org.apache.pig.tools.pigstats.spark,SparkPigStats,addFailJobStats,Long Parameter List,"designitejava,checkstyle",src/org/apache/pig/tools/pigstats/spark/SparkPigStats.java,src/org/apache/pig/tools/pigstats/spark/SparkPigStats.java.SparkPigStats.addFailJobStats.Long Parameter List,0.17.0-rc0,0.17.0,0.17.0,2
pig,0.17.0-rc0,org.apache.pig.tools.pigstats.spark,SparkStatsUtil,waitForJobAddStats,Long Parameter List,"designitejava,checkstyle",src/org/apache/pig/tools/pigstats/spark/SparkStatsUtil.java,src/org/apache/pig/tools/pigstats/spark/SparkStatsUtil.java.SparkStatsUtil.waitForJobAddStats.Long Parameter List,0.17.0-rc0,0.17.0,0.17.0,2
pig,0.15.0-rc0,org.apache.pig.tools.pigstats.tez,TezPigScriptStats,accumulateStats,Complex Method,"designitejava,pmd",src/org/apache/pig/tools/pigstats/tez/TezPigScriptStats.java,src/org/apache/pig/tools/pigstats/tez/TezPigScriptStats.java.TezPigScriptStats.accumulateStats.Complex Method,0.15.0-rc0,0.17.0,0.17.0,6
pig,0.14.0-rc0,org.apache.pig.tools.pigstats.tez,TezPigScriptStats,display,Complex Method,"designitejava,pmd,checkstyle",src/org/apache/pig/tools/pigstats/tez/TezPigScriptStats.java,src/org/apache/pig/tools/pigstats/tez/TezPigScriptStats.java.TezPigScriptStats.display.Complex Method,0.14.0-rc0,0.16.0,0.17.0-rc0,6
pig,0.17.0-rc0,org.apache.pig.tools.pigstats.tez,TezPigScriptStats,getDisplayString,Complex Method,"designitejava,pmd,checkstyle",src/org/apache/pig/tools/pigstats/tez/TezPigScriptStats.java,src/org/apache/pig/tools/pigstats/tez/TezPigScriptStats.java.TezPigScriptStats.getDisplayString.Complex Method,0.17.0-rc0,0.17.0,0.17.0,2
pig,0.14.0-rc0,org.apache.pig.tools.pigstats.tez,TezVertexStats,accumulateStats,Complex Method,"designitejava,pmd,checkstyle",src/org/apache/pig/tools/pigstats/tez/TezVertexStats.java,src/org/apache/pig/tools/pigstats/tez/TezVertexStats.java.TezVertexStats.accumulateStats.Complex Method,0.14.0-rc0,0.17.0,0.17.0,8
pig,0.14.0-rc0,org.apache.pig.tools.pigstats.tez,TezVertexStats,addOutputStatistics,Complex Method,"designitejava,pmd,checkstyle",src/org/apache/pig/tools/pigstats/tez/TezVertexStats.java,src/org/apache/pig/tools/pigstats/tez/TezVertexStats.java.TezVertexStats.addOutputStatistics.Complex Method,0.14.0-rc0,0.17.0,0.17.0,8
pig,0.9.0-rc0,org.apache.pig.test.udf.evalfunc,TestWarningFunc,exec,Complex Method,"designitejava,checkstyle",test/e2e/pig/udfs/java/org/apache/pig/test/udf/evalfunc/TestWarningFunc.java,test/e2e/pig/udfs/java/org/apache/pig/test/udf/evalfunc/TestWarningFunc.java.TestWarningFunc.exec.Complex Method,0.9.0-rc0,0.17.0,0.17.0,28
pig,0.9.0-rc0,org.apache.pig.test.udf.evalfunc,VARBAG,exec,Complex Method,"designitejava,pmd,checkstyle",test/e2e/pig/udfs/java/org/apache/pig/test/udf/evalfunc/VARBAG.java,test/e2e/pig/udfs/java/org/apache/pig/test/udf/evalfunc/VARBAG.java.VARBAG.exec.Complex Method,0.9.0-rc0,0.17.0,0.17.0,28
pig,0.11.0-rc0,org.apache.pig,TestLoadStoreFuncLifeCycle,logCaller,Complex Method,"designitejava,checkstyle",test/org/apache/pig/TestLoadStoreFuncLifeCycle.java,test/org/apache/pig/TestLoadStoreFuncLifeCycle.java.TestLoadStoreFuncLifeCycle.logCaller.Complex Method,0.11.0-rc0,0.17.0,0.17.0,18
pig,0.13.0-rc0,org.apache.pig.backend.hadoop.accumulo,TestAbstractAccumuloStorage,getExpectedLoadJob,Long Parameter List,"designitejava,checkstyle",test/org/apache/pig/backend/hadoop/accumulo/TestAbstractAccumuloStorage.java,test/org/apache/pig/backend/hadoop/accumulo/TestAbstractAccumuloStorage.java.TestAbstractAccumuloStorage.getExpectedLoadJob.Long Parameter List,0.13.0-rc0,0.17.0,0.17.0,10
pig,0.13.0-rc0,org.apache.pig.backend.hadoop.accumulo,TestAbstractAccumuloStorage,getExpectedStoreJob,Long Parameter List,"designitejava,checkstyle",test/org/apache/pig/backend/hadoop/accumulo/TestAbstractAccumuloStorage.java,test/org/apache/pig/backend/hadoop/accumulo/TestAbstractAccumuloStorage.java.TestAbstractAccumuloStorage.getExpectedStoreJob.Long Parameter List,0.13.0-rc0,0.17.0,0.17.0,10
pig,0.15.0-rc0,org.apache.pig.builtin,TestAvroStorage,isValidPigObject,Complex Method,"designitejava,checkstyle",test/org/apache/pig/builtin/TestAvroStorage.java,test/org/apache/pig/builtin/TestAvroStorage.java.TestAvroStorage.isValidPigObject.Complex Method,0.15.0-rc0,0.17.0,0.17.0,6
pig,0.14.0-rc0,org.apache.pig.builtin,TestBigTypeSort,testBigTypeSort,Feature Envy,"designitejava,checkstyle",test/org/apache/pig/builtin/TestBigTypeSort.java,test/org/apache/pig/builtin/TestBigTypeSort.java.TestBigTypeSort.testBigTypeSort.Feature Envy,0.14.0-rc0,0.17.0,0.17.0,8
pig,0.12.0-rc0,org.apache.pig.builtin,TestCurrentTime,testAllCurrentTimeSame,Feature Envy,"designitejava,checkstyle",test/org/apache/pig/builtin/TestCurrentTime.java,test/org/apache/pig/builtin/TestCurrentTime.java.TestCurrentTime.testAllCurrentTimeSame.Feature Envy,0.12.0-rc0,0.17.0,0.17.0,14
pig,0.14.0-rc0,org.apache.pig.builtin,TestOrcStorage,compareData,Complex Method,"designitejava,checkstyle",test/org/apache/pig/builtin/TestOrcStorage.java,test/org/apache/pig/builtin/TestOrcStorage.java.TestOrcStorage.compareData.Complex Method,0.14.0-rc0,0.17.0,0.17.0,8
pig,0.14.0-rc0,org.apache.pig.builtin,TestOrcStorage,testCharVarchar,Feature Envy,"designitejava,checkstyle",test/org/apache/pig/builtin/TestOrcStorage.java,test/org/apache/pig/builtin/TestOrcStorage.java.TestOrcStorage.testCharVarchar.Feature Envy,0.14.0-rc0,0.17.0,0.17.0,8
pig,0.14.0-rc0,pig.pig-release-0.14.0-rc0.test.org.apache.pig.builtin,TestOrcStoragePushdown,createInputData,Complex Method,"pmd,checkstyle",test/org/apache/pig/builtin/TestOrcStoragePushdown.java,test/org/apache/pig/builtin/TestOrcStoragePushdown.java.TestOrcStoragePushdown.createInputData.Complex Method,0.14.0-rc0,0.17.0,0.17.0,8
pig,0.15.0-rc0,org.apache.pig.builtin,TestPluckTuple,testNegativeOutput,Feature Envy,"designitejava,checkstyle",test/org/apache/pig/builtin/TestPluckTuple.java,test/org/apache/pig/builtin/TestPluckTuple.java.TestPluckTuple.testNegativeOutput.Feature Envy,0.15.0-rc0,0.17.0,0.17.0,6
pig,0.15.0-rc0,org.apache.pig.builtin,TestPluckTuple,testNegativePatternMatches,Feature Envy,"designitejava,checkstyle",test/org/apache/pig/builtin/TestPluckTuple.java,test/org/apache/pig/builtin/TestPluckTuple.java.TestPluckTuple.testNegativePatternMatches.Feature Envy,0.15.0-rc0,0.17.0,0.17.0,6
pig,0.15.0-rc0,org.apache.pig.builtin,TestPluckTuple,testNegativeStartsWith,Feature Envy,"designitejava,checkstyle",test/org/apache/pig/builtin/TestPluckTuple.java,test/org/apache/pig/builtin/TestPluckTuple.java.TestPluckTuple.testNegativeStartsWith.Feature Envy,0.15.0-rc0,0.17.0,0.17.0,6
pig,0.12.0-rc0,org.apache.pig.builtin,TestPluckTuple,testOutput,Feature Envy,"designitejava,checkstyle",test/org/apache/pig/builtin/TestPluckTuple.java,test/org/apache/pig/builtin/TestPluckTuple.java.TestPluckTuple.testOutput.Feature Envy,0.12.0-rc0,0.17.0,0.17.0,14
pig,0.15.0-rc0,org.apache.pig.builtin,TestPluckTuple,testPatternMatches,Feature Envy,"designitejava,checkstyle",test/org/apache/pig/builtin/TestPluckTuple.java,test/org/apache/pig/builtin/TestPluckTuple.java.TestPluckTuple.testPatternMatches.Feature Envy,0.15.0-rc0,0.17.0,0.17.0,6
pig,0.12.0-rc0,org.apache.pig.builtin,TestPluckTuple,testSchema,Feature Envy,"designitejava,checkstyle",test/org/apache/pig/builtin/TestPluckTuple.java,test/org/apache/pig/builtin/TestPluckTuple.java.TestPluckTuple.testSchema.Feature Envy,0.12.0-rc0,0.14.0,0.15.0-rc0,8
pig,0.15.0-rc0,org.apache.pig.builtin,TestPluckTuple,testStartsWith,Feature Envy,"designitejava,checkstyle",test/org/apache/pig/builtin/TestPluckTuple.java,test/org/apache/pig/builtin/TestPluckTuple.java.TestPluckTuple.testStartsWith.Feature Envy,0.15.0-rc0,0.17.0,0.17.0,6
pig,0.16.0-rc0,org.apache.pig.builtin,TestPluckTuple,testTwoPluckTuples,Feature Envy,"designitejava,checkstyle",test/org/apache/pig/builtin/TestPluckTuple.java,test/org/apache/pig/builtin/TestPluckTuple.java.TestPluckTuple.testTwoPluckTuples.Feature Envy,0.16.0-rc0,0.17.0,0.17.0,4
pig,0.16.0-rc0,org.apache.pig.builtin,TestTOMAP,testTOMAP_BagOfPairs,Feature Envy,"designitejava,checkstyle",test/org/apache/pig/builtin/TestTOMAP.java,test/org/apache/pig/builtin/TestTOMAP.java.TestTOMAP.testTOMAP_BagOfPairs.Feature Envy,0.16.0-rc0,0.17.0,0.17.0,4
pig,0.16.0-rc0,org.apache.pig.builtin,TestTOMAP,testTOMAP_Tuple,Feature Envy,"designitejava,checkstyle",test/org/apache/pig/builtin/TestTOMAP.java,test/org/apache/pig/builtin/TestTOMAP.java.TestTOMAP.testTOMAP_Tuple.Feature Envy,0.16.0-rc0,0.17.0,0.17.0,4
pig,0.11.0-rc0,org.apache.pig.data,TestSchemaTuple,checkNullGetThrowsError,Complex Method,"designitejava,checkstyle",test/org/apache/pig/data/TestSchemaTuple.java,test/org/apache/pig/data/TestSchemaTuple.java.TestSchemaTuple.checkNullGetThrowsError.Complex Method,0.11.0-rc0,0.17.0,0.17.0,18
pig,0.11.0-rc0,org.apache.pig.data,TestSchemaTuple,randData,Complex Method,"designitejava,checkstyle",test/org/apache/pig/data/TestSchemaTuple.java,test/org/apache/pig/data/TestSchemaTuple.java.TestSchemaTuple.randData.Complex Method,0.11.0-rc0,0.17.0,0.17.0,18
pig,0.17.0-rc0,org.apache.pig.impl.builtin,TestHiveUDTF,testHiveUDTFOnBagInput,Feature Envy,"designitejava,checkstyle",test/org/apache/pig/impl/builtin/TestHiveUDTF.java,test/org/apache/pig/impl/builtin/TestHiveUDTF.java.TestHiveUDTF.testHiveUDTFOnBagInput.Feature Envy,0.17.0-rc0,0.17.0,0.17.0,2
pig,0.17.0-rc0,org.apache.pig.impl.builtin,TestHiveUDTF,testHiveUDTFOnBagInputWithTwoProjection,Feature Envy,"designitejava,checkstyle",test/org/apache/pig/impl/builtin/TestHiveUDTF.java,test/org/apache/pig/impl/builtin/TestHiveUDTF.java.TestHiveUDTF.testHiveUDTFOnBagInputWithTwoProjection.Feature Envy,0.17.0-rc0,0.17.0,0.17.0,2
pig,0.17.0-rc0,org.apache.pig.impl.builtin,TestHiveUDTF,testHiveUDTFOnClose,Feature Envy,"designitejava,checkstyle",test/org/apache/pig/impl/builtin/TestHiveUDTF.java,test/org/apache/pig/impl/builtin/TestHiveUDTF.java.TestHiveUDTF.testHiveUDTFOnClose.Feature Envy,0.17.0-rc0,0.17.0,0.17.0,2
pig,0.11.0-rc0,org.apache.pig.parser,TestLogicalPlanGenerator,testRelationAliasInNestedForeachWhereUnspecified,Feature Envy,"designitejava,checkstyle",test/org/apache/pig/parser/TestLogicalPlanGenerator.java,test/org/apache/pig/parser/TestLogicalPlanGenerator.java.TestLogicalPlanGenerator.testRelationAliasInNestedForeachWhereUnspecified.Feature Envy,0.11.0-rc0,0.17.0,0.17.0,18
pig,0.7.0,org.apache.pig.test,TestAccumulator,testAccumulatorOff,Feature Envy,"designitejava,checkstyle",test/org/apache/pig/test/TestAccumulator.java,test/org/apache/pig/test/TestAccumulator.java.TestAccumulator.testAccumulatorOff.Feature Envy,0.7.0,0.17.0,0.17.0,32
pig,0.2.0-rc0,org.apache.pig.test,TestAdd,testOperator,Complex Method,"designitejava,checkstyle",test/org/apache/pig/test/TestAdd.java,test/org/apache/pig/test/TestAdd.java.TestAdd.testOperator.Complex Method,0.2.0-rc0,0.17.0,0.17.0,40
pig,0.2.0-rc0,org.apache.pig.test,TestAlgebraicEval,testGroupCountWithMultipleFields,Complex Method,"designitejava,checkstyle",test/org/apache/pig/test/TestAlgebraicEval.java,test/org/apache/pig/test/TestAlgebraicEval.java.TestAlgebraicEval.testGroupCountWithMultipleFields.Complex Method,0.2.0-rc0,0.17.0,0.17.0,40
pig,0.2.0-rc0,org.apache.pig.test,TestAlgebraicEvalLocal,testGroupCountWithMultipleFields,Complex Method,"designitejava,checkstyle",test/org/apache/pig/test/TestAlgebraicEvalLocal.java,test/org/apache/pig/test/TestAlgebraicEvalLocal.java.TestAlgebraicEvalLocal.testGroupCountWithMultipleFields.Complex Method,0.2.0-rc0,0.17.0,0.17.0,40
pig,0.7.0,org.apache.pig.test,TestAlgebraicInstantiation,testAlgebraicInstantiation,Feature Envy,"designitejava,checkstyle",test/org/apache/pig/test/TestAlgebraicInstantiation.java,test/org/apache/pig/test/TestAlgebraicInstantiation.java.TestAlgebraicInstantiation.testAlgebraicInstantiation.Feature Envy,0.7.0,0.17.0,0.17.0,32
pig,0.7.0,org.apache.pig.test,TestAlgebraicInstantiation,testRegularInstantiation,Feature Envy,"designitejava,checkstyle",test/org/apache/pig/test/TestAlgebraicInstantiation.java,test/org/apache/pig/test/TestAlgebraicInstantiation.java.TestAlgebraicInstantiation.testRegularInstantiation.Feature Envy,0.7.0,0.17.0,0.17.0,32
pig,0.7.0,org.apache.pig.test,TestBatchAliases,testBatchAliases,Feature Envy,"designitejava,checkstyle",test/org/apache/pig/test/TestBatchAliases.java,test/org/apache/pig/test/TestBatchAliases.java.TestBatchAliases.testBatchAliases.Feature Envy,0.7.0,0.17.0,0.17.0,32
pig,0.2.0-rc0,org.apache.pig.test,TestBestFitCast,test6,Feature Envy,"designitejava,checkstyle",test/org/apache/pig/test/TestBestFitCast.java,test/org/apache/pig/test/TestBestFitCast.java.TestBestFitCast.test6.Feature Envy,0.2.0-rc0,0.17.0,0.17.0,40
pig,0.2.0-rc0,org.apache.pig.test,TestBuiltin,setUp,Complex Method,"designitejava,checkstyle",test/org/apache/pig/test/TestBuiltin.java,test/org/apache/pig/test/TestBuiltin.java.TestBuiltin.setUp.Complex Method,0.2.0-rc0,0.17.0,0.17.0,40
pig,0.13.0-rc0,org.apache.pig.test,TestBuiltin,testAVGFinal,Complex Method,"designitejava,checkstyle",test/org/apache/pig/test/TestBuiltin.java,test/org/apache/pig/test/TestBuiltin.java.TestBuiltin.testAVGFinal.Complex Method,0.13.0-rc0,0.17.0,0.17.0,10
pig,0.13.0-rc0,org.apache.pig.test,TestBuiltin,testAVGIntermediate,Complex Method,"designitejava,checkstyle",test/org/apache/pig/test/TestBuiltin.java,test/org/apache/pig/test/TestBuiltin.java.TestBuiltin.testAVGIntermediate.Complex Method,0.13.0-rc0,0.17.0,0.17.0,10
pig,0.2.0-rc0,org.apache.pig.test,TestBuiltin,testAggMultipleCombine,Complex Method,"designitejava,checkstyle",test/org/apache/pig/test/TestBuiltin.java,test/org/apache/pig/test/TestBuiltin.java.TestBuiltin.testAggMultipleCombine.Complex Method,0.2.0-rc0,0.17.0,0.17.0,40
pig,0.16.0-rc0,org.apache.pig.test,TestBuiltin,testRANDOMWithJob,Feature Envy,"designitejava,checkstyle",test/org/apache/pig/test/TestBuiltin.java,test/org/apache/pig/test/TestBuiltin.java.TestBuiltin.testRANDOMWithJob.Feature Envy,0.16.0-rc0,0.17.0,0.17.0,4
pig,0.10.0-rc0,org.apache.pig.test,TestBuiltin,testURIwithCurlyBrace,Feature Envy,"designitejava,checkstyle",test/org/apache/pig/test/TestBuiltin.java,test/org/apache/pig/test/TestBuiltin.java.TestBuiltin.testURIwithCurlyBrace.Feature Envy,0.10.0-rc0,0.17.0,0.17.0,22
pig,0.14.0-rc0,org.apache.pig.test,TestBuiltin,testUniqueID,Feature Envy,"designitejava,checkstyle",test/org/apache/pig/test/TestBuiltin.java,test/org/apache/pig/test/TestBuiltin.java.TestBuiltin.testUniqueID.Feature Envy,0.14.0-rc0,0.17.0,0.17.0,8
pig,0.4.0-rc0,org.apache.pig.test,TestCharArrayToNumeric,testCharArray2FloatAndDoubleScript,Complex Method,"designitejava,checkstyle",test/org/apache/pig/test/TestCharArrayToNumeric.java,test/org/apache/pig/test/TestCharArrayToNumeric.java.TestCharArrayToNumeric.testCharArray2FloatAndDoubleScript.Complex Method,0.4.0-rc0,0.17.0,0.17.0,37
pig,0.4.0-rc0,org.apache.pig.test,TestCharArrayToNumeric,testCharArrayToIntAndLongScript,Complex Method,"designitejava,checkstyle",test/org/apache/pig/test/TestCharArrayToNumeric.java,test/org/apache/pig/test/TestCharArrayToNumeric.java.TestCharArrayToNumeric.testCharArrayToIntAndLongScript.Complex Method,0.4.0-rc0,0.17.0,0.17.0,37
pig,0.5.0,org.apache.pig.test,TestCommit,testCheckin2,Feature Envy,"designitejava,checkstyle",test/org/apache/pig/test/TestCommit.java,test/org/apache/pig/test/TestCommit.java.TestCommit.testCheckin2.Feature Envy,0.5.0,0.17.0,0.17.0,35
pig,0.8.0,org.apache.pig.test,TestCounters,testInputCounters,Complex Method,"designitejava,checkstyle",test/org/apache/pig/test/TestCounters.java,test/org/apache/pig/test/TestCounters.java.TestCounters.testInputCounters.Complex Method,0.8.0,0.17.0,0.17.0,31
pig,0.17.0-rc0,org.apache.pig.test,TestCounters,testSplitUnionOutputCounters,Feature Envy,"designitejava,checkstyle",test/org/apache/pig/test/TestCounters.java,test/org/apache/pig/test/TestCounters.java.TestCounters.testSplitUnionOutputCounters.Feature Envy,0.17.0-rc0,0.17.0,0.17.0,2
pig,0.6.0-rc0,org.apache.pig.test,TestDataBag,testInternalDistinctBag,Complex Method,"designitejava,checkstyle",test/org/apache/pig/test/TestDataBag.java,test/org/apache/pig/test/TestDataBag.java.TestDataBag.testInternalDistinctBag.Complex Method,0.6.0-rc0,0.17.0,0.17.0,34
pig,0.6.0-rc0,org.apache.pig.test,TestDataBag,testInternalSortedBag,Complex Method,"designitejava,checkstyle",test/org/apache/pig/test/TestDataBag.java,test/org/apache/pig/test/TestDataBag.java.TestDataBag.testInternalSortedBag.Complex Method,0.6.0-rc0,0.17.0,0.17.0,34
pig,0.2.0-rc0,org.apache.pig.test,TestDataBagAccess,testBagConstantAccess,Feature Envy,"designitejava,checkstyle",test/org/apache/pig/test/TestDataBagAccess.java,test/org/apache/pig/test/TestDataBagAccess.java.TestDataBagAccess.testBagConstantAccess.Feature Envy,0.2.0-rc0,0.17.0,0.17.0,40
pig,0.2.0-rc0,org.apache.pig.test,TestDataBagAccess,testBagConstantFlatten1,Feature Envy,"designitejava,checkstyle",test/org/apache/pig/test/TestDataBagAccess.java,test/org/apache/pig/test/TestDataBagAccess.java.TestDataBagAccess.testBagConstantFlatten1.Feature Envy,0.2.0-rc0,0.17.0,0.17.0,40
pig,0.2.0-rc0,org.apache.pig.test,TestDataBagAccess,testBagConstantFlatten2,Feature Envy,"designitejava,checkstyle",test/org/apache/pig/test/TestDataBagAccess.java,test/org/apache/pig/test/TestDataBagAccess.java.TestDataBagAccess.testBagConstantFlatten2.Feature Envy,0.2.0-rc0,0.17.0,0.17.0,40
pig,0.2.0-rc0,org.apache.pig.test,TestDataBagAccess,testBagStoreLoad,Complex Method,"designitejava,checkstyle",test/org/apache/pig/test/TestDataBagAccess.java,test/org/apache/pig/test/TestDataBagAccess.java.TestDataBagAccess.testBagStoreLoad.Complex Method,0.2.0-rc0,0.17.0,0.17.0,40
pig,0.2.0-rc0,org.apache.pig.test,TestDataBagAccess,testBagStoreLoad,Feature Envy,"designitejava,checkstyle",test/org/apache/pig/test/TestDataBagAccess.java,test/org/apache/pig/test/TestDataBagAccess.java.TestDataBagAccess.testBagStoreLoad.Feature Envy,0.2.0-rc0,0.17.0,0.17.0,40
pig,0.17.0-rc0,org.apache.pig.test,TestDateTime,testZoneDST,Feature Envy,"designitejava,checkstyle",test/org/apache/pig/test/TestDateTime.java,test/org/apache/pig/test/TestDateTime.java.TestDateTime.testZoneDST.Feature Envy,0.17.0-rc0,0.17.0,0.17.0,2
pig,0.2.0-rc0,org.apache.pig.test,TestDivide,testOperator,Complex Method,"designitejava,checkstyle",test/org/apache/pig/test/TestDivide.java,test/org/apache/pig/test/TestDivide.java.TestDivide.testOperator.Complex Method,0.2.0-rc0,0.17.0,0.17.0,40
pig,0.16.0-rc0,org.apache.pig.test,TestErrorHandlingStoreFunc,testMultiStore,Feature Envy,"designitejava,checkstyle",test/org/apache/pig/test/TestErrorHandlingStoreFunc.java,test/org/apache/pig/test/TestErrorHandlingStoreFunc.java.TestErrorHandlingStoreFunc.testMultiStore.Feature Envy,0.16.0-rc0,0.17.0,0.17.0,4
pig,0.2.0-rc0,pig.pig-release-0.2.0-rc0.test.org.apache.pig.test,TestEvalPipeline,,God Class,"pmd,checkstyle",test/org/apache/pig/test/TestEvalPipeline.java,test/org/apache/pig/test/TestEvalPipeline.java.TestEvalPipeline..God Class,0.2.0-rc0,0.17.0,0.17.0,40
pig,0.2.0-rc0,org.apache.pig.test,TestEvalPipeline,testArithmeticCloning,Feature Envy,"designitejava,checkstyle",test/org/apache/pig/test/TestEvalPipeline.java,test/org/apache/pig/test/TestEvalPipeline.java.TestEvalPipeline.testArithmeticCloning.Feature Envy,0.2.0-rc0,0.17.0,0.17.0,40
pig,0.2.0-rc0,org.apache.pig.test,TestEvalPipeline,testBagFunctionWithFlattening,Feature Envy,"designitejava,checkstyle",test/org/apache/pig/test/TestEvalPipeline.java,test/org/apache/pig/test/TestEvalPipeline.java.TestEvalPipeline.testBagFunctionWithFlattening.Feature Envy,0.2.0-rc0,0.17.0,0.17.0,40
pig,0.2.0-rc0,org.apache.pig.test,TestEvalPipeline,testBinStorageDetermineSchema,Feature Envy,"designitejava,checkstyle",test/org/apache/pig/test/TestEvalPipeline.java,test/org/apache/pig/test/TestEvalPipeline.java.TestEvalPipeline.testBinStorageDetermineSchema.Feature Envy,0.2.0-rc0,0.17.0,0.17.0,40
pig,0.2.0-rc0,org.apache.pig.test,TestEvalPipeline,testBinStorageDetermineSchema2,Feature Envy,"designitejava,checkstyle",test/org/apache/pig/test/TestEvalPipeline.java,test/org/apache/pig/test/TestEvalPipeline.java.TestEvalPipeline.testBinStorageDetermineSchema2.Feature Envy,0.2.0-rc0,0.17.0,0.17.0,40
pig,0.2.0-rc0,org.apache.pig.test,TestEvalPipeline,testBinStorageWithLargeStrings,Feature Envy,"designitejava,checkstyle",test/org/apache/pig/test/TestEvalPipeline.java,test/org/apache/pig/test/TestEvalPipeline.java.TestEvalPipeline.testBinStorageWithLargeStrings.Feature Envy,0.2.0-rc0,0.17.0,0.17.0,40
pig,0.2.0-rc0,org.apache.pig.test,TestEvalPipeline,testCogroupWithInputFromGroup,Feature Envy,"designitejava,checkstyle",test/org/apache/pig/test/TestEvalPipeline.java,test/org/apache/pig/test/TestEvalPipeline.java.TestEvalPipeline.testCogroupWithInputFromGroup.Feature Envy,0.2.0-rc0,0.17.0,0.17.0,40
pig,0.2.0-rc0,org.apache.pig.test,TestEvalPipeline,testComplexData,Feature Envy,"designitejava,checkstyle",test/org/apache/pig/test/TestEvalPipeline.java,test/org/apache/pig/test/TestEvalPipeline.java.TestEvalPipeline.testComplexData.Feature Envy,0.2.0-rc0,0.17.0,0.17.0,40
pig,0.2.0-rc0,org.apache.pig.test,TestEvalPipeline,testExpressionReUse,Feature Envy,"designitejava,checkstyle",test/org/apache/pig/test/TestEvalPipeline.java,test/org/apache/pig/test/TestEvalPipeline.java.TestEvalPipeline.testExpressionReUse.Feature Envy,0.2.0-rc0,0.17.0,0.17.0,40
pig,0.2.0-rc0,org.apache.pig.test,TestEvalPipeline,testFunctionInsideFunction,Feature Envy,"designitejava,checkstyle",test/org/apache/pig/test/TestEvalPipeline.java,test/org/apache/pig/test/TestEvalPipeline.java.TestEvalPipeline.testFunctionInsideFunction.Feature Envy,0.2.0-rc0,0.17.0,0.17.0,40
pig,0.2.0-rc0,org.apache.pig.test,TestEvalPipeline,testIdentity,Feature Envy,"designitejava,checkstyle",test/org/apache/pig/test/TestEvalPipeline.java,test/org/apache/pig/test/TestEvalPipeline.java.TestEvalPipeline.testIdentity.Feature Envy,0.2.0-rc0,0.17.0,0.17.0,40
pig,0.2.0-rc0,org.apache.pig.test,TestEvalPipeline,testJoin,Feature Envy,"designitejava,checkstyle",test/org/apache/pig/test/TestEvalPipeline.java,test/org/apache/pig/test/TestEvalPipeline.java.TestEvalPipeline.testJoin.Feature Envy,0.2.0-rc0,0.17.0,0.17.0,40
pig,0.2.0-rc0,org.apache.pig.test,TestEvalPipeline,testLimit,Feature Envy,"designitejava,checkstyle",test/org/apache/pig/test/TestEvalPipeline.java,test/org/apache/pig/test/TestEvalPipeline.java.TestEvalPipeline.testLimit.Feature Envy,0.2.0-rc0,0.17.0,0.17.0,40
pig,0.2.0-rc0,org.apache.pig.test,TestEvalPipeline,testLoadCtorArgs,Feature Envy,"designitejava,checkstyle",test/org/apache/pig/test/TestEvalPipeline.java,test/org/apache/pig/test/TestEvalPipeline.java.TestEvalPipeline.testLoadCtorArgs.Feature Envy,0.2.0-rc0,0.17.0,0.17.0,40
pig,0.2.0-rc0,org.apache.pig.test,TestEvalPipeline,testMapLookup,Feature Envy,"designitejava,checkstyle",test/org/apache/pig/test/TestEvalPipeline.java,test/org/apache/pig/test/TestEvalPipeline.java.TestEvalPipeline.testMapLookup.Feature Envy,0.2.0-rc0,0.17.0,0.17.0,40
pig,0.2.0-rc0,org.apache.pig.test,TestEvalPipeline,testMapUDF,Feature Envy,"designitejava,checkstyle",test/org/apache/pig/test/TestEvalPipeline.java,test/org/apache/pig/test/TestEvalPipeline.java.TestEvalPipeline.testMapUDF.Feature Envy,0.2.0-rc0,0.17.0,0.17.0,40
pig,0.2.0-rc0,org.apache.pig.test,TestEvalPipeline,testMapUDFFail,Feature Envy,"designitejava,checkstyle",test/org/apache/pig/test/TestEvalPipeline.java,test/org/apache/pig/test/TestEvalPipeline.java.TestEvalPipeline.testMapUDFFail.Feature Envy,0.2.0-rc0,0.8.1,0.9.0-rc0,12
pig,0.2.0-rc0,org.apache.pig.test,TestEvalPipeline,testNestedPlan,Feature Envy,"designitejava,checkstyle",test/org/apache/pig/test/TestEvalPipeline.java,test/org/apache/pig/test/TestEvalPipeline.java.TestEvalPipeline.testNestedPlan.Feature Envy,0.2.0-rc0,0.17.0,0.17.0,40
pig,0.2.0-rc0,org.apache.pig.test,TestEvalPipeline,testNestedPlanForCloning,Feature Envy,"designitejava,checkstyle",test/org/apache/pig/test/TestEvalPipeline.java,test/org/apache/pig/test/TestEvalPipeline.java.TestEvalPipeline.testNestedPlanForCloning.Feature Envy,0.2.0-rc0,0.17.0,0.17.0,40
pig,0.2.0-rc0,org.apache.pig.test,TestEvalPipeline,testNestedPlanWithExpressionAssignment,Feature Envy,"designitejava,checkstyle",test/org/apache/pig/test/TestEvalPipeline.java,test/org/apache/pig/test/TestEvalPipeline.java.TestEvalPipeline.testNestedPlanWithExpressionAssignment.Feature Envy,0.2.0-rc0,0.17.0,0.17.0,40
pig,0.2.0-rc0,org.apache.pig.test,TestEvalPipeline,testProjectBag,Feature Envy,"designitejava,checkstyle",test/org/apache/pig/test/TestEvalPipeline.java,test/org/apache/pig/test/TestEvalPipeline.java.TestEvalPipeline.testProjectBag.Feature Envy,0.2.0-rc0,0.17.0,0.17.0,40
pig,0.2.0-rc0,org.apache.pig.test,TestEvalPipeline,testSortDistinct,Feature Envy,"designitejava,checkstyle",test/org/apache/pig/test/TestEvalPipeline.java,test/org/apache/pig/test/TestEvalPipeline.java.TestEvalPipeline.testSortDistinct.Feature Envy,0.2.0-rc0,0.17.0,0.17.0,40
pig,0.9.0-rc0,org.apache.pig.test,TestEvalPipeline2,testAddingTwoBag,Feature Envy,"designitejava,checkstyle",test/org/apache/pig/test/TestEvalPipeline2.java,test/org/apache/pig/test/TestEvalPipeline2.java.TestEvalPipeline2.testAddingTwoBag.Feature Envy,0.9.0-rc0,0.17.0,0.17.0,28
pig,0.2.0-rc0,org.apache.pig.test,TestEvalPipeline2,testBinStorageByteArrayCastsSimple,Feature Envy,"designitejava,checkstyle",test/org/apache/pig/test/TestEvalPipeline2.java,test/org/apache/pig/test/TestEvalPipeline2.java.TestEvalPipeline2.testBinStorageByteArrayCastsSimple.Feature Envy,0.2.0-rc0,0.17.0,0.17.0,40
pig,0.9.0-rc0,org.apache.pig.test,TestEvalPipeline2,testBinStorageByteCast,Feature Envy,"designitejava,checkstyle",test/org/apache/pig/test/TestEvalPipeline2.java,test/org/apache/pig/test/TestEvalPipeline2.java.TestEvalPipeline2.testBinStorageByteCast.Feature Envy,0.9.0-rc0,0.17.0,0.17.0,28
pig,0.8.0,org.apache.pig.test,TestEvalPipeline2,testBinStorageCommaSeperatedPath,Feature Envy,"designitejava,checkstyle",test/org/apache/pig/test/TestEvalPipeline2.java,test/org/apache/pig/test/TestEvalPipeline2.java.TestEvalPipeline2.testBinStorageCommaSeperatedPath.Feature Envy,0.8.0,0.17.0,0.17.0,31
pig,0.9.0-rc0,org.apache.pig.test,TestEvalPipeline2,testDereferencePartialAlias,Feature Envy,"designitejava,checkstyle",test/org/apache/pig/test/TestEvalPipeline2.java,test/org/apache/pig/test/TestEvalPipeline2.java.TestEvalPipeline2.testDereferencePartialAlias.Feature Envy,0.9.0-rc0,0.17.0,0.17.0,28
pig,0.8.1-rc0,org.apache.pig.test,TestEvalPipeline2,testDuplicateLoadFuncSignature,Feature Envy,"designitejava,checkstyle",test/org/apache/pig/test/TestEvalPipeline2.java,test/org/apache/pig/test/TestEvalPipeline2.java.TestEvalPipeline2.testDuplicateLoadFuncSignature.Feature Envy,0.8.1-rc0,0.17.0,0.17.0,30
pig,0.6.0-rc0,org.apache.pig.test,TestEvalPipeline2,testEmptySort,Feature Envy,"designitejava,checkstyle",test/org/apache/pig/test/TestEvalPipeline2.java,test/org/apache/pig/test/TestEvalPipeline2.java.TestEvalPipeline2.testEmptySort.Feature Envy,0.6.0-rc0,0.17.0,0.17.0,34
pig,0.4.0-rc0,org.apache.pig.test,TestEvalPipeline2,testLimitAfterSort,Feature Envy,"designitejava,checkstyle",test/org/apache/pig/test/TestEvalPipeline2.java,test/org/apache/pig/test/TestEvalPipeline2.java.TestEvalPipeline2.testLimitAfterSort.Feature Envy,0.4.0-rc0,0.17.0,0.17.0,37
pig,0.4.0-rc0,org.apache.pig.test,TestEvalPipeline2,testLimitAfterSortDesc,Feature Envy,"designitejava,checkstyle",test/org/apache/pig/test/TestEvalPipeline2.java,test/org/apache/pig/test/TestEvalPipeline2.java.TestEvalPipeline2.testLimitAfterSortDesc.Feature Envy,0.4.0-rc0,0.17.0,0.17.0,37
pig,0.9.1-rc0,org.apache.pig.test,TestEvalPipeline2,testLimitAutoReducer,Feature Envy,"designitejava,checkstyle",test/org/apache/pig/test/TestEvalPipeline2.java,test/org/apache/pig/test/TestEvalPipeline2.java.TestEvalPipeline2.testLimitAutoReducer.Feature Envy,0.9.1-rc0,0.17.0,0.17.0,26
pig,0.6.0-rc0,org.apache.pig.test,TestEvalPipeline2,testLimitPOPackageAnnotator,Feature Envy,"designitejava,checkstyle",test/org/apache/pig/test/TestEvalPipeline2.java,test/org/apache/pig/test/TestEvalPipeline2.java.TestEvalPipeline2.testLimitPOPackageAnnotator.Feature Envy,0.6.0-rc0,0.17.0,0.17.0,34
pig,0.4.0-rc0,org.apache.pig.test,TestEvalPipeline2,testLimitedSortWithDump,Feature Envy,"designitejava,checkstyle",test/org/apache/pig/test/TestEvalPipeline2.java,test/org/apache/pig/test/TestEvalPipeline2.java.TestEvalPipeline2.testLimitedSortWithDump.Feature Envy,0.4.0-rc0,0.17.0,0.17.0,37
pig,0.9.0-rc0,org.apache.pig.test,TestEvalPipeline2,testLoadWithDifferentSchema,Feature Envy,"designitejava,checkstyle",test/org/apache/pig/test/TestEvalPipeline2.java,test/org/apache/pig/test/TestEvalPipeline2.java.TestEvalPipeline2.testLoadWithDifferentSchema.Feature Envy,0.9.0-rc0,0.17.0,0.17.0,28
pig,0.8.0,org.apache.pig.test,TestEvalPipeline2,testMergeSchemaErrorMessage,Feature Envy,"designitejava,checkstyle",test/org/apache/pig/test/TestEvalPipeline2.java,test/org/apache/pig/test/TestEvalPipeline2.java.TestEvalPipeline2.testMergeSchemaErrorMessage.Feature Envy,0.8.0,0.17.0,0.17.0,31
pig,0.13.0-rc0,org.apache.pig.test,TestEvalPipeline2,testNonStandardDataWithoutFetch,Feature Envy,"designitejava,checkstyle",test/org/apache/pig/test/TestEvalPipeline2.java,test/org/apache/pig/test/TestEvalPipeline2.java.TestEvalPipeline2.testNonStandardDataWithoutFetch.Feature Envy,0.13.0-rc0,0.17.0,0.17.0,10
pig,0.9.0-rc0,org.apache.pig.test,TestEvalPipeline2,testProjectNullBag,Feature Envy,"designitejava,checkstyle",test/org/apache/pig/test/TestEvalPipeline2.java,test/org/apache/pig/test/TestEvalPipeline2.java.TestEvalPipeline2.testProjectNullBag.Feature Envy,0.9.0-rc0,0.17.0,0.17.0,28
pig,0.15.0-rc0,org.apache.pig.test,TestEvalPipeline2,testRankWithEmptyReduce,Feature Envy,"designitejava,checkstyle",test/org/apache/pig/test/TestEvalPipeline2.java,test/org/apache/pig/test/TestEvalPipeline2.java.TestEvalPipeline2.testRankWithEmptyReduce.Feature Envy,0.15.0-rc0,0.17.0,0.17.0,6
pig,0.2.0-rc0,org.apache.pig.test,TestEvalPipeline2,testUDFwithStarInput,Feature Envy,"designitejava,checkstyle",test/org/apache/pig/test/TestEvalPipeline2.java,test/org/apache/pig/test/TestEvalPipeline2.java.TestEvalPipeline2.testUDFwithStarInput.Feature Envy,0.2.0-rc0,0.17.0,0.17.0,40
pig,0.2.0-rc0,pig.pig-release-0.2.0-rc0.test.org.apache.pig.test,TestEvalPipelineLocal,,God Class,"pmd,checkstyle",test/org/apache/pig/test/TestEvalPipelineLocal.java,test/org/apache/pig/test/TestEvalPipelineLocal.java.TestEvalPipelineLocal..God Class,0.2.0-rc0,0.17.0,0.17.0,40
pig,0.2.0-rc0,org.apache.pig.test,TestEvalPipelineLocal,testArithmeticCloning,Feature Envy,"designitejava,checkstyle",test/org/apache/pig/test/TestEvalPipelineLocal.java,test/org/apache/pig/test/TestEvalPipelineLocal.java.TestEvalPipelineLocal.testArithmeticCloning.Feature Envy,0.2.0-rc0,0.17.0,0.17.0,40
pig,0.2.0-rc0,org.apache.pig.test,TestEvalPipelineLocal,testBinStorageDetermineSchema,Feature Envy,"designitejava,checkstyle",test/org/apache/pig/test/TestEvalPipelineLocal.java,test/org/apache/pig/test/TestEvalPipelineLocal.java.TestEvalPipelineLocal.testBinStorageDetermineSchema.Feature Envy,0.2.0-rc0,0.17.0,0.17.0,40
pig,0.2.0-rc0,org.apache.pig.test,TestEvalPipelineLocal,testBinStorageDetermineSchema2,Feature Envy,"designitejava,checkstyle",test/org/apache/pig/test/TestEvalPipelineLocal.java,test/org/apache/pig/test/TestEvalPipelineLocal.java.TestEvalPipelineLocal.testBinStorageDetermineSchema2.Feature Envy,0.2.0-rc0,0.17.0,0.17.0,40
pig,0.14.0-rc0,org.apache.pig.test,TestEvalPipelineLocal,testBytesRawComparatorDesc,Feature Envy,"designitejava,checkstyle",test/org/apache/pig/test/TestEvalPipelineLocal.java,test/org/apache/pig/test/TestEvalPipelineLocal.java.TestEvalPipelineLocal.testBytesRawComparatorDesc.Feature Envy,0.14.0-rc0,0.17.0,0.17.0,8
pig,0.13.0-rc0,org.apache.pig.test,TestEvalPipelineLocal,testCastSchemaShare,Feature Envy,"designitejava,checkstyle",test/org/apache/pig/test/TestEvalPipelineLocal.java,test/org/apache/pig/test/TestEvalPipelineLocal.java.TestEvalPipelineLocal.testCastSchemaShare.Feature Envy,0.13.0-rc0,0.17.0,0.17.0,10
pig,0.2.0-rc0,org.apache.pig.test,TestEvalPipelineLocal,testCogroupWithInputFromGroup,Feature Envy,"designitejava,checkstyle",test/org/apache/pig/test/TestEvalPipelineLocal.java,test/org/apache/pig/test/TestEvalPipelineLocal.java.TestEvalPipelineLocal.testCogroupWithInputFromGroup.Feature Envy,0.2.0-rc0,0.17.0,0.17.0,40
pig,0.2.0-rc0,org.apache.pig.test,TestEvalPipelineLocal,testComplexData,Feature Envy,"designitejava,checkstyle",test/org/apache/pig/test/TestEvalPipelineLocal.java,test/org/apache/pig/test/TestEvalPipelineLocal.java.TestEvalPipelineLocal.testComplexData.Feature Envy,0.2.0-rc0,0.17.0,0.17.0,40
pig,0.13.0-rc0,org.apache.pig.test,TestEvalPipelineLocal,testDanglingNodeWrongSchema,Feature Envy,"designitejava,checkstyle",test/org/apache/pig/test/TestEvalPipelineLocal.java,test/org/apache/pig/test/TestEvalPipelineLocal.java.TestEvalPipelineLocal.testDanglingNodeWrongSchema.Feature Envy,0.13.0-rc0,0.17.0,0.17.0,10
pig,0.12.0-rc0,org.apache.pig.test,TestEvalPipelineLocal,testDescribeDanglingBranch,Feature Envy,"designitejava,checkstyle",test/org/apache/pig/test/TestEvalPipelineLocal.java,test/org/apache/pig/test/TestEvalPipelineLocal.java.TestEvalPipelineLocal.testDescribeDanglingBranch.Feature Envy,0.12.0-rc0,0.17.0,0.17.0,14
pig,0.2.0-rc0,org.apache.pig.test,TestEvalPipelineLocal,testExpressionReUse,Feature Envy,"designitejava,checkstyle",test/org/apache/pig/test/TestEvalPipelineLocal.java,test/org/apache/pig/test/TestEvalPipelineLocal.java.TestEvalPipelineLocal.testExpressionReUse.Feature Envy,0.2.0-rc0,0.17.0,0.17.0,40
pig,0.12.0-rc0,org.apache.pig.test,TestEvalPipelineLocal,testFlattenEmptyBag,Feature Envy,"designitejava,checkstyle",test/org/apache/pig/test/TestEvalPipelineLocal.java,test/org/apache/pig/test/TestEvalPipelineLocal.java.TestEvalPipelineLocal.testFlattenEmptyBag.Feature Envy,0.12.0-rc0,0.17.0,0.17.0,14
pig,0.12.1-rc0,org.apache.pig.test,TestEvalPipelineLocal,testFlattenTwice,Feature Envy,"designitejava,checkstyle",test/org/apache/pig/test/TestEvalPipelineLocal.java,test/org/apache/pig/test/TestEvalPipelineLocal.java.TestEvalPipelineLocal.testFlattenTwice.Feature Envy,0.12.1-rc0,0.17.0,0.17.0,12
pig,0.10.1-rc0,org.apache.pig.test,TestEvalPipelineLocal,testGroupByTuple,Feature Envy,"designitejava,checkstyle",test/org/apache/pig/test/TestEvalPipelineLocal.java,test/org/apache/pig/test/TestEvalPipelineLocal.java.TestEvalPipelineLocal.testGroupByTuple.Feature Envy,0.10.1-rc0,0.17.0,0.17.0,20
pig,0.2.0-rc0,org.apache.pig.test,TestEvalPipelineLocal,testIdentity,Feature Envy,"designitejava,checkstyle",test/org/apache/pig/test/TestEvalPipelineLocal.java,test/org/apache/pig/test/TestEvalPipelineLocal.java.TestEvalPipelineLocal.testIdentity.Feature Envy,0.2.0-rc0,0.17.0,0.17.0,40
pig,0.2.0-rc0,org.apache.pig.test,TestEvalPipelineLocal,testLimit,Feature Envy,"designitejava,checkstyle",test/org/apache/pig/test/TestEvalPipelineLocal.java,test/org/apache/pig/test/TestEvalPipelineLocal.java.TestEvalPipelineLocal.testLimit.Feature Envy,0.2.0-rc0,0.17.0,0.17.0,40
pig,0.2.0-rc0,org.apache.pig.test,TestEvalPipelineLocal,testLoadCtorArgs,Feature Envy,"designitejava,checkstyle",test/org/apache/pig/test/TestEvalPipelineLocal.java,test/org/apache/pig/test/TestEvalPipelineLocal.java.TestEvalPipelineLocal.testLoadCtorArgs.Feature Envy,0.2.0-rc0,0.17.0,0.17.0,40
pig,0.2.0-rc0,org.apache.pig.test,TestEvalPipelineLocal,testMapLookup,Feature Envy,"designitejava,checkstyle",test/org/apache/pig/test/TestEvalPipelineLocal.java,test/org/apache/pig/test/TestEvalPipelineLocal.java.TestEvalPipelineLocal.testMapLookup.Feature Envy,0.2.0-rc0,0.17.0,0.17.0,40
pig,0.2.0-rc0,org.apache.pig.test,TestEvalPipelineLocal,testMapUDF,Feature Envy,"designitejava,checkstyle",test/org/apache/pig/test/TestEvalPipelineLocal.java,test/org/apache/pig/test/TestEvalPipelineLocal.java.TestEvalPipelineLocal.testMapUDF.Feature Envy,0.2.0-rc0,0.17.0,0.17.0,40
pig,0.2.0-rc0,org.apache.pig.test,TestEvalPipelineLocal,testMapUDFFail,Feature Envy,"designitejava,checkstyle",test/org/apache/pig/test/TestEvalPipelineLocal.java,test/org/apache/pig/test/TestEvalPipelineLocal.java.TestEvalPipelineLocal.testMapUDFFail.Feature Envy,0.2.0-rc0,0.17.0,0.17.0,40
pig,0.17.0-rc0,org.apache.pig.test,TestEvalPipelineLocal,testNestedLimitedSort,Feature Envy,"designitejava,checkstyle",test/org/apache/pig/test/TestEvalPipelineLocal.java,test/org/apache/pig/test/TestEvalPipelineLocal.java.TestEvalPipelineLocal.testNestedLimitedSort.Feature Envy,0.17.0-rc0,0.17.0,0.17.0,2
pig,0.2.0-rc0,org.apache.pig.test,TestEvalPipelineLocal,testNestedPlan,Feature Envy,"designitejava,checkstyle",test/org/apache/pig/test/TestEvalPipelineLocal.java,test/org/apache/pig/test/TestEvalPipelineLocal.java.TestEvalPipelineLocal.testNestedPlan.Feature Envy,0.2.0-rc0,0.17.0,0.17.0,40
pig,0.2.0-rc0,org.apache.pig.test,TestEvalPipelineLocal,testNestedPlanForCloning,Feature Envy,"designitejava,checkstyle",test/org/apache/pig/test/TestEvalPipelineLocal.java,test/org/apache/pig/test/TestEvalPipelineLocal.java.TestEvalPipelineLocal.testNestedPlanForCloning.Feature Envy,0.2.0-rc0,0.17.0,0.17.0,40
pig,0.2.0-rc0,org.apache.pig.test,TestEvalPipelineLocal,testNestedPlanWithExpressionAssignment,Feature Envy,"designitejava,checkstyle",test/org/apache/pig/test/TestEvalPipelineLocal.java,test/org/apache/pig/test/TestEvalPipelineLocal.java.TestEvalPipelineLocal.testNestedPlanWithExpressionAssignment.Feature Envy,0.2.0-rc0,0.17.0,0.17.0,40
pig,0.2.0-rc0,org.apache.pig.test,TestEvalPipelineLocal,testProjectBag,Feature Envy,"designitejava,checkstyle",test/org/apache/pig/test/TestEvalPipelineLocal.java,test/org/apache/pig/test/TestEvalPipelineLocal.java.TestEvalPipelineLocal.testProjectBag.Feature Envy,0.2.0-rc0,0.17.0,0.17.0,40
pig,0.12.0-rc0,org.apache.pig.test,TestEvalPipelineLocal,testSelfCross,Feature Envy,"designitejava,checkstyle",test/org/apache/pig/test/TestEvalPipelineLocal.java,test/org/apache/pig/test/TestEvalPipelineLocal.java.TestEvalPipelineLocal.testSelfCross.Feature Envy,0.12.0-rc0,0.17.0,0.17.0,14
pig,0.10.1-rc0,org.apache.pig.test,TestEvalPipelineLocal,testSetLocationCalledInFE,Feature Envy,"designitejava,checkstyle",test/org/apache/pig/test/TestEvalPipelineLocal.java,test/org/apache/pig/test/TestEvalPipelineLocal.java.TestEvalPipelineLocal.testSetLocationCalledInFE.Feature Envy,0.10.1-rc0,0.17.0,0.17.0,20
pig,0.2.0-rc0,org.apache.pig.test,TestEvalPipelineLocal,testSortDistinct,Feature Envy,"designitejava,checkstyle",test/org/apache/pig/test/TestEvalPipelineLocal.java,test/org/apache/pig/test/TestEvalPipelineLocal.java.TestEvalPipelineLocal.testSortDistinct.Feature Envy,0.2.0-rc0,0.17.0,0.17.0,40
pig,0.2.0-rc0,org.apache.pig.test,TestFRJoin,testUDFFRJ,Feature Envy,"designitejava,checkstyle",test/org/apache/pig/test/TestFRJoin.java,test/org/apache/pig/test/TestFRJoin.java.TestFRJoin.testUDFFRJ.Feature Envy,0.2.0-rc0,0.17.0,0.17.0,40
pig,0.13.0-rc0,org.apache.pig.test,TestFetch,test7,Feature Envy,"designitejava,checkstyle",test/org/apache/pig/test/TestFetch.java,test/org/apache/pig/test/TestFetch.java.TestFetch.test7.Feature Envy,0.13.0-rc0,0.17.0,0.17.0,10
pig,0.2.0-rc0,org.apache.pig.test,TestFilter,testAndFilter,Complex Method,"designitejava,checkstyle",test/org/apache/pig/test/TestFilter.java,test/org/apache/pig/test/TestFilter.java.TestFilter.testAndFilter.Complex Method,0.2.0-rc0,0.17.0,0.17.0,40
pig,0.2.0-rc0,org.apache.pig.test,TestFilter,testSimpleFilter,Complex Method,"designitejava,checkstyle",test/org/apache/pig/test/TestFilter.java,test/org/apache/pig/test/TestFilter.java.TestFilter.testSimpleFilter.Complex Method,0.2.0-rc0,0.17.0,0.17.0,40
pig,0.8.0,org.apache.pig.test,TestFilterSimplification,comboRunner3,Long Parameter List,"designitejava,checkstyle",test/org/apache/pig/test/TestFilterSimplification.java,test/org/apache/pig/test/TestFilterSimplification.java.TestFilterSimplification.comboRunner3.Long Parameter List,0.8.0,0.13.0,0.14.0-rc0,23
pig,0.17.0-rc0,org.apache.pig.test,TestFlatten,testTwoBagFlatten,Feature Envy,"designitejava,checkstyle",test/org/apache/pig/test/TestFlatten.java,test/org/apache/pig/test/TestFlatten.java.TestFlatten.testTwoBagFlatten.Feature Envy,0.17.0-rc0,0.17.0,0.17.0,2
pig,0.17.0-rc0,org.apache.pig.test,TestFlatten,testTwoMapFlatten,Feature Envy,"designitejava,checkstyle",test/org/apache/pig/test/TestFlatten.java,test/org/apache/pig/test/TestFlatten.java.TestFlatten.testTwoMapFlatten.Feature Envy,0.17.0-rc0,0.17.0,0.17.0,2
pig,0.7.0,org.apache.pig.test,TestForEachNestedPlan,testInnerOrderByStarWithSchema,Feature Envy,"designitejava,checkstyle",test/org/apache/pig/test/TestForEachNestedPlan.java,test/org/apache/pig/test/TestForEachNestedPlan.java.TestForEachNestedPlan.testInnerOrderByStarWithSchema.Feature Envy,0.7.0,0.17.0,0.17.0,32
pig,0.8.0,org.apache.pig.test,TestForEachNestedPlan,testMultiColInAlias,Feature Envy,"designitejava,checkstyle",test/org/apache/pig/test/TestForEachNestedPlan.java,test/org/apache/pig/test/TestForEachNestedPlan.java.TestForEachNestedPlan.testMultiColInAlias.Feature Envy,0.8.0,0.17.0,0.17.0,31
pig,0.10.0-rc0,org.apache.pig.test,TestForEachNestedPlanLocal,testNestedCrossThreeRelations,Feature Envy,"designitejava,checkstyle",test/org/apache/pig/test/TestForEachNestedPlanLocal.java,test/org/apache/pig/test/TestForEachNestedPlanLocal.java.TestForEachNestedPlanLocal.testNestedCrossThreeRelations.Feature Envy,0.10.0-rc0,0.17.0,0.17.0,22
pig,0.10.0-rc0,org.apache.pig.test,TestForEachNestedPlanLocal,testNestedCrossTwoRelations,Feature Envy,"designitejava,checkstyle",test/org/apache/pig/test/TestForEachNestedPlanLocal.java,test/org/apache/pig/test/TestForEachNestedPlanLocal.java.TestForEachNestedPlanLocal.testNestedCrossTwoRelations.Feature Envy,0.10.0-rc0,0.17.0,0.17.0,22
pig,0.10.0-rc0,org.apache.pig.test,TestForEachNestedPlanLocal,testNestedCrossTwoRelationsComplex,Feature Envy,"designitejava,checkstyle",test/org/apache/pig/test/TestForEachNestedPlanLocal.java,test/org/apache/pig/test/TestForEachNestedPlanLocal.java.TestForEachNestedPlanLocal.testNestedCrossTwoRelationsComplex.Feature Envy,0.10.0-rc0,0.17.0,0.17.0,22
pig,0.17.0-rc0,org.apache.pig.test,TestForEachNestedPlanLocal,testNestedCrossTwoRelationsLimit,Feature Envy,"designitejava,checkstyle",test/org/apache/pig/test/TestForEachNestedPlanLocal.java,test/org/apache/pig/test/TestForEachNestedPlanLocal.java.TestForEachNestedPlanLocal.testNestedCrossTwoRelationsLimit.Feature Envy,0.17.0-rc0,0.17.0,0.17.0,2
pig,0.2.0-rc0,org.apache.pig.test,TestImplicitSplit,testImplicitSplit,Feature Envy,"designitejava,checkstyle",test/org/apache/pig/test/TestImplicitSplit.java,test/org/apache/pig/test/TestImplicitSplit.java.TestImplicitSplit.testImplicitSplit.Feature Envy,0.2.0-rc0,0.17.0,0.17.0,40
pig,0.2.0-rc0,org.apache.pig.test,TestImplicitSplit,testImplicitSplitInCoGroup,Feature Envy,"designitejava,checkstyle",test/org/apache/pig/test/TestImplicitSplit.java,test/org/apache/pig/test/TestImplicitSplit.java.TestImplicitSplit.testImplicitSplitInCoGroup.Feature Envy,0.2.0-rc0,0.17.0,0.17.0,40
pig,0.6.0-rc0,org.apache.pig.test,TestJobSubmission,testDefaultParallelInSkewJoin,Feature Envy,"designitejava,checkstyle",test/org/apache/pig/test/TestJobSubmission.java,test/org/apache/pig/test/TestJobSubmission.java.TestJobSubmission.testDefaultParallelInSkewJoin.Feature Envy,0.6.0-rc0,0.8.1,0.9.0-rc0,6
pig,0.6.0-rc0,org.apache.pig.test,TestJobSubmission,testDefaultParallelInSort,Feature Envy,"designitejava,checkstyle",test/org/apache/pig/test/TestJobSubmission.java,test/org/apache/pig/test/TestJobSubmission.java.TestJobSubmission.testDefaultParallelInSort.Feature Envy,0.6.0-rc0,0.8.1,0.9.0-rc0,6
pig,0.11.0-rc0,org.apache.pig.test,TestJoin,testIndirectSelfJoinRealias,Feature Envy,"designitejava,checkstyle",test/org/apache/pig/test/TestJoin.java,test/org/apache/pig/test/TestJoin.java.TestJoin.testIndirectSelfJoinRealias.Feature Envy,0.11.0-rc0,0.14.0,0.15.0-rc0,12
pig,0.10.1-rc0,org.apache.pig.test,TestJsonLoaderStorage,testJsonLoaderStorage1,Feature Envy,"designitejava,checkstyle",test/org/apache/pig/test/TestJsonLoaderStorage.java,test/org/apache/pig/test/TestJsonLoaderStorage.java.TestJsonLoaderStorage.testJsonLoaderStorage1.Feature Envy,0.10.1-rc0,0.11.1,0.12.0-rc0,6
pig,0.10.1-rc0,org.apache.pig.test,TestJsonLoaderStorage,testJsonLoaderStorage2,Feature Envy,"designitejava,checkstyle",test/org/apache/pig/test/TestJsonLoaderStorage.java,test/org/apache/pig/test/TestJsonLoaderStorage.java.TestJsonLoaderStorage.testJsonLoaderStorage2.Feature Envy,0.10.1-rc0,0.11.1,0.12.0-rc0,6
pig,0.10.0-rc0,org.apache.pig.test,TestJsonLoaderStorage,testJsonStorage2,Feature Envy,"designitejava,checkstyle",test/org/apache/pig/test/TestJsonLoaderStorage.java,test/org/apache/pig/test/TestJsonLoaderStorage.java.TestJsonLoaderStorage.testJsonStorage2.Feature Envy,0.10.0-rc0,0.10.0,0.10.1-rc0,2
pig,0.9.0-rc0,org.apache.pig.test,TestLOLoadDeterminedSchema,testDeterminedSchema,Feature Envy,"designitejava,checkstyle",test/org/apache/pig/test/TestLOLoadDeterminedSchema.java,test/org/apache/pig/test/TestLOLoadDeterminedSchema.java.TestLOLoadDeterminedSchema.testDeterminedSchema.Feature Envy,0.9.0-rc0,0.17.0,0.17.0,28
pig,0.10.0-rc0,org.apache.pig.test,TestLimitSchemaStore,testLimitStoreSchema1,Feature Envy,"designitejava,checkstyle",test/org/apache/pig/test/TestLimitSchemaStore.java,test/org/apache/pig/test/TestLimitSchemaStore.java.TestLimitSchemaStore.testLimitStoreSchema1.Feature Envy,0.10.0-rc0,0.17.0,0.17.0,22
pig,0.17.0-rc0,org.apache.pig.test,TestLineageFindRelVisitor,testIdenticalColumnUDFForwardingLoadCaster,Feature Envy,"designitejava,checkstyle",test/org/apache/pig/test/TestLineageFindRelVisitor.java,test/org/apache/pig/test/TestLineageFindRelVisitor.java.TestLineageFindRelVisitor.testIdenticalColumnUDFForwardingLoadCaster.Feature Envy,0.17.0-rc0,0.17.0,0.17.0,2
pig,0.17.0-rc0,org.apache.pig.test,TestLineageFindRelVisitor,testNegativeUDFForwardingLoadCasterWithMultipleParams,Feature Envy,"designitejava,checkstyle",test/org/apache/pig/test/TestLineageFindRelVisitor.java,test/org/apache/pig/test/TestLineageFindRelVisitor.java.TestLineageFindRelVisitor.testNegativeUDFForwardingLoadCasterWithMultipleParams.Feature Envy,0.17.0-rc0,0.17.0,0.17.0,2
pig,0.17.0-rc0,org.apache.pig.test,TestLineageFindRelVisitor,testUDFForwardingLoadCaster,Feature Envy,"designitejava,checkstyle",test/org/apache/pig/test/TestLineageFindRelVisitor.java,test/org/apache/pig/test/TestLineageFindRelVisitor.java.TestLineageFindRelVisitor.testUDFForwardingLoadCaster.Feature Envy,0.17.0-rc0,0.17.0,0.17.0,2
pig,0.17.0-rc0,org.apache.pig.test,TestLineageFindRelVisitor,testUDFForwardingLoadCasterWithMultipleParams,Feature Envy,"designitejava,checkstyle",test/org/apache/pig/test/TestLineageFindRelVisitor.java,test/org/apache/pig/test/TestLineageFindRelVisitor.java.TestLineageFindRelVisitor.testUDFForwardingLoadCasterWithMultipleParams.Feature Envy,0.17.0-rc0,0.17.0,0.17.0,2
pig,0.17.0-rc0,org.apache.pig.test,TestLineageFindRelVisitor,testUDFgetLoadCaster,Feature Envy,"designitejava,checkstyle",test/org/apache/pig/test/TestLineageFindRelVisitor.java,test/org/apache/pig/test/TestLineageFindRelVisitor.java.TestLineageFindRelVisitor.testUDFgetLoadCaster.Feature Envy,0.17.0-rc0,0.17.0,0.17.0,2
pig,0.7.0,org.apache.pig.test,TestLocal,bigGroupAll,Feature Envy,"designitejava,checkstyle",test/org/apache/pig/test/TestLocal.java,test/org/apache/pig/test/TestLocal.java.TestLocal.bigGroupAll.Feature Envy,0.7.0,0.17.0,0.17.0,32
pig,0.2.0-rc0,org.apache.pig.test,TestLocal,definedFunctions,Feature Envy,"designitejava,checkstyle",test/org/apache/pig/test/TestLocal.java,test/org/apache/pig/test/TestLocal.java.TestLocal.definedFunctions.Feature Envy,0.2.0-rc0,0.17.0,0.17.0,40
pig,0.2.0-rc0,org.apache.pig.test,TestLocal,storeFunction,Feature Envy,"designitejava,checkstyle",test/org/apache/pig/test/TestLocal.java,test/org/apache/pig/test/TestLocal.java.TestLocal.storeFunction.Feature Envy,0.2.0-rc0,0.17.0,0.17.0,40
pig,0.2.0-rc0,org.apache.pig.test,TestLocal,testDefinedFunctions,Feature Envy,"designitejava,checkstyle",test/org/apache/pig/test/TestLocal.java,test/org/apache/pig/test/TestLocal.java.TestLocal.testDefinedFunctions.Feature Envy,0.2.0-rc0,0.17.0,0.17.0,40
pig,0.7.0,org.apache.pig.test,TestLocal,testQualifiedFunctions,Feature Envy,"designitejava,checkstyle",test/org/apache/pig/test/TestLocal.java,test/org/apache/pig/test/TestLocal.java.TestLocal.testQualifiedFunctions.Feature Envy,0.7.0,0.17.0,0.17.0,32
pig,0.7.0,org.apache.pig.test,TestLocal,testQualifiedFunctionsWithNulls,Feature Envy,"designitejava,checkstyle",test/org/apache/pig/test/TestLocal.java,test/org/apache/pig/test/TestLocal.java.TestLocal.testQualifiedFunctionsWithNulls.Feature Envy,0.7.0,0.17.0,0.17.0,32
pig,0.2.0-rc0,org.apache.pig.test,TestLocal,testStoreFunction,Feature Envy,"designitejava,checkstyle",test/org/apache/pig/test/TestLocal.java,test/org/apache/pig/test/TestLocal.java.TestLocal.testStoreFunction.Feature Envy,0.2.0-rc0,0.17.0,0.17.0,40
pig,0.4.0-rc0,org.apache.pig.test,TestLocal2,testJoin1,Feature Envy,"designitejava,checkstyle",test/org/apache/pig/test/TestLocal2.java,test/org/apache/pig/test/TestLocal2.java.TestLocal2.testJoin1.Feature Envy,0.4.0-rc0,0.17.0,0.17.0,37
pig,0.8.0,org.apache.pig.test,TestLocal2,testOperatorLocal,Feature Envy,"designitejava,checkstyle",test/org/apache/pig/test/TestLocal2.java,test/org/apache/pig/test/TestLocal2.java.TestLocal2.testOperatorLocal.Feature Envy,0.8.0,0.17.0,0.17.0,31
pig,0.3.0,org.apache.pig.test,TestLocal2,testPig800Distinct,Feature Envy,"designitejava,checkstyle",test/org/apache/pig/test/TestLocal2.java,test/org/apache/pig/test/TestLocal2.java.TestLocal2.testPig800Distinct.Feature Envy,0.3.0,0.17.0,0.17.0,38
pig,0.3.0,org.apache.pig.test,TestLocal2,testPig800Sort,Feature Envy,"designitejava,checkstyle",test/org/apache/pig/test/TestLocal2.java,test/org/apache/pig/test/TestLocal2.java.TestLocal2.testPig800Sort.Feature Envy,0.3.0,0.17.0,0.17.0,38
pig,0.12.0-rc0,org.apache.pig.test,TestLogicalPlanBuilder,testLogicalPlanData,Feature Envy,"designitejava,checkstyle",test/org/apache/pig/test/TestLogicalPlanBuilder.java,test/org/apache/pig/test/TestLogicalPlanBuilder.java.TestLogicalPlanBuilder.testLogicalPlanData.Feature Envy,0.12.0-rc0,0.17.0,0.17.0,14
pig,0.9.0-rc0,pig.pig-release-0.9.0-rc0.test.org.apache.pig.test,TestMacroExpansion,,God Class,"pmd,checkstyle",test/org/apache/pig/test/TestMacroExpansion.java,test/org/apache/pig/test/TestMacroExpansion.java.TestMacroExpansion..God Class,0.9.0-rc0,0.17.0,0.17.0,28
pig,0.11.1-rc0,org.apache.pig.test,TestMapProjectionDuplicate,testDuplicate,Feature Envy,"designitejava,checkstyle",test/org/apache/pig/test/TestMapProjectionDuplicate.java,test/org/apache/pig/test/TestMapProjectionDuplicate.java.TestMapProjectionDuplicate.testDuplicate.Feature Envy,0.11.1-rc0,0.17.0,0.17.0,16
pig,0.7.0,org.apache.pig.test,TestMapReduce,bigGroupAll,Feature Envy,"designitejava,checkstyle",test/org/apache/pig/test/TestMapReduce.java,test/org/apache/pig/test/TestMapReduce.java.TestMapReduce.bigGroupAll.Feature Envy,0.7.0,0.17.0,0.17.0,32
pig,0.2.0-rc0,org.apache.pig.test,TestMapReduce,definedFunctions,Feature Envy,"designitejava,checkstyle",test/org/apache/pig/test/TestMapReduce.java,test/org/apache/pig/test/TestMapReduce.java.TestMapReduce.definedFunctions.Feature Envy,0.2.0-rc0,0.17.0,0.17.0,40
pig,0.2.0-rc0,org.apache.pig.test,TestMapReduce,storeFunction,Feature Envy,"designitejava,checkstyle",test/org/apache/pig/test/TestMapReduce.java,test/org/apache/pig/test/TestMapReduce.java.TestMapReduce.storeFunction.Feature Envy,0.2.0-rc0,0.17.0,0.17.0,40
pig,0.1.0,org.apache.pig.test,TestMapReduce,testDefinedFunctions,Feature Envy,"designitejava,checkstyle",test/org/apache/pig/test/TestMapReduce.java,test/org/apache/pig/test/TestMapReduce.java.TestMapReduce.testDefinedFunctions.Feature Envy,0.1.0,0.17.0,0.17.0,43
pig,0.7.0,org.apache.pig.test,TestMapReduce,testQualifiedFunctions,Feature Envy,"designitejava,checkstyle",test/org/apache/pig/test/TestMapReduce.java,test/org/apache/pig/test/TestMapReduce.java.TestMapReduce.testQualifiedFunctions.Feature Envy,0.7.0,0.17.0,0.17.0,32
pig,0.7.0,org.apache.pig.test,TestMapReduce,testQualifiedFunctionsWithNulls,Feature Envy,"designitejava,checkstyle",test/org/apache/pig/test/TestMapReduce.java,test/org/apache/pig/test/TestMapReduce.java.TestMapReduce.testQualifiedFunctionsWithNulls.Feature Envy,0.7.0,0.17.0,0.17.0,32
pig,0.1.0,org.apache.pig.test,TestMapReduce,testStoreFunction,Feature Envy,"designitejava,checkstyle",test/org/apache/pig/test/TestMapReduce.java,test/org/apache/pig/test/TestMapReduce.java.TestMapReduce.testStoreFunction.Feature Envy,0.1.0,0.17.0,0.17.0,43
pig,0.6.0-rc0,org.apache.pig.test,TestMergeJoin,testExpressionFail,Feature Envy,"designitejava,checkstyle",test/org/apache/pig/test/TestMergeJoin.java,test/org/apache/pig/test/TestMergeJoin.java.TestMergeJoin.testExpressionFail.Feature Envy,0.6.0-rc0,0.17.0,0.17.0,34
pig,0.2.0-rc0,org.apache.pig.test,TestMod,testOperator,Complex Method,"designitejava,checkstyle",test/org/apache/pig/test/TestMod.java,test/org/apache/pig/test/TestMod.java.TestMod.testOperator.Complex Method,0.2.0-rc0,0.17.0,0.17.0,40
pig,0.3.0,pig.pig-release-0.3.0.test.org.apache.pig.test,TestMultiQuery,,God Class,"pmd,checkstyle",test/org/apache/pig/test/TestMultiQuery.java,test/org/apache/pig/test/TestMultiQuery.java.TestMultiQuery..God Class,0.3.0,0.17.0,0.17.0,38
pig,0.6.0-rc0,org.apache.pig.test,TestMultiQuery,testMultiQueryJiraPig1060_2,Feature Envy,"designitejava,checkstyle",test/org/apache/pig/test/TestMultiQuery.java,test/org/apache/pig/test/TestMultiQuery.java.TestMultiQuery.testMultiQueryJiraPig1060_2.Feature Envy,0.6.0-rc0,0.9.2,0.10.0-rc0,12
pig,0.7.0,org.apache.pig.test,TestMultiQuery,testMultiQueryJiraPig1068,Feature Envy,"designitejava,checkstyle",test/org/apache/pig/test/TestMultiQuery.java,test/org/apache/pig/test/TestMultiQuery.java.TestMultiQuery.testMultiQueryJiraPig1068.Feature Envy,0.7.0,0.17.0,0.17.0,32
pig,0.6.0-rc0,org.apache.pig.test,TestMultiQuery,testMultiQueryJiraPig1108,Feature Envy,"designitejava,checkstyle",test/org/apache/pig/test/TestMultiQuery.java,test/org/apache/pig/test/TestMultiQuery.java.TestMultiQuery.testMultiQueryJiraPig1108.Feature Envy,0.6.0-rc0,0.17.0,0.17.0,34
pig,0.6.0-rc0,org.apache.pig.test,TestMultiQuery,testMultiQueryJiraPig1113,Feature Envy,"designitejava,checkstyle",test/org/apache/pig/test/TestMultiQuery.java,test/org/apache/pig/test/TestMultiQuery.java.TestMultiQuery.testMultiQueryJiraPig1113.Feature Envy,0.6.0-rc0,0.9.2,0.10.0-rc0,12
pig,0.6.0-rc0,org.apache.pig.test,TestMultiQuery,testMultiQueryJiraPig1114,Feature Envy,"designitejava,checkstyle",test/org/apache/pig/test/TestMultiQuery.java,test/org/apache/pig/test/TestMultiQuery.java.TestMultiQuery.testMultiQueryJiraPig1114.Feature Envy,0.6.0-rc0,0.17.0,0.17.0,34
pig,0.7.0,org.apache.pig.test,TestMultiQuery,testMultiQueryJiraPig1157,Feature Envy,"designitejava,checkstyle",test/org/apache/pig/test/TestMultiQuery.java,test/org/apache/pig/test/TestMultiQuery.java.TestMultiQuery.testMultiQueryJiraPig1157.Feature Envy,0.7.0,0.17.0,0.17.0,32
pig,0.7.0,org.apache.pig.test,TestMultiQuery,testMultiQueryJiraPig1169,Feature Envy,"designitejava,checkstyle",test/org/apache/pig/test/TestMultiQuery.java,test/org/apache/pig/test/TestMultiQuery.java.TestMultiQuery.testMultiQueryJiraPig1169.Feature Envy,0.7.0,0.17.0,0.17.0,32
pig,0.7.0,org.apache.pig.test,TestMultiQuery,testMultiQueryJiraPig1171,Feature Envy,"designitejava,checkstyle",test/org/apache/pig/test/TestMultiQuery.java,test/org/apache/pig/test/TestMultiQuery.java.TestMultiQuery.testMultiQueryJiraPig1171.Feature Envy,0.7.0,0.17.0,0.17.0,32
pig,0.7.0,org.apache.pig.test,TestMultiQuery,testMultiQueryJiraPig1252,Feature Envy,"designitejava,checkstyle",test/org/apache/pig/test/TestMultiQuery.java,test/org/apache/pig/test/TestMultiQuery.java.TestMultiQuery.testMultiQueryJiraPig1252.Feature Envy,0.7.0,0.17.0,0.17.0,32
pig,0.8.0,org.apache.pig.test,TestMultiQuery,testMultiQueryJiraPig1438,Feature Envy,"designitejava,checkstyle",test/org/apache/pig/test/TestMultiQuery.java,test/org/apache/pig/test/TestMultiQuery.java.TestMultiQuery.testMultiQueryJiraPig1438.Feature Envy,0.8.0,0.17.0,0.17.0,31
pig,0.13.0-rc0,org.apache.pig.test,TestMultiQuery,testMultiQueryJiraPig3902,Feature Envy,"designitejava,checkstyle",test/org/apache/pig/test/TestMultiQuery.java,test/org/apache/pig/test/TestMultiQuery.java.TestMultiQuery.testMultiQueryJiraPig3902.Feature Envy,0.13.0-rc0,0.17.0,0.17.0,10
pig,0.14.0-rc0,org.apache.pig.test,TestMultiQuery,testMultiQueryJiraPig4170,Feature Envy,"designitejava,checkstyle",test/org/apache/pig/test/TestMultiQuery.java,test/org/apache/pig/test/TestMultiQuery.java.TestMultiQuery.testMultiQueryJiraPig4170.Feature Envy,0.14.0-rc0,0.17.0,0.17.0,8
pig,0.15.0-rc0,org.apache.pig.test,TestMultiQuery,testMultiQueryJiraPig4480,Feature Envy,"designitejava,checkstyle",test/org/apache/pig/test/TestMultiQuery.java,test/org/apache/pig/test/TestMultiQuery.java.TestMultiQuery.testMultiQueryJiraPig4480.Feature Envy,0.15.0-rc0,0.17.0,0.17.0,6
pig,0.15.0-rc0,org.apache.pig.test,TestMultiQuery,testMultiQueryJiraPig4493,Feature Envy,"designitejava,checkstyle",test/org/apache/pig/test/TestMultiQuery.java,test/org/apache/pig/test/TestMultiQuery.java.TestMultiQuery.testMultiQueryJiraPig4493.Feature Envy,0.15.0-rc0,0.17.0,0.17.0,6
pig,0.16.0-rc0,org.apache.pig.test,TestMultiQuery,testMultiQueryJiraPig4883,Feature Envy,"designitejava,checkstyle",test/org/apache/pig/test/TestMultiQuery.java,test/org/apache/pig/test/TestMultiQuery.java.TestMultiQuery.testMultiQueryJiraPig4883.Feature Envy,0.16.0-rc0,0.17.0,0.17.0,4
pig,0.17.0-rc0,org.apache.pig.test,TestMultiQuery,testMultiQueryJiraPig4899,Feature Envy,"designitejava,checkstyle",test/org/apache/pig/test/TestMultiQuery.java,test/org/apache/pig/test/TestMultiQuery.java.TestMultiQuery.testMultiQueryJiraPig4899.Feature Envy,0.17.0-rc0,0.17.0,0.17.0,2
pig,0.6.0-rc0,org.apache.pig.test,TestMultiQuery,testMultiQueryJiraPig920_2,Feature Envy,"designitejava,checkstyle",test/org/apache/pig/test/TestMultiQuery.java,test/org/apache/pig/test/TestMultiQuery.java.TestMultiQuery.testMultiQueryJiraPig920_2.Feature Envy,0.6.0-rc0,0.9.2,0.10.0-rc0,12
pig,0.6.0-rc0,org.apache.pig.test,TestMultiQuery,testMultiQueryJiraPig920_3,Feature Envy,"designitejava,checkstyle",test/org/apache/pig/test/TestMultiQuery.java,test/org/apache/pig/test/TestMultiQuery.java.TestMultiQuery.testMultiQueryJiraPig920_3.Feature Envy,0.6.0-rc0,0.9.2,0.10.0-rc0,12
pig,0.6.0-rc0,org.apache.pig.test,TestMultiQuery,testMultiQueryJiraPig976,Feature Envy,"designitejava,checkstyle",test/org/apache/pig/test/TestMultiQuery.java,test/org/apache/pig/test/TestMultiQuery.java.TestMultiQuery.testMultiQueryJiraPig976.Feature Envy,0.6.0-rc0,0.9.2,0.10.0-rc0,12
pig,0.6.0-rc0,org.apache.pig.test,TestMultiQuery,testMultiQueryJiraPig976_2,Feature Envy,"designitejava,checkstyle",test/org/apache/pig/test/TestMultiQuery.java,test/org/apache/pig/test/TestMultiQuery.java.TestMultiQuery.testMultiQueryJiraPig976_2.Feature Envy,0.6.0-rc0,0.9.2,0.10.0-rc0,12
pig,0.6.0-rc0,org.apache.pig.test,TestMultiQuery,testMultiQueryJiraPig976_3,Feature Envy,"designitejava,checkstyle",test/org/apache/pig/test/TestMultiQuery.java,test/org/apache/pig/test/TestMultiQuery.java.TestMultiQuery.testMultiQueryJiraPig976_3.Feature Envy,0.6.0-rc0,0.9.2,0.10.0-rc0,12
pig,0.6.0-rc0,org.apache.pig.test,TestMultiQuery,testMultiQueryJiraPig976_4,Feature Envy,"designitejava,checkstyle",test/org/apache/pig/test/TestMultiQuery.java,test/org/apache/pig/test/TestMultiQuery.java.TestMultiQuery.testMultiQueryJiraPig976_4.Feature Envy,0.6.0-rc0,0.9.2,0.10.0-rc0,12
pig,0.6.0-rc0,org.apache.pig.test,TestMultiQuery,testMultiQueryJiraPig976_5,Feature Envy,"designitejava,checkstyle",test/org/apache/pig/test/TestMultiQuery.java,test/org/apache/pig/test/TestMultiQuery.java.TestMultiQuery.testMultiQueryJiraPig976_5.Feature Envy,0.6.0-rc0,0.9.2,0.10.0-rc0,12
pig,0.6.0-rc0,org.apache.pig.test,TestMultiQuery,testMultiQueryJiraPig976_6,Feature Envy,"designitejava,checkstyle",test/org/apache/pig/test/TestMultiQuery.java,test/org/apache/pig/test/TestMultiQuery.java.TestMultiQuery.testMultiQueryJiraPig976_6.Feature Envy,0.6.0-rc0,0.17.0,0.17.0,34
pig,0.6.0-rc0,org.apache.pig.test,TestMultiQuery,testMultiQueryJiraPig983_2,Feature Envy,"designitejava,checkstyle",test/org/apache/pig/test/TestMultiQuery.java,test/org/apache/pig/test/TestMultiQuery.java.TestMultiQuery.testMultiQueryJiraPig983_2.Feature Envy,0.6.0-rc0,0.17.0,0.17.0,34
pig,0.3.0,org.apache.pig.test,TestMultiQuery,testMultiQueryPhase3BaseCase2,Feature Envy,"designitejava,checkstyle",test/org/apache/pig/test/TestMultiQuery.java,test/org/apache/pig/test/TestMultiQuery.java.TestMultiQuery.testMultiQueryPhase3BaseCase2.Feature Envy,0.3.0,0.7.0,0.8.0,7
pig,0.3.0,org.apache.pig.test,TestMultiQuery,testMultiQueryPhase3StreamingInReducer2,Feature Envy,"designitejava,checkstyle",test/org/apache/pig/test/TestMultiQuery.java,test/org/apache/pig/test/TestMultiQuery.java.TestMultiQuery.testMultiQueryPhase3StreamingInReducer2.Feature Envy,0.3.0,0.7.0,0.8.0,7
pig,0.3.0,org.apache.pig.test,TestMultiQuery,testMultiQueryPhase3WithDifferentMapDataTypes2,Feature Envy,"designitejava,checkstyle",test/org/apache/pig/test/TestMultiQuery.java,test/org/apache/pig/test/TestMultiQuery.java.TestMultiQuery.testMultiQueryPhase3WithDifferentMapDataTypes2.Feature Envy,0.3.0,0.7.0,0.8.0,7
pig,0.3.0,org.apache.pig.test,TestMultiQuery,testMultiQueryPhase3WithDifferentMapDataTypes3,Feature Envy,"designitejava,checkstyle",test/org/apache/pig/test/TestMultiQuery.java,test/org/apache/pig/test/TestMultiQuery.java.TestMultiQuery.testMultiQueryPhase3WithDifferentMapDataTypes3.Feature Envy,0.3.0,0.7.0,0.8.0,7
pig,0.3.0,org.apache.pig.test,TestMultiQuery,testMultiQueryPhase3WithMixedCombiner2,Feature Envy,"designitejava,checkstyle",test/org/apache/pig/test/TestMultiQuery.java,test/org/apache/pig/test/TestMultiQuery.java.TestMultiQuery.testMultiQueryPhase3WithMixedCombiner2.Feature Envy,0.3.0,0.7.0,0.8.0,7
pig,0.3.0,org.apache.pig.test,TestMultiQuery,testMultiQueryPhase3WithoutCombiner2,Feature Envy,"designitejava,checkstyle",test/org/apache/pig/test/TestMultiQuery.java,test/org/apache/pig/test/TestMultiQuery.java.TestMultiQuery.testMultiQueryPhase3WithoutCombiner2.Feature Envy,0.3.0,0.7.0,0.8.0,7
pig,0.3.0,org.apache.pig.test,TestMultiQuery,testMultiQueryWithCoGroup_2,Feature Envy,"designitejava,checkstyle",test/org/apache/pig/test/TestMultiQuery.java,test/org/apache/pig/test/TestMultiQuery.java.TestMultiQuery.testMultiQueryWithCoGroup_2.Feature Envy,0.3.0,0.7.0,0.8.0,7
pig,0.3.0,org.apache.pig.test,TestMultiQuery,testMultiQueryWithFJ_2,Feature Envy,"designitejava,checkstyle",test/org/apache/pig/test/TestMultiQuery.java,test/org/apache/pig/test/TestMultiQuery.java.TestMultiQuery.testMultiQueryWithFJ_2.Feature Envy,0.3.0,0.7.0,0.8.0,7
pig,0.3.0,org.apache.pig.test,TestMultiQuery,testMultiQueryWithIntermediateStores_2,Feature Envy,"designitejava,checkstyle",test/org/apache/pig/test/TestMultiQuery.java,test/org/apache/pig/test/TestMultiQuery.java.TestMultiQuery.testMultiQueryWithIntermediateStores_2.Feature Envy,0.3.0,0.7.0,0.8.0,7
pig,0.3.0,org.apache.pig.test,TestMultiQuery,testMultiQueryWithNoStore2,Feature Envy,"designitejava,checkstyle",test/org/apache/pig/test/TestMultiQuery.java,test/org/apache/pig/test/TestMultiQuery.java.TestMultiQuery.testMultiQueryWithNoStore2.Feature Envy,0.3.0,0.7.0,0.8.0,7
pig,0.3.0,org.apache.pig.test,TestMultiQuery,testMultiQueryWithPigMixL12_2,Feature Envy,"designitejava,checkstyle",test/org/apache/pig/test/TestMultiQuery.java,test/org/apache/pig/test/TestMultiQuery.java.TestMultiQuery.testMultiQueryWithPigMixL12_2.Feature Envy,0.3.0,0.7.0,0.8.0,7
pig,0.3.0,org.apache.pig.test,TestMultiQuery,testMultiQueryWithThreeStores2,Feature Envy,"designitejava,checkstyle",test/org/apache/pig/test/TestMultiQuery.java,test/org/apache/pig/test/TestMultiQuery.java.TestMultiQuery.testMultiQueryWithThreeStores2.Feature Envy,0.3.0,0.7.0,0.8.0,7
pig,0.3.0,org.apache.pig.test,TestMultiQuery,testMultiQueryWithTwoLoads2,Feature Envy,"designitejava,checkstyle",test/org/apache/pig/test/TestMultiQuery.java,test/org/apache/pig/test/TestMultiQuery.java.TestMultiQuery.testMultiQueryWithTwoLoads2.Feature Envy,0.3.0,0.7.0,0.8.0,7
pig,0.3.0,org.apache.pig.test,TestMultiQuery,testMultiQueryWithTwoStores2,Feature Envy,"designitejava,checkstyle",test/org/apache/pig/test/TestMultiQuery.java,test/org/apache/pig/test/TestMultiQuery.java.TestMultiQuery.testMultiQueryWithTwoStores2.Feature Envy,0.3.0,0.7.0,0.8.0,7
pig,0.3.0,org.apache.pig.test,TestMultiQuery,testMultiQueryWithTwoStores2Execs,Feature Envy,"designitejava,checkstyle",test/org/apache/pig/test/TestMultiQuery.java,test/org/apache/pig/test/TestMultiQuery.java.TestMultiQuery.testMultiQueryWithTwoStores2Execs.Feature Envy,0.3.0,0.7.0,0.8.0,7
pig,0.3.0,org.apache.pig.test,TestMultiQuery,testStoreOrder,Feature Envy,"designitejava,checkstyle",test/org/apache/pig/test/TestMultiQuery.java,test/org/apache/pig/test/TestMultiQuery.java.TestMultiQuery.testStoreOrder.Feature Envy,0.3.0,0.7.0,0.8.0,7
pig,0.3.0,org.apache.pig.test,TestMultiQuery,testUnnecessaryStoreRemoval,Feature Envy,"designitejava,checkstyle",test/org/apache/pig/test/TestMultiQuery.java,test/org/apache/pig/test/TestMultiQuery.java.TestMultiQuery.testUnnecessaryStoreRemoval.Feature Envy,0.3.0,0.7.0,0.8.0,7
pig,0.3.0,org.apache.pig.test,TestMultiQuery,testUnnecessaryStoreRemovalCollapseSplit,Feature Envy,"designitejava,checkstyle",test/org/apache/pig/test/TestMultiQuery.java,test/org/apache/pig/test/TestMultiQuery.java.TestMultiQuery.testUnnecessaryStoreRemovalCollapseSplit.Feature Envy,0.3.0,0.7.0,0.8.0,7
pig,0.8.0,org.apache.pig.test,TestMultiQueryBasic,testMultiQueryPhase3BaseCase2,Feature Envy,"designitejava,checkstyle",test/org/apache/pig/test/TestMultiQueryBasic.java,test/org/apache/pig/test/TestMultiQueryBasic.java.TestMultiQueryBasic.testMultiQueryPhase3BaseCase2.Feature Envy,0.8.0,0.17.0,0.17.0,31
pig,0.8.0,org.apache.pig.test,TestMultiQueryBasic,testMultiQueryPhase3StreamingInReducer2,Feature Envy,"designitejava,checkstyle",test/org/apache/pig/test/TestMultiQueryBasic.java,test/org/apache/pig/test/TestMultiQueryBasic.java.TestMultiQueryBasic.testMultiQueryPhase3StreamingInReducer2.Feature Envy,0.8.0,0.17.0,0.17.0,31
pig,0.8.0,org.apache.pig.test,TestMultiQueryBasic,testMultiQueryPhase3WithDifferentMapDataTypes2,Feature Envy,"designitejava,checkstyle",test/org/apache/pig/test/TestMultiQueryBasic.java,test/org/apache/pig/test/TestMultiQueryBasic.java.TestMultiQueryBasic.testMultiQueryPhase3WithDifferentMapDataTypes2.Feature Envy,0.8.0,0.17.0,0.17.0,31
pig,0.8.0,org.apache.pig.test,TestMultiQueryBasic,testMultiQueryPhase3WithDifferentMapDataTypes3,Feature Envy,"designitejava,checkstyle",test/org/apache/pig/test/TestMultiQueryBasic.java,test/org/apache/pig/test/TestMultiQueryBasic.java.TestMultiQueryBasic.testMultiQueryPhase3WithDifferentMapDataTypes3.Feature Envy,0.8.0,0.17.0,0.17.0,31
pig,0.8.0,org.apache.pig.test,TestMultiQueryBasic,testMultiQueryPhase3WithMixedCombiner2,Feature Envy,"designitejava,checkstyle",test/org/apache/pig/test/TestMultiQueryBasic.java,test/org/apache/pig/test/TestMultiQueryBasic.java.TestMultiQueryBasic.testMultiQueryPhase3WithMixedCombiner2.Feature Envy,0.8.0,0.17.0,0.17.0,31
pig,0.8.0,org.apache.pig.test,TestMultiQueryBasic,testMultiQueryPhase3WithoutCombiner2,Feature Envy,"designitejava,checkstyle",test/org/apache/pig/test/TestMultiQueryBasic.java,test/org/apache/pig/test/TestMultiQueryBasic.java.TestMultiQueryBasic.testMultiQueryPhase3WithoutCombiner2.Feature Envy,0.8.0,0.17.0,0.17.0,31
pig,0.8.0,org.apache.pig.test,TestMultiQueryBasic,testMultiQueryWithCoGroup_2,Feature Envy,"designitejava,checkstyle",test/org/apache/pig/test/TestMultiQueryBasic.java,test/org/apache/pig/test/TestMultiQueryBasic.java.TestMultiQueryBasic.testMultiQueryWithCoGroup_2.Feature Envy,0.8.0,0.17.0,0.17.0,31
pig,0.8.0,org.apache.pig.test,TestMultiQueryBasic,testMultiQueryWithFJ_2,Feature Envy,"designitejava,checkstyle",test/org/apache/pig/test/TestMultiQueryBasic.java,test/org/apache/pig/test/TestMultiQueryBasic.java.TestMultiQueryBasic.testMultiQueryWithFJ_2.Feature Envy,0.8.0,0.17.0,0.17.0,31
pig,0.8.0,org.apache.pig.test,TestMultiQueryBasic,testMultiQueryWithIntermediateStores_2,Feature Envy,"designitejava,checkstyle",test/org/apache/pig/test/TestMultiQueryBasic.java,test/org/apache/pig/test/TestMultiQueryBasic.java.TestMultiQueryBasic.testMultiQueryWithIntermediateStores_2.Feature Envy,0.8.0,0.17.0,0.17.0,31
pig,0.8.0,org.apache.pig.test,TestMultiQueryBasic,testMultiQueryWithPigMixL12_2,Feature Envy,"designitejava,checkstyle",test/org/apache/pig/test/TestMultiQueryBasic.java,test/org/apache/pig/test/TestMultiQueryBasic.java.TestMultiQueryBasic.testMultiQueryWithPigMixL12_2.Feature Envy,0.8.0,0.17.0,0.17.0,31
pig,0.12.0-rc0,org.apache.pig.test,TestMultiQueryBasic,testMultiQueryWithScalarExpression,Feature Envy,"designitejava,checkstyle",test/org/apache/pig/test/TestMultiQueryBasic.java,test/org/apache/pig/test/TestMultiQueryBasic.java.TestMultiQueryBasic.testMultiQueryWithScalarExpression.Feature Envy,0.12.0-rc0,0.17.0,0.17.0,14
pig,0.8.0,org.apache.pig.test,TestMultiQueryBasic,testMultiQueryWithThreeStores2,Feature Envy,"designitejava,checkstyle",test/org/apache/pig/test/TestMultiQueryBasic.java,test/org/apache/pig/test/TestMultiQueryBasic.java.TestMultiQueryBasic.testMultiQueryWithThreeStores2.Feature Envy,0.8.0,0.17.0,0.17.0,31
pig,0.8.0,org.apache.pig.test,TestMultiQueryBasic,testMultiQueryWithTwoLoads2,Feature Envy,"designitejava,checkstyle",test/org/apache/pig/test/TestMultiQueryBasic.java,test/org/apache/pig/test/TestMultiQueryBasic.java.TestMultiQueryBasic.testMultiQueryWithTwoLoads2.Feature Envy,0.8.0,0.17.0,0.17.0,31
pig,0.8.0,org.apache.pig.test,TestMultiQueryBasic,testMultiQueryWithTwoStores2,Feature Envy,"designitejava,checkstyle",test/org/apache/pig/test/TestMultiQueryBasic.java,test/org/apache/pig/test/TestMultiQueryBasic.java.TestMultiQueryBasic.testMultiQueryWithTwoStores2.Feature Envy,0.8.0,0.17.0,0.17.0,31
pig,0.8.0,org.apache.pig.test,TestMultiQueryBasic,testMultiQueryWithTwoStores2Execs,Feature Envy,"designitejava,checkstyle",test/org/apache/pig/test/TestMultiQueryBasic.java,test/org/apache/pig/test/TestMultiQueryBasic.java.TestMultiQueryBasic.testMultiQueryWithTwoStores2Execs.Feature Envy,0.8.0,0.17.0,0.17.0,31
pig,0.8.0,pig.pig-release-0.8.0.test.org.apache.pig.test,TestMultiQueryCompiler,,God Class,"pmd,checkstyle",test/org/apache/pig/test/TestMultiQueryCompiler.java,test/org/apache/pig/test/TestMultiQueryCompiler.java.TestMultiQueryCompiler..God Class,0.8.0,0.17.0,0.17.0,31
pig,0.8.0,org.apache.pig.test,TestMultiQueryCompiler,testMultiQueryWithNoStore2,Feature Envy,"designitejava,checkstyle",test/org/apache/pig/test/TestMultiQueryCompiler.java,test/org/apache/pig/test/TestMultiQueryCompiler.java.TestMultiQueryCompiler.testMultiQueryWithNoStore2.Feature Envy,0.8.0,0.17.0,0.17.0,31
pig,0.8.0,org.apache.pig.test,TestMultiQueryCompiler,testStoreOrder,Feature Envy,"designitejava,checkstyle",test/org/apache/pig/test/TestMultiQueryCompiler.java,test/org/apache/pig/test/TestMultiQueryCompiler.java.TestMultiQueryCompiler.testStoreOrder.Feature Envy,0.8.0,0.17.0,0.17.0,31
pig,0.8.0,org.apache.pig.test,TestMultiQueryCompiler,testUnnecessaryStoreRemoval,Feature Envy,"designitejava,checkstyle",test/org/apache/pig/test/TestMultiQueryCompiler.java,test/org/apache/pig/test/TestMultiQueryCompiler.java.TestMultiQueryCompiler.testUnnecessaryStoreRemoval.Feature Envy,0.8.0,0.17.0,0.17.0,31
pig,0.8.0,org.apache.pig.test,TestMultiQueryCompiler,testUnnecessaryStoreRemovalCollapseSplit,Feature Envy,"designitejava,checkstyle",test/org/apache/pig/test/TestMultiQueryCompiler.java,test/org/apache/pig/test/TestMultiQueryCompiler.java.TestMultiQueryCompiler.testUnnecessaryStoreRemovalCollapseSplit.Feature Envy,0.8.0,0.17.0,0.17.0,31
pig,0.3.0,org.apache.pig.test,TestMultiQueryLocal,testMultiQueryWithNoStore2,Feature Envy,"designitejava,checkstyle",test/org/apache/pig/test/TestMultiQueryLocal.java,test/org/apache/pig/test/TestMultiQueryLocal.java.TestMultiQueryLocal.testMultiQueryWithNoStore2.Feature Envy,0.3.0,0.17.0,0.17.0,38
pig,0.3.0,org.apache.pig.test,TestMultiQueryLocal,testMultiQueryWithThreeStores2,Feature Envy,"designitejava,checkstyle",test/org/apache/pig/test/TestMultiQueryLocal.java,test/org/apache/pig/test/TestMultiQueryLocal.java.TestMultiQueryLocal.testMultiQueryWithThreeStores2.Feature Envy,0.3.0,0.17.0,0.17.0,38
pig,0.3.0,org.apache.pig.test,TestMultiQueryLocal,testMultiQueryWithTwoLoads2,Feature Envy,"designitejava,checkstyle",test/org/apache/pig/test/TestMultiQueryLocal.java,test/org/apache/pig/test/TestMultiQueryLocal.java.TestMultiQueryLocal.testMultiQueryWithTwoLoads2.Feature Envy,0.3.0,0.17.0,0.17.0,38
pig,0.3.0,org.apache.pig.test,TestMultiQueryLocal,testMultiQueryWithTwoStores2,Feature Envy,"designitejava,checkstyle",test/org/apache/pig/test/TestMultiQueryLocal.java,test/org/apache/pig/test/TestMultiQueryLocal.java.TestMultiQueryLocal.testMultiQueryWithTwoStores2.Feature Envy,0.3.0,0.17.0,0.17.0,38
pig,0.3.0,org.apache.pig.test,TestMultiQueryLocal,testMultiQueryWithTwoStores2Execs,Feature Envy,"designitejava,checkstyle",test/org/apache/pig/test/TestMultiQueryLocal.java,test/org/apache/pig/test/TestMultiQueryLocal.java.TestMultiQueryLocal.testMultiQueryWithTwoStores2Execs.Feature Envy,0.3.0,0.17.0,0.17.0,38
pig,0.10.0-rc0,org.apache.pig.test,TestMultiQueryLocal,testMultiStoreWithConfig,Feature Envy,"designitejava,checkstyle",test/org/apache/pig/test/TestMultiQueryLocal.java,test/org/apache/pig/test/TestMultiQueryLocal.java.TestMultiQueryLocal.testMultiStoreWithConfig.Feature Envy,0.10.0-rc0,0.17.0,0.17.0,22
pig,0.2.0-rc0,org.apache.pig.test,TestMultiply,testOperator,Complex Method,"designitejava,checkstyle",test/org/apache/pig/test/TestMultiply.java,test/org/apache/pig/test/TestMultiply.java.TestMultiply.testOperator.Complex Method,0.2.0-rc0,0.17.0,0.17.0,40
pig,0.10.0-rc0,org.apache.pig.test,TestNestedForeach,testNestedForeachExpression,Feature Envy,"designitejava,checkstyle",test/org/apache/pig/test/TestNestedForeach.java,test/org/apache/pig/test/TestNestedForeach.java.TestNestedForeach.testNestedForeachExpression.Feature Envy,0.10.0-rc0,0.17.0,0.17.0,22
pig,0.10.0-rc0,org.apache.pig.test,TestNestedForeach,testNestedForeachFlatten,Feature Envy,"designitejava,checkstyle",test/org/apache/pig/test/TestNestedForeach.java,test/org/apache/pig/test/TestNestedForeach.java.TestNestedForeach.testNestedForeachFlatten.Feature Envy,0.10.0-rc0,0.17.0,0.17.0,22
pig,0.10.0-rc0,org.apache.pig.test,TestNestedForeach,testNestedForeachProj,Feature Envy,"designitejava,checkstyle",test/org/apache/pig/test/TestNestedForeach.java,test/org/apache/pig/test/TestNestedForeach.java.TestNestedForeach.testNestedForeachProj.Feature Envy,0.10.0-rc0,0.17.0,0.17.0,22
pig,0.10.0-rc0,org.apache.pig.test,TestNestedForeach,testNestedForeachUDF,Feature Envy,"designitejava,checkstyle",test/org/apache/pig/test/TestNestedForeach.java,test/org/apache/pig/test/TestNestedForeach.java.TestNestedForeach.testNestedForeachUDF.Feature Envy,0.10.0-rc0,0.17.0,0.17.0,22
pig,0.12.0-rc0,org.apache.pig.test,TestNewPartitionFilterPushDown,getTestExpression,Complex Method,"designitejava,checkstyle",test/org/apache/pig/test/TestNewPartitionFilterPushDown.java,test/org/apache/pig/test/TestNewPartitionFilterPushDown.java.TestNewPartitionFilterPushDown.getTestExpression.Complex Method,0.12.0-rc0,0.17.0,0.17.0,14
pig,0.8.0,org.apache.pig.test,TestNewPlanImplicitSplit,testImplicitSplitInCoGroup,Feature Envy,"designitejava,checkstyle",test/org/apache/pig/test/TestNewPlanImplicitSplit.java,test/org/apache/pig/test/TestNewPlanImplicitSplit.java.TestNewPlanImplicitSplit.testImplicitSplitInCoGroup.Feature Envy,0.8.0,0.17.0,0.17.0,31
pig,0.8.0,pig.pig-release-0.8.0.test.org.apache.pig.test,TestNewPlanOperatorPlan,,God Class,"pmd,checkstyle",test/org/apache/pig/test/TestNewPlanOperatorPlan.java,test/org/apache/pig/test/TestNewPlanOperatorPlan.java.TestNewPlanOperatorPlan..God Class,0.8.0,0.17.0,0.17.0,31
pig,0.8.0,org.apache.pig.test,TestNewPlanPushDownForeachFlatten,testForeachFlattenAddedColumnInnerJoin,Feature Envy,"designitejava,checkstyle",test/org/apache/pig/test/TestNewPlanPushDownForeachFlatten.java,test/org/apache/pig/test/TestNewPlanPushDownForeachFlatten.java.TestNewPlanPushDownForeachFlatten.testForeachFlattenAddedColumnInnerJoin.Feature Envy,0.8.0,0.17.0,0.17.0,31
pig,0.17.0-rc0,org.apache.pig.test,TestNewPredicatePushDown,test,Long Parameter List,"designitejava,checkstyle",test/org/apache/pig/test/TestNewPredicatePushDown.java,test/org/apache/pig/test/TestNewPredicatePushDown.java.TestNewPredicatePushDown.test.Long Parameter List,0.17.0-rc0,0.17.0,0.17.0,2
pig,0.2.0-rc0,org.apache.pig.test,TestNull,test,Complex Method,"designitejava,checkstyle",test/org/apache/pig/test/TestNull.java,test/org/apache/pig/test/TestNull.java.TestNull.test.Complex Method,0.2.0-rc0,0.17.0,0.17.0,40
pig,0.2.0-rc0,org.apache.pig.test,TestNullConstant,testArithExpressions,Feature Envy,"designitejava,checkstyle",test/org/apache/pig/test/TestNullConstant.java,test/org/apache/pig/test/TestNullConstant.java.TestNullConstant.testArithExpressions.Feature Envy,0.2.0-rc0,0.17.0,0.17.0,40
pig,0.2.0-rc0,org.apache.pig.test,TestNullConstant,testBinCond,Feature Envy,"designitejava,checkstyle",test/org/apache/pig/test/TestNullConstant.java,test/org/apache/pig/test/TestNullConstant.java.TestNullConstant.testBinCond.Feature Envy,0.2.0-rc0,0.17.0,0.17.0,40
pig,0.2.0-rc0,org.apache.pig.test,TestNullConstant,testComplexNullConstants,Feature Envy,"designitejava,checkstyle",test/org/apache/pig/test/TestNullConstant.java,test/org/apache/pig/test/TestNullConstant.java.TestNullConstant.testComplexNullConstants.Feature Envy,0.2.0-rc0,0.17.0,0.17.0,40
pig,0.2.0-rc0,org.apache.pig.test,TestNullConstant,testConcatAndSize,Feature Envy,"designitejava,checkstyle",test/org/apache/pig/test/TestNullConstant.java,test/org/apache/pig/test/TestNullConstant.java.TestNullConstant.testConcatAndSize.Feature Envy,0.2.0-rc0,0.17.0,0.17.0,40
pig,0.2.0-rc0,org.apache.pig.test,TestNullConstant,testExplicitCast,Feature Envy,"designitejava,checkstyle",test/org/apache/pig/test/TestNullConstant.java,test/org/apache/pig/test/TestNullConstant.java.TestNullConstant.testExplicitCast.Feature Envy,0.2.0-rc0,0.17.0,0.17.0,40
pig,0.2.0-rc0,org.apache.pig.test,TestNullConstant,testForeachGenerate,Feature Envy,"designitejava,checkstyle",test/org/apache/pig/test/TestNullConstant.java,test/org/apache/pig/test/TestNullConstant.java.TestNullConstant.testForeachGenerate.Feature Envy,0.2.0-rc0,0.17.0,0.17.0,40
pig,0.2.0-rc0,org.apache.pig.test,TestNullConstant,testOuterJoin,Feature Envy,"designitejava,checkstyle",test/org/apache/pig/test/TestNullConstant.java,test/org/apache/pig/test/TestNullConstant.java.TestNullConstant.testOuterJoin.Feature Envy,0.2.0-rc0,0.17.0,0.17.0,40
pig,0.10.0-rc0,org.apache.pig.test,TestOrderBy,testOrderByBooleanColumn,Feature Envy,"designitejava,checkstyle",test/org/apache/pig/test/TestOrderBy.java,test/org/apache/pig/test/TestOrderBy.java.TestOrderBy.testOrderByBooleanColumn.Feature Envy,0.10.0-rc0,0.17.0,0.17.0,22
pig,0.11.0-rc0,org.apache.pig.test,TestOrderBy,testOrderByDateTimeColumn,Feature Envy,"designitejava,checkstyle",test/org/apache/pig/test/TestOrderBy.java,test/org/apache/pig/test/TestOrderBy.java.TestOrderBy.testOrderByDateTimeColumn.Feature Envy,0.11.0-rc0,0.17.0,0.17.0,18
pig,0.2.0-rc0,pig.pig-release-0.2.0-rc0.test.org.apache.pig.test,TestPOCast,,God Class,"pmd,checkstyle",test/org/apache/pig/test/TestPOCast.java,test/org/apache/pig/test/TestPOCast.java.TestPOCast..God Class,0.2.0-rc0,0.17.0,0.17.0,40
pig,0.10.0-rc0,org.apache.pig.test,TestPOCast,testBooleanToOther,Complex Method,"designitejava,checkstyle",test/org/apache/pig/test/TestPOCast.java,test/org/apache/pig/test/TestPOCast.java.TestPOCast.testBooleanToOther.Complex Method,0.10.0-rc0,0.17.0,0.17.0,22
pig,0.3.0,org.apache.pig.test,TestPOCast,testByteArrayToOther,Complex Method,"designitejava,checkstyle",test/org/apache/pig/test/TestPOCast.java,test/org/apache/pig/test/TestPOCast.java.TestPOCast.testByteArrayToOther.Complex Method,0.3.0,0.17.0,0.17.0,38
pig,0.11.0-rc0,org.apache.pig.test,TestPOCast,testDateTimeToOther,Complex Method,"designitejava,checkstyle",test/org/apache/pig/test/TestPOCast.java,test/org/apache/pig/test/TestPOCast.java.TestPOCast.testDateTimeToOther.Complex Method,0.11.0-rc0,0.17.0,0.17.0,18
pig,0.2.0-rc0,org.apache.pig.test,TestPOCast,testDoubleToOther,Complex Method,"designitejava,checkstyle",test/org/apache/pig/test/TestPOCast.java,test/org/apache/pig/test/TestPOCast.java.TestPOCast.testDoubleToOther.Complex Method,0.2.0-rc0,0.17.0,0.17.0,40
pig,0.2.0-rc0,org.apache.pig.test,TestPOCast,testFloatToOther,Complex Method,"designitejava,checkstyle",test/org/apache/pig/test/TestPOCast.java,test/org/apache/pig/test/TestPOCast.java.TestPOCast.testFloatToOther.Complex Method,0.2.0-rc0,0.17.0,0.17.0,40
pig,0.2.0-rc0,org.apache.pig.test,TestPOCast,testIntegerToOther,Complex Method,"designitejava,checkstyle",test/org/apache/pig/test/TestPOCast.java,test/org/apache/pig/test/TestPOCast.java.TestPOCast.testIntegerToOther.Complex Method,0.2.0-rc0,0.17.0,0.17.0,40
pig,0.2.0-rc0,org.apache.pig.test,TestPOCast,testLongToOther,Complex Method,"designitejava,checkstyle",test/org/apache/pig/test/TestPOCast.java,test/org/apache/pig/test/TestPOCast.java.TestPOCast.testLongToOther.Complex Method,0.2.0-rc0,0.17.0,0.17.0,40
pig,0.2.0-rc0,org.apache.pig.test,TestPOCast,testNullToOther,Complex Method,"designitejava,checkstyle",test/org/apache/pig/test/TestPOCast.java,test/org/apache/pig/test/TestPOCast.java.TestPOCast.testNullToOther.Complex Method,0.2.0-rc0,0.17.0,0.17.0,40
pig,0.3.0,org.apache.pig.test,TestPOCast,testStringToOther,Complex Method,"designitejava,checkstyle",test/org/apache/pig/test/TestPOCast.java,test/org/apache/pig/test/TestPOCast.java.TestPOCast.testStringToOther.Complex Method,0.3.0,0.17.0,0.17.0,38
pig,0.3.0,org.apache.pig.test,TestPOCast,testValueTypesChanged,Complex Method,"designitejava,checkstyle",test/org/apache/pig/test/TestPOCast.java,test/org/apache/pig/test/TestPOCast.java.TestPOCast.testValueTypesChanged.Complex Method,0.3.0,0.17.0,0.17.0,38
pig,0.2.0-rc0,org.apache.pig.test,TestPOUserFunc,algebraicAVG,Long Parameter List,"designitejava,checkstyle",test/org/apache/pig/test/TestPOUserFunc.java,test/org/apache/pig/test/TestPOUserFunc.java.TestPOUserFunc.algebraicAVG.Long Parameter List,0.2.0-rc0,0.17.0,0.17.0,40
pig,0.2.0-rc0,org.apache.pig.test,TestPackage,pickTest,Complex Method,"designitejava,checkstyle",test/org/apache/pig/test/TestPackage.java,test/org/apache/pig/test/TestPackage.java.TestPackage.pickTest.Complex Method,0.2.0-rc0,0.17.0,0.17.0,40
pig,0.1.0,pig.pig-release-0.1.0.test.org.apache.pig.test,TestParamSubPreproc,,God Class,"pmd,checkstyle",test/org/apache/pig/test/TestParamSubPreproc.java,test/org/apache/pig/test/TestParamSubPreproc.java.TestParamSubPreproc..God Class,0.1.0,0.17.0,0.17.0,43
pig,0.8.0,org.apache.pig.test,TestParser,testRemoteServerList,Feature Envy,"designitejava,checkstyle",test/org/apache/pig/test/TestParser.java,test/org/apache/pig/test/TestParser.java.TestParser.testRemoteServerList.Feature Envy,0.8.0,0.17.0,0.17.0,31
pig,0.8.0,org.apache.pig.test,TestParser,testRemoteServerList2,Feature Envy,"designitejava,checkstyle",test/org/apache/pig/test/TestParser.java,test/org/apache/pig/test/TestParser.java.TestParser.testRemoteServerList2.Feature Envy,0.8.0,0.17.0,0.17.0,31
pig,0.7.0,org.apache.pig.test,TestPartitionFilterOptimization,testColNameMapping1,Feature Envy,"designitejava,checkstyle",test/org/apache/pig/test/TestPartitionFilterOptimization.java,test/org/apache/pig/test/TestPartitionFilterOptimization.java.TestPartitionFilterOptimization.testColNameMapping1.Feature Envy,0.7.0,0.8.1,0.9.0-rc0,4
pig,0.7.0,org.apache.pig.test,TestPartitionFilterOptimization,testColNameMapping2,Feature Envy,"designitejava,checkstyle",test/org/apache/pig/test/TestPartitionFilterOptimization.java,test/org/apache/pig/test/TestPartitionFilterOptimization.java.TestPartitionFilterOptimization.testColNameMapping2.Feature Envy,0.7.0,0.8.1,0.9.0-rc0,4
pig,0.7.0,org.apache.pig.test,TestPartitionFilterOptimization,testColNameMapping3,Feature Envy,"designitejava,checkstyle",test/org/apache/pig/test/TestPartitionFilterOptimization.java,test/org/apache/pig/test/TestPartitionFilterOptimization.java.TestPartitionFilterOptimization.testColNameMapping3.Feature Envy,0.7.0,0.8.1,0.9.0-rc0,4
pig,0.7.0,org.apache.pig.test,TestPartitionFilterOptimization,testColNameMapping4,Feature Envy,"designitejava,checkstyle",test/org/apache/pig/test/TestPartitionFilterOptimization.java,test/org/apache/pig/test/TestPartitionFilterOptimization.java.TestPartitionFilterOptimization.testColNameMapping4.Feature Envy,0.7.0,0.8.1,0.9.0-rc0,4
pig,0.7.0,org.apache.pig.test,TestPartitionFilterOptimization,testColNameMapping5,Feature Envy,"designitejava,checkstyle",test/org/apache/pig/test/TestPartitionFilterOptimization.java,test/org/apache/pig/test/TestPartitionFilterOptimization.java.TestPartitionFilterOptimization.testColNameMapping5.Feature Envy,0.7.0,0.8.1,0.9.0-rc0,4
pig,0.6.0-rc0,pig.pig-release-0.6.0-rc0.test.org.apache.pig.test,TestPigLineRecordReader,,God Class,"pmd,checkstyle",test/org/apache/pig/test/TestPigLineRecordReader.java,test/org/apache/pig/test/TestPigLineRecordReader.java.TestPigLineRecordReader..God Class,0.6.0-rc0,0.6.0,0.7.0,2
pig,0.13.0-rc0,org.apache.pig.test,TestPigServer,registerScalarScript,Feature Envy,"designitejava,checkstyle",test/org/apache/pig/test/TestPigServer.java,test/org/apache/pig/test/TestPigServer.java.TestPigServer.registerScalarScript.Feature Envy,0.13.0-rc0,0.17.0,0.17.0,10
pig,0.9.0-rc0,org.apache.pig.test,TestPigServer,testDescribeForEachFlatten,Feature Envy,"designitejava,checkstyle",test/org/apache/pig/test/TestPigServer.java,test/org/apache/pig/test/TestPigServer.java.TestPigServer.testDescribeForEachFlatten.Feature Envy,0.9.0-rc0,0.17.0,0.17.0,28
pig,0.2.0-rc0,org.apache.pig.test,TestPigServer,testDescribeForeachFail,Feature Envy,"designitejava,checkstyle",test/org/apache/pig/test/TestPigServer.java,test/org/apache/pig/test/TestPigServer.java.TestPigServer.testDescribeForeachFail.Feature Envy,0.2.0-rc0,0.17.0,0.17.0,40
pig,0.12.0-rc0,org.apache.pig.test,TestPigServer,testDescribeTuple2Elem,Feature Envy,"designitejava,checkstyle",test/org/apache/pig/test/TestPigServer.java,test/org/apache/pig/test/TestPigServer.java.TestPigServer.testDescribeTuple2Elem.Feature Envy,0.12.0-rc0,0.17.0,0.17.0,14
pig,0.12.0-rc0,org.apache.pig.test,TestPigServer,testExplainXmlComplex,Complex Method,"designitejava,checkstyle",test/org/apache/pig/test/TestPigServer.java,test/org/apache/pig/test/TestPigServer.java.TestPigServer.testExplainXmlComplex.Complex Method,0.12.0-rc0,0.16.0,0.17.0-rc0,12
pig,0.12.0-rc0,org.apache.pig.test,TestPigServer,testExplainXmlComplex,Feature Envy,"designitejava,checkstyle",test/org/apache/pig/test/TestPigServer.java,test/org/apache/pig/test/TestPigServer.java.TestPigServer.testExplainXmlComplex.Feature Envy,0.12.0-rc0,0.17.0,0.17.0,14
pig,0.10.0-rc0,org.apache.pig.test,TestPigServer,testRegisterRemoteScript,Feature Envy,"designitejava,checkstyle",test/org/apache/pig/test/TestPigServer.java,test/org/apache/pig/test/TestPigServer.java.TestPigServer.testRegisterRemoteScript.Feature Envy,0.10.0-rc0,0.17.0,0.17.0,22
pig,0.17.0-rc0,org.apache.pig.test,TestPigServer,verifyExplainXmlComplexMR,Complex Method,"designitejava,checkstyle",test/org/apache/pig/test/TestPigServer.java,test/org/apache/pig/test/TestPigServer.java.TestPigServer.verifyExplainXmlComplexMR.Complex Method,0.17.0-rc0,0.17.0,0.17.0,2
pig,0.15.0-rc0,org.apache.pig.test,TestPigServerWithMacrosRemote,testRegisterRemoteMacro,Feature Envy,"designitejava,checkstyle",test/org/apache/pig/test/TestPigServerWithMacrosRemote.java,test/org/apache/pig/test/TestPigServerWithMacrosRemote.java.TestPigServerWithMacrosRemote.testRegisterRemoteMacro.Feature Envy,0.15.0-rc0,0.17.0,0.17.0,6
pig,0.12.0-rc0,org.apache.pig.test,TestPigStorage,testIncompleteDataWithPigSchema,Feature Envy,"designitejava,checkstyle",test/org/apache/pig/test/TestPigStorage.java,test/org/apache/pig/test/TestPigStorage.java.TestPigStorage.testIncompleteDataWithPigSchema.Feature Envy,0.12.0-rc0,0.17.0,0.17.0,14
pig,0.17.0-rc0,org.apache.pig.test,TestPigStorage,testPigStroageSchemaWithMultipleSchema,Feature Envy,"designitejava,checkstyle",test/org/apache/pig/test/TestPigStorage.java,test/org/apache/pig/test/TestPigStorage.java.TestPigStorage.testPigStroageSchemaWithMultipleSchema.Feature Envy,0.17.0-rc0,0.17.0,0.17.0,2
pig,0.10.0-rc0,org.apache.pig.test,TestPigStorage,testSchemaConversion,Feature Envy,"designitejava,checkstyle",test/org/apache/pig/test/TestPigStorage.java,test/org/apache/pig/test/TestPigStorage.java.TestPigStorage.testSchemaConversion.Feature Envy,0.10.0-rc0,0.17.0,0.17.0,22
pig,0.10.0-rc0,org.apache.pig.test,TestPigStorage,testSchemaConversion2,Feature Envy,"designitejava,checkstyle",test/org/apache/pig/test/TestPigStorage.java,test/org/apache/pig/test/TestPigStorage.java.TestPigStorage.testSchemaConversion2.Feature Envy,0.10.0-rc0,0.17.0,0.17.0,22
pig,0.7.0,org.apache.pig.test,TestPinOptions,testGroupOptions,Feature Envy,"designitejava,checkstyle",test/org/apache/pig/test/TestPinOptions.java,test/org/apache/pig/test/TestPinOptions.java.TestPinOptions.testGroupOptions.Feature Envy,0.7.0,0.17.0,0.17.0,32
pig,0.7.0,org.apache.pig.test,TestPinOptions,testPinnedJoinOption,Feature Envy,"designitejava,checkstyle",test/org/apache/pig/test/TestPinOptions.java,test/org/apache/pig/test/TestPinOptions.java.TestPinOptions.testPinnedJoinOption.Feature Envy,0.7.0,0.17.0,0.17.0,32
pig,0.11.0-rc0,org.apache.pig.test,TestPoissonSampleLoader,testNumSamples,Feature Envy,"designitejava,checkstyle",test/org/apache/pig/test/TestPoissonSampleLoader.java,test/org/apache/pig/test/TestPoissonSampleLoader.java.TestPoissonSampleLoader.testNumSamples.Feature Envy,0.11.0-rc0,0.13.0,0.14.0-rc0,10
pig,0.8.0,org.apache.pig.test,TestPruneColumn,checkLogFileMessage,Complex Method,"designitejava,checkstyle",test/org/apache/pig/test/TestPruneColumn.java,test/org/apache/pig/test/TestPruneColumn.java.TestPruneColumn.checkLogFileMessage.Complex Method,0.8.0,0.17.0,0.17.0,31
pig,0.9.0-rc0,org.apache.pig.test,TestPruneColumn,testAliasInRequiredFieldList,Feature Envy,"designitejava,checkstyle",test/org/apache/pig/test/TestPruneColumn.java,test/org/apache/pig/test/TestPruneColumn.java.TestPruneColumn.testAliasInRequiredFieldList.Feature Envy,0.9.0-rc0,0.17.0,0.17.0,28
pig,0.10.0-rc0,org.apache.pig.test,TestPruneColumn,testCogroup10,Feature Envy,"designitejava,checkstyle",test/org/apache/pig/test/TestPruneColumn.java,test/org/apache/pig/test/TestPruneColumn.java.TestPruneColumn.testCogroup10.Feature Envy,0.10.0-rc0,0.17.0,0.17.0,22
pig,0.8.0,org.apache.pig.test,TestPruneColumn,testSplitOutputWithForEach,Feature Envy,"designitejava,checkstyle",test/org/apache/pig/test/TestPruneColumn.java,test/org/apache/pig/test/TestPruneColumn.java.TestPruneColumn.testSplitOutputWithForEach.Feature Envy,0.8.0,0.17.0,0.17.0,31
pig,0.10.0-rc0,org.apache.pig.test,TestPruneColumn,testStream2,Feature Envy,"designitejava,checkstyle",test/org/apache/pig/test/TestPruneColumn.java,test/org/apache/pig/test/TestPruneColumn.java.TestPruneColumn.testStream2.Feature Envy,0.10.0-rc0,0.17.0,0.17.0,22
pig,0.7.0,org.apache.pig.test,TestPruneColumnNewLogicalPlan,testBinStorage1,Feature Envy,"designitejava,checkstyle",test/org/apache/pig/test/TestPruneColumnNewLogicalPlan.java,test/org/apache/pig/test/TestPruneColumnNewLogicalPlan.java.TestPruneColumnNewLogicalPlan.testBinStorage1.Feature Envy,0.7.0,0.7.0,0.8.0,1
pig,0.7.0,org.apache.pig.test,TestPruneColumnNewLogicalPlan,testBinStorage2,Feature Envy,"designitejava,checkstyle",test/org/apache/pig/test/TestPruneColumnNewLogicalPlan.java,test/org/apache/pig/test/TestPruneColumnNewLogicalPlan.java.TestPruneColumnNewLogicalPlan.testBinStorage2.Feature Envy,0.7.0,0.7.0,0.8.0,1
pig,0.7.0,org.apache.pig.test,TestPruneColumnNewLogicalPlan,testForEachFlatten,Feature Envy,"designitejava,checkstyle",test/org/apache/pig/test/TestPruneColumnNewLogicalPlan.java,test/org/apache/pig/test/TestPruneColumnNewLogicalPlan.java.TestPruneColumnNewLogicalPlan.testForEachFlatten.Feature Envy,0.7.0,0.7.0,0.8.0,1
pig,0.7.0,org.apache.pig.test,TestPruneColumnNewLogicalPlan,testMapKey1,Feature Envy,"designitejava,checkstyle",test/org/apache/pig/test/TestPruneColumnNewLogicalPlan.java,test/org/apache/pig/test/TestPruneColumnNewLogicalPlan.java.TestPruneColumnNewLogicalPlan.testMapKey1.Feature Envy,0.7.0,0.7.0,0.8.0,1
pig,0.7.0,org.apache.pig.test,TestPruneColumnNewLogicalPlan,testMapKey2,Feature Envy,"designitejava,checkstyle",test/org/apache/pig/test/TestPruneColumnNewLogicalPlan.java,test/org/apache/pig/test/TestPruneColumnNewLogicalPlan.java.TestPruneColumnNewLogicalPlan.testMapKey2.Feature Envy,0.7.0,0.7.0,0.8.0,1
pig,0.7.0,org.apache.pig.test,TestPruneColumnNewLogicalPlan,testMapKey3,Feature Envy,"designitejava,checkstyle",test/org/apache/pig/test/TestPruneColumnNewLogicalPlan.java,test/org/apache/pig/test/TestPruneColumnNewLogicalPlan.java.TestPruneColumnNewLogicalPlan.testMapKey3.Feature Envy,0.7.0,0.7.0,0.8.0,1
pig,0.7.0,org.apache.pig.test,TestPruneColumnNewLogicalPlan,testRelayFlattenMap,Feature Envy,"designitejava,checkstyle",test/org/apache/pig/test/TestPruneColumnNewLogicalPlan.java,test/org/apache/pig/test/TestPruneColumnNewLogicalPlan.java.TestPruneColumnNewLogicalPlan.testRelayFlattenMap.Feature Envy,0.7.0,0.7.0,0.8.0,1
pig,0.4.0-rc0,org.apache.pig.test,TestPushDownForeachFlatten,testForeachCastCross,Feature Envy,"designitejava,checkstyle",test/org/apache/pig/test/TestPushDownForeachFlatten.java,test/org/apache/pig/test/TestPushDownForeachFlatten.java.TestPushDownForeachFlatten.testForeachCastCross.Feature Envy,0.4.0-rc0,0.8.1,0.9.0-rc0,9
pig,0.4.0-rc0,org.apache.pig.test,TestPushDownForeachFlatten,testForeachCastFRJoin,Feature Envy,"designitejava,checkstyle",test/org/apache/pig/test/TestPushDownForeachFlatten.java,test/org/apache/pig/test/TestPushDownForeachFlatten.java.TestPushDownForeachFlatten.testForeachCastFRJoin.Feature Envy,0.4.0-rc0,0.8.1,0.9.0-rc0,9
pig,0.4.0-rc0,org.apache.pig.test,TestPushDownForeachFlatten,testForeachCastInnerJoin,Feature Envy,"designitejava,checkstyle",test/org/apache/pig/test/TestPushDownForeachFlatten.java,test/org/apache/pig/test/TestPushDownForeachFlatten.java.TestPushDownForeachFlatten.testForeachCastInnerJoin.Feature Envy,0.4.0-rc0,0.8.1,0.9.0-rc0,9
pig,0.4.0-rc0,org.apache.pig.test,TestPushDownForeachFlatten,testForeachCastSort,Feature Envy,"designitejava,checkstyle",test/org/apache/pig/test/TestPushDownForeachFlatten.java,test/org/apache/pig/test/TestPushDownForeachFlatten.java.TestPushDownForeachFlatten.testForeachCastSort.Feature Envy,0.4.0-rc0,0.8.1,0.9.0-rc0,9
pig,0.4.0-rc0,org.apache.pig.test,TestPushDownForeachFlatten,testForeachCogroup,Feature Envy,"designitejava,checkstyle",test/org/apache/pig/test/TestPushDownForeachFlatten.java,test/org/apache/pig/test/TestPushDownForeachFlatten.java.TestPushDownForeachFlatten.testForeachCogroup.Feature Envy,0.4.0-rc0,0.8.1,0.9.0-rc0,9
pig,0.4.0-rc0,org.apache.pig.test,TestPushDownForeachFlatten,testForeachCross,Feature Envy,"designitejava,checkstyle",test/org/apache/pig/test/TestPushDownForeachFlatten.java,test/org/apache/pig/test/TestPushDownForeachFlatten.java.TestPushDownForeachFlatten.testForeachCross.Feature Envy,0.4.0-rc0,0.8.1,0.9.0-rc0,9
pig,0.4.0-rc0,org.apache.pig.test,TestPushDownForeachFlatten,testForeachCross1,Feature Envy,"designitejava,checkstyle",test/org/apache/pig/test/TestPushDownForeachFlatten.java,test/org/apache/pig/test/TestPushDownForeachFlatten.java.TestPushDownForeachFlatten.testForeachCross1.Feature Envy,0.4.0-rc0,0.8.1,0.9.0-rc0,9
pig,0.4.0-rc0,org.apache.pig.test,TestPushDownForeachFlatten,testForeachCross2,Feature Envy,"designitejava,checkstyle",test/org/apache/pig/test/TestPushDownForeachFlatten.java,test/org/apache/pig/test/TestPushDownForeachFlatten.java.TestPushDownForeachFlatten.testForeachCross2.Feature Envy,0.4.0-rc0,0.8.1,0.9.0-rc0,9
pig,0.4.0-rc0,org.apache.pig.test,TestPushDownForeachFlatten,testForeachDistinct,Feature Envy,"designitejava,checkstyle",test/org/apache/pig/test/TestPushDownForeachFlatten.java,test/org/apache/pig/test/TestPushDownForeachFlatten.java.TestPushDownForeachFlatten.testForeachDistinct.Feature Envy,0.4.0-rc0,0.8.1,0.9.0-rc0,9
pig,0.4.0-rc0,org.apache.pig.test,TestPushDownForeachFlatten,testForeachFRJoin,Feature Envy,"designitejava,checkstyle",test/org/apache/pig/test/TestPushDownForeachFlatten.java,test/org/apache/pig/test/TestPushDownForeachFlatten.java.TestPushDownForeachFlatten.testForeachFRJoin.Feature Envy,0.4.0-rc0,0.8.1,0.9.0-rc0,9
pig,0.4.0-rc0,org.apache.pig.test,TestPushDownForeachFlatten,testForeachFRJoin1,Feature Envy,"designitejava,checkstyle",test/org/apache/pig/test/TestPushDownForeachFlatten.java,test/org/apache/pig/test/TestPushDownForeachFlatten.java.TestPushDownForeachFlatten.testForeachFRJoin1.Feature Envy,0.4.0-rc0,0.8.1,0.9.0-rc0,9
pig,0.4.0-rc0,org.apache.pig.test,TestPushDownForeachFlatten,testForeachFRJoin2,Feature Envy,"designitejava,checkstyle",test/org/apache/pig/test/TestPushDownForeachFlatten.java,test/org/apache/pig/test/TestPushDownForeachFlatten.java.TestPushDownForeachFlatten.testForeachFRJoin2.Feature Envy,0.4.0-rc0,0.8.1,0.9.0-rc0,9
pig,0.4.0-rc0,org.apache.pig.test,TestPushDownForeachFlatten,testForeachFilter,Feature Envy,"designitejava,checkstyle",test/org/apache/pig/test/TestPushDownForeachFlatten.java,test/org/apache/pig/test/TestPushDownForeachFlatten.java.TestPushDownForeachFlatten.testForeachFilter.Feature Envy,0.4.0-rc0,0.8.1,0.9.0-rc0,9
pig,0.4.0-rc0,org.apache.pig.test,TestPushDownForeachFlatten,testForeachFlattenAddedColumnCross,Feature Envy,"designitejava,checkstyle",test/org/apache/pig/test/TestPushDownForeachFlatten.java,test/org/apache/pig/test/TestPushDownForeachFlatten.java.TestPushDownForeachFlatten.testForeachFlattenAddedColumnCross.Feature Envy,0.4.0-rc0,0.8.1,0.9.0-rc0,9
pig,0.4.0-rc0,org.apache.pig.test,TestPushDownForeachFlatten,testForeachFlattenAddedColumnFRJoin,Feature Envy,"designitejava,checkstyle",test/org/apache/pig/test/TestPushDownForeachFlatten.java,test/org/apache/pig/test/TestPushDownForeachFlatten.java.TestPushDownForeachFlatten.testForeachFlattenAddedColumnFRJoin.Feature Envy,0.4.0-rc0,0.8.1,0.9.0-rc0,9
pig,0.4.0-rc0,org.apache.pig.test,TestPushDownForeachFlatten,testForeachFlattenAddedColumnInnerJoin,Feature Envy,"designitejava,checkstyle",test/org/apache/pig/test/TestPushDownForeachFlatten.java,test/org/apache/pig/test/TestPushDownForeachFlatten.java.TestPushDownForeachFlatten.testForeachFlattenAddedColumnInnerJoin.Feature Envy,0.4.0-rc0,0.8.1,0.9.0-rc0,9
pig,0.4.0-rc0,org.apache.pig.test,TestPushDownForeachFlatten,testForeachFlattenAddedColumnSort,Feature Envy,"designitejava,checkstyle",test/org/apache/pig/test/TestPushDownForeachFlatten.java,test/org/apache/pig/test/TestPushDownForeachFlatten.java.TestPushDownForeachFlatten.testForeachFlattenAddedColumnSort.Feature Envy,0.4.0-rc0,0.8.1,0.9.0-rc0,9
pig,0.4.0-rc0,org.apache.pig.test,TestPushDownForeachFlatten,testForeachForeach,Feature Envy,"designitejava,checkstyle",test/org/apache/pig/test/TestPushDownForeachFlatten.java,test/org/apache/pig/test/TestPushDownForeachFlatten.java.TestPushDownForeachFlatten.testForeachForeach.Feature Envy,0.4.0-rc0,0.8.1,0.9.0-rc0,9
pig,0.4.0-rc0,org.apache.pig.test,TestPushDownForeachFlatten,testForeachGroupBy,Feature Envy,"designitejava,checkstyle",test/org/apache/pig/test/TestPushDownForeachFlatten.java,test/org/apache/pig/test/TestPushDownForeachFlatten.java.TestPushDownForeachFlatten.testForeachGroupBy.Feature Envy,0.4.0-rc0,0.8.1,0.9.0-rc0,9
pig,0.4.0-rc0,org.apache.pig.test,TestPushDownForeachFlatten,testForeachInnerJoin,Feature Envy,"designitejava,checkstyle",test/org/apache/pig/test/TestPushDownForeachFlatten.java,test/org/apache/pig/test/TestPushDownForeachFlatten.java.TestPushDownForeachFlatten.testForeachInnerJoin.Feature Envy,0.4.0-rc0,0.8.1,0.9.0-rc0,9
pig,0.4.0-rc0,org.apache.pig.test,TestPushDownForeachFlatten,testForeachInnerJoin1,Feature Envy,"designitejava,checkstyle",test/org/apache/pig/test/TestPushDownForeachFlatten.java,test/org/apache/pig/test/TestPushDownForeachFlatten.java.TestPushDownForeachFlatten.testForeachInnerJoin1.Feature Envy,0.4.0-rc0,0.8.1,0.9.0-rc0,9
pig,0.4.0-rc0,org.apache.pig.test,TestPushDownForeachFlatten,testForeachInnerJoin2,Feature Envy,"designitejava,checkstyle",test/org/apache/pig/test/TestPushDownForeachFlatten.java,test/org/apache/pig/test/TestPushDownForeachFlatten.java.TestPushDownForeachFlatten.testForeachInnerJoin2.Feature Envy,0.4.0-rc0,0.8.1,0.9.0-rc0,9
pig,0.6.0-rc0,org.apache.pig.test,TestPushDownForeachFlatten,testForeachJoinRequiredField,Feature Envy,"designitejava,checkstyle",test/org/apache/pig/test/TestPushDownForeachFlatten.java,test/org/apache/pig/test/TestPushDownForeachFlatten.java.TestPushDownForeachFlatten.testForeachJoinRequiredField.Feature Envy,0.6.0-rc0,0.8.1,0.9.0-rc0,6
pig,0.4.0-rc0,org.apache.pig.test,TestPushDownForeachFlatten,testForeachLimit,Feature Envy,"designitejava,checkstyle",test/org/apache/pig/test/TestPushDownForeachFlatten.java,test/org/apache/pig/test/TestPushDownForeachFlatten.java.TestPushDownForeachFlatten.testForeachLimit.Feature Envy,0.4.0-rc0,0.8.1,0.9.0-rc0,9
pig,0.7.0,org.apache.pig.test,TestPushDownForeachFlatten,testForeachRequiredField,Feature Envy,"designitejava,checkstyle",test/org/apache/pig/test/TestPushDownForeachFlatten.java,test/org/apache/pig/test/TestPushDownForeachFlatten.java.TestPushDownForeachFlatten.testForeachRequiredField.Feature Envy,0.7.0,0.8.1,0.9.0-rc0,4
pig,0.4.0-rc0,org.apache.pig.test,TestPushDownForeachFlatten,testForeachSort,Feature Envy,"designitejava,checkstyle",test/org/apache/pig/test/TestPushDownForeachFlatten.java,test/org/apache/pig/test/TestPushDownForeachFlatten.java.TestPushDownForeachFlatten.testForeachSort.Feature Envy,0.4.0-rc0,0.8.1,0.9.0-rc0,9
pig,0.4.0-rc0,org.apache.pig.test,TestPushDownForeachFlatten,testForeachSplitOutput,Feature Envy,"designitejava,checkstyle",test/org/apache/pig/test/TestPushDownForeachFlatten.java,test/org/apache/pig/test/TestPushDownForeachFlatten.java.TestPushDownForeachFlatten.testForeachSplitOutput.Feature Envy,0.4.0-rc0,0.8.1,0.9.0-rc0,9
pig,0.4.0-rc0,org.apache.pig.test,TestPushDownForeachFlatten,testForeachStreaming,Feature Envy,"designitejava,checkstyle",test/org/apache/pig/test/TestPushDownForeachFlatten.java,test/org/apache/pig/test/TestPushDownForeachFlatten.java.TestPushDownForeachFlatten.testForeachStreaming.Feature Envy,0.4.0-rc0,0.8.1,0.9.0-rc0,9
pig,0.4.0-rc0,org.apache.pig.test,TestPushDownForeachFlatten,testForeachUDFCross,Feature Envy,"designitejava,checkstyle",test/org/apache/pig/test/TestPushDownForeachFlatten.java,test/org/apache/pig/test/TestPushDownForeachFlatten.java.TestPushDownForeachFlatten.testForeachUDFCross.Feature Envy,0.4.0-rc0,0.8.1,0.9.0-rc0,9
pig,0.4.0-rc0,org.apache.pig.test,TestPushDownForeachFlatten,testForeachUDFFRJoin,Feature Envy,"designitejava,checkstyle",test/org/apache/pig/test/TestPushDownForeachFlatten.java,test/org/apache/pig/test/TestPushDownForeachFlatten.java.TestPushDownForeachFlatten.testForeachUDFFRJoin.Feature Envy,0.4.0-rc0,0.8.1,0.9.0-rc0,9
pig,0.4.0-rc0,org.apache.pig.test,TestPushDownForeachFlatten,testForeachUDFInnerJoin,Feature Envy,"designitejava,checkstyle",test/org/apache/pig/test/TestPushDownForeachFlatten.java,test/org/apache/pig/test/TestPushDownForeachFlatten.java.TestPushDownForeachFlatten.testForeachUDFInnerJoin.Feature Envy,0.4.0-rc0,0.8.1,0.9.0-rc0,9
pig,0.4.0-rc0,org.apache.pig.test,TestPushDownForeachFlatten,testForeachUDFSort,Feature Envy,"designitejava,checkstyle",test/org/apache/pig/test/TestPushDownForeachFlatten.java,test/org/apache/pig/test/TestPushDownForeachFlatten.java.TestPushDownForeachFlatten.testForeachUDFSort.Feature Envy,0.4.0-rc0,0.8.1,0.9.0-rc0,9
pig,0.4.0-rc0,org.apache.pig.test,TestPushDownForeachFlatten,testForeachUnion,Feature Envy,"designitejava,checkstyle",test/org/apache/pig/test/TestPushDownForeachFlatten.java,test/org/apache/pig/test/TestPushDownForeachFlatten.java.TestPushDownForeachFlatten.testForeachUnion.Feature Envy,0.4.0-rc0,0.8.1,0.9.0-rc0,9
pig,0.4.0-rc0,org.apache.pig.test,TestPushUpFilter,testFilterCastForeach,Feature Envy,"designitejava,checkstyle",test/org/apache/pig/test/TestPushUpFilter.java,test/org/apache/pig/test/TestPushUpFilter.java.TestPushUpFilter.testFilterCastForeach.Feature Envy,0.4.0-rc0,0.8.1,0.9.0-rc0,9
pig,0.4.0-rc0,org.apache.pig.test,TestPushUpFilter,testFilterCogroup,Feature Envy,"designitejava,checkstyle",test/org/apache/pig/test/TestPushUpFilter.java,test/org/apache/pig/test/TestPushUpFilter.java.TestPushUpFilter.testFilterCogroup.Feature Envy,0.4.0-rc0,0.8.1,0.9.0-rc0,9
pig,0.4.0-rc0,org.apache.pig.test,TestPushUpFilter,testFilterCogroupOuter,Feature Envy,"designitejava,checkstyle",test/org/apache/pig/test/TestPushUpFilter.java,test/org/apache/pig/test/TestPushUpFilter.java.TestPushUpFilter.testFilterCogroupOuter.Feature Envy,0.4.0-rc0,0.8.1,0.9.0-rc0,9
pig,0.4.0-rc0,org.apache.pig.test,TestPushUpFilter,testFilterConstantConditionCogroup,Feature Envy,"designitejava,checkstyle",test/org/apache/pig/test/TestPushUpFilter.java,test/org/apache/pig/test/TestPushUpFilter.java.TestPushUpFilter.testFilterConstantConditionCogroup.Feature Envy,0.4.0-rc0,0.8.1,0.9.0-rc0,9
pig,0.4.0-rc0,org.apache.pig.test,TestPushUpFilter,testFilterConstantConditionCogroupOuter,Feature Envy,"designitejava,checkstyle",test/org/apache/pig/test/TestPushUpFilter.java,test/org/apache/pig/test/TestPushUpFilter.java.TestPushUpFilter.testFilterConstantConditionCogroupOuter.Feature Envy,0.4.0-rc0,0.8.1,0.9.0-rc0,9
pig,0.4.0-rc0,org.apache.pig.test,TestPushUpFilter,testFilterConstantConditionCross,Feature Envy,"designitejava,checkstyle",test/org/apache/pig/test/TestPushUpFilter.java,test/org/apache/pig/test/TestPushUpFilter.java.TestPushUpFilter.testFilterConstantConditionCross.Feature Envy,0.4.0-rc0,0.8.1,0.9.0-rc0,9
pig,0.4.0-rc0,org.apache.pig.test,TestPushUpFilter,testFilterConstantConditionDistinct,Feature Envy,"designitejava,checkstyle",test/org/apache/pig/test/TestPushUpFilter.java,test/org/apache/pig/test/TestPushUpFilter.java.TestPushUpFilter.testFilterConstantConditionDistinct.Feature Envy,0.4.0-rc0,0.8.1,0.9.0-rc0,9
pig,0.4.0-rc0,org.apache.pig.test,TestPushUpFilter,testFilterConstantConditionFRJoin,Feature Envy,"designitejava,checkstyle",test/org/apache/pig/test/TestPushUpFilter.java,test/org/apache/pig/test/TestPushUpFilter.java.TestPushUpFilter.testFilterConstantConditionFRJoin.Feature Envy,0.4.0-rc0,0.8.1,0.9.0-rc0,9
pig,0.4.0-rc0,org.apache.pig.test,TestPushUpFilter,testFilterConstantConditionForeach,Feature Envy,"designitejava,checkstyle",test/org/apache/pig/test/TestPushUpFilter.java,test/org/apache/pig/test/TestPushUpFilter.java.TestPushUpFilter.testFilterConstantConditionForeach.Feature Envy,0.4.0-rc0,0.8.1,0.9.0-rc0,9
pig,0.4.0-rc0,org.apache.pig.test,TestPushUpFilter,testFilterConstantConditionGroupBy,Feature Envy,"designitejava,checkstyle",test/org/apache/pig/test/TestPushUpFilter.java,test/org/apache/pig/test/TestPushUpFilter.java.TestPushUpFilter.testFilterConstantConditionGroupBy.Feature Envy,0.4.0-rc0,0.8.1,0.9.0-rc0,9
pig,0.4.0-rc0,org.apache.pig.test,TestPushUpFilter,testFilterConstantConditionGroupByOuter,Feature Envy,"designitejava,checkstyle",test/org/apache/pig/test/TestPushUpFilter.java,test/org/apache/pig/test/TestPushUpFilter.java.TestPushUpFilter.testFilterConstantConditionGroupByOuter.Feature Envy,0.4.0-rc0,0.8.1,0.9.0-rc0,9
pig,0.4.0-rc0,org.apache.pig.test,TestPushUpFilter,testFilterConstantConditionInnerJoin,Feature Envy,"designitejava,checkstyle",test/org/apache/pig/test/TestPushUpFilter.java,test/org/apache/pig/test/TestPushUpFilter.java.TestPushUpFilter.testFilterConstantConditionInnerJoin.Feature Envy,0.4.0-rc0,0.8.1,0.9.0-rc0,9
pig,0.4.0-rc0,org.apache.pig.test,TestPushUpFilter,testFilterConstantConditionSort,Feature Envy,"designitejava,checkstyle",test/org/apache/pig/test/TestPushUpFilter.java,test/org/apache/pig/test/TestPushUpFilter.java.TestPushUpFilter.testFilterConstantConditionSort.Feature Envy,0.4.0-rc0,0.8.1,0.9.0-rc0,9
pig,0.4.0-rc0,org.apache.pig.test,TestPushUpFilter,testFilterConstantConditionUnion,Feature Envy,"designitejava,checkstyle",test/org/apache/pig/test/TestPushUpFilter.java,test/org/apache/pig/test/TestPushUpFilter.java.TestPushUpFilter.testFilterConstantConditionUnion.Feature Envy,0.4.0-rc0,0.8.1,0.9.0-rc0,9
pig,0.4.0-rc0,org.apache.pig.test,TestPushUpFilter,testFilterCross,Feature Envy,"designitejava,checkstyle",test/org/apache/pig/test/TestPushUpFilter.java,test/org/apache/pig/test/TestPushUpFilter.java.TestPushUpFilter.testFilterCross.Feature Envy,0.4.0-rc0,0.8.1,0.9.0-rc0,9
pig,0.4.0-rc0,org.apache.pig.test,TestPushUpFilter,testFilterCross1,Feature Envy,"designitejava,checkstyle",test/org/apache/pig/test/TestPushUpFilter.java,test/org/apache/pig/test/TestPushUpFilter.java.TestPushUpFilter.testFilterCross1.Feature Envy,0.4.0-rc0,0.8.1,0.9.0-rc0,9
pig,0.4.0-rc0,org.apache.pig.test,TestPushUpFilter,testFilterCross2,Feature Envy,"designitejava,checkstyle",test/org/apache/pig/test/TestPushUpFilter.java,test/org/apache/pig/test/TestPushUpFilter.java.TestPushUpFilter.testFilterCross2.Feature Envy,0.4.0-rc0,0.8.1,0.9.0-rc0,9
pig,0.4.0-rc0,org.apache.pig.test,TestPushUpFilter,testFilterDistinct,Feature Envy,"designitejava,checkstyle",test/org/apache/pig/test/TestPushUpFilter.java,test/org/apache/pig/test/TestPushUpFilter.java.TestPushUpFilter.testFilterDistinct.Feature Envy,0.4.0-rc0,0.8.1,0.9.0-rc0,9
pig,0.4.0-rc0,org.apache.pig.test,TestPushUpFilter,testFilterFRJoin,Feature Envy,"designitejava,checkstyle",test/org/apache/pig/test/TestPushUpFilter.java,test/org/apache/pig/test/TestPushUpFilter.java.TestPushUpFilter.testFilterFRJoin.Feature Envy,0.4.0-rc0,0.8.1,0.9.0-rc0,9
pig,0.4.0-rc0,org.apache.pig.test,TestPushUpFilter,testFilterFRJoin1,Feature Envy,"designitejava,checkstyle",test/org/apache/pig/test/TestPushUpFilter.java,test/org/apache/pig/test/TestPushUpFilter.java.TestPushUpFilter.testFilterFRJoin1.Feature Envy,0.4.0-rc0,0.8.1,0.9.0-rc0,9
pig,0.4.0-rc0,org.apache.pig.test,TestPushUpFilter,testFilterFilter,Feature Envy,"designitejava,checkstyle",test/org/apache/pig/test/TestPushUpFilter.java,test/org/apache/pig/test/TestPushUpFilter.java.TestPushUpFilter.testFilterFilter.Feature Envy,0.4.0-rc0,0.8.1,0.9.0-rc0,9
pig,0.4.0-rc0,org.apache.pig.test,TestPushUpFilter,testFilterForeach,Feature Envy,"designitejava,checkstyle",test/org/apache/pig/test/TestPushUpFilter.java,test/org/apache/pig/test/TestPushUpFilter.java.TestPushUpFilter.testFilterForeach.Feature Envy,0.4.0-rc0,0.8.1,0.9.0-rc0,9
pig,0.4.0-rc0,org.apache.pig.test,TestPushUpFilter,testFilterForeachAddedField,Feature Envy,"designitejava,checkstyle",test/org/apache/pig/test/TestPushUpFilter.java,test/org/apache/pig/test/TestPushUpFilter.java.TestPushUpFilter.testFilterForeachAddedField.Feature Envy,0.4.0-rc0,0.8.1,0.9.0-rc0,9
pig,0.4.0-rc0,org.apache.pig.test,TestPushUpFilter,testFilterForeachCast,Feature Envy,"designitejava,checkstyle",test/org/apache/pig/test/TestPushUpFilter.java,test/org/apache/pig/test/TestPushUpFilter.java.TestPushUpFilter.testFilterForeachCast.Feature Envy,0.4.0-rc0,0.8.1,0.9.0-rc0,9
pig,0.4.0-rc0,org.apache.pig.test,TestPushUpFilter,testFilterForeachFlatten,Feature Envy,"designitejava,checkstyle",test/org/apache/pig/test/TestPushUpFilter.java,test/org/apache/pig/test/TestPushUpFilter.java.TestPushUpFilter.testFilterForeachFlatten.Feature Envy,0.4.0-rc0,0.8.1,0.9.0-rc0,9
pig,0.4.0-rc0,org.apache.pig.test,TestPushUpFilter,testFilterGroupBy,Feature Envy,"designitejava,checkstyle",test/org/apache/pig/test/TestPushUpFilter.java,test/org/apache/pig/test/TestPushUpFilter.java.TestPushUpFilter.testFilterGroupBy.Feature Envy,0.4.0-rc0,0.8.1,0.9.0-rc0,9
pig,0.4.0-rc0,org.apache.pig.test,TestPushUpFilter,testFilterGroupByOuter,Feature Envy,"designitejava,checkstyle",test/org/apache/pig/test/TestPushUpFilter.java,test/org/apache/pig/test/TestPushUpFilter.java.TestPushUpFilter.testFilterGroupByOuter.Feature Envy,0.4.0-rc0,0.8.1,0.9.0-rc0,9
pig,0.4.0-rc0,org.apache.pig.test,TestPushUpFilter,testFilterInnerJoin,Feature Envy,"designitejava,checkstyle",test/org/apache/pig/test/TestPushUpFilter.java,test/org/apache/pig/test/TestPushUpFilter.java.TestPushUpFilter.testFilterInnerJoin.Feature Envy,0.4.0-rc0,0.8.1,0.9.0-rc0,9
pig,0.4.0-rc0,org.apache.pig.test,TestPushUpFilter,testFilterInnerJoin1,Feature Envy,"designitejava,checkstyle",test/org/apache/pig/test/TestPushUpFilter.java,test/org/apache/pig/test/TestPushUpFilter.java.TestPushUpFilter.testFilterInnerJoin1.Feature Envy,0.4.0-rc0,0.8.1,0.9.0-rc0,9
pig,0.4.0-rc0,org.apache.pig.test,TestPushUpFilter,testFilterLimit,Feature Envy,"designitejava,checkstyle",test/org/apache/pig/test/TestPushUpFilter.java,test/org/apache/pig/test/TestPushUpFilter.java.TestPushUpFilter.testFilterLimit.Feature Envy,0.4.0-rc0,0.8.1,0.9.0-rc0,9
pig,0.6.0-rc0,org.apache.pig.test,TestPushUpFilter,testFilterNestedForEach,Feature Envy,"designitejava,checkstyle",test/org/apache/pig/test/TestPushUpFilter.java,test/org/apache/pig/test/TestPushUpFilter.java.TestPushUpFilter.testFilterNestedForEach.Feature Envy,0.6.0-rc0,0.8.1,0.9.0-rc0,6
pig,0.4.0-rc0,org.apache.pig.test,TestPushUpFilter,testFilterSort,Feature Envy,"designitejava,checkstyle",test/org/apache/pig/test/TestPushUpFilter.java,test/org/apache/pig/test/TestPushUpFilter.java.TestPushUpFilter.testFilterSort.Feature Envy,0.4.0-rc0,0.8.1,0.9.0-rc0,9
pig,0.4.0-rc0,org.apache.pig.test,TestPushUpFilter,testFilterSplitOutput,Feature Envy,"designitejava,checkstyle",test/org/apache/pig/test/TestPushUpFilter.java,test/org/apache/pig/test/TestPushUpFilter.java.TestPushUpFilter.testFilterSplitOutput.Feature Envy,0.4.0-rc0,0.8.1,0.9.0-rc0,9
pig,0.4.0-rc0,org.apache.pig.test,TestPushUpFilter,testFilterStreaming,Feature Envy,"designitejava,checkstyle",test/org/apache/pig/test/TestPushUpFilter.java,test/org/apache/pig/test/TestPushUpFilter.java.TestPushUpFilter.testFilterStreaming.Feature Envy,0.4.0-rc0,0.8.1,0.9.0-rc0,9
pig,0.4.0-rc0,org.apache.pig.test,TestPushUpFilter,testFilterUDFCogroup,Feature Envy,"designitejava,checkstyle",test/org/apache/pig/test/TestPushUpFilter.java,test/org/apache/pig/test/TestPushUpFilter.java.TestPushUpFilter.testFilterUDFCogroup.Feature Envy,0.4.0-rc0,0.8.1,0.9.0-rc0,9
pig,0.4.0-rc0,org.apache.pig.test,TestPushUpFilter,testFilterUDFCogroupOuter,Feature Envy,"designitejava,checkstyle",test/org/apache/pig/test/TestPushUpFilter.java,test/org/apache/pig/test/TestPushUpFilter.java.TestPushUpFilter.testFilterUDFCogroupOuter.Feature Envy,0.4.0-rc0,0.8.1,0.9.0-rc0,9
pig,0.4.0-rc0,org.apache.pig.test,TestPushUpFilter,testFilterUDFCross,Feature Envy,"designitejava,checkstyle",test/org/apache/pig/test/TestPushUpFilter.java,test/org/apache/pig/test/TestPushUpFilter.java.TestPushUpFilter.testFilterUDFCross.Feature Envy,0.4.0-rc0,0.8.1,0.9.0-rc0,9
pig,0.4.0-rc0,org.apache.pig.test,TestPushUpFilter,testFilterUDFDistinct,Feature Envy,"designitejava,checkstyle",test/org/apache/pig/test/TestPushUpFilter.java,test/org/apache/pig/test/TestPushUpFilter.java.TestPushUpFilter.testFilterUDFDistinct.Feature Envy,0.4.0-rc0,0.8.1,0.9.0-rc0,9
pig,0.4.0-rc0,org.apache.pig.test,TestPushUpFilter,testFilterUDFFRJoin,Feature Envy,"designitejava,checkstyle",test/org/apache/pig/test/TestPushUpFilter.java,test/org/apache/pig/test/TestPushUpFilter.java.TestPushUpFilter.testFilterUDFFRJoin.Feature Envy,0.4.0-rc0,0.8.1,0.9.0-rc0,9
pig,0.4.0-rc0,org.apache.pig.test,TestPushUpFilter,testFilterUDFForeach,Feature Envy,"designitejava,checkstyle",test/org/apache/pig/test/TestPushUpFilter.java,test/org/apache/pig/test/TestPushUpFilter.java.TestPushUpFilter.testFilterUDFForeach.Feature Envy,0.4.0-rc0,0.8.1,0.9.0-rc0,9
pig,0.4.0-rc0,org.apache.pig.test,TestPushUpFilter,testFilterUDFGroupBy,Feature Envy,"designitejava,checkstyle",test/org/apache/pig/test/TestPushUpFilter.java,test/org/apache/pig/test/TestPushUpFilter.java.TestPushUpFilter.testFilterUDFGroupBy.Feature Envy,0.4.0-rc0,0.8.1,0.9.0-rc0,9
pig,0.4.0-rc0,org.apache.pig.test,TestPushUpFilter,testFilterUDFGroupByOuter,Feature Envy,"designitejava,checkstyle",test/org/apache/pig/test/TestPushUpFilter.java,test/org/apache/pig/test/TestPushUpFilter.java.TestPushUpFilter.testFilterUDFGroupByOuter.Feature Envy,0.4.0-rc0,0.8.1,0.9.0-rc0,9
pig,0.4.0-rc0,org.apache.pig.test,TestPushUpFilter,testFilterUDFInnerJoin,Feature Envy,"designitejava,checkstyle",test/org/apache/pig/test/TestPushUpFilter.java,test/org/apache/pig/test/TestPushUpFilter.java.TestPushUpFilter.testFilterUDFInnerJoin.Feature Envy,0.4.0-rc0,0.8.1,0.9.0-rc0,9
pig,0.4.0-rc0,org.apache.pig.test,TestPushUpFilter,testFilterUDFSort,Feature Envy,"designitejava,checkstyle",test/org/apache/pig/test/TestPushUpFilter.java,test/org/apache/pig/test/TestPushUpFilter.java.TestPushUpFilter.testFilterUDFSort.Feature Envy,0.4.0-rc0,0.8.1,0.9.0-rc0,9
pig,0.4.0-rc0,org.apache.pig.test,TestPushUpFilter,testFilterUDFUnion,Feature Envy,"designitejava,checkstyle",test/org/apache/pig/test/TestPushUpFilter.java,test/org/apache/pig/test/TestPushUpFilter.java.TestPushUpFilter.testFilterUDFUnion.Feature Envy,0.4.0-rc0,0.8.1,0.9.0-rc0,9
pig,0.4.0-rc0,org.apache.pig.test,TestPushUpFilter,testFilterUnion,Feature Envy,"designitejava,checkstyle",test/org/apache/pig/test/TestPushUpFilter.java,test/org/apache/pig/test/TestPushUpFilter.java.TestPushUpFilter.testFilterUnion.Feature Envy,0.4.0-rc0,0.8.1,0.9.0-rc0,9
pig,0.8.0,org.apache.pig.test,TestPushUpFilter,testFullOutJoin,Feature Envy,"designitejava,checkstyle",test/org/apache/pig/test/TestPushUpFilter.java,test/org/apache/pig/test/TestPushUpFilter.java.TestPushUpFilter.testFullOutJoin.Feature Envy,0.8.0,0.8.1,0.9.0-rc0,3
pig,0.8.1-rc0,org.apache.pig.test,TestPushUpFilter,testJoinNoSchema,Feature Envy,"designitejava,checkstyle",test/org/apache/pig/test/TestPushUpFilter.java,test/org/apache/pig/test/TestPushUpFilter.java.TestPushUpFilter.testJoinNoSchema.Feature Envy,0.8.1-rc0,0.8.1,0.9.0-rc0,2
pig,0.7.0,org.apache.pig.test,TestPushUpFilter,testOutJoin,Feature Envy,"designitejava,checkstyle",test/org/apache/pig/test/TestPushUpFilter.java,test/org/apache/pig/test/TestPushUpFilter.java.TestPushUpFilter.testOutJoin.Feature Envy,0.7.0,0.8.1,0.9.0-rc0,4
pig,0.12.0-rc0,org.apache.pig.test,TestRelationToExprProject,testFilter1,Feature Envy,"designitejava,checkstyle",test/org/apache/pig/test/TestRelationToExprProject.java,test/org/apache/pig/test/TestRelationToExprProject.java.TestRelationToExprProject.testFilter1.Feature Envy,0.12.0-rc0,0.17.0,0.17.0,14
pig,0.12.0-rc0,org.apache.pig.test,TestRelationToExprProject,testFilterCount1,Feature Envy,"designitejava,checkstyle",test/org/apache/pig/test/TestRelationToExprProject.java,test/org/apache/pig/test/TestRelationToExprProject.java.TestRelationToExprProject.testFilterCount1.Feature Envy,0.12.0-rc0,0.17.0,0.17.0,14
pig,0.12.0-rc0,org.apache.pig.test,TestRelationToExprProject,testFilterCount2,Feature Envy,"designitejava,checkstyle",test/org/apache/pig/test/TestRelationToExprProject.java,test/org/apache/pig/test/TestRelationToExprProject.java.TestRelationToExprProject.testFilterCount2.Feature Envy,0.12.0-rc0,0.17.0,0.17.0,14
pig,0.4.0-rc0,org.apache.pig.test,TestRewire,testQueryCogroupFilterPushBefore,Feature Envy,"designitejava,checkstyle",test/org/apache/pig/test/TestRewire.java,test/org/apache/pig/test/TestRewire.java.TestRewire.testQueryCogroupFilterPushBefore.Feature Envy,0.4.0-rc0,0.8.1,0.9.0-rc0,9
pig,0.4.0-rc0,org.apache.pig.test,TestRewire,testQueryCogroupFilterPushBeforeNegative,Feature Envy,"designitejava,checkstyle",test/org/apache/pig/test/TestRewire.java,test/org/apache/pig/test/TestRewire.java.TestRewire.testQueryCogroupFilterPushBeforeNegative.Feature Envy,0.4.0-rc0,0.8.1,0.9.0-rc0,9
pig,0.4.0-rc0,org.apache.pig.test,TestRewire,testQueryCogroupTrimAboveNegative,Feature Envy,"designitejava,checkstyle",test/org/apache/pig/test/TestRewire.java,test/org/apache/pig/test/TestRewire.java.TestRewire.testQueryCogroupTrimAboveNegative.Feature Envy,0.4.0-rc0,0.8.1,0.9.0-rc0,9
pig,0.4.0-rc0,org.apache.pig.test,TestRewire,testQueryCogroupTrimAboveNegative1,Feature Envy,"designitejava,checkstyle",test/org/apache/pig/test/TestRewire.java,test/org/apache/pig/test/TestRewire.java.TestRewire.testQueryCogroupTrimAboveNegative1.Feature Envy,0.4.0-rc0,0.8.1,0.9.0-rc0,9
pig,0.4.0-rc0,org.apache.pig.test,TestRewire,testQueryFRJoinFilterPushBefore,Feature Envy,"designitejava,checkstyle",test/org/apache/pig/test/TestRewire.java,test/org/apache/pig/test/TestRewire.java.TestRewire.testQueryFRJoinFilterPushBefore.Feature Envy,0.4.0-rc0,0.8.1,0.9.0-rc0,9
pig,0.4.0-rc0,org.apache.pig.test,TestRewire,testQueryFRJoinFilterPushBeforeNegative,Feature Envy,"designitejava,checkstyle",test/org/apache/pig/test/TestRewire.java,test/org/apache/pig/test/TestRewire.java.TestRewire.testQueryFRJoinFilterPushBeforeNegative.Feature Envy,0.4.0-rc0,0.8.1,0.9.0-rc0,9
pig,0.4.0-rc0,org.apache.pig.test,TestRewire,testQueryReemoveFilterAndReconnect,Feature Envy,"designitejava,checkstyle",test/org/apache/pig/test/TestRewire.java,test/org/apache/pig/test/TestRewire.java.TestRewire.testQueryReemoveFilterAndReconnect.Feature Envy,0.4.0-rc0,0.8.1,0.9.0-rc0,9
pig,0.4.0-rc0,org.apache.pig.test,TestRewire,testQueryReplaceFilter,Feature Envy,"designitejava,checkstyle",test/org/apache/pig/test/TestRewire.java,test/org/apache/pig/test/TestRewire.java.TestRewire.testQueryReplaceFilter.Feature Envy,0.4.0-rc0,0.8.1,0.9.0-rc0,9
pig,0.4.0-rc0,org.apache.pig.test,TestRewire,testQuerySplitFilterInsertBetween,Feature Envy,"designitejava,checkstyle",test/org/apache/pig/test/TestRewire.java,test/org/apache/pig/test/TestRewire.java.TestRewire.testQuerySplitFilterInsertBetween.Feature Envy,0.4.0-rc0,0.8.1,0.9.0-rc0,9
pig,0.8.0,org.apache.pig.test,TestScalarAliases,testFilteredScalarDollarProj,Feature Envy,"designitejava,checkstyle",test/org/apache/pig/test/TestScalarAliases.java,test/org/apache/pig/test/TestScalarAliases.java.TestScalarAliases.testFilteredScalarDollarProj.Feature Envy,0.8.0,0.14.0,0.15.0-rc0,25
pig,0.8.0,org.apache.pig.test,TestScalarAliases,testScalarAliasesBatchNobatch,Feature Envy,"designitejava,checkstyle",test/org/apache/pig/test/TestScalarAliases.java,test/org/apache/pig/test/TestScalarAliases.java.TestScalarAliases.testScalarAliasesBatchNobatch.Feature Envy,0.8.0,0.14.0,0.15.0-rc0,25
pig,0.8.0,org.apache.pig.test,TestScalarAliases,testScalarAliasesFilterClause,Feature Envy,"designitejava,checkstyle",test/org/apache/pig/test/TestScalarAliases.java,test/org/apache/pig/test/TestScalarAliases.java.TestScalarAliases.testScalarAliasesFilterClause.Feature Envy,0.8.0,0.14.0,0.15.0-rc0,25
pig,0.8.0,org.apache.pig.test,TestScalarAliases,testScalarAliasesJoinClause,Feature Envy,"designitejava,checkstyle",test/org/apache/pig/test/TestScalarAliases.java,test/org/apache/pig/test/TestScalarAliases.java.TestScalarAliases.testScalarAliasesJoinClause.Feature Envy,0.8.0,0.14.0,0.15.0-rc0,25
pig,0.8.0,org.apache.pig.test,TestScalarAliases,testScalarAliasesLimit,Feature Envy,"designitejava,checkstyle",test/org/apache/pig/test/TestScalarAliases.java,test/org/apache/pig/test/TestScalarAliases.java.TestScalarAliases.testScalarAliasesLimit.Feature Envy,0.8.0,0.14.0,0.15.0-rc0,25
pig,0.8.0,org.apache.pig.test,TestScalarAliases,testScalarAliasesSplitClause,Feature Envy,"designitejava,checkstyle",test/org/apache/pig/test/TestScalarAliases.java,test/org/apache/pig/test/TestScalarAliases.java.TestScalarAliases.testScalarAliasesSplitClause.Feature Envy,0.8.0,0.17.0,0.17.0,31
pig,0.8.0,org.apache.pig.test,TestScalarAliases,testScalarWithNoSchema,Feature Envy,"designitejava,checkstyle",test/org/apache/pig/test/TestScalarAliases.java,test/org/apache/pig/test/TestScalarAliases.java.TestScalarAliases.testScalarWithNoSchema.Feature Envy,0.8.0,0.14.0,0.15.0-rc0,25
pig,0.8.0,org.apache.pig.test,TestScalarAliases,testScalarWithNoSchemaDollarProj,Feature Envy,"designitejava,checkstyle",test/org/apache/pig/test/TestScalarAliases.java,test/org/apache/pig/test/TestScalarAliases.java.TestScalarAliases.testScalarWithNoSchemaDollarProj.Feature Envy,0.8.0,0.14.0,0.15.0-rc0,25
pig,0.8.0,org.apache.pig.test,TestScalarAliases,testScalarWithTwoBranches,Feature Envy,"designitejava,checkstyle",test/org/apache/pig/test/TestScalarAliases.java,test/org/apache/pig/test/TestScalarAliases.java.TestScalarAliases.testScalarWithTwoBranches.Feature Envy,0.8.0,0.14.0,0.15.0-rc0,25
pig,0.8.0,org.apache.pig.test,TestScalarAliases,testUseScalarMultipleTimes,Feature Envy,"designitejava,checkstyle",test/org/apache/pig/test/TestScalarAliases.java,test/org/apache/pig/test/TestScalarAliases.java.TestScalarAliases.testUseScalarMultipleTimes.Feature Envy,0.8.0,0.14.0,0.15.0-rc0,25
pig,0.15.0-rc0,org.apache.pig.test,TestScalarAliasesLocal,testFilteredScalarDollarProj,Feature Envy,"designitejava,checkstyle",test/org/apache/pig/test/TestScalarAliasesLocal.java,test/org/apache/pig/test/TestScalarAliasesLocal.java.TestScalarAliasesLocal.testFilteredScalarDollarProj.Feature Envy,0.15.0-rc0,0.17.0,0.17.0,6
pig,0.15.0-rc0,org.apache.pig.test,TestScalarAliasesLocal,testScalarAliasesBatchNobatch,Feature Envy,"designitejava,checkstyle",test/org/apache/pig/test/TestScalarAliasesLocal.java,test/org/apache/pig/test/TestScalarAliasesLocal.java.TestScalarAliasesLocal.testScalarAliasesBatchNobatch.Feature Envy,0.15.0-rc0,0.17.0,0.17.0,6
pig,0.15.0-rc0,org.apache.pig.test,TestScalarAliasesLocal,testScalarAliasesJoinClause,Feature Envy,"designitejava,checkstyle",test/org/apache/pig/test/TestScalarAliasesLocal.java,test/org/apache/pig/test/TestScalarAliasesLocal.java.TestScalarAliasesLocal.testScalarAliasesJoinClause.Feature Envy,0.15.0-rc0,0.17.0,0.17.0,6
pig,0.15.0-rc0,org.apache.pig.test,TestScalarAliasesLocal,testScalarNullValue,Feature Envy,"designitejava,checkstyle",test/org/apache/pig/test/TestScalarAliasesLocal.java,test/org/apache/pig/test/TestScalarAliasesLocal.java.TestScalarAliasesLocal.testScalarNullValue.Feature Envy,0.15.0-rc0,0.17.0,0.17.0,6
pig,0.16.0-rc0,org.apache.pig.test,TestScalarAliasesLocal,testScalarNullValue2,Feature Envy,"designitejava,checkstyle",test/org/apache/pig/test/TestScalarAliasesLocal.java,test/org/apache/pig/test/TestScalarAliasesLocal.java.TestScalarAliasesLocal.testScalarNullValue2.Feature Envy,0.16.0-rc0,0.17.0,0.17.0,4
pig,0.15.0-rc0,org.apache.pig.test,TestScalarAliasesLocal,testScalarWithTwoBranches,Feature Envy,"designitejava,checkstyle",test/org/apache/pig/test/TestScalarAliasesLocal.java,test/org/apache/pig/test/TestScalarAliasesLocal.java.TestScalarAliasesLocal.testScalarWithTwoBranches.Feature Envy,0.15.0-rc0,0.17.0,0.17.0,6
pig,0.15.0-rc0,org.apache.pig.test,TestScalarAliasesLocal,testUseScalarMultipleTimes,Feature Envy,"designitejava,checkstyle",test/org/apache/pig/test/TestScalarAliasesLocal.java,test/org/apache/pig/test/TestScalarAliasesLocal.java.TestScalarAliasesLocal.testUseScalarMultipleTimes.Feature Envy,0.15.0-rc0,0.17.0,0.17.0,6
pig,0.9.0-rc0,org.apache.pig.test,TestScriptUDF,testJavascriptExampleScript,Feature Envy,"designitejava,checkstyle",test/org/apache/pig/test/TestScriptUDF.java,test/org/apache/pig/test/TestScriptUDF.java.TestScriptUDF.testJavascriptExampleScript.Feature Envy,0.9.0-rc0,0.17.0,0.17.0,28
pig,0.8.0,org.apache.pig.test,TestScriptUDF,testPythonAbsolutePath,Feature Envy,"designitejava,checkstyle",test/org/apache/pig/test/TestScriptUDF.java,test/org/apache/pig/test/TestScriptUDF.java.TestScriptUDF.testPythonAbsolutePath.Feature Envy,0.8.0,0.17.0,0.17.0,31
pig,0.12.0-rc0,org.apache.pig.test,TestScriptUDF,testPythonBuiltinModuleImport1,Feature Envy,"designitejava,checkstyle",test/org/apache/pig/test/TestScriptUDF.java,test/org/apache/pig/test/TestScriptUDF.java.TestScriptUDF.testPythonBuiltinModuleImport1.Feature Envy,0.12.0-rc0,0.17.0,0.17.0,14
pig,0.10.0-rc0,org.apache.pig.test,TestScriptUDF,testPythonNestedImport,Feature Envy,"designitejava,checkstyle",test/org/apache/pig/test/TestScriptUDF.java,test/org/apache/pig/test/TestScriptUDF.java.TestScriptUDF.testPythonNestedImport.Feature Envy,0.10.0-rc0,0.17.0,0.17.0,22
pig,0.8.0,org.apache.pig.test,TestScriptUDF,testPythonScriptUDFBagInput,Feature Envy,"designitejava,checkstyle",test/org/apache/pig/test/TestScriptUDF.java,test/org/apache/pig/test/TestScriptUDF.java.TestScriptUDF.testPythonScriptUDFBagInput.Feature Envy,0.8.0,0.10.1,0.11.0-rc0,13
pig,0.8.0,org.apache.pig.test,TestScriptUDF,testPythonScriptUDFMapInput,Feature Envy,"designitejava,checkstyle",test/org/apache/pig/test/TestScriptUDF.java,test/org/apache/pig/test/TestScriptUDF.java.TestScriptUDF.testPythonScriptUDFMapInput.Feature Envy,0.8.0,0.10.1,0.11.0-rc0,13
pig,0.9.0-rc0,org.apache.pig.test,TestScriptUDF,testPythonScriptUDFMapOutput,Feature Envy,"designitejava,checkstyle",test/org/apache/pig/test/TestScriptUDF.java,test/org/apache/pig/test/TestScriptUDF.java.TestScriptUDF.testPythonScriptUDFMapOutput.Feature Envy,0.9.0-rc0,0.10.1,0.11.0-rc0,10
pig,0.8.0,org.apache.pig.test,TestScriptUDF,testPythonScriptUDFNoDecorator,Feature Envy,"designitejava,checkstyle",test/org/apache/pig/test/TestScriptUDF.java,test/org/apache/pig/test/TestScriptUDF.java.TestScriptUDF.testPythonScriptUDFNoDecorator.Feature Envy,0.8.0,0.10.1,0.11.0-rc0,13
pig,0.8.0,org.apache.pig.test,TestScriptUDF,testPythonScriptUDFNullInputOutput,Feature Envy,"designitejava,checkstyle",test/org/apache/pig/test/TestScriptUDF.java,test/org/apache/pig/test/TestScriptUDF.java.TestScriptUDF.testPythonScriptUDFNullInputOutput.Feature Envy,0.8.0,0.10.1,0.11.0-rc0,13
pig,0.8.0,org.apache.pig.test,TestScriptUDF,testPythonScriptWithSchemaFunction,Feature Envy,"designitejava,checkstyle",test/org/apache/pig/test/TestScriptUDF.java,test/org/apache/pig/test/TestScriptUDF.java.TestScriptUDF.testPythonScriptWithSchemaFunction.Feature Envy,0.8.0,0.10.1,0.11.0-rc0,13
pig,0.8.0,org.apache.pig.test,TestScriptUDF,testPythonStandardScript,Feature Envy,"designitejava,checkstyle",test/org/apache/pig/test/TestScriptUDF.java,test/org/apache/pig/test/TestScriptUDF.java.TestScriptUDF.testPythonStandardScript.Feature Envy,0.8.0,0.10.1,0.11.0-rc0,13
pig,0.10.0-rc0,org.apache.pig.test,TestScriptUDF,testPythonWilcardImport,Feature Envy,"designitejava,checkstyle",test/org/apache/pig/test/TestScriptUDF.java,test/org/apache/pig/test/TestScriptUDF.java.TestScriptUDF.testPythonWilcardImport.Feature Envy,0.10.0-rc0,0.10.1,0.11.0-rc0,4
pig,0.6.0-rc0,org.apache.pig.test,TestSecondarySort,testNestedDistinctEndToEnd1,Feature Envy,"designitejava,checkstyle",test/org/apache/pig/test/TestSecondarySort.java,test/org/apache/pig/test/TestSecondarySort.java.TestSecondarySort.testNestedDistinctEndToEnd1.Feature Envy,0.6.0-rc0,0.17.0,0.17.0,34
pig,0.6.0-rc0,org.apache.pig.test,TestSecondarySort,testNestedDistinctEndToEnd2,Feature Envy,"designitejava,checkstyle",test/org/apache/pig/test/TestSecondarySort.java,test/org/apache/pig/test/TestSecondarySort.java.TestSecondarySort.testNestedDistinctEndToEnd2.Feature Envy,0.6.0-rc0,0.17.0,0.17.0,34
pig,0.6.0-rc0,org.apache.pig.test,TestSecondarySort,testNestedSortEndToEnd1,Feature Envy,"designitejava,checkstyle",test/org/apache/pig/test/TestSecondarySort.java,test/org/apache/pig/test/TestSecondarySort.java.TestSecondarySort.testNestedSortEndToEnd1.Feature Envy,0.6.0-rc0,0.17.0,0.17.0,34
pig,0.6.0-rc0,org.apache.pig.test,TestSecondarySort,testNestedSortEndToEnd2,Feature Envy,"designitejava,checkstyle",test/org/apache/pig/test/TestSecondarySort.java,test/org/apache/pig/test/TestSecondarySort.java.TestSecondarySort.testNestedSortEndToEnd2.Feature Envy,0.6.0-rc0,0.17.0,0.17.0,34
pig,0.6.0-rc0,org.apache.pig.test,TestSecondarySort,testNestedSortMultiQueryEndToEnd1,Feature Envy,"designitejava,checkstyle",test/org/apache/pig/test/TestSecondarySort.java,test/org/apache/pig/test/TestSecondarySort.java.TestSecondarySort.testNestedSortMultiQueryEndToEnd1.Feature Envy,0.6.0-rc0,0.17.0,0.17.0,34
pig,0.14.0-rc0,org.apache.pig.test,TestSecondarySort,testNestedSortMultiQueryEndToEnd2,Feature Envy,"designitejava,checkstyle",test/org/apache/pig/test/TestSecondarySort.java,test/org/apache/pig/test/TestSecondarySort.java.TestSecondarySort.testNestedSortMultiQueryEndToEnd2.Feature Envy,0.14.0-rc0,0.17.0,0.17.0,8
pig,0.16.0-rc0,org.apache.pig.test,TestSecondarySort,testNestedSortMultiQueryEndToEnd3,Feature Envy,"designitejava,checkstyle",test/org/apache/pig/test/TestSecondarySort.java,test/org/apache/pig/test/TestSecondarySort.java.TestSecondarySort.testNestedSortMultiQueryEndToEnd3.Feature Envy,0.16.0-rc0,0.17.0,0.17.0,4
pig,0.12.0-rc0,org.apache.pig.test,TestShortcuts,testDescribeWithPreviousRelation,Feature Envy,"designitejava,checkstyle",test/org/apache/pig/test/TestShortcuts.java,test/org/apache/pig/test/TestShortcuts.java.TestShortcuts.testDescribeWithPreviousRelation.Feature Envy,0.12.0-rc0,0.17.0,0.17.0,14
pig,0.12.0-rc0,org.apache.pig.test,TestShortcuts,testDumpWithPreviousRelation,Feature Envy,"designitejava,checkstyle",test/org/apache/pig/test/TestShortcuts.java,test/org/apache/pig/test/TestShortcuts.java.TestShortcuts.testDumpWithPreviousRelation.Feature Envy,0.12.0-rc0,0.17.0,0.17.0,14
pig,0.9.2-rc0,org.apache.pig.test,TestSplitIndex,testSplitIndexNoCombine,Feature Envy,"designitejava,checkstyle",test/org/apache/pig/test/TestSplitIndex.java,test/org/apache/pig/test/TestSplitIndex.java.TestSplitIndex.testSplitIndexNoCombine.Feature Envy,0.9.2-rc0,0.17.0,0.17.0,24
pig,0.7.0,org.apache.pig.test,TestStore,testBinStorageGetSchema,Feature Envy,"designitejava,checkstyle",test/org/apache/pig/test/TestStore.java,test/org/apache/pig/test/TestStore.java.TestStore.testBinStorageGetSchema.Feature Envy,0.7.0,0.14.0,0.15.0-rc0,26
pig,0.2.0-rc0,pig.pig-release-0.2.0-rc0.test.org.apache.pig.test,TestStore,testStoreComplexData,Complex Method,"pmd,checkstyle",test/org/apache/pig/test/TestStore.java,test/org/apache/pig/test/TestStore.java.TestStore.testStoreComplexData.Complex Method,0.2.0-rc0,0.17.0,0.17.0,40
pig,0.2.0-rc0,pig.pig-release-0.2.0-rc0.test.org.apache.pig.test,TestStore,testStoreComplexDataWithNull,Complex Method,"pmd,checkstyle",test/org/apache/pig/test/TestStore.java,test/org/apache/pig/test/TestStore.java.TestStore.testStoreComplexDataWithNull.Complex Method,0.2.0-rc0,0.17.0,0.17.0,40
pig,0.11.0-rc0,org.apache.pig.test,TestStreaming,testAddJobConfToEnvironmentWithASynchInput,Feature Envy,"designitejava,checkstyle",test/org/apache/pig/test/TestStreaming.java,test/org/apache/pig/test/TestStreaming.java.TestStreaming.testAddJobConfToEnvironmentWithASynchInput.Feature Envy,0.11.0-rc0,0.17.0,0.17.0,18
pig,0.7.0,org.apache.pig.test,TestStreaming,testInputOutputSpecs,Feature Envy,"designitejava,checkstyle",test/org/apache/pig/test/TestStreaming.java,test/org/apache/pig/test/TestStreaming.java.TestStreaming.testInputOutputSpecs.Feature Envy,0.7.0,0.17.0,0.17.0,32
pig,0.7.0,org.apache.pig.test,TestStreaming,testInputShipSpecs,Feature Envy,"designitejava,checkstyle",test/org/apache/pig/test/TestStreaming.java,test/org/apache/pig/test/TestStreaming.java.TestStreaming.testInputShipSpecs.Feature Envy,0.7.0,0.17.0,0.17.0,32
pig,0.7.0,org.apache.pig.test,TestStreaming,testInputShipSpecsWithUDFDefine,Feature Envy,"designitejava,checkstyle",test/org/apache/pig/test/TestStreaming.java,test/org/apache/pig/test/TestStreaming.java.TestStreaming.testInputShipSpecsWithUDFDefine.Feature Envy,0.7.0,0.17.0,0.17.0,32
pig,0.7.0,org.apache.pig.test,TestStreaming,testOutputShipSpecs,Feature Envy,"designitejava,checkstyle",test/org/apache/pig/test/TestStreaming.java,test/org/apache/pig/test/TestStreaming.java.TestStreaming.testOutputShipSpecs.Feature Envy,0.7.0,0.17.0,0.17.0,32
pig,0.7.0,org.apache.pig.test,TestStreaming,testOutputShipSpecsWithUDFDefine,Feature Envy,"designitejava,checkstyle",test/org/apache/pig/test/TestStreaming.java,test/org/apache/pig/test/TestStreaming.java.TestStreaming.testOutputShipSpecsWithUDFDefine.Feature Envy,0.7.0,0.17.0,0.17.0,32
pig,0.7.0,org.apache.pig.test,TestStreamingLocal,testJoinTwoStreamingRelations,Feature Envy,"designitejava,checkstyle",test/org/apache/pig/test/TestStreamingLocal.java,test/org/apache/pig/test/TestStreamingLocal.java.TestStreamingLocal.testJoinTwoStreamingRelations.Feature Envy,0.7.0,0.17.0,0.17.0,32
pig,0.17.0-rc0,org.apache.pig.test,TestStreamingLocal,testNegativeScriptSyntaxError,Feature Envy,"designitejava,checkstyle",test/org/apache/pig/test/TestStreamingLocal.java,test/org/apache/pig/test/TestStreamingLocal.java.TestStreamingLocal.testNegativeScriptSyntaxError.Feature Envy,0.17.0-rc0,0.17.0,0.17.0,2
pig,0.10.0-rc0,org.apache.pig.test,TestStreamingLocal,testTwoStreamingMultiStore,Feature Envy,"designitejava,checkstyle",test/org/apache/pig/test/TestStreamingLocal.java,test/org/apache/pig/test/TestStreamingLocal.java.TestStreamingLocal.testTwoStreamingMultiStore.Feature Envy,0.10.0-rc0,0.10.0,0.10.1-rc0,2
pig,0.2.0-rc0,org.apache.pig.test,TestSubtract,testOperator,Complex Method,"designitejava,checkstyle",test/org/apache/pig/test/TestSubtract.java,test/org/apache/pig/test/TestSubtract.java.TestSubtract.testOperator.Complex Method,0.2.0-rc0,0.17.0,0.17.0,40
pig,0.9.0-rc0,org.apache.pig.test,TestToolsPigServer,testToolsPigServer,Feature Envy,"designitejava,checkstyle",test/org/apache/pig/test/TestToolsPigServer.java,test/org/apache/pig/test/TestToolsPigServer.java.TestToolsPigServer.testToolsPigServer.Feature Envy,0.9.0-rc0,0.17.0,0.17.0,28
pig,0.9.0-rc0,org.apache.pig.test,TestToolsPigServer,testToolsPigServerRegister,Feature Envy,"designitejava,checkstyle",test/org/apache/pig/test/TestToolsPigServer.java,test/org/apache/pig/test/TestToolsPigServer.java.TestToolsPigServer.testToolsPigServerRegister.Feature Envy,0.9.0-rc0,0.17.0,0.17.0,28
pig,0.2.0-rc0,org.apache.pig.test,TestTypeChecking,testGenerate1,Feature Envy,"designitejava,checkstyle",test/org/apache/pig/test/TestTypeChecking.java,test/org/apache/pig/test/TestTypeChecking.java.TestTypeChecking.testGenerate1.Feature Envy,0.2.0-rc0,0.8.1,0.9.0-rc0,12
pig,0.2.0-rc0,org.apache.pig.test,TestTypeChecking,testSUM1,Feature Envy,"designitejava,checkstyle",test/org/apache/pig/test/TestTypeChecking.java,test/org/apache/pig/test/TestTypeChecking.java.TestTypeChecking.testSUM1.Feature Envy,0.2.0-rc0,0.8.1,0.9.0-rc0,12
pig,0.2.0-rc0,org.apache.pig.test,TestTypeChecking,testSUM2,Feature Envy,"designitejava,checkstyle",test/org/apache/pig/test/TestTypeChecking.java,test/org/apache/pig/test/TestTypeChecking.java.TestTypeChecking.testSUM2.Feature Envy,0.2.0-rc0,0.8.1,0.9.0-rc0,12
pig,0.2.0-rc0,pig.pig-release-0.2.0-rc0.test.org.apache.pig.test,TestTypeCheckingValidator,,God Class,"pmd,checkstyle",test/org/apache/pig/test/TestTypeCheckingValidator.java,test/org/apache/pig/test/TestTypeCheckingValidator.java.TestTypeCheckingValidator..God Class,0.2.0-rc0,0.8.1,0.9.0-rc0,12
pig,0.8.0,org.apache.pig.test,TestTypeCheckingValidator,testBagDereference,Feature Envy,"designitejava,checkstyle",test/org/apache/pig/test/TestTypeCheckingValidator.java,test/org/apache/pig/test/TestTypeCheckingValidator.java.TestTypeCheckingValidator.testBagDereference.Feature Envy,0.8.0,0.8.1,0.9.0-rc0,3
pig,0.2.0-rc0,org.apache.pig.test,TestTypeCheckingValidator,testBinCondForOuterJoin,Feature Envy,"designitejava,checkstyle",test/org/apache/pig/test/TestTypeCheckingValidator.java,test/org/apache/pig/test/TestTypeCheckingValidator.java.TestTypeCheckingValidator.testBinCondForOuterJoin.Feature Envy,0.2.0-rc0,0.8.1,0.9.0-rc0,12
pig,0.2.0-rc0,org.apache.pig.test,TestTypeCheckingValidator,testBincond,Feature Envy,"designitejava,checkstyle",test/org/apache/pig/test/TestTypeCheckingValidator.java,test/org/apache/pig/test/TestTypeCheckingValidator.java.TestTypeCheckingValidator.testBincond.Feature Envy,0.2.0-rc0,0.8.1,0.9.0-rc0,12
pig,0.2.0-rc0,org.apache.pig.test,TestTypeCheckingValidator,testCogroupDistinctLineage,Feature Envy,"designitejava,checkstyle",test/org/apache/pig/test/TestTypeCheckingValidator.java,test/org/apache/pig/test/TestTypeCheckingValidator.java.TestTypeCheckingValidator.testCogroupDistinctLineage.Feature Envy,0.2.0-rc0,0.8.1,0.9.0-rc0,12
pig,0.2.0-rc0,org.apache.pig.test,TestTypeCheckingValidator,testCogroupDistinctLineageNoSchema,Feature Envy,"designitejava,checkstyle",test/org/apache/pig/test/TestTypeCheckingValidator.java,test/org/apache/pig/test/TestTypeCheckingValidator.java.TestTypeCheckingValidator.testCogroupDistinctLineageNoSchema.Feature Envy,0.2.0-rc0,0.8.1,0.9.0-rc0,12
pig,0.2.0-rc0,org.apache.pig.test,TestTypeCheckingValidator,testCogroupFilterLineage,Feature Envy,"designitejava,checkstyle",test/org/apache/pig/test/TestTypeCheckingValidator.java,test/org/apache/pig/test/TestTypeCheckingValidator.java.TestTypeCheckingValidator.testCogroupFilterLineage.Feature Envy,0.2.0-rc0,0.8.1,0.9.0-rc0,12
pig,0.2.0-rc0,org.apache.pig.test,TestTypeCheckingValidator,testCogroupFilterLineageNoSchema,Feature Envy,"designitejava,checkstyle",test/org/apache/pig/test/TestTypeCheckingValidator.java,test/org/apache/pig/test/TestTypeCheckingValidator.java.TestTypeCheckingValidator.testCogroupFilterLineageNoSchema.Feature Envy,0.2.0-rc0,0.8.1,0.9.0-rc0,12
pig,0.2.0-rc0,org.apache.pig.test,TestTypeCheckingValidator,testCogroupLimitLineage,Feature Envy,"designitejava,checkstyle",test/org/apache/pig/test/TestTypeCheckingValidator.java,test/org/apache/pig/test/TestTypeCheckingValidator.java.TestTypeCheckingValidator.testCogroupLimitLineage.Feature Envy,0.2.0-rc0,0.8.1,0.9.0-rc0,12
pig,0.2.0-rc0,org.apache.pig.test,TestTypeCheckingValidator,testCogroupLimitLineageNoSchema,Feature Envy,"designitejava,checkstyle",test/org/apache/pig/test/TestTypeCheckingValidator.java,test/org/apache/pig/test/TestTypeCheckingValidator.java.TestTypeCheckingValidator.testCogroupLimitLineageNoSchema.Feature Envy,0.2.0-rc0,0.8.1,0.9.0-rc0,12
pig,0.2.0-rc0,org.apache.pig.test,TestTypeCheckingValidator,testCogroupLineage,Feature Envy,"designitejava,checkstyle",test/org/apache/pig/test/TestTypeCheckingValidator.java,test/org/apache/pig/test/TestTypeCheckingValidator.java.TestTypeCheckingValidator.testCogroupLineage.Feature Envy,0.2.0-rc0,0.8.1,0.9.0-rc0,12
pig,0.2.0-rc0,org.apache.pig.test,TestTypeCheckingValidator,testCogroupLineage2NoSchema,Feature Envy,"designitejava,checkstyle",test/org/apache/pig/test/TestTypeCheckingValidator.java,test/org/apache/pig/test/TestTypeCheckingValidator.java.TestTypeCheckingValidator.testCogroupLineage2NoSchema.Feature Envy,0.2.0-rc0,0.8.1,0.9.0-rc0,12
pig,0.2.0-rc0,org.apache.pig.test,TestTypeCheckingValidator,testCogroupLineageFail,Feature Envy,"designitejava,checkstyle",test/org/apache/pig/test/TestTypeCheckingValidator.java,test/org/apache/pig/test/TestTypeCheckingValidator.java.TestTypeCheckingValidator.testCogroupLineageFail.Feature Envy,0.2.0-rc0,0.8.1,0.9.0-rc0,12
pig,0.2.0-rc0,org.apache.pig.test,TestTypeCheckingValidator,testCogroupMapLookupLineage,Feature Envy,"designitejava,checkstyle",test/org/apache/pig/test/TestTypeCheckingValidator.java,test/org/apache/pig/test/TestTypeCheckingValidator.java.TestTypeCheckingValidator.testCogroupMapLookupLineage.Feature Envy,0.2.0-rc0,0.8.1,0.9.0-rc0,12
pig,0.2.0-rc0,org.apache.pig.test,TestTypeCheckingValidator,testCogroupMultiColumnProjectLineage,Feature Envy,"designitejava,checkstyle",test/org/apache/pig/test/TestTypeCheckingValidator.java,test/org/apache/pig/test/TestTypeCheckingValidator.java.TestTypeCheckingValidator.testCogroupMultiColumnProjectLineage.Feature Envy,0.2.0-rc0,0.8.1,0.9.0-rc0,12
pig,0.2.0-rc0,org.apache.pig.test,TestTypeCheckingValidator,testCogroupProjectStarLineage,Feature Envy,"designitejava,checkstyle",test/org/apache/pig/test/TestTypeCheckingValidator.java,test/org/apache/pig/test/TestTypeCheckingValidator.java.TestTypeCheckingValidator.testCogroupProjectStarLineage.Feature Envy,0.2.0-rc0,0.8.1,0.9.0-rc0,12
pig,0.2.0-rc0,org.apache.pig.test,TestTypeCheckingValidator,testCogroupProjectStarLineageMixSchema,Feature Envy,"designitejava,checkstyle",test/org/apache/pig/test/TestTypeCheckingValidator.java,test/org/apache/pig/test/TestTypeCheckingValidator.java.TestTypeCheckingValidator.testCogroupProjectStarLineageMixSchema.Feature Envy,0.2.0-rc0,0.8.1,0.9.0-rc0,12
pig,0.2.0-rc0,org.apache.pig.test,TestTypeCheckingValidator,testCogroupProjectStarLineageNoSchema,Feature Envy,"designitejava,checkstyle",test/org/apache/pig/test/TestTypeCheckingValidator.java,test/org/apache/pig/test/TestTypeCheckingValidator.java.TestTypeCheckingValidator.testCogroupProjectStarLineageNoSchema.Feature Envy,0.2.0-rc0,0.8.1,0.9.0-rc0,12
pig,0.2.0-rc0,org.apache.pig.test,TestTypeCheckingValidator,testCogroupSortLineage,Feature Envy,"designitejava,checkstyle",test/org/apache/pig/test/TestTypeCheckingValidator.java,test/org/apache/pig/test/TestTypeCheckingValidator.java.TestTypeCheckingValidator.testCogroupSortLineage.Feature Envy,0.2.0-rc0,0.8.1,0.9.0-rc0,12
pig,0.2.0-rc0,org.apache.pig.test,TestTypeCheckingValidator,testCogroupSortLineageNoSchema,Feature Envy,"designitejava,checkstyle",test/org/apache/pig/test/TestTypeCheckingValidator.java,test/org/apache/pig/test/TestTypeCheckingValidator.java.TestTypeCheckingValidator.testCogroupSortLineageNoSchema.Feature Envy,0.2.0-rc0,0.8.1,0.9.0-rc0,12
pig,0.2.0-rc0,org.apache.pig.test,TestTypeCheckingValidator,testCogroupSortStarLineage,Feature Envy,"designitejava,checkstyle",test/org/apache/pig/test/TestTypeCheckingValidator.java,test/org/apache/pig/test/TestTypeCheckingValidator.java.TestTypeCheckingValidator.testCogroupSortStarLineage.Feature Envy,0.2.0-rc0,0.8.1,0.9.0-rc0,12
pig,0.2.0-rc0,org.apache.pig.test,TestTypeCheckingValidator,testCogroupSortStarLineageNoSchema,Feature Envy,"designitejava,checkstyle",test/org/apache/pig/test/TestTypeCheckingValidator.java,test/org/apache/pig/test/TestTypeCheckingValidator.java.TestTypeCheckingValidator.testCogroupSortStarLineageNoSchema.Feature Envy,0.2.0-rc0,0.8.1,0.9.0-rc0,12
pig,0.2.0-rc0,org.apache.pig.test,TestTypeCheckingValidator,testCogroupSplitLineage,Feature Envy,"designitejava,checkstyle",test/org/apache/pig/test/TestTypeCheckingValidator.java,test/org/apache/pig/test/TestTypeCheckingValidator.java.TestTypeCheckingValidator.testCogroupSplitLineage.Feature Envy,0.2.0-rc0,0.8.1,0.9.0-rc0,12
pig,0.2.0-rc0,org.apache.pig.test,TestTypeCheckingValidator,testCogroupSplitLineageNoSchema,Feature Envy,"designitejava,checkstyle",test/org/apache/pig/test/TestTypeCheckingValidator.java,test/org/apache/pig/test/TestTypeCheckingValidator.java.TestTypeCheckingValidator.testCogroupSplitLineageNoSchema.Feature Envy,0.2.0-rc0,0.8.1,0.9.0-rc0,12
pig,0.2.0-rc0,org.apache.pig.test,TestTypeCheckingValidator,testCogroupStarLineage,Feature Envy,"designitejava,checkstyle",test/org/apache/pig/test/TestTypeCheckingValidator.java,test/org/apache/pig/test/TestTypeCheckingValidator.java.TestTypeCheckingValidator.testCogroupStarLineage.Feature Envy,0.2.0-rc0,0.8.1,0.9.0-rc0,12
pig,0.2.0-rc0,org.apache.pig.test,TestTypeCheckingValidator,testCogroupStarLineage1,Feature Envy,"designitejava,checkstyle",test/org/apache/pig/test/TestTypeCheckingValidator.java,test/org/apache/pig/test/TestTypeCheckingValidator.java.TestTypeCheckingValidator.testCogroupStarLineage1.Feature Envy,0.2.0-rc0,0.8.1,0.9.0-rc0,12
pig,0.2.0-rc0,org.apache.pig.test,TestTypeCheckingValidator,testCogroupStarLineageFail,Feature Envy,"designitejava,checkstyle",test/org/apache/pig/test/TestTypeCheckingValidator.java,test/org/apache/pig/test/TestTypeCheckingValidator.java.TestTypeCheckingValidator.testCogroupStarLineageFail.Feature Envy,0.2.0-rc0,0.8.1,0.9.0-rc0,12
pig,0.2.0-rc0,org.apache.pig.test,TestTypeCheckingValidator,testCogroupStarLineageNoSchema,Feature Envy,"designitejava,checkstyle",test/org/apache/pig/test/TestTypeCheckingValidator.java,test/org/apache/pig/test/TestTypeCheckingValidator.java.TestTypeCheckingValidator.testCogroupStarLineageNoSchema.Feature Envy,0.2.0-rc0,0.6.0,0.7.0,8
pig,0.2.0-rc0,org.apache.pig.test,TestTypeCheckingValidator,testCogroupStarLineageNoSchemaFail,Feature Envy,"designitejava,checkstyle",test/org/apache/pig/test/TestTypeCheckingValidator.java,test/org/apache/pig/test/TestTypeCheckingValidator.java.TestTypeCheckingValidator.testCogroupStarLineageNoSchemaFail.Feature Envy,0.2.0-rc0,0.8.1,0.9.0-rc0,12
pig,0.2.0-rc0,org.apache.pig.test,TestTypeCheckingValidator,testCogroupTopKLineage,Feature Envy,"designitejava,checkstyle",test/org/apache/pig/test/TestTypeCheckingValidator.java,test/org/apache/pig/test/TestTypeCheckingValidator.java.TestTypeCheckingValidator.testCogroupTopKLineage.Feature Envy,0.2.0-rc0,0.8.1,0.9.0-rc0,12
pig,0.2.0-rc0,org.apache.pig.test,TestTypeCheckingValidator,testCogroupTopKLineageNoSchema,Feature Envy,"designitejava,checkstyle",test/org/apache/pig/test/TestTypeCheckingValidator.java,test/org/apache/pig/test/TestTypeCheckingValidator.java.TestTypeCheckingValidator.testCogroupTopKLineageNoSchema.Feature Envy,0.2.0-rc0,0.8.1,0.9.0-rc0,12
pig,0.2.0-rc0,org.apache.pig.test,TestTypeCheckingValidator,testCrossLineage,Feature Envy,"designitejava,checkstyle",test/org/apache/pig/test/TestTypeCheckingValidator.java,test/org/apache/pig/test/TestTypeCheckingValidator.java.TestTypeCheckingValidator.testCrossLineage.Feature Envy,0.2.0-rc0,0.8.1,0.9.0-rc0,12
pig,0.2.0-rc0,org.apache.pig.test,TestTypeCheckingValidator,testCrossLineageMixSchema,Feature Envy,"designitejava,checkstyle",test/org/apache/pig/test/TestTypeCheckingValidator.java,test/org/apache/pig/test/TestTypeCheckingValidator.java.TestTypeCheckingValidator.testCrossLineageMixSchema.Feature Envy,0.2.0-rc0,0.8.1,0.9.0-rc0,12
pig,0.2.0-rc0,org.apache.pig.test,TestTypeCheckingValidator,testCrossLineageMixSchemaFail,Feature Envy,"designitejava,checkstyle",test/org/apache/pig/test/TestTypeCheckingValidator.java,test/org/apache/pig/test/TestTypeCheckingValidator.java.TestTypeCheckingValidator.testCrossLineageMixSchemaFail.Feature Envy,0.2.0-rc0,0.8.1,0.9.0-rc0,12
pig,0.2.0-rc0,org.apache.pig.test,TestTypeCheckingValidator,testCrossLineageNoSchema,Feature Envy,"designitejava,checkstyle",test/org/apache/pig/test/TestTypeCheckingValidator.java,test/org/apache/pig/test/TestTypeCheckingValidator.java.TestTypeCheckingValidator.testCrossLineageNoSchema.Feature Envy,0.2.0-rc0,0.8.1,0.9.0-rc0,12
pig,0.2.0-rc0,org.apache.pig.test,TestTypeCheckingValidator,testCrossLineageNoSchemaFail,Feature Envy,"designitejava,checkstyle",test/org/apache/pig/test/TestTypeCheckingValidator.java,test/org/apache/pig/test/TestTypeCheckingValidator.java.TestTypeCheckingValidator.testCrossLineageNoSchemaFail.Feature Envy,0.2.0-rc0,0.8.1,0.9.0-rc0,12
pig,0.2.0-rc0,org.apache.pig.test,TestTypeCheckingValidator,testDistinctLineage,Feature Envy,"designitejava,checkstyle",test/org/apache/pig/test/TestTypeCheckingValidator.java,test/org/apache/pig/test/TestTypeCheckingValidator.java.TestTypeCheckingValidator.testDistinctLineage.Feature Envy,0.2.0-rc0,0.8.1,0.9.0-rc0,12
pig,0.2.0-rc0,org.apache.pig.test,TestTypeCheckingValidator,testDistinctLineageNoSchema,Feature Envy,"designitejava,checkstyle",test/org/apache/pig/test/TestTypeCheckingValidator.java,test/org/apache/pig/test/TestTypeCheckingValidator.java.TestTypeCheckingValidator.testDistinctLineageNoSchema.Feature Envy,0.2.0-rc0,0.8.1,0.9.0-rc0,12
pig,0.2.0-rc0,org.apache.pig.test,TestTypeCheckingValidator,testFilterLineage,Feature Envy,"designitejava,checkstyle",test/org/apache/pig/test/TestTypeCheckingValidator.java,test/org/apache/pig/test/TestTypeCheckingValidator.java.TestTypeCheckingValidator.testFilterLineage.Feature Envy,0.2.0-rc0,0.8.1,0.9.0-rc0,12
pig,0.2.0-rc0,org.apache.pig.test,TestTypeCheckingValidator,testFilterLineage1,Feature Envy,"designitejava,checkstyle",test/org/apache/pig/test/TestTypeCheckingValidator.java,test/org/apache/pig/test/TestTypeCheckingValidator.java.TestTypeCheckingValidator.testFilterLineage1.Feature Envy,0.2.0-rc0,0.8.1,0.9.0-rc0,12
pig,0.2.0-rc0,org.apache.pig.test,TestTypeCheckingValidator,testFilterLineage1NoSchema,Feature Envy,"designitejava,checkstyle",test/org/apache/pig/test/TestTypeCheckingValidator.java,test/org/apache/pig/test/TestTypeCheckingValidator.java.TestTypeCheckingValidator.testFilterLineage1NoSchema.Feature Envy,0.2.0-rc0,0.8.1,0.9.0-rc0,12
pig,0.2.0-rc0,org.apache.pig.test,TestTypeCheckingValidator,testFilterLineageNoSchema,Feature Envy,"designitejava,checkstyle",test/org/apache/pig/test/TestTypeCheckingValidator.java,test/org/apache/pig/test/TestTypeCheckingValidator.java.TestTypeCheckingValidator.testFilterLineageNoSchema.Feature Envy,0.2.0-rc0,0.8.1,0.9.0-rc0,12
pig,0.2.0-rc0,org.apache.pig.test,TestTypeCheckingValidator,testGroupLineage,Feature Envy,"designitejava,checkstyle",test/org/apache/pig/test/TestTypeCheckingValidator.java,test/org/apache/pig/test/TestTypeCheckingValidator.java.TestTypeCheckingValidator.testGroupLineage.Feature Envy,0.2.0-rc0,0.8.1,0.9.0-rc0,12
pig,0.2.0-rc0,org.apache.pig.test,TestTypeCheckingValidator,testGroupLineage2,Feature Envy,"designitejava,checkstyle",test/org/apache/pig/test/TestTypeCheckingValidator.java,test/org/apache/pig/test/TestTypeCheckingValidator.java.TestTypeCheckingValidator.testGroupLineage2.Feature Envy,0.2.0-rc0,0.8.1,0.9.0-rc0,12
pig,0.2.0-rc0,org.apache.pig.test,TestTypeCheckingValidator,testGroupLineage2NoSchema,Feature Envy,"designitejava,checkstyle",test/org/apache/pig/test/TestTypeCheckingValidator.java,test/org/apache/pig/test/TestTypeCheckingValidator.java.TestTypeCheckingValidator.testGroupLineage2NoSchema.Feature Envy,0.2.0-rc0,0.8.1,0.9.0-rc0,12
pig,0.2.0-rc0,org.apache.pig.test,TestTypeCheckingValidator,testGroupLineageNoSchema,Feature Envy,"designitejava,checkstyle",test/org/apache/pig/test/TestTypeCheckingValidator.java,test/org/apache/pig/test/TestTypeCheckingValidator.java.TestTypeCheckingValidator.testGroupLineageNoSchema.Feature Envy,0.2.0-rc0,0.8.1,0.9.0-rc0,12
pig,0.2.0-rc0,org.apache.pig.test,TestTypeCheckingValidator,testGroupLineageStar,Feature Envy,"designitejava,checkstyle",test/org/apache/pig/test/TestTypeCheckingValidator.java,test/org/apache/pig/test/TestTypeCheckingValidator.java.TestTypeCheckingValidator.testGroupLineageStar.Feature Envy,0.2.0-rc0,0.8.1,0.9.0-rc0,12
pig,0.2.0-rc0,org.apache.pig.test,TestTypeCheckingValidator,testGroupLineageStarNoSchema,Feature Envy,"designitejava,checkstyle",test/org/apache/pig/test/TestTypeCheckingValidator.java,test/org/apache/pig/test/TestTypeCheckingValidator.java.TestTypeCheckingValidator.testGroupLineageStarNoSchema.Feature Envy,0.2.0-rc0,0.8.1,0.9.0-rc0,12
pig,0.2.0-rc0,org.apache.pig.test,TestTypeCheckingValidator,testJoinLineage,Feature Envy,"designitejava,checkstyle",test/org/apache/pig/test/TestTypeCheckingValidator.java,test/org/apache/pig/test/TestTypeCheckingValidator.java.TestTypeCheckingValidator.testJoinLineage.Feature Envy,0.2.0-rc0,0.8.1,0.9.0-rc0,12
pig,0.2.0-rc0,org.apache.pig.test,TestTypeCheckingValidator,testJoinLineageMixSchema,Feature Envy,"designitejava,checkstyle",test/org/apache/pig/test/TestTypeCheckingValidator.java,test/org/apache/pig/test/TestTypeCheckingValidator.java.TestTypeCheckingValidator.testJoinLineageMixSchema.Feature Envy,0.2.0-rc0,0.8.1,0.9.0-rc0,12
pig,0.2.0-rc0,org.apache.pig.test,TestTypeCheckingValidator,testJoinLineageMixSchemaFail,Feature Envy,"designitejava,checkstyle",test/org/apache/pig/test/TestTypeCheckingValidator.java,test/org/apache/pig/test/TestTypeCheckingValidator.java.TestTypeCheckingValidator.testJoinLineageMixSchemaFail.Feature Envy,0.2.0-rc0,0.8.1,0.9.0-rc0,12
pig,0.2.0-rc0,org.apache.pig.test,TestTypeCheckingValidator,testJoinLineageNoSchema,Feature Envy,"designitejava,checkstyle",test/org/apache/pig/test/TestTypeCheckingValidator.java,test/org/apache/pig/test/TestTypeCheckingValidator.java.TestTypeCheckingValidator.testJoinLineageNoSchema.Feature Envy,0.2.0-rc0,0.8.1,0.9.0-rc0,12
pig,0.2.0-rc0,org.apache.pig.test,TestTypeCheckingValidator,testJoinLineageNoSchemaFail,Feature Envy,"designitejava,checkstyle",test/org/apache/pig/test/TestTypeCheckingValidator.java,test/org/apache/pig/test/TestTypeCheckingValidator.java.TestTypeCheckingValidator.testJoinLineageNoSchemaFail.Feature Envy,0.2.0-rc0,0.8.1,0.9.0-rc0,12
pig,0.2.0-rc0,org.apache.pig.test,TestTypeCheckingValidator,testLimitLineage,Feature Envy,"designitejava,checkstyle",test/org/apache/pig/test/TestTypeCheckingValidator.java,test/org/apache/pig/test/TestTypeCheckingValidator.java.TestTypeCheckingValidator.testLimitLineage.Feature Envy,0.2.0-rc0,0.8.1,0.9.0-rc0,12
pig,0.2.0-rc0,org.apache.pig.test,TestTypeCheckingValidator,testLimitLineageNoSchema,Feature Envy,"designitejava,checkstyle",test/org/apache/pig/test/TestTypeCheckingValidator.java,test/org/apache/pig/test/TestTypeCheckingValidator.java.TestTypeCheckingValidator.testLimitLineageNoSchema.Feature Envy,0.2.0-rc0,0.8.1,0.9.0-rc0,12
pig,0.2.0-rc0,org.apache.pig.test,TestTypeCheckingValidator,testLineage1,Feature Envy,"designitejava,checkstyle",test/org/apache/pig/test/TestTypeCheckingValidator.java,test/org/apache/pig/test/TestTypeCheckingValidator.java.TestTypeCheckingValidator.testLineage1.Feature Envy,0.2.0-rc0,0.8.1,0.9.0-rc0,12
pig,0.2.0-rc0,org.apache.pig.test,TestTypeCheckingValidator,testLineage1NoSchema,Feature Envy,"designitejava,checkstyle",test/org/apache/pig/test/TestTypeCheckingValidator.java,test/org/apache/pig/test/TestTypeCheckingValidator.java.TestTypeCheckingValidator.testLineage1NoSchema.Feature Envy,0.2.0-rc0,0.8.1,0.9.0-rc0,12
pig,0.2.0-rc0,org.apache.pig.test,TestTypeCheckingValidator,testLineage2,Feature Envy,"designitejava,checkstyle",test/org/apache/pig/test/TestTypeCheckingValidator.java,test/org/apache/pig/test/TestTypeCheckingValidator.java.TestTypeCheckingValidator.testLineage2.Feature Envy,0.2.0-rc0,0.8.1,0.9.0-rc0,12
pig,0.8.0,org.apache.pig.test,TestTypeCheckingValidator,testLineageExpressionCasting,Feature Envy,"designitejava,checkstyle",test/org/apache/pig/test/TestTypeCheckingValidator.java,test/org/apache/pig/test/TestTypeCheckingValidator.java.TestTypeCheckingValidator.testLineageExpressionCasting.Feature Envy,0.8.0,0.8.1,0.9.0-rc0,3
pig,0.8.0,org.apache.pig.test,TestTypeCheckingValidator,testLineageFilterWithTuple,Feature Envy,"designitejava,checkstyle",test/org/apache/pig/test/TestTypeCheckingValidator.java,test/org/apache/pig/test/TestTypeCheckingValidator.java.TestTypeCheckingValidator.testLineageFilterWithTuple.Feature Envy,0.8.0,0.8.1,0.9.0-rc0,3
pig,0.8.0,org.apache.pig.test,TestTypeCheckingValidator,testLineageMultipleLoader1,Feature Envy,"designitejava,checkstyle",test/org/apache/pig/test/TestTypeCheckingValidator.java,test/org/apache/pig/test/TestTypeCheckingValidator.java.TestTypeCheckingValidator.testLineageMultipleLoader1.Feature Envy,0.8.0,0.8.1,0.9.0-rc0,3
pig,0.8.0,org.apache.pig.test,TestTypeCheckingValidator,testLineageMultipleLoader2,Feature Envy,"designitejava,checkstyle",test/org/apache/pig/test/TestTypeCheckingValidator.java,test/org/apache/pig/test/TestTypeCheckingValidator.java.TestTypeCheckingValidator.testLineageMultipleLoader2.Feature Envy,0.8.0,0.8.1,0.9.0-rc0,3
pig,0.2.0-rc0,org.apache.pig.test,TestTypeCheckingValidator,testMapLookupLineage,Feature Envy,"designitejava,checkstyle",test/org/apache/pig/test/TestTypeCheckingValidator.java,test/org/apache/pig/test/TestTypeCheckingValidator.java.TestTypeCheckingValidator.testMapLookupLineage.Feature Envy,0.2.0-rc0,0.8.1,0.9.0-rc0,12
pig,0.2.0-rc0,org.apache.pig.test,TestTypeCheckingValidator,testMapLookupLineage2,Feature Envy,"designitejava,checkstyle",test/org/apache/pig/test/TestTypeCheckingValidator.java,test/org/apache/pig/test/TestTypeCheckingValidator.java.TestTypeCheckingValidator.testMapLookupLineage2.Feature Envy,0.2.0-rc0,0.8.1,0.9.0-rc0,12
pig,0.3.0,org.apache.pig.test,TestTypeCheckingValidator,testMapLookupLineage3,Feature Envy,"designitejava,checkstyle",test/org/apache/pig/test/TestTypeCheckingValidator.java,test/org/apache/pig/test/TestTypeCheckingValidator.java.TestTypeCheckingValidator.testMapLookupLineage3.Feature Envy,0.3.0,0.8.1,0.9.0-rc0,10
pig,0.2.0-rc0,org.apache.pig.test,TestTypeCheckingValidator,testMapLookupLineageNoSchema,Feature Envy,"designitejava,checkstyle",test/org/apache/pig/test/TestTypeCheckingValidator.java,test/org/apache/pig/test/TestTypeCheckingValidator.java.TestTypeCheckingValidator.testMapLookupLineageNoSchema.Feature Envy,0.2.0-rc0,0.8.1,0.9.0-rc0,12
pig,0.2.0-rc0,org.apache.pig.test,TestTypeCheckingValidator,testSortLineage,Feature Envy,"designitejava,checkstyle",test/org/apache/pig/test/TestTypeCheckingValidator.java,test/org/apache/pig/test/TestTypeCheckingValidator.java.TestTypeCheckingValidator.testSortLineage.Feature Envy,0.2.0-rc0,0.8.1,0.9.0-rc0,12
pig,0.2.0-rc0,org.apache.pig.test,TestTypeCheckingValidator,testSortLineageNoSchema,Feature Envy,"designitejava,checkstyle",test/org/apache/pig/test/TestTypeCheckingValidator.java,test/org/apache/pig/test/TestTypeCheckingValidator.java.TestTypeCheckingValidator.testSortLineageNoSchema.Feature Envy,0.2.0-rc0,0.8.1,0.9.0-rc0,12
pig,0.2.0-rc0,org.apache.pig.test,TestTypeCheckingValidator,testSplitLineage,Feature Envy,"designitejava,checkstyle",test/org/apache/pig/test/TestTypeCheckingValidator.java,test/org/apache/pig/test/TestTypeCheckingValidator.java.TestTypeCheckingValidator.testSplitLineage.Feature Envy,0.2.0-rc0,0.8.1,0.9.0-rc0,12
pig,0.2.0-rc0,org.apache.pig.test,TestTypeCheckingValidator,testSplitLineage1,Feature Envy,"designitejava,checkstyle",test/org/apache/pig/test/TestTypeCheckingValidator.java,test/org/apache/pig/test/TestTypeCheckingValidator.java.TestTypeCheckingValidator.testSplitLineage1.Feature Envy,0.2.0-rc0,0.8.1,0.9.0-rc0,12
pig,0.2.0-rc0,org.apache.pig.test,TestTypeCheckingValidator,testSplitLineage1NoSchema,Feature Envy,"designitejava,checkstyle",test/org/apache/pig/test/TestTypeCheckingValidator.java,test/org/apache/pig/test/TestTypeCheckingValidator.java.TestTypeCheckingValidator.testSplitLineage1NoSchema.Feature Envy,0.2.0-rc0,0.8.1,0.9.0-rc0,12
pig,0.2.0-rc0,org.apache.pig.test,TestTypeCheckingValidator,testSplitLineageNoSchema,Feature Envy,"designitejava,checkstyle",test/org/apache/pig/test/TestTypeCheckingValidator.java,test/org/apache/pig/test/TestTypeCheckingValidator.java.TestTypeCheckingValidator.testSplitLineageNoSchema.Feature Envy,0.2.0-rc0,0.8.1,0.9.0-rc0,12
pig,0.2.0-rc0,org.apache.pig.test,TestTypeCheckingValidator,testUnionLineage,Feature Envy,"designitejava,checkstyle",test/org/apache/pig/test/TestTypeCheckingValidator.java,test/org/apache/pig/test/TestTypeCheckingValidator.java.TestTypeCheckingValidator.testUnionLineage.Feature Envy,0.2.0-rc0,0.8.1,0.9.0-rc0,12
pig,0.2.0-rc0,org.apache.pig.test,TestTypeCheckingValidator,testUnionLineageDifferentSchema,Feature Envy,"designitejava,checkstyle",test/org/apache/pig/test/TestTypeCheckingValidator.java,test/org/apache/pig/test/TestTypeCheckingValidator.java.TestTypeCheckingValidator.testUnionLineageDifferentSchema.Feature Envy,0.2.0-rc0,0.8.1,0.9.0-rc0,12
pig,0.2.0-rc0,org.apache.pig.test,TestTypeCheckingValidator,testUnionLineageDifferentSchemaFail,Feature Envy,"designitejava,checkstyle",test/org/apache/pig/test/TestTypeCheckingValidator.java,test/org/apache/pig/test/TestTypeCheckingValidator.java.TestTypeCheckingValidator.testUnionLineageDifferentSchemaFail.Feature Envy,0.2.0-rc0,0.8.1,0.9.0-rc0,12
pig,0.2.0-rc0,org.apache.pig.test,TestTypeCheckingValidator,testUnionLineageFail,Feature Envy,"designitejava,checkstyle",test/org/apache/pig/test/TestTypeCheckingValidator.java,test/org/apache/pig/test/TestTypeCheckingValidator.java.TestTypeCheckingValidator.testUnionLineageFail.Feature Envy,0.2.0-rc0,0.8.1,0.9.0-rc0,12
pig,0.2.0-rc0,org.apache.pig.test,TestTypeCheckingValidator,testUnionLineageMixSchema,Feature Envy,"designitejava,checkstyle",test/org/apache/pig/test/TestTypeCheckingValidator.java,test/org/apache/pig/test/TestTypeCheckingValidator.java.TestTypeCheckingValidator.testUnionLineageMixSchema.Feature Envy,0.2.0-rc0,0.8.1,0.9.0-rc0,12
pig,0.2.0-rc0,org.apache.pig.test,TestTypeCheckingValidator,testUnionLineageMixSchemaFail,Feature Envy,"designitejava,checkstyle",test/org/apache/pig/test/TestTypeCheckingValidator.java,test/org/apache/pig/test/TestTypeCheckingValidator.java.TestTypeCheckingValidator.testUnionLineageMixSchemaFail.Feature Envy,0.2.0-rc0,0.8.1,0.9.0-rc0,12
pig,0.2.0-rc0,org.apache.pig.test,TestTypeCheckingValidator,testUnionLineageNoSchema,Feature Envy,"designitejava,checkstyle",test/org/apache/pig/test/TestTypeCheckingValidator.java,test/org/apache/pig/test/TestTypeCheckingValidator.java.TestTypeCheckingValidator.testUnionLineageNoSchema.Feature Envy,0.2.0-rc0,0.8.1,0.9.0-rc0,12
pig,0.2.0-rc0,org.apache.pig.test,TestTypeCheckingValidator,testUnionLineageNoSchemaFail,Feature Envy,"designitejava,checkstyle",test/org/apache/pig/test/TestTypeCheckingValidator.java,test/org/apache/pig/test/TestTypeCheckingValidator.java.TestTypeCheckingValidator.testUnionLineageNoSchemaFail.Feature Envy,0.2.0-rc0,0.8.1,0.9.0-rc0,12
pig,0.9.0-rc0,pig.pig-release-0.9.0-rc0.test.org.apache.pig.test,TestTypeCheckingValidatorNewLP,,God Class,"pmd,checkstyle",test/org/apache/pig/test/TestTypeCheckingValidatorNewLP.java,test/org/apache/pig/test/TestTypeCheckingValidatorNewLP.java.TestTypeCheckingValidatorNewLP..God Class,0.9.0-rc0,0.17.0,0.17.0,28
pig,0.3.0,org.apache.pig.test,TestUTF8,testQueryParser,Feature Envy,"designitejava,checkstyle",test/org/apache/pig/test/TestUTF8.java,test/org/apache/pig/test/TestUTF8.java.TestUTF8.testQueryParser.Feature Envy,0.3.0,0.17.0,0.17.0,38
pig,0.4.0-rc0,org.apache.pig.test.utils,TestHelper,tupleEquals,Complex Method,"designitejava,checkstyle",test/org/apache/pig/test/utils/TestHelper.java,test/org/apache/pig/test/utils/TestHelper.java.TestHelper.tupleEquals.Complex Method,0.4.0-rc0,0.17.0,0.17.0,37
pig,0.2.0-rc0,org.apache.pig.test.utils.dotGraph,LogicalPlanLoader,createOperator,Complex Method,"designitejava,checkstyle",test/org/apache/pig/test/utils/dotGraph/LogicalPlanLoader.java,test/org/apache/pig/test/utils/dotGraph/LogicalPlanLoader.java.LogicalPlanLoader.createOperator.Complex Method,0.2.0-rc0,0.8.1,0.9.0-rc0,12
pig,0.2.0-rc0,org.apache.pig.test.utils.planComparer,PlanStructuralComparer,diffOutgoingEdges,Complex Method,"designitejava,checkstyle",test/org/apache/pig/test/utils/planComparer/PlanStructuralComparer.java,test/org/apache/pig/test/utils/planComparer/PlanStructuralComparer.java.PlanStructuralComparer.diffOutgoingEdges.Complex Method,0.2.0-rc0,0.17.0,0.17.0,40
pig,0.2.0-rc0,org.apache.pig.test.utils.planComparer,PlanStructuralComparer,diffOutgoingEdges,Long Parameter List,"designitejava,checkstyle",test/org/apache/pig/test/utils/planComparer/PlanStructuralComparer.java,test/org/apache/pig/test/utils/planComparer/PlanStructuralComparer.java.PlanStructuralComparer.diffOutgoingEdges.Long Parameter List,0.2.0-rc0,0.17.0,0.17.0,40
pig,0.16.0-rc0,org.apache.pig.tez,TestTezAutoParallelism,testAutoParallelism,Feature Envy,"designitejava,checkstyle",test/org/apache/pig/tez/TestTezAutoParallelism.java,test/org/apache/pig/tez/TestTezAutoParallelism.java.TestTezAutoParallelism.testAutoParallelism.Feature Envy,0.16.0-rc0,0.17.0,0.17.0,4
pig,0.15.0-rc0,org.apache.pig.tez,TestTezAutoParallelism,testIncreaseIntermediateParallelism,Feature Envy,"designitejava,checkstyle",test/org/apache/pig/tez/TestTezAutoParallelism.java,test/org/apache/pig/tez/TestTezAutoParallelism.java.TestTezAutoParallelism.testIncreaseIntermediateParallelism.Feature Envy,0.15.0-rc0,0.15.0,0.16.0-rc0,2
pig,0.12.0-rc0,org.apache.pig.test.pigmix.datagen,DataGenerator,run,Complex Method,"designitejava,checkstyle",test/perf/pigmix/src/java/org/apache/pig/test/pigmix/datagen/DataGenerator.java,test/perf/pigmix/src/java/org/apache/pig/test/pigmix/datagen/DataGenerator.java.DataGenerator.run.Complex Method,0.12.0-rc0,0.17.0,0.17.0,14
pig,0.12.0-rc0,org.apache.pig.test.pigmix.datagen,DataGenerator,writeCol,Complex Method,"designitejava,pmd,checkstyle",test/perf/pigmix/src/java/org/apache/pig/test/pigmix/datagen/DataGenerator.java,test/perf/pigmix/src/java/org/apache/pig/test/pigmix/datagen/DataGenerator.java.DataGenerator.writeCol.Complex Method,0.12.0-rc0,0.17.0,0.17.0,14
pig,0.12.0-rc0,org.apache.pig.test.pigmix.mapreduce,L1,main,Complex Method,"designitejava,pmd,checkstyle",test/perf/pigmix/src/java/org/apache/pig/test/pigmix/mapreduce/L1.java,test/perf/pigmix/src/java/org/apache/pig/test/pigmix/mapreduce/L1.java.L1.main.Complex Method,0.12.0-rc0,0.17.0,0.17.0,14
pig,0.12.0-rc0,org.apache.pig.test.pigmix.mapreduce,L10,main,Complex Method,"designitejava,pmd,checkstyle",test/perf/pigmix/src/java/org/apache/pig/test/pigmix/mapreduce/L10.java,test/perf/pigmix/src/java/org/apache/pig/test/pigmix/mapreduce/L10.java.L10.main.Complex Method,0.12.0-rc0,0.17.0,0.17.0,14
pig,0.12.0-rc0,org.apache.pig.test.pigmix.mapreduce,L11,main,Complex Method,"designitejava,pmd,checkstyle",test/perf/pigmix/src/java/org/apache/pig/test/pigmix/mapreduce/L11.java,test/perf/pigmix/src/java/org/apache/pig/test/pigmix/mapreduce/L11.java.L11.main.Complex Method,0.12.0-rc0,0.17.0,0.17.0,14
pig,0.12.0-rc0,org.apache.pig.test.pigmix.mapreduce,L12,main,Complex Method,"designitejava,pmd,checkstyle",test/perf/pigmix/src/java/org/apache/pig/test/pigmix/mapreduce/L12.java,test/perf/pigmix/src/java/org/apache/pig/test/pigmix/mapreduce/L12.java.L12.main.Complex Method,0.12.0-rc0,0.17.0,0.17.0,14
pig,0.12.0-rc0,org.apache.pig.test.pigmix.mapreduce,L13,main,Complex Method,"designitejava,pmd,checkstyle",test/perf/pigmix/src/java/org/apache/pig/test/pigmix/mapreduce/L13.java,test/perf/pigmix/src/java/org/apache/pig/test/pigmix/mapreduce/L13.java.L13.main.Complex Method,0.12.0-rc0,0.17.0,0.17.0,14
pig,0.12.0-rc0,org.apache.pig.test.pigmix.mapreduce,L14,main,Complex Method,"designitejava,pmd,checkstyle",test/perf/pigmix/src/java/org/apache/pig/test/pigmix/mapreduce/L14.java,test/perf/pigmix/src/java/org/apache/pig/test/pigmix/mapreduce/L14.java.L14.main.Complex Method,0.12.0-rc0,0.17.0,0.17.0,14
pig,0.12.0-rc0,org.apache.pig.test.pigmix.mapreduce,L15,main,Complex Method,"designitejava,pmd,checkstyle",test/perf/pigmix/src/java/org/apache/pig/test/pigmix/mapreduce/L15.java,test/perf/pigmix/src/java/org/apache/pig/test/pigmix/mapreduce/L15.java.L15.main.Complex Method,0.12.0-rc0,0.17.0,0.17.0,14
pig,0.12.0-rc0,org.apache.pig.test.pigmix.mapreduce,L16,main,Complex Method,"designitejava,pmd,checkstyle",test/perf/pigmix/src/java/org/apache/pig/test/pigmix/mapreduce/L16.java,test/perf/pigmix/src/java/org/apache/pig/test/pigmix/mapreduce/L16.java.L16.main.Complex Method,0.12.0-rc0,0.17.0,0.17.0,14
pig,0.12.0-rc0,org.apache.pig.test.pigmix.mapreduce,L17,main,Complex Method,"designitejava,pmd,checkstyle",test/perf/pigmix/src/java/org/apache/pig/test/pigmix/mapreduce/L17.java,test/perf/pigmix/src/java/org/apache/pig/test/pigmix/mapreduce/L17.java.L17.main.Complex Method,0.12.0-rc0,0.17.0,0.17.0,14
pig,0.12.0-rc0,org.apache.pig.test.pigmix.mapreduce,L2,main,Complex Method,"designitejava,pmd,checkstyle",test/perf/pigmix/src/java/org/apache/pig/test/pigmix/mapreduce/L2.java,test/perf/pigmix/src/java/org/apache/pig/test/pigmix/mapreduce/L2.java.L2.main.Complex Method,0.12.0-rc0,0.17.0,0.17.0,14
pig,0.12.0-rc0,org.apache.pig.test.pigmix.mapreduce,L3,main,Complex Method,"designitejava,pmd,checkstyle",test/perf/pigmix/src/java/org/apache/pig/test/pigmix/mapreduce/L3.java,test/perf/pigmix/src/java/org/apache/pig/test/pigmix/mapreduce/L3.java.L3.main.Complex Method,0.12.0-rc0,0.17.0,0.17.0,14
pig,0.12.0-rc0,org.apache.pig.test.pigmix.mapreduce,L4,main,Complex Method,"designitejava,pmd,checkstyle",test/perf/pigmix/src/java/org/apache/pig/test/pigmix/mapreduce/L4.java,test/perf/pigmix/src/java/org/apache/pig/test/pigmix/mapreduce/L4.java.L4.main.Complex Method,0.12.0-rc0,0.17.0,0.17.0,14
pig,0.12.0-rc0,org.apache.pig.test.pigmix.mapreduce,L5,main,Complex Method,"designitejava,pmd,checkstyle",test/perf/pigmix/src/java/org/apache/pig/test/pigmix/mapreduce/L5.java,test/perf/pigmix/src/java/org/apache/pig/test/pigmix/mapreduce/L5.java.L5.main.Complex Method,0.12.0-rc0,0.17.0,0.17.0,14
pig,0.12.0-rc0,org.apache.pig.test.pigmix.mapreduce,L6,main,Complex Method,"designitejava,pmd,checkstyle",test/perf/pigmix/src/java/org/apache/pig/test/pigmix/mapreduce/L6.java,test/perf/pigmix/src/java/org/apache/pig/test/pigmix/mapreduce/L6.java.L6.main.Complex Method,0.12.0-rc0,0.17.0,0.17.0,14
pig,0.12.0-rc0,org.apache.pig.test.pigmix.mapreduce,L7,main,Complex Method,"designitejava,pmd,checkstyle",test/perf/pigmix/src/java/org/apache/pig/test/pigmix/mapreduce/L7.java,test/perf/pigmix/src/java/org/apache/pig/test/pigmix/mapreduce/L7.java.L7.main.Complex Method,0.12.0-rc0,0.17.0,0.17.0,14
pig,0.12.0-rc0,org.apache.pig.test.pigmix.mapreduce,L8,main,Complex Method,"designitejava,pmd,checkstyle",test/perf/pigmix/src/java/org/apache/pig/test/pigmix/mapreduce/L8.java,test/perf/pigmix/src/java/org/apache/pig/test/pigmix/mapreduce/L8.java.L8.main.Complex Method,0.12.0-rc0,0.17.0,0.17.0,14
pig,0.12.0-rc0,org.apache.pig.test.pigmix.mapreduce,L9,main,Complex Method,"designitejava,pmd,checkstyle",test/perf/pigmix/src/java/org/apache/pig/test/pigmix/mapreduce/L9.java,test/perf/pigmix/src/java/org/apache/pig/test/pigmix/mapreduce/L9.java.L9.main.Complex Method,0.12.0-rc0,0.17.0,0.17.0,14
