Project,Version,Package Name,Type Name,Method Name,Smell,checker,File Path,SmellID,begin,end,disappear,gap
easyexcel,3.1.0,com.alibaba.excel,EasyExcelFactory,,God Class,"pmd,experts",easyexcel-core/src/main/java/com/alibaba/excel/EasyExcelFactory.java,easyexcel-core/src/main/java/com/alibaba/excel/EasyExcelFactory.java.EasyExcelFactory..God Class,3.1.0,4.0.0,4.0.0,4
easyexcel,3.1.0,com.alibaba.excel,EasyExcelFactory,read,Feature Envy,"checkstyle,experts",easyexcel-core/src/main/java/com/alibaba/excel/EasyExcelFactory.java,easyexcel-core/src/main/java/com/alibaba/excel/EasyExcelFactory.java.EasyExcelFactory.read.Feature Envy,3.1.0,4.0.0,4.0.0,4
easyexcel,3.1.0,com.alibaba.excel,ExcelWriter,,God Class,"pmd,experts",easyexcel-core/src/main/java/com/alibaba/excel/ExcelWriter.java,easyexcel-core/src/main/java/com/alibaba/excel/ExcelWriter.java.ExcelWriter..God Class,3.1.0,4.0.0,4.0.0,4
easyexcel,3.1.0,com.alibaba.excel.analysis,ExcelAnalyserImpl,choiceExcelExecutor,Feature Envy,"checkstyle,experts",easyexcel-core/src/main/java/com/alibaba/excel/analysis/ExcelAnalyserImpl.java,easyexcel-core/src/main/java/com/alibaba/excel/analysis/ExcelAnalyserImpl.java.ExcelAnalyserImpl.choiceExcelExecutor.Feature Envy,3.1.0,4.0.0,4.0.0,4
easyexcel,3.1.0,com.alibaba.excel.analysis,ExcelAnalyserImpl,finish,Complex Method,"designitejava,pmd,checkstyle,experts",easyexcel-core/src/main/java/com/alibaba/excel/analysis/ExcelAnalyserImpl.java,easyexcel-core/src/main/java/com/alibaba/excel/analysis/ExcelAnalyserImpl.java.ExcelAnalyserImpl.finish.Complex Method,3.1.0,4.0.0,4.0.0,4
easyexcel,3.1.0,com.alibaba.excel.analysis,ExcelAnalyserImpl,finish,Feature Envy,"checkstyle,experts",easyexcel-core/src/main/java/com/alibaba/excel/analysis/ExcelAnalyserImpl.java,easyexcel-core/src/main/java/com/alibaba/excel/analysis/ExcelAnalyserImpl.java.ExcelAnalyserImpl.finish.Feature Envy,3.1.0,4.0.0,4.0.0,4
easyexcel,3.1.0,com.alibaba.excel.analysis.csv,CsvExcelReadExecutor,csvParser,Feature Envy,"checkstyle,experts",easyexcel-core/src/main/java/com/alibaba/excel/analysis/csv/CsvExcelReadExecutor.java,easyexcel-core/src/main/java/com/alibaba/excel/analysis/csv/CsvExcelReadExecutor.java.CsvExcelReadExecutor.csvParser.Feature Envy,3.1.0,4.0.0,4.0.0,4
easyexcel,3.1.0,com.alibaba.excel.analysis.csv,CsvExcelReadExecutor,dealRecord,Long Method,"Decor,experts",easyexcel-core/src/main/java/com/alibaba/excel/analysis/csv/CsvExcelReadExecutor.java,easyexcel-core/src/main/java/com/alibaba/excel/analysis/csv/CsvExcelReadExecutor.java.CsvExcelReadExecutor.dealRecord.Long Method,3.1.0,4.0.0,4.0.0,4
easyexcel,3.1.0,com.alibaba.excel.analysis.v03,XlsSaxAnalyser,execute,Feature Envy,"checkstyle,experts",easyexcel-core/src/main/java/com/alibaba/excel/analysis/v03/XlsSaxAnalyser.java,easyexcel-core/src/main/java/com/alibaba/excel/analysis/v03/XlsSaxAnalyser.java.XlsSaxAnalyser.execute.Feature Envy,3.1.0,4.0.0,4.0.0,4
easyexcel,3.1.0,com.alibaba.excel.analysis.v03,XlsSaxAnalyser,execute,Long Method,"Decor,experts",easyexcel-core/src/main/java/com/alibaba/excel/analysis/v03/XlsSaxAnalyser.java,easyexcel-core/src/main/java/com/alibaba/excel/analysis/v03/XlsSaxAnalyser.java.XlsSaxAnalyser.execute.Long Method,3.1.0,3.3.0,4.0.0,3
easyexcel,4.0.0,com.alibaba.excel.analysis.v03,XlsSaxAnalyser,processRecord,Feature Envy,"checkstyle,experts",easyexcel-core/src/main/java/com/alibaba/excel/analysis/v03/XlsSaxAnalyser.java,easyexcel-core/src/main/java/com/alibaba/excel/analysis/v03/XlsSaxAnalyser.java.XlsSaxAnalyser.processRecord.Feature Envy,4.0.0,4.0.0,4.0.0,1
easyexcel,4.0.0,com.alibaba.excel.analysis.v03,XlsSaxAnalyser,processRecord,Long Method,"Decor,experts",easyexcel-core/src/main/java/com/alibaba/excel/analysis/v03/XlsSaxAnalyser.java,easyexcel-core/src/main/java/com/alibaba/excel/analysis/v03/XlsSaxAnalyser.java.XlsSaxAnalyser.processRecord.Long Method,4.0.0,4.0.0,4.0.0,1
easyexcel,3.1.0,com.alibaba.excel.analysis.v03.handlers,BofRecordHandler,processRecord,Feature Envy,"checkstyle,experts",easyexcel-core/src/main/java/com/alibaba/excel/analysis/v03/handlers/BofRecordHandler.java,easyexcel-core/src/main/java/com/alibaba/excel/analysis/v03/handlers/BofRecordHandler.java.BofRecordHandler.processRecord.Feature Envy,3.1.0,4.0.0,4.0.0,4
easyexcel,3.1.0,com.alibaba.excel.analysis.v03.handlers,BofRecordHandler,processRecord,Long Method,"Decor,experts",easyexcel-core/src/main/java/com/alibaba/excel/analysis/v03/handlers/BofRecordHandler.java,easyexcel-core/src/main/java/com/alibaba/excel/analysis/v03/handlers/BofRecordHandler.java.BofRecordHandler.processRecord.Long Method,3.1.0,4.0.0,4.0.0,4
easyexcel,3.1.0,com.alibaba.excel.analysis.v03.handlers,DummyRecordHandler,processRecord,Long Method,"Decor,experts",easyexcel-core/src/main/java/com/alibaba/excel/analysis/v03/handlers/DummyRecordHandler.java,easyexcel-core/src/main/java/com/alibaba/excel/analysis/v03/handlers/DummyRecordHandler.java.DummyRecordHandler.processRecord.Long Method,3.1.0,4.0.0,4.0.0,4
easyexcel,3.1.0,com.alibaba.excel.analysis.v03.handlers,EofRecordHandler,processRecord,Feature Envy,"checkstyle,experts",easyexcel-core/src/main/java/com/alibaba/excel/analysis/v03/handlers/EofRecordHandler.java,easyexcel-core/src/main/java/com/alibaba/excel/analysis/v03/handlers/EofRecordHandler.java.EofRecordHandler.processRecord.Feature Envy,3.1.0,4.0.0,4.0.0,4
easyexcel,4.0.0,com.alibaba.excel.analysis.v03.handlers,EofRecordHandler,processRecord,Long Method,"Decor,experts",easyexcel-core/src/main/java/com/alibaba/excel/analysis/v03/handlers/EofRecordHandler.java,easyexcel-core/src/main/java/com/alibaba/excel/analysis/v03/handlers/EofRecordHandler.java.EofRecordHandler.processRecord.Long Method,4.0.0,4.0.0,4.0.0,1
easyexcel,3.1.0,com.alibaba.excel.analysis.v03.handlers,FormulaRecordHandler,processRecord,Feature Envy,"checkstyle,experts",easyexcel-core/src/main/java/com/alibaba/excel/analysis/v03/handlers/FormulaRecordHandler.java,easyexcel-core/src/main/java/com/alibaba/excel/analysis/v03/handlers/FormulaRecordHandler.java.FormulaRecordHandler.processRecord.Feature Envy,3.1.0,4.0.0,4.0.0,4
easyexcel,3.1.0,com.alibaba.excel.analysis.v03.handlers,LabelSstRecordHandler,processRecord,Long Method,"Decor,experts",easyexcel-core/src/main/java/com/alibaba/excel/analysis/v03/handlers/LabelSstRecordHandler.java,easyexcel-core/src/main/java/com/alibaba/excel/analysis/v03/handlers/LabelSstRecordHandler.java.LabelSstRecordHandler.processRecord.Long Method,3.1.0,4.0.0,4.0.0,4
easyexcel,3.1.0,com.alibaba.excel.analysis.v03.handlers,NumberRecordHandler,processRecord,Feature Envy,"checkstyle,experts",easyexcel-core/src/main/java/com/alibaba/excel/analysis/v03/handlers/NumberRecordHandler.java,easyexcel-core/src/main/java/com/alibaba/excel/analysis/v03/handlers/NumberRecordHandler.java.NumberRecordHandler.processRecord.Feature Envy,3.1.0,4.0.0,4.0.0,4
easyexcel,3.1.0,com.alibaba.excel.analysis.v03.handlers,TextObjectRecordHandler,processRecord,Feature Envy,"checkstyle,experts",easyexcel-core/src/main/java/com/alibaba/excel/analysis/v03/handlers/TextObjectRecordHandler.java,easyexcel-core/src/main/java/com/alibaba/excel/analysis/v03/handlers/TextObjectRecordHandler.java.TextObjectRecordHandler.processRecord.Feature Envy,3.1.0,4.0.0,4.0.0,4
easyexcel,3.2.0,com.alibaba.excel.analysis.v07,XlsxSaxAnalyser,XlsxSaxAnalyser,Complex Method,"designitejava,experts",easyexcel-core/src/main/java/com/alibaba/excel/analysis/v07/XlsxSaxAnalyser.java,easyexcel-core/src/main/java/com/alibaba/excel/analysis/v07/XlsxSaxAnalyser.java.XlsxSaxAnalyser.XlsxSaxAnalyser.Complex Method,3.2.0,4.0.0,4.0.0,3
easyexcel,3.2.0,com.alibaba.excel.analysis.v07,XlsxSaxAnalyser,method,Complex Method,"pmd,experts",easyexcel-core/src/main/java/com/alibaba/excel/analysis/v07/XlsxSaxAnalyser.java,easyexcel-core/src/main/java/com/alibaba/excel/analysis/v07/XlsxSaxAnalyser.java.XlsxSaxAnalyser.method.Complex Method,3.2.0,4.0.0,4.0.0,3
easyexcel,3.1.0,com.alibaba.excel.analysis.v07,XlsxSaxAnalyser,parseXmlSource,Long Method,"Decor,experts",easyexcel-core/src/main/java/com/alibaba/excel/analysis/v07/XlsxSaxAnalyser.java,easyexcel-core/src/main/java/com/alibaba/excel/analysis/v07/XlsxSaxAnalyser.java.XlsxSaxAnalyser.parseXmlSource.Long Method,3.1.0,4.0.0,4.0.0,4
easyexcel,3.1.0,com.alibaba.excel.analysis.v07,XlsxSaxAnalyser,readOpcPackage,Feature Envy,"checkstyle,experts",easyexcel-core/src/main/java/com/alibaba/excel/analysis/v07/XlsxSaxAnalyser.java,easyexcel-core/src/main/java/com/alibaba/excel/analysis/v07/XlsxSaxAnalyser.java.XlsxSaxAnalyser.readOpcPackage.Feature Envy,3.1.0,4.0.0,4.0.0,4
easyexcel,3.1.0,com.alibaba.excel.analysis.v07.handlers,CellTagHandler,endElement,Complex Method,"designitejava,experts",easyexcel-core/src/main/java/com/alibaba/excel/analysis/v07/handlers/CellTagHandler.java,easyexcel-core/src/main/java/com/alibaba/excel/analysis/v07/handlers/CellTagHandler.java.CellTagHandler.endElement.Complex Method,3.1.0,4.0.0,4.0.0,4
easyexcel,3.1.0,com.alibaba.excel.analysis.v07.handlers,CellTagHandler,endElement,Feature Envy,"checkstyle,experts",easyexcel-core/src/main/java/com/alibaba/excel/analysis/v07/handlers/CellTagHandler.java,easyexcel-core/src/main/java/com/alibaba/excel/analysis/v07/handlers/CellTagHandler.java.CellTagHandler.endElement.Feature Envy,3.1.0,4.0.0,4.0.0,4
easyexcel,3.1.0,com.alibaba.excel.analysis.v07.handlers,CellTagHandler,startElement,Feature Envy,"checkstyle,experts",easyexcel-core/src/main/java/com/alibaba/excel/analysis/v07/handlers/CellTagHandler.java,easyexcel-core/src/main/java/com/alibaba/excel/analysis/v07/handlers/CellTagHandler.java.CellTagHandler.startElement.Feature Envy,3.1.0,4.0.0,4.0.0,4
easyexcel,3.2.0,com.alibaba.excel.analysis.v07.handlers,HyperlinkTagHandler,startElement,Long Method,"Decor,experts",easyexcel-core/src/main/java/com/alibaba/excel/analysis/v07/handlers/HyperlinkTagHandler.java,easyexcel-core/src/main/java/com/alibaba/excel/analysis/v07/handlers/HyperlinkTagHandler.java.HyperlinkTagHandler.startElement.Long Method,3.2.0,4.0.0,4.0.0,3
easyexcel,3.1.0,com.alibaba.excel.analysis.v07.handlers,RowTagHandler,endElement,Long Method,"Decor,experts",easyexcel-core/src/main/java/com/alibaba/excel/analysis/v07/handlers/RowTagHandler.java,easyexcel-core/src/main/java/com/alibaba/excel/analysis/v07/handlers/RowTagHandler.java.RowTagHandler.endElement.Long Method,3.1.0,4.0.0,4.0.0,4
easyexcel,3.2.0,com.alibaba.excel.analysis.v07.handlers.sax,SharedStringsTableHandler,endElement,Complex Method,"designitejava,experts",easyexcel-core/src/main/java/com/alibaba/excel/analysis/v07/handlers/sax/SharedStringsTableHandler.java,easyexcel-core/src/main/java/com/alibaba/excel/analysis/v07/handlers/sax/SharedStringsTableHandler.java.SharedStringsTableHandler.endElement.Complex Method,3.2.0,4.0.0,4.0.0,3
easyexcel,3.1.0,com.alibaba.excel.analysis.v07.handlers.sax,SharedStringsTableHandler,endElement,Long Method,"Decor,experts",easyexcel-core/src/main/java/com/alibaba/excel/analysis/v07/handlers/sax/SharedStringsTableHandler.java,easyexcel-core/src/main/java/com/alibaba/excel/analysis/v07/handlers/sax/SharedStringsTableHandler.java.SharedStringsTableHandler.endElement.Long Method,3.1.0,3.2.0,3.3.0,2
easyexcel,3.2.0,com.alibaba.excel.analysis.v07.handlers.sax,SharedStringsTableHandler,startElement,Complex Method,"designitejava,experts",easyexcel-core/src/main/java/com/alibaba/excel/analysis/v07/handlers/sax/SharedStringsTableHandler.java,easyexcel-core/src/main/java/com/alibaba/excel/analysis/v07/handlers/sax/SharedStringsTableHandler.java.SharedStringsTableHandler.startElement.Complex Method,3.2.0,4.0.0,4.0.0,3
easyexcel,3.3.0,com.alibaba.excel.analysis.v07.handlers.sax,SharedStringsTableHandler,utfDecode,Long Method,"Decor,experts",easyexcel-core/src/main/java/com/alibaba/excel/analysis/v07/handlers/sax/SharedStringsTableHandler.java,easyexcel-core/src/main/java/com/alibaba/excel/analysis/v07/handlers/sax/SharedStringsTableHandler.java.SharedStringsTableHandler.utfDecode.Long Method,3.3.0,4.0.0,4.0.0,2
easyexcel,3.1.0,com.alibaba.excel.cache,Ehcache,get,Long Method,"Decor,experts",easyexcel-core/src/main/java/com/alibaba/excel/cache/Ehcache.java,easyexcel-core/src/main/java/com/alibaba/excel/cache/Ehcache.java.Ehcache.get.Long Method,3.1.0,3.2.0,3.3.0,2
easyexcel,3.3.0,com.alibaba.excel.cache,Ehcache,init,Long Method,"Decor,experts",easyexcel-core/src/main/java/com/alibaba/excel/cache/Ehcache.java,easyexcel-core/src/main/java/com/alibaba/excel/cache/Ehcache.java.Ehcache.init.Long Method,3.3.0,4.0.0,4.0.0,2
easyexcel,3.3.0,com.alibaba.excel.cache.selector,SimpleReadCacheSelector,readCache,Complex Method,"designitejava,experts",easyexcel-core/src/main/java/com/alibaba/excel/cache/selector/SimpleReadCacheSelector.java,easyexcel-core/src/main/java/com/alibaba/excel/cache/selector/SimpleReadCacheSelector.java.SimpleReadCacheSelector.readCache.Complex Method,3.3.0,4.0.0,4.0.0,2
easyexcel,3.1.0,com.alibaba.excel.cache.selector,SimpleReadCacheSelector,readCache,Long Method,"Decor,experts",easyexcel-core/src/main/java/com/alibaba/excel/cache/selector/SimpleReadCacheSelector.java,easyexcel-core/src/main/java/com/alibaba/excel/cache/selector/SimpleReadCacheSelector.java.SimpleReadCacheSelector.readCache.Long Method,3.1.0,4.0.0,4.0.0,4
easyexcel,3.1.0,com.alibaba.excel.context,AnalysisContextImpl,currentSheet,Feature Envy,"checkstyle,experts",easyexcel-core/src/main/java/com/alibaba/excel/context/AnalysisContextImpl.java,easyexcel-core/src/main/java/com/alibaba/excel/context/AnalysisContextImpl.java.AnalysisContextImpl.currentSheet.Feature Envy,3.1.0,4.0.0,4.0.0,4
easyexcel,3.1.0,com.alibaba.excel.context,AnalysisContextImpl,currentSheet,Long Method,"Decor,experts",easyexcel-core/src/main/java/com/alibaba/excel/context/AnalysisContextImpl.java,easyexcel-core/src/main/java/com/alibaba/excel/context/AnalysisContextImpl.java.AnalysisContextImpl.currentSheet.Long Method,3.1.0,4.0.0,4.0.0,4
easyexcel,3.1.0,com.alibaba.excel.context,WriteContextImpl,,God Class,"pmd,checkstyle,experts",easyexcel-core/src/main/java/com/alibaba/excel/context/WriteContextImpl.java,easyexcel-core/src/main/java/com/alibaba/excel/context/WriteContextImpl.java.WriteContextImpl..God Class,3.1.0,4.0.0,4.0.0,4
easyexcel,3.1.0,com.alibaba.excel.context,WriteContextImpl,addMergedRegionToCurrentSheet,Feature Envy,"checkstyle,experts",easyexcel-core/src/main/java/com/alibaba/excel/context/WriteContextImpl.java,easyexcel-core/src/main/java/com/alibaba/excel/context/WriteContextImpl.java.WriteContextImpl.addMergedRegionToCurrentSheet.Feature Envy,3.1.0,4.0.0,4.0.0,4
easyexcel,3.1.0,com.alibaba.excel.context,WriteContextImpl,createSheet,Feature Envy,"checkstyle,experts",easyexcel-core/src/main/java/com/alibaba/excel/context/WriteContextImpl.java,easyexcel-core/src/main/java/com/alibaba/excel/context/WriteContextImpl.java.WriteContextImpl.createSheet.Feature Envy,3.1.0,4.0.0,4.0.0,4
easyexcel,3.1.0,com.alibaba.excel.context,WriteContextImpl,currentTable,Feature Envy,"checkstyle,experts",easyexcel-core/src/main/java/com/alibaba/excel/context/WriteContextImpl.java,easyexcel-core/src/main/java/com/alibaba/excel/context/WriteContextImpl.java.WriteContextImpl.currentTable.Feature Envy,3.1.0,4.0.0,4.0.0,4
easyexcel,3.1.0,com.alibaba.excel.context,WriteContextImpl,doFileEncrypt07,Feature Envy,"checkstyle,experts",easyexcel-core/src/main/java/com/alibaba/excel/context/WriteContextImpl.java,easyexcel-core/src/main/java/com/alibaba/excel/context/WriteContextImpl.java.WriteContextImpl.doFileEncrypt07.Feature Envy,3.1.0,4.0.0,4.0.0,4
easyexcel,3.1.0,com.alibaba.excel.context,WriteContextImpl,doOutputStreamEncrypt07,Feature Envy,"checkstyle,experts",easyexcel-core/src/main/java/com/alibaba/excel/context/WriteContextImpl.java,easyexcel-core/src/main/java/com/alibaba/excel/context/WriteContextImpl.java.WriteContextImpl.doOutputStreamEncrypt07.Feature Envy,3.1.0,4.0.0,4.0.0,4
easyexcel,3.1.0,com.alibaba.excel.context,WriteContextImpl,finish,Complex Method,"designitejava,pmd,checkstyle,experts",easyexcel-core/src/main/java/com/alibaba/excel/context/WriteContextImpl.java,easyexcel-core/src/main/java/com/alibaba/excel/context/WriteContextImpl.java.WriteContextImpl.finish.Complex Method,3.1.0,4.0.0,4.0.0,4
easyexcel,3.1.0,com.alibaba.excel.context,WriteContextImpl,finish,Feature Envy,"checkstyle,experts",easyexcel-core/src/main/java/com/alibaba/excel/context/WriteContextImpl.java,easyexcel-core/src/main/java/com/alibaba/excel/context/WriteContextImpl.java.WriteContextImpl.finish.Feature Envy,3.1.0,4.0.0,4.0.0,4
easyexcel,3.1.0,com.alibaba.excel.context,WriteContextImpl,initHead,Feature Envy,"checkstyle,experts",easyexcel-core/src/main/java/com/alibaba/excel/context/WriteContextImpl.java,easyexcel-core/src/main/java/com/alibaba/excel/context/WriteContextImpl.java.WriteContextImpl.initHead.Feature Envy,3.1.0,4.0.0,4.0.0,4
easyexcel,3.1.0,com.alibaba.excel.context,WriteContextImpl,initSheet,Feature Envy,"checkstyle,experts",easyexcel-core/src/main/java/com/alibaba/excel/context/WriteContextImpl.java,easyexcel-core/src/main/java/com/alibaba/excel/context/WriteContextImpl.java.WriteContextImpl.initSheet.Feature Envy,3.1.0,4.0.0,4.0.0,4
easyexcel,3.1.0,com.alibaba.excel.context,WriteContextImpl,selectSheetFromCache,Feature Envy,"checkstyle,experts",easyexcel-core/src/main/java/com/alibaba/excel/context/WriteContextImpl.java,easyexcel-core/src/main/java/com/alibaba/excel/context/WriteContextImpl.java.WriteContextImpl.selectSheetFromCache.Feature Envy,3.1.0,4.0.0,4.0.0,4
easyexcel,3.1.0,com.alibaba.excel.converters.string,StringNumberConverter,convertToJavaData,Feature Envy,"checkstyle,experts",easyexcel-core/src/main/java/com/alibaba/excel/converters/string/StringNumberConverter.java,easyexcel-core/src/main/java/com/alibaba/excel/converters/string/StringNumberConverter.java.StringNumberConverter.convertToJavaData.Feature Envy,3.1.0,4.0.0,4.0.0,4
easyexcel,3.1.0,com.alibaba.excel.converters.url,UrlImageConverter,convertToExcelData,Long Method,"Decor,experts",easyexcel-core/src/main/java/com/alibaba/excel/converters/url/UrlImageConverter.java,easyexcel-core/src/main/java/com/alibaba/excel/converters/url/UrlImageConverter.java.UrlImageConverter.convertToExcelData.Long Method,3.1.0,4.0.0,4.0.0,4
easyexcel,3.1.0,com.alibaba.excel.exception,ExcelDataConvertException,ExcelDataConvertException,Long Parameter List,"designitejava,experts",easyexcel-core/src/main/java/com/alibaba/excel/exception/ExcelDataConvertException.java,easyexcel-core/src/main/java/com/alibaba/excel/exception/ExcelDataConvertException.java.ExcelDataConvertException.ExcelDataConvertException.Long Parameter List,3.1.0,4.0.0,4.0.0,4
easyexcel,3.1.0,com.alibaba.excel.metadata,AbstractHolder,AbstractHolder,Complex Method,"designitejava,checkstyle,experts",easyexcel-core/src/main/java/com/alibaba/excel/metadata/AbstractHolder.java,easyexcel-core/src/main/java/com/alibaba/excel/metadata/AbstractHolder.java.AbstractHolder.AbstractHolder.Complex Method,3.1.0,4.0.0,4.0.0,4
easyexcel,3.1.0,com.alibaba.excel.metadata,AbstractHolder,method,Complex Method,"pmd,experts",easyexcel-core/src/main/java/com/alibaba/excel/metadata/AbstractHolder.java,easyexcel-core/src/main/java/com/alibaba/excel/metadata/AbstractHolder.java.AbstractHolder.method.Complex Method,3.1.0,4.0.0,4.0.0,4
easyexcel,3.1.0,com.alibaba.excel.metadata,CellExtra,CellExtra,Long Parameter List,"designitejava,experts",easyexcel-core/src/main/java/com/alibaba/excel/metadata/CellExtra.java,easyexcel-core/src/main/java/com/alibaba/excel/metadata/CellExtra.java.CellExtra.CellExtra.Long Parameter List,3.1.0,4.0.0,4.0.0,4
easyexcel,3.1.0,com.alibaba.excel.metadata,Head,Head,Long Parameter List,"designitejava,experts",easyexcel-core/src/main/java/com/alibaba/excel/metadata/Head.java,easyexcel-core/src/main/java/com/alibaba/excel/metadata/Head.java.Head.Head.Long Parameter List,3.1.0,4.0.0,4.0.0,4
easyexcel,3.1.0,com.alibaba.excel.metadata.csv,CsvCell,,God Class,"pmd,experts",easyexcel-core/src/main/java/com/alibaba/excel/metadata/csv/CsvCell.java,easyexcel-core/src/main/java/com/alibaba/excel/metadata/csv/CsvCell.java.CsvCell..God Class,3.1.0,4.0.0,4.0.0,4
easyexcel,3.1.0,com.alibaba.excel.metadata.csv,CsvCell,CsvCell,Long Parameter List,"designitejava,experts",easyexcel-core/src/main/java/com/alibaba/excel/metadata/csv/CsvCell.java,easyexcel-core/src/main/java/com/alibaba/excel/metadata/csv/CsvCell.java.CsvCell.CsvCell.Long Parameter List,3.1.0,4.0.0,4.0.0,4
easyexcel,3.1.0,com.alibaba.excel.metadata.csv,CsvDataFormat,getFormat,Long Method,"Decor,experts",easyexcel-core/src/main/java/com/alibaba/excel/metadata/csv/CsvDataFormat.java,easyexcel-core/src/main/java/com/alibaba/excel/metadata/csv/CsvDataFormat.java.CsvDataFormat.getFormat.Long Method,3.1.0,4.0.0,4.0.0,4
easyexcel,3.1.0,com.alibaba.excel.metadata.csv,CsvSheet,,God Class,"pmd,checkstyle,experts",easyexcel-core/src/main/java/com/alibaba/excel/metadata/csv/CsvSheet.java,easyexcel-core/src/main/java/com/alibaba/excel/metadata/csv/CsvSheet.java.CsvSheet..God Class,3.1.0,4.0.0,4.0.0,4
easyexcel,3.1.0,com.alibaba.excel.metadata.csv,CsvSheet,buildCellValue,Complex Method,"designitejava,pmd,checkstyle,experts",easyexcel-core/src/main/java/com/alibaba/excel/metadata/csv/CsvSheet.java,easyexcel-core/src/main/java/com/alibaba/excel/metadata/csv/CsvSheet.java.CsvSheet.buildCellValue.Complex Method,3.1.0,4.0.0,4.0.0,4
easyexcel,3.1.0,com.alibaba.excel.metadata.csv,CsvSheet,buildCellValue,Long Method,"Decor,experts",easyexcel-core/src/main/java/com/alibaba/excel/metadata/csv/CsvSheet.java,easyexcel-core/src/main/java/com/alibaba/excel/metadata/csv/CsvSheet.java.CsvSheet.buildCellValue.Long Method,3.1.0,4.0.0,4.0.0,4
easyexcel,3.1.0,com.alibaba.excel.metadata.csv,CsvSheet,createSplitPane,Long Parameter List,"designitejava,experts",easyexcel-core/src/main/java/com/alibaba/excel/metadata/csv/CsvSheet.java,easyexcel-core/src/main/java/com/alibaba/excel/metadata/csv/CsvSheet.java.CsvSheet.createSplitPane.Long Parameter List,3.1.0,4.0.0,4.0.0,4
easyexcel,3.1.0,com.alibaba.excel.metadata.csv,CsvSheet,shiftRows,Long Parameter List,"designitejava,experts",easyexcel-core/src/main/java/com/alibaba/excel/metadata/csv/CsvSheet.java,easyexcel-core/src/main/java/com/alibaba/excel/metadata/csv/CsvSheet.java.CsvSheet.shiftRows.Long Parameter List,3.1.0,4.0.0,4.0.0,4
easyexcel,3.1.0,com.alibaba.excel.metadata.csv,CsvWorkbook,,God Class,"pmd,experts",easyexcel-core/src/main/java/com/alibaba/excel/metadata/csv/CsvWorkbook.java,easyexcel-core/src/main/java/com/alibaba/excel/metadata/csv/CsvWorkbook.java.CsvWorkbook..God Class,3.1.0,4.0.0,4.0.0,4
easyexcel,3.3.0,com.alibaba.excel.metadata.csv,CsvWorkbook,CsvWorkbook,Long Parameter List,"designitejava,experts",easyexcel-core/src/main/java/com/alibaba/excel/metadata/csv/CsvWorkbook.java,easyexcel-core/src/main/java/com/alibaba/excel/metadata/csv/CsvWorkbook.java.CsvWorkbook.CsvWorkbook.Long Parameter List,3.3.0,4.0.0,4.0.0,2
easyexcel,3.1.0,com.alibaba.excel.metadata.csv,CsvWorkbook,findFont,Long Parameter List,"designitejava,checkstyle,experts",easyexcel-core/src/main/java/com/alibaba/excel/metadata/csv/CsvWorkbook.java,easyexcel-core/src/main/java/com/alibaba/excel/metadata/csv/CsvWorkbook.java.CsvWorkbook.findFont.Long Parameter List,3.1.0,4.0.0,4.0.0,4
easyexcel,3.1.0,com.alibaba.excel.metadata.csv,CsvWorkbook,setPrintArea,Long Parameter List,"designitejava,experts",easyexcel-core/src/main/java/com/alibaba/excel/metadata/csv/CsvWorkbook.java,easyexcel-core/src/main/java/com/alibaba/excel/metadata/csv/CsvWorkbook.java.CsvWorkbook.setPrintArea.Long Parameter List,3.1.0,4.0.0,4.0.0,4
easyexcel,3.1.0,com.alibaba.excel.metadata.data,CellData,checkEmpty,Complex Method,"designitejava,experts",easyexcel-core/src/main/java/com/alibaba/excel/metadata/data/CellData.java,easyexcel-core/src/main/java/com/alibaba/excel/metadata/data/CellData.java.CellData.checkEmpty.Complex Method,3.1.0,4.0.0,4.0.0,4
easyexcel,3.1.0,com.alibaba.excel.metadata.data,CellData,checkEmpty,Long Method,"Decor,experts",easyexcel-core/src/main/java/com/alibaba/excel/metadata/data/CellData.java,easyexcel-core/src/main/java/com/alibaba/excel/metadata/data/CellData.java.CellData.checkEmpty.Long Method,3.1.0,4.0.0,4.0.0,4
easyexcel,3.1.0,com.alibaba.excel.metadata.data,ReadCellData,clone,Long Method,"Decor,experts",easyexcel-core/src/main/java/com/alibaba/excel/metadata/data/ReadCellData.java,easyexcel-core/src/main/java/com/alibaba/excel/metadata/data/ReadCellData.java.ReadCellData.clone.Long Method,3.1.0,4.0.0,4.0.0,4
easyexcel,3.1.0,com.alibaba.excel.metadata.format,DataFormatter,,God Class,"pmd,checkstyle,experts",easyexcel-core/src/main/java/com/alibaba/excel/metadata/format/DataFormatter.java,easyexcel-core/src/main/java/com/alibaba/excel/metadata/format/DataFormatter.java.DataFormatter..God Class,3.1.0,4.0.0,4.0.0,4
easyexcel,3.1.0,com.alibaba.excel.metadata.format,DataFormatter,cleanFormatForNumber,Complex Method,"designitejava,pmd,checkstyle,experts",easyexcel-core/src/main/java/com/alibaba/excel/metadata/format/DataFormatter.java,easyexcel-core/src/main/java/com/alibaba/excel/metadata/format/DataFormatter.java.DataFormatter.cleanFormatForNumber.Complex Method,3.1.0,4.0.0,4.0.0,4
easyexcel,3.1.0,com.alibaba.excel.metadata.format,DataFormatter,createDateFormat,Complex Method,"designitejava,pmd,checkstyle,experts",easyexcel-core/src/main/java/com/alibaba/excel/metadata/format/DataFormatter.java,easyexcel-core/src/main/java/com/alibaba/excel/metadata/format/DataFormatter.java.DataFormatter.createDateFormat.Complex Method,3.1.0,4.0.0,4.0.0,4
easyexcel,3.1.0,com.alibaba.excel.metadata.format,DataFormatter,createDateFormat,Long Method,"designitejava,experts",easyexcel-core/src/main/java/com/alibaba/excel/metadata/format/DataFormatter.java,easyexcel-core/src/main/java/com/alibaba/excel/metadata/format/DataFormatter.java.DataFormatter.createDateFormat.Long Method,3.1.0,4.0.0,4.0.0,4
easyexcel,3.1.0,com.alibaba.excel.metadata.format,DataFormatter,createFormat,Complex Method,"designitejava,pmd,checkstyle,experts",easyexcel-core/src/main/java/com/alibaba/excel/metadata/format/DataFormatter.java,easyexcel-core/src/main/java/com/alibaba/excel/metadata/format/DataFormatter.java.DataFormatter.createFormat.Complex Method,3.1.0,4.0.0,4.0.0,4
easyexcel,3.1.0,com.alibaba.excel.metadata.format,ExcelGeneralNumberFormat,format,Long Method,"Decor,experts",easyexcel-core/src/main/java/com/alibaba/excel/metadata/format/ExcelGeneralNumberFormat.java,easyexcel-core/src/main/java/com/alibaba/excel/metadata/format/ExcelGeneralNumberFormat.java.ExcelGeneralNumberFormat.format.Long Method,3.1.0,4.0.0,4.0.0,4
easyexcel,3.1.0,com.alibaba.excel.metadata.property,ExcelHeadProperty,initHeadRowNumber,Long Method,"Decor,experts",easyexcel-core/src/main/java/com/alibaba/excel/metadata/property/ExcelHeadProperty.java,easyexcel-core/src/main/java/com/alibaba/excel/metadata/property/ExcelHeadProperty.java.ExcelHeadProperty.initHeadRowNumber.Long Method,3.1.0,4.0.0,4.0.0,4
easyexcel,3.1.0,com.alibaba.excel.metadata.property,ExcelHeadProperty,initOneColumnProperty,Feature Envy,"checkstyle,experts",easyexcel-core/src/main/java/com/alibaba/excel/metadata/property/ExcelHeadProperty.java,easyexcel-core/src/main/java/com/alibaba/excel/metadata/property/ExcelHeadProperty.java.ExcelHeadProperty.initOneColumnProperty.Feature Envy,3.1.0,3.2.0,3.3.0,2
easyexcel,3.1.0,com.alibaba.excel.metadata.property,FontProperty,build,Complex Method,"designitejava,experts",easyexcel-core/src/main/java/com/alibaba/excel/metadata/property/FontProperty.java,easyexcel-core/src/main/java/com/alibaba/excel/metadata/property/FontProperty.java.FontProperty.build.Complex Method,3.1.0,4.0.0,4.0.0,4
easyexcel,3.1.0,com.alibaba.excel.metadata.property,FontProperty,build,Feature Envy,"checkstyle,experts",easyexcel-core/src/main/java/com/alibaba/excel/metadata/property/FontProperty.java,easyexcel-core/src/main/java/com/alibaba/excel/metadata/property/FontProperty.java.FontProperty.build.Feature Envy,3.1.0,4.0.0,4.0.0,4
easyexcel,3.1.0,com.alibaba.excel.metadata.property,FontProperty,build,Long Method,"Decor,experts",easyexcel-core/src/main/java/com/alibaba/excel/metadata/property/FontProperty.java,easyexcel-core/src/main/java/com/alibaba/excel/metadata/property/FontProperty.java.FontProperty.build.Long Method,3.1.0,4.0.0,4.0.0,4
easyexcel,3.1.0,com.alibaba.excel.metadata.property,OnceAbsoluteMergeProperty,build,Feature Envy,"checkstyle,experts",easyexcel-core/src/main/java/com/alibaba/excel/metadata/property/OnceAbsoluteMergeProperty.java,easyexcel-core/src/main/java/com/alibaba/excel/metadata/property/OnceAbsoluteMergeProperty.java.OnceAbsoluteMergeProperty.build.Feature Envy,3.1.0,4.0.0,4.0.0,4
easyexcel,3.1.0,com.alibaba.excel.metadata.property,StyleProperty,build,Complex Method,"designitejava,checkstyle,experts",easyexcel-core/src/main/java/com/alibaba/excel/metadata/property/StyleProperty.java,easyexcel-core/src/main/java/com/alibaba/excel/metadata/property/StyleProperty.java.StyleProperty.build.Complex Method,3.1.0,4.0.0,4.0.0,4
easyexcel,3.1.0,com.alibaba.excel.metadata.property,StyleProperty,build,Feature Envy,"checkstyle,experts",easyexcel-core/src/main/java/com/alibaba/excel/metadata/property/StyleProperty.java,easyexcel-core/src/main/java/com/alibaba/excel/metadata/property/StyleProperty.java.StyleProperty.build.Feature Envy,3.1.0,4.0.0,4.0.0,4
easyexcel,3.1.0,com.alibaba.excel.read.builder,AbstractExcelReaderParameterBuilder,registerReadListener,Feature Envy,"checkstyle,experts",easyexcel-core/src/main/java/com/alibaba/excel/read/builder/AbstractExcelReaderParameterBuilder.java,easyexcel-core/src/main/java/com/alibaba/excel/read/builder/AbstractExcelReaderParameterBuilder.java.AbstractExcelReaderParameterBuilder.registerReadListener.Feature Envy,3.1.0,4.0.0,4.0.0,4
easyexcel,3.1.0,com.alibaba.excel.read.builder,ExcelReaderBuilder,,God Class,"pmd,experts",easyexcel-core/src/main/java/com/alibaba/excel/read/builder/ExcelReaderBuilder.java,easyexcel-core/src/main/java/com/alibaba/excel/read/builder/ExcelReaderBuilder.java.ExcelReaderBuilder..God Class,3.1.0,4.0.0,4.0.0,4
easyexcel,3.2.0,com.alibaba.excel.read.listener,ModelBuildEventListener,buildNoModel,Long Method,"Decor,experts",easyexcel-core/src/main/java/com/alibaba/excel/read/listener/ModelBuildEventListener.java,easyexcel-core/src/main/java/com/alibaba/excel/read/listener/ModelBuildEventListener.java.ModelBuildEventListener.buildNoModel.Long Method,3.2.0,4.0.0,4.0.0,3
easyexcel,3.1.0,com.alibaba.excel.read.listener,ModelBuildEventListener,buildUserModel,Feature Envy,"checkstyle,experts",easyexcel-core/src/main/java/com/alibaba/excel/read/listener/ModelBuildEventListener.java,easyexcel-core/src/main/java/com/alibaba/excel/read/listener/ModelBuildEventListener.java.ModelBuildEventListener.buildUserModel.Feature Envy,3.1.0,4.0.0,4.0.0,4
easyexcel,3.1.0,com.alibaba.excel.read.listener,ModelBuildEventListener,buildUserModel,Long Method,"Decor,experts",easyexcel-core/src/main/java/com/alibaba/excel/read/listener/ModelBuildEventListener.java,easyexcel-core/src/main/java/com/alibaba/excel/read/listener/ModelBuildEventListener.java.ModelBuildEventListener.buildUserModel.Long Method,3.1.0,3.1.0,3.2.0,1
easyexcel,3.2.0,com.alibaba.excel.read.listener,ModelBuildEventListener,convertReadCellData,Complex Method,"designitejava,experts",easyexcel-core/src/main/java/com/alibaba/excel/read/listener/ModelBuildEventListener.java,easyexcel-core/src/main/java/com/alibaba/excel/read/listener/ModelBuildEventListener.java.ModelBuildEventListener.convertReadCellData.Complex Method,3.2.0,4.0.0,4.0.0,3
easyexcel,3.2.0,com.alibaba.excel.read.listener,ModelBuildEventListener,convertReadCellData,Long Parameter List,"designitejava,experts",easyexcel-core/src/main/java/com/alibaba/excel/read/listener/ModelBuildEventListener.java,easyexcel-core/src/main/java/com/alibaba/excel/read/listener/ModelBuildEventListener.java.ModelBuildEventListener.convertReadCellData.Long Parameter List,3.2.0,4.0.0,4.0.0,3
easyexcel,3.1.0,com.alibaba.excel.read.metadata.holder,AbstractReadHolder,AbstractReadHolder,Complex Method,"designitejava,checkstyle,experts",easyexcel-core/src/main/java/com/alibaba/excel/read/metadata/holder/AbstractReadHolder.java,easyexcel-core/src/main/java/com/alibaba/excel/read/metadata/holder/AbstractReadHolder.java.AbstractReadHolder.AbstractReadHolder.Complex Method,3.1.0,4.0.0,4.0.0,4
easyexcel,3.1.0,com.alibaba.excel.read.metadata.holder,AbstractReadHolder,AbstractReadHolder,Feature Envy,"checkstyle,experts",easyexcel-core/src/main/java/com/alibaba/excel/read/metadata/holder/AbstractReadHolder.java,easyexcel-core/src/main/java/com/alibaba/excel/read/metadata/holder/AbstractReadHolder.java.AbstractReadHolder.AbstractReadHolder.Feature Envy,3.1.0,4.0.0,4.0.0,4
easyexcel,3.1.0,com.alibaba.excel.read.metadata.holder,AbstractReadHolder,method,Complex Method,"pmd,experts",easyexcel-core/src/main/java/com/alibaba/excel/read/metadata/holder/AbstractReadHolder.java,easyexcel-core/src/main/java/com/alibaba/excel/read/metadata/holder/AbstractReadHolder.java.AbstractReadHolder.method.Complex Method,3.1.0,4.0.0,4.0.0,4
easyexcel,3.1.0,com.alibaba.excel.read.metadata.holder,ReadWorkbookHolder,ReadWorkbookHolder,Complex Method,"designitejava,experts",easyexcel-core/src/main/java/com/alibaba/excel/read/metadata/holder/ReadWorkbookHolder.java,easyexcel-core/src/main/java/com/alibaba/excel/read/metadata/holder/ReadWorkbookHolder.java.ReadWorkbookHolder.ReadWorkbookHolder.Complex Method,3.1.0,4.0.0,4.0.0,4
easyexcel,3.1.0,com.alibaba.excel.read.metadata.holder,ReadWorkbookHolder,ReadWorkbookHolder,Feature Envy,"checkstyle,experts",easyexcel-core/src/main/java/com/alibaba/excel/read/metadata/holder/ReadWorkbookHolder.java,easyexcel-core/src/main/java/com/alibaba/excel/read/metadata/holder/ReadWorkbookHolder.java.ReadWorkbookHolder.ReadWorkbookHolder.Feature Envy,3.1.0,4.0.0,4.0.0,4
easyexcel,3.1.0,com.alibaba.excel.read.metadata.holder,ReadWorkbookHolder,method,Complex Method,"pmd,experts",easyexcel-core/src/main/java/com/alibaba/excel/read/metadata/holder/ReadWorkbookHolder.java,easyexcel-core/src/main/java/com/alibaba/excel/read/metadata/holder/ReadWorkbookHolder.java.ReadWorkbookHolder.method.Complex Method,3.1.0,4.0.0,4.0.0,4
easyexcel,3.1.0,com.alibaba.excel.read.processor,DefaultAnalysisEventProcessor,buildHead,Complex Method,"designitejava,pmd,experts",easyexcel-core/src/main/java/com/alibaba/excel/read/processor/DefaultAnalysisEventProcessor.java,easyexcel-core/src/main/java/com/alibaba/excel/read/processor/DefaultAnalysisEventProcessor.java.DefaultAnalysisEventProcessor.buildHead.Complex Method,3.1.0,4.0.0,4.0.0,4
easyexcel,3.1.0,com.alibaba.excel.read.processor,DefaultAnalysisEventProcessor,buildHead,Feature Envy,"checkstyle,experts",easyexcel-core/src/main/java/com/alibaba/excel/read/processor/DefaultAnalysisEventProcessor.java,easyexcel-core/src/main/java/com/alibaba/excel/read/processor/DefaultAnalysisEventProcessor.java.DefaultAnalysisEventProcessor.buildHead.Feature Envy,3.1.0,4.0.0,4.0.0,4
easyexcel,3.1.0,com.alibaba.excel.read.processor,DefaultAnalysisEventProcessor,buildHead,Long Method,"Decor,experts",easyexcel-core/src/main/java/com/alibaba/excel/read/processor/DefaultAnalysisEventProcessor.java,easyexcel-core/src/main/java/com/alibaba/excel/read/processor/DefaultAnalysisEventProcessor.java.DefaultAnalysisEventProcessor.buildHead.Long Method,3.1.0,3.1.0,3.2.0,1
easyexcel,3.1.0,com.alibaba.excel.read.processor,DefaultAnalysisEventProcessor,dealData,Feature Envy,"checkstyle,experts",easyexcel-core/src/main/java/com/alibaba/excel/read/processor/DefaultAnalysisEventProcessor.java,easyexcel-core/src/main/java/com/alibaba/excel/read/processor/DefaultAnalysisEventProcessor.java.DefaultAnalysisEventProcessor.dealData.Feature Envy,3.1.0,4.0.0,4.0.0,4
easyexcel,3.1.0,com.alibaba.excel.support,ExcelTypeEnum,valueOf,Complex Method,"pmd,checkstyle,experts",easyexcel-core/src/main/java/com/alibaba/excel/support/ExcelTypeEnum.java,easyexcel-core/src/main/java/com/alibaba/excel/support/ExcelTypeEnum.java.ExcelTypeEnum.valueOf.Complex Method,3.1.0,4.0.0,4.0.0,4
easyexcel,3.1.0,com.alibaba.excel.support,ExcelTypeEnum,valueOf,Feature Envy,"checkstyle,experts",easyexcel-core/src/main/java/com/alibaba/excel/support/ExcelTypeEnum.java,easyexcel-core/src/main/java/com/alibaba/excel/support/ExcelTypeEnum.java.ExcelTypeEnum.valueOf.Feature Envy,3.1.0,4.0.0,4.0.0,4
easyexcel,3.3.0,com.alibaba.excel.util,ClassUtils,,God Class,"pmd,checkstyle,experts",easyexcel-core/src/main/java/com/alibaba/excel/util/ClassUtils.java,easyexcel-core/src/main/java/com/alibaba/excel/util/ClassUtils.java.ClassUtils..God Class,3.3.0,4.0.0,4.0.0,2
easyexcel,3.1.0,com.alibaba.excel.util,ClassUtils,combineExcelContentProperty,Complex Method,"designitejava,experts",easyexcel-core/src/main/java/com/alibaba/excel/util/ClassUtils.java,easyexcel-core/src/main/java/com/alibaba/excel/util/ClassUtils.java.ClassUtils.combineExcelContentProperty.Complex Method,3.1.0,4.0.0,4.0.0,4
easyexcel,3.1.0,com.alibaba.excel.util,ClassUtils,combineExcelContentProperty,Feature Envy,"checkstyle,experts",easyexcel-core/src/main/java/com/alibaba/excel/util/ClassUtils.java,easyexcel-core/src/main/java/com/alibaba/excel/util/ClassUtils.java.ClassUtils.combineExcelContentProperty.Feature Envy,3.1.0,4.0.0,4.0.0,4
easyexcel,3.1.0,com.alibaba.excel.util,ClassUtils,declaredFieldContentMap,Complex Method,"designitejava,pmd,experts",easyexcel-core/src/main/java/com/alibaba/excel/util/ClassUtils.java,easyexcel-core/src/main/java/com/alibaba/excel/util/ClassUtils.java.ClassUtils.declaredFieldContentMap.Complex Method,3.1.0,3.2.0,3.3.0,2
easyexcel,3.1.0,com.alibaba.excel.util,ClassUtils,declaredFieldContentMap,Feature Envy,"checkstyle,experts",easyexcel-core/src/main/java/com/alibaba/excel/util/ClassUtils.java,easyexcel-core/src/main/java/com/alibaba/excel/util/ClassUtils.java.ClassUtils.declaredFieldContentMap.Feature Envy,3.1.0,3.2.0,3.3.0,2
easyexcel,3.1.0,com.alibaba.excel.util,ClassUtils,declaredFields,Complex Method,"designitejava,pmd,experts",easyexcel-core/src/main/java/com/alibaba/excel/util/ClassUtils.java,easyexcel-core/src/main/java/com/alibaba/excel/util/ClassUtils.java.ClassUtils.declaredFields.Complex Method,3.1.0,3.2.0,3.3.0,2
easyexcel,3.1.0,com.alibaba.excel.util,ClassUtils,declaredFields,Long Method,"Decor,experts",easyexcel-core/src/main/java/com/alibaba/excel/util/ClassUtils.java,easyexcel-core/src/main/java/com/alibaba/excel/util/ClassUtils.java.ClassUtils.declaredFields.Long Method,3.1.0,3.2.0,3.3.0,2
easyexcel,3.1.0,com.alibaba.excel.util,ClassUtils,declaredFields,Long Parameter List,"designitejava,checkstyle,experts",easyexcel-core/src/main/java/com/alibaba/excel/util/ClassUtils.java,easyexcel-core/src/main/java/com/alibaba/excel/util/ClassUtils.java.ClassUtils.declaredFields.Long Parameter List,3.1.0,3.2.0,3.3.0,2
easyexcel,3.1.0,com.alibaba.excel.util,ClassUtils,declaredOneField,Complex Method,"checkstyle,experts",easyexcel-core/src/main/java/com/alibaba/excel/util/ClassUtils.java,easyexcel-core/src/main/java/com/alibaba/excel/util/ClassUtils.java.ClassUtils.declaredOneField.Complex Method,3.1.0,4.0.0,4.0.0,4
easyexcel,3.1.0,com.alibaba.excel.util,ClassUtils,declaredOneField,Feature Envy,"checkstyle,experts",easyexcel-core/src/main/java/com/alibaba/excel/util/ClassUtils.java,easyexcel-core/src/main/java/com/alibaba/excel/util/ClassUtils.java.ClassUtils.declaredOneField.Feature Envy,3.1.0,4.0.0,4.0.0,4
easyexcel,3.1.0,com.alibaba.excel.util,ClassUtils,declaredOneField,Long Parameter List,"designitejava,experts",easyexcel-core/src/main/java/com/alibaba/excel/util/ClassUtils.java,easyexcel-core/src/main/java/com/alibaba/excel/util/ClassUtils.java.ClassUtils.declaredOneField.Long Parameter List,3.1.0,4.0.0,4.0.0,4
easyexcel,3.3.0,com.alibaba.excel.util,ClassUtils,doDeclaredFieldContentMap,Complex Method,"designitejava,pmd,experts",easyexcel-core/src/main/java/com/alibaba/excel/util/ClassUtils.java,easyexcel-core/src/main/java/com/alibaba/excel/util/ClassUtils.java.ClassUtils.doDeclaredFieldContentMap.Complex Method,3.3.0,4.0.0,4.0.0,2
easyexcel,3.3.0,com.alibaba.excel.util,ClassUtils,doDeclaredFieldContentMap,Feature Envy,"checkstyle,experts",easyexcel-core/src/main/java/com/alibaba/excel/util/ClassUtils.java,easyexcel-core/src/main/java/com/alibaba/excel/util/ClassUtils.java.ClassUtils.doDeclaredFieldContentMap.Feature Envy,3.3.0,4.0.0,4.0.0,2
easyexcel,3.3.0,com.alibaba.excel.util,ClassUtils,doDeclaredFields,Complex Method,"designitejava,pmd,checkstyle,experts",easyexcel-core/src/main/java/com/alibaba/excel/util/ClassUtils.java,easyexcel-core/src/main/java/com/alibaba/excel/util/ClassUtils.java.ClassUtils.doDeclaredFields.Complex Method,3.3.0,4.0.0,4.0.0,2
easyexcel,3.3.0,com.alibaba.excel.util,ClassUtils,resortField,Complex Method,"designitejava,pmd,experts",easyexcel-core/src/main/java/com/alibaba/excel/util/ClassUtils.java,easyexcel-core/src/main/java/com/alibaba/excel/util/ClassUtils.java.ClassUtils.resortField.Complex Method,3.3.0,4.0.0,4.0.0,2
easyexcel,3.1.0,com.alibaba.excel.util,ConverterUtils,convertToJavaObject,Long Parameter List,"designitejava,checkstyle,experts",easyexcel-core/src/main/java/com/alibaba/excel/util/ConverterUtils.java,easyexcel-core/src/main/java/com/alibaba/excel/util/ConverterUtils.java.ConverterUtils.convertToJavaObject.Long Parameter List,3.1.0,4.0.0,4.0.0,4
easyexcel,3.1.0,com.alibaba.excel.util,ConverterUtils,convertToStringMap,Long Method,"Decor,experts",easyexcel-core/src/main/java/com/alibaba/excel/util/ConverterUtils.java,easyexcel-core/src/main/java/com/alibaba/excel/util/ConverterUtils.java.ConverterUtils.convertToStringMap.Long Method,3.1.0,4.0.0,4.0.0,4
easyexcel,3.1.0,com.alibaba.excel.util,ConverterUtils,doConvertToJavaObject,Long Parameter List,"designitejava,checkstyle,experts",easyexcel-core/src/main/java/com/alibaba/excel/util/ConverterUtils.java,easyexcel-core/src/main/java/com/alibaba/excel/util/ConverterUtils.java.ConverterUtils.doConvertToJavaObject.Long Parameter List,3.1.0,4.0.0,4.0.0,4
easyexcel,3.1.0,com.alibaba.excel.util,DateUtils,,God Class,"pmd,experts",easyexcel-core/src/main/java/com/alibaba/excel/util/DateUtils.java,easyexcel-core/src/main/java/com/alibaba/excel/util/DateUtils.java.DateUtils..God Class,3.1.0,4.0.0,4.0.0,4
easyexcel,3.1.0,com.alibaba.excel.util,DateUtils,isADateFormatUncached,Complex Method,"designitejava,pmd,checkstyle,experts",easyexcel-core/src/main/java/com/alibaba/excel/util/DateUtils.java,easyexcel-core/src/main/java/com/alibaba/excel/util/DateUtils.java.DateUtils.isADateFormatUncached.Complex Method,3.1.0,4.0.0,4.0.0,4
easyexcel,3.1.0,com.alibaba.excel.util,DateUtils,isInternalDateFormat,Complex Method,"designitejava,experts",easyexcel-core/src/main/java/com/alibaba/excel/util/DateUtils.java,easyexcel-core/src/main/java/com/alibaba/excel/util/DateUtils.java.DateUtils.isInternalDateFormat.Complex Method,3.1.0,4.0.0,4.0.0,4
easyexcel,3.1.0,com.alibaba.excel.util,DateUtils,switchDateFormat,Complex Method,"designitejava,experts",easyexcel-core/src/main/java/com/alibaba/excel/util/DateUtils.java,easyexcel-core/src/main/java/com/alibaba/excel/util/DateUtils.java.DateUtils.switchDateFormat.Complex Method,3.1.0,4.0.0,4.0.0,4
easyexcel,3.1.0,com.alibaba.excel.util,FieldUtils,getField,Long Method,"Decor,experts",easyexcel-core/src/main/java/com/alibaba/excel/util/FieldUtils.java,easyexcel-core/src/main/java/com/alibaba/excel/util/FieldUtils.java.FieldUtils.getField.Long Method,3.1.0,4.0.0,4.0.0,4
easyexcel,3.1.0,com.alibaba.excel.util,FileUtils,writeToFile,Long Method,"Decor,experts",easyexcel-core/src/main/java/com/alibaba/excel/util/FileUtils.java,easyexcel-core/src/main/java/com/alibaba/excel/util/FileUtils.java.FileUtils.writeToFile.Long Method,3.1.0,4.0.0,4.0.0,4
easyexcel,3.1.0,com.alibaba.excel.util,IoUtils,toByteArray,Long Method,"Decor,experts",easyexcel-core/src/main/java/com/alibaba/excel/util/IoUtils.java,easyexcel-core/src/main/java/com/alibaba/excel/util/IoUtils.java.IoUtils.toByteArray.Long Method,3.1.0,4.0.0,4.0.0,4
easyexcel,3.1.0,com.alibaba.excel.util,NumberDataFormatterUtils,format,Long Parameter List,"designitejava,checkstyle,experts",easyexcel-core/src/main/java/com/alibaba/excel/util/NumberDataFormatterUtils.java,easyexcel-core/src/main/java/com/alibaba/excel/util/NumberDataFormatterUtils.java.NumberDataFormatterUtils.format.Long Parameter List,3.1.0,4.0.0,4.0.0,4
easyexcel,3.1.0,com.alibaba.excel.util,NumberUtils,,God Class,"pmd,experts",easyexcel-core/src/main/java/com/alibaba/excel/util/NumberUtils.java,easyexcel-core/src/main/java/com/alibaba/excel/util/NumberUtils.java.NumberUtils..God Class,3.1.0,4.0.0,4.0.0,4
easyexcel,3.1.0,com.alibaba.excel.util,NumberUtils,format,Feature Envy,"checkstyle,experts",easyexcel-core/src/main/java/com/alibaba/excel/util/NumberUtils.java,easyexcel-core/src/main/java/com/alibaba/excel/util/NumberUtils.java.NumberUtils.format.Feature Envy,3.1.0,4.0.0,4.0.0,4
easyexcel,3.1.0,com.alibaba.excel.util,NumberUtils,formatToCellData,Feature Envy,"checkstyle,experts",easyexcel-core/src/main/java/com/alibaba/excel/util/NumberUtils.java,easyexcel-core/src/main/java/com/alibaba/excel/util/NumberUtils.java.NumberUtils.formatToCellData.Feature Envy,3.1.0,4.0.0,4.0.0,4
easyexcel,3.1.0,com.alibaba.excel.util,PositionUtils,getCol,Long Method,"Decor,experts",easyexcel-core/src/main/java/com/alibaba/excel/util/PositionUtils.java,easyexcel-core/src/main/java/com/alibaba/excel/util/PositionUtils.java.PositionUtils.getCol.Long Method,3.1.0,4.0.0,4.0.0,4
easyexcel,3.1.0,com.alibaba.excel.util,SheetUtils,match,Complex Method,"designitejava,pmd,checkstyle,experts",easyexcel-core/src/main/java/com/alibaba/excel/util/SheetUtils.java,easyexcel-core/src/main/java/com/alibaba/excel/util/SheetUtils.java.SheetUtils.match.Complex Method,3.1.0,4.0.0,4.0.0,4
easyexcel,3.1.0,com.alibaba.excel.util,SheetUtils,match,Feature Envy,"checkstyle,experts",easyexcel-core/src/main/java/com/alibaba/excel/util/SheetUtils.java,easyexcel-core/src/main/java/com/alibaba/excel/util/SheetUtils.java.SheetUtils.match.Feature Envy,3.1.0,4.0.0,4.0.0,4
easyexcel,3.1.0,com.alibaba.excel.util,SheetUtils,match,Long Method,"Decor,experts",easyexcel-core/src/main/java/com/alibaba/excel/util/SheetUtils.java,easyexcel-core/src/main/java/com/alibaba/excel/util/SheetUtils.java.SheetUtils.match.Long Method,3.1.0,4.0.0,4.0.0,4
easyexcel,3.1.0,com.alibaba.excel.util,StringUtils,regionMatches,Complex Method,"designitejava,checkstyle,experts",easyexcel-core/src/main/java/com/alibaba/excel/util/StringUtils.java,easyexcel-core/src/main/java/com/alibaba/excel/util/StringUtils.java.StringUtils.regionMatches.Complex Method,3.1.0,4.0.0,4.0.0,4
easyexcel,3.1.0,com.alibaba.excel.util,StringUtils,regionMatches,Long Method,"Decor,experts",easyexcel-core/src/main/java/com/alibaba/excel/util/StringUtils.java,easyexcel-core/src/main/java/com/alibaba/excel/util/StringUtils.java.StringUtils.regionMatches.Long Method,3.1.0,4.0.0,4.0.0,4
easyexcel,3.1.0,com.alibaba.excel.util,StringUtils,regionMatches,Long Parameter List,"designitejava,checkstyle,experts",easyexcel-core/src/main/java/com/alibaba/excel/util/StringUtils.java,easyexcel-core/src/main/java/com/alibaba/excel/util/StringUtils.java.StringUtils.regionMatches.Long Parameter List,3.1.0,4.0.0,4.0.0,4
easyexcel,3.1.0,com.alibaba.excel.util,StyleUtil,buildCellStyle,Complex Method,"designitejava,pmd,checkstyle,experts",easyexcel-core/src/main/java/com/alibaba/excel/util/StyleUtil.java,easyexcel-core/src/main/java/com/alibaba/excel/util/StyleUtil.java.StyleUtil.buildCellStyle.Complex Method,3.1.0,4.0.0,4.0.0,4
easyexcel,3.1.0,com.alibaba.excel.util,StyleUtil,buildCellStyle,Feature Envy,"checkstyle,experts",easyexcel-core/src/main/java/com/alibaba/excel/util/StyleUtil.java,easyexcel-core/src/main/java/com/alibaba/excel/util/StyleUtil.java.StyleUtil.buildCellStyle.Feature Envy,3.1.0,4.0.0,4.0.0,4
easyexcel,3.1.0,com.alibaba.excel.util,StyleUtil,buildFont,Complex Method,"designitejava,checkstyle,experts",easyexcel-core/src/main/java/com/alibaba/excel/util/StyleUtil.java,easyexcel-core/src/main/java/com/alibaba/excel/util/StyleUtil.java.StyleUtil.buildFont.Complex Method,3.1.0,4.0.0,4.0.0,4
easyexcel,3.1.0,com.alibaba.excel.util,StyleUtil,buildFont,Feature Envy,"checkstyle,experts",easyexcel-core/src/main/java/com/alibaba/excel/util/StyleUtil.java,easyexcel-core/src/main/java/com/alibaba/excel/util/StyleUtil.java.StyleUtil.buildFont.Feature Envy,3.1.0,4.0.0,4.0.0,4
easyexcel,3.1.0,com.alibaba.excel.util,WorkBookUtil,createWorkBook,Complex Method,"designitejava,pmd,experts",easyexcel-core/src/main/java/com/alibaba/excel/util/WorkBookUtil.java,easyexcel-core/src/main/java/com/alibaba/excel/util/WorkBookUtil.java.WorkBookUtil.createWorkBook.Complex Method,3.1.0,4.0.0,4.0.0,4
easyexcel,3.1.0,com.alibaba.excel.util,WorkBookUtil,createWorkBook,Feature Envy,"checkstyle,experts",easyexcel-core/src/main/java/com/alibaba/excel/util/WorkBookUtil.java,easyexcel-core/src/main/java/com/alibaba/excel/util/WorkBookUtil.java.WorkBookUtil.createWorkBook.Feature Envy,3.1.0,4.0.0,4.0.0,4
easyexcel,3.1.0,com.alibaba.excel.util,WriteHandlerUtils,,God Class,"pmd,experts",easyexcel-core/src/main/java/com/alibaba/excel/util/WriteHandlerUtils.java,easyexcel-core/src/main/java/com/alibaba/excel/util/WriteHandlerUtils.java.WriteHandlerUtils..God Class,3.1.0,4.0.0,4.0.0,4
easyexcel,3.1.0,com.alibaba.excel.util,WriteHandlerUtils,createCellWriteHandlerContext,Long Parameter List,"designitejava,checkstyle,experts",easyexcel-core/src/main/java/com/alibaba/excel/util/WriteHandlerUtils.java,easyexcel-core/src/main/java/com/alibaba/excel/util/WriteHandlerUtils.java.WriteHandlerUtils.createCellWriteHandlerContext.Long Parameter List,3.1.0,4.0.0,4.0.0,4
easyexcel,3.1.0,com.alibaba.excel.write,ExcelBuilderImpl,fill,Long Method,"Decor,experts",easyexcel-core/src/main/java/com/alibaba/excel/write/ExcelBuilderImpl.java,easyexcel-core/src/main/java/com/alibaba/excel/write/ExcelBuilderImpl.java.ExcelBuilderImpl.fill.Long Method,3.1.0,4.0.0,4.0.0,4
easyexcel,3.1.0,com.alibaba.excel.write.builder,AbstractExcelWriterParameterBuilder,,God Class,"pmd,experts",easyexcel-core/src/main/java/com/alibaba/excel/write/builder/AbstractExcelWriterParameterBuilder.java,easyexcel-core/src/main/java/com/alibaba/excel/write/builder/AbstractExcelWriterParameterBuilder.java.AbstractExcelWriterParameterBuilder..God Class,3.1.0,4.0.0,4.0.0,4
easyexcel,3.1.0,com.alibaba.excel.write.builder,AbstractExcelWriterParameterBuilder,registerWriteHandler,Feature Envy,"checkstyle,experts",easyexcel-core/src/main/java/com/alibaba/excel/write/builder/AbstractExcelWriterParameterBuilder.java,easyexcel-core/src/main/java/com/alibaba/excel/write/builder/AbstractExcelWriterParameterBuilder.java.AbstractExcelWriterParameterBuilder.registerWriteHandler.Feature Envy,3.1.0,4.0.0,4.0.0,4
easyexcel,3.1.0,com.alibaba.excel.write.builder,ExcelWriterBuilder,,God Class,"pmd,experts",easyexcel-core/src/main/java/com/alibaba/excel/write/builder/ExcelWriterBuilder.java,easyexcel-core/src/main/java/com/alibaba/excel/write/builder/ExcelWriterBuilder.java.ExcelWriterBuilder..God Class,3.1.0,4.0.0,4.0.0,4
easyexcel,3.1.0,com.alibaba.excel.write.builder,ExcelWriterSheetBuilder,,God Class,"pmd,experts",easyexcel-core/src/main/java/com/alibaba/excel/write/builder/ExcelWriterSheetBuilder.java,easyexcel-core/src/main/java/com/alibaba/excel/write/builder/ExcelWriterSheetBuilder.java.ExcelWriterSheetBuilder..God Class,3.1.0,4.0.0,4.0.0,4
easyexcel,3.1.0,com.alibaba.excel.write.executor,AbstractExcelWriteExecutor,convert,Complex Method,"designitejava,pmd,experts",easyexcel-core/src/main/java/com/alibaba/excel/write/executor/AbstractExcelWriteExecutor.java,easyexcel-core/src/main/java/com/alibaba/excel/write/executor/AbstractExcelWriteExecutor.java.AbstractExcelWriteExecutor.convert.Complex Method,3.1.0,4.0.0,4.0.0,4
easyexcel,3.1.0,com.alibaba.excel.write.executor,AbstractExcelWriteExecutor,converterAndSet,Complex Method,"designitejava,experts",easyexcel-core/src/main/java/com/alibaba/excel/write/executor/AbstractExcelWriteExecutor.java,easyexcel-core/src/main/java/com/alibaba/excel/write/executor/AbstractExcelWriteExecutor.java.AbstractExcelWriteExecutor.converterAndSet.Complex Method,3.1.0,4.0.0,4.0.0,4
easyexcel,3.1.0,com.alibaba.excel.write.executor,AbstractExcelWriteExecutor,doConvert,Feature Envy,"designitejava,experts",easyexcel-core/src/main/java/com/alibaba/excel/write/executor/AbstractExcelWriteExecutor.java,easyexcel-core/src/main/java/com/alibaba/excel/write/executor/AbstractExcelWriteExecutor.java.AbstractExcelWriteExecutor.doConvert.Feature Envy,3.1.0,4.0.0,4.0.0,4
easyexcel,3.1.0,com.alibaba.excel.write.executor,AbstractExcelWriteExecutor,fillImage,Complex Method,"designitejava,experts",easyexcel-core/src/main/java/com/alibaba/excel/write/executor/AbstractExcelWriteExecutor.java,easyexcel-core/src/main/java/com/alibaba/excel/write/executor/AbstractExcelWriteExecutor.java.AbstractExcelWriteExecutor.fillImage.Complex Method,3.1.0,4.0.0,4.0.0,4
easyexcel,3.1.0,com.alibaba.excel.write.executor,AbstractExcelWriteExecutor,fillProperty,Feature Envy,"checkstyle,experts",easyexcel-core/src/main/java/com/alibaba/excel/write/executor/AbstractExcelWriteExecutor.java,easyexcel-core/src/main/java/com/alibaba/excel/write/executor/AbstractExcelWriteExecutor.java.AbstractExcelWriteExecutor.fillProperty.Feature Envy,3.1.0,4.0.0,4.0.0,4
easyexcel,3.1.0,com.alibaba.excel.write.executor,ExcelWriteAddExecutor,addBasicTypeToExcel,Feature Envy,"checkstyle,experts",easyexcel-core/src/main/java/com/alibaba/excel/write/executor/ExcelWriteAddExecutor.java,easyexcel-core/src/main/java/com/alibaba/excel/write/executor/ExcelWriteAddExecutor.java.ExcelWriteAddExecutor.addBasicTypeToExcel.Feature Envy,3.1.0,4.0.0,4.0.0,4
easyexcel,3.1.0,com.alibaba.excel.write.executor,ExcelWriteAddExecutor,addJavaObjectToExcel,Feature Envy,"checkstyle,experts",easyexcel-core/src/main/java/com/alibaba/excel/write/executor/ExcelWriteAddExecutor.java,easyexcel-core/src/main/java/com/alibaba/excel/write/executor/ExcelWriteAddExecutor.java.ExcelWriteAddExecutor.addJavaObjectToExcel.Feature Envy,3.1.0,4.0.0,4.0.0,4
easyexcel,3.1.0,com.alibaba.excel.write.executor,ExcelWriteAddExecutor,addJavaObjectToExcel,Long Parameter List,"designitejava,experts",easyexcel-core/src/main/java/com/alibaba/excel/write/executor/ExcelWriteAddExecutor.java,easyexcel-core/src/main/java/com/alibaba/excel/write/executor/ExcelWriteAddExecutor.java.ExcelWriteAddExecutor.addJavaObjectToExcel.Long Parameter List,3.1.0,3.2.0,3.3.0,2
easyexcel,3.1.0,com.alibaba.excel.write.executor,ExcelWriteAddExecutor,addOneRowOfDataToExcel,Feature Envy,"checkstyle,experts",easyexcel-core/src/main/java/com/alibaba/excel/write/executor/ExcelWriteAddExecutor.java,easyexcel-core/src/main/java/com/alibaba/excel/write/executor/ExcelWriteAddExecutor.java.ExcelWriteAddExecutor.addOneRowOfDataToExcel.Feature Envy,3.1.0,4.0.0,4.0.0,4
easyexcel,3.1.0,com.alibaba.excel.write.executor,ExcelWriteAddExecutor,doAddBasicTypeToExcel,Long Parameter List,"designitejava,checkstyle,experts",easyexcel-core/src/main/java/com/alibaba/excel/write/executor/ExcelWriteAddExecutor.java,easyexcel-core/src/main/java/com/alibaba/excel/write/executor/ExcelWriteAddExecutor.java.ExcelWriteAddExecutor.doAddBasicTypeToExcel.Long Parameter List,3.1.0,4.0.0,4.0.0,4
easyexcel,3.1.0,com.alibaba.excel.write.executor,ExcelWriteFillExecutor,,God Class,"pmd,checkstyle,experts",easyexcel-core/src/main/java/com/alibaba/excel/write/executor/ExcelWriteFillExecutor.java,easyexcel-core/src/main/java/com/alibaba/excel/write/executor/ExcelWriteFillExecutor.java.ExcelWriteFillExecutor..God Class,3.1.0,4.0.0,4.0.0,4
easyexcel,3.1.0,com.alibaba.excel.write.executor,ExcelWriteFillExecutor,createCell,Feature Envy,"checkstyle,experts",easyexcel-core/src/main/java/com/alibaba/excel/write/executor/ExcelWriteFillExecutor.java,easyexcel-core/src/main/java/com/alibaba/excel/write/executor/ExcelWriteFillExecutor.java.ExcelWriteFillExecutor.createCell.Feature Envy,3.1.0,4.0.0,4.0.0,4
easyexcel,3.1.0,com.alibaba.excel.write.executor,ExcelWriteFillExecutor,createRowIfNecessary,Long Parameter List,"designitejava,checkstyle,experts",easyexcel-core/src/main/java/com/alibaba/excel/write/executor/ExcelWriteFillExecutor.java,easyexcel-core/src/main/java/com/alibaba/excel/write/executor/ExcelWriteFillExecutor.java.ExcelWriteFillExecutor.createRowIfNecessary.Long Parameter List,3.1.0,4.0.0,4.0.0,4
easyexcel,3.1.0,com.alibaba.excel.write.executor,ExcelWriteFillExecutor,dealAnalysisCell,Feature Envy,"checkstyle,experts",easyexcel-core/src/main/java/com/alibaba/excel/write/executor/ExcelWriteFillExecutor.java,easyexcel-core/src/main/java/com/alibaba/excel/write/executor/ExcelWriteFillExecutor.java.ExcelWriteFillExecutor.dealAnalysisCell.Feature Envy,3.1.0,4.0.0,4.0.0,4
easyexcel,3.1.0,com.alibaba.excel.write.executor,ExcelWriteFillExecutor,dealAnalysisCell,Long Parameter List,"designitejava,checkstyle,experts",easyexcel-core/src/main/java/com/alibaba/excel/write/executor/ExcelWriteFillExecutor.java,easyexcel-core/src/main/java/com/alibaba/excel/write/executor/ExcelWriteFillExecutor.java.ExcelWriteFillExecutor.dealAnalysisCell.Long Parameter List,3.1.0,4.0.0,4.0.0,4
easyexcel,3.1.0,com.alibaba.excel.write.executor,ExcelWriteFillExecutor,doFill,Complex Method,"designitejava,pmd,checkstyle,experts",easyexcel-core/src/main/java/com/alibaba/excel/write/executor/ExcelWriteFillExecutor.java,easyexcel-core/src/main/java/com/alibaba/excel/write/executor/ExcelWriteFillExecutor.java.ExcelWriteFillExecutor.doFill.Complex Method,3.1.0,4.0.0,4.0.0,4
easyexcel,3.1.0,com.alibaba.excel.write.executor,ExcelWriteFillExecutor,doFill,Feature Envy,"checkstyle,experts",easyexcel-core/src/main/java/com/alibaba/excel/write/executor/ExcelWriteFillExecutor.java,easyexcel-core/src/main/java/com/alibaba/excel/write/executor/ExcelWriteFillExecutor.java.ExcelWriteFillExecutor.doFill.Feature Envy,3.1.0,4.0.0,4.0.0,4
easyexcel,3.1.0,com.alibaba.excel.write.executor,ExcelWriteFillExecutor,fill,Complex Method,"designitejava,experts",easyexcel-core/src/main/java/com/alibaba/excel/write/executor/ExcelWriteFillExecutor.java,easyexcel-core/src/main/java/com/alibaba/excel/write/executor/ExcelWriteFillExecutor.java.ExcelWriteFillExecutor.fill.Complex Method,3.1.0,4.0.0,4.0.0,4
easyexcel,3.1.0,com.alibaba.excel.write.executor,ExcelWriteFillExecutor,fill,Feature Envy,"checkstyle,experts",easyexcel-core/src/main/java/com/alibaba/excel/write/executor/ExcelWriteFillExecutor.java,easyexcel-core/src/main/java/com/alibaba/excel/write/executor/ExcelWriteFillExecutor.java.ExcelWriteFillExecutor.fill.Feature Envy,3.1.0,4.0.0,4.0.0,4
easyexcel,3.1.0,com.alibaba.excel.write.executor,ExcelWriteFillExecutor,increaseRowIndex,Feature Envy,"checkstyle,experts",easyexcel-core/src/main/java/com/alibaba/excel/write/executor/ExcelWriteFillExecutor.java,easyexcel-core/src/main/java/com/alibaba/excel/write/executor/ExcelWriteFillExecutor.java.ExcelWriteFillExecutor.increaseRowIndex.Feature Envy,3.1.0,4.0.0,4.0.0,4
easyexcel,3.1.0,com.alibaba.excel.write.executor,ExcelWriteFillExecutor,initAnalysisCell,Feature Envy,"checkstyle,experts",easyexcel-core/src/main/java/com/alibaba/excel/write/executor/ExcelWriteFillExecutor.java,easyexcel-core/src/main/java/com/alibaba/excel/write/executor/ExcelWriteFillExecutor.java.ExcelWriteFillExecutor.initAnalysisCell.Feature Envy,3.1.0,4.0.0,4.0.0,4
easyexcel,3.1.0,com.alibaba.excel.write.executor,ExcelWriteFillExecutor,prepareData,Complex Method,"designitejava,pmd,checkstyle,experts",easyexcel-core/src/main/java/com/alibaba/excel/write/executor/ExcelWriteFillExecutor.java,easyexcel-core/src/main/java/com/alibaba/excel/write/executor/ExcelWriteFillExecutor.java.ExcelWriteFillExecutor.prepareData.Complex Method,3.1.0,4.0.0,4.0.0,4
easyexcel,3.1.0,com.alibaba.excel.write.executor,ExcelWriteFillExecutor,prepareData,Feature Envy,"checkstyle,experts",easyexcel-core/src/main/java/com/alibaba/excel/write/executor/ExcelWriteFillExecutor.java,easyexcel-core/src/main/java/com/alibaba/excel/write/executor/ExcelWriteFillExecutor.java.ExcelWriteFillExecutor.prepareData.Feature Envy,3.1.0,4.0.0,4.0.0,4
easyexcel,3.1.0,com.alibaba.excel.write.executor,ExcelWriteFillExecutor,shiftRows,Complex Method,"designitejava,pmd,experts",easyexcel-core/src/main/java/com/alibaba/excel/write/executor/ExcelWriteFillExecutor.java,easyexcel-core/src/main/java/com/alibaba/excel/write/executor/ExcelWriteFillExecutor.java.ExcelWriteFillExecutor.shiftRows.Complex Method,3.1.0,4.0.0,4.0.0,4
easyexcel,3.1.0,com.alibaba.excel.write.handler,AbstractCellWriteHandler,afterCellCreate,Long Parameter List,"designitejava,checkstyle,experts",easyexcel-core/src/main/java/com/alibaba/excel/write/handler/AbstractCellWriteHandler.java,easyexcel-core/src/main/java/com/alibaba/excel/write/handler/AbstractCellWriteHandler.java.AbstractCellWriteHandler.afterCellCreate.Long Parameter List,3.1.0,4.0.0,4.0.0,4
easyexcel,3.1.0,com.alibaba.excel.write.handler,AbstractCellWriteHandler,afterCellDataConverted,Long Parameter List,"designitejava,checkstyle,experts",easyexcel-core/src/main/java/com/alibaba/excel/write/handler/AbstractCellWriteHandler.java,easyexcel-core/src/main/java/com/alibaba/excel/write/handler/AbstractCellWriteHandler.java.AbstractCellWriteHandler.afterCellDataConverted.Long Parameter List,3.1.0,4.0.0,4.0.0,4
easyexcel,3.1.0,com.alibaba.excel.write.handler,AbstractCellWriteHandler,afterCellDispose,Long Parameter List,"designitejava,checkstyle,experts",easyexcel-core/src/main/java/com/alibaba/excel/write/handler/AbstractCellWriteHandler.java,easyexcel-core/src/main/java/com/alibaba/excel/write/handler/AbstractCellWriteHandler.java.AbstractCellWriteHandler.afterCellDispose.Long Parameter List,3.1.0,4.0.0,4.0.0,4
easyexcel,3.1.0,com.alibaba.excel.write.handler,AbstractCellWriteHandler,beforeCellCreate,Long Parameter List,"designitejava,checkstyle,experts",easyexcel-core/src/main/java/com/alibaba/excel/write/handler/AbstractCellWriteHandler.java,easyexcel-core/src/main/java/com/alibaba/excel/write/handler/AbstractCellWriteHandler.java.AbstractCellWriteHandler.beforeCellCreate.Long Parameter List,3.1.0,4.0.0,4.0.0,4
easyexcel,3.1.0,com.alibaba.excel.write.handler,AbstractRowWriteHandler,afterRowCreate,Long Parameter List,"designitejava,experts",easyexcel-core/src/main/java/com/alibaba/excel/write/handler/AbstractRowWriteHandler.java,easyexcel-core/src/main/java/com/alibaba/excel/write/handler/AbstractRowWriteHandler.java.AbstractRowWriteHandler.afterRowCreate.Long Parameter List,3.1.0,4.0.0,4.0.0,4
easyexcel,3.1.0,com.alibaba.excel.write.handler,AbstractRowWriteHandler,afterRowDispose,Long Parameter List,"designitejava,experts",easyexcel-core/src/main/java/com/alibaba/excel/write/handler/AbstractRowWriteHandler.java,easyexcel-core/src/main/java/com/alibaba/excel/write/handler/AbstractRowWriteHandler.java.AbstractRowWriteHandler.afterRowDispose.Long Parameter List,3.1.0,4.0.0,4.0.0,4
easyexcel,3.1.0,com.alibaba.excel.write.handler,AbstractRowWriteHandler,beforeRowCreate,Long Parameter List,"designitejava,experts",easyexcel-core/src/main/java/com/alibaba/excel/write/handler/AbstractRowWriteHandler.java,easyexcel-core/src/main/java/com/alibaba/excel/write/handler/AbstractRowWriteHandler.java.AbstractRowWriteHandler.beforeRowCreate.Long Parameter List,3.1.0,4.0.0,4.0.0,4
easyexcel,3.1.0,com.alibaba.excel.write.handler,CellWriteHandler,afterCellCreate,Long Parameter List,"designitejava,checkstyle,experts",easyexcel-core/src/main/java/com/alibaba/excel/write/handler/CellWriteHandler.java,easyexcel-core/src/main/java/com/alibaba/excel/write/handler/CellWriteHandler.java.CellWriteHandler.afterCellCreate.Long Parameter List,3.1.0,4.0.0,4.0.0,4
easyexcel,3.1.0,com.alibaba.excel.write.handler,CellWriteHandler,afterCellDataConverted,Long Parameter List,"designitejava,checkstyle,experts",easyexcel-core/src/main/java/com/alibaba/excel/write/handler/CellWriteHandler.java,easyexcel-core/src/main/java/com/alibaba/excel/write/handler/CellWriteHandler.java.CellWriteHandler.afterCellDataConverted.Long Parameter List,3.1.0,4.0.0,4.0.0,4
easyexcel,3.1.0,com.alibaba.excel.write.handler,CellWriteHandler,afterCellDispose,Long Parameter List,"designitejava,checkstyle,experts",easyexcel-core/src/main/java/com/alibaba/excel/write/handler/CellWriteHandler.java,easyexcel-core/src/main/java/com/alibaba/excel/write/handler/CellWriteHandler.java.CellWriteHandler.afterCellDispose.Long Parameter List,3.1.0,4.0.0,4.0.0,4
easyexcel,3.1.0,com.alibaba.excel.write.handler,CellWriteHandler,beforeCellCreate,Long Parameter List,"designitejava,checkstyle,experts",easyexcel-core/src/main/java/com/alibaba/excel/write/handler/CellWriteHandler.java,easyexcel-core/src/main/java/com/alibaba/excel/write/handler/CellWriteHandler.java.CellWriteHandler.beforeCellCreate.Long Parameter List,3.1.0,4.0.0,4.0.0,4
easyexcel,3.1.0,com.alibaba.excel.write.handler,DefaultWriteHandlerLoader,loadDefaultHandler,Long Method,"Decor,experts",easyexcel-core/src/main/java/com/alibaba/excel/write/handler/DefaultWriteHandlerLoader.java,easyexcel-core/src/main/java/com/alibaba/excel/write/handler/DefaultWriteHandlerLoader.java.DefaultWriteHandlerLoader.loadDefaultHandler.Long Method,3.1.0,4.0.0,4.0.0,4
easyexcel,3.1.0,com.alibaba.excel.write.handler,RowWriteHandler,afterRowCreate,Long Parameter List,"designitejava,experts",easyexcel-core/src/main/java/com/alibaba/excel/write/handler/RowWriteHandler.java,easyexcel-core/src/main/java/com/alibaba/excel/write/handler/RowWriteHandler.java.RowWriteHandler.afterRowCreate.Long Parameter List,3.1.0,4.0.0,4.0.0,4
easyexcel,3.1.0,com.alibaba.excel.write.handler,RowWriteHandler,afterRowDispose,Long Parameter List,"designitejava,experts",easyexcel-core/src/main/java/com/alibaba/excel/write/handler/RowWriteHandler.java,easyexcel-core/src/main/java/com/alibaba/excel/write/handler/RowWriteHandler.java.RowWriteHandler.afterRowDispose.Long Parameter List,3.1.0,4.0.0,4.0.0,4
easyexcel,3.1.0,com.alibaba.excel.write.handler,RowWriteHandler,beforeRowCreate,Long Parameter List,"designitejava,experts",easyexcel-core/src/main/java/com/alibaba/excel/write/handler/RowWriteHandler.java,easyexcel-core/src/main/java/com/alibaba/excel/write/handler/RowWriteHandler.java.RowWriteHandler.beforeRowCreate.Long Parameter List,3.1.0,4.0.0,4.0.0,4
easyexcel,3.1.0,com.alibaba.excel.write.handler.context,CellWriteHandlerContext,CellWriteHandlerContext,Long Parameter List,"designitejava,experts",easyexcel-core/src/main/java/com/alibaba/excel/write/handler/context/CellWriteHandlerContext.java,easyexcel-core/src/main/java/com/alibaba/excel/write/handler/context/CellWriteHandlerContext.java.CellWriteHandlerContext.CellWriteHandlerContext.Long Parameter List,3.1.0,4.0.0,4.0.0,4
easyexcel,3.1.0,com.alibaba.excel.write.handler.impl,DimensionWorkbookWriteHandler,afterWorkbookDispose,Complex Method,"designitejava,pmd,checkstyle,experts",easyexcel-core/src/main/java/com/alibaba/excel/write/handler/impl/DimensionWorkbookWriteHandler.java,easyexcel-core/src/main/java/com/alibaba/excel/write/handler/impl/DimensionWorkbookWriteHandler.java.DimensionWorkbookWriteHandler.afterWorkbookDispose.Complex Method,3.1.0,4.0.0,4.0.0,4
easyexcel,3.1.0,com.alibaba.excel.write.handler.impl,DimensionWorkbookWriteHandler,afterWorkbookDispose,Feature Envy,"checkstyle,experts",easyexcel-core/src/main/java/com/alibaba/excel/write/handler/impl/DimensionWorkbookWriteHandler.java,easyexcel-core/src/main/java/com/alibaba/excel/write/handler/impl/DimensionWorkbookWriteHandler.java.DimensionWorkbookWriteHandler.afterWorkbookDispose.Feature Envy,3.1.0,4.0.0,4.0.0,4
easyexcel,3.1.0,com.alibaba.excel.write.handler.impl,FillStyleCellWriteHandler,afterCellDispose,Long Method,"Decor,experts",easyexcel-core/src/main/java/com/alibaba/excel/write/handler/impl/FillStyleCellWriteHandler.java,easyexcel-core/src/main/java/com/alibaba/excel/write/handler/impl/FillStyleCellWriteHandler.java.FillStyleCellWriteHandler.afterCellDispose.Long Method,3.1.0,4.0.0,4.0.0,4
easyexcel,3.1.0,com.alibaba.excel.write.merge,OnceAbsoluteMergeStrategy,OnceAbsoluteMergeStrategy,Feature Envy,"checkstyle,experts",easyexcel-core/src/main/java/com/alibaba/excel/write/merge/OnceAbsoluteMergeStrategy.java,easyexcel-core/src/main/java/com/alibaba/excel/write/merge/OnceAbsoluteMergeStrategy.java.OnceAbsoluteMergeStrategy.OnceAbsoluteMergeStrategy.Feature Envy,3.1.0,4.0.0,4.0.0,4
easyexcel,3.1.0,com.alibaba.excel.write.metadata.holder,AbstractWriteHolder,,God Class,"pmd,checkstyle,experts",easyexcel-core/src/main/java/com/alibaba/excel/write/metadata/holder/AbstractWriteHolder.java,easyexcel-core/src/main/java/com/alibaba/excel/write/metadata/holder/AbstractWriteHolder.java.AbstractWriteHolder..God Class,3.1.0,4.0.0,4.0.0,4
easyexcel,3.1.0,com.alibaba.excel.write.metadata.holder,AbstractWriteHolder,AbstractWriteHolder,Complex Method,"designitejava,checkstyle,experts",easyexcel-core/src/main/java/com/alibaba/excel/write/metadata/holder/AbstractWriteHolder.java,easyexcel-core/src/main/java/com/alibaba/excel/write/metadata/holder/AbstractWriteHolder.java.AbstractWriteHolder.AbstractWriteHolder.Complex Method,3.1.0,4.0.0,4.0.0,4
easyexcel,3.1.0,com.alibaba.excel.write.metadata.holder,AbstractWriteHolder,AbstractWriteHolder,Feature Envy,"checkstyle,experts",easyexcel-core/src/main/java/com/alibaba/excel/write/metadata/holder/AbstractWriteHolder.java,easyexcel-core/src/main/java/com/alibaba/excel/write/metadata/holder/AbstractWriteHolder.java.AbstractWriteHolder.AbstractWriteHolder.Feature Envy,3.1.0,4.0.0,4.0.0,4
easyexcel,3.1.0,com.alibaba.excel.write.metadata.holder,AbstractWriteHolder,buildChain,Complex Method,"designitejava,pmd,checkstyle,experts",easyexcel-core/src/main/java/com/alibaba/excel/write/metadata/holder/AbstractWriteHolder.java,easyexcel-core/src/main/java/com/alibaba/excel/write/metadata/holder/AbstractWriteHolder.java.AbstractWriteHolder.buildChain.Complex Method,3.1.0,4.0.0,4.0.0,4
easyexcel,3.1.0,com.alibaba.excel.write.metadata.holder,AbstractWriteHolder,ignore,Complex Method,"checkstyle,experts",easyexcel-core/src/main/java/com/alibaba/excel/write/metadata/holder/AbstractWriteHolder.java,easyexcel-core/src/main/java/com/alibaba/excel/write/metadata/holder/AbstractWriteHolder.java.AbstractWriteHolder.ignore.Complex Method,3.1.0,4.0.0,4.0.0,4
easyexcel,3.1.0,com.alibaba.excel.write.metadata.holder,AbstractWriteHolder,initHandler,Feature Envy,"checkstyle,experts",easyexcel-core/src/main/java/com/alibaba/excel/write/metadata/holder/AbstractWriteHolder.java,easyexcel-core/src/main/java/com/alibaba/excel/write/metadata/holder/AbstractWriteHolder.java.AbstractWriteHolder.initHandler.Feature Envy,3.1.0,4.0.0,4.0.0,4
easyexcel,3.1.0,com.alibaba.excel.write.metadata.holder,AbstractWriteHolder,method,Complex Method,"pmd,experts",easyexcel-core/src/main/java/com/alibaba/excel/write/metadata/holder/AbstractWriteHolder.java,easyexcel-core/src/main/java/com/alibaba/excel/write/metadata/holder/AbstractWriteHolder.java.AbstractWriteHolder.method.Complex Method,3.1.0,4.0.0,4.0.0,4
easyexcel,3.1.0,com.alibaba.excel.write.metadata.holder,AbstractWriteHolder,sortAndClearUpHandler,Complex Method,"designitejava,pmd,experts",easyexcel-core/src/main/java/com/alibaba/excel/write/metadata/holder/AbstractWriteHolder.java,easyexcel-core/src/main/java/com/alibaba/excel/write/metadata/holder/AbstractWriteHolder.java.AbstractWriteHolder.sortAndClearUpHandler.Complex Method,3.1.0,4.0.0,4.0.0,4
easyexcel,3.1.0,com.alibaba.excel.write.metadata.holder,WriteSheetHolder,WriteSheetHolder,Feature Envy,"checkstyle,experts",easyexcel-core/src/main/java/com/alibaba/excel/write/metadata/holder/WriteSheetHolder.java,easyexcel-core/src/main/java/com/alibaba/excel/write/metadata/holder/WriteSheetHolder.java.WriteSheetHolder.WriteSheetHolder.Feature Envy,3.1.0,4.0.0,4.0.0,4
easyexcel,3.1.0,com.alibaba.excel.write.metadata.holder,WriteSheetHolder,getNewRowIndexAndStartDoWrite,Long Method,"Decor,experts",easyexcel-core/src/main/java/com/alibaba/excel/write/metadata/holder/WriteSheetHolder.java,easyexcel-core/src/main/java/com/alibaba/excel/write/metadata/holder/WriteSheetHolder.java.WriteSheetHolder.getNewRowIndexAndStartDoWrite.Long Method,3.1.0,4.0.0,4.0.0,4
easyexcel,3.1.0,com.alibaba.excel.write.metadata.holder,WriteWorkbookHolder,WriteWorkbookHolder,Complex Method,"designitejava,checkstyle,experts",easyexcel-core/src/main/java/com/alibaba/excel/write/metadata/holder/WriteWorkbookHolder.java,easyexcel-core/src/main/java/com/alibaba/excel/write/metadata/holder/WriteWorkbookHolder.java.WriteWorkbookHolder.WriteWorkbookHolder.Complex Method,3.1.0,4.0.0,4.0.0,4
easyexcel,3.1.0,com.alibaba.excel.write.metadata.holder,WriteWorkbookHolder,WriteWorkbookHolder,Feature Envy,"checkstyle,experts",easyexcel-core/src/main/java/com/alibaba/excel/write/metadata/holder/WriteWorkbookHolder.java,easyexcel-core/src/main/java/com/alibaba/excel/write/metadata/holder/WriteWorkbookHolder.java.WriteWorkbookHolder.WriteWorkbookHolder.Feature Envy,3.1.0,4.0.0,4.0.0,4
easyexcel,3.1.0,com.alibaba.excel.write.metadata.holder,WriteWorkbookHolder,copyTemplate,Feature Envy,"checkstyle,experts",easyexcel-core/src/main/java/com/alibaba/excel/write/metadata/holder/WriteWorkbookHolder.java,easyexcel-core/src/main/java/com/alibaba/excel/write/metadata/holder/WriteWorkbookHolder.java.WriteWorkbookHolder.copyTemplate.Feature Envy,3.1.0,4.0.0,4.0.0,4
easyexcel,3.1.0,com.alibaba.excel.write.metadata.holder,WriteWorkbookHolder,createCellStyle,Complex Method,"designitejava,experts",easyexcel-core/src/main/java/com/alibaba/excel/write/metadata/holder/WriteWorkbookHolder.java,easyexcel-core/src/main/java/com/alibaba/excel/write/metadata/holder/WriteWorkbookHolder.java.WriteWorkbookHolder.createCellStyle.Complex Method,3.1.0,4.0.0,4.0.0,4
easyexcel,3.1.0,com.alibaba.excel.write.metadata.holder,WriteWorkbookHolder,method,Complex Method,"pmd,experts",easyexcel-core/src/main/java/com/alibaba/excel/write/metadata/holder/WriteWorkbookHolder.java,easyexcel-core/src/main/java/com/alibaba/excel/write/metadata/holder/WriteWorkbookHolder.java.WriteWorkbookHolder.method.Complex Method,3.1.0,4.0.0,4.0.0,4
easyexcel,3.1.0,com.alibaba.excel.write.metadata.style,WriteCellStyle,buildFontProperty,Complex Method,"designitejava,checkstyle,experts",easyexcel-core/src/main/java/com/alibaba/excel/write/metadata/style/WriteCellStyle.java,easyexcel-core/src/main/java/com/alibaba/excel/write/metadata/style/WriteCellStyle.java.WriteCellStyle.buildFontProperty.Complex Method,3.1.0,4.0.0,4.0.0,4
easyexcel,3.1.0,com.alibaba.excel.write.metadata.style,WriteCellStyle,buildFontProperty,Feature Envy,"checkstyle,experts",easyexcel-core/src/main/java/com/alibaba/excel/write/metadata/style/WriteCellStyle.java,easyexcel-core/src/main/java/com/alibaba/excel/write/metadata/style/WriteCellStyle.java.WriteCellStyle.buildFontProperty.Feature Envy,3.1.0,4.0.0,4.0.0,4
easyexcel,3.1.0,com.alibaba.excel.write.metadata.style,WriteCellStyle,buildStyleProperty,Complex Method,"designitejava,pmd,checkstyle,experts",easyexcel-core/src/main/java/com/alibaba/excel/write/metadata/style/WriteCellStyle.java,easyexcel-core/src/main/java/com/alibaba/excel/write/metadata/style/WriteCellStyle.java.WriteCellStyle.buildStyleProperty.Complex Method,3.1.0,4.0.0,4.0.0,4
easyexcel,3.1.0,com.alibaba.excel.write.metadata.style,WriteCellStyle,buildStyleProperty,Feature Envy,"checkstyle,experts",easyexcel-core/src/main/java/com/alibaba/excel/write/metadata/style/WriteCellStyle.java,easyexcel-core/src/main/java/com/alibaba/excel/write/metadata/style/WriteCellStyle.java.WriteCellStyle.buildStyleProperty.Feature Envy,3.1.0,4.0.0,4.0.0,4
easyexcel,3.1.0,com.alibaba.excel.write.metadata.style,WriteCellStyle,merge,Complex Method,"designitejava,pmd,checkstyle,experts",easyexcel-core/src/main/java/com/alibaba/excel/write/metadata/style/WriteCellStyle.java,easyexcel-core/src/main/java/com/alibaba/excel/write/metadata/style/WriteCellStyle.java.WriteCellStyle.merge.Complex Method,3.1.0,4.0.0,4.0.0,4
easyexcel,3.1.0,com.alibaba.excel.write.metadata.style,WriteFont,merge,Complex Method,"designitejava,checkstyle,experts",easyexcel-core/src/main/java/com/alibaba/excel/write/metadata/style/WriteFont.java,easyexcel-core/src/main/java/com/alibaba/excel/write/metadata/style/WriteFont.java.WriteFont.merge.Complex Method,3.1.0,4.0.0,4.0.0,4
easyexcel,3.1.0,com.alibaba.excel.write.metadata.style,WriteFont,merge,Long Method,"Decor,experts",easyexcel-core/src/main/java/com/alibaba/excel/write/metadata/style/WriteFont.java,easyexcel-core/src/main/java/com/alibaba/excel/write/metadata/style/WriteFont.java.WriteFont.merge.Long Method,3.1.0,4.0.0,4.0.0,4
easyexcel,3.1.0,com.alibaba.excel.write.property,ExcelWriteHeadProperty,headCellRangeList,Complex Method,"designitejava,pmd,checkstyle,experts",easyexcel-core/src/main/java/com/alibaba/excel/write/property/ExcelWriteHeadProperty.java,easyexcel-core/src/main/java/com/alibaba/excel/write/property/ExcelWriteHeadProperty.java.ExcelWriteHeadProperty.headCellRangeList.Complex Method,3.1.0,4.0.0,4.0.0,4
easyexcel,3.1.0,com.alibaba.excel.write.property,ExcelWriteHeadProperty,headCellRangeList,Feature Envy,"checkstyle,experts",easyexcel-core/src/main/java/com/alibaba/excel/write/property/ExcelWriteHeadProperty.java,easyexcel-core/src/main/java/com/alibaba/excel/write/property/ExcelWriteHeadProperty.java.ExcelWriteHeadProperty.headCellRangeList.Feature Envy,3.1.0,4.0.0,4.0.0,4
easyexcel,3.1.0,com.alibaba.excel.write.style,DefaultStyle,DefaultStyle,Feature Envy,"checkstyle,experts",easyexcel-core/src/main/java/com/alibaba/excel/write/style/DefaultStyle.java,easyexcel-core/src/main/java/com/alibaba/excel/write/style/DefaultStyle.java.DefaultStyle.DefaultStyle.Feature Envy,3.1.0,4.0.0,4.0.0,4
easyexcel,3.1.0,com.alibaba.excel.write.style.column,AbstractColumnWidthStyleStrategy,setColumnWidth,Long Parameter List,"designitejava,checkstyle,experts",easyexcel-core/src/main/java/com/alibaba/excel/write/style/column/AbstractColumnWidthStyleStrategy.java,easyexcel-core/src/main/java/com/alibaba/excel/write/style/column/AbstractColumnWidthStyleStrategy.java.AbstractColumnWidthStyleStrategy.setColumnWidth.Long Parameter List,3.1.0,4.0.0,4.0.0,4
easyexcel,3.1.0,com.alibaba.excel.write.style.column,AbstractHeadColumnWidthStyleStrategy,setColumnWidth,Long Parameter List,"designitejava,checkstyle,experts",easyexcel-core/src/main/java/com/alibaba/excel/write/style/column/AbstractHeadColumnWidthStyleStrategy.java,easyexcel-core/src/main/java/com/alibaba/excel/write/style/column/AbstractHeadColumnWidthStyleStrategy.java.AbstractHeadColumnWidthStyleStrategy.setColumnWidth.Long Parameter List,3.1.0,4.0.0,4.0.0,4
easyexcel,3.1.0,com.alibaba.excel.write.style.column,LongestMatchColumnWidthStyleStrategy,setColumnWidth,Long Method,"Decor,experts",easyexcel-core/src/main/java/com/alibaba/excel/write/style/column/LongestMatchColumnWidthStyleStrategy.java,easyexcel-core/src/main/java/com/alibaba/excel/write/style/column/LongestMatchColumnWidthStyleStrategy.java.LongestMatchColumnWidthStyleStrategy.setColumnWidth.Long Method,3.1.0,4.0.0,4.0.0,4
easyexcel,3.1.0,com.alibaba.excel.write.style.column,LongestMatchColumnWidthStyleStrategy,setColumnWidth,Long Parameter List,"designitejava,checkstyle,experts",easyexcel-core/src/main/java/com/alibaba/excel/write/style/column/LongestMatchColumnWidthStyleStrategy.java,easyexcel-core/src/main/java/com/alibaba/excel/write/style/column/LongestMatchColumnWidthStyleStrategy.java.LongestMatchColumnWidthStyleStrategy.setColumnWidth.Long Parameter List,3.1.0,4.0.0,4.0.0,4
easyexcel,3.1.0,com.alibaba.easyexcel.test.core.annotation,AnnotationDataTest,init,Feature Envy,"checkstyle,experts",easyexcel-test/src/test/java/com/alibaba/easyexcel/test/core/annotation/AnnotationDataTest.java,easyexcel-test/src/test/java/com/alibaba/easyexcel/test/core/annotation/AnnotationDataTest.java.AnnotationDataTest.init.Feature Envy,3.1.0,4.0.0,4.0.0,4
easyexcel,3.1.0,com.alibaba.easyexcel.test.core.annotation,AnnotationDataTest,writeStyle,Feature Envy,"checkstyle,experts",easyexcel-test/src/test/java/com/alibaba/easyexcel/test/core/annotation/AnnotationDataTest.java,easyexcel-test/src/test/java/com/alibaba/easyexcel/test/core/annotation/AnnotationDataTest.java.AnnotationDataTest.writeStyle.Feature Envy,3.1.0,4.0.0,4.0.0,4
easyexcel,3.1.0,com.alibaba.easyexcel.test.core.annotation,AnnotationDataTest,writeStyle,Long Method,"Decor,experts",easyexcel-test/src/test/java/com/alibaba/easyexcel/test/core/annotation/AnnotationDataTest.java,easyexcel-test/src/test/java/com/alibaba/easyexcel/test/core/annotation/AnnotationDataTest.java.AnnotationDataTest.writeStyle.Long Method,3.1.0,4.0.0,4.0.0,4
easyexcel,3.1.0,com.alibaba.easyexcel.test.core.annotation,AnnotationIndexAndNameDataTest,init,Feature Envy,"checkstyle,experts",easyexcel-test/src/test/java/com/alibaba/easyexcel/test/core/annotation/AnnotationIndexAndNameDataTest.java,easyexcel-test/src/test/java/com/alibaba/easyexcel/test/core/annotation/AnnotationIndexAndNameDataTest.java.AnnotationIndexAndNameDataTest.init.Feature Envy,3.1.0,4.0.0,4.0.0,4
easyexcel,3.3.0,com.alibaba.easyexcel.test.core.bom,BomDataTest,readAndWriteCsv,Long Method,"Decor,experts",easyexcel-test/src/test/java/com/alibaba/easyexcel/test/core/bom/BomDataTest.java,easyexcel-test/src/test/java/com/alibaba/easyexcel/test/core/bom/BomDataTest.java.BomDataTest.readAndWriteCsv.Long Method,3.3.0,4.0.0,4.0.0,2
easyexcel,3.3.0,com.alibaba.easyexcel.test.core.bom,BomDataTest,t02ReadAndWriteCsv,Feature Envy,"checkstyle,experts",easyexcel-test/src/test/java/com/alibaba/easyexcel/test/core/bom/BomDataTest.java,easyexcel-test/src/test/java/com/alibaba/easyexcel/test/core/bom/BomDataTest.java.BomDataTest.t02ReadAndWriteCsv.Feature Envy,3.3.0,4.0.0,4.0.0,2
easyexcel,3.3.0,com.alibaba.easyexcel.test.core.cache,CacheDataTest,init,Feature Envy,"checkstyle,experts",easyexcel-test/src/test/java/com/alibaba/easyexcel/test/core/cache/CacheDataTest.java,easyexcel-test/src/test/java/com/alibaba/easyexcel/test/core/cache/CacheDataTest.java.CacheDataTest.init.Feature Envy,3.3.0,4.0.0,4.0.0,2
easyexcel,3.3.0,com.alibaba.easyexcel.test.core.cache,CacheDataTest,t02ReadAndWriteInvoke,Long Method,"Decor,experts",easyexcel-test/src/test/java/com/alibaba/easyexcel/test/core/cache/CacheDataTest.java,easyexcel-test/src/test/java/com/alibaba/easyexcel/test/core/cache/CacheDataTest.java.CacheDataTest.t02ReadAndWriteInvoke.Long Method,3.3.0,4.0.0,4.0.0,2
easyexcel,3.1.0,com.alibaba.easyexcel.test.core.celldata,CellDataDataTest,data,Long Method,"Decor,experts",easyexcel-test/src/test/java/com/alibaba/easyexcel/test/core/celldata/CellDataDataTest.java,easyexcel-test/src/test/java/com/alibaba/easyexcel/test/core/celldata/CellDataDataTest.java.CellDataDataTest.data.Long Method,3.1.0,4.0.0,4.0.0,4
easyexcel,3.1.0,com.alibaba.easyexcel.test.core.celldata,CellDataDataTest,init,Feature Envy,"checkstyle,experts",easyexcel-test/src/test/java/com/alibaba/easyexcel/test/core/celldata/CellDataDataTest.java,easyexcel-test/src/test/java/com/alibaba/easyexcel/test/core/celldata/CellDataDataTest.java.CellDataDataTest.init.Feature Envy,3.1.0,4.0.0,4.0.0,4
easyexcel,3.1.0,com.alibaba.easyexcel.test.core.charset,CharsetDataTest,init,Feature Envy,"checkstyle,experts",easyexcel-test/src/test/java/com/alibaba/easyexcel/test/core/charset/CharsetDataTest.java,easyexcel-test/src/test/java/com/alibaba/easyexcel/test/core/charset/CharsetDataTest.java.CharsetDataTest.init.Feature Envy,3.1.0,4.0.0,4.0.0,4
easyexcel,3.1.0,com.alibaba.easyexcel.test.core.converter,ConverterDataListener,doAfterAllAnalysed,Long Method,"Decor,experts",easyexcel-test/src/test/java/com/alibaba/easyexcel/test/core/converter/ConverterDataListener.java,easyexcel-test/src/test/java/com/alibaba/easyexcel/test/core/converter/ConverterDataListener.java.ConverterDataListener.doAfterAllAnalysed.Long Method,3.1.0,4.0.0,4.0.0,4
easyexcel,3.1.0,com.alibaba.easyexcel.test.core.converter,ConverterDataTest,,God Class,"pmd,experts",easyexcel-test/src/test/java/com/alibaba/easyexcel/test/core/converter/ConverterDataTest.java,easyexcel-test/src/test/java/com/alibaba/easyexcel/test/core/converter/ConverterDataTest.java.ConverterDataTest..God Class,3.1.0,4.0.0,4.0.0,4
easyexcel,3.1.0,com.alibaba.easyexcel.test.core.converter,ConverterDataTest,data,Long Method,"Decor,experts",easyexcel-test/src/test/java/com/alibaba/easyexcel/test/core/converter/ConverterDataTest.java,easyexcel-test/src/test/java/com/alibaba/easyexcel/test/core/converter/ConverterDataTest.java.ConverterDataTest.data.Long Method,3.1.0,4.0.0,4.0.0,4
easyexcel,3.1.0,com.alibaba.easyexcel.test.core.converter,ConverterDataTest,init,Feature Envy,"checkstyle,experts",easyexcel-test/src/test/java/com/alibaba/easyexcel/test/core/converter/ConverterDataTest.java,easyexcel-test/src/test/java/com/alibaba/easyexcel/test/core/converter/ConverterDataTest.java.ConverterDataTest.init.Feature Envy,3.1.0,4.0.0,4.0.0,4
easyexcel,3.1.0,com.alibaba.easyexcel.test.core.encrypt,EncryptDataTest,init,Feature Envy,"checkstyle,experts",easyexcel-test/src/test/java/com/alibaba/easyexcel/test/core/encrypt/EncryptDataTest.java,easyexcel-test/src/test/java/com/alibaba/easyexcel/test/core/encrypt/EncryptDataTest.java.EncryptDataTest.init.Feature Envy,3.1.0,4.0.0,4.0.0,4
easyexcel,4.0.0,com.alibaba.easyexcel.test.core.exception,ExceptionDataTest,,God Class,"pmd,experts",easyexcel-test/src/test/java/com/alibaba/easyexcel/test/core/exception/ExceptionDataTest.java,easyexcel-test/src/test/java/com/alibaba/easyexcel/test/core/exception/ExceptionDataTest.java.ExceptionDataTest..God Class,4.0.0,4.0.0,4.0.0,1
easyexcel,3.1.0,com.alibaba.easyexcel.test.core.exception,ExceptionDataTest,init,Feature Envy,"checkstyle,experts",easyexcel-test/src/test/java/com/alibaba/easyexcel/test/core/exception/ExceptionDataTest.java,easyexcel-test/src/test/java/com/alibaba/easyexcel/test/core/exception/ExceptionDataTest.java.ExceptionDataTest.init.Feature Envy,3.1.0,4.0.0,4.0.0,4
easyexcel,4.0.0,com.alibaba.easyexcel.test.core.exception,ExceptionDataTest,readAndWriteExcelAnalysisStopSheetException,Long Method,"Decor,experts",easyexcel-test/src/test/java/com/alibaba/easyexcel/test/core/exception/ExceptionDataTest.java,easyexcel-test/src/test/java/com/alibaba/easyexcel/test/core/exception/ExceptionDataTest.java.ExceptionDataTest.readAndWriteExcelAnalysisStopSheetException.Long Method,4.0.0,4.0.0,4.0.0,1
easyexcel,3.1.0,com.alibaba.easyexcel.test.core.excludeorinclude,ExcludeOrIncludeDataTest,,God Class,"pmd,experts",easyexcel-test/src/test/java/com/alibaba/easyexcel/test/core/excludeorinclude/ExcludeOrIncludeDataTest.java,easyexcel-test/src/test/java/com/alibaba/easyexcel/test/core/excludeorinclude/ExcludeOrIncludeDataTest.java.ExcludeOrIncludeDataTest..God Class,3.1.0,4.0.0,4.0.0,4
easyexcel,3.1.0,com.alibaba.easyexcel.test.core.excludeorinclude,ExcludeOrIncludeDataTest,init,Feature Envy,"checkstyle,experts",easyexcel-test/src/test/java/com/alibaba/easyexcel/test/core/excludeorinclude/ExcludeOrIncludeDataTest.java,easyexcel-test/src/test/java/com/alibaba/easyexcel/test/core/excludeorinclude/ExcludeOrIncludeDataTest.java.ExcludeOrIncludeDataTest.init.Feature Envy,3.1.0,4.0.0,4.0.0,4
easyexcel,3.1.0,com.alibaba.easyexcel.test.core.excludeorinclude,ExcludeOrIncludeDataTest,init,Long Method,"Decor,experts",easyexcel-test/src/test/java/com/alibaba/easyexcel/test/core/excludeorinclude/ExcludeOrIncludeDataTest.java,easyexcel-test/src/test/java/com/alibaba/easyexcel/test/core/excludeorinclude/ExcludeOrIncludeDataTest.java.ExcludeOrIncludeDataTest.init.Long Method,3.1.0,4.0.0,4.0.0,4
easyexcel,3.1.0,com.alibaba.easyexcel.test.core.extra,ExtraDataListener,extra,Feature Envy,"checkstyle,experts",easyexcel-test/src/test/java/com/alibaba/easyexcel/test/core/extra/ExtraDataListener.java,easyexcel-test/src/test/java/com/alibaba/easyexcel/test/core/extra/ExtraDataListener.java.ExtraDataListener.extra.Feature Envy,3.1.0,4.0.0,4.0.0,4
easyexcel,3.1.0,com.alibaba.easyexcel.test.core.extra,ExtraDataListener,extra,Long Method,"Decor,experts",easyexcel-test/src/test/java/com/alibaba/easyexcel/test/core/extra/ExtraDataListener.java,easyexcel-test/src/test/java/com/alibaba/easyexcel/test/core/extra/ExtraDataListener.java.ExtraDataListener.extra.Long Method,3.1.0,4.0.0,4.0.0,4
easyexcel,3.2.0,com.alibaba.easyexcel.test.core.extra,ExtraDataTest$1,extra,Feature Envy,"checkstyle,experts",easyexcel-test/src/test/java/com/alibaba/easyexcel/test/core/extra/ExtraDataTest.java,easyexcel-test/src/test/java/com/alibaba/easyexcel/test/core/extra/ExtraDataTest.java.ExtraDataTest$1.extra.Feature Envy,3.2.0,4.0.0,4.0.0,3
easyexcel,3.2.0,com.alibaba.easyexcel.test.core.extra,ExtraDataTest,init,Feature Envy,"checkstyle,experts",easyexcel-test/src/test/java/com/alibaba/easyexcel/test/core/extra/ExtraDataTest.java,easyexcel-test/src/test/java/com/alibaba/easyexcel/test/core/extra/ExtraDataTest.java.ExtraDataTest.init.Feature Envy,3.2.0,4.0.0,4.0.0,3
easyexcel,3.2.0,com.alibaba.easyexcel.test.core.extra,ExtraDataTest,t03Read,Feature Envy,"checkstyle,experts",easyexcel-test/src/test/java/com/alibaba/easyexcel/test/core/extra/ExtraDataTest.java,easyexcel-test/src/test/java/com/alibaba/easyexcel/test/core/extra/ExtraDataTest.java.ExtraDataTest.t03Read.Feature Envy,3.2.0,4.0.0,4.0.0,3
easyexcel,3.2.0,com.alibaba.easyexcel.test.core.extra,ExtraDataTest,t03Read,Long Method,"Decor,experts",easyexcel-test/src/test/java/com/alibaba/easyexcel/test/core/extra/ExtraDataTest.java,easyexcel-test/src/test/java/com/alibaba/easyexcel/test/core/extra/ExtraDataTest.java.ExtraDataTest.t03Read.Long Method,3.2.0,4.0.0,4.0.0,3
easyexcel,3.1.0,com.alibaba.easyexcel.test.core.fill,FillDataTest,,God Class,"pmd,experts",easyexcel-test/src/test/java/com/alibaba/easyexcel/test/core/fill/FillDataTest.java,easyexcel-test/src/test/java/com/alibaba/easyexcel/test/core/fill/FillDataTest.java.FillDataTest..God Class,3.1.0,4.0.0,4.0.0,4
easyexcel,3.1.0,com.alibaba.easyexcel.test.core.fill,FillDataTest,init,Feature Envy,"checkstyle,experts",easyexcel-test/src/test/java/com/alibaba/easyexcel/test/core/fill/FillDataTest.java,easyexcel-test/src/test/java/com/alibaba/easyexcel/test/core/fill/FillDataTest.java.FillDataTest.init.Feature Envy,3.1.0,4.0.0,4.0.0,4
easyexcel,3.1.0,com.alibaba.easyexcel.test.core.fill,FillDataTest,init,Long Method,"Decor,experts",easyexcel-test/src/test/java/com/alibaba/easyexcel/test/core/fill/FillDataTest.java,easyexcel-test/src/test/java/com/alibaba/easyexcel/test/core/fill/FillDataTest.java.FillDataTest.init.Long Method,3.1.0,4.0.0,4.0.0,4
easyexcel,3.1.0,com.alibaba.easyexcel.test.core.fill.annotation,FillAnnotationDataTest,init,Feature Envy,"checkstyle,experts",easyexcel-test/src/test/java/com/alibaba/easyexcel/test/core/fill/annotation/FillAnnotationDataTest.java,easyexcel-test/src/test/java/com/alibaba/easyexcel/test/core/fill/annotation/FillAnnotationDataTest.java.FillAnnotationDataTest.init.Feature Envy,3.1.0,4.0.0,4.0.0,4
easyexcel,3.1.0,com.alibaba.easyexcel.test.core.fill.style,FillStyleAnnotatedTest$1,contentCellStyle,Feature Envy,"checkstyle,experts",easyexcel-test/src/test/java/com/alibaba/easyexcel/test/core/fill/style/FillStyleAnnotatedTest.java,easyexcel-test/src/test/java/com/alibaba/easyexcel/test/core/fill/style/FillStyleAnnotatedTest.java.FillStyleAnnotatedTest$1.contentCellStyle.Feature Envy,3.1.0,4.0.0,4.0.0,4
easyexcel,3.1.0,com.alibaba.easyexcel.test.core.fill.style,FillStyleAnnotatedTest,fillStyleHandler,Feature Envy,"checkstyle,experts",easyexcel-test/src/test/java/com/alibaba/easyexcel/test/core/fill/style/FillStyleAnnotatedTest.java,easyexcel-test/src/test/java/com/alibaba/easyexcel/test/core/fill/style/FillStyleAnnotatedTest.java.FillStyleAnnotatedTest.fillStyleHandler.Feature Envy,3.1.0,4.0.0,4.0.0,4
easyexcel,3.1.0,com.alibaba.easyexcel.test.core.fill.style,FillStyleAnnotatedTest,init,Feature Envy,"checkstyle,experts",easyexcel-test/src/test/java/com/alibaba/easyexcel/test/core/fill/style/FillStyleAnnotatedTest.java,easyexcel-test/src/test/java/com/alibaba/easyexcel/test/core/fill/style/FillStyleAnnotatedTest.java.FillStyleAnnotatedTest.init.Feature Envy,3.1.0,4.0.0,4.0.0,4
easyexcel,3.1.0,com.alibaba.easyexcel.test.core.fill.style,FillStyleDataTest$1,contentCellStyle,Feature Envy,"checkstyle,experts",easyexcel-test/src/test/java/com/alibaba/easyexcel/test/core/fill/style/FillStyleDataTest.java,easyexcel-test/src/test/java/com/alibaba/easyexcel/test/core/fill/style/FillStyleDataTest.java.FillStyleDataTest$1.contentCellStyle.Feature Envy,3.1.0,4.0.0,4.0.0,4
easyexcel,3.1.0,com.alibaba.easyexcel.test.core.fill.style,FillStyleDataTest,,God Class,"pmd,experts",easyexcel-test/src/test/java/com/alibaba/easyexcel/test/core/fill/style/FillStyleDataTest.java,easyexcel-test/src/test/java/com/alibaba/easyexcel/test/core/fill/style/FillStyleDataTest.java.FillStyleDataTest..God Class,3.1.0,4.0.0,4.0.0,4
easyexcel,3.1.0,com.alibaba.easyexcel.test.core.fill.style,FillStyleDataTest,fillStyleHandler,Feature Envy,"checkstyle,experts",easyexcel-test/src/test/java/com/alibaba/easyexcel/test/core/fill/style/FillStyleDataTest.java,easyexcel-test/src/test/java/com/alibaba/easyexcel/test/core/fill/style/FillStyleDataTest.java.FillStyleDataTest.fillStyleHandler.Feature Envy,3.1.0,4.0.0,4.0.0,4
easyexcel,3.1.0,com.alibaba.easyexcel.test.core.fill.style,FillStyleDataTest,init,Feature Envy,"checkstyle,experts",easyexcel-test/src/test/java/com/alibaba/easyexcel/test/core/fill/style/FillStyleDataTest.java,easyexcel-test/src/test/java/com/alibaba/easyexcel/test/core/fill/style/FillStyleDataTest.java.FillStyleDataTest.init.Feature Envy,3.1.0,4.0.0,4.0.0,4
easyexcel,3.1.0,com.alibaba.easyexcel.test.core.handler,WriteHandler,,God Class,"pmd,experts",easyexcel-test/src/test/java/com/alibaba/easyexcel/test/core/handler/WriteHandler.java,easyexcel-test/src/test/java/com/alibaba/easyexcel/test/core/handler/WriteHandler.java.WriteHandler..God Class,3.1.0,4.0.0,4.0.0,4
easyexcel,3.1.0,com.alibaba.easyexcel.test.core.handler,WriteHandler,afterCellCreate,Long Method,"Decor,experts",easyexcel-test/src/test/java/com/alibaba/easyexcel/test/core/handler/WriteHandler.java,easyexcel-test/src/test/java/com/alibaba/easyexcel/test/core/handler/WriteHandler.java.WriteHandler.afterCellCreate.Long Method,3.1.0,4.0.0,4.0.0,4
easyexcel,3.1.0,com.alibaba.easyexcel.test.core.handler,WriteHandler,afterCellCreate,Long Parameter List,"designitejava,checkstyle,experts",easyexcel-test/src/test/java/com/alibaba/easyexcel/test/core/handler/WriteHandler.java,easyexcel-test/src/test/java/com/alibaba/easyexcel/test/core/handler/WriteHandler.java.WriteHandler.afterCellCreate.Long Parameter List,3.1.0,4.0.0,4.0.0,4
easyexcel,3.1.0,com.alibaba.easyexcel.test.core.handler,WriteHandler,afterCellDataConverted,Long Parameter List,"designitejava,checkstyle,experts",easyexcel-test/src/test/java/com/alibaba/easyexcel/test/core/handler/WriteHandler.java,easyexcel-test/src/test/java/com/alibaba/easyexcel/test/core/handler/WriteHandler.java.WriteHandler.afterCellDataConverted.Long Parameter List,3.1.0,4.0.0,4.0.0,4
easyexcel,3.1.0,com.alibaba.easyexcel.test.core.handler,WriteHandler,afterCellDispose,Long Parameter List,"designitejava,checkstyle,experts",easyexcel-test/src/test/java/com/alibaba/easyexcel/test/core/handler/WriteHandler.java,easyexcel-test/src/test/java/com/alibaba/easyexcel/test/core/handler/WriteHandler.java.WriteHandler.afterCellDispose.Long Parameter List,3.1.0,4.0.0,4.0.0,4
easyexcel,3.1.0,com.alibaba.easyexcel.test.core.handler,WriteHandler,afterRowCreate,Long Parameter List,"designitejava,experts",easyexcel-test/src/test/java/com/alibaba/easyexcel/test/core/handler/WriteHandler.java,easyexcel-test/src/test/java/com/alibaba/easyexcel/test/core/handler/WriteHandler.java.WriteHandler.afterRowCreate.Long Parameter List,3.1.0,4.0.0,4.0.0,4
easyexcel,3.1.0,com.alibaba.easyexcel.test.core.handler,WriteHandler,afterRowDispose,Long Parameter List,"designitejava,experts",easyexcel-test/src/test/java/com/alibaba/easyexcel/test/core/handler/WriteHandler.java,easyexcel-test/src/test/java/com/alibaba/easyexcel/test/core/handler/WriteHandler.java.WriteHandler.afterRowDispose.Long Parameter List,3.1.0,4.0.0,4.0.0,4
easyexcel,3.1.0,com.alibaba.easyexcel.test.core.handler,WriteHandler,beforeCellCreate,Long Parameter List,"designitejava,checkstyle,experts",easyexcel-test/src/test/java/com/alibaba/easyexcel/test/core/handler/WriteHandler.java,easyexcel-test/src/test/java/com/alibaba/easyexcel/test/core/handler/WriteHandler.java.WriteHandler.beforeCellCreate.Long Parameter List,3.1.0,4.0.0,4.0.0,4
easyexcel,3.1.0,com.alibaba.easyexcel.test.core.handler,WriteHandler,beforeRowCreate,Long Parameter List,"designitejava,experts",easyexcel-test/src/test/java/com/alibaba/easyexcel/test/core/handler/WriteHandler.java,easyexcel-test/src/test/java/com/alibaba/easyexcel/test/core/handler/WriteHandler.java.WriteHandler.beforeRowCreate.Long Parameter List,3.1.0,4.0.0,4.0.0,4
easyexcel,3.1.0,com.alibaba.easyexcel.test.core.handler,WriteHandlerTest,,God Class,"pmd,experts",easyexcel-test/src/test/java/com/alibaba/easyexcel/test/core/handler/WriteHandlerTest.java,easyexcel-test/src/test/java/com/alibaba/easyexcel/test/core/handler/WriteHandlerTest.java.WriteHandlerTest..God Class,3.1.0,4.0.0,4.0.0,4
easyexcel,3.1.0,com.alibaba.easyexcel.test.core.handler,WriteHandlerTest,init,Feature Envy,"checkstyle,experts",easyexcel-test/src/test/java/com/alibaba/easyexcel/test/core/handler/WriteHandlerTest.java,easyexcel-test/src/test/java/com/alibaba/easyexcel/test/core/handler/WriteHandlerTest.java.WriteHandlerTest.init.Feature Envy,3.1.0,4.0.0,4.0.0,4
easyexcel,3.1.0,com.alibaba.easyexcel.test.core.head,ComplexHeadDataTest,init,Feature Envy,"checkstyle,experts",easyexcel-test/src/test/java/com/alibaba/easyexcel/test/core/head/ComplexHeadDataTest.java,easyexcel-test/src/test/java/com/alibaba/easyexcel/test/core/head/ComplexHeadDataTest.java.ComplexHeadDataTest.init.Feature Envy,3.1.0,4.0.0,4.0.0,4
easyexcel,3.1.0,com.alibaba.easyexcel.test.core.head,ListHeadDataTest,head,Long Method,"Decor,experts",easyexcel-test/src/test/java/com/alibaba/easyexcel/test/core/head/ListHeadDataTest.java,easyexcel-test/src/test/java/com/alibaba/easyexcel/test/core/head/ListHeadDataTest.java.ListHeadDataTest.head.Long Method,3.1.0,4.0.0,4.0.0,4
easyexcel,3.1.0,com.alibaba.easyexcel.test.core.head,ListHeadDataTest,init,Feature Envy,"checkstyle,experts",easyexcel-test/src/test/java/com/alibaba/easyexcel/test/core/head/ListHeadDataTest.java,easyexcel-test/src/test/java/com/alibaba/easyexcel/test/core/head/ListHeadDataTest.java.ListHeadDataTest.init.Feature Envy,3.1.0,4.0.0,4.0.0,4
easyexcel,3.1.0,com.alibaba.easyexcel.test.core.head,NoHeadDataTest,init,Feature Envy,"checkstyle,experts",easyexcel-test/src/test/java/com/alibaba/easyexcel/test/core/head/NoHeadDataTest.java,easyexcel-test/src/test/java/com/alibaba/easyexcel/test/core/head/NoHeadDataTest.java.NoHeadDataTest.init.Feature Envy,3.1.0,4.0.0,4.0.0,4
easyexcel,3.1.0,com.alibaba.easyexcel.test.core.large,LargeDataTest,init,Feature Envy,"checkstyle,experts",easyexcel-test/src/test/java/com/alibaba/easyexcel/test/core/large/LargeDataTest.java,easyexcel-test/src/test/java/com/alibaba/easyexcel/test/core/large/LargeDataTest.java.LargeDataTest.init.Feature Envy,3.1.0,4.0.0,4.0.0,4
easyexcel,3.1.0,com.alibaba.easyexcel.test.core.large,LargeDataTest,t04Write,Feature Envy,"checkstyle,experts",easyexcel-test/src/test/java/com/alibaba/easyexcel/test/core/large/LargeDataTest.java,easyexcel-test/src/test/java/com/alibaba/easyexcel/test/core/large/LargeDataTest.java.LargeDataTest.t04Write.Feature Envy,3.1.0,4.0.0,4.0.0,4
easyexcel,3.1.0,com.alibaba.easyexcel.test.core.nomodel,NoModelDataTest,init,Feature Envy,"checkstyle,experts",easyexcel-test/src/test/java/com/alibaba/easyexcel/test/core/nomodel/NoModelDataTest.java,easyexcel-test/src/test/java/com/alibaba/easyexcel/test/core/nomodel/NoModelDataTest.java.NoModelDataTest.init.Feature Envy,3.1.0,4.0.0,4.0.0,4
easyexcel,3.1.0,com.alibaba.easyexcel.test.core.nomodel,NoModelDataTest,readAndWrite,Long Method,"Decor,experts",easyexcel-test/src/test/java/com/alibaba/easyexcel/test/core/nomodel/NoModelDataTest.java,easyexcel-test/src/test/java/com/alibaba/easyexcel/test/core/nomodel/NoModelDataTest.java.NoModelDataTest.readAndWrite.Long Method,3.1.0,3.1.0,3.2.0,1
easyexcel,3.1.0,com.alibaba.easyexcel.test.core.noncamel,UnCamelDataTest,data,Long Method,"Decor,experts",easyexcel-test/src/test/java/com/alibaba/easyexcel/test/core/noncamel/UnCamelDataTest.java,easyexcel-test/src/test/java/com/alibaba/easyexcel/test/core/noncamel/UnCamelDataTest.java.UnCamelDataTest.data.Long Method,3.1.0,4.0.0,4.0.0,4
easyexcel,3.1.0,com.alibaba.easyexcel.test.core.noncamel,UnCamelDataTest,init,Feature Envy,"checkstyle,experts",easyexcel-test/src/test/java/com/alibaba/easyexcel/test/core/noncamel/UnCamelDataTest.java,easyexcel-test/src/test/java/com/alibaba/easyexcel/test/core/noncamel/UnCamelDataTest.java.UnCamelDataTest.init.Feature Envy,3.1.0,4.0.0,4.0.0,4
easyexcel,3.1.0,com.alibaba.easyexcel.test.core.parameter,ParameterDataTest,,God Class,"pmd,experts",easyexcel-test/src/test/java/com/alibaba/easyexcel/test/core/parameter/ParameterDataTest.java,easyexcel-test/src/test/java/com/alibaba/easyexcel/test/core/parameter/ParameterDataTest.java.ParameterDataTest..God Class,3.1.0,4.0.0,4.0.0,4
easyexcel,3.1.0,com.alibaba.easyexcel.test.core.parameter,ParameterDataTest,readAndWrite5,Long Method,"Decor,experts",easyexcel-test/src/test/java/com/alibaba/easyexcel/test/core/parameter/ParameterDataTest.java,easyexcel-test/src/test/java/com/alibaba/easyexcel/test/core/parameter/ParameterDataTest.java.ParameterDataTest.readAndWrite5.Long Method,3.1.0,4.0.0,4.0.0,4
easyexcel,3.1.0,com.alibaba.easyexcel.test.core.repetition,RepetitionDataTest,init,Feature Envy,"checkstyle,experts",easyexcel-test/src/test/java/com/alibaba/easyexcel/test/core/repetition/RepetitionDataTest.java,easyexcel-test/src/test/java/com/alibaba/easyexcel/test/core/repetition/RepetitionDataTest.java.RepetitionDataTest.init.Feature Envy,3.1.0,4.0.0,4.0.0,4
easyexcel,3.1.0,com.alibaba.easyexcel.test.core.simple,SimpleDataTest,,God Class,"pmd,experts",easyexcel-test/src/test/java/com/alibaba/easyexcel/test/core/simple/SimpleDataTest.java,easyexcel-test/src/test/java/com/alibaba/easyexcel/test/core/simple/SimpleDataTest.java.SimpleDataTest..God Class,3.1.0,4.0.0,4.0.0,4
easyexcel,3.1.0,com.alibaba.easyexcel.test.core.simple,SimpleDataTest,init,Feature Envy,"checkstyle,experts",easyexcel-test/src/test/java/com/alibaba/easyexcel/test/core/simple/SimpleDataTest.java,easyexcel-test/src/test/java/com/alibaba/easyexcel/test/core/simple/SimpleDataTest.java.SimpleDataTest.init.Feature Envy,3.1.0,4.0.0,4.0.0,4
easyexcel,3.1.0,com.alibaba.easyexcel.test.core.skip,SkipDataTest,init,Feature Envy,"checkstyle,experts",easyexcel-test/src/test/java/com/alibaba/easyexcel/test/core/skip/SkipDataTest.java,easyexcel-test/src/test/java/com/alibaba/easyexcel/test/core/skip/SkipDataTest.java.SkipDataTest.init.Feature Envy,3.1.0,4.0.0,4.0.0,4
easyexcel,3.1.0,com.alibaba.easyexcel.test.core.skip,SkipDataTest,readAndWrite,Feature Envy,"checkstyle,experts",easyexcel-test/src/test/java/com/alibaba/easyexcel/test/core/skip/SkipDataTest.java,easyexcel-test/src/test/java/com/alibaba/easyexcel/test/core/skip/SkipDataTest.java.SkipDataTest.readAndWrite.Feature Envy,3.1.0,4.0.0,4.0.0,4
easyexcel,3.1.0,com.alibaba.easyexcel.test.core.skip,SkipDataTest,readAndWrite,Long Method,"Decor,experts",easyexcel-test/src/test/java/com/alibaba/easyexcel/test/core/skip/SkipDataTest.java,easyexcel-test/src/test/java/com/alibaba/easyexcel/test/core/skip/SkipDataTest.java.SkipDataTest.readAndWrite.Long Method,3.1.0,4.0.0,4.0.0,4
easyexcel,3.1.0,com.alibaba.easyexcel.test.core.sort,SortDataTest,,God Class,"pmd,experts",easyexcel-test/src/test/java/com/alibaba/easyexcel/test/core/sort/SortDataTest.java,easyexcel-test/src/test/java/com/alibaba/easyexcel/test/core/sort/SortDataTest.java.SortDataTest..God Class,3.1.0,4.0.0,4.0.0,4
easyexcel,3.1.0,com.alibaba.easyexcel.test.core.sort,SortDataTest,init,Feature Envy,"checkstyle,experts",easyexcel-test/src/test/java/com/alibaba/easyexcel/test/core/sort/SortDataTest.java,easyexcel-test/src/test/java/com/alibaba/easyexcel/test/core/sort/SortDataTest.java.SortDataTest.init.Feature Envy,3.1.0,4.0.0,4.0.0,4
easyexcel,3.1.0,com.alibaba.easyexcel.test.core.sort,SortDataTest,readAndWrite,Long Method,"Decor,experts",easyexcel-test/src/test/java/com/alibaba/easyexcel/test/core/sort/SortDataTest.java,easyexcel-test/src/test/java/com/alibaba/easyexcel/test/core/sort/SortDataTest.java.SortDataTest.readAndWrite.Long Method,3.1.0,4.0.0,4.0.0,4
easyexcel,3.1.0,com.alibaba.easyexcel.test.core.style,StyleDataTest$1,contentCellStyle,Feature Envy,"checkstyle,experts",easyexcel-test/src/test/java/com/alibaba/easyexcel/test/core/style/StyleDataTest.java,easyexcel-test/src/test/java/com/alibaba/easyexcel/test/core/style/StyleDataTest.java.StyleDataTest$1.contentCellStyle.Feature Envy,3.1.0,4.0.0,4.0.0,4
easyexcel,3.1.0,com.alibaba.easyexcel.test.core.style,StyleDataTest$1,headCellStyle,Feature Envy,"checkstyle,experts",easyexcel-test/src/test/java/com/alibaba/easyexcel/test/core/style/StyleDataTest.java,easyexcel-test/src/test/java/com/alibaba/easyexcel/test/core/style/StyleDataTest.java.StyleDataTest$1.headCellStyle.Feature Envy,3.1.0,4.0.0,4.0.0,4
easyexcel,3.1.0,com.alibaba.easyexcel.test.core.style,StyleDataTest$2,contentCellStyle,Feature Envy,"checkstyle,experts",easyexcel-test/src/test/java/com/alibaba/easyexcel/test/core/style/StyleDataTest.java,easyexcel-test/src/test/java/com/alibaba/easyexcel/test/core/style/StyleDataTest.java.StyleDataTest$2.contentCellStyle.Feature Envy,3.1.0,4.0.0,4.0.0,4
easyexcel,3.1.0,com.alibaba.easyexcel.test.core.style,StyleDataTest$2,headCellStyle,Feature Envy,"checkstyle,experts",easyexcel-test/src/test/java/com/alibaba/easyexcel/test/core/style/StyleDataTest.java,easyexcel-test/src/test/java/com/alibaba/easyexcel/test/core/style/StyleDataTest.java.StyleDataTest$2.headCellStyle.Feature Envy,3.1.0,4.0.0,4.0.0,4
easyexcel,3.1.0,com.alibaba.easyexcel.test.core.style,StyleDataTest,init,Feature Envy,"checkstyle,experts",easyexcel-test/src/test/java/com/alibaba/easyexcel/test/core/style/StyleDataTest.java,easyexcel-test/src/test/java/com/alibaba/easyexcel/test/core/style/StyleDataTest.java.StyleDataTest.init.Feature Envy,3.1.0,4.0.0,4.0.0,4
easyexcel,3.1.0,com.alibaba.easyexcel.test.core.style,StyleDataTest,readAndWrite,Feature Envy,"checkstyle,experts",easyexcel-test/src/test/java/com/alibaba/easyexcel/test/core/style/StyleDataTest.java,easyexcel-test/src/test/java/com/alibaba/easyexcel/test/core/style/StyleDataTest.java.StyleDataTest.readAndWrite.Feature Envy,3.1.0,4.0.0,4.0.0,4
easyexcel,3.1.0,com.alibaba.easyexcel.test.core.style,StyleDataTest,t03AbstractVerticalCellStyleStrategy,Feature Envy,"checkstyle,experts",easyexcel-test/src/test/java/com/alibaba/easyexcel/test/core/style/StyleDataTest.java,easyexcel-test/src/test/java/com/alibaba/easyexcel/test/core/style/StyleDataTest.java.StyleDataTest.t03AbstractVerticalCellStyleStrategy.Feature Envy,3.1.0,4.0.0,4.0.0,4
easyexcel,3.1.0,com.alibaba.easyexcel.test.core.style,StyleDataTest,t04AbstractVerticalCellStyleStrategy02,Feature Envy,"checkstyle,experts",easyexcel-test/src/test/java/com/alibaba/easyexcel/test/core/style/StyleDataTest.java,easyexcel-test/src/test/java/com/alibaba/easyexcel/test/core/style/StyleDataTest.java.StyleDataTest.t04AbstractVerticalCellStyleStrategy02.Feature Envy,3.1.0,4.0.0,4.0.0,4
easyexcel,3.1.0,com.alibaba.easyexcel.test.core.template,TemplateDataTest,data,Long Method,"Decor,experts",easyexcel-test/src/test/java/com/alibaba/easyexcel/test/core/template/TemplateDataTest.java,easyexcel-test/src/test/java/com/alibaba/easyexcel/test/core/template/TemplateDataTest.java.TemplateDataTest.data.Long Method,3.1.0,4.0.0,4.0.0,4
easyexcel,3.1.0,com.alibaba.easyexcel.test.demo.fill,FillTest,complexFill,Feature Envy,"checkstyle,experts",easyexcel-test/src/test/java/com/alibaba/easyexcel/test/demo/fill/FillTest.java,easyexcel-test/src/test/java/com/alibaba/easyexcel/test/demo/fill/FillTest.java.FillTest.complexFill.Feature Envy,3.1.0,3.1.0,3.2.0,1
easyexcel,3.1.0,com.alibaba.easyexcel.test.demo.fill,FillTest,complexFillWithTable,Feature Envy,"checkstyle,experts",easyexcel-test/src/test/java/com/alibaba/easyexcel/test/demo/fill/FillTest.java,easyexcel-test/src/test/java/com/alibaba/easyexcel/test/demo/fill/FillTest.java.FillTest.complexFillWithTable.Feature Envy,3.1.0,3.1.0,3.2.0,1
easyexcel,3.2.0,com.alibaba.easyexcel.test.demo.fill,FillTest,complexFillWithTable,Long Method,"Decor,experts",easyexcel-test/src/test/java/com/alibaba/easyexcel/test/demo/fill/FillTest.java,easyexcel-test/src/test/java/com/alibaba/easyexcel/test/demo/fill/FillTest.java.FillTest.complexFillWithTable.Long Method,3.2.0,4.0.0,4.0.0,3
easyexcel,3.1.0,com.alibaba.easyexcel.test.demo.fill,FillTest,compositeFill,Feature Envy,"checkstyle,experts",easyexcel-test/src/test/java/com/alibaba/easyexcel/test/demo/fill/FillTest.java,easyexcel-test/src/test/java/com/alibaba/easyexcel/test/demo/fill/FillTest.java.FillTest.compositeFill.Feature Envy,3.1.0,3.1.0,3.2.0,1
easyexcel,3.1.0,com.alibaba.easyexcel.test.demo.fill,FillTest,horizontalFill,Feature Envy,"checkstyle,experts",easyexcel-test/src/test/java/com/alibaba/easyexcel/test/demo/fill/FillTest.java,easyexcel-test/src/test/java/com/alibaba/easyexcel/test/demo/fill/FillTest.java.FillTest.horizontalFill.Feature Envy,3.1.0,3.1.0,3.2.0,1
easyexcel,3.1.0,com.alibaba.easyexcel.test.demo.fill,FillTest,listFill,Feature Envy,"checkstyle,experts",easyexcel-test/src/test/java/com/alibaba/easyexcel/test/demo/fill/FillTest.java,easyexcel-test/src/test/java/com/alibaba/easyexcel/test/demo/fill/FillTest.java.FillTest.listFill.Feature Envy,3.1.0,4.0.0,4.0.0,4
easyexcel,3.1.0,com.alibaba.easyexcel.test.demo.fill,FillTest,simpleFill,Feature Envy,"checkstyle,experts",easyexcel-test/src/test/java/com/alibaba/easyexcel/test/demo/fill/FillTest.java,easyexcel-test/src/test/java/com/alibaba/easyexcel/test/demo/fill/FillTest.java.FillTest.simpleFill.Feature Envy,3.1.0,4.0.0,4.0.0,4
easyexcel,3.2.0,com.alibaba.easyexcel.test.demo.rare,WriteTest,specifiedCellWrite,Long Method,"Decor,experts",easyexcel-test/src/test/java/com/alibaba/easyexcel/test/demo/rare/WriteTest.java,easyexcel-test/src/test/java/com/alibaba/easyexcel/test/demo/rare/WriteTest.java.WriteTest.specifiedCellWrite.Long Method,3.2.0,4.0.0,4.0.0,3
easyexcel,3.1.0,com.alibaba.easyexcel.test.demo.read,DemoExtraListener,extra,Feature Envy,"checkstyle,experts",easyexcel-test/src/test/java/com/alibaba/easyexcel/test/demo/read/DemoExtraListener.java,easyexcel-test/src/test/java/com/alibaba/easyexcel/test/demo/read/DemoExtraListener.java.DemoExtraListener.extra.Feature Envy,3.1.0,4.0.0,4.0.0,4
easyexcel,3.1.0,com.alibaba.easyexcel.test.demo.read,DemoExtraListener,extra,Long Method,"Decor,experts",easyexcel-test/src/test/java/com/alibaba/easyexcel/test/demo/read/DemoExtraListener.java,easyexcel-test/src/test/java/com/alibaba/easyexcel/test/demo/read/DemoExtraListener.java.DemoExtraListener.extra.Long Method,3.1.0,4.0.0,4.0.0,4
easyexcel,3.1.0,com.alibaba.easyexcel.test.demo.read,ReadTest,,God Class,"pmd,experts",easyexcel-test/src/test/java/com/alibaba/easyexcel/test/demo/read/ReadTest.java,easyexcel-test/src/test/java/com/alibaba/easyexcel/test/demo/read/ReadTest.java.ReadTest..God Class,3.1.0,4.0.0,4.0.0,4
easyexcel,3.1.0,com.alibaba.easyexcel.test.demo.read,ReadTest,simpleRead,Feature Envy,"checkstyle,experts",easyexcel-test/src/test/java/com/alibaba/easyexcel/test/demo/read/ReadTest.java,easyexcel-test/src/test/java/com/alibaba/easyexcel/test/demo/read/ReadTest.java.ReadTest.simpleRead.Feature Envy,3.1.0,4.0.0,4.0.0,4
easyexcel,3.1.0,com.alibaba.easyexcel.test.demo.read,ReadTest,simpleRead,Long Method,"Decor,experts",easyexcel-test/src/test/java/com/alibaba/easyexcel/test/demo/read/ReadTest.java,easyexcel-test/src/test/java/com/alibaba/easyexcel/test/demo/read/ReadTest.java.ReadTest.simpleRead.Long Method,3.1.0,4.0.0,4.0.0,4
easyexcel,3.1.0,com.alibaba.easyexcel.test.demo.web,WebTest,downloadFailedUsingJson,Long Method,"Decor,experts",easyexcel-test/src/test/java/com/alibaba/easyexcel/test/demo/web/WebTest.java,easyexcel-test/src/test/java/com/alibaba/easyexcel/test/demo/web/WebTest.java.WebTest.downloadFailedUsingJson.Long Method,3.1.0,4.0.0,4.0.0,4
easyexcel,3.1.0,com.alibaba.easyexcel.test.demo.write,WriteTest,,God Class,"pmd,experts",easyexcel-test/src/test/java/com/alibaba/easyexcel/test/demo/write/WriteTest.java,easyexcel-test/src/test/java/com/alibaba/easyexcel/test/demo/write/WriteTest.java.WriteTest..God Class,3.1.0,4.0.0,4.0.0,4
easyexcel,3.1.0,com.alibaba.easyexcel.test.demo.write,WriteTest,handlerStyleWrite,Feature Envy,"checkstyle,experts",easyexcel-test/src/test/java/com/alibaba/easyexcel/test/demo/write/WriteTest.java,easyexcel-test/src/test/java/com/alibaba/easyexcel/test/demo/write/WriteTest.java.WriteTest.handlerStyleWrite.Feature Envy,3.1.0,4.0.0,4.0.0,4
easyexcel,3.1.0,com.alibaba.easyexcel.test.demo.write,WriteTest,head,Feature Envy,"checkstyle,experts",easyexcel-test/src/test/java/com/alibaba/easyexcel/test/demo/write/WriteTest.java,easyexcel-test/src/test/java/com/alibaba/easyexcel/test/demo/write/WriteTest.java.WriteTest.head.Feature Envy,3.1.0,4.0.0,4.0.0,4
easyexcel,3.1.0,com.alibaba.easyexcel.test.demo.write,WriteTest,imageWrite,Feature Envy,"checkstyle,experts",easyexcel-test/src/test/java/com/alibaba/easyexcel/test/demo/write/WriteTest.java,easyexcel-test/src/test/java/com/alibaba/easyexcel/test/demo/write/WriteTest.java.WriteTest.imageWrite.Feature Envy,3.1.0,4.0.0,4.0.0,4
easyexcel,3.1.0,com.alibaba.easyexcel.test.demo.write,WriteTest,repeatedWrite,Complex Method,"designitejava,experts",easyexcel-test/src/test/java/com/alibaba/easyexcel/test/demo/write/WriteTest.java,easyexcel-test/src/test/java/com/alibaba/easyexcel/test/demo/write/WriteTest.java.WriteTest.repeatedWrite.Complex Method,3.1.0,3.1.0,3.2.0,1
easyexcel,3.1.0,com.alibaba.easyexcel.test.demo.write,WriteTest,repeatedWrite,Feature Envy,"checkstyle,experts",easyexcel-test/src/test/java/com/alibaba/easyexcel/test/demo/write/WriteTest.java,easyexcel-test/src/test/java/com/alibaba/easyexcel/test/demo/write/WriteTest.java.WriteTest.repeatedWrite.Feature Envy,3.1.0,4.0.0,4.0.0,4
easyexcel,3.1.0,com.alibaba.easyexcel.test.demo.write,WriteTest,simpleWrite,Feature Envy,"checkstyle,experts",easyexcel-test/src/test/java/com/alibaba/easyexcel/test/demo/write/WriteTest.java,easyexcel-test/src/test/java/com/alibaba/easyexcel/test/demo/write/WriteTest.java.WriteTest.simpleWrite.Feature Envy,3.1.0,4.0.0,4.0.0,4
easyexcel,3.1.0,com.alibaba.easyexcel.test.demo.write,WriteTest,tableWrite,Feature Envy,"checkstyle,experts",easyexcel-test/src/test/java/com/alibaba/easyexcel/test/demo/write/WriteTest.java,easyexcel-test/src/test/java/com/alibaba/easyexcel/test/demo/write/WriteTest.java.WriteTest.tableWrite.Feature Envy,3.1.0,3.1.0,3.2.0,1
easyexcel,3.1.0,com.alibaba.easyexcel.test.demo.write,WriteTest,variableTitleHead,Feature Envy,"checkstyle,experts",easyexcel-test/src/test/java/com/alibaba/easyexcel/test/demo/write/WriteTest.java,easyexcel-test/src/test/java/com/alibaba/easyexcel/test/demo/write/WriteTest.java.WriteTest.variableTitleHead.Feature Envy,3.1.0,4.0.0,4.0.0,4
easyexcel,3.1.0,com.alibaba.easyexcel.test.temp,FillTempTest,complexFillWithTable,Long Method,"Decor,experts",easyexcel-test/src/test/java/com/alibaba/easyexcel/test/temp/FillTempTest.java,easyexcel-test/src/test/java/com/alibaba/easyexcel/test/temp/FillTempTest.java.FillTempTest.complexFillWithTable.Long Method,3.1.0,4.0.0,4.0.0,4
easyexcel,3.1.0,com.alibaba.easyexcel.test.temp,Lock2Test,,God Class,"pmd,experts",easyexcel-test/src/test/java/com/alibaba/easyexcel/test/temp/Lock2Test.java,easyexcel-test/src/test/java/com/alibaba/easyexcel/test/temp/Lock2Test.java.Lock2Test..God Class,3.1.0,4.0.0,4.0.0,4
easyexcel,3.2.0,com.alibaba.easyexcel.test.temp,Lock2Test,numberforamt,Long Method,"Decor,experts",easyexcel-test/src/test/java/com/alibaba/easyexcel/test/temp/Lock2Test.java,easyexcel-test/src/test/java/com/alibaba/easyexcel/test/temp/Lock2Test.java.Lock2Test.numberforamt.Long Method,3.2.0,4.0.0,4.0.0,3
easyexcel,3.1.0,com.alibaba.easyexcel.test.temp,Lock2Test,test335,Feature Envy,"checkstyle,experts",easyexcel-test/src/test/java/com/alibaba/easyexcel/test/temp/Lock2Test.java,easyexcel-test/src/test/java/com/alibaba/easyexcel/test/temp/Lock2Test.java.Lock2Test.test335.Feature Envy,3.1.0,4.0.0,4.0.0,4
easyexcel,3.1.0,com.alibaba.easyexcel.test.temp,Lock2Test,write,Feature Envy,"checkstyle,experts",easyexcel-test/src/test/java/com/alibaba/easyexcel/test/temp/Lock2Test.java,easyexcel-test/src/test/java/com/alibaba/easyexcel/test/temp/Lock2Test.java.Lock2Test.write.Feature Envy,3.1.0,4.0.0,4.0.0,4
easyexcel,3.1.0,com.alibaba.easyexcel.test.temp,Lock2Test,write,Long Method,"Decor,experts",easyexcel-test/src/test/java/com/alibaba/easyexcel/test/temp/Lock2Test.java,easyexcel-test/src/test/java/com/alibaba/easyexcel/test/temp/Lock2Test.java.Lock2Test.write.Long Method,3.1.0,3.1.0,3.2.0,1
easyexcel,3.1.0,com.alibaba.easyexcel.test.temp,StyleTest,,God Class,"pmd,experts",easyexcel-test/src/test/java/com/alibaba/easyexcel/test/temp/StyleTest.java,easyexcel-test/src/test/java/com/alibaba/easyexcel/test/temp/StyleTest.java.StyleTest..God Class,3.1.0,4.0.0,4.0.0,4
easyexcel,3.1.0,com.alibaba.easyexcel.test.temp,StyleTest,poi07,Long Method,"Decor,experts",easyexcel-test/src/test/java/com/alibaba/easyexcel/test/temp/StyleTest.java,easyexcel-test/src/test/java/com/alibaba/easyexcel/test/temp/StyleTest.java.StyleTest.poi07.Long Method,3.1.0,4.0.0,4.0.0,4
easyexcel,3.1.0,com.alibaba.easyexcel.test.temp,WriteLargeTest,test,Feature Envy,"checkstyle,experts",easyexcel-test/src/test/java/com/alibaba/easyexcel/test/temp/WriteLargeTest.java,easyexcel-test/src/test/java/com/alibaba/easyexcel/test/temp/WriteLargeTest.java.WriteLargeTest.test.Feature Envy,3.1.0,4.0.0,4.0.0,4
easyexcel,3.1.0,com.alibaba.easyexcel.test.temp,WriteLargeTest,test,Long Method,"Decor,experts",easyexcel-test/src/test/java/com/alibaba/easyexcel/test/temp/WriteLargeTest.java,easyexcel-test/src/test/java/com/alibaba/easyexcel/test/temp/WriteLargeTest.java.WriteLargeTest.test.Long Method,3.1.0,4.0.0,4.0.0,4
easyexcel,3.1.0,com.alibaba.easyexcel.test.temp,WriteV33Test,handlerStyleWrite,Long Method,"Decor,experts",easyexcel-test/src/test/java/com/alibaba/easyexcel/test/temp/WriteV33Test.java,easyexcel-test/src/test/java/com/alibaba/easyexcel/test/temp/WriteV33Test.java.WriteV33Test.handlerStyleWrite.Long Method,3.1.0,4.0.0,4.0.0,4
easyexcel,3.1.0,com.alibaba.easyexcel.test.temp,WriteV34Test,head,Long Method,"Decor,experts",easyexcel-test/src/test/java/com/alibaba/easyexcel/test/temp/WriteV34Test.java,easyexcel-test/src/test/java/com/alibaba/easyexcel/test/temp/WriteV34Test.java.WriteV34Test.head.Long Method,3.1.0,4.0.0,4.0.0,4
easyexcel,3.1.0,com.alibaba.easyexcel.test.temp,WriteV34Test,test,Feature Envy,"checkstyle,experts",easyexcel-test/src/test/java/com/alibaba/easyexcel/test/temp/WriteV34Test.java,easyexcel-test/src/test/java/com/alibaba/easyexcel/test/temp/WriteV34Test.java.WriteV34Test.test.Feature Envy,3.1.0,4.0.0,4.0.0,4
easyexcel,3.1.0,com.alibaba.easyexcel.test.temp.cache,CacheTest,cache,Long Method,"Decor,experts",easyexcel-test/src/test/java/com/alibaba/easyexcel/test/temp/cache/CacheTest.java,easyexcel-test/src/test/java/com/alibaba/easyexcel/test/temp/cache/CacheTest.java.CacheTest.cache.Long Method,3.1.0,4.0.0,4.0.0,4
easyexcel,3.1.0,com.alibaba.easyexcel.test.temp.dataformat,DataFormatTest,,God Class,"pmd,experts",easyexcel-test/src/test/java/com/alibaba/easyexcel/test/temp/dataformat/DataFormatTest.java,easyexcel-test/src/test/java/com/alibaba/easyexcel/test/temp/dataformat/DataFormatTest.java.DataFormatTest..God Class,3.1.0,4.0.0,4.0.0,4
easyexcel,3.1.0,com.alibaba.easyexcel.test.temp.dataformat,DataFormatter1,,God Class,"pmd,checkstyle,experts",easyexcel-test/src/test/java/com/alibaba/easyexcel/test/temp/dataformat/DataFormatter1.java,easyexcel-test/src/test/java/com/alibaba/easyexcel/test/temp/dataformat/DataFormatter1.java.DataFormatter1..God Class,3.1.0,4.0.0,4.0.0,4
easyexcel,3.1.0,com.alibaba.easyexcel.test.temp.dataformat,DataFormatter1,cleanFormatForNumber,Complex Method,"designitejava,pmd,checkstyle,experts",easyexcel-test/src/test/java/com/alibaba/easyexcel/test/temp/dataformat/DataFormatter1.java,easyexcel-test/src/test/java/com/alibaba/easyexcel/test/temp/dataformat/DataFormatter1.java.DataFormatter1.cleanFormatForNumber.Complex Method,3.1.0,4.0.0,4.0.0,4
easyexcel,3.1.0,com.alibaba.easyexcel.test.temp.dataformat,DataFormatter1,createDateFormat,Complex Method,"designitejava,pmd,checkstyle,experts",easyexcel-test/src/test/java/com/alibaba/easyexcel/test/temp/dataformat/DataFormatter1.java,easyexcel-test/src/test/java/com/alibaba/easyexcel/test/temp/dataformat/DataFormatter1.java.DataFormatter1.createDateFormat.Complex Method,3.1.0,4.0.0,4.0.0,4
easyexcel,3.1.0,com.alibaba.easyexcel.test.temp.dataformat,DataFormatter1,createDateFormat,Long Method,"designitejava,experts",easyexcel-test/src/test/java/com/alibaba/easyexcel/test/temp/dataformat/DataFormatter1.java,easyexcel-test/src/test/java/com/alibaba/easyexcel/test/temp/dataformat/DataFormatter1.java.DataFormatter1.createDateFormat.Long Method,3.1.0,4.0.0,4.0.0,4
easyexcel,3.1.0,com.alibaba.easyexcel.test.temp.dataformat,DataFormatter1,createFormat,Complex Method,"designitejava,pmd,checkstyle,experts",easyexcel-test/src/test/java/com/alibaba/easyexcel/test/temp/dataformat/DataFormatter1.java,easyexcel-test/src/test/java/com/alibaba/easyexcel/test/temp/dataformat/DataFormatter1.java.DataFormatter1.createFormat.Complex Method,3.1.0,4.0.0,4.0.0,4
easyexcel,3.1.0,com.alibaba.easyexcel.test.temp.dataformat,DataFormatter1,formatCellValue,Complex Method,"designitejava,experts",easyexcel-test/src/test/java/com/alibaba/easyexcel/test/temp/dataformat/DataFormatter1.java,easyexcel-test/src/test/java/com/alibaba/easyexcel/test/temp/dataformat/DataFormatter1.java.DataFormatter1.formatCellValue.Complex Method,3.1.0,4.0.0,4.0.0,4
easyexcel,3.1.0,com.alibaba.easyexcel.test.temp.dataformat,DataFormatter1,formatRawCellContents,Complex Method,"designitejava,experts",easyexcel-test/src/test/java/com/alibaba/easyexcel/test/temp/dataformat/DataFormatter1.java,easyexcel-test/src/test/java/com/alibaba/easyexcel/test/temp/dataformat/DataFormatter1.java.DataFormatter1.formatRawCellContents.Complex Method,3.1.0,4.0.0,4.0.0,4
easyexcel,3.1.0,com.alibaba.easyexcel.test.temp.dataformat,DataFormatter1,getFormat,Complex Method,"checkstyle,experts",easyexcel-test/src/test/java/com/alibaba/easyexcel/test/temp/dataformat/DataFormatter1.java,easyexcel-test/src/test/java/com/alibaba/easyexcel/test/temp/dataformat/DataFormatter1.java.DataFormatter1.getFormat.Complex Method,3.1.0,4.0.0,4.0.0,4
easyexcel,3.1.0,com.alibaba.easyexcel.test.temp.fill,FillTempTest,complexFillWithTable,Long Method,"Decor,experts",easyexcel-test/src/test/java/com/alibaba/easyexcel/test/temp/fill/FillTempTest.java,easyexcel-test/src/test/java/com/alibaba/easyexcel/test/temp/fill/FillTempTest.java.FillTempTest.complexFillWithTable.Long Method,3.1.0,4.0.0,4.0.0,4
easyexcel,3.1.0,com.alibaba.easyexcel.test.temp.fill,FillTempTest,listFill,Feature Envy,"checkstyle,experts",easyexcel-test/src/test/java/com/alibaba/easyexcel/test/temp/fill/FillTempTest.java,easyexcel-test/src/test/java/com/alibaba/easyexcel/test/temp/fill/FillTempTest.java.FillTempTest.listFill.Feature Envy,3.1.0,4.0.0,4.0.0,4
easyexcel,3.1.0,com.alibaba.easyexcel.test.temp.issue1663,FillTest,TestFillNullPoint,Long Method,"Decor,experts",easyexcel-test/src/test/java/com/alibaba/easyexcel/test/temp/issue1663/FillTest.java,easyexcel-test/src/test/java/com/alibaba/easyexcel/test/temp/issue1663/FillTest.java.FillTest.TestFillNullPoint.Long Method,3.1.0,4.0.0,4.0.0,4
easyexcel,3.1.0,com.alibaba.easyexcel.test.temp.large,TempLargeDataTest,init,Feature Envy,"checkstyle,experts",easyexcel-test/src/test/java/com/alibaba/easyexcel/test/temp/large/TempLargeDataTest.java,easyexcel-test/src/test/java/com/alibaba/easyexcel/test/temp/large/TempLargeDataTest.java.TempLargeDataTest.init.Feature Envy,3.1.0,4.0.0,4.0.0,4
easyexcel,3.1.0,com.alibaba.easyexcel.test.temp.large,TempLargeDataTest,t04Write,Feature Envy,"checkstyle,experts",easyexcel-test/src/test/java/com/alibaba/easyexcel/test/temp/large/TempLargeDataTest.java,easyexcel-test/src/test/java/com/alibaba/easyexcel/test/temp/large/TempLargeDataTest.java.TempLargeDataTest.t04Write.Feature Envy,3.1.0,4.0.0,4.0.0,4
easyexcel,3.1.0,com.alibaba.easyexcel.test.temp.poi,Poi3Test,Encryption,Long Method,"Decor,experts",easyexcel-test/src/test/java/com/alibaba/easyexcel/test/temp/poi/Poi3Test.java,easyexcel-test/src/test/java/com/alibaba/easyexcel/test/temp/poi/Poi3Test.java.Poi3Test.Encryption.Long Method,3.1.0,4.0.0,4.0.0,4
easyexcel,3.1.0,com.alibaba.easyexcel.test.temp.poi,PoiEncryptTest,encrypt,Long Method,"Decor,experts",easyexcel-test/src/test/java/com/alibaba/easyexcel/test/temp/poi/PoiEncryptTest.java,easyexcel-test/src/test/java/com/alibaba/easyexcel/test/temp/poi/PoiEncryptTest.java.PoiEncryptTest.encrypt.Long Method,3.1.0,4.0.0,4.0.0,4
easyexcel,3.1.0,com.alibaba.easyexcel.test.temp.poi,PoiTest,,God Class,"pmd,experts",easyexcel-test/src/test/java/com/alibaba/easyexcel/test/temp/poi/PoiTest.java,easyexcel-test/src/test/java/com/alibaba/easyexcel/test/temp/poi/PoiTest.java.PoiTest..God Class,3.1.0,4.0.0,4.0.0,4
easyexcel,3.1.0,com.alibaba.easyexcel.test.temp.poi,PoiWriteTest,write0,Long Method,"Decor,experts",easyexcel-test/src/test/java/com/alibaba/easyexcel/test/temp/poi/PoiWriteTest.java,easyexcel-test/src/test/java/com/alibaba/easyexcel/test/temp/poi/PoiWriteTest.java.PoiWriteTest.write0.Long Method,3.1.0,4.0.0,4.0.0,4
easyexcel,3.1.0,com.alibaba.easyexcel.test.temp.simple,Wirte,head,Long Method,"Decor,experts",easyexcel-test/src/test/java/com/alibaba/easyexcel/test/temp/simple/Wirte.java,easyexcel-test/src/test/java/com/alibaba/easyexcel/test/temp/simple/Wirte.java.Wirte.head.Long Method,3.1.0,3.2.0,3.3.0,2
easyexcel,3.3.0,com.alibaba.easyexcel.test.temp.simple,Write,head,Long Method,"Decor,experts",easyexcel-test/src/test/java/com/alibaba/easyexcel/test/temp/simple/Write.java,easyexcel-test/src/test/java/com/alibaba/easyexcel/test/temp/simple/Write.java.Write.head.Long Method,3.3.0,4.0.0,4.0.0,2
easyexcel,3.1.0,com.alibaba.easyexcel.test.temp.simple,WriteCellHandler,afterCellDataConverted,Long Method,"Decor,experts",easyexcel-test/src/test/java/com/alibaba/easyexcel/test/temp/simple/WriteCellHandler.java,easyexcel-test/src/test/java/com/alibaba/easyexcel/test/temp/simple/WriteCellHandler.java.WriteCellHandler.afterCellDataConverted.Long Method,3.1.0,4.0.0,4.0.0,4
easyexcel,3.1.0,com.alibaba.easyexcel.test.temp.simple,WriteCellHandler,afterCellDataConverted,Long Parameter List,"designitejava,checkstyle,experts",easyexcel-test/src/test/java/com/alibaba/easyexcel/test/temp/simple/WriteCellHandler.java,easyexcel-test/src/test/java/com/alibaba/easyexcel/test/temp/simple/WriteCellHandler.java.WriteCellHandler.afterCellDataConverted.Long Parameter List,3.1.0,4.0.0,4.0.0,4
easyexcel,3.1.0,com.alibaba.easyexcel.test.temp.write,TempWriteTest,cglib,Long Method,"Decor,experts",easyexcel-test/src/test/java/com/alibaba/easyexcel/test/temp/write/TempWriteTest.java,easyexcel-test/src/test/java/com/alibaba/easyexcel/test/temp/write/TempWriteTest.java.TempWriteTest.cglib.Long Method,3.1.0,3.2.0,3.3.0,2
easyexcel,3.3.0,com.alibaba.easyexcel.test.temp.write,TempWriteTest,imageWritePoi,Long Method,"Decor,experts",easyexcel-test/src/test/java/com/alibaba/easyexcel/test/temp/write/TempWriteTest.java,easyexcel-test/src/test/java/com/alibaba/easyexcel/test/temp/write/TempWriteTest.java.TempWriteTest.imageWritePoi.Long Method,3.3.0,4.0.0,4.0.0,2
easyexcel,2.0.0-beta1,com.alibaba.excel,EasyExcelFactory,,God Class,"pmd,experts",src/main/java/com/alibaba/excel/EasyExcelFactory.java,src/main/java/com/alibaba/excel/EasyExcelFactory.java.EasyExcelFactory..God Class,2.0.0-beta1,3.0.1,3.1.0,8
easyexcel,2.0.0-beta1,com.alibaba.excel,EasyExcelFactory,getWriter,Feature Envy,"checkstyle,experts",src/main/java/com/alibaba/excel/EasyExcelFactory.java,src/main/java/com/alibaba/excel/EasyExcelFactory.java.EasyExcelFactory.getWriter.Feature Envy,2.0.0-beta1,2.2.1,3.0.0-beta1,6
easyexcel,2.0.0-beta1,com.alibaba.excel,EasyExcelFactory,getWriterWithTemp,Feature Envy,"checkstyle,experts",src/main/java/com/alibaba/excel/EasyExcelFactory.java,src/main/java/com/alibaba/excel/EasyExcelFactory.java.EasyExcelFactory.getWriterWithTemp.Feature Envy,2.0.0-beta1,2.2.1,3.0.0-beta1,6
easyexcel,2.0.0-beta1,com.alibaba.excel,EasyExcelFactory,getWriterWithTempAndHandler,Feature Envy,"checkstyle,experts",src/main/java/com/alibaba/excel/EasyExcelFactory.java,src/main/java/com/alibaba/excel/EasyExcelFactory.java.EasyExcelFactory.getWriterWithTempAndHandler.Feature Envy,2.0.0-beta1,2.2.1,3.0.0-beta1,6
easyexcel,1.1,com.alibaba.excel,EasyExcelFactory,getWriterWithTempAndHandler,Long Parameter List,"designitejava,experts",src/main/java/com/alibaba/excel/EasyExcelFactory.java,src/main/java/com/alibaba/excel/EasyExcelFactory.java.EasyExcelFactory.getWriterWithTempAndHandler.Long Parameter List,1.1,2.2.1,3.0.0-beta1,7
easyexcel,2.0.0-beta1,com.alibaba.excel,EasyExcelFactory,read,Feature Envy,"checkstyle,experts",src/main/java/com/alibaba/excel/EasyExcelFactory.java,src/main/java/com/alibaba/excel/EasyExcelFactory.java.EasyExcelFactory.read.Feature Envy,2.0.0-beta1,3.0.1,3.1.0,8
easyexcel,2.0.0-beta1,com.alibaba.excel,EasyExcelFactory,read,Long Method,"Decor,experts",src/main/java/com/alibaba/excel/EasyExcelFactory.java,src/main/java/com/alibaba/excel/EasyExcelFactory.java.EasyExcelFactory.read.Long Method,2.0.0-beta1,2.0.0-beta1,2.0.0,1
easyexcel,2.1.0-beta1,com.alibaba.excel,ExcelReader,,God Class,"pmd,experts",src/main/java/com/alibaba/excel/ExcelReader.java,src/main/java/com/alibaba/excel/ExcelReader.java.ExcelReader..God Class,2.1.0-beta1,2.2.1,3.0.0-beta1,4
easyexcel,1.1,com.alibaba.excel,ExcelReader,ExcelReader,Feature Envy,"checkstyle,experts",src/main/java/com/alibaba/excel/ExcelReader.java,src/main/java/com/alibaba/excel/ExcelReader.java.ExcelReader.ExcelReader.Feature Envy,1.1,2.2.1,3.0.0-beta1,7
easyexcel,1.1,com.alibaba.excel,ExcelReader,ExcelReader,Long Parameter List,"designitejava,experts",src/main/java/com/alibaba/excel/ExcelReader.java,src/main/java/com/alibaba/excel/ExcelReader.java.ExcelReader.ExcelReader.Long Parameter List,1.1,2.2.1,3.0.0-beta1,7
easyexcel,2.0.0,com.alibaba.excel,ExcelReader,getSheets,Long Method,"Decor,experts",src/main/java/com/alibaba/excel/ExcelReader.java,src/main/java/com/alibaba/excel/ExcelReader.java.ExcelReader.getSheets.Long Method,2.0.0,2.0.0,2.1.0-beta1,1
easyexcel,2.0.0-beta1,com.alibaba.excel,ExcelReader,read,Feature Envy,"checkstyle,experts",src/main/java/com/alibaba/excel/ExcelReader.java,src/main/java/com/alibaba/excel/ExcelReader.java.ExcelReader.read.Feature Envy,2.0.0-beta1,2.2.1,3.0.0-beta1,6
easyexcel,2.0.0-beta1,com.alibaba.excel,ExcelReader,read,Long Method,"Decor,experts",src/main/java/com/alibaba/excel/ExcelReader.java,src/main/java/com/alibaba/excel/ExcelReader.java.ExcelReader.read.Long Method,2.0.0-beta1,2.2.1,3.0.0-beta1,6
easyexcel,2.1.0-beta1,com.alibaba.excel,ExcelWriter,,God Class,"pmd,experts",src/main/java/com/alibaba/excel/ExcelWriter.java,src/main/java/com/alibaba/excel/ExcelWriter.java.ExcelWriter..God Class,2.1.0-beta1,3.0.1,3.1.0,6
easyexcel,1.1,com.alibaba.excel,ExcelWriter,ExcelWriter,Feature Envy,"checkstyle,experts",src/main/java/com/alibaba/excel/ExcelWriter.java,src/main/java/com/alibaba/excel/ExcelWriter.java.ExcelWriter.ExcelWriter.Feature Envy,1.1,2.2.1,3.0.0-beta1,7
easyexcel,1.1,com.alibaba.excel,ExcelWriter,ExcelWriter,Long Parameter List,"designitejava,experts",src/main/java/com/alibaba/excel/ExcelWriter.java,src/main/java/com/alibaba/excel/ExcelWriter.java.ExcelWriter.ExcelWriter.Long Parameter List,1.1,2.2.1,3.0.0-beta1,7
easyexcel,2.0.0-beta1,com.alibaba.excel,ExcelWriter,write,Feature Envy,"checkstyle,experts",src/main/java/com/alibaba/excel/ExcelWriter.java,src/main/java/com/alibaba/excel/ExcelWriter.java.ExcelWriter.write.Feature Envy,2.0.0-beta1,2.2.1,3.0.0-beta1,6
easyexcel,2.0.0-beta1,com.alibaba.excel,ExcelWriter,write,Long Method,"Decor,experts",src/main/java/com/alibaba/excel/ExcelWriter.java,src/main/java/com/alibaba/excel/ExcelWriter.java.ExcelWriter.write.Long Method,2.0.0-beta1,2.2.1,3.0.0-beta1,6
easyexcel,1.1,com.alibaba.excel.analysis,BaseSaxAnalyser,notifyListeners,Feature Envy,"checkstyle,experts",src/main/java/com/alibaba/excel/analysis/BaseSaxAnalyser.java,src/main/java/com/alibaba/excel/analysis/BaseSaxAnalyser.java.BaseSaxAnalyser.notifyListeners.Feature Envy,1.1,1.1,2.0.0-beta1,1
easyexcel,1.1,com.alibaba.excel.analysis,ExcelAnalyserImpl,ExcelAnalyserImpl,Long Parameter List,"designitejava,experts",src/main/java/com/alibaba/excel/analysis/ExcelAnalyserImpl.java,src/main/java/com/alibaba/excel/analysis/ExcelAnalyserImpl.java.ExcelAnalyserImpl.ExcelAnalyserImpl.Long Parameter List,1.1,1.1,2.0.0-beta1,1
easyexcel,1.1,com.alibaba.excel.analysis,ExcelAnalyserImpl,appendListeners,Feature Envy,"checkstyle,experts",src/main/java/com/alibaba/excel/analysis/ExcelAnalyserImpl.java,src/main/java/com/alibaba/excel/analysis/ExcelAnalyserImpl.java.ExcelAnalyserImpl.appendListeners.Feature Envy,1.1,1.1,2.0.0-beta1,1
easyexcel,2.0.0-beta1,com.alibaba.excel.analysis,ExcelAnalyserImpl,choiceExcelExecutor,Feature Envy,"checkstyle,experts",src/main/java/com/alibaba/excel/analysis/ExcelAnalyserImpl.java,src/main/java/com/alibaba/excel/analysis/ExcelAnalyserImpl.java.ExcelAnalyserImpl.choiceExcelExecutor.Feature Envy,2.0.0-beta1,3.0.1,3.1.0,8
easyexcel,2.0.0,com.alibaba.excel.analysis,ExcelAnalyserImpl,finish,Complex Method,"checkstyle,experts",src/main/java/com/alibaba/excel/analysis/ExcelAnalyserImpl.java,src/main/java/com/alibaba/excel/analysis/ExcelAnalyserImpl.java.ExcelAnalyserImpl.finish.Complex Method,2.0.0,3.0.1,3.1.0,7
easyexcel,2.0.0-beta1,com.alibaba.excel.analysis,ExcelAnalyserImpl,finish,Feature Envy,"checkstyle,experts",src/main/java/com/alibaba/excel/analysis/ExcelAnalyserImpl.java,src/main/java/com/alibaba/excel/analysis/ExcelAnalyserImpl.java.ExcelAnalyserImpl.finish.Feature Envy,2.0.0-beta1,3.0.1,3.1.0,8
easyexcel,1.1,com.alibaba.excel.analysis,ExcelAnalyserImpl,getSaxAnalyser,Feature Envy,"checkstyle,experts",src/main/java/com/alibaba/excel/analysis/ExcelAnalyserImpl.java,src/main/java/com/alibaba/excel/analysis/ExcelAnalyserImpl.java.ExcelAnalyserImpl.getSaxAnalyser.Feature Envy,1.1,1.1,2.0.0-beta1,1
easyexcel,1.1,com.alibaba.excel.analysis,ExcelAnalyserImpl,getSaxAnalyser,Long Method,"Decor,experts",src/main/java/com/alibaba/excel/analysis/ExcelAnalyserImpl.java,src/main/java/com/alibaba/excel/analysis/ExcelAnalyserImpl.java.ExcelAnalyserImpl.getSaxAnalyser.Long Method,1.1,1.1,2.0.0-beta1,1
easyexcel,3.0.0-beta1,com.alibaba.excel.analysis.csv,CsvExcelReadExecutor,dealRecord,Long Method,"Decor,experts",src/main/java/com/alibaba/excel/analysis/csv/CsvExcelReadExecutor.java,src/main/java/com/alibaba/excel/analysis/csv/CsvExcelReadExecutor.java.CsvExcelReadExecutor.dealRecord.Long Method,3.0.0-beta1,3.0.1,3.1.0,2
easyexcel,3.0.1,com.alibaba.excel.analysis.csv,CsvExcelReadExecutor,parseRecords,Feature Envy,"checkstyle,experts",src/main/java/com/alibaba/excel/analysis/csv/CsvExcelReadExecutor.java,src/main/java/com/alibaba/excel/analysis/csv/CsvExcelReadExecutor.java.CsvExcelReadExecutor.parseRecords.Feature Envy,3.0.1,3.0.1,3.1.0,1
easyexcel,2.2.0-beta1,com.alibaba.excel.analysis.v03,XlsListSheetListener,execute,Long Method,"Decor,experts",src/main/java/com/alibaba/excel/analysis/v03/XlsListSheetListener.java,src/main/java/com/alibaba/excel/analysis/v03/XlsListSheetListener.java.XlsListSheetListener.execute.Long Method,2.2.0-beta1,2.2.1,3.0.0-beta1,2
easyexcel,2.1.0-beta1,com.alibaba.excel.analysis.v03,XlsListSheetListener,getSheetList,Long Method,"Decor,experts",src/main/java/com/alibaba/excel/analysis/v03/XlsListSheetListener.java,src/main/java/com/alibaba/excel/analysis/v03/XlsListSheetListener.java.XlsListSheetListener.getSheetList.Long Method,2.1.0-beta1,2.1.1,2.2.0-beta1,2
easyexcel,1.1,com.alibaba.excel.analysis.v03,XlsSaxAnalyser,XlsSaxAnalyser,Feature Envy,"checkstyle,experts",src/main/java/com/alibaba/excel/analysis/v03/XlsSaxAnalyser.java,src/main/java/com/alibaba/excel/analysis/v03/XlsSaxAnalyser.java.XlsSaxAnalyser.XlsSaxAnalyser.Feature Envy,1.1,1.1,2.0.0-beta1,1
easyexcel,2.2.0-beta1,com.alibaba.excel.analysis.v03,XlsSaxAnalyser,execute,Feature Envy,"checkstyle,experts",src/main/java/com/alibaba/excel/analysis/v03/XlsSaxAnalyser.java,src/main/java/com/alibaba/excel/analysis/v03/XlsSaxAnalyser.java.XlsSaxAnalyser.execute.Feature Envy,2.2.0-beta1,3.0.1,3.1.0,4
easyexcel,2.2.0-beta1,com.alibaba.excel.analysis.v03,XlsSaxAnalyser,execute,Long Method,"Decor,experts",src/main/java/com/alibaba/excel/analysis/v03/XlsSaxAnalyser.java,src/main/java/com/alibaba/excel/analysis/v03/XlsSaxAnalyser.java.XlsSaxAnalyser.execute.Long Method,2.2.0-beta1,3.0.1,3.1.0,4
easyexcel,1.1,com.alibaba.excel.analysis.v03,XlsSaxAnalyser,processRecord,Complex Method,"designitejava,pmd,checkstyle,experts",src/main/java/com/alibaba/excel/analysis/v03/XlsSaxAnalyser.java,src/main/java/com/alibaba/excel/analysis/v03/XlsSaxAnalyser.java.XlsSaxAnalyser.processRecord.Complex Method,1.1,2.1.1,2.2.0-beta1,5
easyexcel,1.1,com.alibaba.excel.analysis.v03,XlsSaxAnalyser,processRecord,Feature Envy,"checkstyle,experts",src/main/java/com/alibaba/excel/analysis/v03/XlsSaxAnalyser.java,src/main/java/com/alibaba/excel/analysis/v03/XlsSaxAnalyser.java.XlsSaxAnalyser.processRecord.Feature Envy,1.1,2.1.1,2.2.0-beta1,5
easyexcel,2.1.1,com.alibaba.excel.analysis.v03,XlsSaxAnalyser,processRecord,Long Method,"Decor,experts",src/main/java/com/alibaba/excel/analysis/v03/XlsSaxAnalyser.java,src/main/java/com/alibaba/excel/analysis/v03/XlsSaxAnalyser.java.XlsSaxAnalyser.processRecord.Long Method,2.1.1,2.1.1,2.2.0-beta1,1
easyexcel,2.0.0-beta1,com.alibaba.excel.analysis.v03.handlers,BlankOrErrorRecordHandler,processRecord,Long Method,"Decor,experts",src/main/java/com/alibaba/excel/analysis/v03/handlers/BlankOrErrorRecordHandler.java,src/main/java/com/alibaba/excel/analysis/v03/handlers/BlankOrErrorRecordHandler.java.BlankOrErrorRecordHandler.processRecord.Long Method,2.0.0-beta1,2.1.1,2.2.0-beta1,4
easyexcel,2.1.0-beta1,com.alibaba.excel.analysis.v03.handlers,BofRecordHandler,processRecord,Complex Method,"designitejava,pmd,checkstyle,experts",src/main/java/com/alibaba/excel/analysis/v03/handlers/BofRecordHandler.java,src/main/java/com/alibaba/excel/analysis/v03/handlers/BofRecordHandler.java.BofRecordHandler.processRecord.Complex Method,2.1.0-beta1,2.1.1,2.2.0-beta1,2
easyexcel,2.2.0-beta1,com.alibaba.excel.analysis.v03.handlers,BofRecordHandler,processRecord,Feature Envy,"checkstyle,experts",src/main/java/com/alibaba/excel/analysis/v03/handlers/BofRecordHandler.java,src/main/java/com/alibaba/excel/analysis/v03/handlers/BofRecordHandler.java.BofRecordHandler.processRecord.Feature Envy,2.2.0-beta1,3.0.1,3.1.0,4
easyexcel,2.0.0-beta1,com.alibaba.excel.analysis.v03.handlers,BofRecordHandler,processRecord,Long Method,"Decor,experts",src/main/java/com/alibaba/excel/analysis/v03/handlers/BofRecordHandler.java,src/main/java/com/alibaba/excel/analysis/v03/handlers/BofRecordHandler.java.BofRecordHandler.processRecord.Long Method,2.0.0-beta1,3.0.1,3.1.0,8
easyexcel,2.2.0-beta1,com.alibaba.excel.analysis.v03.handlers,DummyRecordHandler,processRecord,Long Method,"Decor,experts",src/main/java/com/alibaba/excel/analysis/v03/handlers/DummyRecordHandler.java,src/main/java/com/alibaba/excel/analysis/v03/handlers/DummyRecordHandler.java.DummyRecordHandler.processRecord.Long Method,2.2.0-beta1,3.0.1,3.1.0,4
easyexcel,2.2.1,com.alibaba.excel.analysis.v03.handlers,EofRecordHandler,processRecord,Feature Envy,"checkstyle,experts",src/main/java/com/alibaba/excel/analysis/v03/handlers/EofRecordHandler.java,src/main/java/com/alibaba/excel/analysis/v03/handlers/EofRecordHandler.java.EofRecordHandler.processRecord.Feature Envy,2.2.1,3.0.1,3.1.0,3
easyexcel,2.2.1,com.alibaba.excel.analysis.v03.handlers,EofRecordHandler,processRecord,Long Method,"Decor,experts",src/main/java/com/alibaba/excel/analysis/v03/handlers/EofRecordHandler.java,src/main/java/com/alibaba/excel/analysis/v03/handlers/EofRecordHandler.java.EofRecordHandler.processRecord.Long Method,2.2.1,2.2.1,3.0.0-beta1,1
easyexcel,2.0.0-beta1,com.alibaba.excel.analysis.v03.handlers,FormulaRecordHandler,processRecord,Complex Method,"designitejava,experts",src/main/java/com/alibaba/excel/analysis/v03/handlers/FormulaRecordHandler.java,src/main/java/com/alibaba/excel/analysis/v03/handlers/FormulaRecordHandler.java.FormulaRecordHandler.processRecord.Complex Method,2.0.0-beta1,2.1.1,2.2.0-beta1,4
easyexcel,2.0.0-beta1,com.alibaba.excel.analysis.v03.handlers,FormulaRecordHandler,processRecord,Feature Envy,"checkstyle,experts",src/main/java/com/alibaba/excel/analysis/v03/handlers/FormulaRecordHandler.java,src/main/java/com/alibaba/excel/analysis/v03/handlers/FormulaRecordHandler.java.FormulaRecordHandler.processRecord.Feature Envy,2.0.0-beta1,3.0.1,3.1.0,8
easyexcel,2.2.0-beta1,com.alibaba.excel.analysis.v03.handlers,LabelSstRecordHandler,processRecord,Long Method,"Decor,experts",src/main/java/com/alibaba/excel/analysis/v03/handlers/LabelSstRecordHandler.java,src/main/java/com/alibaba/excel/analysis/v03/handlers/LabelSstRecordHandler.java.LabelSstRecordHandler.processRecord.Long Method,2.2.0-beta1,3.0.1,3.1.0,4
easyexcel,2.2.0-beta1,com.alibaba.excel.analysis.v03.handlers,NumberRecordHandler,processRecord,Feature Envy,"checkstyle,experts",src/main/java/com/alibaba/excel/analysis/v03/handlers/NumberRecordHandler.java,src/main/java/com/alibaba/excel/analysis/v03/handlers/NumberRecordHandler.java.NumberRecordHandler.processRecord.Feature Envy,2.2.0-beta1,3.0.1,3.1.0,4
easyexcel,2.0.0-beta1,com.alibaba.excel.analysis.v03.handlers,SstRecordHandler,processRecord,Long Method,"Decor,experts",src/main/java/com/alibaba/excel/analysis/v03/handlers/SstRecordHandler.java,src/main/java/com/alibaba/excel/analysis/v03/handlers/SstRecordHandler.java.SstRecordHandler.processRecord.Long Method,2.0.0-beta1,2.1.1,2.2.0-beta1,4
easyexcel,2.2.0-beta1,com.alibaba.excel.analysis.v03.handlers,StringRecordHandler,processRecord,Long Method,"Decor,experts",src/main/java/com/alibaba/excel/analysis/v03/handlers/StringRecordHandler.java,src/main/java/com/alibaba/excel/analysis/v03/handlers/StringRecordHandler.java.StringRecordHandler.processRecord.Long Method,2.2.0-beta1,2.2.1,3.0.0-beta1,2
easyexcel,2.2.0-beta1,com.alibaba.excel.analysis.v03.handlers,TextObjectRecordHandler,processRecord,Feature Envy,"checkstyle,experts",src/main/java/com/alibaba/excel/analysis/v03/handlers/TextObjectRecordHandler.java,src/main/java/com/alibaba/excel/analysis/v03/handlers/TextObjectRecordHandler.java.TextObjectRecordHandler.processRecord.Feature Envy,2.2.0-beta1,3.0.1,3.1.0,4
easyexcel,2.0.0,com.alibaba.excel.analysis.v07,SharedStringsTableHandler,endElement,Long Method,"Decor,experts",src/main/java/com/alibaba/excel/analysis/v07/SharedStringsTableHandler.java,src/main/java/com/alibaba/excel/analysis/v07/SharedStringsTableHandler.java.SharedStringsTableHandler.endElement.Long Method,2.0.0,2.1.1,2.2.0-beta1,3
easyexcel,1.1,com.alibaba.excel.analysis.v07,XlsxSaxAnalyser,XlsxSaxAnalyser,Feature Envy,"checkstyle,experts",src/main/java/com/alibaba/excel/analysis/v07/XlsxSaxAnalyser.java,src/main/java/com/alibaba/excel/analysis/v07/XlsxSaxAnalyser.java.XlsxSaxAnalyser.XlsxSaxAnalyser.Feature Envy,1.1,1.1,2.0.0-beta1,1
easyexcel,2.0.0-beta1,com.alibaba.excel.analysis.v07,XlsxSaxAnalyser,defaultReadCache,Feature Envy,"checkstyle,experts",src/main/java/com/alibaba/excel/analysis/v07/XlsxSaxAnalyser.java,src/main/java/com/alibaba/excel/analysis/v07/XlsxSaxAnalyser.java.XlsxSaxAnalyser.defaultReadCache.Feature Envy,2.0.0-beta1,2.0.0,2.1.0-beta1,2
easyexcel,1.1,com.alibaba.excel.analysis.v07,XlsxSaxAnalyser,execute,Feature Envy,"checkstyle,experts",src/main/java/com/alibaba/excel/analysis/v07/XlsxSaxAnalyser.java,src/main/java/com/alibaba/excel/analysis/v07/XlsxSaxAnalyser.java.XlsxSaxAnalyser.execute.Feature Envy,1.1,1.1,2.0.0-beta1,1
easyexcel,1.1,com.alibaba.excel.analysis.v07,XlsxSaxAnalyser,parseXmlSource,Long Method,"Decor,experts",src/main/java/com/alibaba/excel/analysis/v07/XlsxSaxAnalyser.java,src/main/java/com/alibaba/excel/analysis/v07/XlsxSaxAnalyser.java.XlsxSaxAnalyser.parseXmlSource.Long Method,1.1,3.0.1,3.1.0,9
easyexcel,2.0.0-beta1,com.alibaba.excel.analysis.v07,XlsxSaxAnalyser,readOpcPackage,Feature Envy,"checkstyle,experts",src/main/java/com/alibaba/excel/analysis/v07/XlsxSaxAnalyser.java,src/main/java/com/alibaba/excel/analysis/v07/XlsxSaxAnalyser.java.XlsxSaxAnalyser.readOpcPackage.Feature Envy,2.0.0-beta1,3.0.1,3.1.0,8
easyexcel,2.2.0-beta1,com.alibaba.excel.analysis.v07.handlers,AbstractCellValueTagHandler,endElement,Complex Method,"designitejava,experts",src/main/java/com/alibaba/excel/analysis/v07/handlers/AbstractCellValueTagHandler.java,src/main/java/com/alibaba/excel/analysis/v07/handlers/AbstractCellValueTagHandler.java.AbstractCellValueTagHandler.endElement.Complex Method,2.2.0-beta1,2.2.1,3.0.0-beta1,2
easyexcel,2.2.0-beta1,com.alibaba.excel.analysis.v07.handlers,AbstractCellValueTagHandler,endElement,Feature Envy,"checkstyle,experts",src/main/java/com/alibaba/excel/analysis/v07/handlers/AbstractCellValueTagHandler.java,src/main/java/com/alibaba/excel/analysis/v07/handlers/AbstractCellValueTagHandler.java.AbstractCellValueTagHandler.endElement.Feature Envy,2.2.0-beta1,2.2.1,3.0.0-beta1,2
easyexcel,2.2.0-beta1,com.alibaba.excel.analysis.v07.handlers,AbstractCellValueTagHandler,endElement,Long Method,"Decor,experts",src/main/java/com/alibaba/excel/analysis/v07/handlers/AbstractCellValueTagHandler.java,src/main/java/com/alibaba/excel/analysis/v07/handlers/AbstractCellValueTagHandler.java.AbstractCellValueTagHandler.endElement.Long Method,2.2.0-beta1,2.2.1,3.0.0-beta1,2
easyexcel,3.0.0-beta1,com.alibaba.excel.analysis.v07.handlers,CellTagHandler,endElement,Complex Method,"designitejava,experts",src/main/java/com/alibaba/excel/analysis/v07/handlers/CellTagHandler.java,src/main/java/com/alibaba/excel/analysis/v07/handlers/CellTagHandler.java.CellTagHandler.endElement.Complex Method,3.0.0-beta1,3.0.1,3.1.0,2
easyexcel,3.0.1,com.alibaba.excel.analysis.v07.handlers,CellTagHandler,endElement,Feature Envy,"checkstyle,experts",src/main/java/com/alibaba/excel/analysis/v07/handlers/CellTagHandler.java,src/main/java/com/alibaba/excel/analysis/v07/handlers/CellTagHandler.java.CellTagHandler.endElement.Feature Envy,3.0.1,3.0.1,3.1.0,1
easyexcel,2.2.0-beta1,com.alibaba.excel.analysis.v07.handlers,CellTagHandler,startElement,Feature Envy,"checkstyle,experts",src/main/java/com/alibaba/excel/analysis/v07/handlers/CellTagHandler.java,src/main/java/com/alibaba/excel/analysis/v07/handlers/CellTagHandler.java.CellTagHandler.startElement.Feature Envy,2.2.0-beta1,3.0.1,3.1.0,4
easyexcel,2.2.0-beta1,com.alibaba.excel.analysis.v07.handlers,CellTagHandler,startElement,Long Method,"Decor,experts",src/main/java/com/alibaba/excel/analysis/v07/handlers/CellTagHandler.java,src/main/java/com/alibaba/excel/analysis/v07/handlers/CellTagHandler.java.CellTagHandler.startElement.Long Method,2.2.0-beta1,2.2.1,3.0.0-beta1,2
easyexcel,2.2.0-beta1,com.alibaba.excel.analysis.v07.handlers,CellValueTagHandler,setStringValue,Feature Envy,"checkstyle,experts",src/main/java/com/alibaba/excel/analysis/v07/handlers/CellValueTagHandler.java,src/main/java/com/alibaba/excel/analysis/v07/handlers/CellValueTagHandler.java.CellValueTagHandler.setStringValue.Feature Envy,2.2.0-beta1,2.2.1,3.0.0-beta1,2
easyexcel,2.2.0-beta1,com.alibaba.excel.analysis.v07.handlers,CellValueTagHandler,setStringValue,Long Method,"Decor,experts",src/main/java/com/alibaba/excel/analysis/v07/handlers/CellValueTagHandler.java,src/main/java/com/alibaba/excel/analysis/v07/handlers/CellValueTagHandler.java.CellValueTagHandler.setStringValue.Long Method,2.2.0-beta1,2.2.1,3.0.0-beta1,2
easyexcel,2.0.0-beta1,com.alibaba.excel.analysis.v07.handlers,DefaultCellHandler,appendCurrentCellValue,Complex Method,"designitejava,experts",src/main/java/com/alibaba/excel/analysis/v07/handlers/DefaultCellHandler.java,src/main/java/com/alibaba/excel/analysis/v07/handlers/DefaultCellHandler.java.DefaultCellHandler.appendCurrentCellValue.Complex Method,2.0.0-beta1,2.0.0,2.1.0-beta1,2
easyexcel,2.0.0-beta1,com.alibaba.excel.analysis.v07.handlers,DefaultCellHandler,appendCurrentCellValue,Feature Envy,"checkstyle,experts",src/main/java/com/alibaba/excel/analysis/v07/handlers/DefaultCellHandler.java,src/main/java/com/alibaba/excel/analysis/v07/handlers/DefaultCellHandler.java.DefaultCellHandler.appendCurrentCellValue.Feature Envy,2.0.0-beta1,2.0.0,2.1.0-beta1,2
easyexcel,2.1.0-beta1,com.alibaba.excel.analysis.v07.handlers,DefaultCellHandler,endHandle,Complex Method,"designitejava,pmd,checkstyle,experts",src/main/java/com/alibaba/excel/analysis/v07/handlers/DefaultCellHandler.java,src/main/java/com/alibaba/excel/analysis/v07/handlers/DefaultCellHandler.java.DefaultCellHandler.endHandle.Complex Method,2.1.0-beta1,2.1.1,2.2.0-beta1,2
easyexcel,2.0.0-beta1,com.alibaba.excel.analysis.v07.handlers,DefaultCellHandler,endHandle,Feature Envy,"checkstyle,experts",src/main/java/com/alibaba/excel/analysis/v07/handlers/DefaultCellHandler.java,src/main/java/com/alibaba/excel/analysis/v07/handlers/DefaultCellHandler.java.DefaultCellHandler.endHandle.Feature Envy,2.0.0-beta1,2.1.1,2.2.0-beta1,4
easyexcel,2.0.0-beta1,com.alibaba.excel.analysis.v07.handlers,DefaultCellHandler,startHandle,Feature Envy,"checkstyle,experts",src/main/java/com/alibaba/excel/analysis/v07/handlers/DefaultCellHandler.java,src/main/java/com/alibaba/excel/analysis/v07/handlers/DefaultCellHandler.java.DefaultCellHandler.startHandle.Feature Envy,2.0.0-beta1,2.1.1,2.2.0-beta1,4
easyexcel,2.2.0-beta1,com.alibaba.excel.analysis.v07.handlers,RowTagHandler,startElement,Long Method,"Decor,experts",src/main/java/com/alibaba/excel/analysis/v07/handlers/RowTagHandler.java,src/main/java/com/alibaba/excel/analysis/v07/handlers/RowTagHandler.java.RowTagHandler.startElement.Long Method,2.2.0-beta1,3.0.1,3.1.0,4
easyexcel,2.2.0-beta1,com.alibaba.excel.analysis.v07.handlers.sax,SharedStringsTableHandler,endElement,Long Method,"Decor,experts",src/main/java/com/alibaba/excel/analysis/v07/handlers/sax/SharedStringsTableHandler.java,src/main/java/com/alibaba/excel/analysis/v07/handlers/sax/SharedStringsTableHandler.java.SharedStringsTableHandler.endElement.Long Method,2.2.0-beta1,3.0.1,3.1.0,4
easyexcel,2.0.0-beta1,com.alibaba.excel.cache,Ehcache,checkClear,Complex Method,"designitejava,experts",src/main/java/com/alibaba/excel/cache/Ehcache.java,src/main/java/com/alibaba/excel/cache/Ehcache.java.Ehcache.checkClear.Complex Method,2.0.0-beta1,2.0.0,2.1.0-beta1,2
easyexcel,2.1.0-beta1,com.alibaba.excel.cache,Ehcache,get,Long Method,"Decor,experts",src/main/java/com/alibaba/excel/cache/Ehcache.java,src/main/java/com/alibaba/excel/cache/Ehcache.java.Ehcache.get.Long Method,2.1.0-beta1,3.0.1,3.1.0,6
easyexcel,2.1.0-beta1,com.alibaba.excel.cache.selector,SimpleReadCacheSelector,readCache,Long Method,"Decor,experts",src/main/java/com/alibaba/excel/cache/selector/SimpleReadCacheSelector.java,src/main/java/com/alibaba/excel/cache/selector/SimpleReadCacheSelector.java.SimpleReadCacheSelector.readCache.Long Method,2.1.0-beta1,3.0.1,3.1.0,6
easyexcel,2.0.0-beta1,com.alibaba.excel.context,AnalysisContextImpl,,God Class,"pmd,experts",src/main/java/com/alibaba/excel/context/AnalysisContextImpl.java,src/main/java/com/alibaba/excel/context/AnalysisContextImpl.java.AnalysisContextImpl..God Class,2.0.0-beta1,2.2.1,3.0.0-beta1,6
easyexcel,1.1,com.alibaba.excel.context,AnalysisContextImpl,AnalysisContextImpl,Long Parameter List,"designitejava,experts",src/main/java/com/alibaba/excel/context/AnalysisContextImpl.java,src/main/java/com/alibaba/excel/context/AnalysisContextImpl.java.AnalysisContextImpl.AnalysisContextImpl.Long Parameter List,1.1,1.1,2.0.0-beta1,1
easyexcel,2.2.0-beta1,com.alibaba.excel.context,AnalysisContextImpl,currentSheet,Feature Envy,"checkstyle,experts",src/main/java/com/alibaba/excel/context/AnalysisContextImpl.java,src/main/java/com/alibaba/excel/context/AnalysisContextImpl.java.AnalysisContextImpl.currentSheet.Feature Envy,2.2.0-beta1,3.0.1,3.1.0,4
easyexcel,2.2.0-beta1,com.alibaba.excel.context,AnalysisContextImpl,currentSheet,Long Method,"Decor,experts",src/main/java/com/alibaba/excel/context/AnalysisContextImpl.java,src/main/java/com/alibaba/excel/context/AnalysisContextImpl.java.AnalysisContextImpl.currentSheet.Long Method,2.2.0-beta1,3.0.1,3.1.0,4
easyexcel,2.0.0-beta1,com.alibaba.excel.context,AnalysisContextImpl,getCurrentSheet,Feature Envy,"checkstyle,experts",src/main/java/com/alibaba/excel/context/AnalysisContextImpl.java,src/main/java/com/alibaba/excel/context/AnalysisContextImpl.java.AnalysisContextImpl.getCurrentSheet.Feature Envy,2.0.0-beta1,2.2.1,3.0.0-beta1,6
easyexcel,2.0.0-beta1,com.alibaba.excel.context,AnalysisContextImpl,selectSheet03,Feature Envy,"designitejava,checkstyle,experts",src/main/java/com/alibaba/excel/context/AnalysisContextImpl.java,src/main/java/com/alibaba/excel/context/AnalysisContextImpl.java.AnalysisContextImpl.selectSheet03.Feature Envy,2.0.0-beta1,2.0.0,2.1.0-beta1,2
easyexcel,2.0.0-beta1,com.alibaba.excel.context,AnalysisContextImpl,selectSheet07,Complex Method,"designitejava,pmd,experts",src/main/java/com/alibaba/excel/context/AnalysisContextImpl.java,src/main/java/com/alibaba/excel/context/AnalysisContextImpl.java.AnalysisContextImpl.selectSheet07.Complex Method,2.0.0-beta1,2.0.0,2.1.0-beta1,2
easyexcel,2.0.0-beta1,com.alibaba.excel.context,AnalysisContextImpl,selectSheet07,Feature Envy,"designitejava,checkstyle,experts",src/main/java/com/alibaba/excel/context/AnalysisContextImpl.java,src/main/java/com/alibaba/excel/context/AnalysisContextImpl.java.AnalysisContextImpl.selectSheet07.Feature Envy,2.0.0-beta1,2.0.0,2.1.0-beta1,2
easyexcel,2.0.0-beta1,com.alibaba.excel.context,AnalysisContextImpl,selectSheet07,Long Method,"Decor,experts",src/main/java/com/alibaba/excel/context/AnalysisContextImpl.java,src/main/java/com/alibaba/excel/context/AnalysisContextImpl.java.AnalysisContextImpl.selectSheet07.Long Method,2.0.0-beta1,2.0.0,2.1.0-beta1,2
easyexcel,1.1,com.alibaba.excel.context,WriteContext,,God Class,"pmd,experts",src/main/java/com/alibaba/excel/context/WriteContext.java,src/main/java/com/alibaba/excel/context/WriteContext.java.WriteContext..God Class,1.1,1.1,2.0.0-beta1,1
easyexcel,1.1,com.alibaba.excel.context,WriteContext,WriteContext,Long Parameter List,"designitejava,experts",src/main/java/com/alibaba/excel/context/WriteContext.java,src/main/java/com/alibaba/excel/context/WriteContext.java.WriteContext.WriteContext.Long Parameter List,1.1,1.1,2.0.0-beta1,1
easyexcel,1.1,com.alibaba.excel.context,WriteContext,addMergedRegionToCurrentSheet,Feature Envy,"checkstyle,experts",src/main/java/com/alibaba/excel/context/WriteContext.java,src/main/java/com/alibaba/excel/context/WriteContext.java.WriteContext.addMergedRegionToCurrentSheet.Feature Envy,1.1,1.1,2.0.0-beta1,1
easyexcel,1.1,com.alibaba.excel.context,WriteContext,currentSheet,Feature Envy,"checkstyle,experts",src/main/java/com/alibaba/excel/context/WriteContext.java,src/main/java/com/alibaba/excel/context/WriteContext.java.WriteContext.currentSheet.Feature Envy,1.1,1.1,2.0.0-beta1,1
easyexcel,1.1,com.alibaba.excel.context,WriteContext,currentTable,Feature Envy,"checkstyle,experts",src/main/java/com/alibaba/excel/context/WriteContext.java,src/main/java/com/alibaba/excel/context/WriteContext.java.WriteContext.currentTable.Feature Envy,1.1,1.1,2.0.0-beta1,1
easyexcel,1.1,com.alibaba.excel.context,WriteContext,initCurrentSheet,Feature Envy,"checkstyle,experts",src/main/java/com/alibaba/excel/context/WriteContext.java,src/main/java/com/alibaba/excel/context/WriteContext.java.WriteContext.initCurrentSheet.Feature Envy,1.1,1.1,2.0.0-beta1,1
easyexcel,1.1,com.alibaba.excel.context,WriteContext,initTableHead,Feature Envy,"checkstyle,experts",src/main/java/com/alibaba/excel/context/WriteContext.java,src/main/java/com/alibaba/excel/context/WriteContext.java.WriteContext.initTableHead.Feature Envy,1.1,1.1,2.0.0-beta1,1
easyexcel,1.1,com.alibaba.excel.context,WriteContext,initTableStyle,Feature Envy,"checkstyle,experts",src/main/java/com/alibaba/excel/context/WriteContext.java,src/main/java/com/alibaba/excel/context/WriteContext.java.WriteContext.initTableStyle.Feature Envy,1.1,1.1,2.0.0-beta1,1
easyexcel,2.0.0-beta1,com.alibaba.excel.context,WriteContextImpl,,God Class,"pmd,checkstyle,experts",src/main/java/com/alibaba/excel/context/WriteContextImpl.java,src/main/java/com/alibaba/excel/context/WriteContextImpl.java.WriteContextImpl..God Class,2.0.0-beta1,3.0.1,3.1.0,8
easyexcel,2.0.0-beta1,com.alibaba.excel.context,WriteContextImpl,addMergedRegionToCurrentSheet,Feature Envy,"checkstyle,experts",src/main/java/com/alibaba/excel/context/WriteContextImpl.java,src/main/java/com/alibaba/excel/context/WriteContextImpl.java.WriteContextImpl.addMergedRegionToCurrentSheet.Feature Envy,2.0.0-beta1,3.0.1,3.1.0,8
easyexcel,2.1.0-beta1,com.alibaba.excel.context,WriteContextImpl,clearEncrypt03,Feature Envy,"designitejava,experts",src/main/java/com/alibaba/excel/context/WriteContextImpl.java,src/main/java/com/alibaba/excel/context/WriteContextImpl.java.WriteContextImpl.clearEncrypt03.Feature Envy,2.1.0-beta1,2.2.1,3.0.0-beta1,4
easyexcel,2.2.0-beta1,com.alibaba.excel.context,WriteContextImpl,createSheet,Feature Envy,"designitejava,checkstyle,experts",src/main/java/com/alibaba/excel/context/WriteContextImpl.java,src/main/java/com/alibaba/excel/context/WriteContextImpl.java.WriteContextImpl.createSheet.Feature Envy,2.2.0-beta1,3.0.1,3.1.0,4
easyexcel,2.0.0-beta1,com.alibaba.excel.context,WriteContextImpl,currentSheet,Feature Envy,"checkstyle,experts",src/main/java/com/alibaba/excel/context/WriteContextImpl.java,src/main/java/com/alibaba/excel/context/WriteContextImpl.java.WriteContextImpl.currentSheet.Feature Envy,2.0.0-beta1,2.1.1,2.2.0-beta1,4
easyexcel,2.0.0-beta1,com.alibaba.excel.context,WriteContextImpl,currentTable,Feature Envy,"checkstyle,experts",src/main/java/com/alibaba/excel/context/WriteContextImpl.java,src/main/java/com/alibaba/excel/context/WriteContextImpl.java.WriteContextImpl.currentTable.Feature Envy,2.0.0-beta1,3.0.1,3.1.0,8
easyexcel,2.1.0-beta1,com.alibaba.excel.context,WriteContextImpl,doFileEncrypt07,Feature Envy,"designitejava,checkstyle,experts",src/main/java/com/alibaba/excel/context/WriteContextImpl.java,src/main/java/com/alibaba/excel/context/WriteContextImpl.java.WriteContextImpl.doFileEncrypt07.Feature Envy,2.1.0-beta1,3.0.1,3.1.0,6
easyexcel,2.1.0-beta1,com.alibaba.excel.context,WriteContextImpl,doOutputStreamEncrypt07,Feature Envy,"designitejava,checkstyle,experts",src/main/java/com/alibaba/excel/context/WriteContextImpl.java,src/main/java/com/alibaba/excel/context/WriteContextImpl.java.WriteContextImpl.doOutputStreamEncrypt07.Feature Envy,2.1.0-beta1,3.0.1,3.1.0,6
easyexcel,2.0.0-beta1,com.alibaba.excel.context,WriteContextImpl,finish,Complex Method,"checkstyle,experts",src/main/java/com/alibaba/excel/context/WriteContextImpl.java,src/main/java/com/alibaba/excel/context/WriteContextImpl.java.WriteContextImpl.finish.Complex Method,2.0.0-beta1,3.0.1,3.1.0,8
easyexcel,2.0.0-beta1,com.alibaba.excel.context,WriteContextImpl,finish,Feature Envy,"checkstyle,experts",src/main/java/com/alibaba/excel/context/WriteContextImpl.java,src/main/java/com/alibaba/excel/context/WriteContextImpl.java.WriteContextImpl.finish.Feature Envy,2.0.0-beta1,3.0.1,3.1.0,8
easyexcel,2.0.0-beta1,com.alibaba.excel.context,WriteContextImpl,initHead,Feature Envy,"checkstyle,experts",src/main/java/com/alibaba/excel/context/WriteContextImpl.java,src/main/java/com/alibaba/excel/context/WriteContextImpl.java.WriteContextImpl.initHead.Feature Envy,2.0.0-beta1,3.0.1,3.1.0,8
easyexcel,2.0.0-beta1,com.alibaba.excel.context,WriteContextImpl,initSheet,Feature Envy,"checkstyle,experts",src/main/java/com/alibaba/excel/context/WriteContextImpl.java,src/main/java/com/alibaba/excel/context/WriteContextImpl.java.WriteContextImpl.initSheet.Feature Envy,2.0.0-beta1,3.0.1,3.1.0,8
easyexcel,2.2.0-beta1,com.alibaba.excel.context,WriteContextImpl,selectSheetFromCache,Feature Envy,"checkstyle,experts",src/main/java/com/alibaba/excel/context/WriteContextImpl.java,src/main/java/com/alibaba/excel/context/WriteContextImpl.java.WriteContextImpl.selectSheetFromCache.Feature Envy,2.2.0-beta1,3.0.1,3.1.0,4
easyexcel,2.0.0-beta1,com.alibaba.excel.converters.string,StringNumberConverter,convertToJavaData,Feature Envy,"checkstyle,experts",src/main/java/com/alibaba/excel/converters/string/StringNumberConverter.java,src/main/java/com/alibaba/excel/converters/string/StringNumberConverter.java.StringNumberConverter.convertToJavaData.Feature Envy,2.0.0-beta1,3.0.1,3.1.0,8
easyexcel,2.0.0-beta1,com.alibaba.excel.converters.string,StringNumberConverter,convertToJavaData,Long Method,"Decor,experts",src/main/java/com/alibaba/excel/converters/string/StringNumberConverter.java,src/main/java/com/alibaba/excel/converters/string/StringNumberConverter.java.StringNumberConverter.convertToJavaData.Long Method,2.0.0-beta1,2.1.1,2.2.0-beta1,4
easyexcel,3.0.0-beta1,com.alibaba.excel.converters.url,UrlImageConverter,convertToExcelData,Long Method,"Decor,experts",src/main/java/com/alibaba/excel/converters/url/UrlImageConverter.java,src/main/java/com/alibaba/excel/converters/url/UrlImageConverter.java.UrlImageConverter.convertToExcelData.Long Method,3.0.0-beta1,3.0.1,3.1.0,2
easyexcel,2.1.0-beta1,com.alibaba.excel.exception,ExcelDataConvertException,ExcelDataConvertException,Long Parameter List,"designitejava,experts",src/main/java/com/alibaba/excel/exception/ExcelDataConvertException.java,src/main/java/com/alibaba/excel/exception/ExcelDataConvertException.java.ExcelDataConvertException.ExcelDataConvertException.Long Parameter List,2.1.0-beta1,3.0.1,3.1.0,6
easyexcel,2.2.0-beta1,com.alibaba.excel.metadata,AbstractHolder,AbstractHolder,Complex Method,"checkstyle,experts",src/main/java/com/alibaba/excel/metadata/AbstractHolder.java,src/main/java/com/alibaba/excel/metadata/AbstractHolder.java.AbstractHolder.AbstractHolder.Complex Method,2.2.0-beta1,3.0.1,3.1.0,4
easyexcel,2.2.0-beta1,com.alibaba.excel.metadata,AbstractHolder,method,Complex Method,"pmd,experts",src/main/java/com/alibaba/excel/metadata/AbstractHolder.java,src/main/java/com/alibaba/excel/metadata/AbstractHolder.java.AbstractHolder.method.Complex Method,2.2.0-beta1,3.0.1,3.1.0,4
easyexcel,2.0.0,com.alibaba.excel.metadata,CellData,checkEmpty,Complex Method,"designitejava,experts",src/main/java/com/alibaba/excel/metadata/CellData.java,src/main/java/com/alibaba/excel/metadata/CellData.java.CellData.checkEmpty.Complex Method,2.0.0,2.2.1,3.0.0-beta1,5
easyexcel,2.0.0,com.alibaba.excel.metadata,CellData,checkEmpty,Long Method,"Decor,experts",src/main/java/com/alibaba/excel/metadata/CellData.java,src/main/java/com/alibaba/excel/metadata/CellData.java.CellData.checkEmpty.Long Method,2.0.0,2.2.1,3.0.0-beta1,5
easyexcel,2.1.1,com.alibaba.excel.metadata,CellData,toString,Complex Method,"designitejava,experts",src/main/java/com/alibaba/excel/metadata/CellData.java,src/main/java/com/alibaba/excel/metadata/CellData.java.CellData.toString.Complex Method,2.1.1,2.2.1,3.0.0-beta1,3
easyexcel,2.2.0-beta1,com.alibaba.excel.metadata,CellExtra,CellExtra,Long Parameter List,"designitejava,experts",src/main/java/com/alibaba/excel/metadata/CellExtra.java,src/main/java/com/alibaba/excel/metadata/CellExtra.java.CellExtra.CellExtra.Long Parameter List,2.2.0-beta1,3.0.1,3.1.0,4
easyexcel,2.2.0-beta1,com.alibaba.excel.metadata,DataFormatter,,God Class,"pmd,checkstyle,experts",src/main/java/com/alibaba/excel/metadata/DataFormatter.java,src/main/java/com/alibaba/excel/metadata/DataFormatter.java.DataFormatter..God Class,2.2.0-beta1,2.2.1,3.0.0-beta1,2
easyexcel,2.2.0-beta1,com.alibaba.excel.metadata,DataFormatter,cleanFormatForNumber,Complex Method,"designitejava,pmd,checkstyle,experts",src/main/java/com/alibaba/excel/metadata/DataFormatter.java,src/main/java/com/alibaba/excel/metadata/DataFormatter.java.DataFormatter.cleanFormatForNumber.Complex Method,2.2.0-beta1,2.2.1,3.0.0-beta1,2
easyexcel,2.2.0-beta1,com.alibaba.excel.metadata,DataFormatter,createDateFormat,Complex Method,"designitejava,pmd,checkstyle,experts",src/main/java/com/alibaba/excel/metadata/DataFormatter.java,src/main/java/com/alibaba/excel/metadata/DataFormatter.java.DataFormatter.createDateFormat.Complex Method,2.2.0-beta1,2.2.1,3.0.0-beta1,2
easyexcel,2.2.0-beta1,com.alibaba.excel.metadata,DataFormatter,createDateFormat,Long Method,"designitejava,experts",src/main/java/com/alibaba/excel/metadata/DataFormatter.java,src/main/java/com/alibaba/excel/metadata/DataFormatter.java.DataFormatter.createDateFormat.Long Method,2.2.0-beta1,2.2.1,3.0.0-beta1,2
easyexcel,2.2.0-beta1,com.alibaba.excel.metadata,DataFormatter,createFormat,Complex Method,"designitejava,pmd,checkstyle,experts",src/main/java/com/alibaba/excel/metadata/DataFormatter.java,src/main/java/com/alibaba/excel/metadata/DataFormatter.java.DataFormatter.createFormat.Complex Method,2.2.0-beta1,2.2.1,3.0.0-beta1,2
easyexcel,1.1,com.alibaba.excel.metadata,ExcelHeadProperty,initOneColumnProperty,Feature Envy,"checkstyle,experts",src/main/java/com/alibaba/excel/metadata/ExcelHeadProperty.java,src/main/java/com/alibaba/excel/metadata/ExcelHeadProperty.java.ExcelHeadProperty.initOneColumnProperty.Feature Envy,1.1,1.1,2.0.0-beta1,1
easyexcel,1.1,com.alibaba.excel.metadata,ExcelHeadProperty,initOneColumnProperty,Long Method,"Decor,experts",src/main/java/com/alibaba/excel/metadata/ExcelHeadProperty.java,src/main/java/com/alibaba/excel/metadata/ExcelHeadProperty.java.ExcelHeadProperty.initOneColumnProperty.Long Method,1.1,1.1,2.0.0-beta1,1
easyexcel,2.0.0-beta1,com.alibaba.excel.metadata,Head,Head,Long Parameter List,"designitejava,experts",src/main/java/com/alibaba/excel/metadata/Head.java,src/main/java/com/alibaba/excel/metadata/Head.java.Head.Head.Long Parameter List,2.0.0-beta1,3.0.1,3.1.0,8
easyexcel,1.1,com.alibaba.excel.metadata,Sheet,Sheet,Long Parameter List,"designitejava,experts",src/main/java/com/alibaba/excel/metadata/Sheet.java,src/main/java/com/alibaba/excel/metadata/Sheet.java.Sheet.Sheet.Long Parameter List,1.1,2.2.1,3.0.0-beta1,7
easyexcel,3.0.0-beta1,com.alibaba.excel.metadata.csv,CsvCell,,God Class,"pmd,experts",src/main/java/com/alibaba/excel/metadata/csv/CsvCell.java,src/main/java/com/alibaba/excel/metadata/csv/CsvCell.java.CsvCell..God Class,3.0.0-beta1,3.0.1,3.1.0,2
easyexcel,3.0.0-beta1,com.alibaba.excel.metadata.csv,CsvCell,CsvCell,Long Parameter List,"designitejava,experts",src/main/java/com/alibaba/excel/metadata/csv/CsvCell.java,src/main/java/com/alibaba/excel/metadata/csv/CsvCell.java.CsvCell.CsvCell.Long Parameter List,3.0.0-beta1,3.0.1,3.1.0,2
easyexcel,3.0.0-beta1,com.alibaba.excel.metadata.csv,CsvDataFormat,getFormat,Long Method,"Decor,experts",src/main/java/com/alibaba/excel/metadata/csv/CsvDataFormat.java,src/main/java/com/alibaba/excel/metadata/csv/CsvDataFormat.java.CsvDataFormat.getFormat.Long Method,3.0.0-beta1,3.0.1,3.1.0,2
easyexcel,3.0.0-beta1,com.alibaba.excel.metadata.csv,CsvSheet,,God Class,"pmd,experts",src/main/java/com/alibaba/excel/metadata/csv/CsvSheet.java,src/main/java/com/alibaba/excel/metadata/csv/CsvSheet.java.CsvSheet..God Class,3.0.0-beta1,3.0.1,3.1.0,2
easyexcel,3.0.0-beta1,com.alibaba.excel.metadata.csv,CsvSheet,buildCellValue,Complex Method,"designitejava,pmd,experts",src/main/java/com/alibaba/excel/metadata/csv/CsvSheet.java,src/main/java/com/alibaba/excel/metadata/csv/CsvSheet.java.CsvSheet.buildCellValue.Complex Method,3.0.0-beta1,3.0.1,3.1.0,2
easyexcel,3.0.0-beta1,com.alibaba.excel.metadata.csv,CsvSheet,createSplitPane,Long Parameter List,"designitejava,experts",src/main/java/com/alibaba/excel/metadata/csv/CsvSheet.java,src/main/java/com/alibaba/excel/metadata/csv/CsvSheet.java.CsvSheet.createSplitPane.Long Parameter List,3.0.0-beta1,3.0.1,3.1.0,2
easyexcel,3.0.0-beta1,com.alibaba.excel.metadata.csv,CsvSheet,shiftRows,Long Parameter List,"designitejava,experts",src/main/java/com/alibaba/excel/metadata/csv/CsvSheet.java,src/main/java/com/alibaba/excel/metadata/csv/CsvSheet.java.CsvSheet.shiftRows.Long Parameter List,3.0.0-beta1,3.0.1,3.1.0,2
easyexcel,3.0.0-beta1,com.alibaba.excel.metadata.csv,CsvWorkbook,,God Class,"pmd,experts",src/main/java/com/alibaba/excel/metadata/csv/CsvWorkbook.java,src/main/java/com/alibaba/excel/metadata/csv/CsvWorkbook.java.CsvWorkbook..God Class,3.0.0-beta1,3.0.1,3.1.0,2
easyexcel,3.0.0-beta1,com.alibaba.excel.metadata.csv,CsvWorkbook,findFont,Long Parameter List,"designitejava,experts",src/main/java/com/alibaba/excel/metadata/csv/CsvWorkbook.java,src/main/java/com/alibaba/excel/metadata/csv/CsvWorkbook.java.CsvWorkbook.findFont.Long Parameter List,3.0.0-beta1,3.0.1,3.1.0,2
easyexcel,3.0.0-beta1,com.alibaba.excel.metadata.csv,CsvWorkbook,setPrintArea,Long Parameter List,"designitejava,experts",src/main/java/com/alibaba/excel/metadata/csv/CsvWorkbook.java,src/main/java/com/alibaba/excel/metadata/csv/CsvWorkbook.java.CsvWorkbook.setPrintArea.Long Parameter List,3.0.0-beta1,3.0.1,3.1.0,2
easyexcel,3.0.0-beta1,com.alibaba.excel.metadata.data,CellData,checkEmpty,Complex Method,"designitejava,experts",src/main/java/com/alibaba/excel/metadata/data/CellData.java,src/main/java/com/alibaba/excel/metadata/data/CellData.java.CellData.checkEmpty.Complex Method,3.0.0-beta1,3.0.1,3.1.0,2
easyexcel,3.0.0-beta1,com.alibaba.excel.metadata.data,CellData,checkEmpty,Long Method,"Decor,experts",src/main/java/com/alibaba/excel/metadata/data/CellData.java,src/main/java/com/alibaba/excel/metadata/data/CellData.java.CellData.checkEmpty.Long Method,3.0.0-beta1,3.0.1,3.1.0,2
easyexcel,3.0.0-beta1,com.alibaba.excel.metadata.data,ReadCellData,clone,Long Method,"Decor,experts",src/main/java/com/alibaba/excel/metadata/data/ReadCellData.java,src/main/java/com/alibaba/excel/metadata/data/ReadCellData.java.ReadCellData.clone.Long Method,3.0.0-beta1,3.0.1,3.1.0,2
easyexcel,3.0.0-beta1,com.alibaba.excel.metadata.format,DataFormatter,,God Class,"pmd,experts",src/main/java/com/alibaba/excel/metadata/format/DataFormatter.java,src/main/java/com/alibaba/excel/metadata/format/DataFormatter.java.DataFormatter..God Class,3.0.0-beta1,3.0.1,3.1.0,2
easyexcel,3.0.0-beta1,com.alibaba.excel.metadata.format,DataFormatter,cleanFormatForNumber,Complex Method,"designitejava,pmd,experts",src/main/java/com/alibaba/excel/metadata/format/DataFormatter.java,src/main/java/com/alibaba/excel/metadata/format/DataFormatter.java.DataFormatter.cleanFormatForNumber.Complex Method,3.0.0-beta1,3.0.1,3.1.0,2
easyexcel,3.0.0-beta1,com.alibaba.excel.metadata.format,DataFormatter,createDateFormat,Complex Method,"designitejava,pmd,experts",src/main/java/com/alibaba/excel/metadata/format/DataFormatter.java,src/main/java/com/alibaba/excel/metadata/format/DataFormatter.java.DataFormatter.createDateFormat.Complex Method,3.0.0-beta1,3.0.1,3.1.0,2
easyexcel,3.0.0-beta1,com.alibaba.excel.metadata.format,DataFormatter,createDateFormat,Long Method,"designitejava,experts",src/main/java/com/alibaba/excel/metadata/format/DataFormatter.java,src/main/java/com/alibaba/excel/metadata/format/DataFormatter.java.DataFormatter.createDateFormat.Long Method,3.0.0-beta1,3.0.1,3.1.0,2
easyexcel,3.0.0-beta1,com.alibaba.excel.metadata.format,DataFormatter,createFormat,Complex Method,"designitejava,pmd,experts",src/main/java/com/alibaba/excel/metadata/format/DataFormatter.java,src/main/java/com/alibaba/excel/metadata/format/DataFormatter.java.DataFormatter.createFormat.Complex Method,3.0.0-beta1,3.0.1,3.1.0,2
easyexcel,3.0.0-beta1,com.alibaba.excel.metadata.format,ExcelGeneralNumberFormat,format,Long Method,"Decor,experts",src/main/java/com/alibaba/excel/metadata/format/ExcelGeneralNumberFormat.java,src/main/java/com/alibaba/excel/metadata/format/ExcelGeneralNumberFormat.java.ExcelGeneralNumberFormat.format.Long Method,3.0.0-beta1,3.0.1,3.1.0,2
easyexcel,2.0.0-beta1,com.alibaba.excel.metadata.property,ExcelHeadProperty,initColumnProperties,Complex Method,"designitejava,pmd,checkstyle,experts",src/main/java/com/alibaba/excel/metadata/property/ExcelHeadProperty.java,src/main/java/com/alibaba/excel/metadata/property/ExcelHeadProperty.java.ExcelHeadProperty.initColumnProperties.Complex Method,2.0.0-beta1,2.1.0-beta1,2.1.1,3
easyexcel,2.0.0-beta1,com.alibaba.excel.metadata.property,ExcelHeadProperty,initColumnProperties,Feature Envy,"checkstyle,experts",src/main/java/com/alibaba/excel/metadata/property/ExcelHeadProperty.java,src/main/java/com/alibaba/excel/metadata/property/ExcelHeadProperty.java.ExcelHeadProperty.initColumnProperties.Feature Envy,2.0.0-beta1,2.1.0-beta1,2.1.1,3
easyexcel,3.0.1,com.alibaba.excel.metadata.property,ExcelHeadProperty,initHeadRowNumber,Long Method,"Decor,experts",src/main/java/com/alibaba/excel/metadata/property/ExcelHeadProperty.java,src/main/java/com/alibaba/excel/metadata/property/ExcelHeadProperty.java.ExcelHeadProperty.initHeadRowNumber.Long Method,3.0.1,3.0.1,3.1.0,1
easyexcel,2.2.0-beta1,com.alibaba.excel.metadata.property,ExcelHeadProperty,initOneColumnProperty,Complex Method,"pmd,checkstyle,experts",src/main/java/com/alibaba/excel/metadata/property/ExcelHeadProperty.java,src/main/java/com/alibaba/excel/metadata/property/ExcelHeadProperty.java.ExcelHeadProperty.initOneColumnProperty.Complex Method,2.2.0-beta1,2.2.1,3.0.0-beta1,2
easyexcel,2.0.0-beta1,com.alibaba.excel.metadata.property,ExcelHeadProperty,initOneColumnProperty,Feature Envy,"checkstyle,experts",src/main/java/com/alibaba/excel/metadata/property/ExcelHeadProperty.java,src/main/java/com/alibaba/excel/metadata/property/ExcelHeadProperty.java.ExcelHeadProperty.initOneColumnProperty.Feature Envy,2.0.0-beta1,3.0.1,3.1.0,8
easyexcel,2.2.0-beta1,com.alibaba.excel.metadata.property,ExcelHeadProperty,initOneColumnProperty,Long Method,"Decor,experts",src/main/java/com/alibaba/excel/metadata/property/ExcelHeadProperty.java,src/main/java/com/alibaba/excel/metadata/property/ExcelHeadProperty.java.ExcelHeadProperty.initOneColumnProperty.Long Method,2.2.0-beta1,3.0.0-beta1,3.0.1,3
easyexcel,3.0.1,com.alibaba.excel.metadata.property,FontProperty,build,Complex Method,"designitejava,experts",src/main/java/com/alibaba/excel/metadata/property/FontProperty.java,src/main/java/com/alibaba/excel/metadata/property/FontProperty.java.FontProperty.build.Complex Method,3.0.1,3.0.1,3.1.0,1
easyexcel,2.2.0-beta1,com.alibaba.excel.metadata.property,FontProperty,build,Feature Envy,"checkstyle,experts",src/main/java/com/alibaba/excel/metadata/property/FontProperty.java,src/main/java/com/alibaba/excel/metadata/property/FontProperty.java.FontProperty.build.Feature Envy,2.2.0-beta1,3.0.1,3.1.0,4
easyexcel,2.2.0-beta1,com.alibaba.excel.metadata.property,FontProperty,build,Long Method,"Decor,experts",src/main/java/com/alibaba/excel/metadata/property/FontProperty.java,src/main/java/com/alibaba/excel/metadata/property/FontProperty.java.FontProperty.build.Long Method,2.2.0-beta1,3.0.1,3.1.0,4
easyexcel,2.2.0-beta1,com.alibaba.excel.metadata.property,OnceAbsoluteMergeProperty,build,Feature Envy,"checkstyle,experts",src/main/java/com/alibaba/excel/metadata/property/OnceAbsoluteMergeProperty.java,src/main/java/com/alibaba/excel/metadata/property/OnceAbsoluteMergeProperty.java.OnceAbsoluteMergeProperty.build.Feature Envy,2.2.0-beta1,3.0.1,3.1.0,4
easyexcel,3.0.1,com.alibaba.excel.metadata.property,StyleProperty,build,Complex Method,"designitejava,checkstyle,experts",src/main/java/com/alibaba/excel/metadata/property/StyleProperty.java,src/main/java/com/alibaba/excel/metadata/property/StyleProperty.java.StyleProperty.build.Complex Method,3.0.1,3.0.1,3.1.0,1
easyexcel,2.2.0-beta1,com.alibaba.excel.metadata.property,StyleProperty,build,Feature Envy,"checkstyle,experts",src/main/java/com/alibaba/excel/metadata/property/StyleProperty.java,src/main/java/com/alibaba/excel/metadata/property/StyleProperty.java.StyleProperty.build.Feature Envy,2.2.0-beta1,3.0.1,3.1.0,4
easyexcel,2.2.0-beta1,com.alibaba.excel.metadata.property,StyleProperty,build,Long Method,"Decor,experts",src/main/java/com/alibaba/excel/metadata/property/StyleProperty.java,src/main/java/com/alibaba/excel/metadata/property/StyleProperty.java.StyleProperty.build.Long Method,2.2.0-beta1,2.2.1,3.0.0-beta1,2
easyexcel,1.1,com.alibaba.excel.modelbuild,ModelBuildEventListener,invoke,Feature Envy,"checkstyle,experts",src/main/java/com/alibaba/excel/modelbuild/ModelBuildEventListener.java,src/main/java/com/alibaba/excel/modelbuild/ModelBuildEventListener.java.ModelBuildEventListener.invoke.Feature Envy,1.1,1.1,2.0.0-beta1,1
easyexcel,2.2.0-beta1,com.alibaba.excel.read.builder,AbstractExcelReaderParameterBuilder,registerReadListener,Feature Envy,"checkstyle,experts",src/main/java/com/alibaba/excel/read/builder/AbstractExcelReaderParameterBuilder.java,src/main/java/com/alibaba/excel/read/builder/AbstractExcelReaderParameterBuilder.java.AbstractExcelReaderParameterBuilder.registerReadListener.Feature Envy,2.2.0-beta1,3.0.1,3.1.0,4
easyexcel,2.0.0-beta1,com.alibaba.excel.read.builder,ExcelReaderBuilder,,God Class,"pmd,experts",src/main/java/com/alibaba/excel/read/builder/ExcelReaderBuilder.java,src/main/java/com/alibaba/excel/read/builder/ExcelReaderBuilder.java.ExcelReaderBuilder..God Class,2.0.0-beta1,3.0.1,3.1.0,8
easyexcel,2.2.0-beta1,com.alibaba.excel.read.builder,ExcelReaderBuilder,extraRead,Feature Envy,"designitejava,experts",src/main/java/com/alibaba/excel/read/builder/ExcelReaderBuilder.java,src/main/java/com/alibaba/excel/read/builder/ExcelReaderBuilder.java.ExcelReaderBuilder.extraRead.Feature Envy,2.2.0-beta1,2.2.1,3.0.0-beta1,2
easyexcel,2.0.0-beta1,com.alibaba.excel.read.builder,ExcelReaderSheetBuilder,,God Class,"pmd,experts",src/main/java/com/alibaba/excel/read/builder/ExcelReaderSheetBuilder.java,src/main/java/com/alibaba/excel/read/builder/ExcelReaderSheetBuilder.java.ExcelReaderSheetBuilder..God Class,2.0.0-beta1,2.1.1,2.2.0-beta1,4
easyexcel,2.0.0-beta1,com.alibaba.excel.read.builder,ExcelReaderSheetBuilder,doReadSync,Long Method,"Decor,experts",src/main/java/com/alibaba/excel/read/builder/ExcelReaderSheetBuilder.java,src/main/java/com/alibaba/excel/read/builder/ExcelReaderSheetBuilder.java.ExcelReaderSheetBuilder.doReadSync.Long Method,2.0.0-beta1,2.0.0-beta1,2.0.0,1
easyexcel,2.1.0-beta1,com.alibaba.excel.read.listener,ModelBuildEventListener,buildStringList,Complex Method,"designitejava,pmd,experts",src/main/java/com/alibaba/excel/read/listener/ModelBuildEventListener.java,src/main/java/com/alibaba/excel/read/listener/ModelBuildEventListener.java.ModelBuildEventListener.buildStringList.Complex Method,2.1.0-beta1,2.2.1,3.0.0-beta1,4
easyexcel,2.0.0-beta1,com.alibaba.excel.read.listener,ModelBuildEventListener,buildStringList,Feature Envy,"checkstyle,experts",src/main/java/com/alibaba/excel/read/listener/ModelBuildEventListener.java,src/main/java/com/alibaba/excel/read/listener/ModelBuildEventListener.java.ModelBuildEventListener.buildStringList.Feature Envy,2.0.0-beta1,2.2.1,3.0.0-beta1,6
easyexcel,2.0.0-beta1,com.alibaba.excel.read.listener,ModelBuildEventListener,buildUserModel,Feature Envy,"checkstyle,experts",src/main/java/com/alibaba/excel/read/listener/ModelBuildEventListener.java,src/main/java/com/alibaba/excel/read/listener/ModelBuildEventListener.java.ModelBuildEventListener.buildUserModel.Feature Envy,2.0.0-beta1,3.0.1,3.1.0,8
easyexcel,2.0.0,com.alibaba.excel.read.listener,ModelBuildEventListener,buildUserModel,Long Method,"Decor,experts",src/main/java/com/alibaba/excel/read/listener/ModelBuildEventListener.java,src/main/java/com/alibaba/excel/read/listener/ModelBuildEventListener.java.ModelBuildEventListener.buildUserModel.Long Method,2.0.0,3.0.1,3.1.0,7
easyexcel,2.0.0-beta1,com.alibaba.excel.read.listener,ModelBuildEventListener,convertValue,Long Parameter List,"designitejava,experts",src/main/java/com/alibaba/excel/read/listener/ModelBuildEventListener.java,src/main/java/com/alibaba/excel/read/listener/ModelBuildEventListener.java.ModelBuildEventListener.convertValue.Long Parameter List,2.0.0-beta1,2.0.0-beta1,2.0.0,1
easyexcel,2.1.0-beta1,com.alibaba.excel.read.metadata,ReadSheet,copyBasicParameter,Long Method,"Decor,experts",src/main/java/com/alibaba/excel/read/metadata/ReadSheet.java,src/main/java/com/alibaba/excel/read/metadata/ReadSheet.java.ReadSheet.copyBasicParameter.Long Method,2.1.0-beta1,2.2.1,3.0.0-beta1,4
easyexcel,2.0.0-beta1,com.alibaba.excel.read.metadata.holder,AbstractReadHolder,AbstractReadHolder,Complex Method,"designitejava,checkstyle,experts",src/main/java/com/alibaba/excel/read/metadata/holder/AbstractReadHolder.java,src/main/java/com/alibaba/excel/read/metadata/holder/AbstractReadHolder.java.AbstractReadHolder.AbstractReadHolder.Complex Method,2.0.0-beta1,3.0.1,3.1.0,8
easyexcel,2.0.0-beta1,com.alibaba.excel.read.metadata.holder,AbstractReadHolder,AbstractReadHolder,Feature Envy,"checkstyle,experts",src/main/java/com/alibaba/excel/read/metadata/holder/AbstractReadHolder.java,src/main/java/com/alibaba/excel/read/metadata/holder/AbstractReadHolder.java.AbstractReadHolder.AbstractReadHolder.Feature Envy,2.0.0-beta1,3.0.1,3.1.0,8
easyexcel,2.0.0-beta1,com.alibaba.excel.read.metadata.holder,AbstractReadHolder,buildHead,Complex Method,"designitejava,pmd,experts",src/main/java/com/alibaba/excel/read/metadata/holder/AbstractReadHolder.java,src/main/java/com/alibaba/excel/read/metadata/holder/AbstractReadHolder.java.AbstractReadHolder.buildHead.Complex Method,2.0.0-beta1,2.1.1,2.2.0-beta1,4
easyexcel,2.0.0-beta1,com.alibaba.excel.read.metadata.holder,AbstractReadHolder,buildHead,Feature Envy,"checkstyle,experts",src/main/java/com/alibaba/excel/read/metadata/holder/AbstractReadHolder.java,src/main/java/com/alibaba/excel/read/metadata/holder/AbstractReadHolder.java.AbstractReadHolder.buildHead.Feature Envy,2.0.0-beta1,2.1.1,2.2.0-beta1,4
easyexcel,2.0.0-beta1,com.alibaba.excel.read.metadata.holder,AbstractReadHolder,buildStringMap,Feature Envy,"checkstyle,experts",src/main/java/com/alibaba/excel/read/metadata/holder/AbstractReadHolder.java,src/main/java/com/alibaba/excel/read/metadata/holder/AbstractReadHolder.java.AbstractReadHolder.buildStringMap.Feature Envy,2.0.0-beta1,2.0.0-beta1,2.0.0,1
easyexcel,2.0.0-beta1,com.alibaba.excel.read.metadata.holder,AbstractReadHolder,method,Complex Method,"pmd,experts",src/main/java/com/alibaba/excel/read/metadata/holder/AbstractReadHolder.java,src/main/java/com/alibaba/excel/read/metadata/holder/AbstractReadHolder.java.AbstractReadHolder.method.Complex Method,2.0.0-beta1,3.0.1,3.1.0,8
easyexcel,2.0.0-beta1,com.alibaba.excel.read.metadata.holder,AbstractReadHolder,notifyEndOneRow,Complex Method,"pmd,experts",src/main/java/com/alibaba/excel/read/metadata/holder/AbstractReadHolder.java,src/main/java/com/alibaba/excel/read/metadata/holder/AbstractReadHolder.java.AbstractReadHolder.notifyEndOneRow.Complex Method,2.0.0-beta1,2.1.1,2.2.0-beta1,4
easyexcel,2.0.0-beta1,com.alibaba.excel.read.metadata.holder,AbstractReadHolder,notifyEndOneRow,Feature Envy,"checkstyle,experts",src/main/java/com/alibaba/excel/read/metadata/holder/AbstractReadHolder.java,src/main/java/com/alibaba/excel/read/metadata/holder/AbstractReadHolder.java.AbstractReadHolder.notifyEndOneRow.Feature Envy,2.0.0-beta1,2.1.1,2.2.0-beta1,4
easyexcel,2.0.0-beta1,com.alibaba.excel.read.metadata.holder,ReadWorkbookHolder,ReadWorkbookHolder,Complex Method,"designitejava,checkstyle,experts",src/main/java/com/alibaba/excel/read/metadata/holder/ReadWorkbookHolder.java,src/main/java/com/alibaba/excel/read/metadata/holder/ReadWorkbookHolder.java.ReadWorkbookHolder.ReadWorkbookHolder.Complex Method,2.0.0-beta1,3.0.1,3.1.0,8
easyexcel,2.0.0-beta1,com.alibaba.excel.read.metadata.holder,ReadWorkbookHolder,ReadWorkbookHolder,Feature Envy,"checkstyle,experts",src/main/java/com/alibaba/excel/read/metadata/holder/ReadWorkbookHolder.java,src/main/java/com/alibaba/excel/read/metadata/holder/ReadWorkbookHolder.java.ReadWorkbookHolder.ReadWorkbookHolder.Feature Envy,2.0.0-beta1,3.0.1,3.1.0,8
easyexcel,2.0.0-beta1,com.alibaba.excel.read.metadata.holder,ReadWorkbookHolder,method,Complex Method,"pmd,experts",src/main/java/com/alibaba/excel/read/metadata/holder/ReadWorkbookHolder.java,src/main/java/com/alibaba/excel/read/metadata/holder/ReadWorkbookHolder.java.ReadWorkbookHolder.method.Complex Method,2.0.0-beta1,3.0.1,3.1.0,8
easyexcel,2.2.0-beta1,com.alibaba.excel.read.processor,DefaultAnalysisEventProcessor,buildHead,Complex Method,"designitejava,pmd,experts",src/main/java/com/alibaba/excel/read/processor/DefaultAnalysisEventProcessor.java,src/main/java/com/alibaba/excel/read/processor/DefaultAnalysisEventProcessor.java.DefaultAnalysisEventProcessor.buildHead.Complex Method,2.2.0-beta1,3.0.1,3.1.0,4
easyexcel,2.2.0-beta1,com.alibaba.excel.read.processor,DefaultAnalysisEventProcessor,buildHead,Feature Envy,"checkstyle,experts",src/main/java/com/alibaba/excel/read/processor/DefaultAnalysisEventProcessor.java,src/main/java/com/alibaba/excel/read/processor/DefaultAnalysisEventProcessor.java.DefaultAnalysisEventProcessor.buildHead.Feature Envy,2.2.0-beta1,3.0.1,3.1.0,4
easyexcel,2.2.0-beta1,com.alibaba.excel.read.processor,DefaultAnalysisEventProcessor,dealData,Feature Envy,"checkstyle,experts",src/main/java/com/alibaba/excel/read/processor/DefaultAnalysisEventProcessor.java,src/main/java/com/alibaba/excel/read/processor/DefaultAnalysisEventProcessor.java.DefaultAnalysisEventProcessor.dealData.Feature Envy,2.2.0-beta1,3.0.1,3.1.0,4
easyexcel,2.1.0-beta1,com.alibaba.excel.support,ExcelTypeEnum,valueOf,Complex Method,"pmd,checkstyle,experts",src/main/java/com/alibaba/excel/support/ExcelTypeEnum.java,src/main/java/com/alibaba/excel/support/ExcelTypeEnum.java.ExcelTypeEnum.valueOf.Complex Method,2.1.0-beta1,3.0.1,3.1.0,6
easyexcel,2.2.0-beta1,com.alibaba.excel.support,ExcelTypeEnum,valueOf,Feature Envy,"checkstyle,experts",src/main/java/com/alibaba/excel/support/ExcelTypeEnum.java,src/main/java/com/alibaba/excel/support/ExcelTypeEnum.java.ExcelTypeEnum.valueOf.Feature Envy,2.2.0-beta1,3.0.1,3.1.0,4
easyexcel,3.0.1,com.alibaba.excel.util,ClassUtils,combineExcelContentProperty,Complex Method,"designitejava,experts",src/main/java/com/alibaba/excel/util/ClassUtils.java,src/main/java/com/alibaba/excel/util/ClassUtils.java.ClassUtils.combineExcelContentProperty.Complex Method,3.0.1,3.0.1,3.1.0,1
easyexcel,3.0.1,com.alibaba.excel.util,ClassUtils,combineExcelContentProperty,Feature Envy,"checkstyle,experts",src/main/java/com/alibaba/excel/util/ClassUtils.java,src/main/java/com/alibaba/excel/util/ClassUtils.java.ClassUtils.combineExcelContentProperty.Feature Envy,3.0.1,3.0.1,3.1.0,1
easyexcel,3.0.1,com.alibaba.excel.util,ClassUtils,declaredFieldContentMap,Complex Method,"designitejava,pmd,experts",src/main/java/com/alibaba/excel/util/ClassUtils.java,src/main/java/com/alibaba/excel/util/ClassUtils.java.ClassUtils.declaredFieldContentMap.Complex Method,3.0.1,3.0.1,3.1.0,1
easyexcel,3.0.1,com.alibaba.excel.util,ClassUtils,declaredFieldContentMap,Feature Envy,"checkstyle,experts",src/main/java/com/alibaba/excel/util/ClassUtils.java,src/main/java/com/alibaba/excel/util/ClassUtils.java.ClassUtils.declaredFieldContentMap.Feature Envy,3.0.1,3.0.1,3.1.0,1
easyexcel,2.1.1,com.alibaba.excel.util,ClassUtils,declaredFields,Complex Method,"designitejava,pmd,checkstyle,experts",src/main/java/com/alibaba/excel/util/ClassUtils.java,src/main/java/com/alibaba/excel/util/ClassUtils.java.ClassUtils.declaredFields.Complex Method,2.1.1,3.0.1,3.1.0,5
easyexcel,2.1.1,com.alibaba.excel.util,ClassUtils,declaredFields,Feature Envy,"checkstyle,experts",src/main/java/com/alibaba/excel/util/ClassUtils.java,src/main/java/com/alibaba/excel/util/ClassUtils.java.ClassUtils.declaredFields.Feature Envy,2.1.1,2.2.1,3.0.0-beta1,3
easyexcel,2.1.1,com.alibaba.excel.util,ClassUtils,declaredFields,Long Parameter List,"designitejava,experts",src/main/java/com/alibaba/excel/util/ClassUtils.java,src/main/java/com/alibaba/excel/util/ClassUtils.java.ClassUtils.declaredFields.Long Parameter List,2.1.1,3.0.1,3.1.0,5
easyexcel,3.0.1,com.alibaba.excel.util,ClassUtils,declaredOneField,Complex Method,"checkstyle,experts",src/main/java/com/alibaba/excel/util/ClassUtils.java,src/main/java/com/alibaba/excel/util/ClassUtils.java.ClassUtils.declaredOneField.Complex Method,3.0.1,3.0.1,3.1.0,1
easyexcel,3.0.1,com.alibaba.excel.util,ClassUtils,declaredOneField,Feature Envy,"checkstyle,experts",src/main/java/com/alibaba/excel/util/ClassUtils.java,src/main/java/com/alibaba/excel/util/ClassUtils.java.ClassUtils.declaredOneField.Feature Envy,3.0.1,3.0.1,3.1.0,1
easyexcel,3.0.0-beta1,com.alibaba.excel.util,ClassUtils,declaredOneField,Long Parameter List,"designitejava,experts",src/main/java/com/alibaba/excel/util/ClassUtils.java,src/main/java/com/alibaba/excel/util/ClassUtils.java.ClassUtils.declaredOneField.Long Parameter List,3.0.0-beta1,3.0.1,3.1.0,2
easyexcel,1.1,com.alibaba.excel.util,CollectionUtils,,God Class,"pmd,experts",src/main/java/com/alibaba/excel/util/CollectionUtils.java,src/main/java/com/alibaba/excel/util/CollectionUtils.java.CollectionUtils..God Class,1.1,1.1,2.0.0-beta1,1
easyexcel,2.1.0-beta1,com.alibaba.excel.util,ConverterUtils,convertToJavaObject,Long Method,"Decor,experts",src/main/java/com/alibaba/excel/util/ConverterUtils.java,src/main/java/com/alibaba/excel/util/ConverterUtils.java.ConverterUtils.convertToJavaObject.Long Method,2.1.0-beta1,2.1.0-beta1,2.1.1,1
easyexcel,2.0.0,com.alibaba.excel.util,ConverterUtils,convertToJavaObject,Long Parameter List,"designitejava,experts",src/main/java/com/alibaba/excel/util/ConverterUtils.java,src/main/java/com/alibaba/excel/util/ConverterUtils.java.ConverterUtils.convertToJavaObject.Long Parameter List,2.0.0,3.0.1,3.1.0,7
easyexcel,2.0.0,com.alibaba.excel.util,ConverterUtils,convertToStringMap,Feature Envy,"checkstyle,experts",src/main/java/com/alibaba/excel/util/ConverterUtils.java,src/main/java/com/alibaba/excel/util/ConverterUtils.java.ConverterUtils.convertToStringMap.Feature Envy,2.0.0,2.2.1,3.0.0-beta1,5
easyexcel,2.0.0,com.alibaba.excel.util,ConverterUtils,convertToStringMap,Long Method,"Decor,experts",src/main/java/com/alibaba/excel/util/ConverterUtils.java,src/main/java/com/alibaba/excel/util/ConverterUtils.java.ConverterUtils.convertToStringMap.Long Method,2.0.0,3.0.1,3.1.0,7
easyexcel,2.1.0-beta1,com.alibaba.excel.util,ConverterUtils,doConvertToJavaObject,Long Parameter List,"designitejava,checkstyle,experts",src/main/java/com/alibaba/excel/util/ConverterUtils.java,src/main/java/com/alibaba/excel/util/ConverterUtils.java.ConverterUtils.doConvertToJavaObject.Long Parameter List,2.1.0-beta1,3.0.1,3.1.0,6
easyexcel,3.0.0-beta1,com.alibaba.excel.util,DateUtils,,God Class,"pmd,experts",src/main/java/com/alibaba/excel/util/DateUtils.java,src/main/java/com/alibaba/excel/util/DateUtils.java.DateUtils..God Class,3.0.0-beta1,3.0.1,3.1.0,2
easyexcel,2.2.0-beta1,com.alibaba.excel.util,DateUtils,isADateFormatUncached,Complex Method,"designitejava,pmd,checkstyle,experts",src/main/java/com/alibaba/excel/util/DateUtils.java,src/main/java/com/alibaba/excel/util/DateUtils.java.DateUtils.isADateFormatUncached.Complex Method,2.2.0-beta1,3.0.1,3.1.0,4
easyexcel,2.2.0-beta1,com.alibaba.excel.util,DateUtils,isInternalDateFormat,Complex Method,"designitejava,experts",src/main/java/com/alibaba/excel/util/DateUtils.java,src/main/java/com/alibaba/excel/util/DateUtils.java.DateUtils.isInternalDateFormat.Complex Method,2.2.0-beta1,3.0.1,3.1.0,4
easyexcel,3.0.0-beta1,com.alibaba.excel.util,DateUtils,switchDateFormat,Complex Method,"designitejava,experts",src/main/java/com/alibaba/excel/util/DateUtils.java,src/main/java/com/alibaba/excel/util/DateUtils.java.DateUtils.switchDateFormat.Complex Method,3.0.0-beta1,3.0.1,3.1.0,2
easyexcel,2.0.0-beta1,com.alibaba.excel.util,DateUtils,switchDateFormat,Long Method,"Decor,experts",src/main/java/com/alibaba/excel/util/DateUtils.java,src/main/java/com/alibaba/excel/util/DateUtils.java.DateUtils.switchDateFormat.Long Method,2.0.0-beta1,2.1.1,2.2.0-beta1,4
easyexcel,3.0.0-beta1,com.alibaba.excel.util,FieldUtils,getField,Long Method,"Decor,experts",src/main/java/com/alibaba/excel/util/FieldUtils.java,src/main/java/com/alibaba/excel/util/FieldUtils.java.FieldUtils.getField.Long Method,3.0.0-beta1,3.0.1,3.1.0,2
easyexcel,2.0.0-beta1,com.alibaba.excel.util,FileUtils,writeToFile,Long Method,"Decor,experts",src/main/java/com/alibaba/excel/util/FileUtils.java,src/main/java/com/alibaba/excel/util/FileUtils.java.FileUtils.writeToFile.Long Method,2.0.0-beta1,3.0.1,3.1.0,8
easyexcel,1.1,com.alibaba.excel.util,IndexValueConverter,converter,Feature Envy,"checkstyle,experts",src/main/java/com/alibaba/excel/util/IndexValueConverter.java,src/main/java/com/alibaba/excel/util/IndexValueConverter.java.IndexValueConverter.converter.Feature Envy,1.1,1.1,2.0.0-beta1,1
easyexcel,1.1,com.alibaba.excel.util,IndexValueConverter,subtraction26,Long Method,"Decor,experts",src/main/java/com/alibaba/excel/util/IndexValueConverter.java,src/main/java/com/alibaba/excel/util/IndexValueConverter.java.IndexValueConverter.subtraction26.Long Method,1.1,1.1,2.0.0-beta1,1
easyexcel,2.0.0-beta1,com.alibaba.excel.util,IoUtils,toByteArray,Long Method,"Decor,experts",src/main/java/com/alibaba/excel/util/IoUtils.java,src/main/java/com/alibaba/excel/util/IoUtils.java.IoUtils.toByteArray.Long Method,2.0.0-beta1,3.0.1,3.1.0,8
easyexcel,3.0.0-beta1,com.alibaba.excel.util,NumberDataFormatterUtils,format,Long Parameter List,"designitejava,experts",src/main/java/com/alibaba/excel/util/NumberDataFormatterUtils.java,src/main/java/com/alibaba/excel/util/NumberDataFormatterUtils.java.NumberDataFormatterUtils.format.Long Parameter List,3.0.0-beta1,3.0.1,3.1.0,2
easyexcel,2.0.0-beta1,com.alibaba.excel.util,NumberUtils,,God Class,"pmd,experts",src/main/java/com/alibaba/excel/util/NumberUtils.java,src/main/java/com/alibaba/excel/util/NumberUtils.java.NumberUtils..God Class,2.0.0-beta1,3.0.1,3.1.0,8
easyexcel,2.0.0-beta1,com.alibaba.excel.util,NumberUtils,format,Feature Envy,"checkstyle,experts",src/main/java/com/alibaba/excel/util/NumberUtils.java,src/main/java/com/alibaba/excel/util/NumberUtils.java.NumberUtils.format.Feature Envy,2.0.0-beta1,3.0.1,3.1.0,8
easyexcel,2.0.0-beta1,com.alibaba.excel.util,NumberUtils,format,Long Method,"Decor,experts",src/main/java/com/alibaba/excel/util/NumberUtils.java,src/main/java/com/alibaba/excel/util/NumberUtils.java.NumberUtils.format.Long Method,2.0.0-beta1,2.2.1,3.0.0-beta1,6
easyexcel,3.0.1,com.alibaba.excel.util,NumberUtils,formatToCellData,Feature Envy,"checkstyle,experts",src/main/java/com/alibaba/excel/util/NumberUtils.java,src/main/java/com/alibaba/excel/util/NumberUtils.java.NumberUtils.formatToCellData.Feature Envy,3.0.1,3.0.1,3.1.0,1
easyexcel,1.1,com.alibaba.excel.util,ObjectUtils,,God Class,"pmd,checkstyle,experts",src/main/java/com/alibaba/excel/util/ObjectUtils.java,src/main/java/com/alibaba/excel/util/ObjectUtils.java.ObjectUtils..God Class,1.1,1.1,2.0.0-beta1,1
easyexcel,1.1,com.alibaba.excel.util,ObjectUtils,arrayEquals,Complex Method,"designitejava,pmd,checkstyle,experts",src/main/java/com/alibaba/excel/util/ObjectUtils.java,src/main/java/com/alibaba/excel/util/ObjectUtils.java.ObjectUtils.arrayEquals.Complex Method,1.1,1.1,2.0.0-beta1,1
easyexcel,1.1,com.alibaba.excel.util,ObjectUtils,nullSafeHashCode,Complex Method,"designitejava,pmd,checkstyle,experts",src/main/java/com/alibaba/excel/util/ObjectUtils.java,src/main/java/com/alibaba/excel/util/ObjectUtils.java.ObjectUtils.nullSafeHashCode.Complex Method,1.1,1.1,2.0.0-beta1,1
easyexcel,1.1,com.alibaba.excel.util,ObjectUtils,nullSafeToString,Complex Method,"designitejava,checkstyle,experts",src/main/java/com/alibaba/excel/util/ObjectUtils.java,src/main/java/com/alibaba/excel/util/ObjectUtils.java.ObjectUtils.nullSafeToString.Complex Method,1.1,1.1,2.0.0-beta1,1
easyexcel,1.1,com.alibaba.excel.util,ObjectUtils,nullSafeToString,Long Method,"Decor,experts",src/main/java/com/alibaba/excel/util/ObjectUtils.java,src/main/java/com/alibaba/excel/util/ObjectUtils.java.ObjectUtils.nullSafeToString.Long Method,1.1,1.1,2.0.0-beta1,1
easyexcel,2.2.0-beta1,com.alibaba.excel.util,PositionUtils,getCol,Long Method,"Decor,experts",src/main/java/com/alibaba/excel/util/PositionUtils.java,src/main/java/com/alibaba/excel/util/PositionUtils.java.PositionUtils.getCol.Long Method,2.2.0-beta1,3.0.1,3.1.0,4
easyexcel,2.1.0-beta1,com.alibaba.excel.util,SheetUtils,match,Complex Method,"designitejava,pmd,checkstyle,experts",src/main/java/com/alibaba/excel/util/SheetUtils.java,src/main/java/com/alibaba/excel/util/SheetUtils.java.SheetUtils.match.Complex Method,2.1.0-beta1,3.0.1,3.1.0,6
easyexcel,2.1.0-beta1,com.alibaba.excel.util,SheetUtils,match,Feature Envy,"checkstyle,experts",src/main/java/com/alibaba/excel/util/SheetUtils.java,src/main/java/com/alibaba/excel/util/SheetUtils.java.SheetUtils.match.Feature Envy,2.1.0-beta1,3.0.1,3.1.0,6
easyexcel,2.1.0-beta1,com.alibaba.excel.util,SheetUtils,match,Long Method,"Decor,experts",src/main/java/com/alibaba/excel/util/SheetUtils.java,src/main/java/com/alibaba/excel/util/SheetUtils.java.SheetUtils.match.Long Method,2.1.0-beta1,3.0.1,3.1.0,6
easyexcel,1.1,com.alibaba.excel.util,StringUtils,,God Class,"pmd,checkstyle,experts",src/main/java/com/alibaba/excel/util/StringUtils.java,src/main/java/com/alibaba/excel/util/StringUtils.java.StringUtils..God Class,1.1,1.1,2.0.0-beta1,1
easyexcel,1.1,com.alibaba.excel.util,StringUtils,cleanPath,Complex Method,"designitejava,pmd,experts",src/main/java/com/alibaba/excel/util/StringUtils.java,src/main/java/com/alibaba/excel/util/StringUtils.java.StringUtils.cleanPath.Complex Method,1.1,1.1,2.0.0-beta1,1
easyexcel,1.1,com.alibaba.excel.util,StringUtils,cleanPath,Long Method,"Decor,experts",src/main/java/com/alibaba/excel/util/StringUtils.java,src/main/java/com/alibaba/excel/util/StringUtils.java.StringUtils.cleanPath.Long Method,1.1,1.1,2.0.0-beta1,1
easyexcel,3.0.0-beta1,com.alibaba.excel.util,StringUtils,regionMatches,Complex Method,"designitejava,experts",src/main/java/com/alibaba/excel/util/StringUtils.java,src/main/java/com/alibaba/excel/util/StringUtils.java.StringUtils.regionMatches.Complex Method,3.0.0-beta1,3.0.1,3.1.0,2
easyexcel,3.0.0-beta1,com.alibaba.excel.util,StringUtils,regionMatches,Long Method,"Decor,experts",src/main/java/com/alibaba/excel/util/StringUtils.java,src/main/java/com/alibaba/excel/util/StringUtils.java.StringUtils.regionMatches.Long Method,3.0.0-beta1,3.0.1,3.1.0,2
easyexcel,3.0.0-beta1,com.alibaba.excel.util,StringUtils,regionMatches,Long Parameter List,"designitejava,experts",src/main/java/com/alibaba/excel/util/StringUtils.java,src/main/java/com/alibaba/excel/util/StringUtils.java.StringUtils.regionMatches.Long Parameter List,3.0.0-beta1,3.0.1,3.1.0,2
easyexcel,2.0.0-beta1,com.alibaba.excel.util,StyleUtil,buildCellStyle,Complex Method,"designitejava,pmd,checkstyle,experts",src/main/java/com/alibaba/excel/util/StyleUtil.java,src/main/java/com/alibaba/excel/util/StyleUtil.java.StyleUtil.buildCellStyle.Complex Method,2.0.0-beta1,3.0.1,3.1.0,8
easyexcel,1.1,com.alibaba.excel.util,StyleUtil,buildCellStyle,Feature Envy,"checkstyle,experts",src/main/java/com/alibaba/excel/util/StyleUtil.java,src/main/java/com/alibaba/excel/util/StyleUtil.java.StyleUtil.buildCellStyle.Feature Envy,1.1,3.0.1,3.1.0,9
easyexcel,1.1,com.alibaba.excel.util,StyleUtil,buildDefaultCellStyle,Long Method,"Decor,experts",src/main/java/com/alibaba/excel/util/StyleUtil.java,src/main/java/com/alibaba/excel/util/StyleUtil.java.StyleUtil.buildDefaultCellStyle.Long Method,1.1,1.1,2.0.0-beta1,1
easyexcel,2.0.0-beta1,com.alibaba.excel.util,StyleUtil,buildFont,Complex Method,"designitejava,checkstyle,experts",src/main/java/com/alibaba/excel/util/StyleUtil.java,src/main/java/com/alibaba/excel/util/StyleUtil.java.StyleUtil.buildFont.Complex Method,2.0.0-beta1,3.0.1,3.1.0,8
easyexcel,2.0.0-beta1,com.alibaba.excel.util,StyleUtil,buildFont,Feature Envy,"checkstyle,experts",src/main/java/com/alibaba/excel/util/StyleUtil.java,src/main/java/com/alibaba/excel/util/StyleUtil.java.StyleUtil.buildFont.Feature Envy,2.0.0-beta1,3.0.1,3.1.0,8
easyexcel,1.1,com.alibaba.excel.util,TypeUtil,,God Class,"pmd,experts",src/main/java/com/alibaba/excel/util/TypeUtil.java,src/main/java/com/alibaba/excel/util/TypeUtil.java.TypeUtil..God Class,1.1,1.1,2.0.0-beta1,1
easyexcel,1.1,com.alibaba.excel.util,TypeUtil,convert,Complex Method,"designitejava,pmd,checkstyle,experts",src/main/java/com/alibaba/excel/util/TypeUtil.java,src/main/java/com/alibaba/excel/util/TypeUtil.java.TypeUtil.convert.Complex Method,1.1,1.1,2.0.0-beta1,1
easyexcel,1.1,com.alibaba.excel.util,TypeUtil,convert,Long Method,"Decor,experts",src/main/java/com/alibaba/excel/util/TypeUtil.java,src/main/java/com/alibaba/excel/util/TypeUtil.java.TypeUtil.convert.Long Method,1.1,1.1,2.0.0-beta1,1
easyexcel,1.1,com.alibaba.excel.util,TypeUtil,getFieldValues,Feature Envy,"checkstyle,experts",src/main/java/com/alibaba/excel/util/TypeUtil.java,src/main/java/com/alibaba/excel/util/TypeUtil.java.TypeUtil.getFieldValues.Feature Envy,1.1,1.1,2.0.0-beta1,1
easyexcel,1.1,com.alibaba.excel.util,WorkBookUtil,createCell,Long Parameter List,"designitejava,experts",src/main/java/com/alibaba/excel/util/WorkBookUtil.java,src/main/java/com/alibaba/excel/util/WorkBookUtil.java.WorkBookUtil.createCell.Long Parameter List,1.1,1.1,2.0.0-beta1,1
easyexcel,1.1,com.alibaba.excel.util,WorkBookUtil,createSheet,Feature Envy,"checkstyle,experts",src/main/java/com/alibaba/excel/util/WorkBookUtil.java,src/main/java/com/alibaba/excel/util/WorkBookUtil.java.WorkBookUtil.createSheet.Feature Envy,1.1,1.1,2.0.0-beta1,1
easyexcel,2.0.0-beta1,com.alibaba.excel.util,WorkBookUtil,createWorkBook,Complex Method,"designitejava,experts",src/main/java/com/alibaba/excel/util/WorkBookUtil.java,src/main/java/com/alibaba/excel/util/WorkBookUtil.java.WorkBookUtil.createWorkBook.Complex Method,2.0.0-beta1,3.0.1,3.1.0,8
easyexcel,2.0.0-beta1,com.alibaba.excel.util,WorkBookUtil,createWorkBook,Feature Envy,"checkstyle,experts",src/main/java/com/alibaba/excel/util/WorkBookUtil.java,src/main/java/com/alibaba/excel/util/WorkBookUtil.java.WorkBookUtil.createWorkBook.Feature Envy,2.0.0-beta1,3.0.1,3.1.0,8
easyexcel,2.0.0-beta1,com.alibaba.excel.util,WorkBookUtil,createWorkBook,Long Method,"Decor,experts",src/main/java/com/alibaba/excel/util/WorkBookUtil.java,src/main/java/com/alibaba/excel/util/WorkBookUtil.java.WorkBookUtil.createWorkBook.Long Method,2.0.0-beta1,2.2.1,3.0.0-beta1,6
easyexcel,2.1.0-beta1,com.alibaba.excel.util,WriteHandlerUtils,,God Class,"pmd,experts",src/main/java/com/alibaba/excel/util/WriteHandlerUtils.java,src/main/java/com/alibaba/excel/util/WriteHandlerUtils.java.WriteHandlerUtils..God Class,2.1.0-beta1,3.0.1,3.1.0,6
easyexcel,2.1.0-beta1,com.alibaba.excel.util,WriteHandlerUtils,afterCellCreate,Long Parameter List,"designitejava,experts",src/main/java/com/alibaba/excel/util/WriteHandlerUtils.java,src/main/java/com/alibaba/excel/util/WriteHandlerUtils.java.WriteHandlerUtils.afterCellCreate.Long Parameter List,2.1.0-beta1,3.0.1,3.1.0,6
easyexcel,2.2.0-beta1,com.alibaba.excel.util,WriteHandlerUtils,afterCellDataConverted,Long Parameter List,"designitejava,checkstyle,experts",src/main/java/com/alibaba/excel/util/WriteHandlerUtils.java,src/main/java/com/alibaba/excel/util/WriteHandlerUtils.java.WriteHandlerUtils.afterCellDataConverted.Long Parameter List,2.2.0-beta1,3.0.1,3.1.0,4
easyexcel,2.1.0-beta1,com.alibaba.excel.util,WriteHandlerUtils,afterCellDispose,Long Method,"Decor,experts",src/main/java/com/alibaba/excel/util/WriteHandlerUtils.java,src/main/java/com/alibaba/excel/util/WriteHandlerUtils.java.WriteHandlerUtils.afterCellDispose.Long Method,2.1.0-beta1,3.0.1,3.1.0,6
easyexcel,2.1.0-beta1,com.alibaba.excel.util,WriteHandlerUtils,afterCellDispose,Long Parameter List,"designitejava,checkstyle,experts",src/main/java/com/alibaba/excel/util/WriteHandlerUtils.java,src/main/java/com/alibaba/excel/util/WriteHandlerUtils.java.WriteHandlerUtils.afterCellDispose.Long Parameter List,2.1.0-beta1,3.0.1,3.1.0,6
easyexcel,2.1.0-beta1,com.alibaba.excel.util,WriteHandlerUtils,beforeCellCreate,Long Parameter List,"designitejava,checkstyle,experts",src/main/java/com/alibaba/excel/util/WriteHandlerUtils.java,src/main/java/com/alibaba/excel/util/WriteHandlerUtils.java.WriteHandlerUtils.beforeCellCreate.Long Parameter List,2.1.0-beta1,3.0.1,3.1.0,6
easyexcel,2.0.0-beta1,com.alibaba.excel.write,ExcelBuilderImpl,,God Class,"pmd,checkstyle,experts",src/main/java/com/alibaba/excel/write/ExcelBuilderImpl.java,src/main/java/com/alibaba/excel/write/ExcelBuilderImpl.java.ExcelBuilderImpl..God Class,2.0.0-beta1,2.0.0,2.1.0-beta1,2
easyexcel,1.1,com.alibaba.excel.write,ExcelBuilderImpl,ExcelBuilderImpl,Long Parameter List,"designitejava,experts",src/main/java/com/alibaba/excel/write/ExcelBuilderImpl.java,src/main/java/com/alibaba/excel/write/ExcelBuilderImpl.java.ExcelBuilderImpl.ExcelBuilderImpl.Long Parameter List,1.1,1.1,2.0.0-beta1,1
easyexcel,1.1,com.alibaba.excel.write,ExcelBuilderImpl,addBasicTypeToExcel,Feature Envy,"designitejava,checkstyle,experts",src/main/java/com/alibaba/excel/write/ExcelBuilderImpl.java,src/main/java/com/alibaba/excel/write/ExcelBuilderImpl.java.ExcelBuilderImpl.addBasicTypeToExcel.Feature Envy,1.1,1.1,2.0.0-beta1,1
easyexcel,1.1,com.alibaba.excel.write,ExcelBuilderImpl,addContent,Feature Envy,"checkstyle,experts",src/main/java/com/alibaba/excel/write/ExcelBuilderImpl.java,src/main/java/com/alibaba/excel/write/ExcelBuilderImpl.java.ExcelBuilderImpl.addContent.Feature Envy,1.1,1.1,2.0.0-beta1,1
easyexcel,1.1,com.alibaba.excel.write,ExcelBuilderImpl,addContent,Long Method,"Decor,experts",src/main/java/com/alibaba/excel/write/ExcelBuilderImpl.java,src/main/java/com/alibaba/excel/write/ExcelBuilderImpl.java.ExcelBuilderImpl.addContent.Long Method,1.1,1.1,2.0.0-beta1,1
easyexcel,2.0.0-beta1,com.alibaba.excel.write,ExcelBuilderImpl,addJavaObjectToExcel,Complex Method,"designitejava,experts",src/main/java/com/alibaba/excel/write/ExcelBuilderImpl.java,src/main/java/com/alibaba/excel/write/ExcelBuilderImpl.java.ExcelBuilderImpl.addJavaObjectToExcel.Complex Method,2.0.0-beta1,2.0.0,2.1.0-beta1,2
easyexcel,1.1,com.alibaba.excel.write,ExcelBuilderImpl,addJavaObjectToExcel,Feature Envy,"designitejava,checkstyle,experts",src/main/java/com/alibaba/excel/write/ExcelBuilderImpl.java,src/main/java/com/alibaba/excel/write/ExcelBuilderImpl.java.ExcelBuilderImpl.addJavaObjectToExcel.Feature Envy,1.1,1.1,2.0.0-beta1,1
easyexcel,1.1,com.alibaba.excel.write,ExcelBuilderImpl,addOneRowOfDataToExcel,Feature Envy,"checkstyle,experts",src/main/java/com/alibaba/excel/write/ExcelBuilderImpl.java,src/main/java/com/alibaba/excel/write/ExcelBuilderImpl.java.ExcelBuilderImpl.addOneRowOfDataToExcel.Feature Envy,1.1,1.1,2.0.0-beta1,1
easyexcel,2.0.0-beta1,com.alibaba.excel.write,ExcelBuilderImpl,afterCellCreate,Feature Envy,"designitejava,experts",src/main/java/com/alibaba/excel/write/ExcelBuilderImpl.java,src/main/java/com/alibaba/excel/write/ExcelBuilderImpl.java.ExcelBuilderImpl.afterCellCreate.Feature Envy,2.0.0-beta1,2.0.0,2.1.0-beta1,2
easyexcel,2.0.0-beta1,com.alibaba.excel.write,ExcelBuilderImpl,afterRowCreate,Feature Envy,"designitejava,experts",src/main/java/com/alibaba/excel/write/ExcelBuilderImpl.java,src/main/java/com/alibaba/excel/write/ExcelBuilderImpl.java.ExcelBuilderImpl.afterRowCreate.Feature Envy,2.0.0-beta1,2.0.0,2.1.0-beta1,2
easyexcel,2.0.0-beta1,com.alibaba.excel.write,ExcelBuilderImpl,beforeCellCreate,Feature Envy,"designitejava,experts",src/main/java/com/alibaba/excel/write/ExcelBuilderImpl.java,src/main/java/com/alibaba/excel/write/ExcelBuilderImpl.java.ExcelBuilderImpl.beforeCellCreate.Feature Envy,2.0.0-beta1,2.0.0,2.1.0-beta1,2
easyexcel,2.0.0-beta1,com.alibaba.excel.write,ExcelBuilderImpl,beforeRowCreate,Feature Envy,"designitejava,experts",src/main/java/com/alibaba/excel/write/ExcelBuilderImpl.java,src/main/java/com/alibaba/excel/write/ExcelBuilderImpl.java.ExcelBuilderImpl.beforeRowCreate.Feature Envy,2.0.0-beta1,2.0.0,2.1.0-beta1,2
easyexcel,2.0.0-beta1,com.alibaba.excel.write,ExcelBuilderImpl,convert,Long Parameter List,"designitejava,experts",src/main/java/com/alibaba/excel/write/ExcelBuilderImpl.java,src/main/java/com/alibaba/excel/write/ExcelBuilderImpl.java.ExcelBuilderImpl.convert.Long Parameter List,2.0.0-beta1,2.0.0,2.1.0-beta1,2
easyexcel,2.0.0-beta1,com.alibaba.excel.write,ExcelBuilderImpl,converterAndSet,Complex Method,"designitejava,checkstyle,experts",src/main/java/com/alibaba/excel/write/ExcelBuilderImpl.java,src/main/java/com/alibaba/excel/write/ExcelBuilderImpl.java.ExcelBuilderImpl.converterAndSet.Complex Method,2.0.0-beta1,2.0.0,2.1.0-beta1,2
easyexcel,2.0.0-beta1,com.alibaba.excel.write,ExcelBuilderImpl,converterAndSet,Feature Envy,"checkstyle,experts",src/main/java/com/alibaba/excel/write/ExcelBuilderImpl.java,src/main/java/com/alibaba/excel/write/ExcelBuilderImpl.java.ExcelBuilderImpl.converterAndSet.Feature Envy,2.0.0-beta1,2.0.0,2.1.0-beta1,2
easyexcel,2.0.0-beta1,com.alibaba.excel.write,ExcelBuilderImpl,converterAndSet,Long Parameter List,"designitejava,experts",src/main/java/com/alibaba/excel/write/ExcelBuilderImpl.java,src/main/java/com/alibaba/excel/write/ExcelBuilderImpl.java.ExcelBuilderImpl.converterAndSet.Long Parameter List,2.0.0-beta1,2.0.0,2.1.0-beta1,2
easyexcel,2.0.0-beta1,com.alibaba.excel.write,ExcelBuilderImpl,doAddBasicTypeToExcel,Long Parameter List,"designitejava,checkstyle,experts",src/main/java/com/alibaba/excel/write/ExcelBuilderImpl.java,src/main/java/com/alibaba/excel/write/ExcelBuilderImpl.java.ExcelBuilderImpl.doAddBasicTypeToExcel.Long Parameter List,2.0.0-beta1,2.0.0,2.1.0-beta1,2
easyexcel,2.1.0-beta1,com.alibaba.excel.write,ExcelBuilderImpl,fill,Long Method,"Decor,experts",src/main/java/com/alibaba/excel/write/ExcelBuilderImpl.java,src/main/java/com/alibaba/excel/write/ExcelBuilderImpl.java.ExcelBuilderImpl.fill.Long Method,2.1.0-beta1,3.0.1,3.1.0,6
easyexcel,1.1,com.alibaba.excel.write,ExcelBuilderImpl,finish,Feature Envy,"checkstyle,experts",src/main/java/com/alibaba/excel/write/ExcelBuilderImpl.java,src/main/java/com/alibaba/excel/write/ExcelBuilderImpl.java.ExcelBuilderImpl.finish.Feature Envy,1.1,1.1,2.0.0-beta1,1
easyexcel,2.2.0-beta1,com.alibaba.excel.write.builder,AbstractExcelWriterParameterBuilder,registerWriteHandler,Feature Envy,"checkstyle,experts",src/main/java/com/alibaba/excel/write/builder/AbstractExcelWriterParameterBuilder.java,src/main/java/com/alibaba/excel/write/builder/AbstractExcelWriterParameterBuilder.java.AbstractExcelWriterParameterBuilder.registerWriteHandler.Feature Envy,2.2.0-beta1,3.0.1,3.1.0,4
easyexcel,2.0.0-beta1,com.alibaba.excel.write.builder,ExcelWriterBuilder,,God Class,"pmd,experts",src/main/java/com/alibaba/excel/write/builder/ExcelWriterBuilder.java,src/main/java/com/alibaba/excel/write/builder/ExcelWriterBuilder.java.ExcelWriterBuilder..God Class,2.0.0-beta1,3.0.1,3.1.0,8
easyexcel,2.0.0-beta1,com.alibaba.excel.write.builder,ExcelWriterBuilder,sheet,Long Method,"Decor,experts",src/main/java/com/alibaba/excel/write/builder/ExcelWriterBuilder.java,src/main/java/com/alibaba/excel/write/builder/ExcelWriterBuilder.java.ExcelWriterBuilder.sheet.Long Method,2.0.0-beta1,2.0.0-beta1,2.0.0,1
easyexcel,2.0.0-beta1,com.alibaba.excel.write.builder,ExcelWriterSheetBuilder,,God Class,"pmd,experts",src/main/java/com/alibaba/excel/write/builder/ExcelWriterSheetBuilder.java,src/main/java/com/alibaba/excel/write/builder/ExcelWriterSheetBuilder.java.ExcelWriterSheetBuilder..God Class,2.0.0-beta1,3.0.1,3.1.0,8
easyexcel,2.1.1,com.alibaba.excel.write.builder,ExcelWriterTableBuilder,,God Class,"pmd,experts",src/main/java/com/alibaba/excel/write/builder/ExcelWriterTableBuilder.java,src/main/java/com/alibaba/excel/write/builder/ExcelWriterTableBuilder.java.ExcelWriterTableBuilder..God Class,2.1.1,2.1.1,2.2.0-beta1,1
easyexcel,3.0.0-beta1,com.alibaba.excel.write.executor,AbstractExcelWriteExecutor,convert,Complex Method,"designitejava,pmd,experts",src/main/java/com/alibaba/excel/write/executor/AbstractExcelWriteExecutor.java,src/main/java/com/alibaba/excel/write/executor/AbstractExcelWriteExecutor.java.AbstractExcelWriteExecutor.convert.Complex Method,3.0.0-beta1,3.0.1,3.1.0,2
easyexcel,2.1.0-beta1,com.alibaba.excel.write.executor,AbstractExcelWriteExecutor,convert,Feature Envy,"checkstyle,experts",src/main/java/com/alibaba/excel/write/executor/AbstractExcelWriteExecutor.java,src/main/java/com/alibaba/excel/write/executor/AbstractExcelWriteExecutor.java.AbstractExcelWriteExecutor.convert.Feature Envy,2.1.0-beta1,2.2.1,3.0.0-beta1,4
easyexcel,2.1.0-beta1,com.alibaba.excel.write.executor,AbstractExcelWriteExecutor,convert,Long Parameter List,"designitejava,experts",src/main/java/com/alibaba/excel/write/executor/AbstractExcelWriteExecutor.java,src/main/java/com/alibaba/excel/write/executor/AbstractExcelWriteExecutor.java.AbstractExcelWriteExecutor.convert.Long Parameter List,2.1.0-beta1,3.0.1,3.1.0,6
easyexcel,2.1.0-beta1,com.alibaba.excel.write.executor,AbstractExcelWriteExecutor,converterAndSet,Complex Method,"designitejava,checkstyle,experts",src/main/java/com/alibaba/excel/write/executor/AbstractExcelWriteExecutor.java,src/main/java/com/alibaba/excel/write/executor/AbstractExcelWriteExecutor.java.AbstractExcelWriteExecutor.converterAndSet.Complex Method,2.1.0-beta1,3.0.1,3.1.0,6
easyexcel,2.1.0-beta1,com.alibaba.excel.write.executor,AbstractExcelWriteExecutor,converterAndSet,Feature Envy,"checkstyle,experts",src/main/java/com/alibaba/excel/write/executor/AbstractExcelWriteExecutor.java,src/main/java/com/alibaba/excel/write/executor/AbstractExcelWriteExecutor.java.AbstractExcelWriteExecutor.converterAndSet.Feature Envy,2.1.0-beta1,2.2.1,3.0.0-beta1,4
easyexcel,2.1.0-beta1,com.alibaba.excel.write.executor,AbstractExcelWriteExecutor,converterAndSet,Long Method,"Decor,experts",src/main/java/com/alibaba/excel/write/executor/AbstractExcelWriteExecutor.java,src/main/java/com/alibaba/excel/write/executor/AbstractExcelWriteExecutor.java.AbstractExcelWriteExecutor.converterAndSet.Long Method,2.1.0-beta1,2.2.1,3.0.0-beta1,4
easyexcel,2.1.0-beta1,com.alibaba.excel.write.executor,AbstractExcelWriteExecutor,converterAndSet,Long Parameter List,"designitejava,experts",src/main/java/com/alibaba/excel/write/executor/AbstractExcelWriteExecutor.java,src/main/java/com/alibaba/excel/write/executor/AbstractExcelWriteExecutor.java.AbstractExcelWriteExecutor.converterAndSet.Long Parameter List,2.1.0-beta1,3.0.1,3.1.0,6
easyexcel,2.1.0-beta1,com.alibaba.excel.write.executor,AbstractExcelWriteExecutor,doConvert,Long Parameter List,"designitejava,experts",src/main/java/com/alibaba/excel/write/executor/AbstractExcelWriteExecutor.java,src/main/java/com/alibaba/excel/write/executor/AbstractExcelWriteExecutor.java.AbstractExcelWriteExecutor.doConvert.Long Parameter List,2.1.0-beta1,3.0.1,3.1.0,6
easyexcel,3.0.0-beta1,com.alibaba.excel.write.executor,AbstractExcelWriteExecutor,fillImage,Complex Method,"designitejava,experts",src/main/java/com/alibaba/excel/write/executor/AbstractExcelWriteExecutor.java,src/main/java/com/alibaba/excel/write/executor/AbstractExcelWriteExecutor.java.AbstractExcelWriteExecutor.fillImage.Complex Method,3.0.0-beta1,3.0.1,3.1.0,2
easyexcel,3.0.1,com.alibaba.excel.write.executor,AbstractExcelWriteExecutor,fillProperty,Feature Envy,"checkstyle,experts",src/main/java/com/alibaba/excel/write/executor/AbstractExcelWriteExecutor.java,src/main/java/com/alibaba/excel/write/executor/AbstractExcelWriteExecutor.java.AbstractExcelWriteExecutor.fillProperty.Feature Envy,3.0.1,3.0.1,3.1.0,1
easyexcel,3.0.1,com.alibaba.excel.write.executor,ExcelWriteAddExecutor,addBasicTypeToExcel,Feature Envy,"checkstyle,experts",src/main/java/com/alibaba/excel/write/executor/ExcelWriteAddExecutor.java,src/main/java/com/alibaba/excel/write/executor/ExcelWriteAddExecutor.java.ExcelWriteAddExecutor.addBasicTypeToExcel.Feature Envy,3.0.1,3.0.1,3.1.0,1
easyexcel,2.1.0-beta1,com.alibaba.excel.write.executor,ExcelWriteAddExecutor,addJavaObjectToExcel,Complex Method,"designitejava,checkstyle,experts",src/main/java/com/alibaba/excel/write/executor/ExcelWriteAddExecutor.java,src/main/java/com/alibaba/excel/write/executor/ExcelWriteAddExecutor.java.ExcelWriteAddExecutor.addJavaObjectToExcel.Complex Method,2.1.0-beta1,2.2.1,3.0.0-beta1,4
easyexcel,2.1.0-beta1,com.alibaba.excel.write.executor,ExcelWriteAddExecutor,addJavaObjectToExcel,Feature Envy,"checkstyle,experts",src/main/java/com/alibaba/excel/write/executor/ExcelWriteAddExecutor.java,src/main/java/com/alibaba/excel/write/executor/ExcelWriteAddExecutor.java.ExcelWriteAddExecutor.addJavaObjectToExcel.Feature Envy,2.1.0-beta1,3.0.1,3.1.0,6
easyexcel,3.0.1,com.alibaba.excel.write.executor,ExcelWriteAddExecutor,addJavaObjectToExcel,Long Parameter List,"designitejava,experts",src/main/java/com/alibaba/excel/write/executor/ExcelWriteAddExecutor.java,src/main/java/com/alibaba/excel/write/executor/ExcelWriteAddExecutor.java.ExcelWriteAddExecutor.addJavaObjectToExcel.Long Parameter List,3.0.1,3.0.1,3.1.0,1
easyexcel,2.1.0-beta1,com.alibaba.excel.write.executor,ExcelWriteAddExecutor,addOneRowOfDataToExcel,Feature Envy,"checkstyle,experts",src/main/java/com/alibaba/excel/write/executor/ExcelWriteAddExecutor.java,src/main/java/com/alibaba/excel/write/executor/ExcelWriteAddExecutor.java.ExcelWriteAddExecutor.addOneRowOfDataToExcel.Feature Envy,2.1.0-beta1,3.0.1,3.1.0,6
easyexcel,2.1.0-beta1,com.alibaba.excel.write.executor,ExcelWriteAddExecutor,doAddBasicTypeToExcel,Long Parameter List,"designitejava,checkstyle,experts",src/main/java/com/alibaba/excel/write/executor/ExcelWriteAddExecutor.java,src/main/java/com/alibaba/excel/write/executor/ExcelWriteAddExecutor.java.ExcelWriteAddExecutor.doAddBasicTypeToExcel.Long Parameter List,2.1.0-beta1,3.0.1,3.1.0,6
easyexcel,2.1.1,com.alibaba.excel.write.executor,ExcelWriteFillExecutor,,God Class,"checkstyle,experts",src/main/java/com/alibaba/excel/write/executor/ExcelWriteFillExecutor.java,src/main/java/com/alibaba/excel/write/executor/ExcelWriteFillExecutor.java.ExcelWriteFillExecutor..God Class,2.1.1,3.0.1,3.1.0,5
easyexcel,2.1.1,com.alibaba.excel.write.executor,ExcelWriteFillExecutor,checkRowHeight,Long Parameter List,"designitejava,experts",src/main/java/com/alibaba/excel/write/executor/ExcelWriteFillExecutor.java,src/main/java/com/alibaba/excel/write/executor/ExcelWriteFillExecutor.java.ExcelWriteFillExecutor.checkRowHeight.Long Parameter List,2.1.1,2.1.1,2.2.0-beta1,1
easyexcel,3.0.0-beta1,com.alibaba.excel.write.executor,ExcelWriteFillExecutor,createRowIfNecessary,Long Parameter List,"designitejava,experts",src/main/java/com/alibaba/excel/write/executor/ExcelWriteFillExecutor.java,src/main/java/com/alibaba/excel/write/executor/ExcelWriteFillExecutor.java.ExcelWriteFillExecutor.createRowIfNecessary.Long Parameter List,3.0.0-beta1,3.0.1,3.1.0,2
easyexcel,2.2.0-beta1,com.alibaba.excel.write.executor,ExcelWriteFillExecutor,dealAnalysisCell,Complex Method,"designitejava,pmd,experts",src/main/java/com/alibaba/excel/write/executor/ExcelWriteFillExecutor.java,src/main/java/com/alibaba/excel/write/executor/ExcelWriteFillExecutor.java.ExcelWriteFillExecutor.dealAnalysisCell.Complex Method,2.2.0-beta1,2.2.1,3.0.0-beta1,2
easyexcel,2.1.1,com.alibaba.excel.write.executor,ExcelWriteFillExecutor,dealAnalysisCell,Feature Envy,"checkstyle,experts",src/main/java/com/alibaba/excel/write/executor/ExcelWriteFillExecutor.java,src/main/java/com/alibaba/excel/write/executor/ExcelWriteFillExecutor.java.ExcelWriteFillExecutor.dealAnalysisCell.Feature Envy,2.1.1,3.0.1,3.1.0,5
easyexcel,2.1.1,com.alibaba.excel.write.executor,ExcelWriteFillExecutor,dealAnalysisCell,Long Parameter List,"designitejava,checkstyle,experts",src/main/java/com/alibaba/excel/write/executor/ExcelWriteFillExecutor.java,src/main/java/com/alibaba/excel/write/executor/ExcelWriteFillExecutor.java.ExcelWriteFillExecutor.dealAnalysisCell.Long Parameter List,2.1.1,3.0.1,3.1.0,5
easyexcel,2.1.0-beta1,com.alibaba.excel.write.executor,ExcelWriteFillExecutor,doFill,Complex Method,"designitejava,pmd,checkstyle,experts",src/main/java/com/alibaba/excel/write/executor/ExcelWriteFillExecutor.java,src/main/java/com/alibaba/excel/write/executor/ExcelWriteFillExecutor.java.ExcelWriteFillExecutor.doFill.Complex Method,2.1.0-beta1,3.0.1,3.1.0,6
easyexcel,2.1.0-beta1,com.alibaba.excel.write.executor,ExcelWriteFillExecutor,doFill,Feature Envy,"checkstyle,experts",src/main/java/com/alibaba/excel/write/executor/ExcelWriteFillExecutor.java,src/main/java/com/alibaba/excel/write/executor/ExcelWriteFillExecutor.java.ExcelWriteFillExecutor.doFill.Feature Envy,2.1.0-beta1,3.0.1,3.1.0,6
easyexcel,2.2.0-beta1,com.alibaba.excel.write.executor,ExcelWriteFillExecutor,fill,Complex Method,"designitejava,experts",src/main/java/com/alibaba/excel/write/executor/ExcelWriteFillExecutor.java,src/main/java/com/alibaba/excel/write/executor/ExcelWriteFillExecutor.java.ExcelWriteFillExecutor.fill.Complex Method,2.2.0-beta1,3.0.1,3.1.0,4
easyexcel,2.1.0-beta1,com.alibaba.excel.write.executor,ExcelWriteFillExecutor,fill,Feature Envy,"checkstyle,experts",src/main/java/com/alibaba/excel/write/executor/ExcelWriteFillExecutor.java,src/main/java/com/alibaba/excel/write/executor/ExcelWriteFillExecutor.java.ExcelWriteFillExecutor.fill.Feature Envy,2.1.0-beta1,3.0.1,3.1.0,6
easyexcel,2.1.0-beta1,com.alibaba.excel.write.executor,ExcelWriteFillExecutor,getOneCell,Complex Method,"designitejava,pmd,checkstyle,experts",src/main/java/com/alibaba/excel/write/executor/ExcelWriteFillExecutor.java,src/main/java/com/alibaba/excel/write/executor/ExcelWriteFillExecutor.java.ExcelWriteFillExecutor.getOneCell.Complex Method,2.1.0-beta1,3.0.0-beta1,3.0.1,5
easyexcel,2.1.0-beta1,com.alibaba.excel.write.executor,ExcelWriteFillExecutor,getOneCell,Feature Envy,"checkstyle,experts",src/main/java/com/alibaba/excel/write/executor/ExcelWriteFillExecutor.java,src/main/java/com/alibaba/excel/write/executor/ExcelWriteFillExecutor.java.ExcelWriteFillExecutor.getOneCell.Feature Envy,2.1.0-beta1,3.0.1,3.1.0,6
easyexcel,2.2.1,com.alibaba.excel.write.executor,ExcelWriteFillExecutor,increaseRowIndex,Feature Envy,"checkstyle,experts",src/main/java/com/alibaba/excel/write/executor/ExcelWriteFillExecutor.java,src/main/java/com/alibaba/excel/write/executor/ExcelWriteFillExecutor.java.ExcelWriteFillExecutor.increaseRowIndex.Feature Envy,2.2.1,3.0.1,3.1.0,3
easyexcel,2.1.1,com.alibaba.excel.write.executor,ExcelWriteFillExecutor,initAnalysisCell,Feature Envy,"checkstyle,experts",src/main/java/com/alibaba/excel/write/executor/ExcelWriteFillExecutor.java,src/main/java/com/alibaba/excel/write/executor/ExcelWriteFillExecutor.java.ExcelWriteFillExecutor.initAnalysisCell.Feature Envy,2.1.1,3.0.1,3.1.0,5
easyexcel,2.1.0-beta1,com.alibaba.excel.write.executor,ExcelWriteFillExecutor,prepareData,Complex Method,"designitejava,pmd,checkstyle,experts",src/main/java/com/alibaba/excel/write/executor/ExcelWriteFillExecutor.java,src/main/java/com/alibaba/excel/write/executor/ExcelWriteFillExecutor.java.ExcelWriteFillExecutor.prepareData.Complex Method,2.1.0-beta1,3.0.1,3.1.0,6
easyexcel,2.1.0-beta1,com.alibaba.excel.write.executor,ExcelWriteFillExecutor,prepareData,Feature Envy,"checkstyle,experts",src/main/java/com/alibaba/excel/write/executor/ExcelWriteFillExecutor.java,src/main/java/com/alibaba/excel/write/executor/ExcelWriteFillExecutor.java.ExcelWriteFillExecutor.prepareData.Feature Envy,2.1.0-beta1,3.0.1,3.1.0,6
easyexcel,2.1.0-beta1,com.alibaba.excel.write.executor,ExcelWriteFillExecutor,prepareData,Long Parameter List,"designitejava,experts",src/main/java/com/alibaba/excel/write/executor/ExcelWriteFillExecutor.java,src/main/java/com/alibaba/excel/write/executor/ExcelWriteFillExecutor.java.ExcelWriteFillExecutor.prepareData.Long Parameter List,2.1.0-beta1,2.1.1,2.2.0-beta1,2
easyexcel,2.1.0-beta1,com.alibaba.excel.write.executor,ExcelWriteFillExecutor,shiftRows,Complex Method,"designitejava,pmd,checkstyle,experts",src/main/java/com/alibaba/excel/write/executor/ExcelWriteFillExecutor.java,src/main/java/com/alibaba/excel/write/executor/ExcelWriteFillExecutor.java.ExcelWriteFillExecutor.shiftRows.Complex Method,2.1.0-beta1,3.0.1,3.1.0,6
easyexcel,2.1.0-beta1,com.alibaba.excel.write.executor,ExcelWriteFillExecutor,shiftRows,Feature Envy,"checkstyle,experts",src/main/java/com/alibaba/excel/write/executor/ExcelWriteFillExecutor.java,src/main/java/com/alibaba/excel/write/executor/ExcelWriteFillExecutor.java.ExcelWriteFillExecutor.shiftRows.Feature Envy,2.1.0-beta1,2.2.0-beta1,2.2.1,3
easyexcel,2.2.0-beta1,com.alibaba.excel.write.executor,ExcelWriteFillExecutor,uniqueDataFlag,Feature Envy,"checkstyle,experts",src/main/java/com/alibaba/excel/write/executor/ExcelWriteFillExecutor.java,src/main/java/com/alibaba/excel/write/executor/ExcelWriteFillExecutor.java.ExcelWriteFillExecutor.uniqueDataFlag.Feature Envy,2.2.0-beta1,3.0.1,3.1.0,4
easyexcel,2.2.0-beta1,com.alibaba.excel.write.handler,AbstractCellWriteHandler,afterCellCreate,Long Parameter List,"designitejava,checkstyle,experts",src/main/java/com/alibaba/excel/write/handler/AbstractCellWriteHandler.java,src/main/java/com/alibaba/excel/write/handler/AbstractCellWriteHandler.java.AbstractCellWriteHandler.afterCellCreate.Long Parameter List,2.2.0-beta1,3.0.1,3.1.0,4
easyexcel,2.2.0-beta1,com.alibaba.excel.write.handler,AbstractCellWriteHandler,afterCellDataConverted,Long Parameter List,"designitejava,checkstyle,experts",src/main/java/com/alibaba/excel/write/handler/AbstractCellWriteHandler.java,src/main/java/com/alibaba/excel/write/handler/AbstractCellWriteHandler.java.AbstractCellWriteHandler.afterCellDataConverted.Long Parameter List,2.2.0-beta1,3.0.1,3.1.0,4
easyexcel,2.2.0-beta1,com.alibaba.excel.write.handler,AbstractCellWriteHandler,afterCellDispose,Long Parameter List,"designitejava,checkstyle,experts",src/main/java/com/alibaba/excel/write/handler/AbstractCellWriteHandler.java,src/main/java/com/alibaba/excel/write/handler/AbstractCellWriteHandler.java.AbstractCellWriteHandler.afterCellDispose.Long Parameter List,2.2.0-beta1,3.0.1,3.1.0,4
easyexcel,2.2.0-beta1,com.alibaba.excel.write.handler,AbstractCellWriteHandler,beforeCellCreate,Long Parameter List,"designitejava,checkstyle,experts",src/main/java/com/alibaba/excel/write/handler/AbstractCellWriteHandler.java,src/main/java/com/alibaba/excel/write/handler/AbstractCellWriteHandler.java.AbstractCellWriteHandler.beforeCellCreate.Long Parameter List,2.2.0-beta1,3.0.1,3.1.0,4
easyexcel,2.2.0-beta1,com.alibaba.excel.write.handler,AbstractRowWriteHandler,afterRowCreate,Long Parameter List,"designitejava,experts",src/main/java/com/alibaba/excel/write/handler/AbstractRowWriteHandler.java,src/main/java/com/alibaba/excel/write/handler/AbstractRowWriteHandler.java.AbstractRowWriteHandler.afterRowCreate.Long Parameter List,2.2.0-beta1,3.0.1,3.1.0,4
easyexcel,2.2.0-beta1,com.alibaba.excel.write.handler,AbstractRowWriteHandler,afterRowDispose,Long Parameter List,"designitejava,experts",src/main/java/com/alibaba/excel/write/handler/AbstractRowWriteHandler.java,src/main/java/com/alibaba/excel/write/handler/AbstractRowWriteHandler.java.AbstractRowWriteHandler.afterRowDispose.Long Parameter List,2.2.0-beta1,3.0.1,3.1.0,4
easyexcel,2.2.0-beta1,com.alibaba.excel.write.handler,AbstractRowWriteHandler,beforeRowCreate,Long Parameter List,"designitejava,experts",src/main/java/com/alibaba/excel/write/handler/AbstractRowWriteHandler.java,src/main/java/com/alibaba/excel/write/handler/AbstractRowWriteHandler.java.AbstractRowWriteHandler.beforeRowCreate.Long Parameter List,2.2.0-beta1,3.0.1,3.1.0,4
easyexcel,2.0.0-beta1,com.alibaba.excel.write.handler,CellWriteHandler,afterCellCreate,Long Parameter List,"designitejava,checkstyle,experts",src/main/java/com/alibaba/excel/write/handler/CellWriteHandler.java,src/main/java/com/alibaba/excel/write/handler/CellWriteHandler.java.CellWriteHandler.afterCellCreate.Long Parameter List,2.0.0-beta1,3.0.1,3.1.0,8
easyexcel,2.2.0-beta1,com.alibaba.excel.write.handler,CellWriteHandler,afterCellDataConverted,Long Parameter List,"designitejava,checkstyle,experts",src/main/java/com/alibaba/excel/write/handler/CellWriteHandler.java,src/main/java/com/alibaba/excel/write/handler/CellWriteHandler.java.CellWriteHandler.afterCellDataConverted.Long Parameter List,2.2.0-beta1,3.0.1,3.1.0,4
easyexcel,2.1.0-beta1,com.alibaba.excel.write.handler,CellWriteHandler,afterCellDispose,Long Parameter List,"designitejava,checkstyle,experts",src/main/java/com/alibaba/excel/write/handler/CellWriteHandler.java,src/main/java/com/alibaba/excel/write/handler/CellWriteHandler.java.CellWriteHandler.afterCellDispose.Long Parameter List,2.1.0-beta1,3.0.1,3.1.0,6
easyexcel,2.0.0-beta1,com.alibaba.excel.write.handler,CellWriteHandler,beforeCellCreate,Long Parameter List,"designitejava,checkstyle,experts",src/main/java/com/alibaba/excel/write/handler/CellWriteHandler.java,src/main/java/com/alibaba/excel/write/handler/CellWriteHandler.java.CellWriteHandler.beforeCellCreate.Long Parameter List,2.0.0-beta1,3.0.1,3.1.0,8
easyexcel,2.0.0-beta1,com.alibaba.excel.write.handler,DefaultWriteHandlerLoader,loadDefaultHandler,Feature Envy,"checkstyle,experts",src/main/java/com/alibaba/excel/write/handler/DefaultWriteHandlerLoader.java,src/main/java/com/alibaba/excel/write/handler/DefaultWriteHandlerLoader.java.DefaultWriteHandlerLoader.loadDefaultHandler.Feature Envy,2.0.0-beta1,2.2.1,3.0.0-beta1,6
easyexcel,2.0.0-beta1,com.alibaba.excel.write.handler,DefaultWriteHandlerLoader,loadDefaultHandler,Long Method,"Decor,experts",src/main/java/com/alibaba/excel/write/handler/DefaultWriteHandlerLoader.java,src/main/java/com/alibaba/excel/write/handler/DefaultWriteHandlerLoader.java.DefaultWriteHandlerLoader.loadDefaultHandler.Long Method,2.0.0-beta1,3.0.0-beta1,3.0.1,7
easyexcel,2.0.0-beta1,com.alibaba.excel.write.handler,RowWriteHandler,afterRowCreate,Long Parameter List,"designitejava,experts",src/main/java/com/alibaba/excel/write/handler/RowWriteHandler.java,src/main/java/com/alibaba/excel/write/handler/RowWriteHandler.java.RowWriteHandler.afterRowCreate.Long Parameter List,2.0.0-beta1,3.0.1,3.1.0,8
easyexcel,2.1.0-beta1,com.alibaba.excel.write.handler,RowWriteHandler,afterRowDispose,Long Parameter List,"designitejava,experts",src/main/java/com/alibaba/excel/write/handler/RowWriteHandler.java,src/main/java/com/alibaba/excel/write/handler/RowWriteHandler.java.RowWriteHandler.afterRowDispose.Long Parameter List,2.1.0-beta1,3.0.1,3.1.0,6
easyexcel,2.0.0-beta1,com.alibaba.excel.write.handler,RowWriteHandler,beforeRowCreate,Long Parameter List,"designitejava,experts",src/main/java/com/alibaba/excel/write/handler/RowWriteHandler.java,src/main/java/com/alibaba/excel/write/handler/RowWriteHandler.java.RowWriteHandler.beforeRowCreate.Long Parameter List,2.0.0-beta1,3.0.1,3.1.0,8
easyexcel,3.0.0-beta1,com.alibaba.excel.write.handler.impl,DimensionWorkbookWriteHandler,afterWorkbookDispose,Complex Method,"designitejava,pmd,experts",src/main/java/com/alibaba/excel/write/handler/impl/DimensionWorkbookWriteHandler.java,src/main/java/com/alibaba/excel/write/handler/impl/DimensionWorkbookWriteHandler.java.DimensionWorkbookWriteHandler.afterWorkbookDispose.Complex Method,3.0.0-beta1,3.0.1,3.1.0,2
easyexcel,3.0.1,com.alibaba.excel.write.handler.impl,DimensionWorkbookWriteHandler,afterWorkbookDispose,Feature Envy,"checkstyle,experts",src/main/java/com/alibaba/excel/write/handler/impl/DimensionWorkbookWriteHandler.java,src/main/java/com/alibaba/excel/write/handler/impl/DimensionWorkbookWriteHandler.java.DimensionWorkbookWriteHandler.afterWorkbookDispose.Feature Envy,3.0.1,3.0.1,3.1.0,1
easyexcel,3.0.1,com.alibaba.excel.write.handler.impl,FillStyleCellWriteHandler,afterCellDispose,Long Method,"Decor,experts",src/main/java/com/alibaba/excel/write/handler/impl/FillStyleCellWriteHandler.java,src/main/java/com/alibaba/excel/write/handler/impl/FillStyleCellWriteHandler.java.FillStyleCellWriteHandler.afterCellDispose.Long Method,3.0.1,3.0.1,3.1.0,1
easyexcel,2.0.0-beta1,com.alibaba.excel.write.merge,AbstractMergeStrategy,afterCellCreate,Long Parameter List,"designitejava,experts",src/main/java/com/alibaba/excel/write/merge/AbstractMergeStrategy.java,src/main/java/com/alibaba/excel/write/merge/AbstractMergeStrategy.java.AbstractMergeStrategy.afterCellCreate.Long Parameter List,2.0.0-beta1,2.1.1,2.2.0-beta1,4
easyexcel,2.1.0-beta1,com.alibaba.excel.write.merge,AbstractMergeStrategy,afterCellDispose,Long Parameter List,"designitejava,checkstyle,experts",src/main/java/com/alibaba/excel/write/merge/AbstractMergeStrategy.java,src/main/java/com/alibaba/excel/write/merge/AbstractMergeStrategy.java.AbstractMergeStrategy.afterCellDispose.Long Parameter List,2.1.0-beta1,2.1.1,2.2.0-beta1,2
easyexcel,2.0.0-beta1,com.alibaba.excel.write.merge,AbstractMergeStrategy,beforeCellCreate,Long Parameter List,"designitejava,experts",src/main/java/com/alibaba/excel/write/merge/AbstractMergeStrategy.java,src/main/java/com/alibaba/excel/write/merge/AbstractMergeStrategy.java.AbstractMergeStrategy.beforeCellCreate.Long Parameter List,2.0.0-beta1,2.1.1,2.2.0-beta1,4
easyexcel,2.2.0-beta1,com.alibaba.excel.write.merge,LoopMergeStrategy,afterRowDispose,Long Parameter List,"designitejava,experts",src/main/java/com/alibaba/excel/write/merge/LoopMergeStrategy.java,src/main/java/com/alibaba/excel/write/merge/LoopMergeStrategy.java.LoopMergeStrategy.afterRowDispose.Long Parameter List,2.2.0-beta1,3.0.1,3.1.0,4
easyexcel,2.2.0-beta1,com.alibaba.excel.write.merge,OnceAbsoluteMergeStrategy,OnceAbsoluteMergeStrategy,Feature Envy,"checkstyle,experts",src/main/java/com/alibaba/excel/write/merge/OnceAbsoluteMergeStrategy.java,src/main/java/com/alibaba/excel/write/merge/OnceAbsoluteMergeStrategy.java.OnceAbsoluteMergeStrategy.OnceAbsoluteMergeStrategy.Feature Envy,2.2.0-beta1,3.0.1,3.1.0,4
easyexcel,2.1.0-beta1,com.alibaba.excel.write.metadata.fill,AnalysisCell,equals,Long Method,"Decor,experts",src/main/java/com/alibaba/excel/write/metadata/fill/AnalysisCell.java,src/main/java/com/alibaba/excel/write/metadata/fill/AnalysisCell.java.AnalysisCell.equals.Long Method,2.1.0-beta1,2.1.0-beta1,2.1.1,1
easyexcel,2.0.0-beta1,com.alibaba.excel.write.metadata.holder,AbstractWriteHolder,,God Class,"pmd,experts",src/main/java/com/alibaba/excel/write/metadata/holder/AbstractWriteHolder.java,src/main/java/com/alibaba/excel/write/metadata/holder/AbstractWriteHolder.java.AbstractWriteHolder..God Class,2.0.0-beta1,3.0.1,3.1.0,8
easyexcel,2.0.0-beta1,com.alibaba.excel.write.metadata.holder,AbstractWriteHolder,AbstractWriteHolder,Complex Method,"designitejava,checkstyle,experts",src/main/java/com/alibaba/excel/write/metadata/holder/AbstractWriteHolder.java,src/main/java/com/alibaba/excel/write/metadata/holder/AbstractWriteHolder.java.AbstractWriteHolder.AbstractWriteHolder.Complex Method,2.0.0-beta1,3.0.1,3.1.0,8
easyexcel,2.0.0-beta1,com.alibaba.excel.write.metadata.holder,AbstractWriteHolder,AbstractWriteHolder,Feature Envy,"checkstyle,experts",src/main/java/com/alibaba/excel/write/metadata/holder/AbstractWriteHolder.java,src/main/java/com/alibaba/excel/write/metadata/holder/AbstractWriteHolder.java.AbstractWriteHolder.AbstractWriteHolder.Feature Envy,2.0.0-beta1,3.0.1,3.1.0,8
easyexcel,2.2.0-beta1,com.alibaba.excel.write.metadata.holder,AbstractWriteHolder,AbstractWriteHolder,Long Method,"designitejava,experts",src/main/java/com/alibaba/excel/write/metadata/holder/AbstractWriteHolder.java,src/main/java/com/alibaba/excel/write/metadata/holder/AbstractWriteHolder.java.AbstractWriteHolder.AbstractWriteHolder.Long Method,2.2.0-beta1,3.0.1,3.1.0,4
easyexcel,2.0.0-beta1,com.alibaba.excel.write.metadata.holder,AbstractWriteHolder,buildWriteCellStyle,Feature Envy,"checkstyle,experts",src/main/java/com/alibaba/excel/write/metadata/holder/AbstractWriteHolder.java,src/main/java/com/alibaba/excel/write/metadata/holder/AbstractWriteHolder.java.AbstractWriteHolder.buildWriteCellStyle.Feature Envy,2.0.0-beta1,2.2.1,3.0.0-beta1,6
easyexcel,2.0.0-beta1,com.alibaba.excel.write.metadata.holder,AbstractWriteHolder,compatibleOldCodeCreateHeadColumnWidthStyleStrategy,Feature Envy,"checkstyle,experts",src/main/java/com/alibaba/excel/write/metadata/holder/AbstractWriteHolder.java,src/main/java/com/alibaba/excel/write/metadata/holder/AbstractWriteHolder.java.AbstractWriteHolder.compatibleOldCodeCreateHeadColumnWidthStyleStrategy.Feature Envy,2.0.0-beta1,2.2.1,3.0.0-beta1,6
easyexcel,2.0.0-beta1,com.alibaba.excel.write.metadata.holder,AbstractWriteHolder,compatibleOldCodeCreateRowCellStyleStrategy,Feature Envy,"checkstyle,experts",src/main/java/com/alibaba/excel/write/metadata/holder/AbstractWriteHolder.java,src/main/java/com/alibaba/excel/write/metadata/holder/AbstractWriteHolder.java.AbstractWriteHolder.compatibleOldCodeCreateRowCellStyleStrategy.Feature Envy,2.0.0-beta1,2.2.1,3.0.0-beta1,6
easyexcel,2.1.1,com.alibaba.excel.write.metadata.holder,AbstractWriteHolder,ignore,Complex Method,"checkstyle,experts",src/main/java/com/alibaba/excel/write/metadata/holder/AbstractWriteHolder.java,src/main/java/com/alibaba/excel/write/metadata/holder/AbstractWriteHolder.java.AbstractWriteHolder.ignore.Complex Method,2.1.1,3.0.1,3.1.0,5
easyexcel,2.2.1,com.alibaba.excel.write.metadata.holder,AbstractWriteHolder,initAnnotationConfig,Complex Method,"designitejava,checkstyle,experts",src/main/java/com/alibaba/excel/write/metadata/holder/AbstractWriteHolder.java,src/main/java/com/alibaba/excel/write/metadata/holder/AbstractWriteHolder.java.AbstractWriteHolder.initAnnotationConfig.Complex Method,2.2.1,3.0.0-beta1,3.0.1,2
easyexcel,2.0.0-beta1,com.alibaba.excel.write.metadata.holder,AbstractWriteHolder,initAnnotationConfig,Feature Envy,"checkstyle,experts",src/main/java/com/alibaba/excel/write/metadata/holder/AbstractWriteHolder.java,src/main/java/com/alibaba/excel/write/metadata/holder/AbstractWriteHolder.java.AbstractWriteHolder.initAnnotationConfig.Feature Envy,2.0.0-beta1,2.0.0-beta1,2.0.0,1
easyexcel,2.0.0-beta1,com.alibaba.excel.write.metadata.holder,AbstractWriteHolder,method,Complex Method,"pmd,experts",src/main/java/com/alibaba/excel/write/metadata/holder/AbstractWriteHolder.java,src/main/java/com/alibaba/excel/write/metadata/holder/AbstractWriteHolder.java.AbstractWriteHolder.method.Complex Method,2.0.0-beta1,3.0.1,3.1.0,8
easyexcel,2.0.0-beta1,com.alibaba.excel.write.metadata.holder,AbstractWriteHolder,sortAndClearUpHandler,Complex Method,"designitejava,pmd,checkstyle,experts",src/main/java/com/alibaba/excel/write/metadata/holder/AbstractWriteHolder.java,src/main/java/com/alibaba/excel/write/metadata/holder/AbstractWriteHolder.java.AbstractWriteHolder.sortAndClearUpHandler.Complex Method,2.0.0-beta1,3.0.1,3.1.0,8
easyexcel,2.0.0-beta1,com.alibaba.excel.write.metadata.holder,WriteSheetHolder,WriteSheetHolder,Feature Envy,"checkstyle,experts",src/main/java/com/alibaba/excel/write/metadata/holder/WriteSheetHolder.java,src/main/java/com/alibaba/excel/write/metadata/holder/WriteSheetHolder.java.WriteSheetHolder.WriteSheetHolder.Feature Envy,2.0.0-beta1,3.0.1,3.1.0,8
easyexcel,2.0.0-beta1,com.alibaba.excel.write.metadata.holder,WriteSheetHolder,getNewRowIndexAndStartDoWrite,Long Method,"Decor,experts",src/main/java/com/alibaba/excel/write/metadata/holder/WriteSheetHolder.java,src/main/java/com/alibaba/excel/write/metadata/holder/WriteSheetHolder.java.WriteSheetHolder.getNewRowIndexAndStartDoWrite.Long Method,2.0.0-beta1,3.0.1,3.1.0,8
easyexcel,2.0.0-beta1,com.alibaba.excel.write.metadata.holder,WriteWorkbookHolder,WriteWorkbookHolder,Complex Method,"designitejava,experts",src/main/java/com/alibaba/excel/write/metadata/holder/WriteWorkbookHolder.java,src/main/java/com/alibaba/excel/write/metadata/holder/WriteWorkbookHolder.java.WriteWorkbookHolder.WriteWorkbookHolder.Complex Method,2.0.0-beta1,3.0.1,3.1.0,8
easyexcel,2.0.0-beta1,com.alibaba.excel.write.metadata.holder,WriteWorkbookHolder,WriteWorkbookHolder,Feature Envy,"checkstyle,experts",src/main/java/com/alibaba/excel/write/metadata/holder/WriteWorkbookHolder.java,src/main/java/com/alibaba/excel/write/metadata/holder/WriteWorkbookHolder.java.WriteWorkbookHolder.WriteWorkbookHolder.Feature Envy,2.0.0-beta1,3.0.1,3.1.0,8
easyexcel,2.1.0-beta1,com.alibaba.excel.write.metadata.holder,WriteWorkbookHolder,copyTemplate,Feature Envy,"checkstyle,experts",src/main/java/com/alibaba/excel/write/metadata/holder/WriteWorkbookHolder.java,src/main/java/com/alibaba/excel/write/metadata/holder/WriteWorkbookHolder.java.WriteWorkbookHolder.copyTemplate.Feature Envy,2.1.0-beta1,3.0.1,3.1.0,6
easyexcel,2.1.0-beta1,com.alibaba.excel.write.metadata.holder,WriteWorkbookHolder,copyTemplate,Long Method,"Decor,experts",src/main/java/com/alibaba/excel/write/metadata/holder/WriteWorkbookHolder.java,src/main/java/com/alibaba/excel/write/metadata/holder/WriteWorkbookHolder.java.WriteWorkbookHolder.copyTemplate.Long Method,2.1.0-beta1,3.0.0-beta1,3.0.1,5
easyexcel,3.0.1,com.alibaba.excel.write.metadata.holder,WriteWorkbookHolder,createCellStyle,Complex Method,"designitejava,experts",src/main/java/com/alibaba/excel/write/metadata/holder/WriteWorkbookHolder.java,src/main/java/com/alibaba/excel/write/metadata/holder/WriteWorkbookHolder.java.WriteWorkbookHolder.createCellStyle.Complex Method,3.0.1,3.0.1,3.1.0,1
easyexcel,2.0.0-beta1,com.alibaba.excel.write.metadata.holder,WriteWorkbookHolder,method,Complex Method,"pmd,experts",src/main/java/com/alibaba/excel/write/metadata/holder/WriteWorkbookHolder.java,src/main/java/com/alibaba/excel/write/metadata/holder/WriteWorkbookHolder.java.WriteWorkbookHolder.method.Complex Method,2.0.0-beta1,3.0.1,3.1.0,8
easyexcel,2.2.0-beta1,com.alibaba.excel.write.metadata.style,WriteCellStyle,build,Complex Method,"designitejava,pmd,checkstyle,experts",src/main/java/com/alibaba/excel/write/metadata/style/WriteCellStyle.java,src/main/java/com/alibaba/excel/write/metadata/style/WriteCellStyle.java.WriteCellStyle.build.Complex Method,2.2.0-beta1,3.0.0-beta1,3.0.1,3
easyexcel,2.2.0-beta1,com.alibaba.excel.write.metadata.style,WriteCellStyle,build,Feature Envy,"checkstyle,experts",src/main/java/com/alibaba/excel/write/metadata/style/WriteCellStyle.java,src/main/java/com/alibaba/excel/write/metadata/style/WriteCellStyle.java.WriteCellStyle.build.Feature Envy,2.2.0-beta1,2.2.1,3.0.0-beta1,2
easyexcel,3.0.1,com.alibaba.excel.write.metadata.style,WriteCellStyle,buildFontProperty,Complex Method,"designitejava,checkstyle,experts",src/main/java/com/alibaba/excel/write/metadata/style/WriteCellStyle.java,src/main/java/com/alibaba/excel/write/metadata/style/WriteCellStyle.java.WriteCellStyle.buildFontProperty.Complex Method,3.0.1,3.0.1,3.1.0,1
easyexcel,3.0.1,com.alibaba.excel.write.metadata.style,WriteCellStyle,buildFontProperty,Feature Envy,"checkstyle,experts",src/main/java/com/alibaba/excel/write/metadata/style/WriteCellStyle.java,src/main/java/com/alibaba/excel/write/metadata/style/WriteCellStyle.java.WriteCellStyle.buildFontProperty.Feature Envy,3.0.1,3.0.1,3.1.0,1
easyexcel,3.0.1,com.alibaba.excel.write.metadata.style,WriteCellStyle,buildStyleProperty,Complex Method,"designitejava,pmd,checkstyle,experts",src/main/java/com/alibaba/excel/write/metadata/style/WriteCellStyle.java,src/main/java/com/alibaba/excel/write/metadata/style/WriteCellStyle.java.WriteCellStyle.buildStyleProperty.Complex Method,3.0.1,3.0.1,3.1.0,1
easyexcel,3.0.1,com.alibaba.excel.write.metadata.style,WriteCellStyle,buildStyleProperty,Feature Envy,"checkstyle,experts",src/main/java/com/alibaba/excel/write/metadata/style/WriteCellStyle.java,src/main/java/com/alibaba/excel/write/metadata/style/WriteCellStyle.java.WriteCellStyle.buildStyleProperty.Feature Envy,3.0.1,3.0.1,3.1.0,1
easyexcel,3.0.1,com.alibaba.excel.write.metadata.style,WriteCellStyle,merge,Complex Method,"designitejava,pmd,checkstyle,experts",src/main/java/com/alibaba/excel/write/metadata/style/WriteCellStyle.java,src/main/java/com/alibaba/excel/write/metadata/style/WriteCellStyle.java.WriteCellStyle.merge.Complex Method,3.0.1,3.0.1,3.1.0,1
easyexcel,3.0.1,com.alibaba.excel.write.metadata.style,WriteFont,merge,Complex Method,"designitejava,checkstyle,experts",src/main/java/com/alibaba/excel/write/metadata/style/WriteFont.java,src/main/java/com/alibaba/excel/write/metadata/style/WriteFont.java.WriteFont.merge.Complex Method,3.0.1,3.0.1,3.1.0,1
easyexcel,3.0.1,com.alibaba.excel.write.metadata.style,WriteFont,merge,Long Method,"Decor,experts",src/main/java/com/alibaba/excel/write/metadata/style/WriteFont.java,src/main/java/com/alibaba/excel/write/metadata/style/WriteFont.java.WriteFont.merge.Long Method,3.0.1,3.0.1,3.1.0,1
easyexcel,2.2.0-beta1,com.alibaba.excel.write.property,ExcelWriteHeadProperty,ExcelWriteHeadProperty,Complex Method,"designitejava,experts",src/main/java/com/alibaba/excel/write/property/ExcelWriteHeadProperty.java,src/main/java/com/alibaba/excel/write/property/ExcelWriteHeadProperty.java.ExcelWriteHeadProperty.ExcelWriteHeadProperty.Complex Method,2.2.0-beta1,3.0.0-beta1,3.0.1,3
easyexcel,2.0.0-beta1,com.alibaba.excel.write.property,ExcelWriteHeadProperty,ExcelWriteHeadProperty,Feature Envy,"checkstyle,experts",src/main/java/com/alibaba/excel/write/property/ExcelWriteHeadProperty.java,src/main/java/com/alibaba/excel/write/property/ExcelWriteHeadProperty.java.ExcelWriteHeadProperty.ExcelWriteHeadProperty.Feature Envy,2.0.0-beta1,2.2.1,3.0.0-beta1,6
easyexcel,2.0.0-beta1,com.alibaba.excel.write.property,ExcelWriteHeadProperty,headCellRangeList,Complex Method,"designitejava,pmd,checkstyle,experts",src/main/java/com/alibaba/excel/write/property/ExcelWriteHeadProperty.java,src/main/java/com/alibaba/excel/write/property/ExcelWriteHeadProperty.java.ExcelWriteHeadProperty.headCellRangeList.Complex Method,2.0.0-beta1,3.0.1,3.1.0,8
easyexcel,2.0.0-beta1,com.alibaba.excel.write.property,ExcelWriteHeadProperty,headCellRangeList,Feature Envy,"checkstyle,experts",src/main/java/com/alibaba/excel/write/property/ExcelWriteHeadProperty.java,src/main/java/com/alibaba/excel/write/property/ExcelWriteHeadProperty.java.ExcelWriteHeadProperty.headCellRangeList.Feature Envy,2.0.0-beta1,3.0.1,3.1.0,8
easyexcel,2.2.0-beta1,com.alibaba.excel.write.property,ExcelWriteHeadProperty,method,Complex Method,"pmd,experts",src/main/java/com/alibaba/excel/write/property/ExcelWriteHeadProperty.java,src/main/java/com/alibaba/excel/write/property/ExcelWriteHeadProperty.java.ExcelWriteHeadProperty.method.Complex Method,2.2.0-beta1,2.2.1,3.0.0-beta1,2
easyexcel,2.0.0-beta1,com.alibaba.excel.write.style,AbstractCellStyleStrategy,afterCellCreate,Long Parameter List,"designitejava,experts",src/main/java/com/alibaba/excel/write/style/AbstractCellStyleStrategy.java,src/main/java/com/alibaba/excel/write/style/AbstractCellStyleStrategy.java.AbstractCellStyleStrategy.afterCellCreate.Long Parameter List,2.0.0-beta1,2.2.1,3.0.0-beta1,6
easyexcel,2.2.0-beta1,com.alibaba.excel.write.style,AbstractCellStyleStrategy,afterCellDataConverted,Long Parameter List,"designitejava,checkstyle,experts",src/main/java/com/alibaba/excel/write/style/AbstractCellStyleStrategy.java,src/main/java/com/alibaba/excel/write/style/AbstractCellStyleStrategy.java.AbstractCellStyleStrategy.afterCellDataConverted.Long Parameter List,2.2.0-beta1,2.2.1,3.0.0-beta1,2
easyexcel,2.1.0-beta1,com.alibaba.excel.write.style,AbstractCellStyleStrategy,afterCellDispose,Long Parameter List,"designitejava,checkstyle,experts",src/main/java/com/alibaba/excel/write/style/AbstractCellStyleStrategy.java,src/main/java/com/alibaba/excel/write/style/AbstractCellStyleStrategy.java.AbstractCellStyleStrategy.afterCellDispose.Long Parameter List,2.1.0-beta1,2.2.1,3.0.0-beta1,4
easyexcel,2.0.0-beta1,com.alibaba.excel.write.style,AbstractCellStyleStrategy,beforeCellCreate,Long Parameter List,"designitejava,experts",src/main/java/com/alibaba/excel/write/style/AbstractCellStyleStrategy.java,src/main/java/com/alibaba/excel/write/style/AbstractCellStyleStrategy.java.AbstractCellStyleStrategy.beforeCellCreate.Long Parameter List,2.0.0-beta1,2.2.1,3.0.0-beta1,6
easyexcel,2.0.0-beta1,com.alibaba.excel.write.style,AbstractVerticalCellStyleStrategy,setContentCellStyle,Long Method,"Decor,experts",src/main/java/com/alibaba/excel/write/style/AbstractVerticalCellStyleStrategy.java,src/main/java/com/alibaba/excel/write/style/AbstractVerticalCellStyleStrategy.java.AbstractVerticalCellStyleStrategy.setContentCellStyle.Long Method,2.0.0-beta1,2.2.1,3.0.0-beta1,6
easyexcel,3.0.1,com.alibaba.excel.write.style,DefaultStyle,DefaultStyle,Feature Envy,"checkstyle,experts",src/main/java/com/alibaba/excel/write/style/DefaultStyle.java,src/main/java/com/alibaba/excel/write/style/DefaultStyle.java.DefaultStyle.DefaultStyle.Feature Envy,3.0.1,3.0.1,3.1.0,1
easyexcel,2.0.0-beta1,com.alibaba.excel.write.style.column,AbstractColumnWidthStyleStrategy,afterCellCreate,Long Parameter List,"designitejava,experts",src/main/java/com/alibaba/excel/write/style/column/AbstractColumnWidthStyleStrategy.java,src/main/java/com/alibaba/excel/write/style/column/AbstractColumnWidthStyleStrategy.java.AbstractColumnWidthStyleStrategy.afterCellCreate.Long Parameter List,2.0.0-beta1,2.1.1,2.2.0-beta1,4
easyexcel,2.1.0-beta1,com.alibaba.excel.write.style.column,AbstractColumnWidthStyleStrategy,afterCellDispose,Long Parameter List,"designitejava,checkstyle,experts",src/main/java/com/alibaba/excel/write/style/column/AbstractColumnWidthStyleStrategy.java,src/main/java/com/alibaba/excel/write/style/column/AbstractColumnWidthStyleStrategy.java.AbstractColumnWidthStyleStrategy.afterCellDispose.Long Parameter List,2.1.0-beta1,2.2.1,3.0.0-beta1,4
easyexcel,2.0.0-beta1,com.alibaba.excel.write.style.column,AbstractColumnWidthStyleStrategy,beforeCellCreate,Long Parameter List,"designitejava,experts",src/main/java/com/alibaba/excel/write/style/column/AbstractColumnWidthStyleStrategy.java,src/main/java/com/alibaba/excel/write/style/column/AbstractColumnWidthStyleStrategy.java.AbstractColumnWidthStyleStrategy.beforeCellCreate.Long Parameter List,2.0.0-beta1,2.1.1,2.2.0-beta1,4
easyexcel,2.0.0-beta1,com.alibaba.excel.write.style.column,AbstractColumnWidthStyleStrategy,setColumnWidth,Long Parameter List,"designitejava,checkstyle,experts",src/main/java/com/alibaba/excel/write/style/column/AbstractColumnWidthStyleStrategy.java,src/main/java/com/alibaba/excel/write/style/column/AbstractColumnWidthStyleStrategy.java.AbstractColumnWidthStyleStrategy.setColumnWidth.Long Parameter List,2.0.0-beta1,3.0.1,3.1.0,8
easyexcel,2.0.0-beta1,com.alibaba.excel.write.style.column,AbstractHeadColumnWidthStyleStrategy,setColumnWidth,Long Parameter List,"designitejava,checkstyle,experts",src/main/java/com/alibaba/excel/write/style/column/AbstractHeadColumnWidthStyleStrategy.java,src/main/java/com/alibaba/excel/write/style/column/AbstractHeadColumnWidthStyleStrategy.java.AbstractHeadColumnWidthStyleStrategy.setColumnWidth.Long Parameter List,2.0.0-beta1,3.0.1,3.1.0,8
easyexcel,2.0.0-beta1,com.alibaba.excel.write.style.column,LongestMatchColumnWidthStyleStrategy,dataLength,Feature Envy,"checkstyle,experts",src/main/java/com/alibaba/excel/write/style/column/LongestMatchColumnWidthStyleStrategy.java,src/main/java/com/alibaba/excel/write/style/column/LongestMatchColumnWidthStyleStrategy.java.LongestMatchColumnWidthStyleStrategy.dataLength.Feature Envy,2.0.0-beta1,2.2.1,3.0.0-beta1,6
easyexcel,2.0.0-beta1,com.alibaba.excel.write.style.column,LongestMatchColumnWidthStyleStrategy,setColumnWidth,Feature Envy,"checkstyle,experts",src/main/java/com/alibaba/excel/write/style/column/LongestMatchColumnWidthStyleStrategy.java,src/main/java/com/alibaba/excel/write/style/column/LongestMatchColumnWidthStyleStrategy.java.LongestMatchColumnWidthStyleStrategy.setColumnWidth.Feature Envy,2.0.0-beta1,3.0.1,3.1.0,8
easyexcel,2.0.0-beta1,com.alibaba.excel.write.style.column,LongestMatchColumnWidthStyleStrategy,setColumnWidth,Long Method,"Decor,experts",src/main/java/com/alibaba/excel/write/style/column/LongestMatchColumnWidthStyleStrategy.java,src/main/java/com/alibaba/excel/write/style/column/LongestMatchColumnWidthStyleStrategy.java.LongestMatchColumnWidthStyleStrategy.setColumnWidth.Long Method,2.0.0-beta1,3.0.1,3.1.0,8
easyexcel,2.0.0-beta1,com.alibaba.excel.write.style.column,LongestMatchColumnWidthStyleStrategy,setColumnWidth,Long Parameter List,"designitejava,checkstyle,experts",src/main/java/com/alibaba/excel/write/style/column/LongestMatchColumnWidthStyleStrategy.java,src/main/java/com/alibaba/excel/write/style/column/LongestMatchColumnWidthStyleStrategy.java.LongestMatchColumnWidthStyleStrategy.setColumnWidth.Long Parameter List,2.0.0-beta1,3.0.1,3.1.0,8
easyexcel,2.0.0-beta1,com.alibaba.excel.write.style.row,AbstractRowHeightStyleStrategy,afterRowCreate,Long Parameter List,"designitejava,experts",src/main/java/com/alibaba/excel/write/style/row/AbstractRowHeightStyleStrategy.java,src/main/java/com/alibaba/excel/write/style/row/AbstractRowHeightStyleStrategy.java.AbstractRowHeightStyleStrategy.afterRowCreate.Long Parameter List,2.0.0-beta1,2.2.1,3.0.0-beta1,6
easyexcel,2.1.0-beta1,com.alibaba.excel.write.style.row,AbstractRowHeightStyleStrategy,afterRowDispose,Long Parameter List,"designitejava,experts",src/main/java/com/alibaba/excel/write/style/row/AbstractRowHeightStyleStrategy.java,src/main/java/com/alibaba/excel/write/style/row/AbstractRowHeightStyleStrategy.java.AbstractRowHeightStyleStrategy.afterRowDispose.Long Parameter List,2.1.0-beta1,2.2.1,3.0.0-beta1,4
easyexcel,2.0.0-beta1,com.alibaba.excel.write.style.row,AbstractRowHeightStyleStrategy,beforeRowCreate,Long Parameter List,"designitejava,experts",src/main/java/com/alibaba/excel/write/style/row/AbstractRowHeightStyleStrategy.java,src/main/java/com/alibaba/excel/write/style/row/AbstractRowHeightStyleStrategy.java.AbstractRowHeightStyleStrategy.beforeRowCreate.Long Parameter List,2.0.0-beta1,2.2.1,3.0.0-beta1,6
easyexcel,1.1,com.alibaba.easyexcel.test,ReadTest,,God Class,"pmd,experts",src/test/java/com/alibaba/easyexcel/test/ReadTest.java,src/test/java/com/alibaba/easyexcel/test/ReadTest.java.ReadTest..God Class,1.1,1.1,2.0.0-beta1,1
easyexcel,1.1,com.alibaba.easyexcel.test,ReadTest,saxReadSheetsV2003,Feature Envy,"checkstyle,experts",src/test/java/com/alibaba/easyexcel/test/ReadTest.java,src/test/java/com/alibaba/easyexcel/test/ReadTest.java.ReadTest.saxReadSheetsV2003.Feature Envy,1.1,1.1,2.0.0-beta1,1
easyexcel,1.1,com.alibaba.easyexcel.test,ReadTest,saxReadSheetsV2007,Feature Envy,"checkstyle,experts",src/test/java/com/alibaba/easyexcel/test/ReadTest.java,src/test/java/com/alibaba/easyexcel/test/ReadTest.java.ReadTest.saxReadSheetsV2007.Feature Envy,1.1,1.1,2.0.0-beta1,1
easyexcel,1.1,com.alibaba.easyexcel.test,ReadTest,saxReadSheetsV2007,Long Method,"Decor,experts",src/test/java/com/alibaba/easyexcel/test/ReadTest.java,src/test/java/com/alibaba/easyexcel/test/ReadTest.java.ReadTest.saxReadSheetsV2007.Long Method,1.1,1.1,2.0.0-beta1,1
easyexcel,1.1,com.alibaba.easyexcel.test,WriteTest,writeV2003,Feature Envy,"checkstyle,experts",src/test/java/com/alibaba/easyexcel/test/WriteTest.java,src/test/java/com/alibaba/easyexcel/test/WriteTest.java.WriteTest.writeV2003.Feature Envy,1.1,1.1,2.0.0-beta1,1
easyexcel,1.1,com.alibaba.easyexcel.test,WriteTest,writeV2007,Feature Envy,"checkstyle,experts",src/test/java/com/alibaba/easyexcel/test/WriteTest.java,src/test/java/com/alibaba/easyexcel/test/WriteTest.java.WriteTest.writeV2007.Feature Envy,1.1,1.1,2.0.0-beta1,1
easyexcel,1.1,com.alibaba.easyexcel.test,WriteTest,writeV2007WithTemplate,Feature Envy,"checkstyle,experts",src/test/java/com/alibaba/easyexcel/test/WriteTest.java,src/test/java/com/alibaba/easyexcel/test/WriteTest.java.WriteTest.writeV2007WithTemplate.Feature Envy,1.1,1.1,2.0.0-beta1,1
easyexcel,1.1,com.alibaba.easyexcel.test,WriteTest,writeV2007WithTemplate,Long Method,"Decor,experts",src/test/java/com/alibaba/easyexcel/test/WriteTest.java,src/test/java/com/alibaba/easyexcel/test/WriteTest.java.WriteTest.writeV2007WithTemplate.Long Method,1.1,1.1,2.0.0-beta1,1
easyexcel,1.1,com.alibaba.easyexcel.test,WriteTest,writeV2007WithTemplateAndHandler,Feature Envy,"checkstyle,experts",src/test/java/com/alibaba/easyexcel/test/WriteTest.java,src/test/java/com/alibaba/easyexcel/test/WriteTest.java.WriteTest.writeV2007WithTemplateAndHandler.Feature Envy,1.1,1.1,2.0.0-beta1,1
easyexcel,2.0.0-beta1,com.alibaba.easyexcel.test.core.annotation,AnnotationDataListener,doAfterAllAnalysed,Long Method,"Decor,experts",src/test/java/com/alibaba/easyexcel/test/core/annotation/AnnotationDataListener.java,src/test/java/com/alibaba/easyexcel/test/core/annotation/AnnotationDataListener.java.AnnotationDataListener.doAfterAllAnalysed.Long Method,2.0.0-beta1,2.0.0-beta1,2.0.0,1
easyexcel,2.0.0-beta1,com.alibaba.easyexcel.test.core.annotation,AnnotationDataTest,data,Long Method,"Decor,experts",src/test/java/com/alibaba/easyexcel/test/core/annotation/AnnotationDataTest.java,src/test/java/com/alibaba/easyexcel/test/core/annotation/AnnotationDataTest.java.AnnotationDataTest.data.Long Method,2.0.0-beta1,2.1.0-beta1,2.1.1,3
easyexcel,3.0.1,com.alibaba.easyexcel.test.core.annotation,AnnotationDataTest,init,Feature Envy,"checkstyle,experts",src/test/java/com/alibaba/easyexcel/test/core/annotation/AnnotationDataTest.java,src/test/java/com/alibaba/easyexcel/test/core/annotation/AnnotationDataTest.java.AnnotationDataTest.init.Feature Envy,3.0.1,3.0.1,3.1.0,1
easyexcel,2.0.0-beta1,com.alibaba.easyexcel.test.core.annotation,AnnotationIndexAndNameDataListener,doAfterAllAnalysed,Long Method,"Decor,experts",src/test/java/com/alibaba/easyexcel/test/core/annotation/AnnotationIndexAndNameDataListener.java,src/test/java/com/alibaba/easyexcel/test/core/annotation/AnnotationIndexAndNameDataListener.java.AnnotationIndexAndNameDataListener.doAfterAllAnalysed.Long Method,2.0.0-beta1,2.0.0-beta1,2.0.0,1
easyexcel,2.0.0-beta1,com.alibaba.easyexcel.test.core.annotation,AnnotationIndexAndNameDataTest,data,Long Method,"Decor,experts",src/test/java/com/alibaba/easyexcel/test/core/annotation/AnnotationIndexAndNameDataTest.java,src/test/java/com/alibaba/easyexcel/test/core/annotation/AnnotationIndexAndNameDataTest.java.AnnotationIndexAndNameDataTest.data.Long Method,2.0.0-beta1,2.1.0-beta1,2.1.1,3
easyexcel,3.0.1,com.alibaba.easyexcel.test.core.annotation,AnnotationIndexAndNameDataTest,init,Feature Envy,"checkstyle,experts",src/test/java/com/alibaba/easyexcel/test/core/annotation/AnnotationIndexAndNameDataTest.java,src/test/java/com/alibaba/easyexcel/test/core/annotation/AnnotationIndexAndNameDataTest.java.AnnotationIndexAndNameDataTest.init.Feature Envy,3.0.1,3.0.1,3.1.0,1
easyexcel,2.1.0-beta1,com.alibaba.easyexcel.test.core.celldata,CellDataDataTest,data,Feature Envy,"checkstyle,experts",src/test/java/com/alibaba/easyexcel/test/core/celldata/CellDataDataTest.java,src/test/java/com/alibaba/easyexcel/test/core/celldata/CellDataDataTest.java.CellDataDataTest.data.Feature Envy,2.1.0-beta1,2.2.1,3.0.0-beta1,4
easyexcel,2.1.0-beta1,com.alibaba.easyexcel.test.core.celldata,CellDataDataTest,data,Long Method,"Decor,experts",src/test/java/com/alibaba/easyexcel/test/core/celldata/CellDataDataTest.java,src/test/java/com/alibaba/easyexcel/test/core/celldata/CellDataDataTest.java.CellDataDataTest.data.Long Method,2.1.0-beta1,3.0.1,3.1.0,6
easyexcel,3.0.1,com.alibaba.easyexcel.test.core.celldata,CellDataDataTest,init,Feature Envy,"checkstyle,experts",src/test/java/com/alibaba/easyexcel/test/core/celldata/CellDataDataTest.java,src/test/java/com/alibaba/easyexcel/test/core/celldata/CellDataDataTest.java.CellDataDataTest.init.Feature Envy,3.0.1,3.0.1,3.1.0,1
easyexcel,2.0.0-beta1,com.alibaba.easyexcel.test.core.compatibility,CompatibilityDataTest,readAndWrite,Feature Envy,"checkstyle,experts",src/test/java/com/alibaba/easyexcel/test/core/compatibility/CompatibilityDataTest.java,src/test/java/com/alibaba/easyexcel/test/core/compatibility/CompatibilityDataTest.java.CompatibilityDataTest.readAndWrite.Feature Envy,2.0.0-beta1,2.2.1,3.0.0-beta1,6
easyexcel,2.0.0-beta1,com.alibaba.easyexcel.test.core.compatibility,CompatibilityDataTest,style,Feature Envy,"checkstyle,experts",src/test/java/com/alibaba/easyexcel/test/core/compatibility/CompatibilityDataTest.java,src/test/java/com/alibaba/easyexcel/test/core/compatibility/CompatibilityDataTest.java.CompatibilityDataTest.style.Feature Envy,2.0.0-beta1,2.2.1,3.0.0-beta1,6
easyexcel,2.0.0-beta1,com.alibaba.easyexcel.test.core.compatibility,CompatibilityParameterDataTest,readAndWrite3,Long Method,"Decor,experts",src/test/java/com/alibaba/easyexcel/test/core/compatibility/CompatibilityParameterDataTest.java,src/test/java/com/alibaba/easyexcel/test/core/compatibility/CompatibilityParameterDataTest.java.CompatibilityParameterDataTest.readAndWrite3.Long Method,2.0.0-beta1,2.2.1,3.0.0-beta1,6
easyexcel,2.0.0-beta1,com.alibaba.easyexcel.test.core.converter,ConverterDataListener,doAfterAllAnalysed,Long Method,"Decor,experts",src/test/java/com/alibaba/easyexcel/test/core/converter/ConverterDataListener.java,src/test/java/com/alibaba/easyexcel/test/core/converter/ConverterDataListener.java.ConverterDataListener.doAfterAllAnalysed.Long Method,2.0.0-beta1,3.0.1,3.1.0,8
easyexcel,2.0.0-beta1,com.alibaba.easyexcel.test.core.converter,ConverterDataTest,,God Class,"pmd,experts",src/test/java/com/alibaba/easyexcel/test/core/converter/ConverterDataTest.java,src/test/java/com/alibaba/easyexcel/test/core/converter/ConverterDataTest.java.ConverterDataTest..God Class,2.0.0-beta1,3.0.1,3.1.0,8
easyexcel,2.0.0-beta1,com.alibaba.easyexcel.test.core.converter,ConverterDataTest,data,Long Method,"Decor,experts",src/test/java/com/alibaba/easyexcel/test/core/converter/ConverterDataTest.java,src/test/java/com/alibaba/easyexcel/test/core/converter/ConverterDataTest.java.ConverterDataTest.data.Long Method,2.0.0-beta1,3.0.1,3.1.0,8
easyexcel,2.0.0-beta1,com.alibaba.easyexcel.test.core.converter,ConverterDataTest,init,Feature Envy,"checkstyle,experts",src/test/java/com/alibaba/easyexcel/test/core/converter/ConverterDataTest.java,src/test/java/com/alibaba/easyexcel/test/core/converter/ConverterDataTest.java.ConverterDataTest.init.Feature Envy,2.0.0-beta1,3.0.1,3.1.0,8
easyexcel,2.1.0-beta1,com.alibaba.easyexcel.test.core.encrypt,EncryptDataTest,init,Feature Envy,"checkstyle,experts",src/test/java/com/alibaba/easyexcel/test/core/encrypt/EncryptDataTest.java,src/test/java/com/alibaba/easyexcel/test/core/encrypt/EncryptDataTest.java.EncryptDataTest.init.Feature Envy,2.1.0-beta1,3.0.1,3.1.0,6
easyexcel,3.0.1,com.alibaba.easyexcel.test.core.exception,ExceptionDataTest,init,Feature Envy,"checkstyle,experts",src/test/java/com/alibaba/easyexcel/test/core/exception/ExceptionDataTest.java,src/test/java/com/alibaba/easyexcel/test/core/exception/ExceptionDataTest.java.ExceptionDataTest.init.Feature Envy,3.0.1,3.0.1,3.1.0,1
easyexcel,3.0.0-beta1,com.alibaba.easyexcel.test.core.excludeorinclude,ExcludeOrIncludeDataTest,,God Class,"pmd,experts",src/test/java/com/alibaba/easyexcel/test/core/excludeorinclude/ExcludeOrIncludeDataTest.java,src/test/java/com/alibaba/easyexcel/test/core/excludeorinclude/ExcludeOrIncludeDataTest.java.ExcludeOrIncludeDataTest..God Class,3.0.0-beta1,3.0.1,3.1.0,2
easyexcel,3.0.1,com.alibaba.easyexcel.test.core.excludeorinclude,ExcludeOrIncludeDataTest,init,Feature Envy,"checkstyle,experts",src/test/java/com/alibaba/easyexcel/test/core/excludeorinclude/ExcludeOrIncludeDataTest.java,src/test/java/com/alibaba/easyexcel/test/core/excludeorinclude/ExcludeOrIncludeDataTest.java.ExcludeOrIncludeDataTest.init.Feature Envy,3.0.1,3.0.1,3.1.0,1
easyexcel,3.0.0-beta1,com.alibaba.easyexcel.test.core.excludeorinclude,ExcludeOrIncludeDataTest,init,Long Method,"Decor,experts",src/test/java/com/alibaba/easyexcel/test/core/excludeorinclude/ExcludeOrIncludeDataTest.java,src/test/java/com/alibaba/easyexcel/test/core/excludeorinclude/ExcludeOrIncludeDataTest.java.ExcludeOrIncludeDataTest.init.Long Method,3.0.0-beta1,3.0.1,3.1.0,2
easyexcel,2.2.0-beta1,com.alibaba.easyexcel.test.core.extra,ExtraDataListener,extra,Feature Envy,"checkstyle,experts",src/test/java/com/alibaba/easyexcel/test/core/extra/ExtraDataListener.java,src/test/java/com/alibaba/easyexcel/test/core/extra/ExtraDataListener.java.ExtraDataListener.extra.Feature Envy,2.2.0-beta1,3.0.1,3.1.0,4
easyexcel,2.2.0-beta1,com.alibaba.easyexcel.test.core.extra,ExtraDataListener,extra,Long Method,"Decor,experts",src/test/java/com/alibaba/easyexcel/test/core/extra/ExtraDataListener.java,src/test/java/com/alibaba/easyexcel/test/core/extra/ExtraDataListener.java.ExtraDataListener.extra.Long Method,2.2.0-beta1,3.0.1,3.1.0,4
easyexcel,2.1.0-beta1,com.alibaba.easyexcel.test.core.fill,FillDataTest,,God Class,"pmd,experts",src/test/java/com/alibaba/easyexcel/test/core/fill/FillDataTest.java,src/test/java/com/alibaba/easyexcel/test/core/fill/FillDataTest.java.FillDataTest..God Class,2.1.0-beta1,3.0.1,3.1.0,6
easyexcel,2.1.0-beta1,com.alibaba.easyexcel.test.core.fill,FillDataTest,complexFill,Long Method,"Decor,experts",src/test/java/com/alibaba/easyexcel/test/core/fill/FillDataTest.java,src/test/java/com/alibaba/easyexcel/test/core/fill/FillDataTest.java.FillDataTest.complexFill.Long Method,2.1.0-beta1,2.1.1,2.2.0-beta1,2
easyexcel,2.2.0-beta1,com.alibaba.easyexcel.test.core.fill,FillDataTest,compositeFill,Long Method,"Decor,experts",src/test/java/com/alibaba/easyexcel/test/core/fill/FillDataTest.java,src/test/java/com/alibaba/easyexcel/test/core/fill/FillDataTest.java.FillDataTest.compositeFill.Long Method,2.2.0-beta1,3.0.0-beta1,3.0.1,3
easyexcel,2.1.0-beta1,com.alibaba.easyexcel.test.core.fill,FillDataTest,init,Feature Envy,"checkstyle,experts",src/test/java/com/alibaba/easyexcel/test/core/fill/FillDataTest.java,src/test/java/com/alibaba/easyexcel/test/core/fill/FillDataTest.java.FillDataTest.init.Feature Envy,2.1.0-beta1,3.0.1,3.1.0,6
easyexcel,3.0.1,com.alibaba.easyexcel.test.core.fill,FillDataTest,init,Long Method,"Decor,experts",src/test/java/com/alibaba/easyexcel/test/core/fill/FillDataTest.java,src/test/java/com/alibaba/easyexcel/test/core/fill/FillDataTest.java.FillDataTest.init.Long Method,3.0.1,3.0.1,3.1.0,1
easyexcel,3.0.1,com.alibaba.easyexcel.test.core.fill.style,FillStyleAnnotatedTest$1,contentCellStyle,Feature Envy,"checkstyle,experts",src/test/java/com/alibaba/easyexcel/test/core/fill/style/FillStyleAnnotatedTest.java,src/test/java/com/alibaba/easyexcel/test/core/fill/style/FillStyleAnnotatedTest.java.FillStyleAnnotatedTest$1.contentCellStyle.Feature Envy,3.0.1,3.0.1,3.1.0,1
easyexcel,3.0.1,com.alibaba.easyexcel.test.core.fill.style,FillStyleAnnotatedTest,fillStyleHandler,Feature Envy,"checkstyle,experts",src/test/java/com/alibaba/easyexcel/test/core/fill/style/FillStyleAnnotatedTest.java,src/test/java/com/alibaba/easyexcel/test/core/fill/style/FillStyleAnnotatedTest.java.FillStyleAnnotatedTest.fillStyleHandler.Feature Envy,3.0.1,3.0.1,3.1.0,1
easyexcel,3.0.1,com.alibaba.easyexcel.test.core.fill.style,FillStyleAnnotatedTest,init,Feature Envy,"checkstyle,experts",src/test/java/com/alibaba/easyexcel/test/core/fill/style/FillStyleAnnotatedTest.java,src/test/java/com/alibaba/easyexcel/test/core/fill/style/FillStyleAnnotatedTest.java.FillStyleAnnotatedTest.init.Feature Envy,3.0.1,3.0.1,3.1.0,1
easyexcel,3.0.1,com.alibaba.easyexcel.test.core.fill.style,FillStyleDataTest$1,contentCellStyle,Feature Envy,"checkstyle,experts",src/test/java/com/alibaba/easyexcel/test/core/fill/style/FillStyleDataTest.java,src/test/java/com/alibaba/easyexcel/test/core/fill/style/FillStyleDataTest.java.FillStyleDataTest$1.contentCellStyle.Feature Envy,3.0.1,3.0.1,3.1.0,1
easyexcel,3.0.1,com.alibaba.easyexcel.test.core.fill.style,FillStyleDataTest,,God Class,"pmd,experts",src/test/java/com/alibaba/easyexcel/test/core/fill/style/FillStyleDataTest.java,src/test/java/com/alibaba/easyexcel/test/core/fill/style/FillStyleDataTest.java.FillStyleDataTest..God Class,3.0.1,3.0.1,3.1.0,1
easyexcel,3.0.1,com.alibaba.easyexcel.test.core.fill.style,FillStyleDataTest,fillStyleHandler,Feature Envy,"checkstyle,experts",src/test/java/com/alibaba/easyexcel/test/core/fill/style/FillStyleDataTest.java,src/test/java/com/alibaba/easyexcel/test/core/fill/style/FillStyleDataTest.java.FillStyleDataTest.fillStyleHandler.Feature Envy,3.0.1,3.0.1,3.1.0,1
easyexcel,3.0.1,com.alibaba.easyexcel.test.core.fill.style,FillStyleDataTest,init,Feature Envy,"checkstyle,experts",src/test/java/com/alibaba/easyexcel/test/core/fill/style/FillStyleDataTest.java,src/test/java/com/alibaba/easyexcel/test/core/fill/style/FillStyleDataTest.java.FillStyleDataTest.init.Feature Envy,3.0.1,3.0.1,3.1.0,1
easyexcel,3.0.0-beta1,com.alibaba.easyexcel.test.core.handler,WriteHandler,,God Class,"pmd,experts",src/test/java/com/alibaba/easyexcel/test/core/handler/WriteHandler.java,src/test/java/com/alibaba/easyexcel/test/core/handler/WriteHandler.java.WriteHandler..God Class,3.0.0-beta1,3.0.1,3.1.0,2
easyexcel,3.0.0-beta1,com.alibaba.easyexcel.test.core.handler,WriteHandler,afterCellCreate,Long Method,"Decor,experts",src/test/java/com/alibaba/easyexcel/test/core/handler/WriteHandler.java,src/test/java/com/alibaba/easyexcel/test/core/handler/WriteHandler.java.WriteHandler.afterCellCreate.Long Method,3.0.0-beta1,3.0.1,3.1.0,2
easyexcel,3.0.0-beta1,com.alibaba.easyexcel.test.core.handler,WriteHandler,afterCellCreate,Long Parameter List,"designitejava,experts",src/test/java/com/alibaba/easyexcel/test/core/handler/WriteHandler.java,src/test/java/com/alibaba/easyexcel/test/core/handler/WriteHandler.java.WriteHandler.afterCellCreate.Long Parameter List,3.0.0-beta1,3.0.1,3.1.0,2
easyexcel,3.0.0-beta1,com.alibaba.easyexcel.test.core.handler,WriteHandler,afterCellDataConverted,Long Parameter List,"designitejava,experts",src/test/java/com/alibaba/easyexcel/test/core/handler/WriteHandler.java,src/test/java/com/alibaba/easyexcel/test/core/handler/WriteHandler.java.WriteHandler.afterCellDataConverted.Long Parameter List,3.0.0-beta1,3.0.1,3.1.0,2
easyexcel,3.0.0-beta1,com.alibaba.easyexcel.test.core.handler,WriteHandler,afterCellDispose,Long Parameter List,"designitejava,experts",src/test/java/com/alibaba/easyexcel/test/core/handler/WriteHandler.java,src/test/java/com/alibaba/easyexcel/test/core/handler/WriteHandler.java.WriteHandler.afterCellDispose.Long Parameter List,3.0.0-beta1,3.0.1,3.1.0,2
easyexcel,3.0.0-beta1,com.alibaba.easyexcel.test.core.handler,WriteHandler,afterRowCreate,Long Parameter List,"designitejava,experts",src/test/java/com/alibaba/easyexcel/test/core/handler/WriteHandler.java,src/test/java/com/alibaba/easyexcel/test/core/handler/WriteHandler.java.WriteHandler.afterRowCreate.Long Parameter List,3.0.0-beta1,3.0.1,3.1.0,2
easyexcel,3.0.0-beta1,com.alibaba.easyexcel.test.core.handler,WriteHandler,afterRowDispose,Long Parameter List,"designitejava,experts",src/test/java/com/alibaba/easyexcel/test/core/handler/WriteHandler.java,src/test/java/com/alibaba/easyexcel/test/core/handler/WriteHandler.java.WriteHandler.afterRowDispose.Long Parameter List,3.0.0-beta1,3.0.1,3.1.0,2
easyexcel,3.0.0-beta1,com.alibaba.easyexcel.test.core.handler,WriteHandler,beforeCellCreate,Long Parameter List,"designitejava,experts",src/test/java/com/alibaba/easyexcel/test/core/handler/WriteHandler.java,src/test/java/com/alibaba/easyexcel/test/core/handler/WriteHandler.java.WriteHandler.beforeCellCreate.Long Parameter List,3.0.0-beta1,3.0.1,3.1.0,2
easyexcel,3.0.0-beta1,com.alibaba.easyexcel.test.core.handler,WriteHandler,beforeRowCreate,Long Parameter List,"designitejava,experts",src/test/java/com/alibaba/easyexcel/test/core/handler/WriteHandler.java,src/test/java/com/alibaba/easyexcel/test/core/handler/WriteHandler.java.WriteHandler.beforeRowCreate.Long Parameter List,3.0.0-beta1,3.0.1,3.1.0,2
easyexcel,3.0.0-beta1,com.alibaba.easyexcel.test.core.handler,WriteHandlerTest,,God Class,"pmd,experts",src/test/java/com/alibaba/easyexcel/test/core/handler/WriteHandlerTest.java,src/test/java/com/alibaba/easyexcel/test/core/handler/WriteHandlerTest.java.WriteHandlerTest..God Class,3.0.0-beta1,3.0.1,3.1.0,2
easyexcel,3.0.1,com.alibaba.easyexcel.test.core.handler,WriteHandlerTest,init,Feature Envy,"checkstyle,experts",src/test/java/com/alibaba/easyexcel/test/core/handler/WriteHandlerTest.java,src/test/java/com/alibaba/easyexcel/test/core/handler/WriteHandlerTest.java.WriteHandlerTest.init.Feature Envy,3.0.1,3.0.1,3.1.0,1
easyexcel,2.0.0-beta1,com.alibaba.easyexcel.test.core.head,ComplexHeadDataTest,data,Long Method,"Decor,experts",src/test/java/com/alibaba/easyexcel/test/core/head/ComplexHeadDataTest.java,src/test/java/com/alibaba/easyexcel/test/core/head/ComplexHeadDataTest.java.ComplexHeadDataTest.data.Long Method,2.0.0-beta1,2.2.1,3.0.0-beta1,6
easyexcel,2.2.0-beta1,com.alibaba.easyexcel.test.core.head,ComplexHeadDataTest,init,Feature Envy,"checkstyle,experts",src/test/java/com/alibaba/easyexcel/test/core/head/ComplexHeadDataTest.java,src/test/java/com/alibaba/easyexcel/test/core/head/ComplexHeadDataTest.java.ComplexHeadDataTest.init.Feature Envy,2.2.0-beta1,3.0.1,3.1.0,4
easyexcel,2.0.0-beta1,com.alibaba.easyexcel.test.core.head,ListHeadDataListener,doAfterAllAnalysed,Long Method,"Decor,experts",src/test/java/com/alibaba/easyexcel/test/core/head/ListHeadDataListener.java,src/test/java/com/alibaba/easyexcel/test/core/head/ListHeadDataListener.java.ListHeadDataListener.doAfterAllAnalysed.Long Method,2.0.0-beta1,2.0.0-beta1,2.0.0,1
easyexcel,2.0.0-beta1,com.alibaba.easyexcel.test.core.head,ListHeadDataTest,head,Long Method,"Decor,experts",src/test/java/com/alibaba/easyexcel/test/core/head/ListHeadDataTest.java,src/test/java/com/alibaba/easyexcel/test/core/head/ListHeadDataTest.java.ListHeadDataTest.head.Long Method,2.0.0-beta1,3.0.1,3.1.0,8
easyexcel,3.0.1,com.alibaba.easyexcel.test.core.head,ListHeadDataTest,init,Feature Envy,"checkstyle,experts",src/test/java/com/alibaba/easyexcel/test/core/head/ListHeadDataTest.java,src/test/java/com/alibaba/easyexcel/test/core/head/ListHeadDataTest.java.ListHeadDataTest.init.Feature Envy,3.0.1,3.0.1,3.1.0,1
easyexcel,3.0.1,com.alibaba.easyexcel.test.core.head,NoHeadDataTest,init,Feature Envy,"checkstyle,experts",src/test/java/com/alibaba/easyexcel/test/core/head/NoHeadDataTest.java,src/test/java/com/alibaba/easyexcel/test/core/head/NoHeadDataTest.java.NoHeadDataTest.init.Feature Envy,3.0.1,3.0.1,3.1.0,1
easyexcel,3.0.1,com.alibaba.easyexcel.test.core.large,LargeDataTest,init,Feature Envy,"checkstyle,experts",src/test/java/com/alibaba/easyexcel/test/core/large/LargeDataTest.java,src/test/java/com/alibaba/easyexcel/test/core/large/LargeDataTest.java.LargeDataTest.init.Feature Envy,3.0.1,3.0.1,3.1.0,1
easyexcel,2.1.0-beta1,com.alibaba.easyexcel.test.core.multiplesheets,MultipleSheetsDataTest,read,Long Method,"Decor,experts",src/test/java/com/alibaba/easyexcel/test/core/multiplesheets/MultipleSheetsDataTest.java,src/test/java/com/alibaba/easyexcel/test/core/multiplesheets/MultipleSheetsDataTest.java.MultipleSheetsDataTest.read.Long Method,2.1.0-beta1,2.2.1,3.0.0-beta1,4
easyexcel,3.0.1,com.alibaba.easyexcel.test.core.nomodel,NoModelDataTest,init,Feature Envy,"checkstyle,experts",src/test/java/com/alibaba/easyexcel/test/core/nomodel/NoModelDataTest.java,src/test/java/com/alibaba/easyexcel/test/core/nomodel/NoModelDataTest.java.NoModelDataTest.init.Feature Envy,3.0.1,3.0.1,3.1.0,1
easyexcel,3.0.0-beta1,com.alibaba.easyexcel.test.core.nomodel,NoModelDataTest,readAndWrite,Long Method,"Decor,experts",src/test/java/com/alibaba/easyexcel/test/core/nomodel/NoModelDataTest.java,src/test/java/com/alibaba/easyexcel/test/core/nomodel/NoModelDataTest.java.NoModelDataTest.readAndWrite.Long Method,3.0.0-beta1,3.0.1,3.1.0,2
easyexcel,3.0.0-beta1,com.alibaba.easyexcel.test.core.noncamel,UnCamelDataTest,data,Long Method,"Decor,experts",src/test/java/com/alibaba/easyexcel/test/core/noncamel/UnCamelDataTest.java,src/test/java/com/alibaba/easyexcel/test/core/noncamel/UnCamelDataTest.java.UnCamelDataTest.data.Long Method,3.0.0-beta1,3.0.1,3.1.0,2
easyexcel,3.0.1,com.alibaba.easyexcel.test.core.noncamel,UnCamelDataTest,init,Feature Envy,"checkstyle,experts",src/test/java/com/alibaba/easyexcel/test/core/noncamel/UnCamelDataTest.java,src/test/java/com/alibaba/easyexcel/test/core/noncamel/UnCamelDataTest.java.UnCamelDataTest.init.Feature Envy,3.0.1,3.0.1,3.1.0,1
easyexcel,3.0.0-beta1,com.alibaba.easyexcel.test.core.parameter,ParameterDataTest,,God Class,"pmd,experts",src/test/java/com/alibaba/easyexcel/test/core/parameter/ParameterDataTest.java,src/test/java/com/alibaba/easyexcel/test/core/parameter/ParameterDataTest.java.ParameterDataTest..God Class,3.0.0-beta1,3.0.1,3.1.0,2
easyexcel,2.0.0-beta1,com.alibaba.easyexcel.test.core.parameter,ParameterDataTest,readAndWrite5,Long Method,"Decor,experts",src/test/java/com/alibaba/easyexcel/test/core/parameter/ParameterDataTest.java,src/test/java/com/alibaba/easyexcel/test/core/parameter/ParameterDataTest.java.ParameterDataTest.readAndWrite5.Long Method,2.0.0-beta1,3.0.1,3.1.0,8
easyexcel,2.0.0-beta1,com.alibaba.easyexcel.test.core.repetition,RepetitionDataTest,init,Feature Envy,"checkstyle,experts",src/test/java/com/alibaba/easyexcel/test/core/repetition/RepetitionDataTest.java,src/test/java/com/alibaba/easyexcel/test/core/repetition/RepetitionDataTest.java.RepetitionDataTest.init.Feature Envy,2.0.0-beta1,3.0.1,3.1.0,8
easyexcel,2.0.0-beta1,com.alibaba.easyexcel.test.core.repetition,RepetitionDataTest,readAndWrite,Feature Envy,"checkstyle,experts",src/test/java/com/alibaba/easyexcel/test/core/repetition/RepetitionDataTest.java,src/test/java/com/alibaba/easyexcel/test/core/repetition/RepetitionDataTest.java.RepetitionDataTest.readAndWrite.Feature Envy,2.0.0-beta1,3.0.1,3.1.0,8
easyexcel,2.0.0-beta1,com.alibaba.easyexcel.test.core.repetition,RepetitionDataTest,readAndWriteTable,Feature Envy,"checkstyle,experts",src/test/java/com/alibaba/easyexcel/test/core/repetition/RepetitionDataTest.java,src/test/java/com/alibaba/easyexcel/test/core/repetition/RepetitionDataTest.java.RepetitionDataTest.readAndWriteTable.Feature Envy,2.0.0-beta1,3.0.1,3.1.0,8
easyexcel,2.0.0-beta1,com.alibaba.easyexcel.test.core.repetition,RepetitionDataTest,readAndWriteTable,Long Method,"Decor,experts",src/test/java/com/alibaba/easyexcel/test/core/repetition/RepetitionDataTest.java,src/test/java/com/alibaba/easyexcel/test/core/repetition/RepetitionDataTest.java.RepetitionDataTest.readAndWriteTable.Long Method,2.0.0-beta1,2.0.0-beta1,2.0.0,1
easyexcel,3.0.0-beta1,com.alibaba.easyexcel.test.core.simple,SimpleDataTest,,God Class,"pmd,experts",src/test/java/com/alibaba/easyexcel/test/core/simple/SimpleDataTest.java,src/test/java/com/alibaba/easyexcel/test/core/simple/SimpleDataTest.java.SimpleDataTest..God Class,3.0.0-beta1,3.0.1,3.1.0,2
easyexcel,3.0.1,com.alibaba.easyexcel.test.core.simple,SimpleDataTest,init,Feature Envy,"checkstyle,experts",src/test/java/com/alibaba/easyexcel/test/core/simple/SimpleDataTest.java,src/test/java/com/alibaba/easyexcel/test/core/simple/SimpleDataTest.java.SimpleDataTest.init.Feature Envy,3.0.1,3.0.1,3.1.0,1
easyexcel,3.0.1,com.alibaba.easyexcel.test.core.skip,SkipDataTest,init,Feature Envy,"checkstyle,experts",src/test/java/com/alibaba/easyexcel/test/core/skip/SkipDataTest.java,src/test/java/com/alibaba/easyexcel/test/core/skip/SkipDataTest.java.SkipDataTest.init.Feature Envy,3.0.1,3.0.1,3.1.0,1
easyexcel,3.0.1,com.alibaba.easyexcel.test.core.skip,SkipDataTest,readAndWrite,Feature Envy,"checkstyle,experts",src/test/java/com/alibaba/easyexcel/test/core/skip/SkipDataTest.java,src/test/java/com/alibaba/easyexcel/test/core/skip/SkipDataTest.java.SkipDataTest.readAndWrite.Feature Envy,3.0.1,3.0.1,3.1.0,1
easyexcel,3.0.0-beta1,com.alibaba.easyexcel.test.core.skip,SkipDataTest,readAndWrite,Long Method,"Decor,experts",src/test/java/com/alibaba/easyexcel/test/core/skip/SkipDataTest.java,src/test/java/com/alibaba/easyexcel/test/core/skip/SkipDataTest.java.SkipDataTest.readAndWrite.Long Method,3.0.0-beta1,3.0.1,3.1.0,2
easyexcel,3.0.0-beta1,com.alibaba.easyexcel.test.core.sort,SortDataTest,,God Class,"pmd,experts",src/test/java/com/alibaba/easyexcel/test/core/sort/SortDataTest.java,src/test/java/com/alibaba/easyexcel/test/core/sort/SortDataTest.java.SortDataTest..God Class,3.0.0-beta1,3.0.1,3.1.0,2
easyexcel,3.0.1,com.alibaba.easyexcel.test.core.sort,SortDataTest,init,Feature Envy,"checkstyle,experts",src/test/java/com/alibaba/easyexcel/test/core/sort/SortDataTest.java,src/test/java/com/alibaba/easyexcel/test/core/sort/SortDataTest.java.SortDataTest.init.Feature Envy,3.0.1,3.0.1,3.1.0,1
easyexcel,3.0.0-beta1,com.alibaba.easyexcel.test.core.sort,SortDataTest,readAndWrite,Long Method,"Decor,experts",src/test/java/com/alibaba/easyexcel/test/core/sort/SortDataTest.java,src/test/java/com/alibaba/easyexcel/test/core/sort/SortDataTest.java.SortDataTest.readAndWrite.Long Method,3.0.0-beta1,3.0.1,3.1.0,2
easyexcel,2.0.0-beta1,com.alibaba.easyexcel.test.core.style,StyleDataTest$1,contentCellStyle,Feature Envy,"checkstyle,experts",src/test/java/com/alibaba/easyexcel/test/core/style/StyleDataTest.java,src/test/java/com/alibaba/easyexcel/test/core/style/StyleDataTest.java.StyleDataTest$1.contentCellStyle.Feature Envy,2.0.0-beta1,3.0.1,3.1.0,8
easyexcel,2.0.0-beta1,com.alibaba.easyexcel.test.core.style,StyleDataTest$1,headCellStyle,Feature Envy,"checkstyle,experts",src/test/java/com/alibaba/easyexcel/test/core/style/StyleDataTest.java,src/test/java/com/alibaba/easyexcel/test/core/style/StyleDataTest.java.StyleDataTest$1.headCellStyle.Feature Envy,2.0.0-beta1,3.0.1,3.1.0,8
easyexcel,3.0.1,com.alibaba.easyexcel.test.core.style,StyleDataTest$2,contentCellStyle,Feature Envy,"checkstyle,experts",src/test/java/com/alibaba/easyexcel/test/core/style/StyleDataTest.java,src/test/java/com/alibaba/easyexcel/test/core/style/StyleDataTest.java.StyleDataTest$2.contentCellStyle.Feature Envy,3.0.1,3.0.1,3.1.0,1
easyexcel,3.0.1,com.alibaba.easyexcel.test.core.style,StyleDataTest$2,headCellStyle,Feature Envy,"checkstyle,experts",src/test/java/com/alibaba/easyexcel/test/core/style/StyleDataTest.java,src/test/java/com/alibaba/easyexcel/test/core/style/StyleDataTest.java.StyleDataTest$2.headCellStyle.Feature Envy,3.0.1,3.0.1,3.1.0,1
easyexcel,2.0.0-beta1,com.alibaba.easyexcel.test.core.style,StyleDataTest,T03AbstractVerticalCellStyleStrategy,Feature Envy,"checkstyle,experts",src/test/java/com/alibaba/easyexcel/test/core/style/StyleDataTest.java,src/test/java/com/alibaba/easyexcel/test/core/style/StyleDataTest.java.StyleDataTest.T03AbstractVerticalCellStyleStrategy.Feature Envy,2.0.0-beta1,2.0.0-beta1,2.0.0,1
easyexcel,3.0.1,com.alibaba.easyexcel.test.core.style,StyleDataTest,init,Feature Envy,"checkstyle,experts",src/test/java/com/alibaba/easyexcel/test/core/style/StyleDataTest.java,src/test/java/com/alibaba/easyexcel/test/core/style/StyleDataTest.java.StyleDataTest.init.Feature Envy,3.0.1,3.0.1,3.1.0,1
easyexcel,2.0.0-beta1,com.alibaba.easyexcel.test.core.style,StyleDataTest,readAndWrite,Feature Envy,"checkstyle,experts",src/test/java/com/alibaba/easyexcel/test/core/style/StyleDataTest.java,src/test/java/com/alibaba/easyexcel/test/core/style/StyleDataTest.java.StyleDataTest.readAndWrite.Feature Envy,2.0.0-beta1,3.0.1,3.1.0,8
easyexcel,2.0.0,com.alibaba.easyexcel.test.core.style,StyleDataTest,t03AbstractVerticalCellStyleStrategy,Feature Envy,"checkstyle,experts",src/test/java/com/alibaba/easyexcel/test/core/style/StyleDataTest.java,src/test/java/com/alibaba/easyexcel/test/core/style/StyleDataTest.java.StyleDataTest.t03AbstractVerticalCellStyleStrategy.Feature Envy,2.0.0,3.0.1,3.1.0,7
easyexcel,3.0.1,com.alibaba.easyexcel.test.core.style,StyleDataTest,t04AbstractVerticalCellStyleStrategy02,Feature Envy,"checkstyle,experts",src/test/java/com/alibaba/easyexcel/test/core/style/StyleDataTest.java,src/test/java/com/alibaba/easyexcel/test/core/style/StyleDataTest.java.StyleDataTest.t04AbstractVerticalCellStyleStrategy02.Feature Envy,3.0.1,3.0.1,3.1.0,1
easyexcel,2.0.0-beta1,com.alibaba.easyexcel.test.core.template,TemplateDataTest,data,Long Method,"Decor,experts",src/test/java/com/alibaba/easyexcel/test/core/template/TemplateDataTest.java,src/test/java/com/alibaba/easyexcel/test/core/template/TemplateDataTest.java.TemplateDataTest.data.Long Method,2.0.0-beta1,3.0.1,3.1.0,8
easyexcel,2.1.0-beta1,com.alibaba.easyexcel.test.demo.fill,FillTest,complexFillWithTable,Long Method,"Decor,experts",src/test/java/com/alibaba/easyexcel/test/demo/fill/FillTest.java,src/test/java/com/alibaba/easyexcel/test/demo/fill/FillTest.java.FillTest.complexFillWithTable.Long Method,2.1.0-beta1,3.0.1,3.1.0,6
easyexcel,2.1.0-beta1,com.alibaba.easyexcel.test.demo.fill,FillTest,listFill,Feature Envy,"checkstyle,experts",src/test/java/com/alibaba/easyexcel/test/demo/fill/FillTest.java,src/test/java/com/alibaba/easyexcel/test/demo/fill/FillTest.java.FillTest.listFill.Feature Envy,2.1.0-beta1,3.0.1,3.1.0,6
easyexcel,2.1.0-beta1,com.alibaba.easyexcel.test.demo.fill,FillTest,simpleFill,Feature Envy,"checkstyle,experts",src/test/java/com/alibaba/easyexcel/test/demo/fill/FillTest.java,src/test/java/com/alibaba/easyexcel/test/demo/fill/FillTest.java.FillTest.simpleFill.Feature Envy,2.1.0-beta1,3.0.1,3.1.0,6
easyexcel,2.2.0-beta1,com.alibaba.easyexcel.test.demo.read,DemoExtraListener,extra,Feature Envy,"checkstyle,experts",src/test/java/com/alibaba/easyexcel/test/demo/read/DemoExtraListener.java,src/test/java/com/alibaba/easyexcel/test/demo/read/DemoExtraListener.java.DemoExtraListener.extra.Feature Envy,2.2.0-beta1,3.0.1,3.1.0,4
easyexcel,2.2.0-beta1,com.alibaba.easyexcel.test.demo.read,DemoExtraListener,extra,Long Method,"Decor,experts",src/test/java/com/alibaba/easyexcel/test/demo/read/DemoExtraListener.java,src/test/java/com/alibaba/easyexcel/test/demo/read/DemoExtraListener.java.DemoExtraListener.extra.Long Method,2.2.0-beta1,3.0.1,3.1.0,4
easyexcel,2.2.0-beta1,com.alibaba.easyexcel.test.demo.read,ReadTest,,God Class,"pmd,experts",src/test/java/com/alibaba/easyexcel/test/demo/read/ReadTest.java,src/test/java/com/alibaba/easyexcel/test/demo/read/ReadTest.java.ReadTest..God Class,2.2.0-beta1,3.0.1,3.1.0,4
easyexcel,3.0.1,com.alibaba.easyexcel.test.demo.read,ReadTest,simpleRead,Feature Envy,"checkstyle,experts",src/test/java/com/alibaba/easyexcel/test/demo/read/ReadTest.java,src/test/java/com/alibaba/easyexcel/test/demo/read/ReadTest.java.ReadTest.simpleRead.Feature Envy,3.0.1,3.0.1,3.1.0,1
easyexcel,3.0.0-beta1,com.alibaba.easyexcel.test.demo.read,ReadTest,simpleRead,Long Method,"Decor,experts",src/test/java/com/alibaba/easyexcel/test/demo/read/ReadTest.java,src/test/java/com/alibaba/easyexcel/test/demo/read/ReadTest.java.ReadTest.simpleRead.Long Method,3.0.0-beta1,3.0.1,3.1.0,2
easyexcel,2.0.0-beta1,com.alibaba.easyexcel.test.demo.read,ReadTest,synchronousRead,Long Method,"Decor,experts",src/test/java/com/alibaba/easyexcel/test/demo/read/ReadTest.java,src/test/java/com/alibaba/easyexcel/test/demo/read/ReadTest.java.ReadTest.synchronousRead.Long Method,2.0.0-beta1,2.1.0-beta1,2.1.1,3
easyexcel,2.0.0-beta1,com.alibaba.easyexcel.test.demo.web,WebTest,data,Long Method,"Decor,experts",src/test/java/com/alibaba/easyexcel/test/demo/web/WebTest.java,src/test/java/com/alibaba/easyexcel/test/demo/web/WebTest.java.WebTest.data.Long Method,2.0.0-beta1,2.1.0-beta1,2.1.1,3
easyexcel,2.1.1,com.alibaba.easyexcel.test.demo.web,WebTest,downloadFailedUsingJson,Long Method,"Decor,experts",src/test/java/com/alibaba/easyexcel/test/demo/web/WebTest.java,src/test/java/com/alibaba/easyexcel/test/demo/web/WebTest.java.WebTest.downloadFailedUsingJson.Long Method,2.1.1,3.0.1,3.1.0,5
easyexcel,2.2.1,com.alibaba.easyexcel.test.demo.write,CommentWriteHandler,afterRowDispose,Long Parameter List,"designitejava,experts",src/test/java/com/alibaba/easyexcel/test/demo/write/CommentWriteHandler.java,src/test/java/com/alibaba/easyexcel/test/demo/write/CommentWriteHandler.java.CommentWriteHandler.afterRowDispose.Long Parameter List,2.2.1,3.0.0-beta1,3.0.1,2
easyexcel,2.0.0-beta1,com.alibaba.easyexcel.test.demo.write,CustomCellWriteHandler,afterCellCreate,Long Parameter List,"designitejava,experts",src/test/java/com/alibaba/easyexcel/test/demo/write/CustomCellWriteHandler.java,src/test/java/com/alibaba/easyexcel/test/demo/write/CustomCellWriteHandler.java.CustomCellWriteHandler.afterCellCreate.Long Parameter List,2.0.0-beta1,2.1.1,2.2.0-beta1,4
easyexcel,2.1.0-beta1,com.alibaba.easyexcel.test.demo.write,CustomCellWriteHandler,afterCellDispose,Long Parameter List,"designitejava,checkstyle,experts",src/test/java/com/alibaba/easyexcel/test/demo/write/CustomCellWriteHandler.java,src/test/java/com/alibaba/easyexcel/test/demo/write/CustomCellWriteHandler.java.CustomCellWriteHandler.afterCellDispose.Long Parameter List,2.1.0-beta1,3.0.0-beta1,3.0.1,5
easyexcel,2.0.0-beta1,com.alibaba.easyexcel.test.demo.write,CustomCellWriteHandler,beforeCellCreate,Long Parameter List,"designitejava,experts",src/test/java/com/alibaba/easyexcel/test/demo/write/CustomCellWriteHandler.java,src/test/java/com/alibaba/easyexcel/test/demo/write/CustomCellWriteHandler.java.CustomCellWriteHandler.beforeCellCreate.Long Parameter List,2.0.0-beta1,2.1.1,2.2.0-beta1,4
easyexcel,2.0.0-beta1,com.alibaba.easyexcel.test.demo.write,CustomSheetWriteHandler,afterSheetCreate,Feature Envy,"checkstyle,experts",src/test/java/com/alibaba/easyexcel/test/demo/write/CustomSheetWriteHandler.java,src/test/java/com/alibaba/easyexcel/test/demo/write/CustomSheetWriteHandler.java.CustomSheetWriteHandler.afterSheetCreate.Feature Envy,2.0.0-beta1,2.2.1,3.0.0-beta1,6
easyexcel,2.0.0-beta1,com.alibaba.easyexcel.test.demo.write,WriteTest,,God Class,"pmd,experts",src/test/java/com/alibaba/easyexcel/test/demo/write/WriteTest.java,src/test/java/com/alibaba/easyexcel/test/demo/write/WriteTest.java.WriteTest..God Class,2.0.0-beta1,3.0.1,3.1.0,8
easyexcel,2.2.0-beta1,com.alibaba.easyexcel.test.demo.write,WriteTest,handlerStyleWrite,Feature Envy,"checkstyle,experts",src/test/java/com/alibaba/easyexcel/test/demo/write/WriteTest.java,src/test/java/com/alibaba/easyexcel/test/demo/write/WriteTest.java.WriteTest.handlerStyleWrite.Feature Envy,2.2.0-beta1,3.0.1,3.1.0,4
easyexcel,3.0.1,com.alibaba.easyexcel.test.demo.write,WriteTest,imageWrite,Feature Envy,"checkstyle,experts",src/test/java/com/alibaba/easyexcel/test/demo/write/WriteTest.java,src/test/java/com/alibaba/easyexcel/test/demo/write/WriteTest.java.WriteTest.imageWrite.Feature Envy,3.0.1,3.0.1,3.1.0,1
easyexcel,2.0.0-beta1,com.alibaba.easyexcel.test.demo.write,WriteTest,imageWrite,Long Method,"Decor,experts",src/test/java/com/alibaba/easyexcel/test/demo/write/WriteTest.java,src/test/java/com/alibaba/easyexcel/test/demo/write/WriteTest.java.WriteTest.imageWrite.Long Method,2.0.0-beta1,2.0.0,2.1.0-beta1,2
easyexcel,2.0.0-beta1,com.alibaba.easyexcel.test.demo.write,WriteTest,repeatedWrite,Feature Envy,"checkstyle,experts",src/test/java/com/alibaba/easyexcel/test/demo/write/WriteTest.java,src/test/java/com/alibaba/easyexcel/test/demo/write/WriteTest.java.WriteTest.repeatedWrite.Feature Envy,2.0.0-beta1,3.0.1,3.1.0,8
easyexcel,2.1.0-beta1,com.alibaba.easyexcel.test.demo.write,WriteTest,repeatedWrite,Long Method,"Decor,experts",src/test/java/com/alibaba/easyexcel/test/demo/write/WriteTest.java,src/test/java/com/alibaba/easyexcel/test/demo/write/WriteTest.java.WriteTest.repeatedWrite.Long Method,2.1.0-beta1,2.2.1,3.0.0-beta1,4
easyexcel,3.0.1,com.alibaba.easyexcel.test.demo.write,WriteTest,simpleWrite,Feature Envy,"checkstyle,experts",src/test/java/com/alibaba/easyexcel/test/demo/write/WriteTest.java,src/test/java/com/alibaba/easyexcel/test/demo/write/WriteTest.java.WriteTest.simpleWrite.Feature Envy,3.0.1,3.0.1,3.1.0,1
easyexcel,2.0.0-beta1,com.alibaba.easyexcel.test.demo.write,WriteTest,styleWrite,Feature Envy,"checkstyle,experts",src/test/java/com/alibaba/easyexcel/test/demo/write/WriteTest.java,src/test/java/com/alibaba/easyexcel/test/demo/write/WriteTest.java.WriteTest.styleWrite.Feature Envy,2.0.0-beta1,2.1.1,2.2.0-beta1,4
easyexcel,2.0.0-beta1,com.alibaba.easyexcel.test.demo.write,WriteTest,tableWrite,Feature Envy,"checkstyle,experts",src/test/java/com/alibaba/easyexcel/test/demo/write/WriteTest.java,src/test/java/com/alibaba/easyexcel/test/demo/write/WriteTest.java.WriteTest.tableWrite.Feature Envy,2.0.0-beta1,3.0.1,3.1.0,8
easyexcel,1.1,com.alibaba.easyexcel.test.listen,AfterWriteHandlerImpl,cell,Long Method,"Decor,experts",src/test/java/com/alibaba/easyexcel/test/listen/AfterWriteHandlerImpl.java,src/test/java/com/alibaba/easyexcel/test/listen/AfterWriteHandlerImpl.java.AfterWriteHandlerImpl.cell.Long Method,1.1,1.1,2.0.0-beta1,1
easyexcel,2.1.1,com.alibaba.easyexcel.test.temp,FillTempTest,complexFillWithTable,Long Method,"Decor,experts",src/test/java/com/alibaba/easyexcel/test/temp/FillTempTest.java,src/test/java/com/alibaba/easyexcel/test/temp/FillTempTest.java.FillTempTest.complexFillWithTable.Long Method,2.1.1,3.0.1,3.1.0,5
easyexcel,2.0.0,com.alibaba.easyexcel.test.temp,Lock2Test,test2,Long Method,"Decor,experts",src/test/java/com/alibaba/easyexcel/test/temp/Lock2Test.java,src/test/java/com/alibaba/easyexcel/test/temp/Lock2Test.java.Lock2Test.test2.Long Method,2.0.0,2.1.0-beta1,2.1.1,2
easyexcel,2.2.0-beta1,com.alibaba.easyexcel.test.temp,Lock2Test,write,Feature Envy,"checkstyle,experts",src/test/java/com/alibaba/easyexcel/test/temp/Lock2Test.java,src/test/java/com/alibaba/easyexcel/test/temp/Lock2Test.java.Lock2Test.write.Feature Envy,2.2.0-beta1,3.0.1,3.1.0,4
easyexcel,2.2.0-beta1,com.alibaba.easyexcel.test.temp,Lock2Test,write,Long Method,"Decor,experts",src/test/java/com/alibaba/easyexcel/test/temp/Lock2Test.java,src/test/java/com/alibaba/easyexcel/test/temp/Lock2Test.java.Lock2Test.write.Long Method,2.2.0-beta1,3.0.1,3.1.0,4
easyexcel,2.0.0-beta1,com.alibaba.easyexcel.test.temp,StyleTest,,God Class,"pmd,experts",src/test/java/com/alibaba/easyexcel/test/temp/StyleTest.java,src/test/java/com/alibaba/easyexcel/test/temp/StyleTest.java.StyleTest..God Class,2.0.0-beta1,3.0.1,3.1.0,8
easyexcel,2.0.0,com.alibaba.easyexcel.test.temp,StyleTest,poi07,Long Method,"Decor,experts",src/test/java/com/alibaba/easyexcel/test/temp/StyleTest.java,src/test/java/com/alibaba/easyexcel/test/temp/StyleTest.java.StyleTest.poi07.Long Method,2.0.0,3.0.1,3.1.0,7
easyexcel,3.0.1,com.alibaba.easyexcel.test.temp,WriteLargeTest,test,Feature Envy,"checkstyle,experts",src/test/java/com/alibaba/easyexcel/test/temp/WriteLargeTest.java,src/test/java/com/alibaba/easyexcel/test/temp/WriteLargeTest.java.WriteLargeTest.test.Feature Envy,3.0.1,3.0.1,3.1.0,1
easyexcel,3.0.0-beta1,com.alibaba.easyexcel.test.temp,WriteLargeTest,test,Long Method,"Decor,experts",src/test/java/com/alibaba/easyexcel/test/temp/WriteLargeTest.java,src/test/java/com/alibaba/easyexcel/test/temp/WriteLargeTest.java.WriteLargeTest.test.Long Method,3.0.0-beta1,3.0.1,3.1.0,2
easyexcel,3.0.1,com.alibaba.easyexcel.test.temp,WriteV33Test,handlerStyleWrite,Long Method,"Decor,experts",src/test/java/com/alibaba/easyexcel/test/temp/WriteV33Test.java,src/test/java/com/alibaba/easyexcel/test/temp/WriteV33Test.java.WriteV33Test.handlerStyleWrite.Long Method,3.0.1,3.0.1,3.1.0,1
easyexcel,3.0.0-beta1,com.alibaba.easyexcel.test.temp,WriteV33Test,test,Long Method,"Decor,experts",src/test/java/com/alibaba/easyexcel/test/temp/WriteV33Test.java,src/test/java/com/alibaba/easyexcel/test/temp/WriteV33Test.java.WriteV33Test.test.Long Method,3.0.0-beta1,3.0.0-beta1,3.0.1,1
easyexcel,3.0.0-beta1,com.alibaba.easyexcel.test.temp,WriteV34Test,head,Long Method,"Decor,experts",src/test/java/com/alibaba/easyexcel/test/temp/WriteV34Test.java,src/test/java/com/alibaba/easyexcel/test/temp/WriteV34Test.java.WriteV34Test.head.Long Method,3.0.0-beta1,3.0.1,3.1.0,2
easyexcel,3.0.1,com.alibaba.easyexcel.test.temp,WriteV34Test,test,Feature Envy,"checkstyle,experts",src/test/java/com/alibaba/easyexcel/test/temp/WriteV34Test.java,src/test/java/com/alibaba/easyexcel/test/temp/WriteV34Test.java.WriteV34Test.test.Feature Envy,3.0.1,3.0.1,3.1.0,1
easyexcel,2.1.0-beta1,com.alibaba.easyexcel.test.temp.cache,CacheTest,cache,Long Method,"Decor,experts",src/test/java/com/alibaba/easyexcel/test/temp/cache/CacheTest.java,src/test/java/com/alibaba/easyexcel/test/temp/cache/CacheTest.java.CacheTest.cache.Long Method,2.1.0-beta1,3.0.1,3.1.0,6
easyexcel,2.2.0-beta1,com.alibaba.easyexcel.test.temp.dataformat,DataFormatTest,,God Class,"pmd,experts",src/test/java/com/alibaba/easyexcel/test/temp/dataformat/DataFormatTest.java,src/test/java/com/alibaba/easyexcel/test/temp/dataformat/DataFormatTest.java.DataFormatTest..God Class,2.2.0-beta1,3.0.1,3.1.0,4
easyexcel,2.2.0-beta1,com.alibaba.easyexcel.test.temp.dataformat,DataFormatTest,test,Long Method,"Decor,experts",src/test/java/com/alibaba/easyexcel/test/temp/dataformat/DataFormatTest.java,src/test/java/com/alibaba/easyexcel/test/temp/dataformat/DataFormatTest.java.DataFormatTest.test.Long Method,2.2.0-beta1,2.2.1,3.0.0-beta1,2
easyexcel,2.2.0-beta1,com.alibaba.easyexcel.test.temp.dataformat,DataFormatter1,,God Class,"pmd,checkstyle,experts",src/test/java/com/alibaba/easyexcel/test/temp/dataformat/DataFormatter1.java,src/test/java/com/alibaba/easyexcel/test/temp/dataformat/DataFormatter1.java.DataFormatter1..God Class,2.2.0-beta1,3.0.1,3.1.0,4
easyexcel,2.2.0-beta1,com.alibaba.easyexcel.test.temp.dataformat,DataFormatter1,cleanFormatForNumber,Complex Method,"designitejava,pmd,checkstyle,experts",src/test/java/com/alibaba/easyexcel/test/temp/dataformat/DataFormatter1.java,src/test/java/com/alibaba/easyexcel/test/temp/dataformat/DataFormatter1.java.DataFormatter1.cleanFormatForNumber.Complex Method,2.2.0-beta1,3.0.1,3.1.0,4
easyexcel,2.2.0-beta1,com.alibaba.easyexcel.test.temp.dataformat,DataFormatter1,createDateFormat,Complex Method,"designitejava,pmd,checkstyle,experts",src/test/java/com/alibaba/easyexcel/test/temp/dataformat/DataFormatter1.java,src/test/java/com/alibaba/easyexcel/test/temp/dataformat/DataFormatter1.java.DataFormatter1.createDateFormat.Complex Method,2.2.0-beta1,3.0.1,3.1.0,4
easyexcel,2.2.0-beta1,com.alibaba.easyexcel.test.temp.dataformat,DataFormatter1,createDateFormat,Long Method,"designitejava,experts",src/test/java/com/alibaba/easyexcel/test/temp/dataformat/DataFormatter1.java,src/test/java/com/alibaba/easyexcel/test/temp/dataformat/DataFormatter1.java.DataFormatter1.createDateFormat.Long Method,2.2.0-beta1,3.0.1,3.1.0,4
easyexcel,2.2.0-beta1,com.alibaba.easyexcel.test.temp.dataformat,DataFormatter1,createFormat,Complex Method,"designitejava,pmd,checkstyle,experts",src/test/java/com/alibaba/easyexcel/test/temp/dataformat/DataFormatter1.java,src/test/java/com/alibaba/easyexcel/test/temp/dataformat/DataFormatter1.java.DataFormatter1.createFormat.Complex Method,2.2.0-beta1,3.0.1,3.1.0,4
easyexcel,2.2.0-beta1,com.alibaba.easyexcel.test.temp.dataformat,DataFormatter1,formatCellValue,Complex Method,"designitejava,experts",src/test/java/com/alibaba/easyexcel/test/temp/dataformat/DataFormatter1.java,src/test/java/com/alibaba/easyexcel/test/temp/dataformat/DataFormatter1.java.DataFormatter1.formatCellValue.Complex Method,2.2.0-beta1,3.0.1,3.1.0,4
easyexcel,2.2.0-beta1,com.alibaba.easyexcel.test.temp.dataformat,DataFormatter1,formatRawCellContents,Complex Method,"designitejava,experts",src/test/java/com/alibaba/easyexcel/test/temp/dataformat/DataFormatter1.java,src/test/java/com/alibaba/easyexcel/test/temp/dataformat/DataFormatter1.java.DataFormatter1.formatRawCellContents.Complex Method,2.2.0-beta1,3.0.1,3.1.0,4
easyexcel,2.2.0-beta1,com.alibaba.easyexcel.test.temp.dataformat,DataFormatter1,getFormat,Complex Method,"checkstyle,experts",src/test/java/com/alibaba/easyexcel/test/temp/dataformat/DataFormatter1.java,src/test/java/com/alibaba/easyexcel/test/temp/dataformat/DataFormatter1.java.DataFormatter1.getFormat.Complex Method,2.2.0-beta1,3.0.1,3.1.0,4
easyexcel,3.0.0-beta1,com.alibaba.easyexcel.test.temp.fill,FillTempTest,complexFillWithTable,Long Method,"Decor,experts",src/test/java/com/alibaba/easyexcel/test/temp/fill/FillTempTest.java,src/test/java/com/alibaba/easyexcel/test/temp/fill/FillTempTest.java.FillTempTest.complexFillWithTable.Long Method,3.0.0-beta1,3.0.1,3.1.0,2
easyexcel,3.0.1,com.alibaba.easyexcel.test.temp.fill,FillTempTest,listFill,Feature Envy,"checkstyle,experts",src/test/java/com/alibaba/easyexcel/test/temp/fill/FillTempTest.java,src/test/java/com/alibaba/easyexcel/test/temp/fill/FillTempTest.java.FillTempTest.listFill.Feature Envy,3.0.1,3.0.1,3.1.0,1
easyexcel,3.0.0-beta1,com.alibaba.easyexcel.test.temp.issue1663,FillTest,TestFillNullPoint,Long Method,"Decor,experts",src/test/java/com/alibaba/easyexcel/test/temp/issue1663/FillTest.java,src/test/java/com/alibaba/easyexcel/test/temp/issue1663/FillTest.java.FillTest.TestFillNullPoint.Long Method,3.0.0-beta1,3.0.1,3.1.0,2
easyexcel,2.0.0,com.alibaba.easyexcel.test.temp.poi,Poi2Test,lastRowNumXSSF,Long Method,"Decor,experts",src/test/java/com/alibaba/easyexcel/test/temp/poi/Poi2Test.java,src/test/java/com/alibaba/easyexcel/test/temp/poi/Poi2Test.java.Poi2Test.lastRowNumXSSF.Long Method,2.0.0,2.2.1,3.0.0-beta1,5
easyexcel,2.1.0-beta1,com.alibaba.easyexcel.test.temp.poi,Poi3Test,Encryption,Long Method,"Decor,experts",src/test/java/com/alibaba/easyexcel/test/temp/poi/Poi3Test.java,src/test/java/com/alibaba/easyexcel/test/temp/poi/Poi3Test.java.Poi3Test.Encryption.Long Method,2.1.0-beta1,3.0.1,3.1.0,6
easyexcel,3.0.0-beta1,com.alibaba.easyexcel.test.temp.poi,PoiEncryptTest,encrypt,Long Method,"Decor,experts",src/test/java/com/alibaba/easyexcel/test/temp/poi/PoiEncryptTest.java,src/test/java/com/alibaba/easyexcel/test/temp/poi/PoiEncryptTest.java.PoiEncryptTest.encrypt.Long Method,3.0.0-beta1,3.0.1,3.1.0,2
easyexcel,2.0.0-beta1,com.alibaba.easyexcel.test.temp.poi,PoiFormatTest,lastRowNumXSSF,Long Method,"Decor,experts",src/test/java/com/alibaba/easyexcel/test/temp/poi/PoiFormatTest.java,src/test/java/com/alibaba/easyexcel/test/temp/poi/PoiFormatTest.java.PoiFormatTest.lastRowNumXSSF.Long Method,2.0.0-beta1,2.2.1,3.0.0-beta1,6
easyexcel,2.1.0-beta1,com.alibaba.easyexcel.test.temp.poi,PoiTest,,God Class,"pmd,experts",src/test/java/com/alibaba/easyexcel/test/temp/poi/PoiTest.java,src/test/java/com/alibaba/easyexcel/test/temp/poi/PoiTest.java.PoiTest..God Class,2.1.0-beta1,3.0.1,3.1.0,6
easyexcel,2.1.0-beta1,com.alibaba.easyexcel.test.temp.poi,PoiTest,cp,Long Method,"Decor,experts",src/test/java/com/alibaba/easyexcel/test/temp/poi/PoiTest.java,src/test/java/com/alibaba/easyexcel/test/temp/poi/PoiTest.java.PoiTest.cp.Long Method,2.1.0-beta1,2.1.0-beta1,2.1.1,1
easyexcel,2.1.1,com.alibaba.easyexcel.test.temp.poi,PoiTest,lastRowNum2333,Long Method,"Decor,experts",src/test/java/com/alibaba/easyexcel/test/temp/poi/PoiTest.java,src/test/java/com/alibaba/easyexcel/test/temp/poi/PoiTest.java.PoiTest.lastRowNum2333.Long Method,2.1.1,3.0.0-beta1,3.0.1,4
easyexcel,2.0.0-beta1,com.alibaba.easyexcel.test.temp.poi,PoiTest,lastRowNumXSSF,Long Method,"Decor,experts",src/test/java/com/alibaba/easyexcel/test/temp/poi/PoiTest.java,src/test/java/com/alibaba/easyexcel/test/temp/poi/PoiTest.java.PoiTest.lastRowNumXSSF.Long Method,2.0.0-beta1,2.0.0,2.1.0-beta1,2
easyexcel,2.1.0-beta1,com.alibaba.easyexcel.test.temp.poi,PoiWriteTest,test,Long Method,"Decor,experts",src/test/java/com/alibaba/easyexcel/test/temp/poi/PoiWriteTest.java,src/test/java/com/alibaba/easyexcel/test/temp/poi/PoiWriteTest.java.PoiWriteTest.test.Long Method,2.1.0-beta1,2.1.1,2.2.0-beta1,2
easyexcel,2.2.0-beta1,com.alibaba.easyexcel.test.temp.poi,PoiWriteTest,write0,Long Method,"Decor,experts",src/test/java/com/alibaba/easyexcel/test/temp/poi/PoiWriteTest.java,src/test/java/com/alibaba/easyexcel/test/temp/poi/PoiWriteTest.java.PoiWriteTest.write0.Long Method,2.2.0-beta1,3.0.1,3.1.0,4
easyexcel,2.0.0,com.alibaba.easyexcel.test.temp.simple,Wirte,head,Long Method,"Decor,experts",src/test/java/com/alibaba/easyexcel/test/temp/simple/Wirte.java,src/test/java/com/alibaba/easyexcel/test/temp/simple/Wirte.java.Wirte.head.Long Method,2.0.0,3.0.1,3.1.0,7
easyexcel,3.0.0-beta1,com.alibaba.easyexcel.test.temp.simple,WriteCellHandler,afterCellDataConverted,Long Method,"Decor,experts",src/test/java/com/alibaba/easyexcel/test/temp/simple/WriteCellHandler.java,src/test/java/com/alibaba/easyexcel/test/temp/simple/WriteCellHandler.java.WriteCellHandler.afterCellDataConverted.Long Method,3.0.0-beta1,3.0.1,3.1.0,2
easyexcel,3.0.0-beta1,com.alibaba.easyexcel.test.temp.simple,WriteCellHandler,afterCellDataConverted,Long Parameter List,"designitejava,experts",src/test/java/com/alibaba/easyexcel/test/temp/simple/WriteCellHandler.java,src/test/java/com/alibaba/easyexcel/test/temp/simple/WriteCellHandler.java.WriteCellHandler.afterCellDataConverted.Long Parameter List,3.0.0-beta1,3.0.1,3.1.0,2
easyexcel,1.1,com.alibaba.easyexcel.test.util,DataUtil,createTableStyle,Feature Envy,"checkstyle,experts",src/test/java/com/alibaba/easyexcel/test/util/DataUtil.java,src/test/java/com/alibaba/easyexcel/test/util/DataUtil.java.DataUtil.createTableStyle.Feature Envy,1.1,1.1,2.0.0-beta1,1
easyexcel,1.1,com.alibaba.easyexcel.test.util,DataUtil,createTestListJavaMode,Feature Envy,"checkstyle,experts",src/test/java/com/alibaba/easyexcel/test/util/DataUtil.java,src/test/java/com/alibaba/easyexcel/test/util/DataUtil.java.DataUtil.createTestListJavaMode.Feature Envy,1.1,1.1,2.0.0-beta1,1
easyexcel,1.1,com.alibaba.easyexcel.test.util,DataUtil,createTestListStringHead,Long Method,"Decor,experts",src/test/java/com/alibaba/easyexcel/test/util/DataUtil.java,src/test/java/com/alibaba/easyexcel/test/util/DataUtil.java.DataUtil.createTestListStringHead.Long Method,1.1,1.1,2.0.0-beta1,1
