Project,Version,Package Name,Type Name,Method Name,Smell,checker,File Path,SmellID,begin,end,disappear,gap
jedis,5.0.0-beta1,io.redis.examples,Bicycle,Bicycle,Long Parameter List,"designitejava,experts",File Not Found,File Not Found.Bicycle.Bicycle.Long Parameter List,5.0.0-beta1,5.3.0-beta1,5.3.0-beta1,7
jedis,2.10.0-m1,redis.clients.jedis,AdvancedBinaryJedisCommands,,God Class,"pmd,experts",src/main/java/redis/clients/jedis/AdvancedBinaryJedisCommands.java,src/main/java/redis/clients/jedis/AdvancedBinaryJedisCommands.java.AdvancedBinaryJedisCommands..God Class,2.10.0-m1,2.10.0,3.0.0-m1,2
jedis,2.10.0-m1,redis.clients.jedis,AdvancedBinaryJedisCommands,migrate,Long Parameter List,"designitejava,experts",src/main/java/redis/clients/jedis/AdvancedBinaryJedisCommands.java,src/main/java/redis/clients/jedis/AdvancedBinaryJedisCommands.java.AdvancedBinaryJedisCommands.migrate.Long Parameter List,2.10.0-m1,2.10.0,3.0.0-m1,2
jedis,2.10.0-m1,redis.clients.jedis,AdvancedJedisCommands,,God Class,"pmd,experts",src/main/java/redis/clients/jedis/AdvancedJedisCommands.java,src/main/java/redis/clients/jedis/AdvancedJedisCommands.java.AdvancedJedisCommands..God Class,2.10.0-m1,2.10.0,3.0.0-m1,2
jedis,2.10.0-m1,redis.clients.jedis,AdvancedJedisCommands,migrate,Long Parameter List,"designitejava,experts",src/main/java/redis/clients/jedis/AdvancedJedisCommands.java,src/main/java/redis/clients/jedis/AdvancedJedisCommands.java.AdvancedJedisCommands.migrate.Long Parameter List,2.10.0-m1,2.10.0,3.0.0-m1,2
jedis,2.2.0,redis.clients.jedis,BasicCommands,,God Class,"pmd,experts",src/main/java/redis/clients/jedis/BasicCommands.java,src/main/java/redis/clients/jedis/BasicCommands.java.BasicCommands..God Class,2.2.0,2.10.0,3.0.0-m1,10
jedis,2.2.0,redis.clients.jedis,BasicRedisPipeline,,God Class,"pmd,experts",src/main/java/redis/clients/jedis/BasicRedisPipeline.java,src/main/java/redis/clients/jedis/BasicRedisPipeline.java.BasicRedisPipeline..God Class,2.2.0,2.10.0,3.0.0-m1,10
jedis,2.10.0-m1,redis.clients.jedis,BasicRedisPipeline,migrate,Long Parameter List,"designitejava,experts",src/main/java/redis/clients/jedis/BasicRedisPipeline.java,src/main/java/redis/clients/jedis/BasicRedisPipeline.java.BasicRedisPipeline.migrate.Long Parameter List,2.10.0-m1,2.10.0,3.0.0-m1,2
jedis,1.4.0,redis.clients.jedis,BinaryClient,,God Class,"pmd,checkstyle,experts",src/main/java/redis/clients/jedis/BinaryClient.java,src/main/java/redis/clients/jedis/BinaryClient.java.BinaryClient..God Class,1.4.0,3.10.0,4.0.0-beta1,31
jedis,2.9.0,redis.clients.jedis,BinaryClient,BinaryClient,Long Parameter List,"designitejava,experts",src/main/java/redis/clients/jedis/BinaryClient.java,src/main/java/redis/clients/jedis/BinaryClient.java.BinaryClient.BinaryClient.Long Parameter List,2.9.0,3.10.0,4.0.0-beta1,19
jedis,2.2.0,redis.clients.jedis,BinaryClient,bitop,Long Method,"Decor,experts",src/main/java/redis/clients/jedis/BinaryClient.java,src/main/java/redis/clients/jedis/BinaryClient.java.BinaryClient.bitop.Long Method,2.2.0,2.9.0,2.10.0-m1,8
jedis,3.6.0-rc1,redis.clients.jedis,BinaryClient,blmove,Long Parameter List,"designitejava,experts",src/main/java/redis/clients/jedis/BinaryClient.java,src/main/java/redis/clients/jedis/BinaryClient.java.BinaryClient.blmove.Long Parameter List,3.6.0-rc1,3.10.0,4.0.0-beta1,7
jedis,3.6.0-rc1,redis.clients.jedis,BinaryClient,copy,Feature Envy,"checkstyle,experts",src/main/java/redis/clients/jedis/BinaryClient.java,src/main/java/redis/clients/jedis/BinaryClient.java.BinaryClient.copy.Feature Envy,3.6.0-rc1,3.10.0,4.0.0-beta1,7
jedis,2.8.0,redis.clients.jedis,BinaryClient,georadius,Long Parameter List,"designitejava,checkstyle,experts",src/main/java/redis/clients/jedis/BinaryClient.java,src/main/java/redis/clients/jedis/BinaryClient.java.BinaryClient.georadius.Long Parameter List,2.8.0,3.10.0,4.0.0-beta1,20
jedis,2.8.0,redis.clients.jedis,BinaryClient,georadiusByMember,Long Parameter List,"designitejava,experts",src/main/java/redis/clients/jedis/BinaryClient.java,src/main/java/redis/clients/jedis/BinaryClient.java.BinaryClient.georadiusByMember.Long Parameter List,2.8.0,3.10.0,4.0.0-beta1,20
jedis,2.10.0-m1,redis.clients.jedis,BinaryClient,georadiusByMemberReadonly,Long Parameter List,"designitejava,experts",src/main/java/redis/clients/jedis/BinaryClient.java,src/main/java/redis/clients/jedis/BinaryClient.java.BinaryClient.georadiusByMemberReadonly.Long Parameter List,2.10.0-m1,3.10.0,4.0.0-beta1,18
jedis,3.4.0,redis.clients.jedis,BinaryClient,georadiusByMemberStore,Long Parameter List,"designitejava,checkstyle,experts",src/main/java/redis/clients/jedis/BinaryClient.java,src/main/java/redis/clients/jedis/BinaryClient.java.BinaryClient.georadiusByMemberStore.Long Parameter List,3.4.0,3.10.0,4.0.0-beta1,9
jedis,2.10.0-m1,redis.clients.jedis,BinaryClient,georadiusReadonly,Long Parameter List,"designitejava,checkstyle,experts",src/main/java/redis/clients/jedis/BinaryClient.java,src/main/java/redis/clients/jedis/BinaryClient.java.BinaryClient.georadiusReadonly.Long Parameter List,2.10.0-m1,3.10.0,4.0.0-beta1,18
jedis,3.4.0,redis.clients.jedis,BinaryClient,georadiusStore,Long Parameter List,"designitejava,checkstyle,experts",src/main/java/redis/clients/jedis/BinaryClient.java,src/main/java/redis/clients/jedis/BinaryClient.java.BinaryClient.georadiusStore.Long Parameter List,3.4.0,3.10.0,4.0.0-beta1,9
jedis,2.2.0,redis.clients.jedis,BinaryClient,migrate,Long Parameter List,"designitejava,experts",src/main/java/redis/clients/jedis/BinaryClient.java,src/main/java/redis/clients/jedis/BinaryClient.java.BinaryClient.migrate.Long Parameter List,2.2.0,3.10.0,4.0.0-beta1,26
jedis,2.2.0,redis.clients.jedis,BinaryClient,set,Long Parameter List,"designitejava,experts",src/main/java/redis/clients/jedis/BinaryClient.java,src/main/java/redis/clients/jedis/BinaryClient.java.BinaryClient.set.Long Parameter List,2.2.0,2.10.0,3.0.0-m1,10
jedis,3.1.0-m1,redis.clients.jedis,BinaryClient,xadd,Long Parameter List,"designitejava,experts",src/main/java/redis/clients/jedis/BinaryClient.java,src/main/java/redis/clients/jedis/BinaryClient.java.BinaryClient.xadd.Long Parameter List,3.1.0-m1,3.10.0,4.0.0-beta1,14
jedis,3.7.0-RC1,redis.clients.jedis,BinaryClient,xautoclaim,Long Parameter List,"designitejava,checkstyle,experts",src/main/java/redis/clients/jedis/BinaryClient.java,src/main/java/redis/clients/jedis/BinaryClient.java.BinaryClient.xautoclaim.Long Parameter List,3.7.0-RC1,3.10.0,4.0.0-beta1,5
jedis,3.7.0-RC1,redis.clients.jedis,BinaryClient,xautoclaimJustId,Long Parameter List,"designitejava,checkstyle,experts",src/main/java/redis/clients/jedis/BinaryClient.java,src/main/java/redis/clients/jedis/BinaryClient.java.BinaryClient.xautoclaimJustId.Long Parameter List,3.7.0-RC1,3.10.0,4.0.0-beta1,5
jedis,3.6.0-rc1,redis.clients.jedis,BinaryClient,xclaim,Feature Envy,"checkstyle,experts",src/main/java/redis/clients/jedis/BinaryClient.java,src/main/java/redis/clients/jedis/BinaryClient.java.BinaryClient.xclaim.Feature Envy,3.6.0-rc1,3.10.0,4.0.0-beta1,7
jedis,3.1.0-m1,redis.clients.jedis,BinaryClient,xclaim,Long Parameter List,"designitejava,checkstyle,experts",src/main/java/redis/clients/jedis/BinaryClient.java,src/main/java/redis/clients/jedis/BinaryClient.java.BinaryClient.xclaim.Long Parameter List,3.1.0-m1,3.10.0,4.0.0-beta1,14
jedis,3.6.0-rc1,redis.clients.jedis,BinaryClient,xclaimJustId,Long Parameter List,"designitejava,checkstyle,experts",src/main/java/redis/clients/jedis/BinaryClient.java,src/main/java/redis/clients/jedis/BinaryClient.java.BinaryClient.xclaimJustId.Long Parameter List,3.6.0-rc1,3.10.0,4.0.0-beta1,7
jedis,3.6.0-rc1,redis.clients.jedis,BinaryClient,xgroupCreate,Feature Envy,"checkstyle,experts",src/main/java/redis/clients/jedis/BinaryClient.java,src/main/java/redis/clients/jedis/BinaryClient.java.BinaryClient.xgroupCreate.Feature Envy,3.6.0-rc1,3.10.0,4.0.0-beta1,7
jedis,3.1.0-m1,redis.clients.jedis,BinaryClient,xpending,Long Parameter List,"designitejava,checkstyle,experts",src/main/java/redis/clients/jedis/BinaryClient.java,src/main/java/redis/clients/jedis/BinaryClient.java.BinaryClient.xpending.Long Parameter List,3.1.0-m1,3.10.0,4.0.0-beta1,14
jedis,3.6.0-rc1,redis.clients.jedis,BinaryClient,xread,Feature Envy,"checkstyle,experts",src/main/java/redis/clients/jedis/BinaryClient.java,src/main/java/redis/clients/jedis/BinaryClient.java.BinaryClient.xread.Feature Envy,3.6.0-rc1,3.10.0,4.0.0-beta1,7
jedis,3.1.0-m1,redis.clients.jedis,BinaryClient,xreadGroup,Complex Method,"designitejava,experts",src/main/java/redis/clients/jedis/BinaryClient.java,src/main/java/redis/clients/jedis/BinaryClient.java.BinaryClient.xreadGroup.Complex Method,3.1.0-m1,3.10.0,4.0.0-beta1,14
jedis,3.6.0-rc1,redis.clients.jedis,BinaryClient,xreadGroup,Feature Envy,"checkstyle,experts",src/main/java/redis/clients/jedis/BinaryClient.java,src/main/java/redis/clients/jedis/BinaryClient.java.BinaryClient.xreadGroup.Feature Envy,3.6.0-rc1,3.10.0,4.0.0-beta1,7
jedis,3.1.0-m1,redis.clients.jedis,BinaryClient,xreadGroup,Long Method,"Decor,experts",src/main/java/redis/clients/jedis/BinaryClient.java,src/main/java/redis/clients/jedis/BinaryClient.java.BinaryClient.xreadGroup.Long Method,3.1.0-m1,3.10.0,4.0.0-beta1,14
jedis,3.1.0-m1,redis.clients.jedis,BinaryClient,xreadGroup,Long Parameter List,"designitejava,checkstyle,experts",src/main/java/redis/clients/jedis/BinaryClient.java,src/main/java/redis/clients/jedis/BinaryClient.java.BinaryClient.xreadGroup.Long Parameter List,3.1.0-m1,3.10.0,4.0.0-beta1,14
jedis,2.6.0,redis.clients.jedis,BinaryClient,zrangeByLex,Long Parameter List,"designitejava,experts",src/main/java/redis/clients/jedis/BinaryClient.java,src/main/java/redis/clients/jedis/BinaryClient.java.BinaryClient.zrangeByLex.Long Parameter List,2.6.0,3.10.0,4.0.0-beta1,22
jedis,1.4.0,redis.clients.jedis,BinaryClient,zrangeByScore,Long Parameter List,"designitejava,experts",src/main/java/redis/clients/jedis/BinaryClient.java,src/main/java/redis/clients/jedis/BinaryClient.java.BinaryClient.zrangeByScore.Long Parameter List,1.4.0,3.10.0,4.0.0-beta1,31
jedis,1.4.0,redis.clients.jedis,BinaryClient,zrangeByScoreWithScores,Long Parameter List,"designitejava,experts",src/main/java/redis/clients/jedis/BinaryClient.java,src/main/java/redis/clients/jedis/BinaryClient.java.BinaryClient.zrangeByScoreWithScores.Long Parameter List,1.4.0,3.10.0,4.0.0-beta1,31
jedis,2.7.0,redis.clients.jedis,BinaryClient,zrevrangeByLex,Long Parameter List,"designitejava,experts",src/main/java/redis/clients/jedis/BinaryClient.java,src/main/java/redis/clients/jedis/BinaryClient.java.BinaryClient.zrevrangeByLex.Long Parameter List,2.7.0,3.10.0,4.0.0-beta1,21
jedis,2.0.0,redis.clients.jedis,BinaryClient,zrevrangeByScore,Long Parameter List,"designitejava,experts",src/main/java/redis/clients/jedis/BinaryClient.java,src/main/java/redis/clients/jedis/BinaryClient.java.BinaryClient.zrevrangeByScore.Long Parameter List,2.0.0,3.10.0,4.0.0-beta1,28
jedis,2.0.0,redis.clients.jedis,BinaryClient,zrevrangeByScoreWithScores,Long Parameter List,"designitejava,experts",src/main/java/redis/clients/jedis/BinaryClient.java,src/main/java/redis/clients/jedis/BinaryClient.java.BinaryClient.zrevrangeByScoreWithScores.Long Parameter List,2.0.0,3.10.0,4.0.0-beta1,28
jedis,1.4.0,redis.clients.jedis,BinaryJedis,,God Class,"pmd,checkstyle,experts",src/main/java/redis/clients/jedis/BinaryJedis.java,src/main/java/redis/clients/jedis/BinaryJedis.java.BinaryJedis..God Class,1.4.0,3.10.0,4.0.0-beta1,31
jedis,3.6.0-rc1,redis.clients.jedis,BinaryJedis,BinaryJedis,Feature Envy,"checkstyle,experts",src/main/java/redis/clients/jedis/BinaryJedis.java,src/main/java/redis/clients/jedis/BinaryJedis.java.BinaryJedis.BinaryJedis.Feature Envy,3.6.0-rc1,3.10.0,4.0.0-beta1,7
jedis,2.9.0,redis.clients.jedis,BinaryJedis,BinaryJedis,Long Parameter List,"designitejava,experts",src/main/java/redis/clients/jedis/BinaryJedis.java,src/main/java/redis/clients/jedis/BinaryJedis.java.BinaryJedis.BinaryJedis.Long Parameter List,2.9.0,3.10.0,4.0.0-beta1,19
jedis,3.6.0-rc1,redis.clients.jedis,BinaryJedis,blmove,Long Parameter List,"designitejava,experts",src/main/java/redis/clients/jedis/BinaryJedis.java,src/main/java/redis/clients/jedis/BinaryJedis.java.BinaryJedis.blmove.Long Parameter List,3.6.0-rc1,3.10.0,4.0.0-beta1,7
jedis,2.8.0,redis.clients.jedis,BinaryJedis,georadius,Long Parameter List,"designitejava,checkstyle,experts",src/main/java/redis/clients/jedis/BinaryJedis.java,src/main/java/redis/clients/jedis/BinaryJedis.java.BinaryJedis.georadius.Long Parameter List,2.8.0,3.10.0,4.0.0-beta1,20
jedis,2.8.0,redis.clients.jedis,BinaryJedis,georadiusByMember,Long Parameter List,"designitejava,experts",src/main/java/redis/clients/jedis/BinaryJedis.java,src/main/java/redis/clients/jedis/BinaryJedis.java.BinaryJedis.georadiusByMember.Long Parameter List,2.8.0,3.10.0,4.0.0-beta1,20
jedis,2.10.0-m1,redis.clients.jedis,BinaryJedis,georadiusByMemberReadonly,Long Parameter List,"designitejava,experts",src/main/java/redis/clients/jedis/BinaryJedis.java,src/main/java/redis/clients/jedis/BinaryJedis.java.BinaryJedis.georadiusByMemberReadonly.Long Parameter List,2.10.0-m1,3.10.0,4.0.0-beta1,18
jedis,3.4.0,redis.clients.jedis,BinaryJedis,georadiusByMemberStore,Long Parameter List,"designitejava,checkstyle,experts",src/main/java/redis/clients/jedis/BinaryJedis.java,src/main/java/redis/clients/jedis/BinaryJedis.java.BinaryJedis.georadiusByMemberStore.Long Parameter List,3.4.0,3.10.0,4.0.0-beta1,9
jedis,2.10.0-m1,redis.clients.jedis,BinaryJedis,georadiusReadonly,Long Parameter List,"designitejava,checkstyle,experts",src/main/java/redis/clients/jedis/BinaryJedis.java,src/main/java/redis/clients/jedis/BinaryJedis.java.BinaryJedis.georadiusReadonly.Long Parameter List,2.10.0-m1,3.10.0,4.0.0-beta1,18
jedis,3.4.0,redis.clients.jedis,BinaryJedis,georadiusStore,Long Parameter List,"designitejava,checkstyle,experts",src/main/java/redis/clients/jedis/BinaryJedis.java,src/main/java/redis/clients/jedis/BinaryJedis.java.BinaryJedis.georadiusStore.Long Parameter List,3.4.0,3.10.0,4.0.0-beta1,9
jedis,2.7.0,redis.clients.jedis,BinaryJedis,initializeClientFromURI,Feature Envy,"checkstyle,experts",src/main/java/redis/clients/jedis/BinaryJedis.java,src/main/java/redis/clients/jedis/BinaryJedis.java.BinaryJedis.initializeClientFromURI.Feature Envy,2.7.0,3.5.0,3.6.0-rc1,14
jedis,3.6.0-rc1,redis.clients.jedis,BinaryJedis,initializeFromClientConfig,Long Method,"Decor,experts",src/main/java/redis/clients/jedis/BinaryJedis.java,src/main/java/redis/clients/jedis/BinaryJedis.java.BinaryJedis.initializeFromClientConfig.Long Method,3.6.0-rc1,3.10.0,4.0.0-beta1,7
jedis,3.6.0-rc1,redis.clients.jedis,BinaryJedis,initializeFromURI,Feature Envy,"checkstyle,experts",src/main/java/redis/clients/jedis/BinaryJedis.java,src/main/java/redis/clients/jedis/BinaryJedis.java.BinaryJedis.initializeFromURI.Feature Envy,3.6.0-rc1,3.10.0,4.0.0-beta1,7
jedis,2.2.0,redis.clients.jedis,BinaryJedis,migrate,Long Parameter List,"designitejava,experts",src/main/java/redis/clients/jedis/BinaryJedis.java,src/main/java/redis/clients/jedis/BinaryJedis.java.BinaryJedis.migrate.Long Parameter List,2.2.0,3.10.0,4.0.0-beta1,26
jedis,2.2.0,redis.clients.jedis,BinaryJedis,set,Long Parameter List,"designitejava,experts",src/main/java/redis/clients/jedis/BinaryJedis.java,src/main/java/redis/clients/jedis/BinaryJedis.java.BinaryJedis.set.Long Parameter List,2.2.0,2.10.0,3.0.0-m1,10
jedis,3.1.0-m1,redis.clients.jedis,BinaryJedis,xadd,Long Parameter List,"designitejava,experts",src/main/java/redis/clients/jedis/BinaryJedis.java,src/main/java/redis/clients/jedis/BinaryJedis.java.BinaryJedis.xadd.Long Parameter List,3.1.0-m1,3.10.0,4.0.0-beta1,14
jedis,3.7.0-RC1,redis.clients.jedis,BinaryJedis,xautoclaim,Long Parameter List,"designitejava,experts",src/main/java/redis/clients/jedis/BinaryJedis.java,src/main/java/redis/clients/jedis/BinaryJedis.java.BinaryJedis.xautoclaim.Long Parameter List,3.7.0-RC1,3.10.0,4.0.0-beta1,5
jedis,3.7.0-RC1,redis.clients.jedis,BinaryJedis,xautoclaimJustId,Long Parameter List,"designitejava,experts",src/main/java/redis/clients/jedis/BinaryJedis.java,src/main/java/redis/clients/jedis/BinaryJedis.java.BinaryJedis.xautoclaimJustId.Long Parameter List,3.7.0-RC1,3.10.0,4.0.0-beta1,5
jedis,3.1.0-m1,redis.clients.jedis,BinaryJedis,xclaim,Long Parameter List,"designitejava,experts",src/main/java/redis/clients/jedis/BinaryJedis.java,src/main/java/redis/clients/jedis/BinaryJedis.java.BinaryJedis.xclaim.Long Parameter List,3.1.0-m1,3.10.0,4.0.0-beta1,14
jedis,3.6.0-rc1,redis.clients.jedis,BinaryJedis,xclaimJustId,Long Parameter List,"designitejava,experts",src/main/java/redis/clients/jedis/BinaryJedis.java,src/main/java/redis/clients/jedis/BinaryJedis.java.BinaryJedis.xclaimJustId.Long Parameter List,3.6.0-rc1,3.10.0,4.0.0-beta1,7
jedis,3.1.0-m1,redis.clients.jedis,BinaryJedis,xpending,Long Parameter List,"designitejava,experts",src/main/java/redis/clients/jedis/BinaryJedis.java,src/main/java/redis/clients/jedis/BinaryJedis.java.BinaryJedis.xpending.Long Parameter List,3.1.0-m1,3.10.0,4.0.0-beta1,14
jedis,3.1.0-m1,redis.clients.jedis,BinaryJedis,xreadGroup,Long Parameter List,"designitejava,experts",src/main/java/redis/clients/jedis/BinaryJedis.java,src/main/java/redis/clients/jedis/BinaryJedis.java.BinaryJedis.xreadGroup.Long Parameter List,3.1.0-m1,3.10.0,4.0.0-beta1,14
jedis,2.6.0,redis.clients.jedis,BinaryJedis,zrangeByLex,Long Parameter List,"designitejava,experts",src/main/java/redis/clients/jedis/BinaryJedis.java,src/main/java/redis/clients/jedis/BinaryJedis.java.BinaryJedis.zrangeByLex.Long Parameter List,2.6.0,3.10.0,4.0.0-beta1,22
jedis,1.4.0,redis.clients.jedis,BinaryJedis,zrangeByScore,Long Parameter List,"designitejava,experts",src/main/java/redis/clients/jedis/BinaryJedis.java,src/main/java/redis/clients/jedis/BinaryJedis.java.BinaryJedis.zrangeByScore.Long Parameter List,1.4.0,3.10.0,4.0.0-beta1,31
jedis,1.4.0,redis.clients.jedis,BinaryJedis,zrangeByScoreWithScores,Long Parameter List,"designitejava,experts",src/main/java/redis/clients/jedis/BinaryJedis.java,src/main/java/redis/clients/jedis/BinaryJedis.java.BinaryJedis.zrangeByScoreWithScores.Long Parameter List,1.4.0,3.10.0,4.0.0-beta1,31
jedis,2.7.0,redis.clients.jedis,BinaryJedis,zrevrangeByLex,Long Parameter List,"designitejava,experts",src/main/java/redis/clients/jedis/BinaryJedis.java,src/main/java/redis/clients/jedis/BinaryJedis.java.BinaryJedis.zrevrangeByLex.Long Parameter List,2.7.0,3.10.0,4.0.0-beta1,21
jedis,2.0.0,redis.clients.jedis,BinaryJedis,zrevrangeByScore,Long Parameter List,"designitejava,experts",src/main/java/redis/clients/jedis/BinaryJedis.java,src/main/java/redis/clients/jedis/BinaryJedis.java.BinaryJedis.zrevrangeByScore.Long Parameter List,2.0.0,3.10.0,4.0.0-beta1,28
jedis,2.0.0,redis.clients.jedis,BinaryJedis,zrevrangeByScoreWithScores,Long Parameter List,"designitejava,experts",src/main/java/redis/clients/jedis/BinaryJedis.java,src/main/java/redis/clients/jedis/BinaryJedis.java.BinaryJedis.zrevrangeByScoreWithScores.Long Parameter List,2.0.0,3.10.0,4.0.0-beta1,28
jedis,2.8.0,redis.clients.jedis,BinaryJedisCluster,,God Class,"pmd,checkstyle,experts",src/main/java/redis/clients/jedis/BinaryJedisCluster.java,src/main/java/redis/clients/jedis/BinaryJedisCluster.java.BinaryJedisCluster..God Class,2.8.0,3.10.0,4.0.0-beta1,20
jedis,2.8.0,redis.clients.jedis,BinaryJedisCluster,BinaryJedisCluster,Long Parameter List,"designitejava,experts",src/main/java/redis/clients/jedis/BinaryJedisCluster.java,src/main/java/redis/clients/jedis/BinaryJedisCluster.java.BinaryJedisCluster.BinaryJedisCluster.Long Parameter List,2.8.0,3.10.0,4.0.0-beta1,20
jedis,3.6.0-rc1,redis.clients.jedis,BinaryJedisCluster,blmove,Long Parameter List,"designitejava,experts",src/main/java/redis/clients/jedis/BinaryJedisCluster.java,src/main/java/redis/clients/jedis/BinaryJedisCluster.java.BinaryJedisCluster.blmove.Long Parameter List,3.6.0-rc1,3.10.0,4.0.0-beta1,7
jedis,2.8.0,redis.clients.jedis,BinaryJedisCluster,georadius,Long Parameter List,"designitejava,checkstyle,experts",src/main/java/redis/clients/jedis/BinaryJedisCluster.java,src/main/java/redis/clients/jedis/BinaryJedisCluster.java.BinaryJedisCluster.georadius.Long Parameter List,2.8.0,3.10.0,4.0.0-beta1,20
jedis,2.8.0,redis.clients.jedis,BinaryJedisCluster,georadiusByMember,Long Parameter List,"designitejava,experts",src/main/java/redis/clients/jedis/BinaryJedisCluster.java,src/main/java/redis/clients/jedis/BinaryJedisCluster.java.BinaryJedisCluster.georadiusByMember.Long Parameter List,2.8.0,3.10.0,4.0.0-beta1,20
jedis,2.10.0-m1,redis.clients.jedis,BinaryJedisCluster,georadiusByMemberReadonly,Long Parameter List,"designitejava,experts",src/main/java/redis/clients/jedis/BinaryJedisCluster.java,src/main/java/redis/clients/jedis/BinaryJedisCluster.java.BinaryJedisCluster.georadiusByMemberReadonly.Long Parameter List,2.10.0-m1,3.10.0,4.0.0-beta1,18
jedis,3.4.0,redis.clients.jedis,BinaryJedisCluster,georadiusByMemberStore,Long Parameter List,"designitejava,checkstyle,experts",src/main/java/redis/clients/jedis/BinaryJedisCluster.java,src/main/java/redis/clients/jedis/BinaryJedisCluster.java.BinaryJedisCluster.georadiusByMemberStore.Long Parameter List,3.4.0,3.10.0,4.0.0-beta1,9
jedis,2.10.0-m1,redis.clients.jedis,BinaryJedisCluster,georadiusReadonly,Long Parameter List,"designitejava,checkstyle,experts",src/main/java/redis/clients/jedis/BinaryJedisCluster.java,src/main/java/redis/clients/jedis/BinaryJedisCluster.java.BinaryJedisCluster.georadiusReadonly.Long Parameter List,2.10.0-m1,3.10.0,4.0.0-beta1,18
jedis,3.4.0,redis.clients.jedis,BinaryJedisCluster,georadiusStore,Long Parameter List,"designitejava,checkstyle,experts",src/main/java/redis/clients/jedis/BinaryJedisCluster.java,src/main/java/redis/clients/jedis/BinaryJedisCluster.java.BinaryJedisCluster.georadiusStore.Long Parameter List,3.4.0,3.10.0,4.0.0-beta1,9
jedis,2.8.0,redis.clients.jedis,BinaryJedisCluster,set,Long Parameter List,"designitejava,experts",src/main/java/redis/clients/jedis/BinaryJedisCluster.java,src/main/java/redis/clients/jedis/BinaryJedisCluster.java.BinaryJedisCluster.set.Long Parameter List,2.8.0,2.10.0,3.0.0-m1,4
jedis,3.1.0-rc,redis.clients.jedis,BinaryJedisCluster,xadd,Long Parameter List,"designitejava,experts",src/main/java/redis/clients/jedis/BinaryJedisCluster.java,src/main/java/redis/clients/jedis/BinaryJedisCluster.java.BinaryJedisCluster.xadd.Long Parameter List,3.1.0-rc,3.10.0,4.0.0-beta1,13
jedis,3.7.0-RC1,redis.clients.jedis,BinaryJedisCluster,xautoclaim,Long Parameter List,"designitejava,experts",src/main/java/redis/clients/jedis/BinaryJedisCluster.java,src/main/java/redis/clients/jedis/BinaryJedisCluster.java.BinaryJedisCluster.xautoclaim.Long Parameter List,3.7.0-RC1,3.10.0,4.0.0-beta1,5
jedis,3.7.0-RC1,redis.clients.jedis,BinaryJedisCluster,xautoclaimJustId,Long Parameter List,"designitejava,experts",src/main/java/redis/clients/jedis/BinaryJedisCluster.java,src/main/java/redis/clients/jedis/BinaryJedisCluster.java.BinaryJedisCluster.xautoclaimJustId.Long Parameter List,3.7.0-RC1,3.10.0,4.0.0-beta1,5
jedis,3.1.0-rc,redis.clients.jedis,BinaryJedisCluster,xclaim,Long Parameter List,"designitejava,experts",src/main/java/redis/clients/jedis/BinaryJedisCluster.java,src/main/java/redis/clients/jedis/BinaryJedisCluster.java.BinaryJedisCluster.xclaim.Long Parameter List,3.1.0-rc,3.10.0,4.0.0-beta1,13
jedis,3.6.0-rc1,redis.clients.jedis,BinaryJedisCluster,xclaimJustId,Long Parameter List,"designitejava,experts",src/main/java/redis/clients/jedis/BinaryJedisCluster.java,src/main/java/redis/clients/jedis/BinaryJedisCluster.java.BinaryJedisCluster.xclaimJustId.Long Parameter List,3.6.0-rc1,3.10.0,4.0.0-beta1,7
jedis,3.1.0-rc,redis.clients.jedis,BinaryJedisCluster,xpending,Long Parameter List,"designitejava,experts",src/main/java/redis/clients/jedis/BinaryJedisCluster.java,src/main/java/redis/clients/jedis/BinaryJedisCluster.java.BinaryJedisCluster.xpending.Long Parameter List,3.1.0-rc,3.10.0,4.0.0-beta1,13
jedis,3.1.0-rc,redis.clients.jedis,BinaryJedisCluster,xreadGroup,Long Parameter List,"designitejava,experts",src/main/java/redis/clients/jedis/BinaryJedisCluster.java,src/main/java/redis/clients/jedis/BinaryJedisCluster.java.BinaryJedisCluster.xreadGroup.Long Parameter List,3.1.0-rc,3.10.0,4.0.0-beta1,13
jedis,2.8.0,redis.clients.jedis,BinaryJedisCluster,zrangeByLex,Long Parameter List,"designitejava,experts",src/main/java/redis/clients/jedis/BinaryJedisCluster.java,src/main/java/redis/clients/jedis/BinaryJedisCluster.java.BinaryJedisCluster.zrangeByLex.Long Parameter List,2.8.0,3.10.0,4.0.0-beta1,20
jedis,2.8.0,redis.clients.jedis,BinaryJedisCluster,zrangeByScore,Long Parameter List,"designitejava,experts",src/main/java/redis/clients/jedis/BinaryJedisCluster.java,src/main/java/redis/clients/jedis/BinaryJedisCluster.java.BinaryJedisCluster.zrangeByScore.Long Parameter List,2.8.0,3.10.0,4.0.0-beta1,20
jedis,2.8.0,redis.clients.jedis,BinaryJedisCluster,zrangeByScoreWithScores,Long Parameter List,"designitejava,experts",src/main/java/redis/clients/jedis/BinaryJedisCluster.java,src/main/java/redis/clients/jedis/BinaryJedisCluster.java.BinaryJedisCluster.zrangeByScoreWithScores.Long Parameter List,2.8.0,3.10.0,4.0.0-beta1,20
jedis,2.8.0,redis.clients.jedis,BinaryJedisCluster,zrevrangeByLex,Long Parameter List,"designitejava,experts",src/main/java/redis/clients/jedis/BinaryJedisCluster.java,src/main/java/redis/clients/jedis/BinaryJedisCluster.java.BinaryJedisCluster.zrevrangeByLex.Long Parameter List,2.8.0,3.10.0,4.0.0-beta1,20
jedis,2.8.0,redis.clients.jedis,BinaryJedisCluster,zrevrangeByScore,Long Parameter List,"designitejava,experts",src/main/java/redis/clients/jedis/BinaryJedisCluster.java,src/main/java/redis/clients/jedis/BinaryJedisCluster.java.BinaryJedisCluster.zrevrangeByScore.Long Parameter List,2.8.0,3.10.0,4.0.0-beta1,20
jedis,2.8.0,redis.clients.jedis,BinaryJedisCluster,zrevrangeByScoreWithScores,Long Parameter List,"designitejava,experts",src/main/java/redis/clients/jedis/BinaryJedisCluster.java,src/main/java/redis/clients/jedis/BinaryJedisCluster.java.BinaryJedisCluster.zrevrangeByScoreWithScores.Long Parameter List,2.8.0,3.10.0,4.0.0-beta1,20
jedis,2.8.0,redis.clients.jedis,BinaryJedisClusterCommands,,God Class,"pmd,checkstyle,experts",src/main/java/redis/clients/jedis/BinaryJedisClusterCommands.java,src/main/java/redis/clients/jedis/BinaryJedisClusterCommands.java.BinaryJedisClusterCommands..God Class,2.8.0,2.10.0,3.0.0-m1,4
jedis,2.8.0,redis.clients.jedis,BinaryJedisClusterCommands,georadius,Long Parameter List,"designitejava,checkstyle,experts",src/main/java/redis/clients/jedis/BinaryJedisClusterCommands.java,src/main/java/redis/clients/jedis/BinaryJedisClusterCommands.java.BinaryJedisClusterCommands.georadius.Long Parameter List,2.8.0,2.10.0,3.0.0-m1,4
jedis,2.8.0,redis.clients.jedis,BinaryJedisClusterCommands,georadiusByMember,Long Parameter List,"designitejava,experts",src/main/java/redis/clients/jedis/BinaryJedisClusterCommands.java,src/main/java/redis/clients/jedis/BinaryJedisClusterCommands.java.BinaryJedisClusterCommands.georadiusByMember.Long Parameter List,2.8.0,2.10.0,3.0.0-m1,4
jedis,2.10.0-m1,redis.clients.jedis,BinaryJedisClusterCommands,georadiusByMemberReadonly,Long Parameter List,"designitejava,experts",src/main/java/redis/clients/jedis/BinaryJedisClusterCommands.java,src/main/java/redis/clients/jedis/BinaryJedisClusterCommands.java.BinaryJedisClusterCommands.georadiusByMemberReadonly.Long Parameter List,2.10.0-m1,2.10.0,3.0.0-m1,2
jedis,2.10.0-m1,redis.clients.jedis,BinaryJedisClusterCommands,georadiusReadonly,Long Parameter List,"designitejava,checkstyle,experts",src/main/java/redis/clients/jedis/BinaryJedisClusterCommands.java,src/main/java/redis/clients/jedis/BinaryJedisClusterCommands.java.BinaryJedisClusterCommands.georadiusReadonly.Long Parameter List,2.10.0-m1,2.10.0,3.0.0-m1,2
jedis,2.8.0,redis.clients.jedis,BinaryJedisClusterCommands,set,Long Parameter List,"designitejava,experts",src/main/java/redis/clients/jedis/BinaryJedisClusterCommands.java,src/main/java/redis/clients/jedis/BinaryJedisClusterCommands.java.BinaryJedisClusterCommands.set.Long Parameter List,2.8.0,2.10.0,3.0.0-m1,4
jedis,2.8.0,redis.clients.jedis,BinaryJedisClusterCommands,zrangeByLex,Long Parameter List,"designitejava,experts",src/main/java/redis/clients/jedis/BinaryJedisClusterCommands.java,src/main/java/redis/clients/jedis/BinaryJedisClusterCommands.java.BinaryJedisClusterCommands.zrangeByLex.Long Parameter List,2.8.0,2.10.0,3.0.0-m1,4
jedis,2.8.0,redis.clients.jedis,BinaryJedisClusterCommands,zrangeByScore,Long Parameter List,"designitejava,experts",src/main/java/redis/clients/jedis/BinaryJedisClusterCommands.java,src/main/java/redis/clients/jedis/BinaryJedisClusterCommands.java.BinaryJedisClusterCommands.zrangeByScore.Long Parameter List,2.8.0,2.10.0,3.0.0-m1,4
jedis,2.8.0,redis.clients.jedis,BinaryJedisClusterCommands,zrangeByScoreWithScores,Long Parameter List,"designitejava,experts",src/main/java/redis/clients/jedis/BinaryJedisClusterCommands.java,src/main/java/redis/clients/jedis/BinaryJedisClusterCommands.java.BinaryJedisClusterCommands.zrangeByScoreWithScores.Long Parameter List,2.8.0,2.10.0,3.0.0-m1,4
jedis,2.8.0,redis.clients.jedis,BinaryJedisClusterCommands,zrevrangeByLex,Long Parameter List,"designitejava,experts",src/main/java/redis/clients/jedis/BinaryJedisClusterCommands.java,src/main/java/redis/clients/jedis/BinaryJedisClusterCommands.java.BinaryJedisClusterCommands.zrevrangeByLex.Long Parameter List,2.8.0,2.10.0,3.0.0-m1,4
jedis,2.8.0,redis.clients.jedis,BinaryJedisClusterCommands,zrevrangeByScore,Long Parameter List,"designitejava,experts",src/main/java/redis/clients/jedis/BinaryJedisClusterCommands.java,src/main/java/redis/clients/jedis/BinaryJedisClusterCommands.java.BinaryJedisClusterCommands.zrevrangeByScore.Long Parameter List,2.8.0,2.10.0,3.0.0-m1,4
jedis,2.8.0,redis.clients.jedis,BinaryJedisClusterCommands,zrevrangeByScoreWithScores,Long Parameter List,"designitejava,experts",src/main/java/redis/clients/jedis/BinaryJedisClusterCommands.java,src/main/java/redis/clients/jedis/BinaryJedisClusterCommands.java.BinaryJedisClusterCommands.zrevrangeByScoreWithScores.Long Parameter List,2.8.0,2.10.0,3.0.0-m1,4
jedis,1.4.0,redis.clients.jedis,BinaryJedisCommands,,God Class,"pmd,experts",src/main/java/redis/clients/jedis/BinaryJedisCommands.java,src/main/java/redis/clients/jedis/BinaryJedisCommands.java.BinaryJedisCommands..God Class,1.4.0,2.10.0,3.0.0-m1,15
jedis,2.8.0,redis.clients.jedis,BinaryJedisCommands,georadius,Long Parameter List,"designitejava,checkstyle,experts",src/main/java/redis/clients/jedis/BinaryJedisCommands.java,src/main/java/redis/clients/jedis/BinaryJedisCommands.java.BinaryJedisCommands.georadius.Long Parameter List,2.8.0,2.10.0,3.0.0-m1,4
jedis,2.8.0,redis.clients.jedis,BinaryJedisCommands,georadiusByMember,Long Parameter List,"designitejava,experts",src/main/java/redis/clients/jedis/BinaryJedisCommands.java,src/main/java/redis/clients/jedis/BinaryJedisCommands.java.BinaryJedisCommands.georadiusByMember.Long Parameter List,2.8.0,2.10.0,3.0.0-m1,4
jedis,2.10.0-m1,redis.clients.jedis,BinaryJedisCommands,georadiusByMemberReadonly,Long Parameter List,"designitejava,experts",src/main/java/redis/clients/jedis/BinaryJedisCommands.java,src/main/java/redis/clients/jedis/BinaryJedisCommands.java.BinaryJedisCommands.georadiusByMemberReadonly.Long Parameter List,2.10.0-m1,2.10.0,3.0.0-m1,2
jedis,2.10.0-m1,redis.clients.jedis,BinaryJedisCommands,georadiusReadonly,Long Parameter List,"designitejava,checkstyle,experts",src/main/java/redis/clients/jedis/BinaryJedisCommands.java,src/main/java/redis/clients/jedis/BinaryJedisCommands.java.BinaryJedisCommands.georadiusReadonly.Long Parameter List,2.10.0-m1,2.10.0,3.0.0-m1,2
jedis,2.7.0,redis.clients.jedis,BinaryJedisCommands,set,Long Parameter List,"designitejava,experts",src/main/java/redis/clients/jedis/BinaryJedisCommands.java,src/main/java/redis/clients/jedis/BinaryJedisCommands.java.BinaryJedisCommands.set.Long Parameter List,2.7.0,2.10.0,3.0.0-m1,5
jedis,2.6.0,redis.clients.jedis,BinaryJedisCommands,zrangeByLex,Long Parameter List,"designitejava,experts",src/main/java/redis/clients/jedis/BinaryJedisCommands.java,src/main/java/redis/clients/jedis/BinaryJedisCommands.java.BinaryJedisCommands.zrangeByLex.Long Parameter List,2.6.0,2.10.0,3.0.0-m1,6
jedis,1.4.0,redis.clients.jedis,BinaryJedisCommands,zrangeByScore,Long Parameter List,"designitejava,experts",src/main/java/redis/clients/jedis/BinaryJedisCommands.java,src/main/java/redis/clients/jedis/BinaryJedisCommands.java.BinaryJedisCommands.zrangeByScore.Long Parameter List,1.4.0,2.10.0,3.0.0-m1,15
jedis,1.4.0,redis.clients.jedis,BinaryJedisCommands,zrangeByScoreWithScores,Long Parameter List,"designitejava,experts",src/main/java/redis/clients/jedis/BinaryJedisCommands.java,src/main/java/redis/clients/jedis/BinaryJedisCommands.java.BinaryJedisCommands.zrangeByScoreWithScores.Long Parameter List,1.4.0,2.10.0,3.0.0-m1,15
jedis,2.7.0,redis.clients.jedis,BinaryJedisCommands,zrevrangeByLex,Long Parameter List,"designitejava,experts",src/main/java/redis/clients/jedis/BinaryJedisCommands.java,src/main/java/redis/clients/jedis/BinaryJedisCommands.java.BinaryJedisCommands.zrevrangeByLex.Long Parameter List,2.7.0,2.10.0,3.0.0-m1,5
jedis,2.0.0,redis.clients.jedis,BinaryJedisCommands,zrevrangeByScore,Long Parameter List,"designitejava,experts",src/main/java/redis/clients/jedis/BinaryJedisCommands.java,src/main/java/redis/clients/jedis/BinaryJedisCommands.java.BinaryJedisCommands.zrevrangeByScore.Long Parameter List,2.0.0,2.10.0,3.0.0-m1,12
jedis,2.0.0,redis.clients.jedis,BinaryJedisCommands,zrevrangeByScoreWithScores,Long Parameter List,"designitejava,experts",src/main/java/redis/clients/jedis/BinaryJedisCommands.java,src/main/java/redis/clients/jedis/BinaryJedisCommands.java.BinaryJedisCommands.zrevrangeByScoreWithScores.Long Parameter List,2.0.0,2.10.0,3.0.0-m1,12
jedis,2.0.0,redis.clients.jedis,BinaryJedisPubSub,,God Class,"pmd,experts",src/main/java/redis/clients/jedis/BinaryJedisPubSub.java,src/main/java/redis/clients/jedis/BinaryJedisPubSub.java.BinaryJedisPubSub..God Class,2.0.0,5.0.0-alpha1,5.0.0-beta1,41
jedis,4.0.0-RC1,redis.clients.jedis,BinaryJedisPubSub,ping,Feature Envy,"designitejava,experts",src/main/java/redis/clients/jedis/BinaryJedisPubSub.java,src/main/java/redis/clients/jedis/BinaryJedisPubSub.java.BinaryJedisPubSub.ping.Feature Envy,4.0.0-RC1,5.0.0-alpha1,5.0.0-beta1,12
jedis,2.0.0,redis.clients.jedis,BinaryJedisPubSub,process,Complex Method,"designitejava,experts",src/main/java/redis/clients/jedis/BinaryJedisPubSub.java,src/main/java/redis/clients/jedis/BinaryJedisPubSub.java.BinaryJedisPubSub.process.Complex Method,2.0.0,5.0.0-alpha1,5.0.0-beta1,41
jedis,3.6.0-rc1,redis.clients.jedis,BinaryJedisPubSub,process,Feature Envy,"checkstyle,experts",src/main/java/redis/clients/jedis/BinaryJedisPubSub.java,src/main/java/redis/clients/jedis/BinaryJedisPubSub.java.BinaryJedisPubSub.process.Feature Envy,3.6.0-rc1,5.0.0-alpha1,5.0.0-beta1,20
jedis,2.0.0,redis.clients.jedis,BinaryJedisPubSub,process,Long Method,"Decor,experts",src/main/java/redis/clients/jedis/BinaryJedisPubSub.java,src/main/java/redis/clients/jedis/BinaryJedisPubSub.java.BinaryJedisPubSub.process.Long Method,2.0.0,5.0.0-alpha1,5.0.0-beta1,41
jedis,4.0.0-RC1,redis.clients.jedis,BinaryJedisPubSub,psubscribe,Feature Envy,"designitejava,experts",src/main/java/redis/clients/jedis/BinaryJedisPubSub.java,src/main/java/redis/clients/jedis/BinaryJedisPubSub.java.BinaryJedisPubSub.psubscribe.Feature Envy,4.0.0-RC1,5.0.0-alpha1,5.0.0-beta1,12
jedis,4.0.0-RC1,redis.clients.jedis,BinaryJedisPubSub,punsubscribe,Feature Envy,"designitejava,experts",src/main/java/redis/clients/jedis/BinaryJedisPubSub.java,src/main/java/redis/clients/jedis/BinaryJedisPubSub.java.BinaryJedisPubSub.punsubscribe.Feature Envy,4.0.0-RC1,5.0.0-alpha1,5.0.0-beta1,12
jedis,4.0.0-RC1,redis.clients.jedis,BinaryJedisPubSub,subscribe,Feature Envy,"designitejava,experts",src/main/java/redis/clients/jedis/BinaryJedisPubSub.java,src/main/java/redis/clients/jedis/BinaryJedisPubSub.java.BinaryJedisPubSub.subscribe.Feature Envy,4.0.0-RC1,5.0.0-alpha1,5.0.0-beta1,12
jedis,4.0.0-RC1,redis.clients.jedis,BinaryJedisPubSub,unsubscribe,Feature Envy,"designitejava,experts",src/main/java/redis/clients/jedis/BinaryJedisPubSub.java,src/main/java/redis/clients/jedis/BinaryJedisPubSub.java.BinaryJedisPubSub.unsubscribe.Feature Envy,4.0.0-RC1,5.0.0-alpha1,5.0.0-beta1,12
jedis,2.2.0,redis.clients.jedis,BinaryRedisPipeline,,God Class,"pmd,checkstyle,experts",src/main/java/redis/clients/jedis/BinaryRedisPipeline.java,src/main/java/redis/clients/jedis/BinaryRedisPipeline.java.BinaryRedisPipeline..God Class,2.2.0,2.10.0,3.0.0-m1,10
jedis,2.8.0,redis.clients.jedis,BinaryRedisPipeline,georadius,Long Parameter List,"designitejava,checkstyle,experts",src/main/java/redis/clients/jedis/BinaryRedisPipeline.java,src/main/java/redis/clients/jedis/BinaryRedisPipeline.java.BinaryRedisPipeline.georadius.Long Parameter List,2.8.0,2.10.0,3.0.0-m1,4
jedis,2.8.0,redis.clients.jedis,BinaryRedisPipeline,georadiusByMember,Long Parameter List,"designitejava,experts",src/main/java/redis/clients/jedis/BinaryRedisPipeline.java,src/main/java/redis/clients/jedis/BinaryRedisPipeline.java.BinaryRedisPipeline.georadiusByMember.Long Parameter List,2.8.0,2.10.0,3.0.0-m1,4
jedis,2.10.0-m1,redis.clients.jedis,BinaryRedisPipeline,georadiusByMemberReadonly,Long Parameter List,"designitejava,experts",src/main/java/redis/clients/jedis/BinaryRedisPipeline.java,src/main/java/redis/clients/jedis/BinaryRedisPipeline.java.BinaryRedisPipeline.georadiusByMemberReadonly.Long Parameter List,2.10.0-m1,2.10.0,3.0.0-m1,2
jedis,2.10.0-m1,redis.clients.jedis,BinaryRedisPipeline,georadiusReadonly,Long Parameter List,"designitejava,checkstyle,experts",src/main/java/redis/clients/jedis/BinaryRedisPipeline.java,src/main/java/redis/clients/jedis/BinaryRedisPipeline.java.BinaryRedisPipeline.georadiusReadonly.Long Parameter List,2.10.0-m1,2.10.0,3.0.0-m1,2
jedis,2.10.0-m1,redis.clients.jedis,BinaryRedisPipeline,migrate,Long Parameter List,"designitejava,experts",src/main/java/redis/clients/jedis/BinaryRedisPipeline.java,src/main/java/redis/clients/jedis/BinaryRedisPipeline.java.BinaryRedisPipeline.migrate.Long Parameter List,2.10.0-m1,2.10.0,3.0.0-m1,2
jedis,2.6.0,redis.clients.jedis,BinaryRedisPipeline,zrangeByLex,Long Parameter List,"designitejava,experts",src/main/java/redis/clients/jedis/BinaryRedisPipeline.java,src/main/java/redis/clients/jedis/BinaryRedisPipeline.java.BinaryRedisPipeline.zrangeByLex.Long Parameter List,2.6.0,2.10.0,3.0.0-m1,6
jedis,2.2.0,redis.clients.jedis,BinaryRedisPipeline,zrangeByScore,Long Parameter List,"designitejava,experts",src/main/java/redis/clients/jedis/BinaryRedisPipeline.java,src/main/java/redis/clients/jedis/BinaryRedisPipeline.java.BinaryRedisPipeline.zrangeByScore.Long Parameter List,2.2.0,2.10.0,3.0.0-m1,10
jedis,2.2.0,redis.clients.jedis,BinaryRedisPipeline,zrangeByScoreWithScores,Long Parameter List,"designitejava,experts",src/main/java/redis/clients/jedis/BinaryRedisPipeline.java,src/main/java/redis/clients/jedis/BinaryRedisPipeline.java.BinaryRedisPipeline.zrangeByScoreWithScores.Long Parameter List,2.2.0,2.10.0,3.0.0-m1,10
jedis,2.7.0,redis.clients.jedis,BinaryRedisPipeline,zrevrangeByLex,Long Parameter List,"designitejava,experts",src/main/java/redis/clients/jedis/BinaryRedisPipeline.java,src/main/java/redis/clients/jedis/BinaryRedisPipeline.java.BinaryRedisPipeline.zrevrangeByLex.Long Parameter List,2.7.0,2.10.0,3.0.0-m1,5
jedis,2.2.0,redis.clients.jedis,BinaryRedisPipeline,zrevrangeByScore,Long Parameter List,"designitejava,experts",src/main/java/redis/clients/jedis/BinaryRedisPipeline.java,src/main/java/redis/clients/jedis/BinaryRedisPipeline.java.BinaryRedisPipeline.zrevrangeByScore.Long Parameter List,2.2.0,2.10.0,3.0.0-m1,10
jedis,2.2.0,redis.clients.jedis,BinaryRedisPipeline,zrevrangeByScoreWithScores,Long Parameter List,"designitejava,experts",src/main/java/redis/clients/jedis/BinaryRedisPipeline.java,src/main/java/redis/clients/jedis/BinaryRedisPipeline.java.BinaryRedisPipeline.zrevrangeByScoreWithScores.Long Parameter List,2.2.0,2.10.0,3.0.0-m1,10
jedis,2.2.0,redis.clients.jedis,BinaryScriptingCommands,,God Class,"pmd,experts",src/main/java/redis/clients/jedis/BinaryScriptingCommands.java,src/main/java/redis/clients/jedis/BinaryScriptingCommands.java.BinaryScriptingCommands..God Class,2.2.0,2.10.0,3.0.0-m1,10
jedis,1.4.0,redis.clients.jedis,BinaryShardedJedis,,God Class,"pmd,experts",src/main/java/redis/clients/jedis/BinaryShardedJedis.java,src/main/java/redis/clients/jedis/BinaryShardedJedis.java.BinaryShardedJedis..God Class,1.4.0,3.10.0,4.0.0-beta1,31
jedis,2.8.0,redis.clients.jedis,BinaryShardedJedis,georadius,Long Parameter List,"designitejava,checkstyle,experts",src/main/java/redis/clients/jedis/BinaryShardedJedis.java,src/main/java/redis/clients/jedis/BinaryShardedJedis.java.BinaryShardedJedis.georadius.Long Parameter List,2.8.0,3.10.0,4.0.0-beta1,20
jedis,2.8.0,redis.clients.jedis,BinaryShardedJedis,georadiusByMember,Long Parameter List,"designitejava,experts",src/main/java/redis/clients/jedis/BinaryShardedJedis.java,src/main/java/redis/clients/jedis/BinaryShardedJedis.java.BinaryShardedJedis.georadiusByMember.Long Parameter List,2.8.0,3.10.0,4.0.0-beta1,20
jedis,2.10.0-m1,redis.clients.jedis,BinaryShardedJedis,georadiusByMemberReadonly,Long Parameter List,"designitejava,experts",src/main/java/redis/clients/jedis/BinaryShardedJedis.java,src/main/java/redis/clients/jedis/BinaryShardedJedis.java.BinaryShardedJedis.georadiusByMemberReadonly.Long Parameter List,2.10.0-m1,3.10.0,4.0.0-beta1,18
jedis,2.10.0-m1,redis.clients.jedis,BinaryShardedJedis,georadiusReadonly,Long Parameter List,"designitejava,checkstyle,experts",src/main/java/redis/clients/jedis/BinaryShardedJedis.java,src/main/java/redis/clients/jedis/BinaryShardedJedis.java.BinaryShardedJedis.georadiusReadonly.Long Parameter List,2.10.0-m1,3.10.0,4.0.0-beta1,18
jedis,2.7.0,redis.clients.jedis,BinaryShardedJedis,set,Long Parameter List,"designitejava,experts",src/main/java/redis/clients/jedis/BinaryShardedJedis.java,src/main/java/redis/clients/jedis/BinaryShardedJedis.java.BinaryShardedJedis.set.Long Parameter List,2.7.0,2.10.0,3.0.0-m1,5
jedis,3.1.0-m1,redis.clients.jedis,BinaryShardedJedis,xadd,Long Parameter List,"designitejava,experts",src/main/java/redis/clients/jedis/BinaryShardedJedis.java,src/main/java/redis/clients/jedis/BinaryShardedJedis.java.BinaryShardedJedis.xadd.Long Parameter List,3.1.0-m1,3.10.0,4.0.0-beta1,14
jedis,3.7.0-RC1,redis.clients.jedis,BinaryShardedJedis,xautoclaim,Long Parameter List,"designitejava,checkstyle,experts",src/main/java/redis/clients/jedis/BinaryShardedJedis.java,src/main/java/redis/clients/jedis/BinaryShardedJedis.java.BinaryShardedJedis.xautoclaim.Long Parameter List,3.7.0-RC1,3.10.0,4.0.0-beta1,5
jedis,3.7.0-RC1,redis.clients.jedis,BinaryShardedJedis,xautoclaimJustId,Long Parameter List,"designitejava,checkstyle,experts",src/main/java/redis/clients/jedis/BinaryShardedJedis.java,src/main/java/redis/clients/jedis/BinaryShardedJedis.java.BinaryShardedJedis.xautoclaimJustId.Long Parameter List,3.7.0-RC1,3.10.0,4.0.0-beta1,5
jedis,3.1.0-m1,redis.clients.jedis,BinaryShardedJedis,xclaim,Long Parameter List,"designitejava,experts",src/main/java/redis/clients/jedis/BinaryShardedJedis.java,src/main/java/redis/clients/jedis/BinaryShardedJedis.java.BinaryShardedJedis.xclaim.Long Parameter List,3.1.0-m1,3.10.0,4.0.0-beta1,14
jedis,3.6.0-rc1,redis.clients.jedis,BinaryShardedJedis,xclaimJustId,Long Parameter List,"designitejava,checkstyle,experts",src/main/java/redis/clients/jedis/BinaryShardedJedis.java,src/main/java/redis/clients/jedis/BinaryShardedJedis.java.BinaryShardedJedis.xclaimJustId.Long Parameter List,3.6.0-rc1,3.10.0,4.0.0-beta1,7
jedis,3.1.0-m1,redis.clients.jedis,BinaryShardedJedis,xpending,Long Parameter List,"designitejava,experts",src/main/java/redis/clients/jedis/BinaryShardedJedis.java,src/main/java/redis/clients/jedis/BinaryShardedJedis.java.BinaryShardedJedis.xpending.Long Parameter List,3.1.0-m1,3.10.0,4.0.0-beta1,14
jedis,2.6.0,redis.clients.jedis,BinaryShardedJedis,zrangeByLex,Long Parameter List,"designitejava,experts",src/main/java/redis/clients/jedis/BinaryShardedJedis.java,src/main/java/redis/clients/jedis/BinaryShardedJedis.java.BinaryShardedJedis.zrangeByLex.Long Parameter List,2.6.0,3.10.0,4.0.0-beta1,22
jedis,1.4.0,redis.clients.jedis,BinaryShardedJedis,zrangeByScore,Long Parameter List,"designitejava,experts",src/main/java/redis/clients/jedis/BinaryShardedJedis.java,src/main/java/redis/clients/jedis/BinaryShardedJedis.java.BinaryShardedJedis.zrangeByScore.Long Parameter List,1.4.0,3.10.0,4.0.0-beta1,31
jedis,1.4.0,redis.clients.jedis,BinaryShardedJedis,zrangeByScoreWithScores,Long Parameter List,"designitejava,experts",src/main/java/redis/clients/jedis/BinaryShardedJedis.java,src/main/java/redis/clients/jedis/BinaryShardedJedis.java.BinaryShardedJedis.zrangeByScoreWithScores.Long Parameter List,1.4.0,3.10.0,4.0.0-beta1,31
jedis,2.7.0,redis.clients.jedis,BinaryShardedJedis,zrevrangeByLex,Long Parameter List,"designitejava,experts",src/main/java/redis/clients/jedis/BinaryShardedJedis.java,src/main/java/redis/clients/jedis/BinaryShardedJedis.java.BinaryShardedJedis.zrevrangeByLex.Long Parameter List,2.7.0,3.10.0,4.0.0-beta1,21
jedis,2.0.0,redis.clients.jedis,BinaryShardedJedis,zrevrangeByScore,Long Parameter List,"designitejava,experts",src/main/java/redis/clients/jedis/BinaryShardedJedis.java,src/main/java/redis/clients/jedis/BinaryShardedJedis.java.BinaryShardedJedis.zrevrangeByScore.Long Parameter List,2.0.0,3.10.0,4.0.0-beta1,28
jedis,2.0.0,redis.clients.jedis,BinaryShardedJedis,zrevrangeByScoreWithScores,Long Parameter List,"designitejava,experts",src/main/java/redis/clients/jedis/BinaryShardedJedis.java,src/main/java/redis/clients/jedis/BinaryShardedJedis.java.BinaryShardedJedis.zrevrangeByScoreWithScores.Long Parameter List,2.0.0,3.10.0,4.0.0-beta1,28
jedis,1.4.0,redis.clients.jedis,BinaryTransaction,,God Class,"pmd,checkstyle,experts",src/main/java/redis/clients/jedis/BinaryTransaction.java,src/main/java/redis/clients/jedis/BinaryTransaction.java.BinaryTransaction..God Class,1.4.0,2.1.0,2.2.0,5
jedis,2.0.0,redis.clients.jedis,BinaryTransaction,zrangeByScore,Long Parameter List,"designitejava,experts",src/main/java/redis/clients/jedis/BinaryTransaction.java,src/main/java/redis/clients/jedis/BinaryTransaction.java.BinaryTransaction.zrangeByScore.Long Parameter List,2.0.0,2.1.0,2.2.0,2
jedis,2.0.0,redis.clients.jedis,BinaryTransaction,zrangeByScoreWithScores,Long Parameter List,"designitejava,experts",src/main/java/redis/clients/jedis/BinaryTransaction.java,src/main/java/redis/clients/jedis/BinaryTransaction.java.BinaryTransaction.zrangeByScoreWithScores.Long Parameter List,2.0.0,2.1.0,2.2.0,2
jedis,3.3.0,redis.clients.jedis,BuilderFactory$21,build,Feature Envy,"checkstyle,experts",src/main/java/redis/clients/jedis/BuilderFactory.java,src/main/java/redis/clients/jedis/BuilderFactory.java.BuilderFactory$21.build.Feature Envy,3.3.0,3.5.0,3.6.0-rc1,3
jedis,3.1.0-m1,redis.clients.jedis,BuilderFactory$22,build,Feature Envy,"checkstyle,experts",src/main/java/redis/clients/jedis/BuilderFactory.java,src/main/java/redis/clients/jedis/BuilderFactory.java.BuilderFactory$22.build.Feature Envy,3.1.0-m1,3.1.0,3.2.0,3
jedis,3.2.0,redis.clients.jedis,BuilderFactory$23,build,Feature Envy,"checkstyle,experts",src/main/java/redis/clients/jedis/BuilderFactory.java,src/main/java/redis/clients/jedis/BuilderFactory.java.BuilderFactory$23.build.Feature Envy,3.2.0,3.2.0,3.3.0,1
jedis,3.3.0,redis.clients.jedis,BuilderFactory$24,build,Feature Envy,"checkstyle,experts",src/main/java/redis/clients/jedis/BuilderFactory.java,src/main/java/redis/clients/jedis/BuilderFactory.java.BuilderFactory$24.build.Feature Envy,3.3.0,3.3.0,3.4.0,1
jedis,3.3.0,redis.clients.jedis,BuilderFactory$25,build,Feature Envy,"checkstyle,experts",src/main/java/redis/clients/jedis/BuilderFactory.java,src/main/java/redis/clients/jedis/BuilderFactory.java.BuilderFactory$25.build.Feature Envy,3.3.0,3.3.0,3.4.0,1
jedis,3.4.0,redis.clients.jedis,BuilderFactory$27,build,Feature Envy,"checkstyle,experts",src/main/java/redis/clients/jedis/BuilderFactory.java,src/main/java/redis/clients/jedis/BuilderFactory.java.BuilderFactory$27.build.Feature Envy,3.4.0,3.5.0,3.6.0-rc1,2
jedis,3.4.0,redis.clients.jedis,BuilderFactory$28,build,Feature Envy,"checkstyle,experts",src/main/java/redis/clients/jedis/BuilderFactory.java,src/main/java/redis/clients/jedis/BuilderFactory.java.BuilderFactory$28.build.Feature Envy,3.4.0,3.5.0,3.6.0-rc1,2
jedis,3.6.0-rc1,redis.clients.jedis,BuilderFactory$30,build,Feature Envy,"checkstyle,experts",src/main/java/redis/clients/jedis/BuilderFactory.java,src/main/java/redis/clients/jedis/BuilderFactory.java.BuilderFactory$30.build.Feature Envy,3.6.0-rc1,3.6.0,3.7.0-RC1,2
jedis,3.7.0-RC1,redis.clients.jedis,BuilderFactory$31,build,Feature Envy,"checkstyle,experts",src/main/java/redis/clients/jedis/BuilderFactory.java,src/main/java/redis/clients/jedis/BuilderFactory.java.BuilderFactory$31.build.Feature Envy,3.7.0-RC1,3.10.0,4.0.0-beta1,5
jedis,3.6.0-rc1,redis.clients.jedis,BuilderFactory$34,build,Feature Envy,"checkstyle,experts",src/main/java/redis/clients/jedis/BuilderFactory.java,src/main/java/redis/clients/jedis/BuilderFactory.java.BuilderFactory$34.build.Feature Envy,3.6.0-rc1,3.6.0,3.7.0-RC1,2
jedis,3.6.0-rc1,redis.clients.jedis,BuilderFactory$35,build,Feature Envy,"checkstyle,experts",src/main/java/redis/clients/jedis/BuilderFactory.java,src/main/java/redis/clients/jedis/BuilderFactory.java.BuilderFactory$35.build.Feature Envy,3.6.0-rc1,3.10.0,4.0.0-beta1,7
jedis,3.7.0-RC1,redis.clients.jedis,BuilderFactory$36,build,Feature Envy,"checkstyle,experts",src/main/java/redis/clients/jedis/BuilderFactory.java,src/main/java/redis/clients/jedis/BuilderFactory.java.BuilderFactory$36.build.Feature Envy,3.7.0-RC1,3.10.0,4.0.0-beta1,5
jedis,4.0.0-beta1,redis.clients.jedis,BuilderFactory$38,build,Feature Envy,"checkstyle,experts",src/main/java/redis/clients/jedis/BuilderFactory.java,src/main/java/redis/clients/jedis/BuilderFactory.java.BuilderFactory$38.build.Feature Envy,4.0.0-beta1,4.1.0,4.2.0-m1,4
jedis,3.6.0-rc1,redis.clients.jedis,BuilderFactory$41,build,Feature Envy,"checkstyle,experts",src/main/java/redis/clients/jedis/BuilderFactory.java,src/main/java/redis/clients/jedis/BuilderFactory.java.BuilderFactory$41.build.Feature Envy,3.6.0-rc1,3.6.0,3.7.0-RC1,2
jedis,4.0.0-beta1,redis.clients.jedis,BuilderFactory$42,build,Feature Envy,"checkstyle,experts",src/main/java/redis/clients/jedis/BuilderFactory.java,src/main/java/redis/clients/jedis/BuilderFactory.java.BuilderFactory$42.build.Feature Envy,4.0.0-beta1,4.1.0,4.2.0-m1,4
jedis,4.0.0-beta1,redis.clients.jedis,BuilderFactory$43,build,Feature Envy,"checkstyle,experts",src/main/java/redis/clients/jedis/BuilderFactory.java,src/main/java/redis/clients/jedis/BuilderFactory.java.BuilderFactory$43.build.Feature Envy,4.0.0-beta1,4.1.0,4.2.0-m1,4
jedis,3.7.0-RC1,redis.clients.jedis,BuilderFactory$44,build,Feature Envy,"checkstyle,experts",src/main/java/redis/clients/jedis/BuilderFactory.java,src/main/java/redis/clients/jedis/BuilderFactory.java.BuilderFactory$44.build.Feature Envy,3.7.0-RC1,3.10.0,4.0.0-beta1,5
jedis,4.2.0-m1,redis.clients.jedis,BuilderFactory$47,build,Feature Envy,"checkstyle,experts",src/main/java/redis/clients/jedis/BuilderFactory.java,src/main/java/redis/clients/jedis/BuilderFactory.java.BuilderFactory$47.build.Feature Envy,4.2.0-m1,4.2.0,4.3.0-m1,3
jedis,4.3.0-m1,redis.clients.jedis,BuilderFactory$48,build,Feature Envy,"checkstyle,experts",src/main/java/redis/clients/jedis/BuilderFactory.java,src/main/java/redis/clients/jedis/BuilderFactory.java.BuilderFactory$48.build.Feature Envy,4.3.0-m1,4.4.0-m1,4.4.0-rc1,3
jedis,4.4.0-rc1,redis.clients.jedis,BuilderFactory$49,build,Feature Envy,"checkstyle,experts",src/main/java/redis/clients/jedis/BuilderFactory.java,src/main/java/redis/clients/jedis/BuilderFactory.java.BuilderFactory$49.build.Feature Envy,4.4.0-rc1,4.4.0,5.0.0-alpha1,2
jedis,4.0.0-beta1,redis.clients.jedis,BuilderFactory$51,build,Feature Envy,"checkstyle,experts",src/main/java/redis/clients/jedis/BuilderFactory.java,src/main/java/redis/clients/jedis/BuilderFactory.java.BuilderFactory$51.build.Feature Envy,4.0.0-beta1,5.0.0-beta1,5.0.0,14
jedis,4.2.0-m1,redis.clients.jedis,BuilderFactory$52,build,Feature Envy,"checkstyle,experts",src/main/java/redis/clients/jedis/BuilderFactory.java,src/main/java/redis/clients/jedis/BuilderFactory.java.BuilderFactory$52.build.Feature Envy,4.2.0-m1,4.4.0-m1,4.4.0-rc1,6
jedis,4.3.0-m1,redis.clients.jedis,BuilderFactory$53,build,Feature Envy,"checkstyle,experts",src/main/java/redis/clients/jedis/BuilderFactory.java,src/main/java/redis/clients/jedis/BuilderFactory.java.BuilderFactory$53.build.Feature Envy,4.3.0-m1,4.4.0,5.0.0-alpha1,5
jedis,4.1.0,redis.clients.jedis,BuilderFactory$54,build,Feature Envy,"checkstyle,experts",src/main/java/redis/clients/jedis/BuilderFactory.java,src/main/java/redis/clients/jedis/BuilderFactory.java.BuilderFactory$54.build.Feature Envy,4.1.0,4.4.0,5.0.0-alpha1,9
jedis,5.0.0-alpha1,redis.clients.jedis,BuilderFactory$55,build,Feature Envy,"checkstyle,experts",src/main/java/redis/clients/jedis/BuilderFactory.java,src/main/java/redis/clients/jedis/BuilderFactory.java.BuilderFactory$55.build.Feature Envy,5.0.0-alpha1,5.0.0-beta1,5.0.0,2
jedis,5.0.0-alpha1,redis.clients.jedis,BuilderFactory$56,build,Feature Envy,"checkstyle,experts",src/main/java/redis/clients/jedis/BuilderFactory.java,src/main/java/redis/clients/jedis/BuilderFactory.java.BuilderFactory$56.build.Feature Envy,5.0.0-alpha1,5.0.0-beta1,5.0.0,2
jedis,5.0.0,redis.clients.jedis,BuilderFactory$62,build,Feature Envy,"checkstyle,experts",src/main/java/redis/clients/jedis/BuilderFactory.java,src/main/java/redis/clients/jedis/BuilderFactory.java.BuilderFactory$62.build.Feature Envy,5.0.0,5.0.0,5.1.0,1
jedis,4.2.0-m1,redis.clients.jedis,BuilderFactory$63,build,Feature Envy,"checkstyle,experts",src/main/java/redis/clients/jedis/BuilderFactory.java,src/main/java/redis/clients/jedis/BuilderFactory.java.BuilderFactory$63.build.Feature Envy,4.2.0-m1,5.0.0,5.1.0,11
jedis,4.3.0-m1,redis.clients.jedis,BuilderFactory$64,build,Feature Envy,"checkstyle,experts",src/main/java/redis/clients/jedis/BuilderFactory.java,src/main/java/redis/clients/jedis/BuilderFactory.java.BuilderFactory$64.build.Feature Envy,4.3.0-m1,4.4.0-m1,4.4.0-rc1,3
jedis,4.4.0-rc1,redis.clients.jedis,BuilderFactory$65,build,Feature Envy,"checkstyle,experts",src/main/java/redis/clients/jedis/BuilderFactory.java,src/main/java/redis/clients/jedis/BuilderFactory.java.BuilderFactory$65.build.Feature Envy,4.4.0-rc1,5.2.0-alpha1,5.2.0-beta1,7
jedis,5.1.0,redis.clients.jedis,BuilderFactory$66,build,Feature Envy,"checkstyle,experts",src/main/java/redis/clients/jedis/BuilderFactory.java,src/main/java/redis/clients/jedis/BuilderFactory.java.BuilderFactory$66.build.Feature Envy,5.1.0,5.3.0-beta1,5.3.0-beta1,5
jedis,5.2.0-beta1,redis.clients.jedis,BuilderFactory$67,build,Feature Envy,"checkstyle,experts",src/main/java/redis/clients/jedis/BuilderFactory.java,src/main/java/redis/clients/jedis/BuilderFactory.java.BuilderFactory$67.build.Feature Envy,5.2.0-beta1,5.3.0-beta1,5.3.0-beta1,3
jedis,5.0.0-alpha1,redis.clients.jedis,BuilderFactory$68,build,Feature Envy,"checkstyle,experts",src/main/java/redis/clients/jedis/BuilderFactory.java,src/main/java/redis/clients/jedis/BuilderFactory.java.BuilderFactory$68.build.Feature Envy,5.0.0-alpha1,5.2.0,5.3.0-beta1,7
jedis,5.0.0,redis.clients.jedis,BuilderFactory$75,build,Feature Envy,"checkstyle,experts",src/main/java/redis/clients/jedis/BuilderFactory.java,src/main/java/redis/clients/jedis/BuilderFactory.java.BuilderFactory$75.build.Feature Envy,5.0.0,5.0.0,5.1.0,1
jedis,5.0.0,redis.clients.jedis,BuilderFactory$76,build,Complex Method,"checkstyle,experts",src/main/java/redis/clients/jedis/BuilderFactory.java,src/main/java/redis/clients/jedis/BuilderFactory.java.BuilderFactory$76.build.Complex Method,5.0.0,5.0.0,5.1.0,1
jedis,5.1.0,redis.clients.jedis,BuilderFactory$78,build,Feature Envy,"checkstyle,experts",src/main/java/redis/clients/jedis/BuilderFactory.java,src/main/java/redis/clients/jedis/BuilderFactory.java.BuilderFactory$78.build.Feature Envy,5.1.0,5.2.0-alpha1,5.2.0-beta1,2
jedis,5.1.0,redis.clients.jedis,BuilderFactory$79,build,Complex Method,"checkstyle,experts",src/main/java/redis/clients/jedis/BuilderFactory.java,src/main/java/redis/clients/jedis/BuilderFactory.java.BuilderFactory$79.build.Complex Method,5.1.0,5.2.0-alpha1,5.2.0-beta1,2
jedis,5.2.0-beta1,redis.clients.jedis,BuilderFactory$80,build,Feature Envy,"checkstyle,experts",src/main/java/redis/clients/jedis/BuilderFactory.java,src/main/java/redis/clients/jedis/BuilderFactory.java.BuilderFactory$80.build.Feature Envy,5.2.0-beta1,5.2.0-beta1,5.2.0,1
jedis,5.2.0-beta1,redis.clients.jedis,BuilderFactory$81,build,Complex Method,"checkstyle,experts",src/main/java/redis/clients/jedis/BuilderFactory.java,src/main/java/redis/clients/jedis/BuilderFactory.java.BuilderFactory$81.build.Complex Method,5.2.0-beta1,5.3.0-beta1,5.3.0-beta1,3
jedis,5.2.0,redis.clients.jedis,BuilderFactory$82,build,Complex Method,"checkstyle,experts",src/main/java/redis/clients/jedis/BuilderFactory.java,src/main/java/redis/clients/jedis/BuilderFactory.java.BuilderFactory$82.build.Complex Method,5.2.0,5.2.0,5.3.0-beta1,1
jedis,4.0.0-beta1,redis.clients.jedis,BuilderFactory,,God Class,"pmd,experts",src/main/java/redis/clients/jedis/BuilderFactory.java,src/main/java/redis/clients/jedis/BuilderFactory.java.BuilderFactory..God Class,4.0.0-beta1,5.3.0-beta1,5.3.0-beta1,20
jedis,2.8.0,redis.clients.jedis,BuilderFactory,build,Complex Method,"designitejava,pmd,experts",src/main/java/redis/clients/jedis/BuilderFactory.java,src/main/java/redis/clients/jedis/BuilderFactory.java.BuilderFactory.build.Complex Method,2.8.0,5.3.0-beta1,5.3.0-beta1,40
jedis,5.0.0,redis.clients.jedis,BuilderFactory,createMapFromDecodingFunctions,Complex Method,"pmd,experts",src/main/java/redis/clients/jedis/BuilderFactory.java,src/main/java/redis/clients/jedis/BuilderFactory.java.BuilderFactory.createMapFromDecodingFunctions.Complex Method,5.0.0,5.3.0-beta1,5.3.0-beta1,6
jedis,5.0.0,redis.clients.jedis,BuilderFactory,createMapFromDecodingFunctions,Long Method,"Decor,experts",src/main/java/redis/clients/jedis/BuilderFactory.java,src/main/java/redis/clients/jedis/BuilderFactory.java.BuilderFactory.createMapFromDecodingFunctions.Long Method,5.0.0,5.3.0-beta1,5.3.0-beta1,6
jedis,4.4.0-m1,redis.clients.jedis,BuilderFactory,parseIterators,Complex Method,"designitejava,experts",src/main/java/redis/clients/jedis/BuilderFactory.java,src/main/java/redis/clients/jedis/BuilderFactory.java.BuilderFactory.parseIterators.Complex Method,4.4.0-m1,4.4.0-m1,4.4.0-rc1,1
jedis,1.0.0,redis.clients.jedis,Client,,God Class,"pmd,checkstyle,experts",src/main/java/redis/clients/jedis/Client.java,src/main/java/redis/clients/jedis/Client.java.Client..God Class,1.0.0,3.10.0,4.0.0-beta1,33
jedis,2.9.0,redis.clients.jedis,Client,Client,Long Parameter List,"designitejava,experts",src/main/java/redis/clients/jedis/Client.java,src/main/java/redis/clients/jedis/Client.java.Client.Client.Long Parameter List,2.9.0,3.10.0,4.0.0-beta1,19
jedis,3.6.0-rc1,redis.clients.jedis,Client,blmove,Long Parameter List,"designitejava,experts",src/main/java/redis/clients/jedis/Client.java,src/main/java/redis/clients/jedis/Client.java.Client.blmove.Long Parameter List,3.6.0-rc1,3.10.0,4.0.0-beta1,7
jedis,2.8.0,redis.clients.jedis,Client,geodist,Feature Envy,"checkstyle,experts",src/main/java/redis/clients/jedis/Client.java,src/main/java/redis/clients/jedis/Client.java.Client.geodist.Feature Envy,2.8.0,3.10.0,4.0.0-beta1,20
jedis,2.8.0,redis.clients.jedis,Client,georadius,Long Parameter List,"designitejava,checkstyle,experts",src/main/java/redis/clients/jedis/Client.java,src/main/java/redis/clients/jedis/Client.java.Client.georadius.Long Parameter List,2.8.0,3.10.0,4.0.0-beta1,20
jedis,2.8.0,redis.clients.jedis,Client,georadiusByMember,Long Parameter List,"designitejava,experts",src/main/java/redis/clients/jedis/Client.java,src/main/java/redis/clients/jedis/Client.java.Client.georadiusByMember.Long Parameter List,2.8.0,3.10.0,4.0.0-beta1,20
jedis,2.10.0-m1,redis.clients.jedis,Client,georadiusByMemberReadonly,Long Parameter List,"designitejava,experts",src/main/java/redis/clients/jedis/Client.java,src/main/java/redis/clients/jedis/Client.java.Client.georadiusByMemberReadonly.Long Parameter List,2.10.0-m1,3.10.0,4.0.0-beta1,18
jedis,3.4.0,redis.clients.jedis,Client,georadiusByMemberStore,Long Parameter List,"designitejava,checkstyle,experts",src/main/java/redis/clients/jedis/Client.java,src/main/java/redis/clients/jedis/Client.java.Client.georadiusByMemberStore.Long Parameter List,3.4.0,3.10.0,4.0.0-beta1,9
jedis,2.10.0-m1,redis.clients.jedis,Client,georadiusReadonly,Long Parameter List,"designitejava,checkstyle,experts",src/main/java/redis/clients/jedis/Client.java,src/main/java/redis/clients/jedis/Client.java.Client.georadiusReadonly.Long Parameter List,2.10.0-m1,3.10.0,4.0.0-beta1,18
jedis,3.4.0,redis.clients.jedis,Client,georadiusStore,Long Parameter List,"designitejava,checkstyle,experts",src/main/java/redis/clients/jedis/Client.java,src/main/java/redis/clients/jedis/Client.java.Client.georadiusStore.Long Parameter List,3.4.0,3.10.0,4.0.0-beta1,9
jedis,1.5.0-RC1,redis.clients.jedis,Client,hmset,Feature Envy,"checkstyle,experts",src/main/java/redis/clients/jedis/Client.java,src/main/java/redis/clients/jedis/Client.java.Client.hmset.Feature Envy,1.5.0-RC1,3.10.0,4.0.0-beta1,30
jedis,1.5.0-RC1,redis.clients.jedis,Client,hset,Feature Envy,"checkstyle,experts",src/main/java/redis/clients/jedis/Client.java,src/main/java/redis/clients/jedis/Client.java.Client.hset.Feature Envy,1.5.0-RC1,3.10.0,4.0.0-beta1,30
jedis,1.5.0-RC1,redis.clients.jedis,Client,hsetnx,Feature Envy,"checkstyle,experts",src/main/java/redis/clients/jedis/Client.java,src/main/java/redis/clients/jedis/Client.java.Client.hsetnx.Feature Envy,1.5.0-RC1,3.10.0,4.0.0-beta1,30
jedis,1.5.0-RC1,redis.clients.jedis,Client,linsert,Feature Envy,"checkstyle,experts",src/main/java/redis/clients/jedis/Client.java,src/main/java/redis/clients/jedis/Client.java.Client.linsert.Feature Envy,1.5.0-RC1,3.10.0,4.0.0-beta1,30
jedis,2.2.0,redis.clients.jedis,Client,migrate,Long Parameter List,"designitejava,experts",src/main/java/redis/clients/jedis/Client.java,src/main/java/redis/clients/jedis/Client.java.Client.migrate.Long Parameter List,2.2.0,3.10.0,4.0.0-beta1,26
jedis,2.2.0,redis.clients.jedis,Client,set,Feature Envy,"checkstyle,experts",src/main/java/redis/clients/jedis/Client.java,src/main/java/redis/clients/jedis/Client.java.Client.set.Feature Envy,2.2.0,2.10.0,3.0.0-m1,10
jedis,2.2.0,redis.clients.jedis,Client,set,Long Parameter List,"designitejava,experts",src/main/java/redis/clients/jedis/Client.java,src/main/java/redis/clients/jedis/Client.java.Client.set.Long Parameter List,2.2.0,2.10.0,3.0.0-m1,10
jedis,1.5.0-RC1,redis.clients.jedis,Client,smove,Feature Envy,"checkstyle,experts",src/main/java/redis/clients/jedis/Client.java,src/main/java/redis/clients/jedis/Client.java.Client.smove.Feature Envy,1.5.0-RC1,3.10.0,4.0.0-beta1,30
jedis,3.1.0-m1,redis.clients.jedis,Client,xadd,Feature Envy,"checkstyle,experts",src/main/java/redis/clients/jedis/Client.java,src/main/java/redis/clients/jedis/Client.java.Client.xadd.Feature Envy,3.1.0-m1,3.5.0,3.6.0-rc1,7
jedis,3.1.0-m1,redis.clients.jedis,Client,xadd,Long Parameter List,"designitejava,experts",src/main/java/redis/clients/jedis/Client.java,src/main/java/redis/clients/jedis/Client.java.Client.xadd.Long Parameter List,3.1.0-m1,3.10.0,4.0.0-beta1,14
jedis,3.7.0-RC1,redis.clients.jedis,Client,xautoclaim,Feature Envy,"checkstyle,experts",src/main/java/redis/clients/jedis/Client.java,src/main/java/redis/clients/jedis/Client.java.Client.xautoclaim.Feature Envy,3.7.0-RC1,3.10.0,4.0.0-beta1,5
jedis,3.7.0-RC1,redis.clients.jedis,Client,xautoclaim,Long Parameter List,"designitejava,checkstyle,experts",src/main/java/redis/clients/jedis/Client.java,src/main/java/redis/clients/jedis/Client.java.Client.xautoclaim.Long Parameter List,3.7.0-RC1,3.10.0,4.0.0-beta1,5
jedis,3.7.0-RC1,redis.clients.jedis,Client,xautoclaimJustId,Feature Envy,"checkstyle,experts",src/main/java/redis/clients/jedis/Client.java,src/main/java/redis/clients/jedis/Client.java.Client.xautoclaimJustId.Feature Envy,3.7.0-RC1,3.10.0,4.0.0-beta1,5
jedis,3.7.0-RC1,redis.clients.jedis,Client,xautoclaimJustId,Long Parameter List,"designitejava,checkstyle,experts",src/main/java/redis/clients/jedis/Client.java,src/main/java/redis/clients/jedis/Client.java.Client.xautoclaimJustId.Long Parameter List,3.7.0-RC1,3.10.0,4.0.0-beta1,5
jedis,3.1.0-m1,redis.clients.jedis,Client,xclaim,Feature Envy,"checkstyle,experts",src/main/java/redis/clients/jedis/Client.java,src/main/java/redis/clients/jedis/Client.java.Client.xclaim.Feature Envy,3.1.0-m1,3.10.0,4.0.0-beta1,14
jedis,3.1.0-m1,redis.clients.jedis,Client,xclaim,Long Parameter List,"designitejava,checkstyle,experts",src/main/java/redis/clients/jedis/Client.java,src/main/java/redis/clients/jedis/Client.java.Client.xclaim.Long Parameter List,3.1.0-m1,3.10.0,4.0.0-beta1,14
jedis,3.6.0-rc1,redis.clients.jedis,Client,xclaimJustId,Feature Envy,"checkstyle,experts",src/main/java/redis/clients/jedis/Client.java,src/main/java/redis/clients/jedis/Client.java.Client.xclaimJustId.Feature Envy,3.6.0-rc1,3.10.0,4.0.0-beta1,7
jedis,3.6.0-rc1,redis.clients.jedis,Client,xclaimJustId,Long Parameter List,"designitejava,checkstyle,experts",src/main/java/redis/clients/jedis/Client.java,src/main/java/redis/clients/jedis/Client.java.Client.xclaimJustId.Long Parameter List,3.6.0-rc1,3.10.0,4.0.0-beta1,7
jedis,3.1.0-m1,redis.clients.jedis,Client,xgroupDelConsumer,Feature Envy,"checkstyle,experts",src/main/java/redis/clients/jedis/Client.java,src/main/java/redis/clients/jedis/Client.java.Client.xgroupDelConsumer.Feature Envy,3.1.0-m1,3.10.0,4.0.0-beta1,14
jedis,3.1.0-m1,redis.clients.jedis,Client,xpending,Feature Envy,"checkstyle,experts",src/main/java/redis/clients/jedis/Client.java,src/main/java/redis/clients/jedis/Client.java.Client.xpending.Feature Envy,3.1.0-m1,3.10.0,4.0.0-beta1,14
jedis,3.1.0-m1,redis.clients.jedis,Client,xpending,Long Parameter List,"designitejava,checkstyle,experts",src/main/java/redis/clients/jedis/Client.java,src/main/java/redis/clients/jedis/Client.java.Client.xpending.Long Parameter List,3.1.0-m1,3.10.0,4.0.0-beta1,14
jedis,3.1.0-m1,redis.clients.jedis,Client,xreadGroup,Feature Envy,"checkstyle,experts",src/main/java/redis/clients/jedis/Client.java,src/main/java/redis/clients/jedis/Client.java.Client.xreadGroup.Feature Envy,3.1.0-m1,3.10.0,4.0.0-beta1,14
jedis,3.6.0-rc1,redis.clients.jedis,Client,xreadGroup,Long Method,"Decor,experts",src/main/java/redis/clients/jedis/Client.java,src/main/java/redis/clients/jedis/Client.java.Client.xreadGroup.Long Method,3.6.0-rc1,3.10.0,4.0.0-beta1,7
jedis,3.1.0-m1,redis.clients.jedis,Client,xreadGroup,Long Parameter List,"designitejava,checkstyle,experts",src/main/java/redis/clients/jedis/Client.java,src/main/java/redis/clients/jedis/Client.java.Client.xreadGroup.Long Parameter List,3.1.0-m1,3.10.0,4.0.0-beta1,14
jedis,2.1.0,redis.clients.jedis,Client,zcount,Feature Envy,"checkstyle,experts",src/main/java/redis/clients/jedis/Client.java,src/main/java/redis/clients/jedis/Client.java.Client.zcount.Feature Envy,2.1.0,3.10.0,4.0.0-beta1,27
jedis,2.6.0,redis.clients.jedis,Client,zlexcount,Feature Envy,"checkstyle,experts",src/main/java/redis/clients/jedis/Client.java,src/main/java/redis/clients/jedis/Client.java.Client.zlexcount.Feature Envy,2.6.0,3.10.0,4.0.0-beta1,22
jedis,2.6.0,redis.clients.jedis,Client,zrangeByLex,Feature Envy,"checkstyle,experts",src/main/java/redis/clients/jedis/Client.java,src/main/java/redis/clients/jedis/Client.java.Client.zrangeByLex.Feature Envy,2.6.0,3.10.0,4.0.0-beta1,22
jedis,2.6.0,redis.clients.jedis,Client,zrangeByLex,Long Parameter List,"designitejava,experts",src/main/java/redis/clients/jedis/Client.java,src/main/java/redis/clients/jedis/Client.java.Client.zrangeByLex.Long Parameter List,2.6.0,3.10.0,4.0.0-beta1,22
jedis,1.5.0-RC1,redis.clients.jedis,Client,zrangeByScore,Feature Envy,"checkstyle,experts",src/main/java/redis/clients/jedis/Client.java,src/main/java/redis/clients/jedis/Client.java.Client.zrangeByScore.Feature Envy,1.5.0-RC1,3.10.0,4.0.0-beta1,30
jedis,1.0.0,redis.clients.jedis,Client,zrangeByScore,Long Parameter List,"designitejava,experts",src/main/java/redis/clients/jedis/Client.java,src/main/java/redis/clients/jedis/Client.java.Client.zrangeByScore.Long Parameter List,1.0.0,3.10.0,4.0.0-beta1,33
jedis,2.1.0,redis.clients.jedis,Client,zrangeByScoreWithScores,Feature Envy,"checkstyle,experts",src/main/java/redis/clients/jedis/Client.java,src/main/java/redis/clients/jedis/Client.java.Client.zrangeByScoreWithScores.Feature Envy,2.1.0,3.10.0,4.0.0-beta1,27
jedis,1.0.0,redis.clients.jedis,Client,zrangeByScoreWithScores,Long Parameter List,"designitejava,experts",src/main/java/redis/clients/jedis/Client.java,src/main/java/redis/clients/jedis/Client.java.Client.zrangeByScoreWithScores.Long Parameter List,1.0.0,3.10.0,4.0.0-beta1,33
jedis,2.6.0,redis.clients.jedis,Client,zremrangeByLex,Feature Envy,"checkstyle,experts",src/main/java/redis/clients/jedis/Client.java,src/main/java/redis/clients/jedis/Client.java.Client.zremrangeByLex.Feature Envy,2.6.0,3.10.0,4.0.0-beta1,22
jedis,2.1.0,redis.clients.jedis,Client,zremrangeByScore,Feature Envy,"checkstyle,experts",src/main/java/redis/clients/jedis/Client.java,src/main/java/redis/clients/jedis/Client.java.Client.zremrangeByScore.Feature Envy,2.1.0,3.10.0,4.0.0-beta1,27
jedis,2.7.0,redis.clients.jedis,Client,zrevrangeByLex,Feature Envy,"checkstyle,experts",src/main/java/redis/clients/jedis/Client.java,src/main/java/redis/clients/jedis/Client.java.Client.zrevrangeByLex.Feature Envy,2.7.0,3.10.0,4.0.0-beta1,21
jedis,2.7.0,redis.clients.jedis,Client,zrevrangeByLex,Long Parameter List,"designitejava,experts",src/main/java/redis/clients/jedis/Client.java,src/main/java/redis/clients/jedis/Client.java.Client.zrevrangeByLex.Long Parameter List,2.7.0,3.10.0,4.0.0-beta1,21
jedis,2.0.0,redis.clients.jedis,Client,zrevrangeByScore,Feature Envy,"checkstyle,experts",src/main/java/redis/clients/jedis/Client.java,src/main/java/redis/clients/jedis/Client.java.Client.zrevrangeByScore.Feature Envy,2.0.0,3.10.0,4.0.0-beta1,28
jedis,2.0.0,redis.clients.jedis,Client,zrevrangeByScore,Long Parameter List,"designitejava,experts",src/main/java/redis/clients/jedis/Client.java,src/main/java/redis/clients/jedis/Client.java.Client.zrevrangeByScore.Long Parameter List,2.0.0,3.10.0,4.0.0-beta1,28
jedis,2.1.0,redis.clients.jedis,Client,zrevrangeByScoreWithScores,Feature Envy,"checkstyle,experts",src/main/java/redis/clients/jedis/Client.java,src/main/java/redis/clients/jedis/Client.java.Client.zrevrangeByScoreWithScores.Feature Envy,2.1.0,3.10.0,4.0.0-beta1,27
jedis,2.0.0,redis.clients.jedis,Client,zrevrangeByScoreWithScores,Long Parameter List,"designitejava,experts",src/main/java/redis/clients/jedis/Client.java,src/main/java/redis/clients/jedis/Client.java.Client.zrevrangeByScoreWithScores.Long Parameter List,2.0.0,3.10.0,4.0.0-beta1,28
jedis,4.0.0-RC1,redis.clients.jedis,ClusterCommandObjects,,God Class,"pmd,experts",src/main/java/redis/clients/jedis/ClusterCommandObjects.java,src/main/java/redis/clients/jedis/ClusterCommandObjects.java.ClusterCommandObjects..God Class,4.0.0-RC1,5.3.0-beta1,5.3.0-beta1,19
jedis,2.5.0,redis.clients.jedis,ClusterCommands,,God Class,"pmd,experts",src/main/java/redis/clients/jedis/ClusterCommands.java,src/main/java/redis/clients/jedis/ClusterCommands.java.ClusterCommands..God Class,2.5.0,2.10.0,3.0.0-m1,7
jedis,4.0.0-beta1,redis.clients.jedis,ClusterPipeline,,God Class,"pmd,checkstyle,experts",src/main/java/redis/clients/jedis/ClusterPipeline.java,src/main/java/redis/clients/jedis/ClusterPipeline.java.ClusterPipeline..God Class,4.0.0-beta1,4.0.0-beta1,4.0.0-RC1,1
jedis,4.0.0-beta1,redis.clients.jedis,ClusterPipeline,blmove,Long Parameter List,"designitejava,experts",src/main/java/redis/clients/jedis/ClusterPipeline.java,src/main/java/redis/clients/jedis/ClusterPipeline.java.ClusterPipeline.blmove.Long Parameter List,4.0.0-beta1,4.0.0-beta1,4.0.0-RC1,1
jedis,4.0.0-beta1,redis.clients.jedis,ClusterPipeline,georadius,Long Parameter List,"designitejava,checkstyle,experts",src/main/java/redis/clients/jedis/ClusterPipeline.java,src/main/java/redis/clients/jedis/ClusterPipeline.java.ClusterPipeline.georadius.Long Parameter List,4.0.0-beta1,4.0.0-beta1,4.0.0-RC1,1
jedis,4.0.0-beta1,redis.clients.jedis,ClusterPipeline,georadiusByMember,Long Parameter List,"designitejava,experts",src/main/java/redis/clients/jedis/ClusterPipeline.java,src/main/java/redis/clients/jedis/ClusterPipeline.java.ClusterPipeline.georadiusByMember.Long Parameter List,4.0.0-beta1,4.0.0-beta1,4.0.0-RC1,1
jedis,4.0.0-beta1,redis.clients.jedis,ClusterPipeline,georadiusByMemberReadonly,Long Parameter List,"designitejava,experts",src/main/java/redis/clients/jedis/ClusterPipeline.java,src/main/java/redis/clients/jedis/ClusterPipeline.java.ClusterPipeline.georadiusByMemberReadonly.Long Parameter List,4.0.0-beta1,4.0.0-beta1,4.0.0-RC1,1
jedis,4.0.0-beta1,redis.clients.jedis,ClusterPipeline,georadiusByMemberStore,Long Parameter List,"designitejava,checkstyle,experts",src/main/java/redis/clients/jedis/ClusterPipeline.java,src/main/java/redis/clients/jedis/ClusterPipeline.java.ClusterPipeline.georadiusByMemberStore.Long Parameter List,4.0.0-beta1,4.0.0-beta1,4.0.0-RC1,1
jedis,4.0.0-beta1,redis.clients.jedis,ClusterPipeline,georadiusReadonly,Long Parameter List,"designitejava,checkstyle,experts",src/main/java/redis/clients/jedis/ClusterPipeline.java,src/main/java/redis/clients/jedis/ClusterPipeline.java.ClusterPipeline.georadiusReadonly.Long Parameter List,4.0.0-beta1,4.0.0-beta1,4.0.0-RC1,1
jedis,4.0.0-beta1,redis.clients.jedis,ClusterPipeline,georadiusStore,Long Parameter List,"designitejava,checkstyle,experts",src/main/java/redis/clients/jedis/ClusterPipeline.java,src/main/java/redis/clients/jedis/ClusterPipeline.java.ClusterPipeline.georadiusStore.Long Parameter List,4.0.0-beta1,4.0.0-beta1,4.0.0-RC1,1
jedis,4.0.0-beta1,redis.clients.jedis,ClusterPipeline,migrate,Long Parameter List,"designitejava,experts",src/main/java/redis/clients/jedis/ClusterPipeline.java,src/main/java/redis/clients/jedis/ClusterPipeline.java.ClusterPipeline.migrate.Long Parameter List,4.0.0-beta1,4.0.0-beta1,4.0.0-RC1,1
jedis,4.0.0-beta1,redis.clients.jedis,ClusterPipeline,xautoclaim,Long Parameter List,"designitejava,checkstyle,experts",src/main/java/redis/clients/jedis/ClusterPipeline.java,src/main/java/redis/clients/jedis/ClusterPipeline.java.ClusterPipeline.xautoclaim.Long Parameter List,4.0.0-beta1,4.0.0-beta1,4.0.0-RC1,1
jedis,4.0.0-beta1,redis.clients.jedis,ClusterPipeline,xautoclaimJustId,Long Parameter List,"designitejava,checkstyle,experts",src/main/java/redis/clients/jedis/ClusterPipeline.java,src/main/java/redis/clients/jedis/ClusterPipeline.java.ClusterPipeline.xautoclaimJustId.Long Parameter List,4.0.0-beta1,4.0.0-beta1,4.0.0-RC1,1
jedis,4.0.0-beta1,redis.clients.jedis,ClusterPipeline,xclaim,Long Parameter List,"designitejava,checkstyle,experts",src/main/java/redis/clients/jedis/ClusterPipeline.java,src/main/java/redis/clients/jedis/ClusterPipeline.java.ClusterPipeline.xclaim.Long Parameter List,4.0.0-beta1,4.0.0-beta1,4.0.0-RC1,1
jedis,4.0.0-beta1,redis.clients.jedis,ClusterPipeline,xclaimJustId,Long Parameter List,"designitejava,checkstyle,experts",src/main/java/redis/clients/jedis/ClusterPipeline.java,src/main/java/redis/clients/jedis/ClusterPipeline.java.ClusterPipeline.xclaimJustId.Long Parameter List,4.0.0-beta1,4.0.0-beta1,4.0.0-RC1,1
jedis,4.0.0-beta1,redis.clients.jedis,ClusterPipeline,xpending,Long Parameter List,"designitejava,checkstyle,experts",src/main/java/redis/clients/jedis/ClusterPipeline.java,src/main/java/redis/clients/jedis/ClusterPipeline.java.ClusterPipeline.xpending.Long Parameter List,4.0.0-beta1,4.0.0-beta1,4.0.0-RC1,1
jedis,4.0.0-beta1,redis.clients.jedis,ClusterPipeline,zrangeByLex,Long Parameter List,"designitejava,experts",src/main/java/redis/clients/jedis/ClusterPipeline.java,src/main/java/redis/clients/jedis/ClusterPipeline.java.ClusterPipeline.zrangeByLex.Long Parameter List,4.0.0-beta1,4.0.0-beta1,4.0.0-RC1,1
jedis,4.0.0-beta1,redis.clients.jedis,ClusterPipeline,zrangeByScore,Long Parameter List,"designitejava,experts",src/main/java/redis/clients/jedis/ClusterPipeline.java,src/main/java/redis/clients/jedis/ClusterPipeline.java.ClusterPipeline.zrangeByScore.Long Parameter List,4.0.0-beta1,4.0.0-beta1,4.0.0-RC1,1
jedis,4.0.0-beta1,redis.clients.jedis,ClusterPipeline,zrangeByScoreWithScores,Long Parameter List,"designitejava,experts",src/main/java/redis/clients/jedis/ClusterPipeline.java,src/main/java/redis/clients/jedis/ClusterPipeline.java.ClusterPipeline.zrangeByScoreWithScores.Long Parameter List,4.0.0-beta1,4.0.0-beta1,4.0.0-RC1,1
jedis,4.0.0-beta1,redis.clients.jedis,ClusterPipeline,zrevrangeByLex,Long Parameter List,"designitejava,experts",src/main/java/redis/clients/jedis/ClusterPipeline.java,src/main/java/redis/clients/jedis/ClusterPipeline.java.ClusterPipeline.zrevrangeByLex.Long Parameter List,4.0.0-beta1,4.0.0-beta1,4.0.0-RC1,1
jedis,4.0.0-beta1,redis.clients.jedis,ClusterPipeline,zrevrangeByScore,Long Parameter List,"designitejava,experts",src/main/java/redis/clients/jedis/ClusterPipeline.java,src/main/java/redis/clients/jedis/ClusterPipeline.java.ClusterPipeline.zrevrangeByScore.Long Parameter List,4.0.0-beta1,4.0.0-beta1,4.0.0-RC1,1
jedis,4.0.0-beta1,redis.clients.jedis,ClusterPipeline,zrevrangeByScoreWithScores,Long Parameter List,"designitejava,experts",src/main/java/redis/clients/jedis/ClusterPipeline.java,src/main/java/redis/clients/jedis/ClusterPipeline.java.ClusterPipeline.zrevrangeByScoreWithScores.Long Parameter List,4.0.0-beta1,4.0.0-beta1,4.0.0-RC1,1
jedis,4.0.0-beta1,redis.clients.jedis,CommandArguments,,God Class,"pmd,experts",src/main/java/redis/clients/jedis/CommandArguments.java,src/main/java/redis/clients/jedis/CommandArguments.java.CommandArguments..God Class,4.0.0-beta1,5.3.0-beta1,5.3.0-beta1,20
jedis,5.1.0,redis.clients.jedis,CommandArguments,add,Complex Method,"designitejava,pmd,checkstyle,experts",src/main/java/redis/clients/jedis/CommandArguments.java,src/main/java/redis/clients/jedis/CommandArguments.java.CommandArguments.add.Complex Method,5.1.0,5.3.0-beta1,5.3.0-beta1,5
jedis,4.0.0-beta1,redis.clients.jedis,CommandArguments,add,Feature Envy,"checkstyle,experts",src/main/java/redis/clients/jedis/CommandArguments.java,src/main/java/redis/clients/jedis/CommandArguments.java.CommandArguments.add.Feature Envy,4.0.0-beta1,5.3.0-beta1,5.3.0-beta1,20
jedis,5.1.0,redis.clients.jedis,CommandArguments,add,Long Method,"Decor,experts",src/main/java/redis/clients/jedis/CommandArguments.java,src/main/java/redis/clients/jedis/CommandArguments.java.CommandArguments.add.Long Method,5.1.0,5.3.0-beta1,5.3.0-beta1,5
jedis,4.0.0-beta1,redis.clients.jedis,CommandArguments,key,Long Method,"Decor,experts",src/main/java/redis/clients/jedis/CommandArguments.java,src/main/java/redis/clients/jedis/CommandArguments.java.CommandArguments.key.Long Method,4.0.0-beta1,4.0.0-beta1,4.0.0-RC1,1
jedis,4.0.0-RC1,redis.clients.jedis,CommandObjects,,God Class,"pmd,checkstyle,experts",src/main/java/redis/clients/jedis/CommandObjects.java,src/main/java/redis/clients/jedis/CommandObjects.java.CommandObjects..God Class,4.0.0-RC1,5.3.0-beta1,5.3.0-beta1,19
jedis,4.0.0-RC1,redis.clients.jedis,CommandObjects,blmove,Long Parameter List,"designitejava,experts",src/main/java/redis/clients/jedis/CommandObjects.java,src/main/java/redis/clients/jedis/CommandObjects.java.CommandObjects.blmove.Long Parameter List,4.0.0-RC1,5.3.0-beta1,5.3.0-beta1,19
jedis,4.0.0-RC1,redis.clients.jedis,CommandObjects,georadius,Long Parameter List,"designitejava,checkstyle,experts",src/main/java/redis/clients/jedis/CommandObjects.java,src/main/java/redis/clients/jedis/CommandObjects.java.CommandObjects.georadius.Long Parameter List,4.0.0-RC1,5.3.0-beta1,5.3.0-beta1,19
jedis,4.0.0-RC1,redis.clients.jedis,CommandObjects,georadiusByMember,Long Parameter List,"designitejava,experts",src/main/java/redis/clients/jedis/CommandObjects.java,src/main/java/redis/clients/jedis/CommandObjects.java.CommandObjects.georadiusByMember.Long Parameter List,4.0.0-RC1,5.3.0-beta1,5.3.0-beta1,19
jedis,4.0.0-RC1,redis.clients.jedis,CommandObjects,georadiusByMemberReadonly,Long Parameter List,"designitejava,experts",src/main/java/redis/clients/jedis/CommandObjects.java,src/main/java/redis/clients/jedis/CommandObjects.java.CommandObjects.georadiusByMemberReadonly.Long Parameter List,4.0.0-RC1,5.3.0-beta1,5.3.0-beta1,19
jedis,4.0.0-RC1,redis.clients.jedis,CommandObjects,georadiusByMemberStore,Long Parameter List,"designitejava,checkstyle,experts",src/main/java/redis/clients/jedis/CommandObjects.java,src/main/java/redis/clients/jedis/CommandObjects.java.CommandObjects.georadiusByMemberStore.Long Parameter List,4.0.0-RC1,5.3.0-beta1,5.3.0-beta1,19
jedis,4.0.0-RC1,redis.clients.jedis,CommandObjects,georadiusReadonly,Long Parameter List,"designitejava,checkstyle,experts",src/main/java/redis/clients/jedis/CommandObjects.java,src/main/java/redis/clients/jedis/CommandObjects.java.CommandObjects.georadiusReadonly.Long Parameter List,4.0.0-RC1,5.3.0-beta1,5.3.0-beta1,19
jedis,4.0.0-RC1,redis.clients.jedis,CommandObjects,georadiusStore,Long Parameter List,"designitejava,checkstyle,experts",src/main/java/redis/clients/jedis/CommandObjects.java,src/main/java/redis/clients/jedis/CommandObjects.java.CommandObjects.georadiusStore.Long Parameter List,4.0.0-RC1,5.3.0-beta1,5.3.0-beta1,19
jedis,4.1.0,redis.clients.jedis,CommandObjects,geosearch,Long Parameter List,"designitejava,experts",src/main/java/redis/clients/jedis/CommandObjects.java,src/main/java/redis/clients/jedis/CommandObjects.java.CommandObjects.geosearch.Long Parameter List,4.1.0,5.3.0-beta1,5.3.0-beta1,17
jedis,4.1.0,redis.clients.jedis,CommandObjects,geosearchStore,Long Parameter List,"designitejava,checkstyle,experts",src/main/java/redis/clients/jedis/CommandObjects.java,src/main/java/redis/clients/jedis/CommandObjects.java.CommandObjects.geosearchStore.Long Parameter List,4.1.0,5.3.0-beta1,5.3.0-beta1,17
jedis,4.0.0-RC1,redis.clients.jedis,CommandObjects,migrate,Long Parameter List,"designitejava,experts",src/main/java/redis/clients/jedis/CommandObjects.java,src/main/java/redis/clients/jedis/CommandObjects.java.CommandObjects.migrate.Long Parameter List,4.0.0-RC1,5.3.0-beta1,5.3.0-beta1,19
jedis,4.2.0-m1,redis.clients.jedis,CommandObjects,topkReserve,Long Parameter List,"designitejava,experts",src/main/java/redis/clients/jedis/CommandObjects.java,src/main/java/redis/clients/jedis/CommandObjects.java.CommandObjects.topkReserve.Long Parameter List,4.2.0-m1,5.3.0-beta1,5.3.0-beta1,16
jedis,4.3.0-m1,redis.clients.jedis,CommandObjects,tsCreateRule,Long Parameter List,"designitejava,experts",src/main/java/redis/clients/jedis/CommandObjects.java,src/main/java/redis/clients/jedis/CommandObjects.java.CommandObjects.tsCreateRule.Long Parameter List,4.3.0-m1,5.3.0-beta1,5.3.0-beta1,13
jedis,4.0.0-RC1,redis.clients.jedis,CommandObjects,xautoclaim,Long Parameter List,"designitejava,checkstyle,experts",src/main/java/redis/clients/jedis/CommandObjects.java,src/main/java/redis/clients/jedis/CommandObjects.java.CommandObjects.xautoclaim.Long Parameter List,4.0.0-RC1,5.3.0-beta1,5.3.0-beta1,19
jedis,4.0.0-RC1,redis.clients.jedis,CommandObjects,xautoclaimJustId,Long Parameter List,"designitejava,checkstyle,experts",src/main/java/redis/clients/jedis/CommandObjects.java,src/main/java/redis/clients/jedis/CommandObjects.java.CommandObjects.xautoclaimJustId.Long Parameter List,4.0.0-RC1,5.3.0-beta1,5.3.0-beta1,19
jedis,4.0.0-RC1,redis.clients.jedis,CommandObjects,xclaim,Long Parameter List,"designitejava,checkstyle,experts",src/main/java/redis/clients/jedis/CommandObjects.java,src/main/java/redis/clients/jedis/CommandObjects.java.CommandObjects.xclaim.Long Parameter List,4.0.0-RC1,5.3.0-beta1,5.3.0-beta1,19
jedis,4.0.0-RC1,redis.clients.jedis,CommandObjects,xclaimJustId,Long Parameter List,"designitejava,checkstyle,experts",src/main/java/redis/clients/jedis/CommandObjects.java,src/main/java/redis/clients/jedis/CommandObjects.java.CommandObjects.xclaimJustId.Long Parameter List,4.0.0-RC1,5.3.0-beta1,5.3.0-beta1,19
jedis,4.0.0-RC1,redis.clients.jedis,CommandObjects,xpending,Long Parameter List,"designitejava,checkstyle,experts",src/main/java/redis/clients/jedis/CommandObjects.java,src/main/java/redis/clients/jedis/CommandObjects.java.CommandObjects.xpending.Long Parameter List,4.0.0-RC1,5.0.0-alpha1,5.0.0-beta1,12
jedis,4.0.0-RC1,redis.clients.jedis,CommandObjects,zrangeByLex,Long Parameter List,"designitejava,experts",src/main/java/redis/clients/jedis/CommandObjects.java,src/main/java/redis/clients/jedis/CommandObjects.java.CommandObjects.zrangeByLex.Long Parameter List,4.0.0-RC1,5.3.0-beta1,5.3.0-beta1,19
jedis,4.0.0-RC1,redis.clients.jedis,CommandObjects,zrangeByScore,Long Parameter List,"designitejava,experts",src/main/java/redis/clients/jedis/CommandObjects.java,src/main/java/redis/clients/jedis/CommandObjects.java.CommandObjects.zrangeByScore.Long Parameter List,4.0.0-RC1,5.3.0-beta1,5.3.0-beta1,19
jedis,4.0.0-RC1,redis.clients.jedis,CommandObjects,zrangeByScoreWithScores,Long Parameter List,"designitejava,experts",src/main/java/redis/clients/jedis/CommandObjects.java,src/main/java/redis/clients/jedis/CommandObjects.java.CommandObjects.zrangeByScoreWithScores.Long Parameter List,4.0.0-RC1,5.3.0-beta1,5.3.0-beta1,19
jedis,4.0.0-RC1,redis.clients.jedis,CommandObjects,zrevrangeByLex,Long Parameter List,"designitejava,experts",src/main/java/redis/clients/jedis/CommandObjects.java,src/main/java/redis/clients/jedis/CommandObjects.java.CommandObjects.zrevrangeByLex.Long Parameter List,4.0.0-RC1,5.3.0-beta1,5.3.0-beta1,19
jedis,4.0.0-RC1,redis.clients.jedis,CommandObjects,zrevrangeByScore,Long Parameter List,"designitejava,experts",src/main/java/redis/clients/jedis/CommandObjects.java,src/main/java/redis/clients/jedis/CommandObjects.java.CommandObjects.zrevrangeByScore.Long Parameter List,4.0.0-RC1,5.3.0-beta1,5.3.0-beta1,19
jedis,4.0.0-RC1,redis.clients.jedis,CommandObjects,zrevrangeByScoreWithScores,Long Parameter List,"designitejava,experts",src/main/java/redis/clients/jedis/CommandObjects.java,src/main/java/redis/clients/jedis/CommandObjects.java.CommandObjects.zrevrangeByScoreWithScores.Long Parameter List,4.0.0-RC1,5.3.0-beta1,5.3.0-beta1,19
jedis,1.5.0-RC1,redis.clients.jedis,Commands,,God Class,"pmd,checkstyle,experts",src/main/java/redis/clients/jedis/Commands.java,src/main/java/redis/clients/jedis/Commands.java.Commands..God Class,1.5.0-RC1,2.10.0,3.0.0-m1,14
jedis,2.10.0-m1,redis.clients.jedis,Commands,migrate,Long Parameter List,"designitejava,experts",src/main/java/redis/clients/jedis/Commands.java,src/main/java/redis/clients/jedis/Commands.java.Commands.migrate.Long Parameter List,2.10.0-m1,2.10.0,3.0.0-m1,2
jedis,2.2.0,redis.clients.jedis,Commands,set,Long Parameter List,"designitejava,experts",src/main/java/redis/clients/jedis/Commands.java,src/main/java/redis/clients/jedis/Commands.java.Commands.set.Long Parameter List,2.2.0,2.10.0,3.0.0-m1,10
jedis,1.5.0-RC1,redis.clients.jedis,Commands,zrangeByScore,Long Parameter List,"designitejava,experts",src/main/java/redis/clients/jedis/Commands.java,src/main/java/redis/clients/jedis/Commands.java.Commands.zrangeByScore.Long Parameter List,1.5.0-RC1,2.10.0,3.0.0-m1,14
jedis,1.5.0-RC1,redis.clients.jedis,Commands,zrangeByScoreWithScores,Long Parameter List,"designitejava,experts",src/main/java/redis/clients/jedis/Commands.java,src/main/java/redis/clients/jedis/Commands.java.Commands.zrangeByScoreWithScores.Long Parameter List,1.5.0-RC1,2.10.0,3.0.0-m1,14
jedis,2.0.0,redis.clients.jedis,Commands,zrevrangeByScore,Long Parameter List,"designitejava,experts",src/main/java/redis/clients/jedis/Commands.java,src/main/java/redis/clients/jedis/Commands.java.Commands.zrevrangeByScore.Long Parameter List,2.0.0,2.10.0,3.0.0-m1,12
jedis,2.0.0,redis.clients.jedis,Commands,zrevrangeByScoreWithScores,Long Parameter List,"designitejava,experts",src/main/java/redis/clients/jedis/Commands.java,src/main/java/redis/clients/jedis/Commands.java.Commands.zrevrangeByScoreWithScores.Long Parameter List,2.0.0,2.10.0,3.0.0-m1,12
jedis,1.4.0,redis.clients.jedis,Connection,,God Class,"pmd,experts",src/main/java/redis/clients/jedis/Connection.java,src/main/java/redis/clients/jedis/Connection.java.Connection..God Class,1.4.0,5.3.0-beta1,5.3.0-beta1,51
jedis,2.9.0,redis.clients.jedis,Connection,Connection,Long Parameter List,"designitejava,experts",src/main/java/redis/clients/jedis/Connection.java,src/main/java/redis/clients/jedis/Connection.java.Connection.Connection.Long Parameter List,2.9.0,3.10.0,4.0.0-beta1,19
jedis,2.9.0,redis.clients.jedis,Connection,connect,Complex Method,"pmd,experts",src/main/java/redis/clients/jedis/Connection.java,src/main/java/redis/clients/jedis/Connection.java.Connection.connect.Complex Method,2.9.0,3.2.0,3.3.0,9
jedis,2.9.0,redis.clients.jedis,Connection,connect,Long Method,"Decor,experts",src/main/java/redis/clients/jedis/Connection.java,src/main/java/redis/clients/jedis/Connection.java.Connection.connect.Long Method,2.9.0,3.2.0,3.3.0,9
jedis,4.4.0-rc1,redis.clients.jedis,Connection,initializeFromClientConfig,Complex Method,"designitejava,pmd,checkstyle,experts",src/main/java/redis/clients/jedis/Connection.java,src/main/java/redis/clients/jedis/Connection.java.Connection.initializeFromClientConfig.Complex Method,4.4.0-rc1,5.3.0-beta1,5.3.0-beta1,10
jedis,4.0.0-beta1,redis.clients.jedis,Connection,initializeFromClientConfig,Long Method,"Decor,experts",src/main/java/redis/clients/jedis/Connection.java,src/main/java/redis/clients/jedis/Connection.java.Connection.initializeFromClientConfig.Long Method,4.0.0-beta1,5.2.0,5.3.0-beta1,19
jedis,5.3.0-beta1,redis.clients.jedis,ConnectionFactory,ConnectionFactory,Feature Envy,"checkstyle,experts",src/main/java/redis/clients/jedis/ConnectionFactory.java,src/main/java/redis/clients/jedis/ConnectionFactory.java.ConnectionFactory.ConnectionFactory.Feature Envy,5.3.0-beta1,5.3.0-beta1,5.3.0-beta1,1
jedis,3.6.0-rc1,redis.clients.jedis,DefaultJedisClientConfig,,God Class,"pmd,experts",src/main/java/redis/clients/jedis/DefaultJedisClientConfig.java,src/main/java/redis/clients/jedis/DefaultJedisClientConfig.java.DefaultJedisClientConfig..God Class,3.6.0-rc1,5.3.0-beta1,5.3.0-beta1,27
jedis,3.6.0-rc1,redis.clients.jedis,DefaultJedisClientConfig,DefaultJedisClientConfig,Long Parameter List,"designitejava,experts",src/main/java/redis/clients/jedis/DefaultJedisClientConfig.java,src/main/java/redis/clients/jedis/DefaultJedisClientConfig.java.DefaultJedisClientConfig.DefaultJedisClientConfig.Long Parameter List,3.6.0-rc1,5.3.0-beta1,5.3.0-beta1,27
jedis,4.0.0-RC1,redis.clients.jedis,DefaultJedisClientConfig,create,Long Parameter List,"designitejava,checkstyle,experts",src/main/java/redis/clients/jedis/DefaultJedisClientConfig.java,src/main/java/redis/clients/jedis/DefaultJedisClientConfig.java.DefaultJedisClientConfig.create.Long Parameter List,4.0.0-RC1,5.3.0-beta1,5.3.0-beta1,19
jedis,3.3.0,redis.clients.jedis,DefaultJedisSocketFactory,DefaultJedisSocketFactory,Long Parameter List,"designitejava,experts",src/main/java/redis/clients/jedis/DefaultJedisSocketFactory.java,src/main/java/redis/clients/jedis/DefaultJedisSocketFactory.java.DefaultJedisSocketFactory.DefaultJedisSocketFactory.Long Parameter List,3.3.0,4.0.0-RC1,4.0.0,12
jedis,3.3.0,redis.clients.jedis,DefaultJedisSocketFactory,createSocket,Long Method,"Decor,experts",src/main/java/redis/clients/jedis/DefaultJedisSocketFactory.java,src/main/java/redis/clients/jedis/DefaultJedisSocketFactory.java.DefaultJedisSocketFactory.createSocket.Long Method,3.3.0,5.3.0-beta1,5.3.0-beta1,30
jedis,1.0.0,redis.clients.jedis,Jedis,,God Class,"pmd,checkstyle,experts",src/main/java/redis/clients/jedis/Jedis.java,src/main/java/redis/clients/jedis/Jedis.java.Jedis..God Class,1.0.0,5.3.0-beta1,5.3.0-beta1,53
jedis,4.0.0-beta1,redis.clients.jedis,Jedis,Jedis,Feature Envy,"checkstyle,experts",src/main/java/redis/clients/jedis/Jedis.java,src/main/java/redis/clients/jedis/Jedis.java.Jedis.Jedis.Feature Envy,4.0.0-beta1,5.3.0-beta1,5.3.0-beta1,20
jedis,2.9.0,redis.clients.jedis,Jedis,Jedis,Long Parameter List,"designitejava,experts",src/main/java/redis/clients/jedis/Jedis.java,src/main/java/redis/clients/jedis/Jedis.java.Jedis.Jedis.Long Parameter List,2.9.0,5.3.0-beta1,5.3.0-beta1,39
jedis,3.6.0-rc1,redis.clients.jedis,Jedis,blmove,Long Parameter List,"designitejava,experts",src/main/java/redis/clients/jedis/Jedis.java,src/main/java/redis/clients/jedis/Jedis.java.Jedis.blmove.Long Parameter List,3.6.0-rc1,5.3.0-beta1,5.3.0-beta1,27
jedis,2.8.0,redis.clients.jedis,Jedis,georadius,Long Parameter List,"designitejava,checkstyle,experts",src/main/java/redis/clients/jedis/Jedis.java,src/main/java/redis/clients/jedis/Jedis.java.Jedis.georadius.Long Parameter List,2.8.0,5.3.0-beta1,5.3.0-beta1,40
jedis,2.8.0,redis.clients.jedis,Jedis,georadiusByMember,Long Parameter List,"designitejava,experts",src/main/java/redis/clients/jedis/Jedis.java,src/main/java/redis/clients/jedis/Jedis.java.Jedis.georadiusByMember.Long Parameter List,2.8.0,5.3.0-beta1,5.3.0-beta1,40
jedis,2.10.0-m1,redis.clients.jedis,Jedis,georadiusByMemberReadonly,Long Parameter List,"designitejava,experts",src/main/java/redis/clients/jedis/Jedis.java,src/main/java/redis/clients/jedis/Jedis.java.Jedis.georadiusByMemberReadonly.Long Parameter List,2.10.0-m1,5.3.0-beta1,5.3.0-beta1,38
jedis,3.4.0,redis.clients.jedis,Jedis,georadiusByMemberStore,Long Parameter List,"designitejava,checkstyle,experts",src/main/java/redis/clients/jedis/Jedis.java,src/main/java/redis/clients/jedis/Jedis.java.Jedis.georadiusByMemberStore.Long Parameter List,3.4.0,5.3.0-beta1,5.3.0-beta1,29
jedis,2.10.0-m1,redis.clients.jedis,Jedis,georadiusReadonly,Long Parameter List,"designitejava,checkstyle,experts",src/main/java/redis/clients/jedis/Jedis.java,src/main/java/redis/clients/jedis/Jedis.java.Jedis.georadiusReadonly.Long Parameter List,2.10.0-m1,5.3.0-beta1,5.3.0-beta1,38
jedis,3.4.0,redis.clients.jedis,Jedis,georadiusStore,Long Parameter List,"designitejava,checkstyle,experts",src/main/java/redis/clients/jedis/Jedis.java,src/main/java/redis/clients/jedis/Jedis.java.Jedis.georadiusStore.Long Parameter List,3.4.0,5.3.0-beta1,5.3.0-beta1,29
jedis,4.1.0,redis.clients.jedis,Jedis,geosearch,Long Parameter List,"designitejava,experts",src/main/java/redis/clients/jedis/Jedis.java,src/main/java/redis/clients/jedis/Jedis.java.Jedis.geosearch.Long Parameter List,4.1.0,5.3.0-beta1,5.3.0-beta1,17
jedis,4.1.0,redis.clients.jedis,Jedis,geosearchStore,Long Parameter List,"designitejava,checkstyle,experts",src/main/java/redis/clients/jedis/Jedis.java,src/main/java/redis/clients/jedis/Jedis.java.Jedis.geosearchStore.Long Parameter List,4.1.0,5.3.0-beta1,5.3.0-beta1,17
jedis,2.2.0,redis.clients.jedis,Jedis,migrate,Long Parameter List,"designitejava,experts",src/main/java/redis/clients/jedis/Jedis.java,src/main/java/redis/clients/jedis/Jedis.java.Jedis.migrate.Long Parameter List,2.2.0,5.3.0-beta1,5.3.0-beta1,46
jedis,4.0.0-RC1,redis.clients.jedis,Jedis,monitor,Feature Envy,"designitejava,experts",src/main/java/redis/clients/jedis/Jedis.java,src/main/java/redis/clients/jedis/Jedis.java.Jedis.monitor.Feature Envy,4.0.0-RC1,5.3.0-beta1,5.3.0-beta1,19
jedis,4.0.0-RC1,redis.clients.jedis,Jedis,psubscribe,Feature Envy,"designitejava,experts",src/main/java/redis/clients/jedis/Jedis.java,src/main/java/redis/clients/jedis/Jedis.java.Jedis.psubscribe.Feature Envy,4.0.0-RC1,4.0.0,4.1.0,2
jedis,4.0.0-beta1,redis.clients.jedis,Jedis,sendBlockingCommand,Feature Envy,"designitejava,experts",src/main/java/redis/clients/jedis/Jedis.java,src/main/java/redis/clients/jedis/Jedis.java.Jedis.sendBlockingCommand.Feature Envy,4.0.0-beta1,5.3.0-beta1,5.3.0-beta1,20
jedis,2.2.0,redis.clients.jedis,Jedis,set,Long Parameter List,"designitejava,experts",src/main/java/redis/clients/jedis/Jedis.java,src/main/java/redis/clients/jedis/Jedis.java.Jedis.set.Long Parameter List,2.2.0,2.10.0,3.0.0-m1,10
jedis,4.0.0-RC1,redis.clients.jedis,Jedis,subscribe,Feature Envy,"designitejava,experts",src/main/java/redis/clients/jedis/Jedis.java,src/main/java/redis/clients/jedis/Jedis.java.Jedis.subscribe.Feature Envy,4.0.0-RC1,4.0.0,4.1.0,2
jedis,3.1.0-m1,redis.clients.jedis,Jedis,xadd,Long Parameter List,"designitejava,experts",src/main/java/redis/clients/jedis/Jedis.java,src/main/java/redis/clients/jedis/Jedis.java.Jedis.xadd.Long Parameter List,3.1.0-m1,3.10.0,4.0.0-beta1,14
jedis,3.7.0-RC1,redis.clients.jedis,Jedis,xautoclaim,Long Parameter List,"designitejava,checkstyle,experts",src/main/java/redis/clients/jedis/Jedis.java,src/main/java/redis/clients/jedis/Jedis.java.Jedis.xautoclaim.Long Parameter List,3.7.0-RC1,5.3.0-beta1,5.3.0-beta1,25
jedis,3.7.0-RC1,redis.clients.jedis,Jedis,xautoclaimJustId,Long Parameter List,"designitejava,checkstyle,experts",src/main/java/redis/clients/jedis/Jedis.java,src/main/java/redis/clients/jedis/Jedis.java.Jedis.xautoclaimJustId.Long Parameter List,3.7.0-RC1,5.3.0-beta1,5.3.0-beta1,25
jedis,3.1.0-m1,redis.clients.jedis,Jedis,xclaim,Long Parameter List,"designitejava,checkstyle,experts",src/main/java/redis/clients/jedis/Jedis.java,src/main/java/redis/clients/jedis/Jedis.java.Jedis.xclaim.Long Parameter List,3.1.0-m1,5.3.0-beta1,5.3.0-beta1,34
jedis,3.6.0-rc1,redis.clients.jedis,Jedis,xclaimJustId,Long Parameter List,"designitejava,checkstyle,experts",src/main/java/redis/clients/jedis/Jedis.java,src/main/java/redis/clients/jedis/Jedis.java.Jedis.xclaimJustId.Long Parameter List,3.6.0-rc1,5.3.0-beta1,5.3.0-beta1,27
jedis,3.1.0-m1,redis.clients.jedis,Jedis,xpending,Long Parameter List,"designitejava,checkstyle,experts",src/main/java/redis/clients/jedis/Jedis.java,src/main/java/redis/clients/jedis/Jedis.java.Jedis.xpending.Long Parameter List,3.1.0-m1,5.0.0-alpha1,5.0.0-beta1,27
jedis,3.1.0-m1,redis.clients.jedis,Jedis,xreadGroup,Long Parameter List,"designitejava,checkstyle,experts",src/main/java/redis/clients/jedis/Jedis.java,src/main/java/redis/clients/jedis/Jedis.java.Jedis.xreadGroup.Long Parameter List,3.1.0-m1,3.10.0,4.0.0-beta1,14
jedis,2.6.0,redis.clients.jedis,Jedis,zrangeByLex,Long Parameter List,"designitejava,experts",src/main/java/redis/clients/jedis/Jedis.java,src/main/java/redis/clients/jedis/Jedis.java.Jedis.zrangeByLex.Long Parameter List,2.6.0,5.3.0-beta1,5.3.0-beta1,42
jedis,1.0.0,redis.clients.jedis,Jedis,zrangeByScore,Long Parameter List,"designitejava,experts",src/main/java/redis/clients/jedis/Jedis.java,src/main/java/redis/clients/jedis/Jedis.java.Jedis.zrangeByScore.Long Parameter List,1.0.0,5.3.0-beta1,5.3.0-beta1,53
jedis,1.0.0,redis.clients.jedis,Jedis,zrangeByScoreWithScores,Long Parameter List,"designitejava,experts",src/main/java/redis/clients/jedis/Jedis.java,src/main/java/redis/clients/jedis/Jedis.java.Jedis.zrangeByScoreWithScores.Long Parameter List,1.0.0,5.3.0-beta1,5.3.0-beta1,53
jedis,2.7.0,redis.clients.jedis,Jedis,zrevrangeByLex,Long Parameter List,"designitejava,experts",src/main/java/redis/clients/jedis/Jedis.java,src/main/java/redis/clients/jedis/Jedis.java.Jedis.zrevrangeByLex.Long Parameter List,2.7.0,5.3.0-beta1,5.3.0-beta1,41
jedis,2.0.0,redis.clients.jedis,Jedis,zrevrangeByScore,Long Parameter List,"designitejava,experts",src/main/java/redis/clients/jedis/Jedis.java,src/main/java/redis/clients/jedis/Jedis.java.Jedis.zrevrangeByScore.Long Parameter List,2.0.0,5.3.0-beta1,5.3.0-beta1,48
jedis,2.0.0,redis.clients.jedis,Jedis,zrevrangeByScoreWithScores,Long Parameter List,"designitejava,experts",src/main/java/redis/clients/jedis/Jedis.java,src/main/java/redis/clients/jedis/Jedis.java.Jedis.zrevrangeByScoreWithScores.Long Parameter List,2.0.0,5.3.0-beta1,5.3.0-beta1,48
jedis,4.4.0-m1,redis.clients.jedis,JedisBroadcast,,God Class,"pmd,experts",src/main/java/redis/clients/jedis/JedisBroadcast.java,src/main/java/redis/clients/jedis/JedisBroadcast.java.JedisBroadcast..God Class,4.4.0-m1,4.4.0-m1,4.4.0-rc1,1
jedis,2.3.0,redis.clients.jedis,JedisCluster,,God Class,"pmd,checkstyle,experts",src/main/java/redis/clients/jedis/JedisCluster.java,src/main/java/redis/clients/jedis/JedisCluster.java.JedisCluster..God Class,2.3.0,3.10.0,4.0.0-beta1,25
jedis,2.8.0,redis.clients.jedis,JedisCluster,JedisCluster,Long Parameter List,"designitejava,experts",src/main/java/redis/clients/jedis/JedisCluster.java,src/main/java/redis/clients/jedis/JedisCluster.java.JedisCluster.JedisCluster.Long Parameter List,2.8.0,5.3.0-beta1,5.3.0-beta1,40
jedis,3.6.0-rc1,redis.clients.jedis,JedisCluster,blmove,Long Parameter List,"designitejava,experts",src/main/java/redis/clients/jedis/JedisCluster.java,src/main/java/redis/clients/jedis/JedisCluster.java.JedisCluster.blmove.Long Parameter List,3.6.0-rc1,3.10.0,4.0.0-beta1,7
jedis,2.8.0,redis.clients.jedis,JedisCluster,georadius,Long Parameter List,"designitejava,checkstyle,experts",src/main/java/redis/clients/jedis/JedisCluster.java,src/main/java/redis/clients/jedis/JedisCluster.java.JedisCluster.georadius.Long Parameter List,2.8.0,3.10.0,4.0.0-beta1,20
jedis,2.8.0,redis.clients.jedis,JedisCluster,georadiusByMember,Long Parameter List,"designitejava,experts",src/main/java/redis/clients/jedis/JedisCluster.java,src/main/java/redis/clients/jedis/JedisCluster.java.JedisCluster.georadiusByMember.Long Parameter List,2.8.0,3.10.0,4.0.0-beta1,20
jedis,2.10.0-m1,redis.clients.jedis,JedisCluster,georadiusByMemberReadonly,Long Parameter List,"designitejava,experts",src/main/java/redis/clients/jedis/JedisCluster.java,src/main/java/redis/clients/jedis/JedisCluster.java.JedisCluster.georadiusByMemberReadonly.Long Parameter List,2.10.0-m1,3.10.0,4.0.0-beta1,18
jedis,3.4.0,redis.clients.jedis,JedisCluster,georadiusByMemberStore,Long Parameter List,"designitejava,checkstyle,experts",src/main/java/redis/clients/jedis/JedisCluster.java,src/main/java/redis/clients/jedis/JedisCluster.java.JedisCluster.georadiusByMemberStore.Long Parameter List,3.4.0,3.10.0,4.0.0-beta1,9
jedis,2.10.0-m1,redis.clients.jedis,JedisCluster,georadiusReadonly,Long Parameter List,"designitejava,checkstyle,experts",src/main/java/redis/clients/jedis/JedisCluster.java,src/main/java/redis/clients/jedis/JedisCluster.java.JedisCluster.georadiusReadonly.Long Parameter List,2.10.0-m1,3.10.0,4.0.0-beta1,18
jedis,3.4.0,redis.clients.jedis,JedisCluster,georadiusStore,Long Parameter List,"designitejava,checkstyle,experts",src/main/java/redis/clients/jedis/JedisCluster.java,src/main/java/redis/clients/jedis/JedisCluster.java.JedisCluster.georadiusStore.Long Parameter List,3.4.0,3.10.0,4.0.0-beta1,9
jedis,2.5.0,redis.clients.jedis,JedisCluster,set,Long Parameter List,"designitejava,experts",src/main/java/redis/clients/jedis/JedisCluster.java,src/main/java/redis/clients/jedis/JedisCluster.java.JedisCluster.set.Long Parameter List,2.5.0,2.10.0,3.0.0-m1,7
jedis,3.1.0-m1,redis.clients.jedis,JedisCluster,xadd,Long Parameter List,"designitejava,experts",src/main/java/redis/clients/jedis/JedisCluster.java,src/main/java/redis/clients/jedis/JedisCluster.java.JedisCluster.xadd.Long Parameter List,3.1.0-m1,3.10.0,4.0.0-beta1,14
jedis,3.7.0-RC1,redis.clients.jedis,JedisCluster,xautoclaim,Long Parameter List,"designitejava,checkstyle,experts",src/main/java/redis/clients/jedis/JedisCluster.java,src/main/java/redis/clients/jedis/JedisCluster.java.JedisCluster.xautoclaim.Long Parameter List,3.7.0-RC1,3.10.0,4.0.0-beta1,5
jedis,3.7.0-RC1,redis.clients.jedis,JedisCluster,xautoclaimJustId,Long Parameter List,"designitejava,checkstyle,experts",src/main/java/redis/clients/jedis/JedisCluster.java,src/main/java/redis/clients/jedis/JedisCluster.java.JedisCluster.xautoclaimJustId.Long Parameter List,3.7.0-RC1,3.10.0,4.0.0-beta1,5
jedis,3.1.0-m1,redis.clients.jedis,JedisCluster,xclaim,Long Parameter List,"designitejava,checkstyle,experts",src/main/java/redis/clients/jedis/JedisCluster.java,src/main/java/redis/clients/jedis/JedisCluster.java.JedisCluster.xclaim.Long Parameter List,3.1.0-m1,3.10.0,4.0.0-beta1,14
jedis,3.6.0-rc1,redis.clients.jedis,JedisCluster,xclaimJustId,Long Parameter List,"designitejava,checkstyle,experts",src/main/java/redis/clients/jedis/JedisCluster.java,src/main/java/redis/clients/jedis/JedisCluster.java.JedisCluster.xclaimJustId.Long Parameter List,3.6.0-rc1,3.10.0,4.0.0-beta1,7
jedis,3.1.0-m1,redis.clients.jedis,JedisCluster,xpending,Long Parameter List,"designitejava,checkstyle,experts",src/main/java/redis/clients/jedis/JedisCluster.java,src/main/java/redis/clients/jedis/JedisCluster.java.JedisCluster.xpending.Long Parameter List,3.1.0-m1,3.10.0,4.0.0-beta1,14
jedis,3.1.0-m1,redis.clients.jedis,JedisCluster,xreadGroup,Long Parameter List,"designitejava,checkstyle,experts",src/main/java/redis/clients/jedis/JedisCluster.java,src/main/java/redis/clients/jedis/JedisCluster.java.JedisCluster.xreadGroup.Long Parameter List,3.1.0-m1,3.10.0,4.0.0-beta1,14
jedis,2.6.0,redis.clients.jedis,JedisCluster,zrangeByLex,Long Parameter List,"designitejava,experts",src/main/java/redis/clients/jedis/JedisCluster.java,src/main/java/redis/clients/jedis/JedisCluster.java.JedisCluster.zrangeByLex.Long Parameter List,2.6.0,3.10.0,4.0.0-beta1,22
jedis,2.3.0,redis.clients.jedis,JedisCluster,zrangeByScore,Long Parameter List,"designitejava,experts",src/main/java/redis/clients/jedis/JedisCluster.java,src/main/java/redis/clients/jedis/JedisCluster.java.JedisCluster.zrangeByScore.Long Parameter List,2.3.0,3.10.0,4.0.0-beta1,25
jedis,2.3.0,redis.clients.jedis,JedisCluster,zrangeByScoreWithScores,Long Parameter List,"designitejava,experts",src/main/java/redis/clients/jedis/JedisCluster.java,src/main/java/redis/clients/jedis/JedisCluster.java.JedisCluster.zrangeByScoreWithScores.Long Parameter List,2.3.0,3.10.0,4.0.0-beta1,25
jedis,2.7.0,redis.clients.jedis,JedisCluster,zrevrangeByLex,Long Parameter List,"designitejava,experts",src/main/java/redis/clients/jedis/JedisCluster.java,src/main/java/redis/clients/jedis/JedisCluster.java.JedisCluster.zrevrangeByLex.Long Parameter List,2.7.0,3.10.0,4.0.0-beta1,21
jedis,2.3.0,redis.clients.jedis,JedisCluster,zrevrangeByScore,Long Parameter List,"designitejava,experts",src/main/java/redis/clients/jedis/JedisCluster.java,src/main/java/redis/clients/jedis/JedisCluster.java.JedisCluster.zrevrangeByScore.Long Parameter List,2.3.0,3.10.0,4.0.0-beta1,25
jedis,2.3.0,redis.clients.jedis,JedisCluster,zrevrangeByScoreWithScores,Long Parameter List,"designitejava,experts",src/main/java/redis/clients/jedis/JedisCluster.java,src/main/java/redis/clients/jedis/JedisCluster.java.JedisCluster.zrevrangeByScoreWithScores.Long Parameter List,2.3.0,3.10.0,4.0.0-beta1,25
jedis,2.8.0,redis.clients.jedis,JedisClusterBinaryScriptingCommands,,God Class,"pmd,experts",src/main/java/redis/clients/jedis/JedisClusterBinaryScriptingCommands.java,src/main/java/redis/clients/jedis/JedisClusterBinaryScriptingCommands.java.JedisClusterBinaryScriptingCommands..God Class,2.8.0,2.10.0,3.0.0-m1,4
jedis,3.6.0-rc1,redis.clients.jedis,JedisClusterCommand,,God Class,"pmd,experts",src/main/java/redis/clients/jedis/JedisClusterCommand.java,src/main/java/redis/clients/jedis/JedisClusterCommand.java.JedisClusterCommand..God Class,3.6.0-rc1,3.10.0,4.0.0-beta1,7
jedis,2.5.0,redis.clients.jedis,JedisClusterCommand,releaseConnection,Feature Envy,"designitejava,experts",src/main/java/redis/clients/jedis/JedisClusterCommand.java,src/main/java/redis/clients/jedis/JedisClusterCommand.java.JedisClusterCommand.releaseConnection.Feature Envy,2.5.0,2.7.0,2.8.0,3
jedis,2.7.0,redis.clients.jedis,JedisClusterCommand,runWithRetries,Complex Method,"pmd,experts",src/main/java/redis/clients/jedis/JedisClusterCommand.java,src/main/java/redis/clients/jedis/JedisClusterCommand.java.JedisClusterCommand.runWithRetries.Complex Method,2.7.0,3.10.0,4.0.0-beta1,21
jedis,2.5.0,redis.clients.jedis,JedisClusterCommand,runWithRetries,Long Method,"Decor,experts",src/main/java/redis/clients/jedis/JedisClusterCommand.java,src/main/java/redis/clients/jedis/JedisClusterCommand.java.JedisClusterCommand.runWithRetries.Long Method,2.5.0,3.10.0,4.0.0-beta1,23
jedis,2.8.0,redis.clients.jedis,JedisClusterCommands,,God Class,"pmd,checkstyle,experts",src/main/java/redis/clients/jedis/JedisClusterCommands.java,src/main/java/redis/clients/jedis/JedisClusterCommands.java.JedisClusterCommands..God Class,2.8.0,2.8.0,2.9.0,1
jedis,2.8.0,redis.clients.jedis,JedisClusterCommands,georadius,Long Parameter List,"designitejava,checkstyle,experts",src/main/java/redis/clients/jedis/JedisClusterCommands.java,src/main/java/redis/clients/jedis/JedisClusterCommands.java.JedisClusterCommands.georadius.Long Parameter List,2.8.0,2.8.0,2.9.0,1
jedis,2.8.0,redis.clients.jedis,JedisClusterCommands,georadiusByMember,Long Parameter List,"designitejava,experts",src/main/java/redis/clients/jedis/JedisClusterCommands.java,src/main/java/redis/clients/jedis/JedisClusterCommands.java.JedisClusterCommands.georadiusByMember.Long Parameter List,2.8.0,2.8.0,2.9.0,1
jedis,2.8.0,redis.clients.jedis,JedisClusterCommands,set,Long Parameter List,"designitejava,experts",src/main/java/redis/clients/jedis/JedisClusterCommands.java,src/main/java/redis/clients/jedis/JedisClusterCommands.java.JedisClusterCommands.set.Long Parameter List,2.8.0,2.8.0,2.9.0,1
jedis,2.8.0,redis.clients.jedis,JedisClusterCommands,zrangeByLex,Long Parameter List,"designitejava,experts",src/main/java/redis/clients/jedis/JedisClusterCommands.java,src/main/java/redis/clients/jedis/JedisClusterCommands.java.JedisClusterCommands.zrangeByLex.Long Parameter List,2.8.0,2.8.0,2.9.0,1
jedis,2.8.0,redis.clients.jedis,JedisClusterCommands,zrangeByScore,Long Parameter List,"designitejava,experts",src/main/java/redis/clients/jedis/JedisClusterCommands.java,src/main/java/redis/clients/jedis/JedisClusterCommands.java.JedisClusterCommands.zrangeByScore.Long Parameter List,2.8.0,2.8.0,2.9.0,1
jedis,2.8.0,redis.clients.jedis,JedisClusterCommands,zrangeByScoreWithScores,Long Parameter List,"designitejava,experts",src/main/java/redis/clients/jedis/JedisClusterCommands.java,src/main/java/redis/clients/jedis/JedisClusterCommands.java.JedisClusterCommands.zrangeByScoreWithScores.Long Parameter List,2.8.0,2.8.0,2.9.0,1
jedis,2.8.0,redis.clients.jedis,JedisClusterCommands,zrevrangeByLex,Long Parameter List,"designitejava,experts",src/main/java/redis/clients/jedis/JedisClusterCommands.java,src/main/java/redis/clients/jedis/JedisClusterCommands.java.JedisClusterCommands.zrevrangeByLex.Long Parameter List,2.8.0,2.8.0,2.9.0,1
jedis,2.8.0,redis.clients.jedis,JedisClusterCommands,zrevrangeByScore,Long Parameter List,"designitejava,experts",src/main/java/redis/clients/jedis/JedisClusterCommands.java,src/main/java/redis/clients/jedis/JedisClusterCommands.java.JedisClusterCommands.zrevrangeByScore.Long Parameter List,2.8.0,2.8.0,2.9.0,1
jedis,2.8.0,redis.clients.jedis,JedisClusterCommands,zrevrangeByScoreWithScores,Long Parameter List,"designitejava,experts",src/main/java/redis/clients/jedis/JedisClusterCommands.java,src/main/java/redis/clients/jedis/JedisClusterCommands.java.JedisClusterCommands.zrevrangeByScoreWithScores.Long Parameter List,2.8.0,2.8.0,2.9.0,1
jedis,2.9.0,redis.clients.jedis,JedisClusterConnectionHandler,JedisClusterConnectionHandler,Long Parameter List,"designitejava,experts",src/main/java/redis/clients/jedis/JedisClusterConnectionHandler.java,src/main/java/redis/clients/jedis/JedisClusterConnectionHandler.java.JedisClusterConnectionHandler.JedisClusterConnectionHandler.Long Parameter List,2.9.0,3.10.0,4.0.0-beta1,19
jedis,2.7.0,redis.clients.jedis,JedisClusterConnectionHandler,getConnectionFromNode,Feature Envy,"designitejava,experts",src/main/java/redis/clients/jedis/JedisClusterConnectionHandler.java,src/main/java/redis/clients/jedis/JedisClusterConnectionHandler.java.JedisClusterConnectionHandler.getConnectionFromNode.Feature Envy,2.7.0,2.8.0,2.9.0,2
jedis,2.6.0,redis.clients.jedis,JedisClusterConnectionHandler,initializeSlotsCache,Feature Envy,"designitejava,experts",src/main/java/redis/clients/jedis/JedisClusterConnectionHandler.java,src/main/java/redis/clients/jedis/JedisClusterConnectionHandler.java.JedisClusterConnectionHandler.initializeSlotsCache.Feature Envy,2.6.0,2.8.0,2.9.0,3
jedis,2.10.0-m1,redis.clients.jedis,JedisClusterConnectionHandler,initializeSlotsCache,Long Parameter List,"designitejava,checkstyle,experts",src/main/java/redis/clients/jedis/JedisClusterConnectionHandler.java,src/main/java/redis/clients/jedis/JedisClusterConnectionHandler.java.JedisClusterConnectionHandler.initializeSlotsCache.Long Parameter List,2.10.0-m1,3.5.0,3.6.0-rc1,11
jedis,2.6.0,redis.clients.jedis,JedisClusterConnectionHandler,renewSlotCache,Feature Envy,"designitejava,experts",src/main/java/redis/clients/jedis/JedisClusterConnectionHandler.java,src/main/java/redis/clients/jedis/JedisClusterConnectionHandler.java.JedisClusterConnectionHandler.renewSlotCache.Feature Envy,2.6.0,2.7.0,2.8.0,2
jedis,2.9.0,redis.clients.jedis,JedisClusterInfoCache,,God Class,"pmd,experts",src/main/java/redis/clients/jedis/JedisClusterInfoCache.java,src/main/java/redis/clients/jedis/JedisClusterInfoCache.java.JedisClusterInfoCache..God Class,2.9.0,5.3.0-beta1,5.3.0-beta1,39
jedis,2.10.0-m1,redis.clients.jedis,JedisClusterInfoCache,JedisClusterInfoCache,Long Parameter List,"designitejava,experts",src/main/java/redis/clients/jedis/JedisClusterInfoCache.java,src/main/java/redis/clients/jedis/JedisClusterInfoCache.java.JedisClusterInfoCache.JedisClusterInfoCache.Long Parameter List,2.10.0-m1,5.3.0-beta1,5.3.0-beta1,38
jedis,5.1.0,redis.clients.jedis,JedisClusterInfoCache,discoverClusterNodesAndSlots,Complex Method,"designitejava,pmd,experts",src/main/java/redis/clients/jedis/JedisClusterInfoCache.java,src/main/java/redis/clients/jedis/JedisClusterInfoCache.java.JedisClusterInfoCache.discoverClusterNodesAndSlots.Complex Method,5.1.0,5.3.0-beta1,5.3.0-beta1,5
jedis,2.9.0,redis.clients.jedis,JedisClusterInfoCache,discoverClusterNodesAndSlots,Long Method,"Decor,experts",src/main/java/redis/clients/jedis/JedisClusterInfoCache.java,src/main/java/redis/clients/jedis/JedisClusterInfoCache.java.JedisClusterInfoCache.discoverClusterNodesAndSlots.Long Method,2.9.0,3.7.0,3.8.0,16
jedis,3.8.0,redis.clients.jedis,JedisClusterInfoCache,discoverClusterSlots,Complex Method,"designitejava,pmd,experts",src/main/java/redis/clients/jedis/JedisClusterInfoCache.java,src/main/java/redis/clients/jedis/JedisClusterInfoCache.java.JedisClusterInfoCache.discoverClusterSlots.Complex Method,3.8.0,5.3.0-beta1,5.3.0-beta1,23
jedis,2.6.0,redis.clients.jedis,JedisClusterInfoCache,discoverClusterSlots,Long Method,"Decor,experts",src/main/java/redis/clients/jedis/JedisClusterInfoCache.java,src/main/java/redis/clients/jedis/JedisClusterInfoCache.java.JedisClusterInfoCache.discoverClusterSlots.Long Method,2.6.0,5.3.0-beta1,5.3.0-beta1,42
jedis,2.10.0,redis.clients.jedis,JedisClusterInfoCache,renewClusterSlots,Complex Method,"pmd,experts",src/main/java/redis/clients/jedis/JedisClusterInfoCache.java,src/main/java/redis/clients/jedis/JedisClusterInfoCache.java.JedisClusterInfoCache.renewClusterSlots.Complex Method,2.10.0,5.3.0-beta1,5.3.0-beta1,37
jedis,2.10.0,redis.clients.jedis,JedisClusterInfoCache,renewClusterSlots,Long Method,"Decor,experts",src/main/java/redis/clients/jedis/JedisClusterInfoCache.java,src/main/java/redis/clients/jedis/JedisClusterInfoCache.java.JedisClusterInfoCache.renewClusterSlots.Long Method,2.10.0,3.6.0,3.7.0-RC1,12
jedis,2.9.0,redis.clients.jedis,JedisClusterInfoCache,setupNodeIfNotExist,Long Parameter List,"designitejava,experts",src/main/java/redis/clients/jedis/JedisClusterInfoCache.java,src/main/java/redis/clients/jedis/JedisClusterInfoCache.java.JedisClusterInfoCache.setupNodeIfNotExist.Long Parameter List,2.9.0,2.10.0,3.0.0-m1,3
jedis,2.10.0-m1,redis.clients.jedis,JedisClusterScriptingCommands,,God Class,"pmd,experts",src/main/java/redis/clients/jedis/JedisClusterScriptingCommands.java,src/main/java/redis/clients/jedis/JedisClusterScriptingCommands.java.JedisClusterScriptingCommands..God Class,2.10.0-m1,2.10.0,3.0.0-m1,2
jedis,1.4.0,redis.clients.jedis,JedisCommands,,God Class,"pmd,experts",src/main/java/redis/clients/jedis/JedisCommands.java,src/main/java/redis/clients/jedis/JedisCommands.java.JedisCommands..God Class,1.4.0,2.10.0,3.0.0-m1,15
jedis,2.8.0,redis.clients.jedis,JedisCommands,georadius,Long Parameter List,"designitejava,checkstyle,experts",src/main/java/redis/clients/jedis/JedisCommands.java,src/main/java/redis/clients/jedis/JedisCommands.java.JedisCommands.georadius.Long Parameter List,2.8.0,2.10.0,3.0.0-m1,4
jedis,2.8.0,redis.clients.jedis,JedisCommands,georadiusByMember,Long Parameter List,"designitejava,experts",src/main/java/redis/clients/jedis/JedisCommands.java,src/main/java/redis/clients/jedis/JedisCommands.java.JedisCommands.georadiusByMember.Long Parameter List,2.8.0,2.10.0,3.0.0-m1,4
jedis,2.10.0-m1,redis.clients.jedis,JedisCommands,georadiusByMemberReadonly,Long Parameter List,"designitejava,experts",src/main/java/redis/clients/jedis/JedisCommands.java,src/main/java/redis/clients/jedis/JedisCommands.java.JedisCommands.georadiusByMemberReadonly.Long Parameter List,2.10.0-m1,2.10.0,3.0.0-m1,2
jedis,2.10.0-m1,redis.clients.jedis,JedisCommands,georadiusReadonly,Long Parameter List,"designitejava,checkstyle,experts",src/main/java/redis/clients/jedis/JedisCommands.java,src/main/java/redis/clients/jedis/JedisCommands.java.JedisCommands.georadiusReadonly.Long Parameter List,2.10.0-m1,2.10.0,3.0.0-m1,2
jedis,2.5.0,redis.clients.jedis,JedisCommands,set,Long Parameter List,"designitejava,experts",src/main/java/redis/clients/jedis/JedisCommands.java,src/main/java/redis/clients/jedis/JedisCommands.java.JedisCommands.set.Long Parameter List,2.5.0,2.10.0,3.0.0-m1,7
jedis,2.6.0,redis.clients.jedis,JedisCommands,zrangeByLex,Long Parameter List,"designitejava,experts",src/main/java/redis/clients/jedis/JedisCommands.java,src/main/java/redis/clients/jedis/JedisCommands.java.JedisCommands.zrangeByLex.Long Parameter List,2.6.0,2.10.0,3.0.0-m1,6
jedis,1.4.0,redis.clients.jedis,JedisCommands,zrangeByScore,Long Parameter List,"designitejava,experts",src/main/java/redis/clients/jedis/JedisCommands.java,src/main/java/redis/clients/jedis/JedisCommands.java.JedisCommands.zrangeByScore.Long Parameter List,1.4.0,2.10.0,3.0.0-m1,15
jedis,1.4.0,redis.clients.jedis,JedisCommands,zrangeByScoreWithScores,Long Parameter List,"designitejava,experts",src/main/java/redis/clients/jedis/JedisCommands.java,src/main/java/redis/clients/jedis/JedisCommands.java.JedisCommands.zrangeByScoreWithScores.Long Parameter List,1.4.0,2.10.0,3.0.0-m1,15
jedis,2.7.0,redis.clients.jedis,JedisCommands,zrevrangeByLex,Long Parameter List,"designitejava,experts",src/main/java/redis/clients/jedis/JedisCommands.java,src/main/java/redis/clients/jedis/JedisCommands.java.JedisCommands.zrevrangeByLex.Long Parameter List,2.7.0,2.10.0,3.0.0-m1,5
jedis,2.0.0,redis.clients.jedis,JedisCommands,zrevrangeByScore,Long Parameter List,"designitejava,experts",src/main/java/redis/clients/jedis/JedisCommands.java,src/main/java/redis/clients/jedis/JedisCommands.java.JedisCommands.zrevrangeByScore.Long Parameter List,2.0.0,2.10.0,3.0.0-m1,12
jedis,2.0.0,redis.clients.jedis,JedisCommands,zrevrangeByScoreWithScores,Long Parameter List,"designitejava,experts",src/main/java/redis/clients/jedis/JedisCommands.java,src/main/java/redis/clients/jedis/JedisCommands.java.JedisCommands.zrevrangeByScoreWithScores.Long Parameter List,2.0.0,2.10.0,3.0.0-m1,12
jedis,4.0.0-beta1,redis.clients.jedis,JedisConnectionFactory,makeObject,Long Method,"Decor,experts",src/main/java/redis/clients/jedis/JedisConnectionFactory.java,src/main/java/redis/clients/jedis/JedisConnectionFactory.java.JedisConnectionFactory.makeObject.Long Method,4.0.0-beta1,4.0.0-beta1,4.0.0-RC1,1
jedis,2.7.0,redis.clients.jedis,JedisFactory,JedisFactory,Feature Envy,"checkstyle,experts",src/main/java/redis/clients/jedis/JedisFactory.java,src/main/java/redis/clients/jedis/JedisFactory.java.JedisFactory.JedisFactory.Feature Envy,2.7.0,5.3.0-beta1,5.3.0-beta1,41
jedis,2.2.0,redis.clients.jedis,JedisFactory,JedisFactory,Long Parameter List,"designitejava,experts",src/main/java/redis/clients/jedis/JedisFactory.java,src/main/java/redis/clients/jedis/JedisFactory.java.JedisFactory.JedisFactory.Long Parameter List,2.2.0,5.3.0-beta1,5.3.0-beta1,46
jedis,2.6.0,redis.clients.jedis,JedisPool,JedisPool,Feature Envy,"checkstyle,experts",src/main/java/redis/clients/jedis/JedisPool.java,src/main/java/redis/clients/jedis/JedisPool.java.JedisPool.JedisPool.Feature Envy,2.6.0,2.9.0,2.10.0-m1,4
jedis,1.5.0-RC1,redis.clients.jedis,JedisPool,JedisPool,Long Parameter List,"designitejava,experts",src/main/java/redis/clients/jedis/JedisPool.java,src/main/java/redis/clients/jedis/JedisPool.java.JedisPool.JedisPool.Long Parameter List,1.5.0-RC1,5.3.0-beta1,5.3.0-beta1,50
jedis,4.0.0-RC1,redis.clients.jedis,JedisPooled,JedisPooled,Feature Envy,"checkstyle,experts",src/main/java/redis/clients/jedis/JedisPooled.java,src/main/java/redis/clients/jedis/JedisPooled.java.JedisPooled.JedisPooled.Feature Envy,4.0.0-RC1,5.3.0-beta1,5.3.0-beta1,19
jedis,4.0.0-RC1,redis.clients.jedis,JedisPooled,JedisPooled,Long Parameter List,"designitejava,experts",src/main/java/redis/clients/jedis/JedisPooled.java,src/main/java/redis/clients/jedis/JedisPooled.java.JedisPooled.JedisPooled.Long Parameter List,4.0.0-RC1,5.3.0-beta1,5.3.0-beta1,19
jedis,1.0.0,redis.clients.jedis,JedisPubSub,,God Class,"pmd,experts",src/main/java/redis/clients/jedis/JedisPubSub.java,src/main/java/redis/clients/jedis/JedisPubSub.java.JedisPubSub..God Class,1.0.0,5.0.0-alpha1,5.0.0-beta1,46
jedis,1.0.0,redis.clients.jedis,JedisPubSub,process,Complex Method,"designitejava,experts",src/main/java/redis/clients/jedis/JedisPubSub.java,src/main/java/redis/clients/jedis/JedisPubSub.java.JedisPubSub.process.Complex Method,1.0.0,5.0.0-alpha1,5.0.0-beta1,46
jedis,1.5.0-RC1,redis.clients.jedis,JedisPubSub,process,Feature Envy,"checkstyle,experts",src/main/java/redis/clients/jedis/JedisPubSub.java,src/main/java/redis/clients/jedis/JedisPubSub.java.JedisPubSub.process.Feature Envy,1.5.0-RC1,5.0.0-alpha1,5.0.0-beta1,43
jedis,1.0.0,redis.clients.jedis,JedisPubSub,process,Long Method,"Decor,experts",src/main/java/redis/clients/jedis/JedisPubSub.java,src/main/java/redis/clients/jedis/JedisPubSub.java.JedisPubSub.process.Long Method,1.0.0,2.8.0,2.9.0,14
jedis,5.0.0-beta1,redis.clients.jedis,JedisPubSubBase,,God Class,"pmd,experts",src/main/java/redis/clients/jedis/JedisPubSubBase.java,src/main/java/redis/clients/jedis/JedisPubSubBase.java.JedisPubSubBase..God Class,5.0.0-beta1,5.3.0-beta1,5.3.0-beta1,7
jedis,5.0.0-beta1,redis.clients.jedis,JedisPubSubBase,process,Complex Method,"designitejava,pmd,checkstyle,experts",src/main/java/redis/clients/jedis/JedisPubSubBase.java,src/main/java/redis/clients/jedis/JedisPubSubBase.java.JedisPubSubBase.process.Complex Method,5.0.0-beta1,5.3.0-beta1,5.3.0-beta1,7
jedis,5.0.0-beta1,redis.clients.jedis,JedisPubSubBase,process,Feature Envy,"checkstyle,experts",src/main/java/redis/clients/jedis/JedisPubSubBase.java,src/main/java/redis/clients/jedis/JedisPubSubBase.java.JedisPubSubBase.process.Feature Envy,5.0.0-beta1,5.3.0-beta1,5.3.0-beta1,7
jedis,5.0.0-beta1,redis.clients.jedis,JedisPubSubBase,sendAndFlushCommand,Feature Envy,"designitejava,experts",src/main/java/redis/clients/jedis/JedisPubSubBase.java,src/main/java/redis/clients/jedis/JedisPubSubBase.java.JedisPubSubBase.sendAndFlushCommand.Feature Envy,5.0.0-beta1,5.2.0,5.3.0-beta1,6
jedis,2.2.0,redis.clients.jedis,JedisSentinelPool,JedisSentinelPool,Long Parameter List,"designitejava,experts",src/main/java/redis/clients/jedis/JedisSentinelPool.java,src/main/java/redis/clients/jedis/JedisSentinelPool.java.JedisSentinelPool.JedisSentinelPool.Long Parameter List,2.2.0,5.3.0-beta1,5.3.0-beta1,46
jedis,2.6.0,redis.clients.jedis,JedisSentinelPool,initSentinels,Complex Method,"pmd,experts",src/main/java/redis/clients/jedis/JedisSentinelPool.java,src/main/java/redis/clients/jedis/JedisSentinelPool.java.JedisSentinelPool.initSentinels.Complex Method,2.6.0,3.5.0,3.6.0-rc1,15
jedis,2.2.0,redis.clients.jedis,JedisSentinelPool,initSentinels,Long Method,"Decor,experts",src/main/java/redis/clients/jedis/JedisSentinelPool.java,src/main/java/redis/clients/jedis/JedisSentinelPool.java.JedisSentinelPool.initSentinels.Long Method,2.2.0,5.3.0-beta1,5.3.0-beta1,46
jedis,2.2.0,redis.clients.jedis,JedisSentinelPool,run,Complex Method,"pmd,experts",src/main/java/redis/clients/jedis/JedisSentinelPool.java,src/main/java/redis/clients/jedis/JedisSentinelPool.java.JedisSentinelPool.run.Complex Method,2.2.0,5.3.0-beta1,5.3.0-beta1,46
jedis,3.3.0,redis.clients.jedis,MasterListener,run,Complex Method,"checkstyle,experts",src/main/java/redis/clients/jedis/JedisSentinelPool.java,src/main/java/redis/clients/jedis/JedisSentinelPool.java.MasterListener.run.Complex Method,3.3.0,3.5.0,3.6.0-rc1,3
jedis,4.4.0-m1,redis.clients.jedis,JedisSentineled,JedisSentineled,Long Parameter List,"designitejava,experts",src/main/java/redis/clients/jedis/JedisSentineled.java,src/main/java/redis/clients/jedis/JedisSentineled.java.JedisSentineled.JedisSentineled.Long Parameter List,4.4.0-m1,5.3.0-beta1,5.3.0-beta1,11
jedis,2.7.0,redis.clients.jedis,JedisShardInfo,JedisShardInfo,Feature Envy,"checkstyle,experts",src/main/java/redis/clients/jedis/JedisShardInfo.java,src/main/java/redis/clients/jedis/JedisShardInfo.java.JedisShardInfo.JedisShardInfo.Feature Envy,2.7.0,3.10.0,4.0.0-beta1,21
jedis,2.7.0,redis.clients.jedis,JedisShardInfo,JedisShardInfo,Long Parameter List,"designitejava,experts",src/main/java/redis/clients/jedis/JedisShardInfo.java,src/main/java/redis/clients/jedis/JedisShardInfo.java.JedisShardInfo.JedisShardInfo.Long Parameter List,2.7.0,3.10.0,4.0.0-beta1,21
jedis,5.3.0-beta1,redis.clients.jedis,JedisShardedPubSubBase,,God Class,"pmd,experts",src/main/java/redis/clients/jedis/JedisShardedPubSubBase.java,src/main/java/redis/clients/jedis/JedisShardedPubSubBase.java.JedisShardedPubSubBase..God Class,5.3.0-beta1,5.3.0-beta1,5.3.0-beta1,1
jedis,5.0.0-beta1,redis.clients.jedis,JedisShardedPubSubBase,process,Complex Method,"pmd,checkstyle,experts",src/main/java/redis/clients/jedis/JedisShardedPubSubBase.java,src/main/java/redis/clients/jedis/JedisShardedPubSubBase.java.JedisShardedPubSubBase.process.Complex Method,5.0.0-beta1,5.3.0-beta1,5.3.0-beta1,7
jedis,5.0.0-beta1,redis.clients.jedis,JedisShardedPubSubBase,process,Long Method,"Decor,experts",src/main/java/redis/clients/jedis/JedisShardedPubSubBase.java,src/main/java/redis/clients/jedis/JedisShardedPubSubBase.java.JedisShardedPubSubBase.process.Long Method,5.0.0-beta1,5.3.0-beta1,5.3.0-beta1,7
jedis,5.0.0-beta1,redis.clients.jedis,JedisShardedPubSubBase,sendAndFlushCommand,Feature Envy,"designitejava,experts",src/main/java/redis/clients/jedis/JedisShardedPubSubBase.java,src/main/java/redis/clients/jedis/JedisShardedPubSubBase.java.JedisShardedPubSubBase.sendAndFlushCommand.Feature Envy,5.0.0-beta1,5.2.0,5.3.0-beta1,6
jedis,2.9.0,redis.clients.jedis,JedisSlotBasedConnectionHandler,JedisSlotBasedConnectionHandler,Long Parameter List,"designitejava,experts",src/main/java/redis/clients/jedis/JedisSlotBasedConnectionHandler.java,src/main/java/redis/clients/jedis/JedisSlotBasedConnectionHandler.java.JedisSlotBasedConnectionHandler.JedisSlotBasedConnectionHandler.Long Parameter List,2.9.0,3.10.0,4.0.0-beta1,19
jedis,3.4.0,redis.clients.jedis,JedisSlotBasedConnectionHandler,getConnection,Long Method,"Decor,experts",src/main/java/redis/clients/jedis/JedisSlotBasedConnectionHandler.java,src/main/java/redis/clients/jedis/JedisSlotBasedConnectionHandler.java.JedisSlotBasedConnectionHandler.getConnection.Long Method,3.4.0,3.10.0,4.0.0-beta1,9
jedis,5.0.0,redis.clients.jedis,MultiClusterClientConfig,,God Class,"pmd,experts",src/main/java/redis/clients/jedis/MultiClusterClientConfig.java,src/main/java/redis/clients/jedis/MultiClusterClientConfig.java.MultiClusterClientConfig..God Class,5.0.0,5.3.0-beta1,5.3.0-beta1,6
jedis,2.2.0,redis.clients.jedis,MultiKeyBinaryCommands,,God Class,"pmd,experts",src/main/java/redis/clients/jedis/MultiKeyBinaryCommands.java,src/main/java/redis/clients/jedis/MultiKeyBinaryCommands.java.MultiKeyBinaryCommands..God Class,2.2.0,2.10.0,3.0.0-m1,10
jedis,2.8.0,redis.clients.jedis,MultiKeyBinaryJedisClusterCommands,,God Class,"pmd,experts",src/main/java/redis/clients/jedis/MultiKeyBinaryJedisClusterCommands.java,src/main/java/redis/clients/jedis/MultiKeyBinaryJedisClusterCommands.java.MultiKeyBinaryJedisClusterCommands..God Class,2.8.0,2.10.0,3.0.0-m1,4
jedis,2.2.0,redis.clients.jedis,MultiKeyBinaryRedisPipeline,,God Class,"pmd,experts",src/main/java/redis/clients/jedis/MultiKeyBinaryRedisPipeline.java,src/main/java/redis/clients/jedis/MultiKeyBinaryRedisPipeline.java.MultiKeyBinaryRedisPipeline..God Class,2.2.0,2.10.0,3.0.0-m1,10
jedis,2.2.0,redis.clients.jedis,MultiKeyCommands,,God Class,"pmd,experts",src/main/java/redis/clients/jedis/MultiKeyCommands.java,src/main/java/redis/clients/jedis/MultiKeyCommands.java.MultiKeyCommands..God Class,2.2.0,2.10.0,3.0.0-m1,10
jedis,2.2.0,redis.clients.jedis,MultiKeyCommandsPipeline,,God Class,"pmd,experts",src/main/java/redis/clients/jedis/MultiKeyCommandsPipeline.java,src/main/java/redis/clients/jedis/MultiKeyCommandsPipeline.java.MultiKeyCommandsPipeline..God Class,2.2.0,2.10.0,3.0.0-m1,10
jedis,2.8.0,redis.clients.jedis,MultiKeyJedisClusterCommands,,God Class,"pmd,experts",src/main/java/redis/clients/jedis/MultiKeyJedisClusterCommands.java,src/main/java/redis/clients/jedis/MultiKeyJedisClusterCommands.java.MultiKeyJedisClusterCommands..God Class,2.8.0,2.10.0,3.0.0-m1,4
jedis,2.2.0,redis.clients.jedis,MultiKeyPipelineBase,,God Class,"pmd,experts",src/main/java/redis/clients/jedis/MultiKeyPipelineBase.java,src/main/java/redis/clients/jedis/MultiKeyPipelineBase.java.MultiKeyPipelineBase..God Class,2.2.0,3.10.0,4.0.0-beta1,26
jedis,3.6.0-rc1,redis.clients.jedis,MultiKeyPipelineBase,blmove,Long Parameter List,"designitejava,experts",src/main/java/redis/clients/jedis/MultiKeyPipelineBase.java,src/main/java/redis/clients/jedis/MultiKeyPipelineBase.java.MultiKeyPipelineBase.blmove.Long Parameter List,3.6.0-rc1,3.10.0,4.0.0-beta1,7
jedis,3.4.0,redis.clients.jedis,MultiKeyPipelineBase,georadiusByMemberStore,Long Parameter List,"designitejava,checkstyle,experts",src/main/java/redis/clients/jedis/MultiKeyPipelineBase.java,src/main/java/redis/clients/jedis/MultiKeyPipelineBase.java.MultiKeyPipelineBase.georadiusByMemberStore.Long Parameter List,3.4.0,3.10.0,4.0.0-beta1,9
jedis,3.4.0,redis.clients.jedis,MultiKeyPipelineBase,georadiusStore,Long Parameter List,"designitejava,checkstyle,experts",src/main/java/redis/clients/jedis/MultiKeyPipelineBase.java,src/main/java/redis/clients/jedis/MultiKeyPipelineBase.java.MultiKeyPipelineBase.georadiusStore.Long Parameter List,3.4.0,3.10.0,4.0.0-beta1,9
jedis,3.0.0-m1,redis.clients.jedis,MultiKeyPipelineBase,migrate,Long Parameter List,"designitejava,checkstyle,experts",src/main/java/redis/clients/jedis/MultiKeyPipelineBase.java,src/main/java/redis/clients/jedis/MultiKeyPipelineBase.java.MultiKeyPipelineBase.migrate.Long Parameter List,3.0.0-m1,3.10.0,4.0.0-beta1,16
jedis,3.6.0-rc1,redis.clients.jedis,MultiKeyPipelineBase,xreadGroup,Long Parameter List,"designitejava,checkstyle,experts",src/main/java/redis/clients/jedis/MultiKeyPipelineBase.java,src/main/java/redis/clients/jedis/MultiKeyPipelineBase.java.MultiKeyPipelineBase.xreadGroup.Long Parameter List,3.6.0-rc1,3.10.0,4.0.0-beta1,7
jedis,4.0.0-RC1,redis.clients.jedis,MultiNodePipelineBase,,God Class,"pmd,checkstyle,experts",src/main/java/redis/clients/jedis/MultiNodePipelineBase.java,src/main/java/redis/clients/jedis/MultiNodePipelineBase.java.MultiNodePipelineBase..God Class,4.0.0-RC1,5.0.0-beta1,5.0.0,13
jedis,4.0.0-beta1,redis.clients.jedis,MultiNodePipelineBase,appendCommand,Long Method,"Decor,experts",src/main/java/redis/clients/jedis/MultiNodePipelineBase.java,src/main/java/redis/clients/jedis/MultiNodePipelineBase.java.MultiNodePipelineBase.appendCommand.Long Method,4.0.0-beta1,5.3.0-beta1,5.3.0-beta1,20
jedis,4.0.0-RC1,redis.clients.jedis,MultiNodePipelineBase,blmove,Long Parameter List,"designitejava,experts",src/main/java/redis/clients/jedis/MultiNodePipelineBase.java,src/main/java/redis/clients/jedis/MultiNodePipelineBase.java.MultiNodePipelineBase.blmove.Long Parameter List,4.0.0-RC1,5.0.0-beta1,5.0.0,13
jedis,4.0.0-RC1,redis.clients.jedis,MultiNodePipelineBase,georadius,Long Parameter List,"designitejava,checkstyle,experts",src/main/java/redis/clients/jedis/MultiNodePipelineBase.java,src/main/java/redis/clients/jedis/MultiNodePipelineBase.java.MultiNodePipelineBase.georadius.Long Parameter List,4.0.0-RC1,5.0.0-beta1,5.0.0,13
jedis,4.0.0-RC1,redis.clients.jedis,MultiNodePipelineBase,georadiusByMember,Long Parameter List,"designitejava,experts",src/main/java/redis/clients/jedis/MultiNodePipelineBase.java,src/main/java/redis/clients/jedis/MultiNodePipelineBase.java.MultiNodePipelineBase.georadiusByMember.Long Parameter List,4.0.0-RC1,5.0.0-beta1,5.0.0,13
jedis,4.0.0-RC1,redis.clients.jedis,MultiNodePipelineBase,georadiusByMemberReadonly,Long Parameter List,"designitejava,experts",src/main/java/redis/clients/jedis/MultiNodePipelineBase.java,src/main/java/redis/clients/jedis/MultiNodePipelineBase.java.MultiNodePipelineBase.georadiusByMemberReadonly.Long Parameter List,4.0.0-RC1,5.0.0-beta1,5.0.0,13
jedis,4.0.0-RC1,redis.clients.jedis,MultiNodePipelineBase,georadiusByMemberStore,Long Parameter List,"designitejava,checkstyle,experts",src/main/java/redis/clients/jedis/MultiNodePipelineBase.java,src/main/java/redis/clients/jedis/MultiNodePipelineBase.java.MultiNodePipelineBase.georadiusByMemberStore.Long Parameter List,4.0.0-RC1,5.0.0-beta1,5.0.0,13
jedis,4.0.0-RC1,redis.clients.jedis,MultiNodePipelineBase,georadiusReadonly,Long Parameter List,"designitejava,checkstyle,experts",src/main/java/redis/clients/jedis/MultiNodePipelineBase.java,src/main/java/redis/clients/jedis/MultiNodePipelineBase.java.MultiNodePipelineBase.georadiusReadonly.Long Parameter List,4.0.0-RC1,5.0.0-beta1,5.0.0,13
jedis,4.0.0-RC1,redis.clients.jedis,MultiNodePipelineBase,georadiusStore,Long Parameter List,"designitejava,checkstyle,experts",src/main/java/redis/clients/jedis/MultiNodePipelineBase.java,src/main/java/redis/clients/jedis/MultiNodePipelineBase.java.MultiNodePipelineBase.georadiusStore.Long Parameter List,4.0.0-RC1,5.0.0-beta1,5.0.0,13
jedis,4.1.0,redis.clients.jedis,MultiNodePipelineBase,geosearch,Long Parameter List,"designitejava,experts",src/main/java/redis/clients/jedis/MultiNodePipelineBase.java,src/main/java/redis/clients/jedis/MultiNodePipelineBase.java.MultiNodePipelineBase.geosearch.Long Parameter List,4.1.0,5.0.0-beta1,5.0.0,11
jedis,4.1.0,redis.clients.jedis,MultiNodePipelineBase,geosearchStore,Long Parameter List,"designitejava,checkstyle,experts",src/main/java/redis/clients/jedis/MultiNodePipelineBase.java,src/main/java/redis/clients/jedis/MultiNodePipelineBase.java.MultiNodePipelineBase.geosearchStore.Long Parameter List,4.1.0,5.0.0-beta1,5.0.0,11
jedis,4.0.0-RC1,redis.clients.jedis,MultiNodePipelineBase,migrate,Long Parameter List,"designitejava,experts",src/main/java/redis/clients/jedis/MultiNodePipelineBase.java,src/main/java/redis/clients/jedis/MultiNodePipelineBase.java.MultiNodePipelineBase.migrate.Long Parameter List,4.0.0-RC1,5.0.0-beta1,5.0.0,13
jedis,4.3.0,redis.clients.jedis,MultiNodePipelineBase,sync,Long Method,"Decor,experts",src/main/java/redis/clients/jedis/MultiNodePipelineBase.java,src/main/java/redis/clients/jedis/MultiNodePipelineBase.java.MultiNodePipelineBase.sync.Long Method,4.3.0,4.4.0-m1,4.4.0-rc1,2
jedis,4.2.0-m1,redis.clients.jedis,MultiNodePipelineBase,topkReserve,Long Parameter List,"designitejava,experts",src/main/java/redis/clients/jedis/MultiNodePipelineBase.java,src/main/java/redis/clients/jedis/MultiNodePipelineBase.java.MultiNodePipelineBase.topkReserve.Long Parameter List,4.2.0-m1,5.0.0-beta1,5.0.0,10
jedis,4.3.0-m1,redis.clients.jedis,MultiNodePipelineBase,tsCreateRule,Long Parameter List,"designitejava,experts",src/main/java/redis/clients/jedis/MultiNodePipelineBase.java,src/main/java/redis/clients/jedis/MultiNodePipelineBase.java.MultiNodePipelineBase.tsCreateRule.Long Parameter List,4.3.0-m1,5.0.0-beta1,5.0.0,7
jedis,4.0.0-RC1,redis.clients.jedis,MultiNodePipelineBase,xautoclaim,Long Parameter List,"designitejava,checkstyle,experts",src/main/java/redis/clients/jedis/MultiNodePipelineBase.java,src/main/java/redis/clients/jedis/MultiNodePipelineBase.java.MultiNodePipelineBase.xautoclaim.Long Parameter List,4.0.0-RC1,5.0.0-beta1,5.0.0,13
jedis,4.0.0-RC1,redis.clients.jedis,MultiNodePipelineBase,xautoclaimJustId,Long Parameter List,"designitejava,checkstyle,experts",src/main/java/redis/clients/jedis/MultiNodePipelineBase.java,src/main/java/redis/clients/jedis/MultiNodePipelineBase.java.MultiNodePipelineBase.xautoclaimJustId.Long Parameter List,4.0.0-RC1,5.0.0-beta1,5.0.0,13
jedis,4.0.0-RC1,redis.clients.jedis,MultiNodePipelineBase,xclaim,Long Parameter List,"designitejava,checkstyle,experts",src/main/java/redis/clients/jedis/MultiNodePipelineBase.java,src/main/java/redis/clients/jedis/MultiNodePipelineBase.java.MultiNodePipelineBase.xclaim.Long Parameter List,4.0.0-RC1,5.0.0-beta1,5.0.0,13
jedis,4.0.0-RC1,redis.clients.jedis,MultiNodePipelineBase,xclaimJustId,Long Parameter List,"designitejava,checkstyle,experts",src/main/java/redis/clients/jedis/MultiNodePipelineBase.java,src/main/java/redis/clients/jedis/MultiNodePipelineBase.java.MultiNodePipelineBase.xclaimJustId.Long Parameter List,4.0.0-RC1,5.0.0-beta1,5.0.0,13
jedis,4.0.0-RC1,redis.clients.jedis,MultiNodePipelineBase,xpending,Long Parameter List,"designitejava,checkstyle,experts",src/main/java/redis/clients/jedis/MultiNodePipelineBase.java,src/main/java/redis/clients/jedis/MultiNodePipelineBase.java.MultiNodePipelineBase.xpending.Long Parameter List,4.0.0-RC1,5.0.0-alpha1,5.0.0-beta1,12
jedis,4.0.0-RC1,redis.clients.jedis,MultiNodePipelineBase,zrangeByLex,Long Parameter List,"designitejava,experts",src/main/java/redis/clients/jedis/MultiNodePipelineBase.java,src/main/java/redis/clients/jedis/MultiNodePipelineBase.java.MultiNodePipelineBase.zrangeByLex.Long Parameter List,4.0.0-RC1,5.0.0-beta1,5.0.0,13
jedis,4.0.0-RC1,redis.clients.jedis,MultiNodePipelineBase,zrangeByScore,Long Parameter List,"designitejava,experts",src/main/java/redis/clients/jedis/MultiNodePipelineBase.java,src/main/java/redis/clients/jedis/MultiNodePipelineBase.java.MultiNodePipelineBase.zrangeByScore.Long Parameter List,4.0.0-RC1,5.0.0-beta1,5.0.0,13
jedis,4.0.0-RC1,redis.clients.jedis,MultiNodePipelineBase,zrangeByScoreWithScores,Long Parameter List,"designitejava,experts",src/main/java/redis/clients/jedis/MultiNodePipelineBase.java,src/main/java/redis/clients/jedis/MultiNodePipelineBase.java.MultiNodePipelineBase.zrangeByScoreWithScores.Long Parameter List,4.0.0-RC1,5.0.0-beta1,5.0.0,13
jedis,4.0.0-RC1,redis.clients.jedis,MultiNodePipelineBase,zrevrangeByLex,Long Parameter List,"designitejava,experts",src/main/java/redis/clients/jedis/MultiNodePipelineBase.java,src/main/java/redis/clients/jedis/MultiNodePipelineBase.java.MultiNodePipelineBase.zrevrangeByLex.Long Parameter List,4.0.0-RC1,5.0.0-beta1,5.0.0,13
jedis,4.0.0-RC1,redis.clients.jedis,MultiNodePipelineBase,zrevrangeByScore,Long Parameter List,"designitejava,experts",src/main/java/redis/clients/jedis/MultiNodePipelineBase.java,src/main/java/redis/clients/jedis/MultiNodePipelineBase.java.MultiNodePipelineBase.zrevrangeByScore.Long Parameter List,4.0.0-RC1,5.0.0-beta1,5.0.0,13
jedis,4.0.0-RC1,redis.clients.jedis,MultiNodePipelineBase,zrevrangeByScoreWithScores,Long Parameter List,"designitejava,experts",src/main/java/redis/clients/jedis/MultiNodePipelineBase.java,src/main/java/redis/clients/jedis/MultiNodePipelineBase.java.MultiNodePipelineBase.zrevrangeByScoreWithScores.Long Parameter List,4.0.0-RC1,5.0.0-beta1,5.0.0,13
jedis,1.5.0-RC1,redis.clients.jedis,Pipeline,,God Class,"pmd,checkstyle,experts",src/main/java/redis/clients/jedis/Pipeline.java,src/main/java/redis/clients/jedis/Pipeline.java.Pipeline..God Class,1.5.0-RC1,5.3.0-beta1,5.3.0-beta1,50
jedis,4.0.0-beta1,redis.clients.jedis,Pipeline,blmove,Long Parameter List,"designitejava,experts",src/main/java/redis/clients/jedis/Pipeline.java,src/main/java/redis/clients/jedis/Pipeline.java.Pipeline.blmove.Long Parameter List,4.0.0-beta1,5.0.0-beta1,5.0.0,14
jedis,4.0.0-beta1,redis.clients.jedis,Pipeline,georadius,Long Parameter List,"designitejava,checkstyle,experts",src/main/java/redis/clients/jedis/Pipeline.java,src/main/java/redis/clients/jedis/Pipeline.java.Pipeline.georadius.Long Parameter List,4.0.0-beta1,5.0.0-beta1,5.0.0,14
jedis,4.0.0-beta1,redis.clients.jedis,Pipeline,georadiusByMember,Long Parameter List,"designitejava,experts",src/main/java/redis/clients/jedis/Pipeline.java,src/main/java/redis/clients/jedis/Pipeline.java.Pipeline.georadiusByMember.Long Parameter List,4.0.0-beta1,5.0.0-beta1,5.0.0,14
jedis,4.0.0-beta1,redis.clients.jedis,Pipeline,georadiusByMemberReadonly,Long Parameter List,"designitejava,experts",src/main/java/redis/clients/jedis/Pipeline.java,src/main/java/redis/clients/jedis/Pipeline.java.Pipeline.georadiusByMemberReadonly.Long Parameter List,4.0.0-beta1,5.0.0-beta1,5.0.0,14
jedis,4.0.0-beta1,redis.clients.jedis,Pipeline,georadiusByMemberStore,Long Parameter List,"designitejava,checkstyle,experts",src/main/java/redis/clients/jedis/Pipeline.java,src/main/java/redis/clients/jedis/Pipeline.java.Pipeline.georadiusByMemberStore.Long Parameter List,4.0.0-beta1,5.0.0-beta1,5.0.0,14
jedis,4.0.0-beta1,redis.clients.jedis,Pipeline,georadiusReadonly,Long Parameter List,"designitejava,checkstyle,experts",src/main/java/redis/clients/jedis/Pipeline.java,src/main/java/redis/clients/jedis/Pipeline.java.Pipeline.georadiusReadonly.Long Parameter List,4.0.0-beta1,5.0.0-beta1,5.0.0,14
jedis,4.0.0-beta1,redis.clients.jedis,Pipeline,georadiusStore,Long Parameter List,"designitejava,checkstyle,experts",src/main/java/redis/clients/jedis/Pipeline.java,src/main/java/redis/clients/jedis/Pipeline.java.Pipeline.georadiusStore.Long Parameter List,4.0.0-beta1,5.0.0-beta1,5.0.0,14
jedis,4.1.0,redis.clients.jedis,Pipeline,geosearch,Long Parameter List,"designitejava,experts",src/main/java/redis/clients/jedis/Pipeline.java,src/main/java/redis/clients/jedis/Pipeline.java.Pipeline.geosearch.Long Parameter List,4.1.0,5.0.0-beta1,5.0.0,11
jedis,4.1.0,redis.clients.jedis,Pipeline,geosearchStore,Long Parameter List,"designitejava,checkstyle,experts",src/main/java/redis/clients/jedis/Pipeline.java,src/main/java/redis/clients/jedis/Pipeline.java.Pipeline.geosearchStore.Long Parameter List,4.1.0,5.0.0-beta1,5.0.0,11
jedis,4.0.0-beta1,redis.clients.jedis,Pipeline,migrate,Long Parameter List,"designitejava,experts",src/main/java/redis/clients/jedis/Pipeline.java,src/main/java/redis/clients/jedis/Pipeline.java.Pipeline.migrate.Long Parameter List,4.0.0-beta1,5.3.0-beta1,5.3.0-beta1,20
jedis,4.2.0-m1,redis.clients.jedis,Pipeline,topkReserve,Long Parameter List,"designitejava,experts",src/main/java/redis/clients/jedis/Pipeline.java,src/main/java/redis/clients/jedis/Pipeline.java.Pipeline.topkReserve.Long Parameter List,4.2.0-m1,5.0.0-beta1,5.0.0,10
jedis,4.3.0-m1,redis.clients.jedis,Pipeline,tsCreateRule,Long Parameter List,"designitejava,experts",src/main/java/redis/clients/jedis/Pipeline.java,src/main/java/redis/clients/jedis/Pipeline.java.Pipeline.tsCreateRule.Long Parameter List,4.3.0-m1,5.0.0-beta1,5.0.0,7
jedis,4.0.0-beta1,redis.clients.jedis,Pipeline,xautoclaim,Long Parameter List,"designitejava,checkstyle,experts",src/main/java/redis/clients/jedis/Pipeline.java,src/main/java/redis/clients/jedis/Pipeline.java.Pipeline.xautoclaim.Long Parameter List,4.0.0-beta1,5.0.0-beta1,5.0.0,14
jedis,4.0.0-beta1,redis.clients.jedis,Pipeline,xautoclaimJustId,Long Parameter List,"designitejava,checkstyle,experts",src/main/java/redis/clients/jedis/Pipeline.java,src/main/java/redis/clients/jedis/Pipeline.java.Pipeline.xautoclaimJustId.Long Parameter List,4.0.0-beta1,5.0.0-beta1,5.0.0,14
jedis,4.0.0-beta1,redis.clients.jedis,Pipeline,xclaim,Long Parameter List,"designitejava,checkstyle,experts",src/main/java/redis/clients/jedis/Pipeline.java,src/main/java/redis/clients/jedis/Pipeline.java.Pipeline.xclaim.Long Parameter List,4.0.0-beta1,5.0.0-beta1,5.0.0,14
jedis,4.0.0-beta1,redis.clients.jedis,Pipeline,xclaimJustId,Long Parameter List,"designitejava,checkstyle,experts",src/main/java/redis/clients/jedis/Pipeline.java,src/main/java/redis/clients/jedis/Pipeline.java.Pipeline.xclaimJustId.Long Parameter List,4.0.0-beta1,5.0.0-beta1,5.0.0,14
jedis,4.0.0-beta1,redis.clients.jedis,Pipeline,xpending,Long Parameter List,"designitejava,checkstyle,experts",src/main/java/redis/clients/jedis/Pipeline.java,src/main/java/redis/clients/jedis/Pipeline.java.Pipeline.xpending.Long Parameter List,4.0.0-beta1,5.0.0-alpha1,5.0.0-beta1,13
jedis,4.0.0-beta1,redis.clients.jedis,Pipeline,zrangeByLex,Long Parameter List,"designitejava,experts",src/main/java/redis/clients/jedis/Pipeline.java,src/main/java/redis/clients/jedis/Pipeline.java.Pipeline.zrangeByLex.Long Parameter List,4.0.0-beta1,5.0.0-beta1,5.0.0,14
jedis,1.5.0-RC1,redis.clients.jedis,Pipeline,zrangeByScore,Long Parameter List,"designitejava,experts",src/main/java/redis/clients/jedis/Pipeline.java,src/main/java/redis/clients/jedis/Pipeline.java.Pipeline.zrangeByScore.Long Parameter List,1.5.0-RC1,5.0.0-beta1,5.0.0,44
jedis,1.5.0-RC1,redis.clients.jedis,Pipeline,zrangeByScoreWithScores,Long Parameter List,"designitejava,experts",src/main/java/redis/clients/jedis/Pipeline.java,src/main/java/redis/clients/jedis/Pipeline.java.Pipeline.zrangeByScoreWithScores.Long Parameter List,1.5.0-RC1,5.0.0-beta1,5.0.0,44
jedis,4.0.0-beta1,redis.clients.jedis,Pipeline,zrevrangeByLex,Long Parameter List,"designitejava,experts",src/main/java/redis/clients/jedis/Pipeline.java,src/main/java/redis/clients/jedis/Pipeline.java.Pipeline.zrevrangeByLex.Long Parameter List,4.0.0-beta1,5.0.0-beta1,5.0.0,14
jedis,2.0.0,redis.clients.jedis,Pipeline,zrevrangeByScore,Long Parameter List,"designitejava,experts",src/main/java/redis/clients/jedis/Pipeline.java,src/main/java/redis/clients/jedis/Pipeline.java.Pipeline.zrevrangeByScore.Long Parameter List,2.0.0,5.0.0-beta1,5.0.0,42
jedis,2.0.0,redis.clients.jedis,Pipeline,zrevrangeByScoreWithScores,Long Parameter List,"designitejava,experts",src/main/java/redis/clients/jedis/Pipeline.java,src/main/java/redis/clients/jedis/Pipeline.java.Pipeline.zrevrangeByScoreWithScores.Long Parameter List,2.0.0,5.0.0-beta1,5.0.0,42
jedis,2.2.0,redis.clients.jedis,PipelineBase,,God Class,"pmd,checkstyle,experts",src/main/java/redis/clients/jedis/PipelineBase.java,src/main/java/redis/clients/jedis/PipelineBase.java.PipelineBase..God Class,2.2.0,5.0.0,5.1.0,41
jedis,5.0.0,redis.clients.jedis,PipelineBase,blmove,Long Parameter List,"designitejava,experts",src/main/java/redis/clients/jedis/PipelineBase.java,src/main/java/redis/clients/jedis/PipelineBase.java.PipelineBase.blmove.Long Parameter List,5.0.0,5.0.0,5.1.0,1
jedis,2.8.0,redis.clients.jedis,PipelineBase,georadius,Long Parameter List,"designitejava,checkstyle,experts",src/main/java/redis/clients/jedis/PipelineBase.java,src/main/java/redis/clients/jedis/PipelineBase.java.PipelineBase.georadius.Long Parameter List,2.8.0,5.0.0,5.1.0,35
jedis,2.8.0,redis.clients.jedis,PipelineBase,georadiusByMember,Long Parameter List,"designitejava,experts",src/main/java/redis/clients/jedis/PipelineBase.java,src/main/java/redis/clients/jedis/PipelineBase.java.PipelineBase.georadiusByMember.Long Parameter List,2.8.0,5.0.0,5.1.0,35
jedis,2.10.0-m1,redis.clients.jedis,PipelineBase,georadiusByMemberReadonly,Long Parameter List,"designitejava,experts",src/main/java/redis/clients/jedis/PipelineBase.java,src/main/java/redis/clients/jedis/PipelineBase.java.PipelineBase.georadiusByMemberReadonly.Long Parameter List,2.10.0-m1,5.0.0,5.1.0,33
jedis,5.0.0,redis.clients.jedis,PipelineBase,georadiusByMemberStore,Long Parameter List,"designitejava,checkstyle,experts",src/main/java/redis/clients/jedis/PipelineBase.java,src/main/java/redis/clients/jedis/PipelineBase.java.PipelineBase.georadiusByMemberStore.Long Parameter List,5.0.0,5.0.0,5.1.0,1
jedis,2.10.0-m1,redis.clients.jedis,PipelineBase,georadiusReadonly,Long Parameter List,"designitejava,checkstyle,experts",src/main/java/redis/clients/jedis/PipelineBase.java,src/main/java/redis/clients/jedis/PipelineBase.java.PipelineBase.georadiusReadonly.Long Parameter List,2.10.0-m1,5.0.0,5.1.0,33
jedis,5.0.0,redis.clients.jedis,PipelineBase,georadiusStore,Long Parameter List,"designitejava,checkstyle,experts",src/main/java/redis/clients/jedis/PipelineBase.java,src/main/java/redis/clients/jedis/PipelineBase.java.PipelineBase.georadiusStore.Long Parameter List,5.0.0,5.0.0,5.1.0,1
jedis,5.0.0,redis.clients.jedis,PipelineBase,geosearch,Long Parameter List,"designitejava,experts",src/main/java/redis/clients/jedis/PipelineBase.java,src/main/java/redis/clients/jedis/PipelineBase.java.PipelineBase.geosearch.Long Parameter List,5.0.0,5.0.0,5.1.0,1
jedis,5.0.0,redis.clients.jedis,PipelineBase,geosearchStore,Long Parameter List,"designitejava,checkstyle,experts",src/main/java/redis/clients/jedis/PipelineBase.java,src/main/java/redis/clients/jedis/PipelineBase.java.PipelineBase.geosearchStore.Long Parameter List,5.0.0,5.0.0,5.1.0,1
jedis,2.2.0,redis.clients.jedis,PipelineBase,migrate,Long Parameter List,"designitejava,experts",src/main/java/redis/clients/jedis/PipelineBase.java,src/main/java/redis/clients/jedis/PipelineBase.java.PipelineBase.migrate.Long Parameter List,2.2.0,5.0.0,5.1.0,41
jedis,2.2.0,redis.clients.jedis,PipelineBase,set,Long Parameter List,"designitejava,experts",src/main/java/redis/clients/jedis/PipelineBase.java,src/main/java/redis/clients/jedis/PipelineBase.java.PipelineBase.set.Long Parameter List,2.2.0,2.10.0,3.0.0-m1,10
jedis,5.0.0,redis.clients.jedis,PipelineBase,topkReserve,Long Parameter List,"designitejava,experts",src/main/java/redis/clients/jedis/PipelineBase.java,src/main/java/redis/clients/jedis/PipelineBase.java.PipelineBase.topkReserve.Long Parameter List,5.0.0,5.0.0,5.1.0,1
jedis,5.0.0,redis.clients.jedis,PipelineBase,tsCreateRule,Long Parameter List,"designitejava,experts",src/main/java/redis/clients/jedis/PipelineBase.java,src/main/java/redis/clients/jedis/PipelineBase.java.PipelineBase.tsCreateRule.Long Parameter List,5.0.0,5.0.0,5.1.0,1
jedis,3.1.0-m1,redis.clients.jedis,PipelineBase,xadd,Long Parameter List,"designitejava,experts",src/main/java/redis/clients/jedis/PipelineBase.java,src/main/java/redis/clients/jedis/PipelineBase.java.PipelineBase.xadd.Long Parameter List,3.1.0-m1,3.10.0,4.0.0-beta1,14
jedis,3.7.0-RC1,redis.clients.jedis,PipelineBase,xautoclaim,Long Parameter List,"designitejava,checkstyle,experts",src/main/java/redis/clients/jedis/PipelineBase.java,src/main/java/redis/clients/jedis/PipelineBase.java.PipelineBase.xautoclaim.Long Parameter List,3.7.0-RC1,5.0.0,5.1.0,20
jedis,3.7.0-RC1,redis.clients.jedis,PipelineBase,xautoclaimJustId,Long Parameter List,"designitejava,checkstyle,experts",src/main/java/redis/clients/jedis/PipelineBase.java,src/main/java/redis/clients/jedis/PipelineBase.java.PipelineBase.xautoclaimJustId.Long Parameter List,3.7.0-RC1,5.0.0,5.1.0,20
jedis,3.1.0-m1,redis.clients.jedis,PipelineBase,xclaim,Long Parameter List,"designitejava,checkstyle,experts",src/main/java/redis/clients/jedis/PipelineBase.java,src/main/java/redis/clients/jedis/PipelineBase.java.PipelineBase.xclaim.Long Parameter List,3.1.0-m1,5.0.0,5.1.0,29
jedis,3.6.0-rc1,redis.clients.jedis,PipelineBase,xclaimJustId,Long Parameter List,"designitejava,checkstyle,experts",src/main/java/redis/clients/jedis/PipelineBase.java,src/main/java/redis/clients/jedis/PipelineBase.java.PipelineBase.xclaimJustId.Long Parameter List,3.6.0-rc1,5.0.0,5.1.0,22
jedis,3.1.0-m1,redis.clients.jedis,PipelineBase,xpending,Long Parameter List,"designitejava,checkstyle,experts",src/main/java/redis/clients/jedis/PipelineBase.java,src/main/java/redis/clients/jedis/PipelineBase.java.PipelineBase.xpending.Long Parameter List,3.1.0-m1,3.10.0,4.0.0-beta1,14
jedis,3.6.0-rc1,redis.clients.jedis,PipelineBase,xpendingBinary,Long Parameter List,"designitejava,experts",src/main/java/redis/clients/jedis/PipelineBase.java,src/main/java/redis/clients/jedis/PipelineBase.java.PipelineBase.xpendingBinary.Long Parameter List,3.6.0-rc1,3.10.0,4.0.0-beta1,7
jedis,2.6.0,redis.clients.jedis,PipelineBase,zrangeByLex,Long Parameter List,"designitejava,experts",src/main/java/redis/clients/jedis/PipelineBase.java,src/main/java/redis/clients/jedis/PipelineBase.java.PipelineBase.zrangeByLex.Long Parameter List,2.6.0,5.0.0,5.1.0,37
jedis,2.2.0,redis.clients.jedis,PipelineBase,zrangeByScore,Long Parameter List,"designitejava,experts",src/main/java/redis/clients/jedis/PipelineBase.java,src/main/java/redis/clients/jedis/PipelineBase.java.PipelineBase.zrangeByScore.Long Parameter List,2.2.0,5.0.0,5.1.0,41
jedis,2.2.0,redis.clients.jedis,PipelineBase,zrangeByScoreWithScores,Long Parameter List,"designitejava,experts",src/main/java/redis/clients/jedis/PipelineBase.java,src/main/java/redis/clients/jedis/PipelineBase.java.PipelineBase.zrangeByScoreWithScores.Long Parameter List,2.2.0,5.0.0,5.1.0,41
jedis,2.7.0,redis.clients.jedis,PipelineBase,zrevrangeByLex,Long Parameter List,"designitejava,experts",src/main/java/redis/clients/jedis/PipelineBase.java,src/main/java/redis/clients/jedis/PipelineBase.java.PipelineBase.zrevrangeByLex.Long Parameter List,2.7.0,5.0.0,5.1.0,36
jedis,2.2.0,redis.clients.jedis,PipelineBase,zrevrangeByScore,Long Parameter List,"designitejava,experts",src/main/java/redis/clients/jedis/PipelineBase.java,src/main/java/redis/clients/jedis/PipelineBase.java.PipelineBase.zrevrangeByScore.Long Parameter List,2.2.0,5.0.0,5.1.0,41
jedis,2.2.0,redis.clients.jedis,PipelineBase,zrevrangeByScoreWithScores,Long Parameter List,"designitejava,experts",src/main/java/redis/clients/jedis/PipelineBase.java,src/main/java/redis/clients/jedis/PipelineBase.java.PipelineBase.zrevrangeByScoreWithScores.Long Parameter List,2.2.0,5.0.0,5.1.0,41
jedis,1.5.0-RC1,redis.clients.jedis,PipelineBlock,,God Class,"pmd,checkstyle,experts",src/main/java/redis/clients/jedis/PipelineBlock.java,src/main/java/redis/clients/jedis/PipelineBlock.java.PipelineBlock..God Class,1.5.0-RC1,1.5.0,2.0.0,2
jedis,1.5.0-RC1,redis.clients.jedis,PipelineBlock,zrangeByScore,Long Parameter List,"designitejava,experts",src/main/java/redis/clients/jedis/PipelineBlock.java,src/main/java/redis/clients/jedis/PipelineBlock.java.PipelineBlock.zrangeByScore.Long Parameter List,1.5.0-RC1,1.5.0,2.0.0,2
jedis,1.5.0-RC1,redis.clients.jedis,PipelineBlock,zrangeByScoreWithScores,Long Parameter List,"designitejava,experts",src/main/java/redis/clients/jedis/PipelineBlock.java,src/main/java/redis/clients/jedis/PipelineBlock.java.PipelineBlock.zrangeByScoreWithScores.Long Parameter List,1.5.0-RC1,1.5.0,2.0.0,2
jedis,4.0.0-beta1,redis.clients.jedis,PipelinedTransactionBase,discard,Feature Envy,"designitejava,experts",src/main/java/redis/clients/jedis/PipelinedTransactionBase.java,src/main/java/redis/clients/jedis/PipelinedTransactionBase.java.PipelinedTransactionBase.discard.Feature Envy,4.0.0-beta1,4.0.0-beta1,4.0.0-RC1,1
jedis,4.0.0-beta1,redis.clients.jedis,PipelinedTransactionBase,exec,Feature Envy,"designitejava,experts",src/main/java/redis/clients/jedis/PipelinedTransactionBase.java,src/main/java/redis/clients/jedis/PipelinedTransactionBase.java.PipelinedTransactionBase.exec.Feature Envy,4.0.0-beta1,4.0.0-beta1,4.0.0-RC1,1
jedis,5.1.0,redis.clients.jedis,PipeliningBase,,God Class,"pmd,checkstyle,experts",src/main/java/redis/clients/jedis/PipeliningBase.java,src/main/java/redis/clients/jedis/PipeliningBase.java.PipeliningBase..God Class,5.1.0,5.3.0-beta1,5.3.0-beta1,5
jedis,5.1.0,redis.clients.jedis,PipeliningBase,blmove,Long Parameter List,"designitejava,experts",src/main/java/redis/clients/jedis/PipeliningBase.java,src/main/java/redis/clients/jedis/PipeliningBase.java.PipeliningBase.blmove.Long Parameter List,5.1.0,5.3.0-beta1,5.3.0-beta1,5
jedis,5.1.0,redis.clients.jedis,PipeliningBase,georadius,Long Parameter List,"designitejava,checkstyle,experts",src/main/java/redis/clients/jedis/PipeliningBase.java,src/main/java/redis/clients/jedis/PipeliningBase.java.PipeliningBase.georadius.Long Parameter List,5.1.0,5.3.0-beta1,5.3.0-beta1,5
jedis,5.1.0,redis.clients.jedis,PipeliningBase,georadiusByMember,Long Parameter List,"designitejava,experts",src/main/java/redis/clients/jedis/PipeliningBase.java,src/main/java/redis/clients/jedis/PipeliningBase.java.PipeliningBase.georadiusByMember.Long Parameter List,5.1.0,5.3.0-beta1,5.3.0-beta1,5
jedis,5.1.0,redis.clients.jedis,PipeliningBase,georadiusByMemberReadonly,Long Parameter List,"designitejava,experts",src/main/java/redis/clients/jedis/PipeliningBase.java,src/main/java/redis/clients/jedis/PipeliningBase.java.PipeliningBase.georadiusByMemberReadonly.Long Parameter List,5.1.0,5.3.0-beta1,5.3.0-beta1,5
jedis,5.1.0,redis.clients.jedis,PipeliningBase,georadiusByMemberStore,Long Parameter List,"designitejava,checkstyle,experts",src/main/java/redis/clients/jedis/PipeliningBase.java,src/main/java/redis/clients/jedis/PipeliningBase.java.PipeliningBase.georadiusByMemberStore.Long Parameter List,5.1.0,5.3.0-beta1,5.3.0-beta1,5
jedis,5.1.0,redis.clients.jedis,PipeliningBase,georadiusReadonly,Long Parameter List,"designitejava,checkstyle,experts",src/main/java/redis/clients/jedis/PipeliningBase.java,src/main/java/redis/clients/jedis/PipeliningBase.java.PipeliningBase.georadiusReadonly.Long Parameter List,5.1.0,5.3.0-beta1,5.3.0-beta1,5
jedis,5.1.0,redis.clients.jedis,PipeliningBase,georadiusStore,Long Parameter List,"designitejava,checkstyle,experts",src/main/java/redis/clients/jedis/PipeliningBase.java,src/main/java/redis/clients/jedis/PipeliningBase.java.PipeliningBase.georadiusStore.Long Parameter List,5.1.0,5.3.0-beta1,5.3.0-beta1,5
jedis,5.1.0,redis.clients.jedis,PipeliningBase,geosearch,Long Parameter List,"designitejava,experts",src/main/java/redis/clients/jedis/PipeliningBase.java,src/main/java/redis/clients/jedis/PipeliningBase.java.PipeliningBase.geosearch.Long Parameter List,5.1.0,5.3.0-beta1,5.3.0-beta1,5
jedis,5.1.0,redis.clients.jedis,PipeliningBase,geosearchStore,Long Parameter List,"designitejava,checkstyle,experts",src/main/java/redis/clients/jedis/PipeliningBase.java,src/main/java/redis/clients/jedis/PipeliningBase.java.PipeliningBase.geosearchStore.Long Parameter List,5.1.0,5.3.0-beta1,5.3.0-beta1,5
jedis,5.1.0,redis.clients.jedis,PipeliningBase,migrate,Long Parameter List,"designitejava,experts",src/main/java/redis/clients/jedis/PipeliningBase.java,src/main/java/redis/clients/jedis/PipeliningBase.java.PipeliningBase.migrate.Long Parameter List,5.1.0,5.3.0-beta1,5.3.0-beta1,5
jedis,5.1.0,redis.clients.jedis,PipeliningBase,topkReserve,Long Parameter List,"designitejava,experts",src/main/java/redis/clients/jedis/PipeliningBase.java,src/main/java/redis/clients/jedis/PipeliningBase.java.PipeliningBase.topkReserve.Long Parameter List,5.1.0,5.3.0-beta1,5.3.0-beta1,5
jedis,5.1.0,redis.clients.jedis,PipeliningBase,tsCreateRule,Long Parameter List,"designitejava,experts",src/main/java/redis/clients/jedis/PipeliningBase.java,src/main/java/redis/clients/jedis/PipeliningBase.java.PipeliningBase.tsCreateRule.Long Parameter List,5.1.0,5.3.0-beta1,5.3.0-beta1,5
jedis,5.1.0,redis.clients.jedis,PipeliningBase,xautoclaim,Long Parameter List,"designitejava,checkstyle,experts",src/main/java/redis/clients/jedis/PipeliningBase.java,src/main/java/redis/clients/jedis/PipeliningBase.java.PipeliningBase.xautoclaim.Long Parameter List,5.1.0,5.3.0-beta1,5.3.0-beta1,5
jedis,5.1.0,redis.clients.jedis,PipeliningBase,xautoclaimJustId,Long Parameter List,"designitejava,checkstyle,experts",src/main/java/redis/clients/jedis/PipeliningBase.java,src/main/java/redis/clients/jedis/PipeliningBase.java.PipeliningBase.xautoclaimJustId.Long Parameter List,5.1.0,5.3.0-beta1,5.3.0-beta1,5
jedis,5.1.0,redis.clients.jedis,PipeliningBase,xclaim,Long Parameter List,"designitejava,checkstyle,experts",src/main/java/redis/clients/jedis/PipeliningBase.java,src/main/java/redis/clients/jedis/PipeliningBase.java.PipeliningBase.xclaim.Long Parameter List,5.1.0,5.3.0-beta1,5.3.0-beta1,5
jedis,5.1.0,redis.clients.jedis,PipeliningBase,xclaimJustId,Long Parameter List,"designitejava,checkstyle,experts",src/main/java/redis/clients/jedis/PipeliningBase.java,src/main/java/redis/clients/jedis/PipeliningBase.java.PipeliningBase.xclaimJustId.Long Parameter List,5.1.0,5.3.0-beta1,5.3.0-beta1,5
jedis,5.1.0,redis.clients.jedis,PipeliningBase,zrangeByLex,Long Parameter List,"designitejava,experts",src/main/java/redis/clients/jedis/PipeliningBase.java,src/main/java/redis/clients/jedis/PipeliningBase.java.PipeliningBase.zrangeByLex.Long Parameter List,5.1.0,5.3.0-beta1,5.3.0-beta1,5
jedis,5.1.0,redis.clients.jedis,PipeliningBase,zrangeByScore,Long Parameter List,"designitejava,experts",src/main/java/redis/clients/jedis/PipeliningBase.java,src/main/java/redis/clients/jedis/PipeliningBase.java.PipeliningBase.zrangeByScore.Long Parameter List,5.1.0,5.3.0-beta1,5.3.0-beta1,5
jedis,5.1.0,redis.clients.jedis,PipeliningBase,zrangeByScoreWithScores,Long Parameter List,"designitejava,experts",src/main/java/redis/clients/jedis/PipeliningBase.java,src/main/java/redis/clients/jedis/PipeliningBase.java.PipeliningBase.zrangeByScoreWithScores.Long Parameter List,5.1.0,5.3.0-beta1,5.3.0-beta1,5
jedis,5.1.0,redis.clients.jedis,PipeliningBase,zrevrangeByLex,Long Parameter List,"designitejava,experts",src/main/java/redis/clients/jedis/PipeliningBase.java,src/main/java/redis/clients/jedis/PipeliningBase.java.PipeliningBase.zrevrangeByLex.Long Parameter List,5.1.0,5.3.0-beta1,5.3.0-beta1,5
jedis,5.1.0,redis.clients.jedis,PipeliningBase,zrevrangeByScore,Long Parameter List,"designitejava,experts",src/main/java/redis/clients/jedis/PipeliningBase.java,src/main/java/redis/clients/jedis/PipeliningBase.java.PipeliningBase.zrevrangeByScore.Long Parameter List,5.1.0,5.3.0-beta1,5.3.0-beta1,5
jedis,5.1.0,redis.clients.jedis,PipeliningBase,zrevrangeByScoreWithScores,Long Parameter List,"designitejava,experts",src/main/java/redis/clients/jedis/PipeliningBase.java,src/main/java/redis/clients/jedis/PipeliningBase.java.PipeliningBase.zrevrangeByScoreWithScores.Long Parameter List,5.1.0,5.3.0-beta1,5.3.0-beta1,5
jedis,1.4.0,redis.clients.jedis,Protocol,,God Class,"pmd,experts",src/main/java/redis/clients/jedis/Protocol.java,src/main/java/redis/clients/jedis/Protocol.java.Protocol..God Class,1.4.0,5.3.0-beta1,5.3.0-beta1,51
jedis,5.0.0-alpha1,redis.clients.jedis,Protocol,process,Complex Method,"designitejava,checkstyle,experts",src/main/java/redis/clients/jedis/Protocol.java,src/main/java/redis/clients/jedis/Protocol.java.Protocol.process.Complex Method,5.0.0-alpha1,5.3.0-beta1,5.3.0-beta1,8
jedis,5.0.0-alpha1,redis.clients.jedis,Protocol,process,Feature Envy,"checkstyle,experts",src/main/java/redis/clients/jedis/Protocol.java,src/main/java/redis/clients/jedis/Protocol.java.Protocol.process.Feature Envy,5.0.0-alpha1,5.3.0-beta1,5.3.0-beta1,8
jedis,1.5.0-RC1,redis.clients.jedis,Protocol,process,Long Method,"Decor,experts",src/main/java/redis/clients/jedis/Protocol.java,src/main/java/redis/clients/jedis/Protocol.java.Protocol.process.Long Method,1.5.0-RC1,5.3.0-beta1,5.3.0-beta1,50
jedis,1.0.0,redis.clients.jedis,Protocol,processBulkReply,Feature Envy,"checkstyle,experts",src/main/java/redis/clients/jedis/Protocol.java,src/main/java/redis/clients/jedis/Protocol.java.Protocol.processBulkReply.Feature Envy,1.0.0,5.3.0-beta1,5.3.0-beta1,53
jedis,3.3.0,redis.clients.jedis,Protocol,processError,Complex Method,"designitejava,experts",src/main/java/redis/clients/jedis/Protocol.java,src/main/java/redis/clients/jedis/Protocol.java.Protocol.processError.Complex Method,3.3.0,5.2.0-alpha1,5.2.0-beta1,27
jedis,3.3.0,redis.clients.jedis,Protocol,processError,Long Method,"Decor,experts",src/main/java/redis/clients/jedis/Protocol.java,src/main/java/redis/clients/jedis/Protocol.java.Protocol.processError.Long Method,3.3.0,5.2.0-alpha1,5.2.0-beta1,27
jedis,1.0.0,redis.clients.jedis,Protocol,sendCommand,Feature Envy,"checkstyle,experts",src/main/java/redis/clients/jedis/Protocol.java,src/main/java/redis/clients/jedis/Protocol.java.Protocol.sendCommand.Feature Envy,1.0.0,5.3.0-beta1,5.3.0-beta1,53
jedis,4.0.0-beta1,redis.clients.jedis,RedisClusterCommandObjects,,God Class,"pmd,experts",src/main/java/redis/clients/jedis/RedisClusterCommandObjects.java,src/main/java/redis/clients/jedis/RedisClusterCommandObjects.java.RedisClusterCommandObjects..God Class,4.0.0-beta1,4.0.0-beta1,4.0.0-RC1,1
jedis,4.0.0-beta1,redis.clients.jedis,RedisCommandObjects,,God Class,"pmd,checkstyle,experts",src/main/java/redis/clients/jedis/RedisCommandObjects.java,src/main/java/redis/clients/jedis/RedisCommandObjects.java.RedisCommandObjects..God Class,4.0.0-beta1,4.0.0-beta1,4.0.0-RC1,1
jedis,4.0.0-beta1,redis.clients.jedis,RedisCommandObjects,blmove,Long Parameter List,"designitejava,experts",src/main/java/redis/clients/jedis/RedisCommandObjects.java,src/main/java/redis/clients/jedis/RedisCommandObjects.java.RedisCommandObjects.blmove.Long Parameter List,4.0.0-beta1,4.0.0-beta1,4.0.0-RC1,1
jedis,4.0.0-beta1,redis.clients.jedis,RedisCommandObjects,ftSearch,Feature Envy,"checkstyle,experts",src/main/java/redis/clients/jedis/RedisCommandObjects.java,src/main/java/redis/clients/jedis/RedisCommandObjects.java.RedisCommandObjects.ftSearch.Feature Envy,4.0.0-beta1,4.0.0-beta1,4.0.0-RC1,1
jedis,4.0.0-beta1,redis.clients.jedis,RedisCommandObjects,georadius,Long Parameter List,"designitejava,checkstyle,experts",src/main/java/redis/clients/jedis/RedisCommandObjects.java,src/main/java/redis/clients/jedis/RedisCommandObjects.java.RedisCommandObjects.georadius.Long Parameter List,4.0.0-beta1,4.0.0-beta1,4.0.0-RC1,1
jedis,4.0.0-beta1,redis.clients.jedis,RedisCommandObjects,georadiusByMember,Long Parameter List,"designitejava,experts",src/main/java/redis/clients/jedis/RedisCommandObjects.java,src/main/java/redis/clients/jedis/RedisCommandObjects.java.RedisCommandObjects.georadiusByMember.Long Parameter List,4.0.0-beta1,4.0.0-beta1,4.0.0-RC1,1
jedis,4.0.0-beta1,redis.clients.jedis,RedisCommandObjects,georadiusByMemberReadonly,Long Parameter List,"designitejava,experts",src/main/java/redis/clients/jedis/RedisCommandObjects.java,src/main/java/redis/clients/jedis/RedisCommandObjects.java.RedisCommandObjects.georadiusByMemberReadonly.Long Parameter List,4.0.0-beta1,4.0.0-beta1,4.0.0-RC1,1
jedis,4.0.0-beta1,redis.clients.jedis,RedisCommandObjects,georadiusByMemberStore,Long Parameter List,"designitejava,checkstyle,experts",src/main/java/redis/clients/jedis/RedisCommandObjects.java,src/main/java/redis/clients/jedis/RedisCommandObjects.java.RedisCommandObjects.georadiusByMemberStore.Long Parameter List,4.0.0-beta1,4.0.0-beta1,4.0.0-RC1,1
jedis,4.0.0-beta1,redis.clients.jedis,RedisCommandObjects,georadiusReadonly,Long Parameter List,"designitejava,checkstyle,experts",src/main/java/redis/clients/jedis/RedisCommandObjects.java,src/main/java/redis/clients/jedis/RedisCommandObjects.java.RedisCommandObjects.georadiusReadonly.Long Parameter List,4.0.0-beta1,4.0.0-beta1,4.0.0-RC1,1
jedis,4.0.0-beta1,redis.clients.jedis,RedisCommandObjects,georadiusStore,Long Parameter List,"designitejava,checkstyle,experts",src/main/java/redis/clients/jedis/RedisCommandObjects.java,src/main/java/redis/clients/jedis/RedisCommandObjects.java.RedisCommandObjects.georadiusStore.Long Parameter List,4.0.0-beta1,4.0.0-beta1,4.0.0-RC1,1
jedis,4.0.0-beta1,redis.clients.jedis,RedisCommandObjects,migrate,Long Parameter List,"designitejava,experts",src/main/java/redis/clients/jedis/RedisCommandObjects.java,src/main/java/redis/clients/jedis/RedisCommandObjects.java.RedisCommandObjects.migrate.Long Parameter List,4.0.0-beta1,4.0.0-beta1,4.0.0-RC1,1
jedis,4.0.0-beta1,redis.clients.jedis,RedisCommandObjects,xautoclaim,Long Parameter List,"designitejava,checkstyle,experts",src/main/java/redis/clients/jedis/RedisCommandObjects.java,src/main/java/redis/clients/jedis/RedisCommandObjects.java.RedisCommandObjects.xautoclaim.Long Parameter List,4.0.0-beta1,4.0.0-beta1,4.0.0-RC1,1
jedis,4.0.0-beta1,redis.clients.jedis,RedisCommandObjects,xautoclaimJustId,Long Parameter List,"designitejava,checkstyle,experts",src/main/java/redis/clients/jedis/RedisCommandObjects.java,src/main/java/redis/clients/jedis/RedisCommandObjects.java.RedisCommandObjects.xautoclaimJustId.Long Parameter List,4.0.0-beta1,4.0.0-beta1,4.0.0-RC1,1
jedis,4.0.0-beta1,redis.clients.jedis,RedisCommandObjects,xclaim,Long Parameter List,"designitejava,checkstyle,experts",src/main/java/redis/clients/jedis/RedisCommandObjects.java,src/main/java/redis/clients/jedis/RedisCommandObjects.java.RedisCommandObjects.xclaim.Long Parameter List,4.0.0-beta1,4.0.0-beta1,4.0.0-RC1,1
jedis,4.0.0-beta1,redis.clients.jedis,RedisCommandObjects,xclaimJustId,Long Parameter List,"designitejava,checkstyle,experts",src/main/java/redis/clients/jedis/RedisCommandObjects.java,src/main/java/redis/clients/jedis/RedisCommandObjects.java.RedisCommandObjects.xclaimJustId.Long Parameter List,4.0.0-beta1,4.0.0-beta1,4.0.0-RC1,1
jedis,4.0.0-beta1,redis.clients.jedis,RedisCommandObjects,xpending,Long Parameter List,"designitejava,checkstyle,experts",src/main/java/redis/clients/jedis/RedisCommandObjects.java,src/main/java/redis/clients/jedis/RedisCommandObjects.java.RedisCommandObjects.xpending.Long Parameter List,4.0.0-beta1,4.0.0-beta1,4.0.0-RC1,1
jedis,4.0.0-beta1,redis.clients.jedis,RedisCommandObjects,zrangeByLex,Long Parameter List,"designitejava,experts",src/main/java/redis/clients/jedis/RedisCommandObjects.java,src/main/java/redis/clients/jedis/RedisCommandObjects.java.RedisCommandObjects.zrangeByLex.Long Parameter List,4.0.0-beta1,4.0.0-beta1,4.0.0-RC1,1
jedis,4.0.0-beta1,redis.clients.jedis,RedisCommandObjects,zrangeByScore,Long Parameter List,"designitejava,experts",src/main/java/redis/clients/jedis/RedisCommandObjects.java,src/main/java/redis/clients/jedis/RedisCommandObjects.java.RedisCommandObjects.zrangeByScore.Long Parameter List,4.0.0-beta1,4.0.0-beta1,4.0.0-RC1,1
jedis,4.0.0-beta1,redis.clients.jedis,RedisCommandObjects,zrangeByScoreWithScores,Long Parameter List,"designitejava,experts",src/main/java/redis/clients/jedis/RedisCommandObjects.java,src/main/java/redis/clients/jedis/RedisCommandObjects.java.RedisCommandObjects.zrangeByScoreWithScores.Long Parameter List,4.0.0-beta1,4.0.0-beta1,4.0.0-RC1,1
jedis,4.0.0-beta1,redis.clients.jedis,RedisCommandObjects,zrevrangeByLex,Long Parameter List,"designitejava,experts",src/main/java/redis/clients/jedis/RedisCommandObjects.java,src/main/java/redis/clients/jedis/RedisCommandObjects.java.RedisCommandObjects.zrevrangeByLex.Long Parameter List,4.0.0-beta1,4.0.0-beta1,4.0.0-RC1,1
jedis,4.0.0-beta1,redis.clients.jedis,RedisCommandObjects,zrevrangeByScore,Long Parameter List,"designitejava,experts",src/main/java/redis/clients/jedis/RedisCommandObjects.java,src/main/java/redis/clients/jedis/RedisCommandObjects.java.RedisCommandObjects.zrevrangeByScore.Long Parameter List,4.0.0-beta1,4.0.0-beta1,4.0.0-RC1,1
jedis,4.0.0-beta1,redis.clients.jedis,RedisCommandObjects,zrevrangeByScoreWithScores,Long Parameter List,"designitejava,experts",src/main/java/redis/clients/jedis/RedisCommandObjects.java,src/main/java/redis/clients/jedis/RedisCommandObjects.java.RedisCommandObjects.zrevrangeByScoreWithScores.Long Parameter List,4.0.0-beta1,4.0.0-beta1,4.0.0-RC1,1
jedis,2.2.0,redis.clients.jedis,RedisPipeline,,God Class,"pmd,checkstyle,experts",src/main/java/redis/clients/jedis/RedisPipeline.java,src/main/java/redis/clients/jedis/RedisPipeline.java.RedisPipeline..God Class,2.2.0,2.10.0,3.0.0-m1,10
jedis,2.9.0,redis.clients.jedis,RedisPipeline,georadius,Long Parameter List,"designitejava,checkstyle,experts",src/main/java/redis/clients/jedis/RedisPipeline.java,src/main/java/redis/clients/jedis/RedisPipeline.java.RedisPipeline.georadius.Long Parameter List,2.9.0,2.10.0,3.0.0-m1,3
jedis,2.9.0,redis.clients.jedis,RedisPipeline,georadiusByMember,Long Parameter List,"designitejava,experts",src/main/java/redis/clients/jedis/RedisPipeline.java,src/main/java/redis/clients/jedis/RedisPipeline.java.RedisPipeline.georadiusByMember.Long Parameter List,2.9.0,2.10.0,3.0.0-m1,3
jedis,2.10.0-m1,redis.clients.jedis,RedisPipeline,georadiusByMemberReadonly,Long Parameter List,"designitejava,experts",src/main/java/redis/clients/jedis/RedisPipeline.java,src/main/java/redis/clients/jedis/RedisPipeline.java.RedisPipeline.georadiusByMemberReadonly.Long Parameter List,2.10.0-m1,2.10.0,3.0.0-m1,2
jedis,2.10.0-m1,redis.clients.jedis,RedisPipeline,georadiusReadonly,Long Parameter List,"designitejava,checkstyle,experts",src/main/java/redis/clients/jedis/RedisPipeline.java,src/main/java/redis/clients/jedis/RedisPipeline.java.RedisPipeline.georadiusReadonly.Long Parameter List,2.10.0-m1,2.10.0,3.0.0-m1,2
jedis,2.10.0-m1,redis.clients.jedis,RedisPipeline,migrate,Long Parameter List,"designitejava,experts",src/main/java/redis/clients/jedis/RedisPipeline.java,src/main/java/redis/clients/jedis/RedisPipeline.java.RedisPipeline.migrate.Long Parameter List,2.10.0-m1,2.10.0,3.0.0-m1,2
jedis,2.6.0,redis.clients.jedis,RedisPipeline,zrangeByLex,Long Parameter List,"designitejava,experts",src/main/java/redis/clients/jedis/RedisPipeline.java,src/main/java/redis/clients/jedis/RedisPipeline.java.RedisPipeline.zrangeByLex.Long Parameter List,2.6.0,2.10.0,3.0.0-m1,6
jedis,2.2.0,redis.clients.jedis,RedisPipeline,zrangeByScore,Long Parameter List,"designitejava,experts",src/main/java/redis/clients/jedis/RedisPipeline.java,src/main/java/redis/clients/jedis/RedisPipeline.java.RedisPipeline.zrangeByScore.Long Parameter List,2.2.0,2.10.0,3.0.0-m1,10
jedis,2.2.0,redis.clients.jedis,RedisPipeline,zrangeByScoreWithScores,Long Parameter List,"designitejava,experts",src/main/java/redis/clients/jedis/RedisPipeline.java,src/main/java/redis/clients/jedis/RedisPipeline.java.RedisPipeline.zrangeByScoreWithScores.Long Parameter List,2.2.0,2.10.0,3.0.0-m1,10
jedis,2.7.0,redis.clients.jedis,RedisPipeline,zrevrangeByLex,Long Parameter List,"designitejava,experts",src/main/java/redis/clients/jedis/RedisPipeline.java,src/main/java/redis/clients/jedis/RedisPipeline.java.RedisPipeline.zrevrangeByLex.Long Parameter List,2.7.0,2.10.0,3.0.0-m1,5
jedis,2.2.0,redis.clients.jedis,RedisPipeline,zrevrangeByScore,Long Parameter List,"designitejava,experts",src/main/java/redis/clients/jedis/RedisPipeline.java,src/main/java/redis/clients/jedis/RedisPipeline.java.RedisPipeline.zrevrangeByScore.Long Parameter List,2.2.0,2.10.0,3.0.0-m1,10
jedis,2.2.0,redis.clients.jedis,RedisPipeline,zrevrangeByScoreWithScores,Long Parameter List,"designitejava,experts",src/main/java/redis/clients/jedis/RedisPipeline.java,src/main/java/redis/clients/jedis/RedisPipeline.java.RedisPipeline.zrevrangeByScoreWithScores.Long Parameter List,2.2.0,2.10.0,3.0.0-m1,10
jedis,4.0.0-beta1,redis.clients.jedis,ReliableTransaction,,God Class,"pmd,checkstyle,experts",src/main/java/redis/clients/jedis/ReliableTransaction.java,src/main/java/redis/clients/jedis/ReliableTransaction.java.ReliableTransaction..God Class,4.0.0-beta1,4.0.0-beta1,4.0.0-RC1,1
jedis,4.0.0-beta1,redis.clients.jedis,ReliableTransaction,blmove,Long Parameter List,"designitejava,experts",src/main/java/redis/clients/jedis/ReliableTransaction.java,src/main/java/redis/clients/jedis/ReliableTransaction.java.ReliableTransaction.blmove.Long Parameter List,4.0.0-beta1,4.0.0-beta1,4.0.0-RC1,1
jedis,5.1.0,redis.clients.jedis,ReliableTransaction,exec,Long Method,"Decor,experts",src/main/java/redis/clients/jedis/ReliableTransaction.java,src/main/java/redis/clients/jedis/ReliableTransaction.java.ReliableTransaction.exec.Long Method,5.1.0,5.3.0-beta1,5.3.0-beta1,5
jedis,4.0.0-beta1,redis.clients.jedis,ReliableTransaction,georadius,Long Parameter List,"designitejava,checkstyle,experts",src/main/java/redis/clients/jedis/ReliableTransaction.java,src/main/java/redis/clients/jedis/ReliableTransaction.java.ReliableTransaction.georadius.Long Parameter List,4.0.0-beta1,4.0.0-beta1,4.0.0-RC1,1
jedis,4.0.0-beta1,redis.clients.jedis,ReliableTransaction,georadiusByMember,Long Parameter List,"designitejava,experts",src/main/java/redis/clients/jedis/ReliableTransaction.java,src/main/java/redis/clients/jedis/ReliableTransaction.java.ReliableTransaction.georadiusByMember.Long Parameter List,4.0.0-beta1,4.0.0-beta1,4.0.0-RC1,1
jedis,4.0.0-beta1,redis.clients.jedis,ReliableTransaction,georadiusByMemberReadonly,Long Parameter List,"designitejava,experts",src/main/java/redis/clients/jedis/ReliableTransaction.java,src/main/java/redis/clients/jedis/ReliableTransaction.java.ReliableTransaction.georadiusByMemberReadonly.Long Parameter List,4.0.0-beta1,4.0.0-beta1,4.0.0-RC1,1
jedis,4.0.0-beta1,redis.clients.jedis,ReliableTransaction,georadiusByMemberStore,Long Parameter List,"designitejava,checkstyle,experts",src/main/java/redis/clients/jedis/ReliableTransaction.java,src/main/java/redis/clients/jedis/ReliableTransaction.java.ReliableTransaction.georadiusByMemberStore.Long Parameter List,4.0.0-beta1,4.0.0-beta1,4.0.0-RC1,1
jedis,4.0.0-beta1,redis.clients.jedis,ReliableTransaction,georadiusReadonly,Long Parameter List,"designitejava,checkstyle,experts",src/main/java/redis/clients/jedis/ReliableTransaction.java,src/main/java/redis/clients/jedis/ReliableTransaction.java.ReliableTransaction.georadiusReadonly.Long Parameter List,4.0.0-beta1,4.0.0-beta1,4.0.0-RC1,1
jedis,4.0.0-beta1,redis.clients.jedis,ReliableTransaction,georadiusStore,Long Parameter List,"designitejava,checkstyle,experts",src/main/java/redis/clients/jedis/ReliableTransaction.java,src/main/java/redis/clients/jedis/ReliableTransaction.java.ReliableTransaction.georadiusStore.Long Parameter List,4.0.0-beta1,4.0.0-beta1,4.0.0-RC1,1
jedis,4.0.0-beta1,redis.clients.jedis,ReliableTransaction,migrate,Long Parameter List,"designitejava,experts",src/main/java/redis/clients/jedis/ReliableTransaction.java,src/main/java/redis/clients/jedis/ReliableTransaction.java.ReliableTransaction.migrate.Long Parameter List,4.0.0-beta1,4.0.0-beta1,4.0.0-RC1,1
jedis,4.0.0-beta1,redis.clients.jedis,ReliableTransaction,xautoclaim,Long Parameter List,"designitejava,checkstyle,experts",src/main/java/redis/clients/jedis/ReliableTransaction.java,src/main/java/redis/clients/jedis/ReliableTransaction.java.ReliableTransaction.xautoclaim.Long Parameter List,4.0.0-beta1,4.0.0-beta1,4.0.0-RC1,1
jedis,4.0.0-beta1,redis.clients.jedis,ReliableTransaction,xautoclaimJustId,Long Parameter List,"designitejava,checkstyle,experts",src/main/java/redis/clients/jedis/ReliableTransaction.java,src/main/java/redis/clients/jedis/ReliableTransaction.java.ReliableTransaction.xautoclaimJustId.Long Parameter List,4.0.0-beta1,4.0.0-beta1,4.0.0-RC1,1
jedis,4.0.0-beta1,redis.clients.jedis,ReliableTransaction,xclaim,Long Parameter List,"designitejava,checkstyle,experts",src/main/java/redis/clients/jedis/ReliableTransaction.java,src/main/java/redis/clients/jedis/ReliableTransaction.java.ReliableTransaction.xclaim.Long Parameter List,4.0.0-beta1,4.0.0-beta1,4.0.0-RC1,1
jedis,4.0.0-beta1,redis.clients.jedis,ReliableTransaction,xclaimJustId,Long Parameter List,"designitejava,checkstyle,experts",src/main/java/redis/clients/jedis/ReliableTransaction.java,src/main/java/redis/clients/jedis/ReliableTransaction.java.ReliableTransaction.xclaimJustId.Long Parameter List,4.0.0-beta1,4.0.0-beta1,4.0.0-RC1,1
jedis,4.0.0-beta1,redis.clients.jedis,ReliableTransaction,xpending,Long Parameter List,"designitejava,checkstyle,experts",src/main/java/redis/clients/jedis/ReliableTransaction.java,src/main/java/redis/clients/jedis/ReliableTransaction.java.ReliableTransaction.xpending.Long Parameter List,4.0.0-beta1,4.0.0-beta1,4.0.0-RC1,1
jedis,4.0.0-beta1,redis.clients.jedis,ReliableTransaction,zrangeByLex,Long Parameter List,"designitejava,experts",src/main/java/redis/clients/jedis/ReliableTransaction.java,src/main/java/redis/clients/jedis/ReliableTransaction.java.ReliableTransaction.zrangeByLex.Long Parameter List,4.0.0-beta1,4.0.0-beta1,4.0.0-RC1,1
jedis,4.0.0-beta1,redis.clients.jedis,ReliableTransaction,zrangeByScore,Long Parameter List,"designitejava,experts",src/main/java/redis/clients/jedis/ReliableTransaction.java,src/main/java/redis/clients/jedis/ReliableTransaction.java.ReliableTransaction.zrangeByScore.Long Parameter List,4.0.0-beta1,4.0.0-beta1,4.0.0-RC1,1
jedis,4.0.0-beta1,redis.clients.jedis,ReliableTransaction,zrangeByScoreWithScores,Long Parameter List,"designitejava,experts",src/main/java/redis/clients/jedis/ReliableTransaction.java,src/main/java/redis/clients/jedis/ReliableTransaction.java.ReliableTransaction.zrangeByScoreWithScores.Long Parameter List,4.0.0-beta1,4.0.0-beta1,4.0.0-RC1,1
jedis,4.0.0-beta1,redis.clients.jedis,ReliableTransaction,zrevrangeByLex,Long Parameter List,"designitejava,experts",src/main/java/redis/clients/jedis/ReliableTransaction.java,src/main/java/redis/clients/jedis/ReliableTransaction.java.ReliableTransaction.zrevrangeByLex.Long Parameter List,4.0.0-beta1,4.0.0-beta1,4.0.0-RC1,1
jedis,4.0.0-beta1,redis.clients.jedis,ReliableTransaction,zrevrangeByScore,Long Parameter List,"designitejava,experts",src/main/java/redis/clients/jedis/ReliableTransaction.java,src/main/java/redis/clients/jedis/ReliableTransaction.java.ReliableTransaction.zrevrangeByScore.Long Parameter List,4.0.0-beta1,4.0.0-beta1,4.0.0-RC1,1
jedis,4.0.0-beta1,redis.clients.jedis,ReliableTransaction,zrevrangeByScoreWithScores,Long Parameter List,"designitejava,experts",src/main/java/redis/clients/jedis/ReliableTransaction.java,src/main/java/redis/clients/jedis/ReliableTransaction.java.ReliableTransaction.zrevrangeByScoreWithScores.Long Parameter List,4.0.0-beta1,4.0.0-beta1,4.0.0-RC1,1
jedis,4.0.0-beta1,redis.clients.jedis,ReliableTransactionBase,appendCommand,Feature Envy,"designitejava,experts",src/main/java/redis/clients/jedis/ReliableTransactionBase.java,src/main/java/redis/clients/jedis/ReliableTransactionBase.java.ReliableTransactionBase.appendCommand.Feature Envy,4.0.0-beta1,4.0.0-beta1,4.0.0-RC1,1
jedis,4.0.0-beta1,redis.clients.jedis,ReliableTransactionBase,executeMulti,Feature Envy,"designitejava,experts",src/main/java/redis/clients/jedis/ReliableTransactionBase.java,src/main/java/redis/clients/jedis/ReliableTransactionBase.java.ReliableTransactionBase.executeMulti.Feature Envy,4.0.0-beta1,4.0.0-beta1,4.0.0-RC1,1
jedis,4.0.0-beta1,redis.clients.jedis,RetryableClusterCommandExecutor,executeCommand,Complex Method,"designitejava,pmd,checkstyle,experts",src/main/java/redis/clients/jedis/RetryableClusterCommandExecutor.java,src/main/java/redis/clients/jedis/RetryableClusterCommandExecutor.java.RetryableClusterCommandExecutor.executeCommand.Complex Method,4.0.0-beta1,4.0.0-beta1,4.0.0-RC1,1
jedis,4.0.0-beta1,redis.clients.jedis,RetryableCommandExecutor,executeCommand,Long Method,"Decor,experts",src/main/java/redis/clients/jedis/RetryableCommandExecutor.java,src/main/java/redis/clients/jedis/RetryableCommandExecutor.java.RetryableCommandExecutor.executeCommand.Long Method,4.0.0-beta1,4.0.0-beta1,4.0.0-RC1,1
jedis,5.2.0,redis.clients.jedis,SSLSocketWrapper,,God Class,"pmd,experts",src/main/java/redis/clients/jedis/SSLSocketWrapper.java,src/main/java/redis/clients/jedis/SSLSocketWrapper.java.SSLSocketWrapper..God Class,5.2.0,5.3.0-beta1,5.3.0-beta1,2
jedis,4.0.0-RC1,redis.clients.jedis,Sentinel,,God Class,"pmd,experts",src/main/java/redis/clients/jedis/Sentinel.java,src/main/java/redis/clients/jedis/Sentinel.java.Sentinel..God Class,4.0.0-RC1,4.0.0-RC1,4.0.0,1
jedis,4.0.0-RC1,redis.clients.jedis,Sentinel,Sentinel,Feature Envy,"checkstyle,experts",src/main/java/redis/clients/jedis/Sentinel.java,src/main/java/redis/clients/jedis/Sentinel.java.Sentinel.Sentinel.Feature Envy,4.0.0-RC1,4.0.0-RC1,4.0.0,1
jedis,4.0.0-RC1,redis.clients.jedis,Sentinel,Sentinel,Long Parameter List,"designitejava,experts",src/main/java/redis/clients/jedis/Sentinel.java,src/main/java/redis/clients/jedis/Sentinel.java.Sentinel.Sentinel.Long Parameter List,4.0.0-RC1,4.0.0-RC1,4.0.0,1
jedis,4.0.0-RC1,redis.clients.jedis,Sentinel,psubscribe,Feature Envy,"designitejava,experts",src/main/java/redis/clients/jedis/Sentinel.java,src/main/java/redis/clients/jedis/Sentinel.java.Sentinel.psubscribe.Feature Envy,4.0.0-RC1,4.0.0-RC1,4.0.0,1
jedis,4.0.0-RC1,redis.clients.jedis,Sentinel,subscribe,Feature Envy,"designitejava,experts",src/main/java/redis/clients/jedis/Sentinel.java,src/main/java/redis/clients/jedis/Sentinel.java.Sentinel.subscribe.Feature Envy,4.0.0-RC1,4.0.0-RC1,4.0.0,1
jedis,4.0.0-RC1,redis.clients.jedis,ShardedCommandObjects,,God Class,"pmd,experts",src/main/java/redis/clients/jedis/ShardedCommandObjects.java,src/main/java/redis/clients/jedis/ShardedCommandObjects.java.ShardedCommandObjects..God Class,4.0.0-RC1,5.3.0-beta1,5.3.0-beta1,19
jedis,1.0.0,redis.clients.jedis,ShardedJedis,,God Class,"pmd,experts",src/main/java/redis/clients/jedis/ShardedJedis.java,src/main/java/redis/clients/jedis/ShardedJedis.java.ShardedJedis..God Class,1.0.0,3.10.0,4.0.0-beta1,33
jedis,1.0.0,redis.clients.jedis,ShardedJedis,create,Feature Envy,"checkstyle,experts",src/main/java/redis/clients/jedis/ShardedJedis.java,src/main/java/redis/clients/jedis/ShardedJedis.java.ShardedJedis.create.Feature Envy,1.0.0,1.0.0,1.3.0,1
jedis,2.8.0,redis.clients.jedis,ShardedJedis,georadius,Long Parameter List,"designitejava,checkstyle,experts",src/main/java/redis/clients/jedis/ShardedJedis.java,src/main/java/redis/clients/jedis/ShardedJedis.java.ShardedJedis.georadius.Long Parameter List,2.8.0,3.10.0,4.0.0-beta1,20
jedis,2.8.0,redis.clients.jedis,ShardedJedis,georadiusByMember,Long Parameter List,"designitejava,experts",src/main/java/redis/clients/jedis/ShardedJedis.java,src/main/java/redis/clients/jedis/ShardedJedis.java.ShardedJedis.georadiusByMember.Long Parameter List,2.8.0,3.10.0,4.0.0-beta1,20
jedis,2.10.0-m1,redis.clients.jedis,ShardedJedis,georadiusByMemberReadonly,Long Parameter List,"designitejava,experts",src/main/java/redis/clients/jedis/ShardedJedis.java,src/main/java/redis/clients/jedis/ShardedJedis.java.ShardedJedis.georadiusByMemberReadonly.Long Parameter List,2.10.0-m1,3.10.0,4.0.0-beta1,18
jedis,2.10.0-m1,redis.clients.jedis,ShardedJedis,georadiusReadonly,Long Parameter List,"designitejava,checkstyle,experts",src/main/java/redis/clients/jedis/ShardedJedis.java,src/main/java/redis/clients/jedis/ShardedJedis.java.ShardedJedis.georadiusReadonly.Long Parameter List,2.10.0-m1,3.10.0,4.0.0-beta1,18
jedis,2.5.0,redis.clients.jedis,ShardedJedis,set,Long Parameter List,"designitejava,experts",src/main/java/redis/clients/jedis/ShardedJedis.java,src/main/java/redis/clients/jedis/ShardedJedis.java.ShardedJedis.set.Long Parameter List,2.5.0,2.10.0,3.0.0-m1,7
jedis,3.1.0-m1,redis.clients.jedis,ShardedJedis,xadd,Long Parameter List,"designitejava,experts",src/main/java/redis/clients/jedis/ShardedJedis.java,src/main/java/redis/clients/jedis/ShardedJedis.java.ShardedJedis.xadd.Long Parameter List,3.1.0-m1,3.10.0,4.0.0-beta1,14
jedis,3.7.0-RC1,redis.clients.jedis,ShardedJedis,xautoclaim,Long Parameter List,"designitejava,checkstyle,experts",src/main/java/redis/clients/jedis/ShardedJedis.java,src/main/java/redis/clients/jedis/ShardedJedis.java.ShardedJedis.xautoclaim.Long Parameter List,3.7.0-RC1,3.10.0,4.0.0-beta1,5
jedis,3.7.0-RC1,redis.clients.jedis,ShardedJedis,xautoclaimJustId,Long Parameter List,"designitejava,checkstyle,experts",src/main/java/redis/clients/jedis/ShardedJedis.java,src/main/java/redis/clients/jedis/ShardedJedis.java.ShardedJedis.xautoclaimJustId.Long Parameter List,3.7.0-RC1,3.10.0,4.0.0-beta1,5
jedis,3.1.0-m1,redis.clients.jedis,ShardedJedis,xclaim,Long Parameter List,"designitejava,checkstyle,experts",src/main/java/redis/clients/jedis/ShardedJedis.java,src/main/java/redis/clients/jedis/ShardedJedis.java.ShardedJedis.xclaim.Long Parameter List,3.1.0-m1,3.10.0,4.0.0-beta1,14
jedis,3.6.0-rc1,redis.clients.jedis,ShardedJedis,xclaimJustId,Long Parameter List,"designitejava,checkstyle,experts",src/main/java/redis/clients/jedis/ShardedJedis.java,src/main/java/redis/clients/jedis/ShardedJedis.java.ShardedJedis.xclaimJustId.Long Parameter List,3.6.0-rc1,3.10.0,4.0.0-beta1,7
jedis,3.1.0-m1,redis.clients.jedis,ShardedJedis,xpending,Long Parameter List,"designitejava,checkstyle,experts",src/main/java/redis/clients/jedis/ShardedJedis.java,src/main/java/redis/clients/jedis/ShardedJedis.java.ShardedJedis.xpending.Long Parameter List,3.1.0-m1,3.10.0,4.0.0-beta1,14
jedis,2.6.0,redis.clients.jedis,ShardedJedis,zrangeByLex,Long Parameter List,"designitejava,experts",src/main/java/redis/clients/jedis/ShardedJedis.java,src/main/java/redis/clients/jedis/ShardedJedis.java.ShardedJedis.zrangeByLex.Long Parameter List,2.6.0,3.10.0,4.0.0-beta1,22
jedis,1.0.0,redis.clients.jedis,ShardedJedis,zrangeByScore,Long Parameter List,"designitejava,experts",src/main/java/redis/clients/jedis/ShardedJedis.java,src/main/java/redis/clients/jedis/ShardedJedis.java.ShardedJedis.zrangeByScore.Long Parameter List,1.0.0,3.10.0,4.0.0-beta1,33
jedis,1.0.0,redis.clients.jedis,ShardedJedis,zrangeByScoreWithScores,Long Parameter List,"designitejava,experts",src/main/java/redis/clients/jedis/ShardedJedis.java,src/main/java/redis/clients/jedis/ShardedJedis.java.ShardedJedis.zrangeByScoreWithScores.Long Parameter List,1.0.0,3.10.0,4.0.0-beta1,33
jedis,2.7.0,redis.clients.jedis,ShardedJedis,zrevrangeByLex,Long Parameter List,"designitejava,experts",src/main/java/redis/clients/jedis/ShardedJedis.java,src/main/java/redis/clients/jedis/ShardedJedis.java.ShardedJedis.zrevrangeByLex.Long Parameter List,2.7.0,3.10.0,4.0.0-beta1,21
jedis,2.0.0,redis.clients.jedis,ShardedJedis,zrevrangeByScore,Long Parameter List,"designitejava,experts",src/main/java/redis/clients/jedis/ShardedJedis.java,src/main/java/redis/clients/jedis/ShardedJedis.java.ShardedJedis.zrevrangeByScore.Long Parameter List,2.0.0,3.10.0,4.0.0-beta1,28
jedis,2.0.0,redis.clients.jedis,ShardedJedis,zrevrangeByScoreWithScores,Long Parameter List,"designitejava,experts",src/main/java/redis/clients/jedis/ShardedJedis.java,src/main/java/redis/clients/jedis/ShardedJedis.java.ShardedJedis.zrevrangeByScoreWithScores.Long Parameter List,2.0.0,3.10.0,4.0.0-beta1,28
jedis,1.4.0,redis.clients.jedis,ShardedJedisPipeline,,God Class,"pmd,experts",src/main/java/redis/clients/jedis/ShardedJedisPipeline.java,src/main/java/redis/clients/jedis/ShardedJedisPipeline.java.ShardedJedisPipeline..God Class,1.4.0,2.1.0,2.2.0,5
jedis,1.4.0,redis.clients.jedis,ShardedJedisPipeline,zrangeByScore,Long Parameter List,"designitejava,experts",src/main/java/redis/clients/jedis/ShardedJedisPipeline.java,src/main/java/redis/clients/jedis/ShardedJedisPipeline.java.ShardedJedisPipeline.zrangeByScore.Long Parameter List,1.4.0,2.1.0,2.2.0,5
jedis,1.4.0,redis.clients.jedis,ShardedJedisPipeline,zrangeByScoreWithScores,Long Parameter List,"designitejava,experts",src/main/java/redis/clients/jedis/ShardedJedisPipeline.java,src/main/java/redis/clients/jedis/ShardedJedisPipeline.java.ShardedJedisPipeline.zrangeByScoreWithScores.Long Parameter List,1.4.0,2.1.0,2.2.0,5
jedis,4.0.0,redis.clients.jedis,ShardedPipeline,ShardedPipeline,Long Parameter List,"designitejava,experts",src/main/java/redis/clients/jedis/ShardedPipeline.java,src/main/java/redis/clients/jedis/ShardedPipeline.java.ShardedPipeline.ShardedPipeline.Long Parameter List,4.0.0,5.3.0-beta1,5.3.0-beta1,18
jedis,1.0.0,redis.clients.jedis,Transaction,,God Class,"pmd,checkstyle,experts",src/main/java/redis/clients/jedis/Transaction.java,src/main/java/redis/clients/jedis/Transaction.java.Transaction..God Class,1.0.0,4.0.0-beta1,4.0.0-RC1,34
jedis,4.0.0-beta1,redis.clients.jedis,Transaction,blmove,Long Parameter List,"designitejava,experts",src/main/java/redis/clients/jedis/Transaction.java,src/main/java/redis/clients/jedis/Transaction.java.Transaction.blmove.Long Parameter List,4.0.0-beta1,4.0.0-beta1,4.0.0-RC1,1
jedis,5.1.0,redis.clients.jedis,Transaction,exec,Long Method,"Decor,experts",src/main/java/redis/clients/jedis/Transaction.java,src/main/java/redis/clients/jedis/Transaction.java.Transaction.exec.Long Method,5.1.0,5.3.0-beta1,5.3.0-beta1,5
jedis,4.0.0-beta1,redis.clients.jedis,Transaction,georadius,Long Parameter List,"designitejava,checkstyle,experts",src/main/java/redis/clients/jedis/Transaction.java,src/main/java/redis/clients/jedis/Transaction.java.Transaction.georadius.Long Parameter List,4.0.0-beta1,4.0.0-beta1,4.0.0-RC1,1
jedis,4.0.0-beta1,redis.clients.jedis,Transaction,georadiusByMember,Long Parameter List,"designitejava,experts",src/main/java/redis/clients/jedis/Transaction.java,src/main/java/redis/clients/jedis/Transaction.java.Transaction.georadiusByMember.Long Parameter List,4.0.0-beta1,4.0.0-beta1,4.0.0-RC1,1
jedis,4.0.0-beta1,redis.clients.jedis,Transaction,georadiusByMemberReadonly,Long Parameter List,"designitejava,experts",src/main/java/redis/clients/jedis/Transaction.java,src/main/java/redis/clients/jedis/Transaction.java.Transaction.georadiusByMemberReadonly.Long Parameter List,4.0.0-beta1,4.0.0-beta1,4.0.0-RC1,1
jedis,4.0.0-beta1,redis.clients.jedis,Transaction,georadiusByMemberStore,Long Parameter List,"designitejava,checkstyle,experts",src/main/java/redis/clients/jedis/Transaction.java,src/main/java/redis/clients/jedis/Transaction.java.Transaction.georadiusByMemberStore.Long Parameter List,4.0.0-beta1,4.0.0-beta1,4.0.0-RC1,1
jedis,4.0.0-beta1,redis.clients.jedis,Transaction,georadiusReadonly,Long Parameter List,"designitejava,checkstyle,experts",src/main/java/redis/clients/jedis/Transaction.java,src/main/java/redis/clients/jedis/Transaction.java.Transaction.georadiusReadonly.Long Parameter List,4.0.0-beta1,4.0.0-beta1,4.0.0-RC1,1
jedis,4.0.0-beta1,redis.clients.jedis,Transaction,georadiusStore,Long Parameter List,"designitejava,checkstyle,experts",src/main/java/redis/clients/jedis/Transaction.java,src/main/java/redis/clients/jedis/Transaction.java.Transaction.georadiusStore.Long Parameter List,4.0.0-beta1,4.0.0-beta1,4.0.0-RC1,1
jedis,4.0.0-beta1,redis.clients.jedis,Transaction,migrate,Long Parameter List,"designitejava,experts",src/main/java/redis/clients/jedis/Transaction.java,src/main/java/redis/clients/jedis/Transaction.java.Transaction.migrate.Long Parameter List,4.0.0-beta1,4.0.0-beta1,4.0.0-RC1,1
jedis,4.0.0-beta1,redis.clients.jedis,Transaction,xautoclaim,Long Parameter List,"designitejava,checkstyle,experts",src/main/java/redis/clients/jedis/Transaction.java,src/main/java/redis/clients/jedis/Transaction.java.Transaction.xautoclaim.Long Parameter List,4.0.0-beta1,4.0.0-beta1,4.0.0-RC1,1
jedis,4.0.0-beta1,redis.clients.jedis,Transaction,xautoclaimJustId,Long Parameter List,"designitejava,checkstyle,experts",src/main/java/redis/clients/jedis/Transaction.java,src/main/java/redis/clients/jedis/Transaction.java.Transaction.xautoclaimJustId.Long Parameter List,4.0.0-beta1,4.0.0-beta1,4.0.0-RC1,1
jedis,4.0.0-beta1,redis.clients.jedis,Transaction,xclaim,Long Parameter List,"designitejava,checkstyle,experts",src/main/java/redis/clients/jedis/Transaction.java,src/main/java/redis/clients/jedis/Transaction.java.Transaction.xclaim.Long Parameter List,4.0.0-beta1,4.0.0-beta1,4.0.0-RC1,1
jedis,4.0.0-beta1,redis.clients.jedis,Transaction,xclaimJustId,Long Parameter List,"designitejava,checkstyle,experts",src/main/java/redis/clients/jedis/Transaction.java,src/main/java/redis/clients/jedis/Transaction.java.Transaction.xclaimJustId.Long Parameter List,4.0.0-beta1,4.0.0-beta1,4.0.0-RC1,1
jedis,4.0.0-beta1,redis.clients.jedis,Transaction,xpending,Long Parameter List,"designitejava,checkstyle,experts",src/main/java/redis/clients/jedis/Transaction.java,src/main/java/redis/clients/jedis/Transaction.java.Transaction.xpending.Long Parameter List,4.0.0-beta1,4.0.0-beta1,4.0.0-RC1,1
jedis,4.0.0-beta1,redis.clients.jedis,Transaction,zrangeByLex,Long Parameter List,"designitejava,experts",src/main/java/redis/clients/jedis/Transaction.java,src/main/java/redis/clients/jedis/Transaction.java.Transaction.zrangeByLex.Long Parameter List,4.0.0-beta1,4.0.0-beta1,4.0.0-RC1,1
jedis,2.0.0,redis.clients.jedis,Transaction,zrangeByScore,Long Parameter List,"designitejava,experts",src/main/java/redis/clients/jedis/Transaction.java,src/main/java/redis/clients/jedis/Transaction.java.Transaction.zrangeByScore.Long Parameter List,2.0.0,4.0.0-beta1,4.0.0-RC1,29
jedis,2.0.0,redis.clients.jedis,Transaction,zrangeByScoreWithScores,Long Parameter List,"designitejava,experts",src/main/java/redis/clients/jedis/Transaction.java,src/main/java/redis/clients/jedis/Transaction.java.Transaction.zrangeByScoreWithScores.Long Parameter List,2.0.0,4.0.0-beta1,4.0.0-RC1,29
jedis,4.0.0-beta1,redis.clients.jedis,Transaction,zrevrangeByLex,Long Parameter List,"designitejava,experts",src/main/java/redis/clients/jedis/Transaction.java,src/main/java/redis/clients/jedis/Transaction.java.Transaction.zrevrangeByLex.Long Parameter List,4.0.0-beta1,4.0.0-beta1,4.0.0-RC1,1
jedis,4.0.0-beta1,redis.clients.jedis,Transaction,zrevrangeByScore,Long Parameter List,"designitejava,experts",src/main/java/redis/clients/jedis/Transaction.java,src/main/java/redis/clients/jedis/Transaction.java.Transaction.zrevrangeByScore.Long Parameter List,4.0.0-beta1,4.0.0-beta1,4.0.0-RC1,1
jedis,4.0.0-beta1,redis.clients.jedis,Transaction,zrevrangeByScoreWithScores,Long Parameter List,"designitejava,experts",src/main/java/redis/clients/jedis/Transaction.java,src/main/java/redis/clients/jedis/Transaction.java.Transaction.zrevrangeByScoreWithScores.Long Parameter List,4.0.0-beta1,4.0.0-beta1,4.0.0-RC1,1
jedis,4.0.0-RC1,redis.clients.jedis,TransactionBase,,God Class,"pmd,checkstyle,experts",src/main/java/redis/clients/jedis/TransactionBase.java,src/main/java/redis/clients/jedis/TransactionBase.java.TransactionBase..God Class,4.0.0-RC1,5.0.0,5.1.0,14
jedis,4.0.0-RC1,redis.clients.jedis,TransactionBase,blmove,Long Parameter List,"designitejava,experts",src/main/java/redis/clients/jedis/TransactionBase.java,src/main/java/redis/clients/jedis/TransactionBase.java.TransactionBase.blmove.Long Parameter List,4.0.0-RC1,5.0.0,5.1.0,14
jedis,4.0.0-RC1,redis.clients.jedis,TransactionBase,exec,Long Method,"Decor,experts",src/main/java/redis/clients/jedis/TransactionBase.java,src/main/java/redis/clients/jedis/TransactionBase.java.TransactionBase.exec.Long Method,4.0.0-RC1,5.0.0,5.1.0,14
jedis,4.0.0-RC1,redis.clients.jedis,TransactionBase,georadius,Long Parameter List,"designitejava,checkstyle,experts",src/main/java/redis/clients/jedis/TransactionBase.java,src/main/java/redis/clients/jedis/TransactionBase.java.TransactionBase.georadius.Long Parameter List,4.0.0-RC1,5.0.0,5.1.0,14
jedis,4.0.0-RC1,redis.clients.jedis,TransactionBase,georadiusByMember,Long Parameter List,"designitejava,experts",src/main/java/redis/clients/jedis/TransactionBase.java,src/main/java/redis/clients/jedis/TransactionBase.java.TransactionBase.georadiusByMember.Long Parameter List,4.0.0-RC1,5.0.0,5.1.0,14
jedis,4.0.0-RC1,redis.clients.jedis,TransactionBase,georadiusByMemberReadonly,Long Parameter List,"designitejava,experts",src/main/java/redis/clients/jedis/TransactionBase.java,src/main/java/redis/clients/jedis/TransactionBase.java.TransactionBase.georadiusByMemberReadonly.Long Parameter List,4.0.0-RC1,5.0.0,5.1.0,14
jedis,4.0.0-RC1,redis.clients.jedis,TransactionBase,georadiusByMemberStore,Long Parameter List,"designitejava,checkstyle,experts",src/main/java/redis/clients/jedis/TransactionBase.java,src/main/java/redis/clients/jedis/TransactionBase.java.TransactionBase.georadiusByMemberStore.Long Parameter List,4.0.0-RC1,5.0.0,5.1.0,14
jedis,4.0.0-RC1,redis.clients.jedis,TransactionBase,georadiusReadonly,Long Parameter List,"designitejava,checkstyle,experts",src/main/java/redis/clients/jedis/TransactionBase.java,src/main/java/redis/clients/jedis/TransactionBase.java.TransactionBase.georadiusReadonly.Long Parameter List,4.0.0-RC1,5.0.0,5.1.0,14
jedis,4.0.0-RC1,redis.clients.jedis,TransactionBase,georadiusStore,Long Parameter List,"designitejava,checkstyle,experts",src/main/java/redis/clients/jedis/TransactionBase.java,src/main/java/redis/clients/jedis/TransactionBase.java.TransactionBase.georadiusStore.Long Parameter List,4.0.0-RC1,5.0.0,5.1.0,14
jedis,4.1.0,redis.clients.jedis,TransactionBase,geosearch,Long Parameter List,"designitejava,experts",src/main/java/redis/clients/jedis/TransactionBase.java,src/main/java/redis/clients/jedis/TransactionBase.java.TransactionBase.geosearch.Long Parameter List,4.1.0,5.0.0,5.1.0,12
jedis,4.1.0,redis.clients.jedis,TransactionBase,geosearchStore,Long Parameter List,"designitejava,checkstyle,experts",src/main/java/redis/clients/jedis/TransactionBase.java,src/main/java/redis/clients/jedis/TransactionBase.java.TransactionBase.geosearchStore.Long Parameter List,4.1.0,5.0.0,5.1.0,12
jedis,4.0.0-RC1,redis.clients.jedis,TransactionBase,migrate,Long Parameter List,"designitejava,experts",src/main/java/redis/clients/jedis/TransactionBase.java,src/main/java/redis/clients/jedis/TransactionBase.java.TransactionBase.migrate.Long Parameter List,4.0.0-RC1,5.0.0,5.1.0,14
jedis,4.2.0-m1,redis.clients.jedis,TransactionBase,topkReserve,Long Parameter List,"designitejava,experts",src/main/java/redis/clients/jedis/TransactionBase.java,src/main/java/redis/clients/jedis/TransactionBase.java.TransactionBase.topkReserve.Long Parameter List,4.2.0-m1,5.0.0,5.1.0,11
jedis,4.3.0-m1,redis.clients.jedis,TransactionBase,tsCreateRule,Long Parameter List,"designitejava,experts",src/main/java/redis/clients/jedis/TransactionBase.java,src/main/java/redis/clients/jedis/TransactionBase.java.TransactionBase.tsCreateRule.Long Parameter List,4.3.0-m1,5.0.0,5.1.0,8
jedis,4.0.0-RC1,redis.clients.jedis,TransactionBase,xautoclaim,Long Parameter List,"designitejava,checkstyle,experts",src/main/java/redis/clients/jedis/TransactionBase.java,src/main/java/redis/clients/jedis/TransactionBase.java.TransactionBase.xautoclaim.Long Parameter List,4.0.0-RC1,5.0.0,5.1.0,14
jedis,4.0.0-RC1,redis.clients.jedis,TransactionBase,xautoclaimJustId,Long Parameter List,"designitejava,checkstyle,experts",src/main/java/redis/clients/jedis/TransactionBase.java,src/main/java/redis/clients/jedis/TransactionBase.java.TransactionBase.xautoclaimJustId.Long Parameter List,4.0.0-RC1,5.0.0,5.1.0,14
jedis,4.0.0-RC1,redis.clients.jedis,TransactionBase,xclaim,Long Parameter List,"designitejava,checkstyle,experts",src/main/java/redis/clients/jedis/TransactionBase.java,src/main/java/redis/clients/jedis/TransactionBase.java.TransactionBase.xclaim.Long Parameter List,4.0.0-RC1,5.0.0,5.1.0,14
jedis,4.0.0-RC1,redis.clients.jedis,TransactionBase,xclaimJustId,Long Parameter List,"designitejava,checkstyle,experts",src/main/java/redis/clients/jedis/TransactionBase.java,src/main/java/redis/clients/jedis/TransactionBase.java.TransactionBase.xclaimJustId.Long Parameter List,4.0.0-RC1,5.0.0,5.1.0,14
jedis,4.0.0-RC1,redis.clients.jedis,TransactionBase,xpending,Long Parameter List,"designitejava,checkstyle,experts",src/main/java/redis/clients/jedis/TransactionBase.java,src/main/java/redis/clients/jedis/TransactionBase.java.TransactionBase.xpending.Long Parameter List,4.0.0-RC1,5.0.0-alpha1,5.0.0-beta1,12
jedis,4.0.0-RC1,redis.clients.jedis,TransactionBase,zrangeByLex,Long Parameter List,"designitejava,experts",src/main/java/redis/clients/jedis/TransactionBase.java,src/main/java/redis/clients/jedis/TransactionBase.java.TransactionBase.zrangeByLex.Long Parameter List,4.0.0-RC1,5.0.0,5.1.0,14
jedis,4.0.0-RC1,redis.clients.jedis,TransactionBase,zrangeByScore,Long Parameter List,"designitejava,experts",src/main/java/redis/clients/jedis/TransactionBase.java,src/main/java/redis/clients/jedis/TransactionBase.java.TransactionBase.zrangeByScore.Long Parameter List,4.0.0-RC1,5.0.0,5.1.0,14
jedis,4.0.0-RC1,redis.clients.jedis,TransactionBase,zrangeByScoreWithScores,Long Parameter List,"designitejava,experts",src/main/java/redis/clients/jedis/TransactionBase.java,src/main/java/redis/clients/jedis/TransactionBase.java.TransactionBase.zrangeByScoreWithScores.Long Parameter List,4.0.0-RC1,5.0.0,5.1.0,14
jedis,4.0.0-RC1,redis.clients.jedis,TransactionBase,zrevrangeByLex,Long Parameter List,"designitejava,experts",src/main/java/redis/clients/jedis/TransactionBase.java,src/main/java/redis/clients/jedis/TransactionBase.java.TransactionBase.zrevrangeByLex.Long Parameter List,4.0.0-RC1,5.0.0,5.1.0,14
jedis,4.0.0-RC1,redis.clients.jedis,TransactionBase,zrevrangeByScore,Long Parameter List,"designitejava,experts",src/main/java/redis/clients/jedis/TransactionBase.java,src/main/java/redis/clients/jedis/TransactionBase.java.TransactionBase.zrevrangeByScore.Long Parameter List,4.0.0-RC1,5.0.0,5.1.0,14
jedis,4.0.0-RC1,redis.clients.jedis,TransactionBase,zrevrangeByScoreWithScores,Long Parameter List,"designitejava,experts",src/main/java/redis/clients/jedis/TransactionBase.java,src/main/java/redis/clients/jedis/TransactionBase.java.TransactionBase.zrevrangeByScoreWithScores.Long Parameter List,4.0.0-RC1,5.0.0,5.1.0,14
jedis,1.0.0,redis.clients.jedis,Tuple,equals,Complex Method,"designitejava,experts",src/main/java/redis/clients/jedis/Tuple.java,src/main/java/redis/clients/jedis/Tuple.java.Tuple.equals.Complex Method,1.0.0,1.5.0,2.0.0,5
jedis,1.5.0-RC1,redis.clients.jedis,Tuple,equals,Long Method,"Decor,experts",src/main/java/redis/clients/jedis/Tuple.java,src/main/java/redis/clients/jedis/Tuple.java.Tuple.equals.Long Method,1.5.0-RC1,1.5.0,2.0.0,2
jedis,4.0.0-beta1,redis.clients.jedis,UnifiedJedis,,God Class,"pmd,checkstyle,experts",src/main/java/redis/clients/jedis/UnifiedJedis.java,src/main/java/redis/clients/jedis/UnifiedJedis.java.UnifiedJedis..God Class,4.0.0-beta1,5.3.0-beta1,5.3.0-beta1,20
jedis,4.0.0-RC1,redis.clients.jedis,UnifiedJedis,UnifiedJedis,Feature Envy,"checkstyle,experts",src/main/java/redis/clients/jedis/UnifiedJedis.java,src/main/java/redis/clients/jedis/UnifiedJedis.java.UnifiedJedis.UnifiedJedis.Feature Envy,4.0.0-RC1,5.3.0-beta1,5.3.0-beta1,19
jedis,4.0.0-beta1,redis.clients.jedis,UnifiedJedis,UnifiedJedis,Long Parameter List,"designitejava,experts",src/main/java/redis/clients/jedis/UnifiedJedis.java,src/main/java/redis/clients/jedis/UnifiedJedis.java.UnifiedJedis.UnifiedJedis.Long Parameter List,4.0.0-beta1,5.3.0-beta1,5.3.0-beta1,20
jedis,4.0.0-beta1,redis.clients.jedis,UnifiedJedis,blmove,Long Parameter List,"designitejava,experts",src/main/java/redis/clients/jedis/UnifiedJedis.java,src/main/java/redis/clients/jedis/UnifiedJedis.java.UnifiedJedis.blmove.Long Parameter List,4.0.0-beta1,5.3.0-beta1,5.3.0-beta1,20
jedis,4.0.0-beta1,redis.clients.jedis,UnifiedJedis,georadius,Long Parameter List,"designitejava,checkstyle,experts",src/main/java/redis/clients/jedis/UnifiedJedis.java,src/main/java/redis/clients/jedis/UnifiedJedis.java.UnifiedJedis.georadius.Long Parameter List,4.0.0-beta1,5.3.0-beta1,5.3.0-beta1,20
jedis,4.0.0-beta1,redis.clients.jedis,UnifiedJedis,georadiusByMember,Long Parameter List,"designitejava,experts",src/main/java/redis/clients/jedis/UnifiedJedis.java,src/main/java/redis/clients/jedis/UnifiedJedis.java.UnifiedJedis.georadiusByMember.Long Parameter List,4.0.0-beta1,5.3.0-beta1,5.3.0-beta1,20
jedis,4.0.0-beta1,redis.clients.jedis,UnifiedJedis,georadiusByMemberReadonly,Long Parameter List,"designitejava,experts",src/main/java/redis/clients/jedis/UnifiedJedis.java,src/main/java/redis/clients/jedis/UnifiedJedis.java.UnifiedJedis.georadiusByMemberReadonly.Long Parameter List,4.0.0-beta1,5.3.0-beta1,5.3.0-beta1,20
jedis,4.0.0-beta1,redis.clients.jedis,UnifiedJedis,georadiusByMemberStore,Long Parameter List,"designitejava,checkstyle,experts",src/main/java/redis/clients/jedis/UnifiedJedis.java,src/main/java/redis/clients/jedis/UnifiedJedis.java.UnifiedJedis.georadiusByMemberStore.Long Parameter List,4.0.0-beta1,5.3.0-beta1,5.3.0-beta1,20
jedis,4.0.0-beta1,redis.clients.jedis,UnifiedJedis,georadiusReadonly,Long Parameter List,"designitejava,checkstyle,experts",src/main/java/redis/clients/jedis/UnifiedJedis.java,src/main/java/redis/clients/jedis/UnifiedJedis.java.UnifiedJedis.georadiusReadonly.Long Parameter List,4.0.0-beta1,5.3.0-beta1,5.3.0-beta1,20
jedis,4.0.0-beta1,redis.clients.jedis,UnifiedJedis,georadiusStore,Long Parameter List,"designitejava,checkstyle,experts",src/main/java/redis/clients/jedis/UnifiedJedis.java,src/main/java/redis/clients/jedis/UnifiedJedis.java.UnifiedJedis.georadiusStore.Long Parameter List,4.0.0-beta1,5.3.0-beta1,5.3.0-beta1,20
jedis,4.1.0,redis.clients.jedis,UnifiedJedis,geosearch,Long Parameter List,"designitejava,experts",src/main/java/redis/clients/jedis/UnifiedJedis.java,src/main/java/redis/clients/jedis/UnifiedJedis.java.UnifiedJedis.geosearch.Long Parameter List,4.1.0,5.3.0-beta1,5.3.0-beta1,17
jedis,4.1.0,redis.clients.jedis,UnifiedJedis,geosearchStore,Long Parameter List,"designitejava,checkstyle,experts",src/main/java/redis/clients/jedis/UnifiedJedis.java,src/main/java/redis/clients/jedis/UnifiedJedis.java.UnifiedJedis.geosearchStore.Long Parameter List,4.1.0,5.3.0-beta1,5.3.0-beta1,17
jedis,4.0.0-beta1,redis.clients.jedis,UnifiedJedis,migrate,Long Parameter List,"designitejava,experts",src/main/java/redis/clients/jedis/UnifiedJedis.java,src/main/java/redis/clients/jedis/UnifiedJedis.java.UnifiedJedis.migrate.Long Parameter List,4.0.0-beta1,5.3.0-beta1,5.3.0-beta1,20
jedis,4.2.0-m1,redis.clients.jedis,UnifiedJedis,topkReserve,Long Parameter List,"designitejava,experts",src/main/java/redis/clients/jedis/UnifiedJedis.java,src/main/java/redis/clients/jedis/UnifiedJedis.java.UnifiedJedis.topkReserve.Long Parameter List,4.2.0-m1,5.3.0-beta1,5.3.0-beta1,16
jedis,4.3.0-m1,redis.clients.jedis,UnifiedJedis,tsCreateRule,Long Parameter List,"designitejava,experts",src/main/java/redis/clients/jedis/UnifiedJedis.java,src/main/java/redis/clients/jedis/UnifiedJedis.java.UnifiedJedis.tsCreateRule.Long Parameter List,4.3.0-m1,5.3.0-beta1,5.3.0-beta1,13
jedis,4.0.0-beta1,redis.clients.jedis,UnifiedJedis,xautoclaim,Long Parameter List,"designitejava,checkstyle,experts",src/main/java/redis/clients/jedis/UnifiedJedis.java,src/main/java/redis/clients/jedis/UnifiedJedis.java.UnifiedJedis.xautoclaim.Long Parameter List,4.0.0-beta1,5.3.0-beta1,5.3.0-beta1,20
jedis,4.0.0-beta1,redis.clients.jedis,UnifiedJedis,xautoclaimJustId,Long Parameter List,"designitejava,checkstyle,experts",src/main/java/redis/clients/jedis/UnifiedJedis.java,src/main/java/redis/clients/jedis/UnifiedJedis.java.UnifiedJedis.xautoclaimJustId.Long Parameter List,4.0.0-beta1,5.3.0-beta1,5.3.0-beta1,20
jedis,4.0.0-beta1,redis.clients.jedis,UnifiedJedis,xclaim,Long Parameter List,"designitejava,checkstyle,experts",src/main/java/redis/clients/jedis/UnifiedJedis.java,src/main/java/redis/clients/jedis/UnifiedJedis.java.UnifiedJedis.xclaim.Long Parameter List,4.0.0-beta1,5.3.0-beta1,5.3.0-beta1,20
jedis,4.0.0-beta1,redis.clients.jedis,UnifiedJedis,xclaimJustId,Long Parameter List,"designitejava,checkstyle,experts",src/main/java/redis/clients/jedis/UnifiedJedis.java,src/main/java/redis/clients/jedis/UnifiedJedis.java.UnifiedJedis.xclaimJustId.Long Parameter List,4.0.0-beta1,5.3.0-beta1,5.3.0-beta1,20
jedis,4.0.0-beta1,redis.clients.jedis,UnifiedJedis,xpending,Long Parameter List,"designitejava,checkstyle,experts",src/main/java/redis/clients/jedis/UnifiedJedis.java,src/main/java/redis/clients/jedis/UnifiedJedis.java.UnifiedJedis.xpending.Long Parameter List,4.0.0-beta1,5.0.0-alpha1,5.0.0-beta1,13
jedis,4.0.0-beta1,redis.clients.jedis,UnifiedJedis,zrangeByLex,Long Parameter List,"designitejava,experts",src/main/java/redis/clients/jedis/UnifiedJedis.java,src/main/java/redis/clients/jedis/UnifiedJedis.java.UnifiedJedis.zrangeByLex.Long Parameter List,4.0.0-beta1,5.3.0-beta1,5.3.0-beta1,20
jedis,4.0.0-beta1,redis.clients.jedis,UnifiedJedis,zrangeByScore,Long Parameter List,"designitejava,experts",src/main/java/redis/clients/jedis/UnifiedJedis.java,src/main/java/redis/clients/jedis/UnifiedJedis.java.UnifiedJedis.zrangeByScore.Long Parameter List,4.0.0-beta1,5.3.0-beta1,5.3.0-beta1,20
jedis,4.0.0-beta1,redis.clients.jedis,UnifiedJedis,zrangeByScoreWithScores,Long Parameter List,"designitejava,experts",src/main/java/redis/clients/jedis/UnifiedJedis.java,src/main/java/redis/clients/jedis/UnifiedJedis.java.UnifiedJedis.zrangeByScoreWithScores.Long Parameter List,4.0.0-beta1,5.3.0-beta1,5.3.0-beta1,20
jedis,4.0.0-beta1,redis.clients.jedis,UnifiedJedis,zrevrangeByLex,Long Parameter List,"designitejava,experts",src/main/java/redis/clients/jedis/UnifiedJedis.java,src/main/java/redis/clients/jedis/UnifiedJedis.java.UnifiedJedis.zrevrangeByLex.Long Parameter List,4.0.0-beta1,5.3.0-beta1,5.3.0-beta1,20
jedis,4.0.0-beta1,redis.clients.jedis,UnifiedJedis,zrevrangeByScore,Long Parameter List,"designitejava,experts",src/main/java/redis/clients/jedis/UnifiedJedis.java,src/main/java/redis/clients/jedis/UnifiedJedis.java.UnifiedJedis.zrevrangeByScore.Long Parameter List,4.0.0-beta1,5.3.0-beta1,5.3.0-beta1,20
jedis,4.0.0-beta1,redis.clients.jedis,UnifiedJedis,zrevrangeByScoreWithScores,Long Parameter List,"designitejava,experts",src/main/java/redis/clients/jedis/UnifiedJedis.java,src/main/java/redis/clients/jedis/UnifiedJedis.java.UnifiedJedis.zrevrangeByScoreWithScores.Long Parameter List,4.0.0-beta1,5.3.0-beta1,5.3.0-beta1,20
jedis,4.2.0-m1,redis.clients.jedis.bloom,BFInsertParams,addParams,Feature Envy,"checkstyle,experts",src/main/java/redis/clients/jedis/bloom/BFInsertParams.java,src/main/java/redis/clients/jedis/bloom/BFInsertParams.java.BFInsertParams.addParams.Feature Envy,4.2.0-m1,5.3.0-beta1,5.3.0-beta1,16
jedis,4.2.0-m1,redis.clients.jedis.bloom,BFReserveParams,addParams,Feature Envy,"checkstyle,experts",src/main/java/redis/clients/jedis/bloom/BFReserveParams.java,src/main/java/redis/clients/jedis/bloom/BFReserveParams.java.BFReserveParams.addParams.Feature Envy,4.2.0-m1,5.3.0-beta1,5.3.0-beta1,16
jedis,4.3.0-m1,redis.clients.jedis.bloom,BloomFilterCommands,,God Class,"pmd,experts",src/main/java/redis/clients/jedis/bloom/BloomFilterCommands.java,src/main/java/redis/clients/jedis/bloom/BloomFilterCommands.java.BloomFilterCommands..God Class,4.3.0-m1,4.3.0-m1,4.3.0,1
jedis,4.3.0-m1,redis.clients.jedis.bloom,BloomFilterPipelineCommands,,God Class,"pmd,experts",src/main/java/redis/clients/jedis/bloom/BloomFilterPipelineCommands.java,src/main/java/redis/clients/jedis/bloom/BloomFilterPipelineCommands.java.BloomFilterPipelineCommands..God Class,4.3.0-m1,4.3.0-m1,4.3.0,1
jedis,4.2.0-m1,redis.clients.jedis.bloom,CFInsertParams,addParams,Feature Envy,"checkstyle,experts",src/main/java/redis/clients/jedis/bloom/CFInsertParams.java,src/main/java/redis/clients/jedis/bloom/CFInsertParams.java.CFInsertParams.addParams.Feature Envy,4.2.0-m1,5.3.0-beta1,5.3.0-beta1,16
jedis,4.2.0-m1,redis.clients.jedis.bloom,CFReserveParams,addParams,Feature Envy,"checkstyle,experts",src/main/java/redis/clients/jedis/bloom/CFReserveParams.java,src/main/java/redis/clients/jedis/bloom/CFReserveParams.java.CFReserveParams.addParams.Feature Envy,4.2.0-m1,5.3.0-beta1,5.3.0-beta1,16
jedis,4.2.0-m1,redis.clients.jedis.bloom,CuckooFilterCommands,,God Class,"pmd,experts",src/main/java/redis/clients/jedis/bloom/CuckooFilterCommands.java,src/main/java/redis/clients/jedis/bloom/CuckooFilterCommands.java.CuckooFilterCommands..God Class,4.2.0-m1,4.3.0-m1,4.3.0,4
jedis,4.2.0-m1,redis.clients.jedis.bloom,CuckooFilterPipelineCommands,,God Class,"pmd,experts",src/main/java/redis/clients/jedis/bloom/CuckooFilterPipelineCommands.java,src/main/java/redis/clients/jedis/bloom/CuckooFilterPipelineCommands.java.CuckooFilterPipelineCommands..God Class,4.2.0-m1,4.3.0-m1,4.3.0,4
jedis,4.3.0,redis.clients.jedis.bloom,TDigestMergeParams,addParams,Feature Envy,"checkstyle,experts",src/main/java/redis/clients/jedis/bloom/TDigestMergeParams.java,src/main/java/redis/clients/jedis/bloom/TDigestMergeParams.java.TDigestMergeParams.addParams.Feature Envy,4.3.0,5.3.0-beta1,5.3.0-beta1,12
jedis,4.2.0-m1,redis.clients.jedis.bloom,TopKFilterCommands,topkReserve,Long Parameter List,"designitejava,experts",src/main/java/redis/clients/jedis/bloom/TopKFilterCommands.java,src/main/java/redis/clients/jedis/bloom/TopKFilterCommands.java.TopKFilterCommands.topkReserve.Long Parameter List,4.2.0-m1,4.3.0-m1,4.3.0,4
jedis,4.2.0-m1,redis.clients.jedis.bloom,TopKFilterPipelineCommands,topkReserve,Long Parameter List,"designitejava,experts",src/main/java/redis/clients/jedis/bloom/TopKFilterPipelineCommands.java,src/main/java/redis/clients/jedis/bloom/TopKFilterPipelineCommands.java.TopKFilterPipelineCommands.topkReserve.Long Parameter List,4.2.0-m1,4.3.0-m1,4.3.0,4
jedis,4.3.0,redis.clients.jedis.bloom.commands,BloomFilterCommands,,God Class,"pmd,experts",src/main/java/redis/clients/jedis/bloom/commands/BloomFilterCommands.java,src/main/java/redis/clients/jedis/bloom/commands/BloomFilterCommands.java.BloomFilterCommands..God Class,4.3.0,5.3.0-beta1,5.3.0-beta1,12
jedis,4.3.0,redis.clients.jedis.bloom.commands,BloomFilterPipelineCommands,,God Class,"pmd,experts",src/main/java/redis/clients/jedis/bloom/commands/BloomFilterPipelineCommands.java,src/main/java/redis/clients/jedis/bloom/commands/BloomFilterPipelineCommands.java.BloomFilterPipelineCommands..God Class,4.3.0,5.3.0-beta1,5.3.0-beta1,12
jedis,4.3.0,redis.clients.jedis.bloom.commands,CuckooFilterCommands,,God Class,"pmd,experts",src/main/java/redis/clients/jedis/bloom/commands/CuckooFilterCommands.java,src/main/java/redis/clients/jedis/bloom/commands/CuckooFilterCommands.java.CuckooFilterCommands..God Class,4.3.0,5.3.0-beta1,5.3.0-beta1,12
jedis,4.3.0,redis.clients.jedis.bloom.commands,CuckooFilterPipelineCommands,,God Class,"pmd,experts",src/main/java/redis/clients/jedis/bloom/commands/CuckooFilterPipelineCommands.java,src/main/java/redis/clients/jedis/bloom/commands/CuckooFilterPipelineCommands.java.CuckooFilterPipelineCommands..God Class,4.3.0,5.3.0-beta1,5.3.0-beta1,12
jedis,4.3.0,redis.clients.jedis.bloom.commands,TDigestSketchCommands,,God Class,"pmd,experts",src/main/java/redis/clients/jedis/bloom/commands/TDigestSketchCommands.java,src/main/java/redis/clients/jedis/bloom/commands/TDigestSketchCommands.java.TDigestSketchCommands..God Class,4.3.0,5.3.0-beta1,5.3.0-beta1,12
jedis,4.3.0,redis.clients.jedis.bloom.commands,TDigestSketchPipelineCommands,,God Class,"pmd,experts",src/main/java/redis/clients/jedis/bloom/commands/TDigestSketchPipelineCommands.java,src/main/java/redis/clients/jedis/bloom/commands/TDigestSketchPipelineCommands.java.TDigestSketchPipelineCommands..God Class,4.3.0,5.3.0-beta1,5.3.0-beta1,12
jedis,4.3.0,redis.clients.jedis.bloom.commands,TopKFilterCommands,topkReserve,Long Parameter List,"designitejava,experts",src/main/java/redis/clients/jedis/bloom/commands/TopKFilterCommands.java,src/main/java/redis/clients/jedis/bloom/commands/TopKFilterCommands.java.TopKFilterCommands.topkReserve.Long Parameter List,4.3.0,5.3.0-beta1,5.3.0-beta1,12
jedis,4.3.0,redis.clients.jedis.bloom.commands,TopKFilterPipelineCommands,topkReserve,Long Parameter List,"designitejava,experts",src/main/java/redis/clients/jedis/bloom/commands/TopKFilterPipelineCommands.java,src/main/java/redis/clients/jedis/bloom/commands/TopKFilterPipelineCommands.java.TopKFilterPipelineCommands.topkReserve.Long Parameter List,4.3.0,5.3.0-beta1,5.3.0-beta1,12
jedis,4.0.0-beta1,redis.clients.jedis.commands,AccessControlLogBinaryCommands,,God Class,"pmd,experts",src/main/java/redis/clients/jedis/commands/AccessControlLogBinaryCommands.java,src/main/java/redis/clients/jedis/commands/AccessControlLogBinaryCommands.java.AccessControlLogBinaryCommands..God Class,4.0.0-beta1,5.3.0-beta1,5.3.0-beta1,20
jedis,4.0.0-beta1,redis.clients.jedis.commands,AccessControlLogCommands,,God Class,"pmd,experts",src/main/java/redis/clients/jedis/commands/AccessControlLogCommands.java,src/main/java/redis/clients/jedis/commands/AccessControlLogCommands.java.AccessControlLogCommands..God Class,4.0.0-beta1,5.3.0-beta1,5.3.0-beta1,20
jedis,3.0.0-m1,redis.clients.jedis.commands,AdvancedBinaryJedisCommands,,God Class,"pmd,experts",src/main/java/redis/clients/jedis/commands/AdvancedBinaryJedisCommands.java,src/main/java/redis/clients/jedis/commands/AdvancedBinaryJedisCommands.java.AdvancedBinaryJedisCommands..God Class,3.0.0-m1,3.10.0,4.0.0-beta1,16
jedis,3.0.0-m1,redis.clients.jedis.commands,AdvancedBinaryJedisCommands,migrate,Long Parameter List,"designitejava,checkstyle,experts",src/main/java/redis/clients/jedis/commands/AdvancedBinaryJedisCommands.java,src/main/java/redis/clients/jedis/commands/AdvancedBinaryJedisCommands.java.AdvancedBinaryJedisCommands.migrate.Long Parameter List,3.0.0-m1,3.10.0,4.0.0-beta1,16
jedis,3.0.0-m1,redis.clients.jedis.commands,AdvancedJedisCommands,,God Class,"pmd,experts",src/main/java/redis/clients/jedis/commands/AdvancedJedisCommands.java,src/main/java/redis/clients/jedis/commands/AdvancedJedisCommands.java.AdvancedJedisCommands..God Class,3.0.0-m1,3.10.0,4.0.0-beta1,16
jedis,3.0.0-m1,redis.clients.jedis.commands,AdvancedJedisCommands,migrate,Long Parameter List,"designitejava,checkstyle,experts",src/main/java/redis/clients/jedis/commands/AdvancedJedisCommands.java,src/main/java/redis/clients/jedis/commands/AdvancedJedisCommands.java.AdvancedJedisCommands.migrate.Long Parameter List,3.0.0-m1,3.10.0,4.0.0-beta1,16
jedis,3.0.0-m1,redis.clients.jedis.commands,BasicCommands,,God Class,"pmd,experts",src/main/java/redis/clients/jedis/commands/BasicCommands.java,src/main/java/redis/clients/jedis/commands/BasicCommands.java.BasicCommands..God Class,3.0.0-m1,3.10.0,4.0.0-beta1,16
jedis,3.0.0-m1,redis.clients.jedis.commands,BasicRedisPipeline,,God Class,"pmd,experts",src/main/java/redis/clients/jedis/commands/BasicRedisPipeline.java,src/main/java/redis/clients/jedis/commands/BasicRedisPipeline.java.BasicRedisPipeline..God Class,3.0.0-m1,3.10.0,4.0.0-beta1,16
jedis,3.0.0-m1,redis.clients.jedis.commands,BasicRedisPipeline,migrate,Long Parameter List,"designitejava,experts",src/main/java/redis/clients/jedis/commands/BasicRedisPipeline.java,src/main/java/redis/clients/jedis/commands/BasicRedisPipeline.java.BasicRedisPipeline.migrate.Long Parameter List,3.0.0-m1,3.10.0,4.0.0-beta1,16
jedis,3.0.0-m1,redis.clients.jedis.commands,BinaryJedisClusterCommands,,God Class,"pmd,checkstyle,experts",src/main/java/redis/clients/jedis/commands/BinaryJedisClusterCommands.java,src/main/java/redis/clients/jedis/commands/BinaryJedisClusterCommands.java.BinaryJedisClusterCommands..God Class,3.0.0-m1,3.10.0,4.0.0-beta1,16
jedis,3.0.0-m1,redis.clients.jedis.commands,BinaryJedisClusterCommands,georadius,Long Parameter List,"designitejava,checkstyle,experts",src/main/java/redis/clients/jedis/commands/BinaryJedisClusterCommands.java,src/main/java/redis/clients/jedis/commands/BinaryJedisClusterCommands.java.BinaryJedisClusterCommands.georadius.Long Parameter List,3.0.0-m1,3.10.0,4.0.0-beta1,16
jedis,3.0.0-m1,redis.clients.jedis.commands,BinaryJedisClusterCommands,georadiusByMember,Long Parameter List,"designitejava,experts",src/main/java/redis/clients/jedis/commands/BinaryJedisClusterCommands.java,src/main/java/redis/clients/jedis/commands/BinaryJedisClusterCommands.java.BinaryJedisClusterCommands.georadiusByMember.Long Parameter List,3.0.0-m1,3.10.0,4.0.0-beta1,16
jedis,3.0.0-m1,redis.clients.jedis.commands,BinaryJedisClusterCommands,georadiusByMemberReadonly,Long Parameter List,"designitejava,experts",src/main/java/redis/clients/jedis/commands/BinaryJedisClusterCommands.java,src/main/java/redis/clients/jedis/commands/BinaryJedisClusterCommands.java.BinaryJedisClusterCommands.georadiusByMemberReadonly.Long Parameter List,3.0.0-m1,3.10.0,4.0.0-beta1,16
jedis,3.0.0-m1,redis.clients.jedis.commands,BinaryJedisClusterCommands,georadiusReadonly,Long Parameter List,"designitejava,checkstyle,experts",src/main/java/redis/clients/jedis/commands/BinaryJedisClusterCommands.java,src/main/java/redis/clients/jedis/commands/BinaryJedisClusterCommands.java.BinaryJedisClusterCommands.georadiusReadonly.Long Parameter List,3.0.0-m1,3.10.0,4.0.0-beta1,16
jedis,3.1.0-rc,redis.clients.jedis.commands,BinaryJedisClusterCommands,xadd,Long Parameter List,"designitejava,experts",src/main/java/redis/clients/jedis/commands/BinaryJedisClusterCommands.java,src/main/java/redis/clients/jedis/commands/BinaryJedisClusterCommands.java.BinaryJedisClusterCommands.xadd.Long Parameter List,3.1.0-rc,3.10.0,4.0.0-beta1,13
jedis,3.7.0-RC1,redis.clients.jedis.commands,BinaryJedisClusterCommands,xautoclaim,Long Parameter List,"designitejava,checkstyle,experts",src/main/java/redis/clients/jedis/commands/BinaryJedisClusterCommands.java,src/main/java/redis/clients/jedis/commands/BinaryJedisClusterCommands.java.BinaryJedisClusterCommands.xautoclaim.Long Parameter List,3.7.0-RC1,3.10.0,4.0.0-beta1,5
jedis,3.7.0-RC1,redis.clients.jedis.commands,BinaryJedisClusterCommands,xautoclaimJustId,Long Parameter List,"designitejava,checkstyle,experts",src/main/java/redis/clients/jedis/commands/BinaryJedisClusterCommands.java,src/main/java/redis/clients/jedis/commands/BinaryJedisClusterCommands.java.BinaryJedisClusterCommands.xautoclaimJustId.Long Parameter List,3.7.0-RC1,3.10.0,4.0.0-beta1,5
jedis,3.1.0-rc,redis.clients.jedis.commands,BinaryJedisClusterCommands,xclaim,Long Parameter List,"designitejava,checkstyle,experts",src/main/java/redis/clients/jedis/commands/BinaryJedisClusterCommands.java,src/main/java/redis/clients/jedis/commands/BinaryJedisClusterCommands.java.BinaryJedisClusterCommands.xclaim.Long Parameter List,3.1.0-rc,3.10.0,4.0.0-beta1,13
jedis,3.6.0-rc1,redis.clients.jedis.commands,BinaryJedisClusterCommands,xclaimJustId,Long Parameter List,"designitejava,checkstyle,experts",src/main/java/redis/clients/jedis/commands/BinaryJedisClusterCommands.java,src/main/java/redis/clients/jedis/commands/BinaryJedisClusterCommands.java.BinaryJedisClusterCommands.xclaimJustId.Long Parameter List,3.6.0-rc1,3.10.0,4.0.0-beta1,7
jedis,3.1.0-rc,redis.clients.jedis.commands,BinaryJedisClusterCommands,xpending,Long Parameter List,"designitejava,checkstyle,experts",src/main/java/redis/clients/jedis/commands/BinaryJedisClusterCommands.java,src/main/java/redis/clients/jedis/commands/BinaryJedisClusterCommands.java.BinaryJedisClusterCommands.xpending.Long Parameter List,3.1.0-rc,3.10.0,4.0.0-beta1,13
jedis,3.0.0-m1,redis.clients.jedis.commands,BinaryJedisClusterCommands,zrangeByLex,Long Parameter List,"designitejava,experts",src/main/java/redis/clients/jedis/commands/BinaryJedisClusterCommands.java,src/main/java/redis/clients/jedis/commands/BinaryJedisClusterCommands.java.BinaryJedisClusterCommands.zrangeByLex.Long Parameter List,3.0.0-m1,3.10.0,4.0.0-beta1,16
jedis,3.0.0-m1,redis.clients.jedis.commands,BinaryJedisClusterCommands,zrangeByScore,Long Parameter List,"designitejava,experts",src/main/java/redis/clients/jedis/commands/BinaryJedisClusterCommands.java,src/main/java/redis/clients/jedis/commands/BinaryJedisClusterCommands.java.BinaryJedisClusterCommands.zrangeByScore.Long Parameter List,3.0.0-m1,3.10.0,4.0.0-beta1,16
jedis,3.0.0-m1,redis.clients.jedis.commands,BinaryJedisClusterCommands,zrangeByScoreWithScores,Long Parameter List,"designitejava,experts",src/main/java/redis/clients/jedis/commands/BinaryJedisClusterCommands.java,src/main/java/redis/clients/jedis/commands/BinaryJedisClusterCommands.java.BinaryJedisClusterCommands.zrangeByScoreWithScores.Long Parameter List,3.0.0-m1,3.10.0,4.0.0-beta1,16
jedis,3.0.0-m1,redis.clients.jedis.commands,BinaryJedisClusterCommands,zrevrangeByLex,Long Parameter List,"designitejava,experts",src/main/java/redis/clients/jedis/commands/BinaryJedisClusterCommands.java,src/main/java/redis/clients/jedis/commands/BinaryJedisClusterCommands.java.BinaryJedisClusterCommands.zrevrangeByLex.Long Parameter List,3.0.0-m1,3.10.0,4.0.0-beta1,16
jedis,3.0.0-m1,redis.clients.jedis.commands,BinaryJedisClusterCommands,zrevrangeByScore,Long Parameter List,"designitejava,experts",src/main/java/redis/clients/jedis/commands/BinaryJedisClusterCommands.java,src/main/java/redis/clients/jedis/commands/BinaryJedisClusterCommands.java.BinaryJedisClusterCommands.zrevrangeByScore.Long Parameter List,3.0.0-m1,3.10.0,4.0.0-beta1,16
jedis,3.0.0-m1,redis.clients.jedis.commands,BinaryJedisClusterCommands,zrevrangeByScoreWithScores,Long Parameter List,"designitejava,experts",src/main/java/redis/clients/jedis/commands/BinaryJedisClusterCommands.java,src/main/java/redis/clients/jedis/commands/BinaryJedisClusterCommands.java.BinaryJedisClusterCommands.zrevrangeByScoreWithScores.Long Parameter List,3.0.0-m1,3.10.0,4.0.0-beta1,16
jedis,3.0.0-m1,redis.clients.jedis.commands,BinaryJedisCommands,,God Class,"pmd,checkstyle,experts",src/main/java/redis/clients/jedis/commands/BinaryJedisCommands.java,src/main/java/redis/clients/jedis/commands/BinaryJedisCommands.java.BinaryJedisCommands..God Class,3.0.0-m1,3.10.0,4.0.0-beta1,16
jedis,3.0.0-m1,redis.clients.jedis.commands,BinaryJedisCommands,georadius,Long Parameter List,"designitejava,checkstyle,experts",src/main/java/redis/clients/jedis/commands/BinaryJedisCommands.java,src/main/java/redis/clients/jedis/commands/BinaryJedisCommands.java.BinaryJedisCommands.georadius.Long Parameter List,3.0.0-m1,3.10.0,4.0.0-beta1,16
jedis,3.0.0-m1,redis.clients.jedis.commands,BinaryJedisCommands,georadiusByMember,Long Parameter List,"designitejava,experts",src/main/java/redis/clients/jedis/commands/BinaryJedisCommands.java,src/main/java/redis/clients/jedis/commands/BinaryJedisCommands.java.BinaryJedisCommands.georadiusByMember.Long Parameter List,3.0.0-m1,3.10.0,4.0.0-beta1,16
jedis,3.0.0-m1,redis.clients.jedis.commands,BinaryJedisCommands,georadiusByMemberReadonly,Long Parameter List,"designitejava,experts",src/main/java/redis/clients/jedis/commands/BinaryJedisCommands.java,src/main/java/redis/clients/jedis/commands/BinaryJedisCommands.java.BinaryJedisCommands.georadiusByMemberReadonly.Long Parameter List,3.0.0-m1,3.10.0,4.0.0-beta1,16
jedis,3.0.0-m1,redis.clients.jedis.commands,BinaryJedisCommands,georadiusReadonly,Long Parameter List,"designitejava,checkstyle,experts",src/main/java/redis/clients/jedis/commands/BinaryJedisCommands.java,src/main/java/redis/clients/jedis/commands/BinaryJedisCommands.java.BinaryJedisCommands.georadiusReadonly.Long Parameter List,3.0.0-m1,3.10.0,4.0.0-beta1,16
jedis,3.1.0-m1,redis.clients.jedis.commands,BinaryJedisCommands,xadd,Long Parameter List,"designitejava,experts",src/main/java/redis/clients/jedis/commands/BinaryJedisCommands.java,src/main/java/redis/clients/jedis/commands/BinaryJedisCommands.java.BinaryJedisCommands.xadd.Long Parameter List,3.1.0-m1,3.10.0,4.0.0-beta1,14
jedis,3.7.0-RC1,redis.clients.jedis.commands,BinaryJedisCommands,xautoclaim,Long Parameter List,"designitejava,checkstyle,experts",src/main/java/redis/clients/jedis/commands/BinaryJedisCommands.java,src/main/java/redis/clients/jedis/commands/BinaryJedisCommands.java.BinaryJedisCommands.xautoclaim.Long Parameter List,3.7.0-RC1,3.10.0,4.0.0-beta1,5
jedis,3.7.0-RC1,redis.clients.jedis.commands,BinaryJedisCommands,xautoclaimJustId,Long Parameter List,"designitejava,checkstyle,experts",src/main/java/redis/clients/jedis/commands/BinaryJedisCommands.java,src/main/java/redis/clients/jedis/commands/BinaryJedisCommands.java.BinaryJedisCommands.xautoclaimJustId.Long Parameter List,3.7.0-RC1,3.10.0,4.0.0-beta1,5
jedis,3.1.0-m1,redis.clients.jedis.commands,BinaryJedisCommands,xclaim,Long Parameter List,"designitejava,checkstyle,experts",src/main/java/redis/clients/jedis/commands/BinaryJedisCommands.java,src/main/java/redis/clients/jedis/commands/BinaryJedisCommands.java.BinaryJedisCommands.xclaim.Long Parameter List,3.1.0-m1,3.10.0,4.0.0-beta1,14
jedis,3.6.0-rc1,redis.clients.jedis.commands,BinaryJedisCommands,xclaimJustId,Long Parameter List,"designitejava,checkstyle,experts",src/main/java/redis/clients/jedis/commands/BinaryJedisCommands.java,src/main/java/redis/clients/jedis/commands/BinaryJedisCommands.java.BinaryJedisCommands.xclaimJustId.Long Parameter List,3.6.0-rc1,3.10.0,4.0.0-beta1,7
jedis,3.1.0-m1,redis.clients.jedis.commands,BinaryJedisCommands,xpending,Long Parameter List,"designitejava,checkstyle,experts",src/main/java/redis/clients/jedis/commands/BinaryJedisCommands.java,src/main/java/redis/clients/jedis/commands/BinaryJedisCommands.java.BinaryJedisCommands.xpending.Long Parameter List,3.1.0-m1,3.10.0,4.0.0-beta1,14
jedis,3.0.0-m1,redis.clients.jedis.commands,BinaryJedisCommands,zrangeByLex,Long Parameter List,"designitejava,experts",src/main/java/redis/clients/jedis/commands/BinaryJedisCommands.java,src/main/java/redis/clients/jedis/commands/BinaryJedisCommands.java.BinaryJedisCommands.zrangeByLex.Long Parameter List,3.0.0-m1,3.10.0,4.0.0-beta1,16
jedis,3.0.0-m1,redis.clients.jedis.commands,BinaryJedisCommands,zrangeByScore,Long Parameter List,"designitejava,experts",src/main/java/redis/clients/jedis/commands/BinaryJedisCommands.java,src/main/java/redis/clients/jedis/commands/BinaryJedisCommands.java.BinaryJedisCommands.zrangeByScore.Long Parameter List,3.0.0-m1,3.10.0,4.0.0-beta1,16
jedis,3.0.0-m1,redis.clients.jedis.commands,BinaryJedisCommands,zrangeByScoreWithScores,Long Parameter List,"designitejava,experts",src/main/java/redis/clients/jedis/commands/BinaryJedisCommands.java,src/main/java/redis/clients/jedis/commands/BinaryJedisCommands.java.BinaryJedisCommands.zrangeByScoreWithScores.Long Parameter List,3.0.0-m1,3.10.0,4.0.0-beta1,16
jedis,3.0.0-m1,redis.clients.jedis.commands,BinaryJedisCommands,zrevrangeByLex,Long Parameter List,"designitejava,experts",src/main/java/redis/clients/jedis/commands/BinaryJedisCommands.java,src/main/java/redis/clients/jedis/commands/BinaryJedisCommands.java.BinaryJedisCommands.zrevrangeByLex.Long Parameter List,3.0.0-m1,3.10.0,4.0.0-beta1,16
jedis,3.0.0-m1,redis.clients.jedis.commands,BinaryJedisCommands,zrevrangeByScore,Long Parameter List,"designitejava,experts",src/main/java/redis/clients/jedis/commands/BinaryJedisCommands.java,src/main/java/redis/clients/jedis/commands/BinaryJedisCommands.java.BinaryJedisCommands.zrevrangeByScore.Long Parameter List,3.0.0-m1,3.10.0,4.0.0-beta1,16
jedis,3.0.0-m1,redis.clients.jedis.commands,BinaryJedisCommands,zrevrangeByScoreWithScores,Long Parameter List,"designitejava,experts",src/main/java/redis/clients/jedis/commands/BinaryJedisCommands.java,src/main/java/redis/clients/jedis/commands/BinaryJedisCommands.java.BinaryJedisCommands.zrevrangeByScoreWithScores.Long Parameter List,3.0.0-m1,3.10.0,4.0.0-beta1,16
jedis,3.0.0-m1,redis.clients.jedis.commands,BinaryRedisPipeline,,God Class,"pmd,checkstyle,experts",src/main/java/redis/clients/jedis/commands/BinaryRedisPipeline.java,src/main/java/redis/clients/jedis/commands/BinaryRedisPipeline.java.BinaryRedisPipeline..God Class,3.0.0-m1,3.10.0,4.0.0-beta1,16
jedis,3.0.0-m1,redis.clients.jedis.commands,BinaryRedisPipeline,georadius,Long Parameter List,"designitejava,checkstyle,experts",src/main/java/redis/clients/jedis/commands/BinaryRedisPipeline.java,src/main/java/redis/clients/jedis/commands/BinaryRedisPipeline.java.BinaryRedisPipeline.georadius.Long Parameter List,3.0.0-m1,3.10.0,4.0.0-beta1,16
jedis,3.0.0-m1,redis.clients.jedis.commands,BinaryRedisPipeline,georadiusByMember,Long Parameter List,"designitejava,experts",src/main/java/redis/clients/jedis/commands/BinaryRedisPipeline.java,src/main/java/redis/clients/jedis/commands/BinaryRedisPipeline.java.BinaryRedisPipeline.georadiusByMember.Long Parameter List,3.0.0-m1,3.10.0,4.0.0-beta1,16
jedis,3.0.0-m1,redis.clients.jedis.commands,BinaryRedisPipeline,georadiusByMemberReadonly,Long Parameter List,"designitejava,experts",src/main/java/redis/clients/jedis/commands/BinaryRedisPipeline.java,src/main/java/redis/clients/jedis/commands/BinaryRedisPipeline.java.BinaryRedisPipeline.georadiusByMemberReadonly.Long Parameter List,3.0.0-m1,3.10.0,4.0.0-beta1,16
jedis,3.0.0-m1,redis.clients.jedis.commands,BinaryRedisPipeline,georadiusReadonly,Long Parameter List,"designitejava,checkstyle,experts",src/main/java/redis/clients/jedis/commands/BinaryRedisPipeline.java,src/main/java/redis/clients/jedis/commands/BinaryRedisPipeline.java.BinaryRedisPipeline.georadiusReadonly.Long Parameter List,3.0.0-m1,3.10.0,4.0.0-beta1,16
jedis,3.0.0-m1,redis.clients.jedis.commands,BinaryRedisPipeline,migrate,Long Parameter List,"designitejava,experts",src/main/java/redis/clients/jedis/commands/BinaryRedisPipeline.java,src/main/java/redis/clients/jedis/commands/BinaryRedisPipeline.java.BinaryRedisPipeline.migrate.Long Parameter List,3.0.0-m1,3.10.0,4.0.0-beta1,16
jedis,3.1.0-m1,redis.clients.jedis.commands,BinaryRedisPipeline,xadd,Long Parameter List,"designitejava,experts",src/main/java/redis/clients/jedis/commands/BinaryRedisPipeline.java,src/main/java/redis/clients/jedis/commands/BinaryRedisPipeline.java.BinaryRedisPipeline.xadd.Long Parameter List,3.1.0-m1,3.10.0,4.0.0-beta1,14
jedis,3.7.0-RC1,redis.clients.jedis.commands,BinaryRedisPipeline,xautoclaim,Long Parameter List,"designitejava,checkstyle,experts",src/main/java/redis/clients/jedis/commands/BinaryRedisPipeline.java,src/main/java/redis/clients/jedis/commands/BinaryRedisPipeline.java.BinaryRedisPipeline.xautoclaim.Long Parameter List,3.7.0-RC1,3.10.0,4.0.0-beta1,5
jedis,3.7.0-RC1,redis.clients.jedis.commands,BinaryRedisPipeline,xautoclaimJustId,Long Parameter List,"designitejava,checkstyle,experts",src/main/java/redis/clients/jedis/commands/BinaryRedisPipeline.java,src/main/java/redis/clients/jedis/commands/BinaryRedisPipeline.java.BinaryRedisPipeline.xautoclaimJustId.Long Parameter List,3.7.0-RC1,3.10.0,4.0.0-beta1,5
jedis,3.1.0-m1,redis.clients.jedis.commands,BinaryRedisPipeline,xclaim,Long Parameter List,"designitejava,checkstyle,experts",src/main/java/redis/clients/jedis/commands/BinaryRedisPipeline.java,src/main/java/redis/clients/jedis/commands/BinaryRedisPipeline.java.BinaryRedisPipeline.xclaim.Long Parameter List,3.1.0-m1,3.10.0,4.0.0-beta1,14
jedis,3.6.0-rc1,redis.clients.jedis.commands,BinaryRedisPipeline,xclaimJustId,Long Parameter List,"designitejava,checkstyle,experts",src/main/java/redis/clients/jedis/commands/BinaryRedisPipeline.java,src/main/java/redis/clients/jedis/commands/BinaryRedisPipeline.java.BinaryRedisPipeline.xclaimJustId.Long Parameter List,3.6.0-rc1,3.10.0,4.0.0-beta1,7
jedis,3.1.0-m1,redis.clients.jedis.commands,BinaryRedisPipeline,xpending,Long Parameter List,"designitejava,checkstyle,experts",src/main/java/redis/clients/jedis/commands/BinaryRedisPipeline.java,src/main/java/redis/clients/jedis/commands/BinaryRedisPipeline.java.BinaryRedisPipeline.xpending.Long Parameter List,3.1.0-m1,3.10.0,4.0.0-beta1,14
jedis,3.6.0-rc1,redis.clients.jedis.commands,BinaryRedisPipeline,xpendingBinary,Long Parameter List,"designitejava,checkstyle,experts",src/main/java/redis/clients/jedis/commands/BinaryRedisPipeline.java,src/main/java/redis/clients/jedis/commands/BinaryRedisPipeline.java.BinaryRedisPipeline.xpendingBinary.Long Parameter List,3.6.0-rc1,3.10.0,4.0.0-beta1,7
jedis,3.0.0-m1,redis.clients.jedis.commands,BinaryRedisPipeline,zrangeByLex,Long Parameter List,"designitejava,experts",src/main/java/redis/clients/jedis/commands/BinaryRedisPipeline.java,src/main/java/redis/clients/jedis/commands/BinaryRedisPipeline.java.BinaryRedisPipeline.zrangeByLex.Long Parameter List,3.0.0-m1,3.10.0,4.0.0-beta1,16
jedis,3.0.0-m1,redis.clients.jedis.commands,BinaryRedisPipeline,zrangeByScore,Long Parameter List,"designitejava,experts",src/main/java/redis/clients/jedis/commands/BinaryRedisPipeline.java,src/main/java/redis/clients/jedis/commands/BinaryRedisPipeline.java.BinaryRedisPipeline.zrangeByScore.Long Parameter List,3.0.0-m1,3.10.0,4.0.0-beta1,16
jedis,3.0.0-m1,redis.clients.jedis.commands,BinaryRedisPipeline,zrangeByScoreWithScores,Long Parameter List,"designitejava,experts",src/main/java/redis/clients/jedis/commands/BinaryRedisPipeline.java,src/main/java/redis/clients/jedis/commands/BinaryRedisPipeline.java.BinaryRedisPipeline.zrangeByScoreWithScores.Long Parameter List,3.0.0-m1,3.10.0,4.0.0-beta1,16
jedis,3.0.0-m1,redis.clients.jedis.commands,BinaryRedisPipeline,zrevrangeByLex,Long Parameter List,"designitejava,experts",src/main/java/redis/clients/jedis/commands/BinaryRedisPipeline.java,src/main/java/redis/clients/jedis/commands/BinaryRedisPipeline.java.BinaryRedisPipeline.zrevrangeByLex.Long Parameter List,3.0.0-m1,3.10.0,4.0.0-beta1,16
jedis,3.0.0-m1,redis.clients.jedis.commands,BinaryRedisPipeline,zrevrangeByScore,Long Parameter List,"designitejava,experts",src/main/java/redis/clients/jedis/commands/BinaryRedisPipeline.java,src/main/java/redis/clients/jedis/commands/BinaryRedisPipeline.java.BinaryRedisPipeline.zrevrangeByScore.Long Parameter List,3.0.0-m1,3.10.0,4.0.0-beta1,16
jedis,3.0.0-m1,redis.clients.jedis.commands,BinaryRedisPipeline,zrevrangeByScoreWithScores,Long Parameter List,"designitejava,experts",src/main/java/redis/clients/jedis/commands/BinaryRedisPipeline.java,src/main/java/redis/clients/jedis/commands/BinaryRedisPipeline.java.BinaryRedisPipeline.zrevrangeByScoreWithScores.Long Parameter List,3.0.0-m1,3.10.0,4.0.0-beta1,16
jedis,3.0.0-m1,redis.clients.jedis.commands,BinaryScriptingCommands,,God Class,"pmd,experts",src/main/java/redis/clients/jedis/commands/BinaryScriptingCommands.java,src/main/java/redis/clients/jedis/commands/BinaryScriptingCommands.java.BinaryScriptingCommands..God Class,3.0.0-m1,3.10.0,4.0.0-beta1,16
jedis,4.0.0-beta1,redis.clients.jedis.commands,ClientBinaryCommands,,God Class,"pmd,experts",src/main/java/redis/clients/jedis/commands/ClientBinaryCommands.java,src/main/java/redis/clients/jedis/commands/ClientBinaryCommands.java.ClientBinaryCommands..God Class,4.0.0-beta1,5.3.0-beta1,5.3.0-beta1,20
jedis,4.0.0-beta1,redis.clients.jedis.commands,ClientCommands,,God Class,"pmd,experts",src/main/java/redis/clients/jedis/commands/ClientCommands.java,src/main/java/redis/clients/jedis/commands/ClientCommands.java.ClientCommands..God Class,4.0.0-beta1,5.3.0-beta1,5.3.0-beta1,20
jedis,3.0.0-m1,redis.clients.jedis.commands,ClusterCommands,,God Class,"pmd,experts",src/main/java/redis/clients/jedis/commands/ClusterCommands.java,src/main/java/redis/clients/jedis/commands/ClusterCommands.java.ClusterCommands..God Class,3.0.0-m1,5.3.0-beta1,5.3.0-beta1,36
jedis,3.0.0-m1,redis.clients.jedis.commands,Commands,,God Class,"pmd,checkstyle,experts",src/main/java/redis/clients/jedis/commands/Commands.java,src/main/java/redis/clients/jedis/commands/Commands.java.Commands..God Class,3.0.0-m1,3.10.0,4.0.0-beta1,16
jedis,3.6.0-rc1,redis.clients.jedis.commands,Commands,blmove,Long Parameter List,"designitejava,experts",src/main/java/redis/clients/jedis/commands/Commands.java,src/main/java/redis/clients/jedis/commands/Commands.java.Commands.blmove.Long Parameter List,3.6.0-rc1,3.10.0,4.0.0-beta1,7
jedis,3.0.0-m1,redis.clients.jedis.commands,Commands,migrate,Long Parameter List,"designitejava,checkstyle,experts",src/main/java/redis/clients/jedis/commands/Commands.java,src/main/java/redis/clients/jedis/commands/Commands.java.Commands.migrate.Long Parameter List,3.0.0-m1,3.10.0,4.0.0-beta1,16
jedis,3.1.0-m1,redis.clients.jedis.commands,Commands,xadd,Long Parameter List,"designitejava,experts",src/main/java/redis/clients/jedis/commands/Commands.java,src/main/java/redis/clients/jedis/commands/Commands.java.Commands.xadd.Long Parameter List,3.1.0-m1,3.10.0,4.0.0-beta1,14
jedis,3.7.0-RC1,redis.clients.jedis.commands,Commands,xautoclaim,Long Parameter List,"designitejava,checkstyle,experts",src/main/java/redis/clients/jedis/commands/Commands.java,src/main/java/redis/clients/jedis/commands/Commands.java.Commands.xautoclaim.Long Parameter List,3.7.0-RC1,3.10.0,4.0.0-beta1,5
jedis,3.7.0-RC1,redis.clients.jedis.commands,Commands,xautoclaimJustId,Long Parameter List,"designitejava,checkstyle,experts",src/main/java/redis/clients/jedis/commands/Commands.java,src/main/java/redis/clients/jedis/commands/Commands.java.Commands.xautoclaimJustId.Long Parameter List,3.7.0-RC1,3.10.0,4.0.0-beta1,5
jedis,3.1.0-m1,redis.clients.jedis.commands,Commands,xclaim,Long Parameter List,"designitejava,checkstyle,experts",src/main/java/redis/clients/jedis/commands/Commands.java,src/main/java/redis/clients/jedis/commands/Commands.java.Commands.xclaim.Long Parameter List,3.1.0-m1,3.10.0,4.0.0-beta1,14
jedis,3.6.0-rc1,redis.clients.jedis.commands,Commands,xclaimJustId,Long Parameter List,"designitejava,checkstyle,experts",src/main/java/redis/clients/jedis/commands/Commands.java,src/main/java/redis/clients/jedis/commands/Commands.java.Commands.xclaimJustId.Long Parameter List,3.6.0-rc1,3.10.0,4.0.0-beta1,7
jedis,3.1.0-m1,redis.clients.jedis.commands,Commands,xpending,Long Parameter List,"designitejava,checkstyle,experts",src/main/java/redis/clients/jedis/commands/Commands.java,src/main/java/redis/clients/jedis/commands/Commands.java.Commands.xpending.Long Parameter List,3.1.0-m1,3.10.0,4.0.0-beta1,14
jedis,3.1.0-m1,redis.clients.jedis.commands,Commands,xreadGroup,Long Parameter List,"designitejava,checkstyle,experts",src/main/java/redis/clients/jedis/commands/Commands.java,src/main/java/redis/clients/jedis/commands/Commands.java.Commands.xreadGroup.Long Parameter List,3.1.0-m1,3.10.0,4.0.0-beta1,14
jedis,3.0.0-m1,redis.clients.jedis.commands,Commands,zrangeByScore,Long Parameter List,"designitejava,experts",src/main/java/redis/clients/jedis/commands/Commands.java,src/main/java/redis/clients/jedis/commands/Commands.java.Commands.zrangeByScore.Long Parameter List,3.0.0-m1,3.10.0,4.0.0-beta1,16
jedis,3.0.0-m1,redis.clients.jedis.commands,Commands,zrangeByScoreWithScores,Long Parameter List,"designitejava,experts",src/main/java/redis/clients/jedis/commands/Commands.java,src/main/java/redis/clients/jedis/commands/Commands.java.Commands.zrangeByScoreWithScores.Long Parameter List,3.0.0-m1,3.10.0,4.0.0-beta1,16
jedis,3.0.0-m1,redis.clients.jedis.commands,Commands,zrevrangeByScore,Long Parameter List,"designitejava,experts",src/main/java/redis/clients/jedis/commands/Commands.java,src/main/java/redis/clients/jedis/commands/Commands.java.Commands.zrevrangeByScore.Long Parameter List,3.0.0-m1,3.10.0,4.0.0-beta1,16
jedis,3.0.0-m1,redis.clients.jedis.commands,Commands,zrevrangeByScoreWithScores,Long Parameter List,"designitejava,experts",src/main/java/redis/clients/jedis/commands/Commands.java,src/main/java/redis/clients/jedis/commands/Commands.java.Commands.zrevrangeByScoreWithScores.Long Parameter List,3.0.0-m1,3.10.0,4.0.0-beta1,16
jedis,5.0.0,redis.clients.jedis.commands,ConfigCommands,,God Class,"pmd,experts",src/main/java/redis/clients/jedis/commands/ConfigCommands.java,src/main/java/redis/clients/jedis/commands/ConfigCommands.java.ConfigCommands..God Class,5.0.0,5.3.0-beta1,5.3.0-beta1,6
jedis,4.2.0-m1,redis.clients.jedis.commands,ControlCommands,,God Class,"pmd,experts",src/main/java/redis/clients/jedis/commands/ControlCommands.java,src/main/java/redis/clients/jedis/commands/ControlCommands.java.ControlCommands..God Class,4.2.0-m1,5.3.0-beta1,5.3.0-beta1,16
jedis,4.0.0-beta1,redis.clients.jedis.commands,DatabaseCommands,,God Class,"pmd,experts",src/main/java/redis/clients/jedis/commands/DatabaseCommands.java,src/main/java/redis/clients/jedis/commands/DatabaseCommands.java.DatabaseCommands..God Class,4.0.0-beta1,5.3.0-beta1,5.3.0-beta1,20
jedis,4.0.0-beta1,redis.clients.jedis.commands,DatabaseCommands,migrate,Long Parameter List,"designitejava,checkstyle,experts",src/main/java/redis/clients/jedis/commands/DatabaseCommands.java,src/main/java/redis/clients/jedis/commands/DatabaseCommands.java.DatabaseCommands.migrate.Long Parameter List,4.0.0-beta1,5.3.0-beta1,5.3.0-beta1,20
jedis,4.1.0,redis.clients.jedis.commands,DatabasePipelineCommands,,God Class,"pmd,experts",src/main/java/redis/clients/jedis/commands/DatabasePipelineCommands.java,src/main/java/redis/clients/jedis/commands/DatabasePipelineCommands.java.DatabasePipelineCommands..God Class,4.1.0,5.3.0-beta1,5.3.0-beta1,17
jedis,4.1.0,redis.clients.jedis.commands,DatabasePipelineCommands,migrate,Long Parameter List,"designitejava,checkstyle,experts",src/main/java/redis/clients/jedis/commands/DatabasePipelineCommands.java,src/main/java/redis/clients/jedis/commands/DatabasePipelineCommands.java.DatabasePipelineCommands.migrate.Long Parameter List,4.1.0,5.3.0-beta1,5.3.0-beta1,17
jedis,4.2.0-m1,redis.clients.jedis.commands,FunctionBinaryCommands,,God Class,"pmd,experts",src/main/java/redis/clients/jedis/commands/FunctionBinaryCommands.java,src/main/java/redis/clients/jedis/commands/FunctionBinaryCommands.java.FunctionBinaryCommands..God Class,4.2.0-m1,5.3.0-beta1,5.3.0-beta1,16
jedis,4.2.0-m1,redis.clients.jedis.commands,FunctionCommands,,God Class,"pmd,experts",src/main/java/redis/clients/jedis/commands/FunctionCommands.java,src/main/java/redis/clients/jedis/commands/FunctionCommands.java.FunctionCommands..God Class,4.2.0-m1,5.3.0-beta1,5.3.0-beta1,16
jedis,4.2.0-m1,redis.clients.jedis.commands,FunctionPipelineBinaryCommands,,God Class,"pmd,experts",src/main/java/redis/clients/jedis/commands/FunctionPipelineBinaryCommands.java,src/main/java/redis/clients/jedis/commands/FunctionPipelineBinaryCommands.java.FunctionPipelineBinaryCommands..God Class,4.2.0-m1,5.3.0-beta1,5.3.0-beta1,16
jedis,4.2.0-m1,redis.clients.jedis.commands,FunctionPipelineCommands,,God Class,"pmd,experts",src/main/java/redis/clients/jedis/commands/FunctionPipelineCommands.java,src/main/java/redis/clients/jedis/commands/FunctionPipelineCommands.java.FunctionPipelineCommands..God Class,4.2.0-m1,5.3.0-beta1,5.3.0-beta1,16
jedis,4.0.0-beta1,redis.clients.jedis.commands,GeoBinaryCommands,,God Class,"pmd,experts",src/main/java/redis/clients/jedis/commands/GeoBinaryCommands.java,src/main/java/redis/clients/jedis/commands/GeoBinaryCommands.java.GeoBinaryCommands..God Class,4.0.0-beta1,5.3.0-beta1,5.3.0-beta1,20
jedis,4.0.0-beta1,redis.clients.jedis.commands,GeoBinaryCommands,georadius,Long Parameter List,"designitejava,checkstyle,experts",src/main/java/redis/clients/jedis/commands/GeoBinaryCommands.java,src/main/java/redis/clients/jedis/commands/GeoBinaryCommands.java.GeoBinaryCommands.georadius.Long Parameter List,4.0.0-beta1,5.3.0-beta1,5.3.0-beta1,20
jedis,4.0.0-beta1,redis.clients.jedis.commands,GeoBinaryCommands,georadiusByMember,Long Parameter List,"designitejava,experts",src/main/java/redis/clients/jedis/commands/GeoBinaryCommands.java,src/main/java/redis/clients/jedis/commands/GeoBinaryCommands.java.GeoBinaryCommands.georadiusByMember.Long Parameter List,4.0.0-beta1,5.3.0-beta1,5.3.0-beta1,20
jedis,4.0.0-beta1,redis.clients.jedis.commands,GeoBinaryCommands,georadiusByMemberReadonly,Long Parameter List,"designitejava,experts",src/main/java/redis/clients/jedis/commands/GeoBinaryCommands.java,src/main/java/redis/clients/jedis/commands/GeoBinaryCommands.java.GeoBinaryCommands.georadiusByMemberReadonly.Long Parameter List,4.0.0-beta1,5.3.0-beta1,5.3.0-beta1,20
jedis,4.0.0-beta1,redis.clients.jedis.commands,GeoBinaryCommands,georadiusByMemberStore,Long Parameter List,"designitejava,checkstyle,experts",src/main/java/redis/clients/jedis/commands/GeoBinaryCommands.java,src/main/java/redis/clients/jedis/commands/GeoBinaryCommands.java.GeoBinaryCommands.georadiusByMemberStore.Long Parameter List,4.0.0-beta1,5.3.0-beta1,5.3.0-beta1,20
jedis,4.0.0-beta1,redis.clients.jedis.commands,GeoBinaryCommands,georadiusReadonly,Long Parameter List,"designitejava,checkstyle,experts",src/main/java/redis/clients/jedis/commands/GeoBinaryCommands.java,src/main/java/redis/clients/jedis/commands/GeoBinaryCommands.java.GeoBinaryCommands.georadiusReadonly.Long Parameter List,4.0.0-beta1,5.3.0-beta1,5.3.0-beta1,20
jedis,4.0.0-beta1,redis.clients.jedis.commands,GeoBinaryCommands,georadiusStore,Long Parameter List,"designitejava,checkstyle,experts",src/main/java/redis/clients/jedis/commands/GeoBinaryCommands.java,src/main/java/redis/clients/jedis/commands/GeoBinaryCommands.java.GeoBinaryCommands.georadiusStore.Long Parameter List,4.0.0-beta1,5.3.0-beta1,5.3.0-beta1,20
jedis,4.1.0,redis.clients.jedis.commands,GeoBinaryCommands,geosearch,Long Parameter List,"designitejava,experts",src/main/java/redis/clients/jedis/commands/GeoBinaryCommands.java,src/main/java/redis/clients/jedis/commands/GeoBinaryCommands.java.GeoBinaryCommands.geosearch.Long Parameter List,4.1.0,5.3.0-beta1,5.3.0-beta1,17
jedis,4.1.0,redis.clients.jedis.commands,GeoBinaryCommands,geosearchStore,Long Parameter List,"designitejava,checkstyle,experts",src/main/java/redis/clients/jedis/commands/GeoBinaryCommands.java,src/main/java/redis/clients/jedis/commands/GeoBinaryCommands.java.GeoBinaryCommands.geosearchStore.Long Parameter List,4.1.0,5.3.0-beta1,5.3.0-beta1,17
jedis,4.0.0-beta1,redis.clients.jedis.commands,GeoCommands,,God Class,"pmd,experts",src/main/java/redis/clients/jedis/commands/GeoCommands.java,src/main/java/redis/clients/jedis/commands/GeoCommands.java.GeoCommands..God Class,4.0.0-beta1,5.3.0-beta1,5.3.0-beta1,20
jedis,4.0.0-beta1,redis.clients.jedis.commands,GeoCommands,georadius,Long Parameter List,"designitejava,checkstyle,experts",src/main/java/redis/clients/jedis/commands/GeoCommands.java,src/main/java/redis/clients/jedis/commands/GeoCommands.java.GeoCommands.georadius.Long Parameter List,4.0.0-beta1,5.3.0-beta1,5.3.0-beta1,20
jedis,4.0.0-beta1,redis.clients.jedis.commands,GeoCommands,georadiusByMember,Long Parameter List,"designitejava,experts",src/main/java/redis/clients/jedis/commands/GeoCommands.java,src/main/java/redis/clients/jedis/commands/GeoCommands.java.GeoCommands.georadiusByMember.Long Parameter List,4.0.0-beta1,5.3.0-beta1,5.3.0-beta1,20
jedis,4.0.0-beta1,redis.clients.jedis.commands,GeoCommands,georadiusByMemberReadonly,Long Parameter List,"designitejava,experts",src/main/java/redis/clients/jedis/commands/GeoCommands.java,src/main/java/redis/clients/jedis/commands/GeoCommands.java.GeoCommands.georadiusByMemberReadonly.Long Parameter List,4.0.0-beta1,5.3.0-beta1,5.3.0-beta1,20
jedis,4.0.0-beta1,redis.clients.jedis.commands,GeoCommands,georadiusByMemberStore,Long Parameter List,"designitejava,checkstyle,experts",src/main/java/redis/clients/jedis/commands/GeoCommands.java,src/main/java/redis/clients/jedis/commands/GeoCommands.java.GeoCommands.georadiusByMemberStore.Long Parameter List,4.0.0-beta1,5.3.0-beta1,5.3.0-beta1,20
jedis,4.0.0-beta1,redis.clients.jedis.commands,GeoCommands,georadiusReadonly,Long Parameter List,"designitejava,checkstyle,experts",src/main/java/redis/clients/jedis/commands/GeoCommands.java,src/main/java/redis/clients/jedis/commands/GeoCommands.java.GeoCommands.georadiusReadonly.Long Parameter List,4.0.0-beta1,5.3.0-beta1,5.3.0-beta1,20
jedis,4.0.0-beta1,redis.clients.jedis.commands,GeoCommands,georadiusStore,Long Parameter List,"designitejava,checkstyle,experts",src/main/java/redis/clients/jedis/commands/GeoCommands.java,src/main/java/redis/clients/jedis/commands/GeoCommands.java.GeoCommands.georadiusStore.Long Parameter List,4.0.0-beta1,5.3.0-beta1,5.3.0-beta1,20
jedis,4.1.0,redis.clients.jedis.commands,GeoCommands,geosearch,Long Parameter List,"designitejava,experts",src/main/java/redis/clients/jedis/commands/GeoCommands.java,src/main/java/redis/clients/jedis/commands/GeoCommands.java.GeoCommands.geosearch.Long Parameter List,4.1.0,5.3.0-beta1,5.3.0-beta1,17
jedis,4.1.0,redis.clients.jedis.commands,GeoCommands,geosearchStore,Long Parameter List,"designitejava,checkstyle,experts",src/main/java/redis/clients/jedis/commands/GeoCommands.java,src/main/java/redis/clients/jedis/commands/GeoCommands.java.GeoCommands.geosearchStore.Long Parameter List,4.1.0,5.3.0-beta1,5.3.0-beta1,17
jedis,4.0.0-beta1,redis.clients.jedis.commands,GeoPipelineBinaryCommands,,God Class,"pmd,experts",src/main/java/redis/clients/jedis/commands/GeoPipelineBinaryCommands.java,src/main/java/redis/clients/jedis/commands/GeoPipelineBinaryCommands.java.GeoPipelineBinaryCommands..God Class,4.0.0-beta1,5.3.0-beta1,5.3.0-beta1,20
jedis,4.0.0-beta1,redis.clients.jedis.commands,GeoPipelineBinaryCommands,georadius,Long Parameter List,"designitejava,checkstyle,experts",src/main/java/redis/clients/jedis/commands/GeoPipelineBinaryCommands.java,src/main/java/redis/clients/jedis/commands/GeoPipelineBinaryCommands.java.GeoPipelineBinaryCommands.georadius.Long Parameter List,4.0.0-beta1,5.3.0-beta1,5.3.0-beta1,20
jedis,4.0.0-beta1,redis.clients.jedis.commands,GeoPipelineBinaryCommands,georadiusByMember,Long Parameter List,"designitejava,experts",src/main/java/redis/clients/jedis/commands/GeoPipelineBinaryCommands.java,src/main/java/redis/clients/jedis/commands/GeoPipelineBinaryCommands.java.GeoPipelineBinaryCommands.georadiusByMember.Long Parameter List,4.0.0-beta1,5.3.0-beta1,5.3.0-beta1,20
jedis,4.0.0-beta1,redis.clients.jedis.commands,GeoPipelineBinaryCommands,georadiusByMemberReadonly,Long Parameter List,"designitejava,experts",src/main/java/redis/clients/jedis/commands/GeoPipelineBinaryCommands.java,src/main/java/redis/clients/jedis/commands/GeoPipelineBinaryCommands.java.GeoPipelineBinaryCommands.georadiusByMemberReadonly.Long Parameter List,4.0.0-beta1,5.3.0-beta1,5.3.0-beta1,20
jedis,4.0.0-beta1,redis.clients.jedis.commands,GeoPipelineBinaryCommands,georadiusByMemberStore,Long Parameter List,"designitejava,checkstyle,experts",src/main/java/redis/clients/jedis/commands/GeoPipelineBinaryCommands.java,src/main/java/redis/clients/jedis/commands/GeoPipelineBinaryCommands.java.GeoPipelineBinaryCommands.georadiusByMemberStore.Long Parameter List,4.0.0-beta1,5.3.0-beta1,5.3.0-beta1,20
jedis,4.0.0-beta1,redis.clients.jedis.commands,GeoPipelineBinaryCommands,georadiusReadonly,Long Parameter List,"designitejava,checkstyle,experts",src/main/java/redis/clients/jedis/commands/GeoPipelineBinaryCommands.java,src/main/java/redis/clients/jedis/commands/GeoPipelineBinaryCommands.java.GeoPipelineBinaryCommands.georadiusReadonly.Long Parameter List,4.0.0-beta1,5.3.0-beta1,5.3.0-beta1,20
jedis,4.0.0-beta1,redis.clients.jedis.commands,GeoPipelineBinaryCommands,georadiusStore,Long Parameter List,"designitejava,checkstyle,experts",src/main/java/redis/clients/jedis/commands/GeoPipelineBinaryCommands.java,src/main/java/redis/clients/jedis/commands/GeoPipelineBinaryCommands.java.GeoPipelineBinaryCommands.georadiusStore.Long Parameter List,4.0.0-beta1,5.3.0-beta1,5.3.0-beta1,20
jedis,4.1.0,redis.clients.jedis.commands,GeoPipelineBinaryCommands,geosearch,Long Parameter List,"designitejava,experts",src/main/java/redis/clients/jedis/commands/GeoPipelineBinaryCommands.java,src/main/java/redis/clients/jedis/commands/GeoPipelineBinaryCommands.java.GeoPipelineBinaryCommands.geosearch.Long Parameter List,4.1.0,5.3.0-beta1,5.3.0-beta1,17
jedis,4.1.0,redis.clients.jedis.commands,GeoPipelineBinaryCommands,geosearchStore,Long Parameter List,"designitejava,checkstyle,experts",src/main/java/redis/clients/jedis/commands/GeoPipelineBinaryCommands.java,src/main/java/redis/clients/jedis/commands/GeoPipelineBinaryCommands.java.GeoPipelineBinaryCommands.geosearchStore.Long Parameter List,4.1.0,5.3.0-beta1,5.3.0-beta1,17
jedis,4.0.0-beta1,redis.clients.jedis.commands,GeoPipelineCommands,,God Class,"pmd,experts",src/main/java/redis/clients/jedis/commands/GeoPipelineCommands.java,src/main/java/redis/clients/jedis/commands/GeoPipelineCommands.java.GeoPipelineCommands..God Class,4.0.0-beta1,5.3.0-beta1,5.3.0-beta1,20
jedis,4.0.0-beta1,redis.clients.jedis.commands,GeoPipelineCommands,georadius,Long Parameter List,"designitejava,checkstyle,experts",src/main/java/redis/clients/jedis/commands/GeoPipelineCommands.java,src/main/java/redis/clients/jedis/commands/GeoPipelineCommands.java.GeoPipelineCommands.georadius.Long Parameter List,4.0.0-beta1,5.3.0-beta1,5.3.0-beta1,20
jedis,4.0.0-beta1,redis.clients.jedis.commands,GeoPipelineCommands,georadiusByMember,Long Parameter List,"designitejava,experts",src/main/java/redis/clients/jedis/commands/GeoPipelineCommands.java,src/main/java/redis/clients/jedis/commands/GeoPipelineCommands.java.GeoPipelineCommands.georadiusByMember.Long Parameter List,4.0.0-beta1,5.3.0-beta1,5.3.0-beta1,20
jedis,4.0.0-beta1,redis.clients.jedis.commands,GeoPipelineCommands,georadiusByMemberReadonly,Long Parameter List,"designitejava,experts",src/main/java/redis/clients/jedis/commands/GeoPipelineCommands.java,src/main/java/redis/clients/jedis/commands/GeoPipelineCommands.java.GeoPipelineCommands.georadiusByMemberReadonly.Long Parameter List,4.0.0-beta1,5.3.0-beta1,5.3.0-beta1,20
jedis,4.0.0-beta1,redis.clients.jedis.commands,GeoPipelineCommands,georadiusByMemberStore,Long Parameter List,"designitejava,checkstyle,experts",src/main/java/redis/clients/jedis/commands/GeoPipelineCommands.java,src/main/java/redis/clients/jedis/commands/GeoPipelineCommands.java.GeoPipelineCommands.georadiusByMemberStore.Long Parameter List,4.0.0-beta1,5.3.0-beta1,5.3.0-beta1,20
jedis,4.0.0-beta1,redis.clients.jedis.commands,GeoPipelineCommands,georadiusReadonly,Long Parameter List,"designitejava,checkstyle,experts",src/main/java/redis/clients/jedis/commands/GeoPipelineCommands.java,src/main/java/redis/clients/jedis/commands/GeoPipelineCommands.java.GeoPipelineCommands.georadiusReadonly.Long Parameter List,4.0.0-beta1,5.3.0-beta1,5.3.0-beta1,20
jedis,4.0.0-beta1,redis.clients.jedis.commands,GeoPipelineCommands,georadiusStore,Long Parameter List,"designitejava,checkstyle,experts",src/main/java/redis/clients/jedis/commands/GeoPipelineCommands.java,src/main/java/redis/clients/jedis/commands/GeoPipelineCommands.java.GeoPipelineCommands.georadiusStore.Long Parameter List,4.0.0-beta1,5.3.0-beta1,5.3.0-beta1,20
jedis,4.1.0,redis.clients.jedis.commands,GeoPipelineCommands,geosearch,Long Parameter List,"designitejava,experts",src/main/java/redis/clients/jedis/commands/GeoPipelineCommands.java,src/main/java/redis/clients/jedis/commands/GeoPipelineCommands.java.GeoPipelineCommands.geosearch.Long Parameter List,4.1.0,5.3.0-beta1,5.3.0-beta1,17
jedis,4.1.0,redis.clients.jedis.commands,GeoPipelineCommands,geosearchStore,Long Parameter List,"designitejava,checkstyle,experts",src/main/java/redis/clients/jedis/commands/GeoPipelineCommands.java,src/main/java/redis/clients/jedis/commands/GeoPipelineCommands.java.GeoPipelineCommands.geosearchStore.Long Parameter List,4.1.0,5.3.0-beta1,5.3.0-beta1,17
jedis,4.0.0-beta1,redis.clients.jedis.commands,HashBinaryCommands,,God Class,"pmd,experts",src/main/java/redis/clients/jedis/commands/HashBinaryCommands.java,src/main/java/redis/clients/jedis/commands/HashBinaryCommands.java.HashBinaryCommands..God Class,4.0.0-beta1,5.3.0-beta1,5.3.0-beta1,20
jedis,4.0.0-beta1,redis.clients.jedis.commands,HashCommands,,God Class,"pmd,experts",src/main/java/redis/clients/jedis/commands/HashCommands.java,src/main/java/redis/clients/jedis/commands/HashCommands.java.HashCommands..God Class,4.0.0-beta1,5.3.0-beta1,5.3.0-beta1,20
jedis,4.0.0-beta1,redis.clients.jedis.commands,HashPipelineBinaryCommands,,God Class,"pmd,experts",src/main/java/redis/clients/jedis/commands/HashPipelineBinaryCommands.java,src/main/java/redis/clients/jedis/commands/HashPipelineBinaryCommands.java.HashPipelineBinaryCommands..God Class,4.0.0-beta1,5.3.0-beta1,5.3.0-beta1,20
jedis,4.0.0-beta1,redis.clients.jedis.commands,HashPipelineCommands,,God Class,"pmd,experts",src/main/java/redis/clients/jedis/commands/HashPipelineCommands.java,src/main/java/redis/clients/jedis/commands/HashPipelineCommands.java.HashPipelineCommands..God Class,4.0.0-beta1,5.3.0-beta1,5.3.0-beta1,20
jedis,3.0.0-m1,redis.clients.jedis.commands,JedisClusterBinaryScriptingCommands,,God Class,"pmd,experts",src/main/java/redis/clients/jedis/commands/JedisClusterBinaryScriptingCommands.java,src/main/java/redis/clients/jedis/commands/JedisClusterBinaryScriptingCommands.java.JedisClusterBinaryScriptingCommands..God Class,3.0.0-m1,3.10.0,4.0.0-beta1,16
jedis,3.0.0-m1,redis.clients.jedis.commands,JedisClusterCommands,,God Class,"pmd,checkstyle,experts",src/main/java/redis/clients/jedis/commands/JedisClusterCommands.java,src/main/java/redis/clients/jedis/commands/JedisClusterCommands.java.JedisClusterCommands..God Class,3.0.0-m1,3.10.0,4.0.0-beta1,16
jedis,3.0.0-m1,redis.clients.jedis.commands,JedisClusterCommands,georadius,Long Parameter List,"designitejava,checkstyle,experts",src/main/java/redis/clients/jedis/commands/JedisClusterCommands.java,src/main/java/redis/clients/jedis/commands/JedisClusterCommands.java.JedisClusterCommands.georadius.Long Parameter List,3.0.0-m1,3.10.0,4.0.0-beta1,16
jedis,3.0.0-m1,redis.clients.jedis.commands,JedisClusterCommands,georadiusByMember,Long Parameter List,"designitejava,experts",src/main/java/redis/clients/jedis/commands/JedisClusterCommands.java,src/main/java/redis/clients/jedis/commands/JedisClusterCommands.java.JedisClusterCommands.georadiusByMember.Long Parameter List,3.0.0-m1,3.10.0,4.0.0-beta1,16
jedis,3.0.0-m1,redis.clients.jedis.commands,JedisClusterCommands,georadiusByMemberReadonly,Long Parameter List,"designitejava,experts",src/main/java/redis/clients/jedis/commands/JedisClusterCommands.java,src/main/java/redis/clients/jedis/commands/JedisClusterCommands.java.JedisClusterCommands.georadiusByMemberReadonly.Long Parameter List,3.0.0-m1,3.10.0,4.0.0-beta1,16
jedis,3.0.0-m1,redis.clients.jedis.commands,JedisClusterCommands,georadiusReadonly,Long Parameter List,"designitejava,checkstyle,experts",src/main/java/redis/clients/jedis/commands/JedisClusterCommands.java,src/main/java/redis/clients/jedis/commands/JedisClusterCommands.java.JedisClusterCommands.georadiusReadonly.Long Parameter List,3.0.0-m1,3.10.0,4.0.0-beta1,16
jedis,3.1.0-m1,redis.clients.jedis.commands,JedisClusterCommands,xadd,Long Parameter List,"designitejava,experts",src/main/java/redis/clients/jedis/commands/JedisClusterCommands.java,src/main/java/redis/clients/jedis/commands/JedisClusterCommands.java.JedisClusterCommands.xadd.Long Parameter List,3.1.0-m1,3.10.0,4.0.0-beta1,14
jedis,3.7.0-RC1,redis.clients.jedis.commands,JedisClusterCommands,xautoclaim,Long Parameter List,"designitejava,checkstyle,experts",src/main/java/redis/clients/jedis/commands/JedisClusterCommands.java,src/main/java/redis/clients/jedis/commands/JedisClusterCommands.java.JedisClusterCommands.xautoclaim.Long Parameter List,3.7.0-RC1,3.10.0,4.0.0-beta1,5
jedis,3.7.0-RC1,redis.clients.jedis.commands,JedisClusterCommands,xautoclaimJustId,Long Parameter List,"designitejava,checkstyle,experts",src/main/java/redis/clients/jedis/commands/JedisClusterCommands.java,src/main/java/redis/clients/jedis/commands/JedisClusterCommands.java.JedisClusterCommands.xautoclaimJustId.Long Parameter List,3.7.0-RC1,3.10.0,4.0.0-beta1,5
jedis,3.1.0-m1,redis.clients.jedis.commands,JedisClusterCommands,xclaim,Long Parameter List,"designitejava,checkstyle,experts",src/main/java/redis/clients/jedis/commands/JedisClusterCommands.java,src/main/java/redis/clients/jedis/commands/JedisClusterCommands.java.JedisClusterCommands.xclaim.Long Parameter List,3.1.0-m1,3.10.0,4.0.0-beta1,14
jedis,3.6.0-rc1,redis.clients.jedis.commands,JedisClusterCommands,xclaimJustId,Long Parameter List,"designitejava,checkstyle,experts",src/main/java/redis/clients/jedis/commands/JedisClusterCommands.java,src/main/java/redis/clients/jedis/commands/JedisClusterCommands.java.JedisClusterCommands.xclaimJustId.Long Parameter List,3.6.0-rc1,3.10.0,4.0.0-beta1,7
jedis,3.1.0-m1,redis.clients.jedis.commands,JedisClusterCommands,xpending,Long Parameter List,"designitejava,checkstyle,experts",src/main/java/redis/clients/jedis/commands/JedisClusterCommands.java,src/main/java/redis/clients/jedis/commands/JedisClusterCommands.java.JedisClusterCommands.xpending.Long Parameter List,3.1.0-m1,3.10.0,4.0.0-beta1,14
jedis,3.1.0-m1,redis.clients.jedis.commands,JedisClusterCommands,xreadGroup,Long Parameter List,"designitejava,checkstyle,experts",src/main/java/redis/clients/jedis/commands/JedisClusterCommands.java,src/main/java/redis/clients/jedis/commands/JedisClusterCommands.java.JedisClusterCommands.xreadGroup.Long Parameter List,3.1.0-m1,3.10.0,4.0.0-beta1,14
jedis,3.0.0-m1,redis.clients.jedis.commands,JedisClusterCommands,zrangeByLex,Long Parameter List,"designitejava,experts",src/main/java/redis/clients/jedis/commands/JedisClusterCommands.java,src/main/java/redis/clients/jedis/commands/JedisClusterCommands.java.JedisClusterCommands.zrangeByLex.Long Parameter List,3.0.0-m1,3.10.0,4.0.0-beta1,16
jedis,3.0.0-m1,redis.clients.jedis.commands,JedisClusterCommands,zrangeByScore,Long Parameter List,"designitejava,experts",src/main/java/redis/clients/jedis/commands/JedisClusterCommands.java,src/main/java/redis/clients/jedis/commands/JedisClusterCommands.java.JedisClusterCommands.zrangeByScore.Long Parameter List,3.0.0-m1,3.10.0,4.0.0-beta1,16
jedis,3.0.0-m1,redis.clients.jedis.commands,JedisClusterCommands,zrangeByScoreWithScores,Long Parameter List,"designitejava,experts",src/main/java/redis/clients/jedis/commands/JedisClusterCommands.java,src/main/java/redis/clients/jedis/commands/JedisClusterCommands.java.JedisClusterCommands.zrangeByScoreWithScores.Long Parameter List,3.0.0-m1,3.10.0,4.0.0-beta1,16
jedis,3.0.0-m1,redis.clients.jedis.commands,JedisClusterCommands,zrevrangeByLex,Long Parameter List,"designitejava,experts",src/main/java/redis/clients/jedis/commands/JedisClusterCommands.java,src/main/java/redis/clients/jedis/commands/JedisClusterCommands.java.JedisClusterCommands.zrevrangeByLex.Long Parameter List,3.0.0-m1,3.10.0,4.0.0-beta1,16
jedis,3.0.0-m1,redis.clients.jedis.commands,JedisClusterCommands,zrevrangeByScore,Long Parameter List,"designitejava,experts",src/main/java/redis/clients/jedis/commands/JedisClusterCommands.java,src/main/java/redis/clients/jedis/commands/JedisClusterCommands.java.JedisClusterCommands.zrevrangeByScore.Long Parameter List,3.0.0-m1,3.10.0,4.0.0-beta1,16
jedis,3.0.0-m1,redis.clients.jedis.commands,JedisClusterCommands,zrevrangeByScoreWithScores,Long Parameter List,"designitejava,experts",src/main/java/redis/clients/jedis/commands/JedisClusterCommands.java,src/main/java/redis/clients/jedis/commands/JedisClusterCommands.java.JedisClusterCommands.zrevrangeByScoreWithScores.Long Parameter List,3.0.0-m1,3.10.0,4.0.0-beta1,16
jedis,3.0.0-m1,redis.clients.jedis.commands,JedisClusterScriptingCommands,,God Class,"pmd,experts",src/main/java/redis/clients/jedis/commands/JedisClusterScriptingCommands.java,src/main/java/redis/clients/jedis/commands/JedisClusterScriptingCommands.java.JedisClusterScriptingCommands..God Class,3.0.0-m1,3.10.0,4.0.0-beta1,16
jedis,3.0.0-m1,redis.clients.jedis.commands,JedisCommands,,God Class,"pmd,checkstyle,experts",src/main/java/redis/clients/jedis/commands/JedisCommands.java,src/main/java/redis/clients/jedis/commands/JedisCommands.java.JedisCommands..God Class,3.0.0-m1,3.10.0,4.0.0-beta1,16
jedis,3.0.0-m1,redis.clients.jedis.commands,JedisCommands,georadius,Long Parameter List,"designitejava,checkstyle,experts",src/main/java/redis/clients/jedis/commands/JedisCommands.java,src/main/java/redis/clients/jedis/commands/JedisCommands.java.JedisCommands.georadius.Long Parameter List,3.0.0-m1,3.10.0,4.0.0-beta1,16
jedis,3.0.0-m1,redis.clients.jedis.commands,JedisCommands,georadiusByMember,Long Parameter List,"designitejava,experts",src/main/java/redis/clients/jedis/commands/JedisCommands.java,src/main/java/redis/clients/jedis/commands/JedisCommands.java.JedisCommands.georadiusByMember.Long Parameter List,3.0.0-m1,3.10.0,4.0.0-beta1,16
jedis,3.0.0-m1,redis.clients.jedis.commands,JedisCommands,georadiusByMemberReadonly,Long Parameter List,"designitejava,experts",src/main/java/redis/clients/jedis/commands/JedisCommands.java,src/main/java/redis/clients/jedis/commands/JedisCommands.java.JedisCommands.georadiusByMemberReadonly.Long Parameter List,3.0.0-m1,3.10.0,4.0.0-beta1,16
jedis,3.0.0-m1,redis.clients.jedis.commands,JedisCommands,georadiusReadonly,Long Parameter List,"designitejava,checkstyle,experts",src/main/java/redis/clients/jedis/commands/JedisCommands.java,src/main/java/redis/clients/jedis/commands/JedisCommands.java.JedisCommands.georadiusReadonly.Long Parameter List,3.0.0-m1,3.10.0,4.0.0-beta1,16
jedis,3.1.0-m1,redis.clients.jedis.commands,JedisCommands,xadd,Long Parameter List,"designitejava,experts",src/main/java/redis/clients/jedis/commands/JedisCommands.java,src/main/java/redis/clients/jedis/commands/JedisCommands.java.JedisCommands.xadd.Long Parameter List,3.1.0-m1,3.10.0,4.0.0-beta1,14
jedis,3.7.0-RC1,redis.clients.jedis.commands,JedisCommands,xautoclaim,Long Parameter List,"designitejava,checkstyle,experts",src/main/java/redis/clients/jedis/commands/JedisCommands.java,src/main/java/redis/clients/jedis/commands/JedisCommands.java.JedisCommands.xautoclaim.Long Parameter List,3.7.0-RC1,3.10.0,4.0.0-beta1,5
jedis,3.7.0-RC1,redis.clients.jedis.commands,JedisCommands,xautoclaimJustId,Long Parameter List,"designitejava,checkstyle,experts",src/main/java/redis/clients/jedis/commands/JedisCommands.java,src/main/java/redis/clients/jedis/commands/JedisCommands.java.JedisCommands.xautoclaimJustId.Long Parameter List,3.7.0-RC1,3.10.0,4.0.0-beta1,5
jedis,3.1.0-m1,redis.clients.jedis.commands,JedisCommands,xclaim,Long Parameter List,"designitejava,checkstyle,experts",src/main/java/redis/clients/jedis/commands/JedisCommands.java,src/main/java/redis/clients/jedis/commands/JedisCommands.java.JedisCommands.xclaim.Long Parameter List,3.1.0-m1,3.10.0,4.0.0-beta1,14
jedis,3.6.0-rc1,redis.clients.jedis.commands,JedisCommands,xclaimJustId,Long Parameter List,"designitejava,checkstyle,experts",src/main/java/redis/clients/jedis/commands/JedisCommands.java,src/main/java/redis/clients/jedis/commands/JedisCommands.java.JedisCommands.xclaimJustId.Long Parameter List,3.6.0-rc1,3.10.0,4.0.0-beta1,7
jedis,3.1.0-m1,redis.clients.jedis.commands,JedisCommands,xpending,Long Parameter List,"designitejava,checkstyle,experts",src/main/java/redis/clients/jedis/commands/JedisCommands.java,src/main/java/redis/clients/jedis/commands/JedisCommands.java.JedisCommands.xpending.Long Parameter List,3.1.0-m1,3.10.0,4.0.0-beta1,14
jedis,3.0.0-m1,redis.clients.jedis.commands,JedisCommands,zrangeByLex,Long Parameter List,"designitejava,experts",src/main/java/redis/clients/jedis/commands/JedisCommands.java,src/main/java/redis/clients/jedis/commands/JedisCommands.java.JedisCommands.zrangeByLex.Long Parameter List,3.0.0-m1,3.10.0,4.0.0-beta1,16
jedis,3.0.0-m1,redis.clients.jedis.commands,JedisCommands,zrangeByScore,Long Parameter List,"designitejava,experts",src/main/java/redis/clients/jedis/commands/JedisCommands.java,src/main/java/redis/clients/jedis/commands/JedisCommands.java.JedisCommands.zrangeByScore.Long Parameter List,3.0.0-m1,3.10.0,4.0.0-beta1,16
jedis,3.0.0-m1,redis.clients.jedis.commands,JedisCommands,zrangeByScoreWithScores,Long Parameter List,"designitejava,experts",src/main/java/redis/clients/jedis/commands/JedisCommands.java,src/main/java/redis/clients/jedis/commands/JedisCommands.java.JedisCommands.zrangeByScoreWithScores.Long Parameter List,3.0.0-m1,3.10.0,4.0.0-beta1,16
jedis,3.0.0-m1,redis.clients.jedis.commands,JedisCommands,zrevrangeByLex,Long Parameter List,"designitejava,experts",src/main/java/redis/clients/jedis/commands/JedisCommands.java,src/main/java/redis/clients/jedis/commands/JedisCommands.java.JedisCommands.zrevrangeByLex.Long Parameter List,3.0.0-m1,3.10.0,4.0.0-beta1,16
jedis,3.0.0-m1,redis.clients.jedis.commands,JedisCommands,zrevrangeByScore,Long Parameter List,"designitejava,experts",src/main/java/redis/clients/jedis/commands/JedisCommands.java,src/main/java/redis/clients/jedis/commands/JedisCommands.java.JedisCommands.zrevrangeByScore.Long Parameter List,3.0.0-m1,3.10.0,4.0.0-beta1,16
jedis,3.0.0-m1,redis.clients.jedis.commands,JedisCommands,zrevrangeByScoreWithScores,Long Parameter List,"designitejava,experts",src/main/java/redis/clients/jedis/commands/JedisCommands.java,src/main/java/redis/clients/jedis/commands/JedisCommands.java.JedisCommands.zrevrangeByScoreWithScores.Long Parameter List,3.0.0-m1,3.10.0,4.0.0-beta1,16
jedis,4.0.0-beta1,redis.clients.jedis.commands,KeyBinaryCommands,,God Class,"pmd,experts",src/main/java/redis/clients/jedis/commands/KeyBinaryCommands.java,src/main/java/redis/clients/jedis/commands/KeyBinaryCommands.java.KeyBinaryCommands..God Class,4.0.0-beta1,5.3.0-beta1,5.3.0-beta1,20
jedis,4.0.0-beta1,redis.clients.jedis.commands,KeyBinaryCommands,migrate,Long Parameter List,"designitejava,experts",src/main/java/redis/clients/jedis/commands/KeyBinaryCommands.java,src/main/java/redis/clients/jedis/commands/KeyBinaryCommands.java.KeyBinaryCommands.migrate.Long Parameter List,4.0.0-beta1,5.3.0-beta1,5.3.0-beta1,20
jedis,4.0.0-beta1,redis.clients.jedis.commands,KeyCommands,,God Class,"pmd,experts",src/main/java/redis/clients/jedis/commands/KeyCommands.java,src/main/java/redis/clients/jedis/commands/KeyCommands.java.KeyCommands..God Class,4.0.0-beta1,5.3.0-beta1,5.3.0-beta1,20
jedis,4.0.0-beta1,redis.clients.jedis.commands,KeyCommands,migrate,Long Parameter List,"designitejava,experts",src/main/java/redis/clients/jedis/commands/KeyCommands.java,src/main/java/redis/clients/jedis/commands/KeyCommands.java.KeyCommands.migrate.Long Parameter List,4.0.0-beta1,5.3.0-beta1,5.3.0-beta1,20
jedis,4.0.0-beta1,redis.clients.jedis.commands,KeyPipelineBinaryCommands,,God Class,"pmd,experts",src/main/java/redis/clients/jedis/commands/KeyPipelineBinaryCommands.java,src/main/java/redis/clients/jedis/commands/KeyPipelineBinaryCommands.java.KeyPipelineBinaryCommands..God Class,4.0.0-beta1,5.3.0-beta1,5.3.0-beta1,20
jedis,4.0.0-beta1,redis.clients.jedis.commands,KeyPipelineBinaryCommands,migrate,Long Parameter List,"designitejava,experts",src/main/java/redis/clients/jedis/commands/KeyPipelineBinaryCommands.java,src/main/java/redis/clients/jedis/commands/KeyPipelineBinaryCommands.java.KeyPipelineBinaryCommands.migrate.Long Parameter List,4.0.0-beta1,5.3.0-beta1,5.3.0-beta1,20
jedis,4.0.0-beta1,redis.clients.jedis.commands,KeyPipelineCommands,,God Class,"pmd,experts",src/main/java/redis/clients/jedis/commands/KeyPipelineCommands.java,src/main/java/redis/clients/jedis/commands/KeyPipelineCommands.java.KeyPipelineCommands..God Class,4.0.0-beta1,5.3.0-beta1,5.3.0-beta1,20
jedis,4.0.0-beta1,redis.clients.jedis.commands,KeyPipelineCommands,migrate,Long Parameter List,"designitejava,experts",src/main/java/redis/clients/jedis/commands/KeyPipelineCommands.java,src/main/java/redis/clients/jedis/commands/KeyPipelineCommands.java.KeyPipelineCommands.migrate.Long Parameter List,4.0.0-beta1,5.3.0-beta1,5.3.0-beta1,20
jedis,4.0.0-beta1,redis.clients.jedis.commands,ListBinaryCommands,,God Class,"pmd,experts",src/main/java/redis/clients/jedis/commands/ListBinaryCommands.java,src/main/java/redis/clients/jedis/commands/ListBinaryCommands.java.ListBinaryCommands..God Class,4.0.0-beta1,5.3.0-beta1,5.3.0-beta1,20
jedis,4.0.0-beta1,redis.clients.jedis.commands,ListBinaryCommands,blmove,Long Parameter List,"designitejava,experts",src/main/java/redis/clients/jedis/commands/ListBinaryCommands.java,src/main/java/redis/clients/jedis/commands/ListBinaryCommands.java.ListBinaryCommands.blmove.Long Parameter List,4.0.0-beta1,5.3.0-beta1,5.3.0-beta1,20
jedis,4.0.0-beta1,redis.clients.jedis.commands,ListCommands,,God Class,"pmd,experts",src/main/java/redis/clients/jedis/commands/ListCommands.java,src/main/java/redis/clients/jedis/commands/ListCommands.java.ListCommands..God Class,4.0.0-beta1,5.3.0-beta1,5.3.0-beta1,20
jedis,4.0.0-beta1,redis.clients.jedis.commands,ListCommands,blmove,Long Parameter List,"designitejava,experts",src/main/java/redis/clients/jedis/commands/ListCommands.java,src/main/java/redis/clients/jedis/commands/ListCommands.java.ListCommands.blmove.Long Parameter List,4.0.0-beta1,5.3.0-beta1,5.3.0-beta1,20
jedis,4.0.0-beta1,redis.clients.jedis.commands,ListPipelineBinaryCommands,,God Class,"pmd,experts",src/main/java/redis/clients/jedis/commands/ListPipelineBinaryCommands.java,src/main/java/redis/clients/jedis/commands/ListPipelineBinaryCommands.java.ListPipelineBinaryCommands..God Class,4.0.0-beta1,5.3.0-beta1,5.3.0-beta1,20
jedis,4.0.0-beta1,redis.clients.jedis.commands,ListPipelineBinaryCommands,blmove,Long Parameter List,"designitejava,experts",src/main/java/redis/clients/jedis/commands/ListPipelineBinaryCommands.java,src/main/java/redis/clients/jedis/commands/ListPipelineBinaryCommands.java.ListPipelineBinaryCommands.blmove.Long Parameter List,4.0.0-beta1,5.3.0-beta1,5.3.0-beta1,20
jedis,4.0.0-beta1,redis.clients.jedis.commands,ListPipelineCommands,,God Class,"pmd,experts",src/main/java/redis/clients/jedis/commands/ListPipelineCommands.java,src/main/java/redis/clients/jedis/commands/ListPipelineCommands.java.ListPipelineCommands..God Class,4.0.0-beta1,5.3.0-beta1,5.3.0-beta1,20
jedis,4.0.0-beta1,redis.clients.jedis.commands,ListPipelineCommands,blmove,Long Parameter List,"designitejava,experts",src/main/java/redis/clients/jedis/commands/ListPipelineCommands.java,src/main/java/redis/clients/jedis/commands/ListPipelineCommands.java.ListPipelineCommands.blmove.Long Parameter List,4.0.0-beta1,5.3.0-beta1,5.3.0-beta1,20
jedis,3.0.0-m1,redis.clients.jedis.commands,MultiKeyBinaryCommands,,God Class,"pmd,experts",src/main/java/redis/clients/jedis/commands/MultiKeyBinaryCommands.java,src/main/java/redis/clients/jedis/commands/MultiKeyBinaryCommands.java.MultiKeyBinaryCommands..God Class,3.0.0-m1,3.10.0,4.0.0-beta1,16
jedis,3.6.0-rc1,redis.clients.jedis.commands,MultiKeyBinaryCommands,blmove,Long Parameter List,"designitejava,experts",src/main/java/redis/clients/jedis/commands/MultiKeyBinaryCommands.java,src/main/java/redis/clients/jedis/commands/MultiKeyBinaryCommands.java.MultiKeyBinaryCommands.blmove.Long Parameter List,3.6.0-rc1,3.10.0,4.0.0-beta1,7
jedis,3.4.0,redis.clients.jedis.commands,MultiKeyBinaryCommands,georadiusByMemberStore,Long Parameter List,"designitejava,checkstyle,experts",src/main/java/redis/clients/jedis/commands/MultiKeyBinaryCommands.java,src/main/java/redis/clients/jedis/commands/MultiKeyBinaryCommands.java.MultiKeyBinaryCommands.georadiusByMemberStore.Long Parameter List,3.4.0,3.10.0,4.0.0-beta1,9
jedis,3.4.0,redis.clients.jedis.commands,MultiKeyBinaryCommands,georadiusStore,Long Parameter List,"designitejava,checkstyle,experts",src/main/java/redis/clients/jedis/commands/MultiKeyBinaryCommands.java,src/main/java/redis/clients/jedis/commands/MultiKeyBinaryCommands.java.MultiKeyBinaryCommands.georadiusStore.Long Parameter List,3.4.0,3.10.0,4.0.0-beta1,9
jedis,3.1.0-m1,redis.clients.jedis.commands,MultiKeyBinaryCommands,xreadGroup,Long Parameter List,"designitejava,checkstyle,experts",src/main/java/redis/clients/jedis/commands/MultiKeyBinaryCommands.java,src/main/java/redis/clients/jedis/commands/MultiKeyBinaryCommands.java.MultiKeyBinaryCommands.xreadGroup.Long Parameter List,3.1.0-m1,3.10.0,4.0.0-beta1,14
jedis,3.0.0-m1,redis.clients.jedis.commands,MultiKeyBinaryJedisClusterCommands,,God Class,"pmd,experts",src/main/java/redis/clients/jedis/commands/MultiKeyBinaryJedisClusterCommands.java,src/main/java/redis/clients/jedis/commands/MultiKeyBinaryJedisClusterCommands.java.MultiKeyBinaryJedisClusterCommands..God Class,3.0.0-m1,3.10.0,4.0.0-beta1,16
jedis,3.6.0-rc1,redis.clients.jedis.commands,MultiKeyBinaryJedisClusterCommands,blmove,Long Parameter List,"designitejava,experts",src/main/java/redis/clients/jedis/commands/MultiKeyBinaryJedisClusterCommands.java,src/main/java/redis/clients/jedis/commands/MultiKeyBinaryJedisClusterCommands.java.MultiKeyBinaryJedisClusterCommands.blmove.Long Parameter List,3.6.0-rc1,3.10.0,4.0.0-beta1,7
jedis,3.4.0,redis.clients.jedis.commands,MultiKeyBinaryJedisClusterCommands,georadiusByMemberStore,Long Parameter List,"designitejava,checkstyle,experts",src/main/java/redis/clients/jedis/commands/MultiKeyBinaryJedisClusterCommands.java,src/main/java/redis/clients/jedis/commands/MultiKeyBinaryJedisClusterCommands.java.MultiKeyBinaryJedisClusterCommands.georadiusByMemberStore.Long Parameter List,3.4.0,3.10.0,4.0.0-beta1,9
jedis,3.4.0,redis.clients.jedis.commands,MultiKeyBinaryJedisClusterCommands,georadiusStore,Long Parameter List,"designitejava,checkstyle,experts",src/main/java/redis/clients/jedis/commands/MultiKeyBinaryJedisClusterCommands.java,src/main/java/redis/clients/jedis/commands/MultiKeyBinaryJedisClusterCommands.java.MultiKeyBinaryJedisClusterCommands.georadiusStore.Long Parameter List,3.4.0,3.10.0,4.0.0-beta1,9
jedis,3.1.0-rc,redis.clients.jedis.commands,MultiKeyBinaryJedisClusterCommands,xreadGroup,Long Parameter List,"designitejava,checkstyle,experts",src/main/java/redis/clients/jedis/commands/MultiKeyBinaryJedisClusterCommands.java,src/main/java/redis/clients/jedis/commands/MultiKeyBinaryJedisClusterCommands.java.MultiKeyBinaryJedisClusterCommands.xreadGroup.Long Parameter List,3.1.0-rc,3.10.0,4.0.0-beta1,13
jedis,3.0.0-m1,redis.clients.jedis.commands,MultiKeyBinaryRedisPipeline,,God Class,"pmd,experts",src/main/java/redis/clients/jedis/commands/MultiKeyBinaryRedisPipeline.java,src/main/java/redis/clients/jedis/commands/MultiKeyBinaryRedisPipeline.java.MultiKeyBinaryRedisPipeline..God Class,3.0.0-m1,3.10.0,4.0.0-beta1,16
jedis,3.6.0-rc1,redis.clients.jedis.commands,MultiKeyBinaryRedisPipeline,blmove,Long Parameter List,"designitejava,experts",src/main/java/redis/clients/jedis/commands/MultiKeyBinaryRedisPipeline.java,src/main/java/redis/clients/jedis/commands/MultiKeyBinaryRedisPipeline.java.MultiKeyBinaryRedisPipeline.blmove.Long Parameter List,3.6.0-rc1,3.10.0,4.0.0-beta1,7
jedis,3.4.0,redis.clients.jedis.commands,MultiKeyBinaryRedisPipeline,georadiusByMemberStore,Long Parameter List,"designitejava,checkstyle,experts",src/main/java/redis/clients/jedis/commands/MultiKeyBinaryRedisPipeline.java,src/main/java/redis/clients/jedis/commands/MultiKeyBinaryRedisPipeline.java.MultiKeyBinaryRedisPipeline.georadiusByMemberStore.Long Parameter List,3.4.0,3.10.0,4.0.0-beta1,9
jedis,3.4.0,redis.clients.jedis.commands,MultiKeyBinaryRedisPipeline,georadiusStore,Long Parameter List,"designitejava,checkstyle,experts",src/main/java/redis/clients/jedis/commands/MultiKeyBinaryRedisPipeline.java,src/main/java/redis/clients/jedis/commands/MultiKeyBinaryRedisPipeline.java.MultiKeyBinaryRedisPipeline.georadiusStore.Long Parameter List,3.4.0,3.10.0,4.0.0-beta1,9
jedis,3.0.0-m1,redis.clients.jedis.commands,MultiKeyBinaryRedisPipeline,migrate,Long Parameter List,"designitejava,checkstyle,experts",src/main/java/redis/clients/jedis/commands/MultiKeyBinaryRedisPipeline.java,src/main/java/redis/clients/jedis/commands/MultiKeyBinaryRedisPipeline.java.MultiKeyBinaryRedisPipeline.migrate.Long Parameter List,3.0.0-m1,3.10.0,4.0.0-beta1,16
jedis,3.6.0-rc1,redis.clients.jedis.commands,MultiKeyBinaryRedisPipeline,xreadGroup,Long Parameter List,"designitejava,checkstyle,experts",src/main/java/redis/clients/jedis/commands/MultiKeyBinaryRedisPipeline.java,src/main/java/redis/clients/jedis/commands/MultiKeyBinaryRedisPipeline.java.MultiKeyBinaryRedisPipeline.xreadGroup.Long Parameter List,3.6.0-rc1,3.10.0,4.0.0-beta1,7
jedis,3.0.0-m1,redis.clients.jedis.commands,MultiKeyCommands,,God Class,"pmd,experts",src/main/java/redis/clients/jedis/commands/MultiKeyCommands.java,src/main/java/redis/clients/jedis/commands/MultiKeyCommands.java.MultiKeyCommands..God Class,3.0.0-m1,3.10.0,4.0.0-beta1,16
jedis,3.6.0-rc1,redis.clients.jedis.commands,MultiKeyCommands,blmove,Long Parameter List,"designitejava,experts",src/main/java/redis/clients/jedis/commands/MultiKeyCommands.java,src/main/java/redis/clients/jedis/commands/MultiKeyCommands.java.MultiKeyCommands.blmove.Long Parameter List,3.6.0-rc1,3.10.0,4.0.0-beta1,7
jedis,3.4.0,redis.clients.jedis.commands,MultiKeyCommands,georadiusByMemberStore,Long Parameter List,"designitejava,checkstyle,experts",src/main/java/redis/clients/jedis/commands/MultiKeyCommands.java,src/main/java/redis/clients/jedis/commands/MultiKeyCommands.java.MultiKeyCommands.georadiusByMemberStore.Long Parameter List,3.4.0,3.10.0,4.0.0-beta1,9
jedis,3.4.0,redis.clients.jedis.commands,MultiKeyCommands,georadiusStore,Long Parameter List,"designitejava,checkstyle,experts",src/main/java/redis/clients/jedis/commands/MultiKeyCommands.java,src/main/java/redis/clients/jedis/commands/MultiKeyCommands.java.MultiKeyCommands.georadiusStore.Long Parameter List,3.4.0,3.10.0,4.0.0-beta1,9
jedis,3.1.0-m1,redis.clients.jedis.commands,MultiKeyCommands,xreadGroup,Long Parameter List,"designitejava,checkstyle,experts",src/main/java/redis/clients/jedis/commands/MultiKeyCommands.java,src/main/java/redis/clients/jedis/commands/MultiKeyCommands.java.MultiKeyCommands.xreadGroup.Long Parameter List,3.1.0-m1,3.10.0,4.0.0-beta1,14
jedis,3.0.0-m1,redis.clients.jedis.commands,MultiKeyCommandsPipeline,,God Class,"pmd,experts",src/main/java/redis/clients/jedis/commands/MultiKeyCommandsPipeline.java,src/main/java/redis/clients/jedis/commands/MultiKeyCommandsPipeline.java.MultiKeyCommandsPipeline..God Class,3.0.0-m1,3.10.0,4.0.0-beta1,16
jedis,3.6.0-rc1,redis.clients.jedis.commands,MultiKeyCommandsPipeline,blmove,Long Parameter List,"designitejava,experts",src/main/java/redis/clients/jedis/commands/MultiKeyCommandsPipeline.java,src/main/java/redis/clients/jedis/commands/MultiKeyCommandsPipeline.java.MultiKeyCommandsPipeline.blmove.Long Parameter List,3.6.0-rc1,3.10.0,4.0.0-beta1,7
jedis,3.4.0,redis.clients.jedis.commands,MultiKeyCommandsPipeline,georadiusByMemberStore,Long Parameter List,"designitejava,checkstyle,experts",src/main/java/redis/clients/jedis/commands/MultiKeyCommandsPipeline.java,src/main/java/redis/clients/jedis/commands/MultiKeyCommandsPipeline.java.MultiKeyCommandsPipeline.georadiusByMemberStore.Long Parameter List,3.4.0,3.10.0,4.0.0-beta1,9
jedis,3.4.0,redis.clients.jedis.commands,MultiKeyCommandsPipeline,georadiusStore,Long Parameter List,"designitejava,checkstyle,experts",src/main/java/redis/clients/jedis/commands/MultiKeyCommandsPipeline.java,src/main/java/redis/clients/jedis/commands/MultiKeyCommandsPipeline.java.MultiKeyCommandsPipeline.georadiusStore.Long Parameter List,3.4.0,3.10.0,4.0.0-beta1,9
jedis,3.0.0-m1,redis.clients.jedis.commands,MultiKeyCommandsPipeline,migrate,Long Parameter List,"designitejava,checkstyle,experts",src/main/java/redis/clients/jedis/commands/MultiKeyCommandsPipeline.java,src/main/java/redis/clients/jedis/commands/MultiKeyCommandsPipeline.java.MultiKeyCommandsPipeline.migrate.Long Parameter List,3.0.0-m1,3.10.0,4.0.0-beta1,16
jedis,3.6.0-rc1,redis.clients.jedis.commands,MultiKeyCommandsPipeline,xreadGroup,Long Parameter List,"designitejava,checkstyle,experts",src/main/java/redis/clients/jedis/commands/MultiKeyCommandsPipeline.java,src/main/java/redis/clients/jedis/commands/MultiKeyCommandsPipeline.java.MultiKeyCommandsPipeline.xreadGroup.Long Parameter List,3.6.0-rc1,3.10.0,4.0.0-beta1,7
jedis,3.0.0-m1,redis.clients.jedis.commands,MultiKeyJedisClusterCommands,,God Class,"pmd,experts",src/main/java/redis/clients/jedis/commands/MultiKeyJedisClusterCommands.java,src/main/java/redis/clients/jedis/commands/MultiKeyJedisClusterCommands.java.MultiKeyJedisClusterCommands..God Class,3.0.0-m1,3.10.0,4.0.0-beta1,16
jedis,3.6.0-rc1,redis.clients.jedis.commands,MultiKeyJedisClusterCommands,blmove,Long Parameter List,"designitejava,experts",src/main/java/redis/clients/jedis/commands/MultiKeyJedisClusterCommands.java,src/main/java/redis/clients/jedis/commands/MultiKeyJedisClusterCommands.java.MultiKeyJedisClusterCommands.blmove.Long Parameter List,3.6.0-rc1,3.10.0,4.0.0-beta1,7
jedis,3.4.0,redis.clients.jedis.commands,MultiKeyJedisClusterCommands,georadiusByMemberStore,Long Parameter List,"designitejava,checkstyle,experts",src/main/java/redis/clients/jedis/commands/MultiKeyJedisClusterCommands.java,src/main/java/redis/clients/jedis/commands/MultiKeyJedisClusterCommands.java.MultiKeyJedisClusterCommands.georadiusByMemberStore.Long Parameter List,3.4.0,3.10.0,4.0.0-beta1,9
jedis,3.4.0,redis.clients.jedis.commands,MultiKeyJedisClusterCommands,georadiusStore,Long Parameter List,"designitejava,checkstyle,experts",src/main/java/redis/clients/jedis/commands/MultiKeyJedisClusterCommands.java,src/main/java/redis/clients/jedis/commands/MultiKeyJedisClusterCommands.java.MultiKeyJedisClusterCommands.georadiusStore.Long Parameter List,3.4.0,3.10.0,4.0.0-beta1,9
jedis,3.4.0,redis.clients.jedis.commands,MultiKeyJedisClusterCommands,xreadGroup,Long Parameter List,"designitejava,checkstyle,experts",src/main/java/redis/clients/jedis/commands/MultiKeyJedisClusterCommands.java,src/main/java/redis/clients/jedis/commands/MultiKeyJedisClusterCommands.java.MultiKeyJedisClusterCommands.xreadGroup.Long Parameter List,3.4.0,3.10.0,4.0.0-beta1,9
jedis,2.8.0,redis.clients.jedis.commands,RedisPipeline,,God Class,"pmd,checkstyle,experts",src/main/java/redis/clients/jedis/commands/RedisPipeline.java,src/main/java/redis/clients/jedis/commands/RedisPipeline.java.RedisPipeline..God Class,2.8.0,3.10.0,4.0.0-beta1,20
jedis,2.8.0,redis.clients.jedis.commands,RedisPipeline,georadius,Long Parameter List,"designitejava,checkstyle,experts",src/main/java/redis/clients/jedis/commands/RedisPipeline.java,src/main/java/redis/clients/jedis/commands/RedisPipeline.java.RedisPipeline.georadius.Long Parameter List,2.8.0,3.10.0,4.0.0-beta1,20
jedis,2.8.0,redis.clients.jedis.commands,RedisPipeline,georadiusByMember,Long Parameter List,"designitejava,experts",src/main/java/redis/clients/jedis/commands/RedisPipeline.java,src/main/java/redis/clients/jedis/commands/RedisPipeline.java.RedisPipeline.georadiusByMember.Long Parameter List,2.8.0,3.10.0,4.0.0-beta1,20
jedis,3.0.0-m1,redis.clients.jedis.commands,RedisPipeline,georadiusByMemberReadonly,Long Parameter List,"designitejava,experts",src/main/java/redis/clients/jedis/commands/RedisPipeline.java,src/main/java/redis/clients/jedis/commands/RedisPipeline.java.RedisPipeline.georadiusByMemberReadonly.Long Parameter List,3.0.0-m1,3.10.0,4.0.0-beta1,16
jedis,3.0.0-m1,redis.clients.jedis.commands,RedisPipeline,georadiusReadonly,Long Parameter List,"designitejava,checkstyle,experts",src/main/java/redis/clients/jedis/commands/RedisPipeline.java,src/main/java/redis/clients/jedis/commands/RedisPipeline.java.RedisPipeline.georadiusReadonly.Long Parameter List,3.0.0-m1,3.10.0,4.0.0-beta1,16
jedis,3.0.0-m1,redis.clients.jedis.commands,RedisPipeline,migrate,Long Parameter List,"designitejava,experts",src/main/java/redis/clients/jedis/commands/RedisPipeline.java,src/main/java/redis/clients/jedis/commands/RedisPipeline.java.RedisPipeline.migrate.Long Parameter List,3.0.0-m1,3.10.0,4.0.0-beta1,16
jedis,3.1.0-m1,redis.clients.jedis.commands,RedisPipeline,xadd,Long Parameter List,"designitejava,experts",src/main/java/redis/clients/jedis/commands/RedisPipeline.java,src/main/java/redis/clients/jedis/commands/RedisPipeline.java.RedisPipeline.xadd.Long Parameter List,3.1.0-m1,3.10.0,4.0.0-beta1,14
jedis,3.7.0-RC1,redis.clients.jedis.commands,RedisPipeline,xautoclaim,Long Parameter List,"designitejava,checkstyle,experts",src/main/java/redis/clients/jedis/commands/RedisPipeline.java,src/main/java/redis/clients/jedis/commands/RedisPipeline.java.RedisPipeline.xautoclaim.Long Parameter List,3.7.0-RC1,3.10.0,4.0.0-beta1,5
jedis,3.7.0-RC1,redis.clients.jedis.commands,RedisPipeline,xautoclaimJustId,Long Parameter List,"designitejava,checkstyle,experts",src/main/java/redis/clients/jedis/commands/RedisPipeline.java,src/main/java/redis/clients/jedis/commands/RedisPipeline.java.RedisPipeline.xautoclaimJustId.Long Parameter List,3.7.0-RC1,3.10.0,4.0.0-beta1,5
jedis,3.1.0-m1,redis.clients.jedis.commands,RedisPipeline,xclaim,Long Parameter List,"designitejava,checkstyle,experts",src/main/java/redis/clients/jedis/commands/RedisPipeline.java,src/main/java/redis/clients/jedis/commands/RedisPipeline.java.RedisPipeline.xclaim.Long Parameter List,3.1.0-m1,3.10.0,4.0.0-beta1,14
jedis,3.6.0-rc1,redis.clients.jedis.commands,RedisPipeline,xclaimJustId,Long Parameter List,"designitejava,checkstyle,experts",src/main/java/redis/clients/jedis/commands/RedisPipeline.java,src/main/java/redis/clients/jedis/commands/RedisPipeline.java.RedisPipeline.xclaimJustId.Long Parameter List,3.6.0-rc1,3.10.0,4.0.0-beta1,7
jedis,3.1.0-m1,redis.clients.jedis.commands,RedisPipeline,xpending,Long Parameter List,"designitejava,checkstyle,experts",src/main/java/redis/clients/jedis/commands/RedisPipeline.java,src/main/java/redis/clients/jedis/commands/RedisPipeline.java.RedisPipeline.xpending.Long Parameter List,3.1.0-m1,3.10.0,4.0.0-beta1,14
jedis,2.8.0,redis.clients.jedis.commands,RedisPipeline,zrangeByLex,Long Parameter List,"designitejava,experts",src/main/java/redis/clients/jedis/commands/RedisPipeline.java,src/main/java/redis/clients/jedis/commands/RedisPipeline.java.RedisPipeline.zrangeByLex.Long Parameter List,2.8.0,3.10.0,4.0.0-beta1,20
jedis,2.8.0,redis.clients.jedis.commands,RedisPipeline,zrangeByScore,Long Parameter List,"designitejava,experts",src/main/java/redis/clients/jedis/commands/RedisPipeline.java,src/main/java/redis/clients/jedis/commands/RedisPipeline.java.RedisPipeline.zrangeByScore.Long Parameter List,2.8.0,3.10.0,4.0.0-beta1,20
jedis,2.8.0,redis.clients.jedis.commands,RedisPipeline,zrangeByScoreWithScores,Long Parameter List,"designitejava,experts",src/main/java/redis/clients/jedis/commands/RedisPipeline.java,src/main/java/redis/clients/jedis/commands/RedisPipeline.java.RedisPipeline.zrangeByScoreWithScores.Long Parameter List,2.8.0,3.10.0,4.0.0-beta1,20
jedis,2.8.0,redis.clients.jedis.commands,RedisPipeline,zrevrangeByLex,Long Parameter List,"designitejava,experts",src/main/java/redis/clients/jedis/commands/RedisPipeline.java,src/main/java/redis/clients/jedis/commands/RedisPipeline.java.RedisPipeline.zrevrangeByLex.Long Parameter List,2.8.0,3.10.0,4.0.0-beta1,20
jedis,2.8.0,redis.clients.jedis.commands,RedisPipeline,zrevrangeByScore,Long Parameter List,"designitejava,experts",src/main/java/redis/clients/jedis/commands/RedisPipeline.java,src/main/java/redis/clients/jedis/commands/RedisPipeline.java.RedisPipeline.zrevrangeByScore.Long Parameter List,2.8.0,3.10.0,4.0.0-beta1,20
jedis,2.8.0,redis.clients.jedis.commands,RedisPipeline,zrevrangeByScoreWithScores,Long Parameter List,"designitejava,experts",src/main/java/redis/clients/jedis/commands/RedisPipeline.java,src/main/java/redis/clients/jedis/commands/RedisPipeline.java.RedisPipeline.zrevrangeByScoreWithScores.Long Parameter List,2.8.0,3.10.0,4.0.0-beta1,20
jedis,3.7.0-RC1,redis.clients.jedis.commands,SentinelCommands,,God Class,"pmd,experts",src/main/java/redis/clients/jedis/commands/SentinelCommands.java,src/main/java/redis/clients/jedis/commands/SentinelCommands.java.SentinelCommands..God Class,3.7.0-RC1,5.3.0-beta1,5.3.0-beta1,25
jedis,4.0.0-beta1,redis.clients.jedis.commands,ServerCommands,,God Class,"pmd,experts",src/main/java/redis/clients/jedis/commands/ServerCommands.java,src/main/java/redis/clients/jedis/commands/ServerCommands.java.ServerCommands..God Class,4.0.0-beta1,5.3.0-beta1,5.3.0-beta1,20
jedis,4.0.0-beta1,redis.clients.jedis.commands,SetBinaryCommands,,God Class,"pmd,experts",src/main/java/redis/clients/jedis/commands/SetBinaryCommands.java,src/main/java/redis/clients/jedis/commands/SetBinaryCommands.java.SetBinaryCommands..God Class,4.0.0-beta1,5.3.0-beta1,5.3.0-beta1,20
jedis,4.0.0-beta1,redis.clients.jedis.commands,SetCommands,,God Class,"pmd,experts",src/main/java/redis/clients/jedis/commands/SetCommands.java,src/main/java/redis/clients/jedis/commands/SetCommands.java.SetCommands..God Class,4.0.0-beta1,5.3.0-beta1,5.3.0-beta1,20
jedis,4.0.0-beta1,redis.clients.jedis.commands,SetPipelineBinaryCommands,,God Class,"pmd,experts",src/main/java/redis/clients/jedis/commands/SetPipelineBinaryCommands.java,src/main/java/redis/clients/jedis/commands/SetPipelineBinaryCommands.java.SetPipelineBinaryCommands..God Class,4.0.0-beta1,5.3.0-beta1,5.3.0-beta1,20
jedis,4.0.0-beta1,redis.clients.jedis.commands,SetPipelineCommands,,God Class,"pmd,experts",src/main/java/redis/clients/jedis/commands/SetPipelineCommands.java,src/main/java/redis/clients/jedis/commands/SetPipelineCommands.java.SetPipelineCommands..God Class,4.0.0-beta1,5.3.0-beta1,5.3.0-beta1,20
jedis,4.0.0-beta1,redis.clients.jedis.commands,SortedSetBinaryCommands,,God Class,"pmd,experts",src/main/java/redis/clients/jedis/commands/SortedSetBinaryCommands.java,src/main/java/redis/clients/jedis/commands/SortedSetBinaryCommands.java.SortedSetBinaryCommands..God Class,4.0.0-beta1,5.3.0-beta1,5.3.0-beta1,20
jedis,4.0.0-beta1,redis.clients.jedis.commands,SortedSetBinaryCommands,zrangeByLex,Long Parameter List,"designitejava,experts",src/main/java/redis/clients/jedis/commands/SortedSetBinaryCommands.java,src/main/java/redis/clients/jedis/commands/SortedSetBinaryCommands.java.SortedSetBinaryCommands.zrangeByLex.Long Parameter List,4.0.0-beta1,5.3.0-beta1,5.3.0-beta1,20
jedis,4.0.0-beta1,redis.clients.jedis.commands,SortedSetBinaryCommands,zrangeByScore,Long Parameter List,"designitejava,experts",src/main/java/redis/clients/jedis/commands/SortedSetBinaryCommands.java,src/main/java/redis/clients/jedis/commands/SortedSetBinaryCommands.java.SortedSetBinaryCommands.zrangeByScore.Long Parameter List,4.0.0-beta1,5.3.0-beta1,5.3.0-beta1,20
jedis,4.0.0-beta1,redis.clients.jedis.commands,SortedSetBinaryCommands,zrangeByScoreWithScores,Long Parameter List,"designitejava,experts",src/main/java/redis/clients/jedis/commands/SortedSetBinaryCommands.java,src/main/java/redis/clients/jedis/commands/SortedSetBinaryCommands.java.SortedSetBinaryCommands.zrangeByScoreWithScores.Long Parameter List,4.0.0-beta1,5.3.0-beta1,5.3.0-beta1,20
jedis,4.0.0-beta1,redis.clients.jedis.commands,SortedSetBinaryCommands,zrevrangeByLex,Long Parameter List,"designitejava,experts",src/main/java/redis/clients/jedis/commands/SortedSetBinaryCommands.java,src/main/java/redis/clients/jedis/commands/SortedSetBinaryCommands.java.SortedSetBinaryCommands.zrevrangeByLex.Long Parameter List,4.0.0-beta1,5.3.0-beta1,5.3.0-beta1,20
jedis,4.0.0-beta1,redis.clients.jedis.commands,SortedSetBinaryCommands,zrevrangeByScore,Long Parameter List,"designitejava,experts",src/main/java/redis/clients/jedis/commands/SortedSetBinaryCommands.java,src/main/java/redis/clients/jedis/commands/SortedSetBinaryCommands.java.SortedSetBinaryCommands.zrevrangeByScore.Long Parameter List,4.0.0-beta1,5.3.0-beta1,5.3.0-beta1,20
jedis,4.0.0-beta1,redis.clients.jedis.commands,SortedSetBinaryCommands,zrevrangeByScoreWithScores,Long Parameter List,"designitejava,experts",src/main/java/redis/clients/jedis/commands/SortedSetBinaryCommands.java,src/main/java/redis/clients/jedis/commands/SortedSetBinaryCommands.java.SortedSetBinaryCommands.zrevrangeByScoreWithScores.Long Parameter List,4.0.0-beta1,5.3.0-beta1,5.3.0-beta1,20
jedis,4.0.0-beta1,redis.clients.jedis.commands,SortedSetCommands,,God Class,"pmd,experts",src/main/java/redis/clients/jedis/commands/SortedSetCommands.java,src/main/java/redis/clients/jedis/commands/SortedSetCommands.java.SortedSetCommands..God Class,4.0.0-beta1,5.3.0-beta1,5.3.0-beta1,20
jedis,4.0.0-beta1,redis.clients.jedis.commands,SortedSetCommands,zrangeByLex,Long Parameter List,"designitejava,experts",src/main/java/redis/clients/jedis/commands/SortedSetCommands.java,src/main/java/redis/clients/jedis/commands/SortedSetCommands.java.SortedSetCommands.zrangeByLex.Long Parameter List,4.0.0-beta1,5.3.0-beta1,5.3.0-beta1,20
jedis,4.0.0-beta1,redis.clients.jedis.commands,SortedSetCommands,zrangeByScore,Long Parameter List,"designitejava,experts",src/main/java/redis/clients/jedis/commands/SortedSetCommands.java,src/main/java/redis/clients/jedis/commands/SortedSetCommands.java.SortedSetCommands.zrangeByScore.Long Parameter List,4.0.0-beta1,5.3.0-beta1,5.3.0-beta1,20
jedis,4.0.0-beta1,redis.clients.jedis.commands,SortedSetCommands,zrangeByScoreWithScores,Long Parameter List,"designitejava,experts",src/main/java/redis/clients/jedis/commands/SortedSetCommands.java,src/main/java/redis/clients/jedis/commands/SortedSetCommands.java.SortedSetCommands.zrangeByScoreWithScores.Long Parameter List,4.0.0-beta1,5.3.0-beta1,5.3.0-beta1,20
jedis,4.0.0-beta1,redis.clients.jedis.commands,SortedSetCommands,zrevrangeByLex,Long Parameter List,"designitejava,experts",src/main/java/redis/clients/jedis/commands/SortedSetCommands.java,src/main/java/redis/clients/jedis/commands/SortedSetCommands.java.SortedSetCommands.zrevrangeByLex.Long Parameter List,4.0.0-beta1,5.3.0-beta1,5.3.0-beta1,20
jedis,4.0.0-beta1,redis.clients.jedis.commands,SortedSetCommands,zrevrangeByScore,Long Parameter List,"designitejava,experts",src/main/java/redis/clients/jedis/commands/SortedSetCommands.java,src/main/java/redis/clients/jedis/commands/SortedSetCommands.java.SortedSetCommands.zrevrangeByScore.Long Parameter List,4.0.0-beta1,5.3.0-beta1,5.3.0-beta1,20
jedis,4.0.0-beta1,redis.clients.jedis.commands,SortedSetCommands,zrevrangeByScoreWithScores,Long Parameter List,"designitejava,experts",src/main/java/redis/clients/jedis/commands/SortedSetCommands.java,src/main/java/redis/clients/jedis/commands/SortedSetCommands.java.SortedSetCommands.zrevrangeByScoreWithScores.Long Parameter List,4.0.0-beta1,5.3.0-beta1,5.3.0-beta1,20
jedis,4.0.0-beta1,redis.clients.jedis.commands,SortedSetPipelineBinaryCommands,,God Class,"pmd,experts",src/main/java/redis/clients/jedis/commands/SortedSetPipelineBinaryCommands.java,src/main/java/redis/clients/jedis/commands/SortedSetPipelineBinaryCommands.java.SortedSetPipelineBinaryCommands..God Class,4.0.0-beta1,5.3.0-beta1,5.3.0-beta1,20
jedis,4.0.0-beta1,redis.clients.jedis.commands,SortedSetPipelineBinaryCommands,zrangeByLex,Long Parameter List,"designitejava,experts",src/main/java/redis/clients/jedis/commands/SortedSetPipelineBinaryCommands.java,src/main/java/redis/clients/jedis/commands/SortedSetPipelineBinaryCommands.java.SortedSetPipelineBinaryCommands.zrangeByLex.Long Parameter List,4.0.0-beta1,5.3.0-beta1,5.3.0-beta1,20
jedis,4.0.0-beta1,redis.clients.jedis.commands,SortedSetPipelineBinaryCommands,zrangeByScore,Long Parameter List,"designitejava,experts",src/main/java/redis/clients/jedis/commands/SortedSetPipelineBinaryCommands.java,src/main/java/redis/clients/jedis/commands/SortedSetPipelineBinaryCommands.java.SortedSetPipelineBinaryCommands.zrangeByScore.Long Parameter List,4.0.0-beta1,5.3.0-beta1,5.3.0-beta1,20
jedis,4.0.0-beta1,redis.clients.jedis.commands,SortedSetPipelineBinaryCommands,zrangeByScoreWithScores,Long Parameter List,"designitejava,experts",src/main/java/redis/clients/jedis/commands/SortedSetPipelineBinaryCommands.java,src/main/java/redis/clients/jedis/commands/SortedSetPipelineBinaryCommands.java.SortedSetPipelineBinaryCommands.zrangeByScoreWithScores.Long Parameter List,4.0.0-beta1,5.3.0-beta1,5.3.0-beta1,20
jedis,4.0.0-beta1,redis.clients.jedis.commands,SortedSetPipelineBinaryCommands,zrevrangeByLex,Long Parameter List,"designitejava,experts",src/main/java/redis/clients/jedis/commands/SortedSetPipelineBinaryCommands.java,src/main/java/redis/clients/jedis/commands/SortedSetPipelineBinaryCommands.java.SortedSetPipelineBinaryCommands.zrevrangeByLex.Long Parameter List,4.0.0-beta1,5.3.0-beta1,5.3.0-beta1,20
jedis,4.0.0-beta1,redis.clients.jedis.commands,SortedSetPipelineBinaryCommands,zrevrangeByScore,Long Parameter List,"designitejava,experts",src/main/java/redis/clients/jedis/commands/SortedSetPipelineBinaryCommands.java,src/main/java/redis/clients/jedis/commands/SortedSetPipelineBinaryCommands.java.SortedSetPipelineBinaryCommands.zrevrangeByScore.Long Parameter List,4.0.0-beta1,5.3.0-beta1,5.3.0-beta1,20
jedis,4.0.0-beta1,redis.clients.jedis.commands,SortedSetPipelineBinaryCommands,zrevrangeByScoreWithScores,Long Parameter List,"designitejava,experts",src/main/java/redis/clients/jedis/commands/SortedSetPipelineBinaryCommands.java,src/main/java/redis/clients/jedis/commands/SortedSetPipelineBinaryCommands.java.SortedSetPipelineBinaryCommands.zrevrangeByScoreWithScores.Long Parameter List,4.0.0-beta1,5.3.0-beta1,5.3.0-beta1,20
jedis,4.0.0-beta1,redis.clients.jedis.commands,SortedSetPipelineCommands,,God Class,"pmd,experts",src/main/java/redis/clients/jedis/commands/SortedSetPipelineCommands.java,src/main/java/redis/clients/jedis/commands/SortedSetPipelineCommands.java.SortedSetPipelineCommands..God Class,4.0.0-beta1,5.3.0-beta1,5.3.0-beta1,20
jedis,4.0.0-beta1,redis.clients.jedis.commands,SortedSetPipelineCommands,zrangeByLex,Long Parameter List,"designitejava,experts",src/main/java/redis/clients/jedis/commands/SortedSetPipelineCommands.java,src/main/java/redis/clients/jedis/commands/SortedSetPipelineCommands.java.SortedSetPipelineCommands.zrangeByLex.Long Parameter List,4.0.0-beta1,5.3.0-beta1,5.3.0-beta1,20
jedis,4.0.0-beta1,redis.clients.jedis.commands,SortedSetPipelineCommands,zrangeByScore,Long Parameter List,"designitejava,experts",src/main/java/redis/clients/jedis/commands/SortedSetPipelineCommands.java,src/main/java/redis/clients/jedis/commands/SortedSetPipelineCommands.java.SortedSetPipelineCommands.zrangeByScore.Long Parameter List,4.0.0-beta1,5.3.0-beta1,5.3.0-beta1,20
jedis,4.0.0-beta1,redis.clients.jedis.commands,SortedSetPipelineCommands,zrangeByScoreWithScores,Long Parameter List,"designitejava,experts",src/main/java/redis/clients/jedis/commands/SortedSetPipelineCommands.java,src/main/java/redis/clients/jedis/commands/SortedSetPipelineCommands.java.SortedSetPipelineCommands.zrangeByScoreWithScores.Long Parameter List,4.0.0-beta1,5.3.0-beta1,5.3.0-beta1,20
jedis,4.0.0-beta1,redis.clients.jedis.commands,SortedSetPipelineCommands,zrevrangeByLex,Long Parameter List,"designitejava,experts",src/main/java/redis/clients/jedis/commands/SortedSetPipelineCommands.java,src/main/java/redis/clients/jedis/commands/SortedSetPipelineCommands.java.SortedSetPipelineCommands.zrevrangeByLex.Long Parameter List,4.0.0-beta1,5.3.0-beta1,5.3.0-beta1,20
jedis,4.0.0-beta1,redis.clients.jedis.commands,SortedSetPipelineCommands,zrevrangeByScore,Long Parameter List,"designitejava,experts",src/main/java/redis/clients/jedis/commands/SortedSetPipelineCommands.java,src/main/java/redis/clients/jedis/commands/SortedSetPipelineCommands.java.SortedSetPipelineCommands.zrevrangeByScore.Long Parameter List,4.0.0-beta1,5.3.0-beta1,5.3.0-beta1,20
jedis,4.0.0-beta1,redis.clients.jedis.commands,SortedSetPipelineCommands,zrevrangeByScoreWithScores,Long Parameter List,"designitejava,experts",src/main/java/redis/clients/jedis/commands/SortedSetPipelineCommands.java,src/main/java/redis/clients/jedis/commands/SortedSetPipelineCommands.java.SortedSetPipelineCommands.zrevrangeByScoreWithScores.Long Parameter List,4.0.0-beta1,5.3.0-beta1,5.3.0-beta1,20
jedis,4.0.0-beta1,redis.clients.jedis.commands,StreamBinaryCommands,,God Class,"pmd,experts",src/main/java/redis/clients/jedis/commands/StreamBinaryCommands.java,src/main/java/redis/clients/jedis/commands/StreamBinaryCommands.java.StreamBinaryCommands..God Class,4.0.0-beta1,5.3.0-beta1,5.3.0-beta1,20
jedis,4.0.0-beta1,redis.clients.jedis.commands,StreamBinaryCommands,xautoclaim,Long Parameter List,"designitejava,checkstyle,experts",src/main/java/redis/clients/jedis/commands/StreamBinaryCommands.java,src/main/java/redis/clients/jedis/commands/StreamBinaryCommands.java.StreamBinaryCommands.xautoclaim.Long Parameter List,4.0.0-beta1,5.3.0-beta1,5.3.0-beta1,20
jedis,4.0.0-beta1,redis.clients.jedis.commands,StreamBinaryCommands,xautoclaimJustId,Long Parameter List,"designitejava,checkstyle,experts",src/main/java/redis/clients/jedis/commands/StreamBinaryCommands.java,src/main/java/redis/clients/jedis/commands/StreamBinaryCommands.java.StreamBinaryCommands.xautoclaimJustId.Long Parameter List,4.0.0-beta1,5.3.0-beta1,5.3.0-beta1,20
jedis,4.0.0-beta1,redis.clients.jedis.commands,StreamBinaryCommands,xclaim,Long Parameter List,"designitejava,checkstyle,experts",src/main/java/redis/clients/jedis/commands/StreamBinaryCommands.java,src/main/java/redis/clients/jedis/commands/StreamBinaryCommands.java.StreamBinaryCommands.xclaim.Long Parameter List,4.0.0-beta1,5.3.0-beta1,5.3.0-beta1,20
jedis,4.0.0-beta1,redis.clients.jedis.commands,StreamBinaryCommands,xclaimJustId,Long Parameter List,"designitejava,checkstyle,experts",src/main/java/redis/clients/jedis/commands/StreamBinaryCommands.java,src/main/java/redis/clients/jedis/commands/StreamBinaryCommands.java.StreamBinaryCommands.xclaimJustId.Long Parameter List,4.0.0-beta1,5.3.0-beta1,5.3.0-beta1,20
jedis,4.0.0-beta1,redis.clients.jedis.commands,StreamBinaryCommands,xpending,Long Parameter List,"designitejava,checkstyle,experts",src/main/java/redis/clients/jedis/commands/StreamBinaryCommands.java,src/main/java/redis/clients/jedis/commands/StreamBinaryCommands.java.StreamBinaryCommands.xpending.Long Parameter List,4.0.0-beta1,5.0.0-alpha1,5.0.0-beta1,13
jedis,4.0.0-beta1,redis.clients.jedis.commands,StreamCommands,,God Class,"pmd,experts",src/main/java/redis/clients/jedis/commands/StreamCommands.java,src/main/java/redis/clients/jedis/commands/StreamCommands.java.StreamCommands..God Class,4.0.0-beta1,5.3.0-beta1,5.3.0-beta1,20
jedis,4.0.0-beta1,redis.clients.jedis.commands,StreamCommands,xautoclaim,Long Parameter List,"designitejava,checkstyle,experts",src/main/java/redis/clients/jedis/commands/StreamCommands.java,src/main/java/redis/clients/jedis/commands/StreamCommands.java.StreamCommands.xautoclaim.Long Parameter List,4.0.0-beta1,5.3.0-beta1,5.3.0-beta1,20
jedis,4.0.0-beta1,redis.clients.jedis.commands,StreamCommands,xautoclaimJustId,Long Parameter List,"designitejava,checkstyle,experts",src/main/java/redis/clients/jedis/commands/StreamCommands.java,src/main/java/redis/clients/jedis/commands/StreamCommands.java.StreamCommands.xautoclaimJustId.Long Parameter List,4.0.0-beta1,5.3.0-beta1,5.3.0-beta1,20
jedis,4.0.0-beta1,redis.clients.jedis.commands,StreamCommands,xclaim,Long Parameter List,"designitejava,checkstyle,experts",src/main/java/redis/clients/jedis/commands/StreamCommands.java,src/main/java/redis/clients/jedis/commands/StreamCommands.java.StreamCommands.xclaim.Long Parameter List,4.0.0-beta1,5.3.0-beta1,5.3.0-beta1,20
jedis,4.0.0-beta1,redis.clients.jedis.commands,StreamCommands,xclaimJustId,Long Parameter List,"designitejava,checkstyle,experts",src/main/java/redis/clients/jedis/commands/StreamCommands.java,src/main/java/redis/clients/jedis/commands/StreamCommands.java.StreamCommands.xclaimJustId.Long Parameter List,4.0.0-beta1,5.3.0-beta1,5.3.0-beta1,20
jedis,4.0.0-beta1,redis.clients.jedis.commands,StreamCommands,xpending,Long Parameter List,"designitejava,checkstyle,experts",src/main/java/redis/clients/jedis/commands/StreamCommands.java,src/main/java/redis/clients/jedis/commands/StreamCommands.java.StreamCommands.xpending.Long Parameter List,4.0.0-beta1,5.0.0-alpha1,5.0.0-beta1,13
jedis,4.0.0-beta1,redis.clients.jedis.commands,StreamCommands,xreadGroup,Feature Envy,"checkstyle,experts",src/main/java/redis/clients/jedis/commands/StreamCommands.java,src/main/java/redis/clients/jedis/commands/StreamCommands.java.StreamCommands.xreadGroup.Feature Envy,4.0.0-beta1,4.0.0-beta1,4.0.0-RC1,1
jedis,4.0.0-beta1,redis.clients.jedis.commands,StreamCommands,xreadGroup,Long Parameter List,"designitejava,checkstyle,experts",src/main/java/redis/clients/jedis/commands/StreamCommands.java,src/main/java/redis/clients/jedis/commands/StreamCommands.java.StreamCommands.xreadGroup.Long Parameter List,4.0.0-beta1,4.0.0-RC1,4.0.0,2
jedis,4.0.0-beta1,redis.clients.jedis.commands,StreamPipelineBinaryCommands,,God Class,"pmd,experts",src/main/java/redis/clients/jedis/commands/StreamPipelineBinaryCommands.java,src/main/java/redis/clients/jedis/commands/StreamPipelineBinaryCommands.java.StreamPipelineBinaryCommands..God Class,4.0.0-beta1,5.3.0-beta1,5.3.0-beta1,20
jedis,4.0.0-beta1,redis.clients.jedis.commands,StreamPipelineBinaryCommands,xautoclaim,Long Parameter List,"designitejava,checkstyle,experts",src/main/java/redis/clients/jedis/commands/StreamPipelineBinaryCommands.java,src/main/java/redis/clients/jedis/commands/StreamPipelineBinaryCommands.java.StreamPipelineBinaryCommands.xautoclaim.Long Parameter List,4.0.0-beta1,5.3.0-beta1,5.3.0-beta1,20
jedis,4.0.0-beta1,redis.clients.jedis.commands,StreamPipelineBinaryCommands,xautoclaimJustId,Long Parameter List,"designitejava,checkstyle,experts",src/main/java/redis/clients/jedis/commands/StreamPipelineBinaryCommands.java,src/main/java/redis/clients/jedis/commands/StreamPipelineBinaryCommands.java.StreamPipelineBinaryCommands.xautoclaimJustId.Long Parameter List,4.0.0-beta1,5.3.0-beta1,5.3.0-beta1,20
jedis,4.0.0-beta1,redis.clients.jedis.commands,StreamPipelineBinaryCommands,xclaim,Long Parameter List,"designitejava,checkstyle,experts",src/main/java/redis/clients/jedis/commands/StreamPipelineBinaryCommands.java,src/main/java/redis/clients/jedis/commands/StreamPipelineBinaryCommands.java.StreamPipelineBinaryCommands.xclaim.Long Parameter List,4.0.0-beta1,5.3.0-beta1,5.3.0-beta1,20
jedis,4.0.0-beta1,redis.clients.jedis.commands,StreamPipelineBinaryCommands,xclaimJustId,Long Parameter List,"designitejava,checkstyle,experts",src/main/java/redis/clients/jedis/commands/StreamPipelineBinaryCommands.java,src/main/java/redis/clients/jedis/commands/StreamPipelineBinaryCommands.java.StreamPipelineBinaryCommands.xclaimJustId.Long Parameter List,4.0.0-beta1,5.3.0-beta1,5.3.0-beta1,20
jedis,4.0.0-beta1,redis.clients.jedis.commands,StreamPipelineBinaryCommands,xpending,Long Parameter List,"designitejava,checkstyle,experts",src/main/java/redis/clients/jedis/commands/StreamPipelineBinaryCommands.java,src/main/java/redis/clients/jedis/commands/StreamPipelineBinaryCommands.java.StreamPipelineBinaryCommands.xpending.Long Parameter List,4.0.0-beta1,5.0.0-alpha1,5.0.0-beta1,13
jedis,4.0.0-beta1,redis.clients.jedis.commands,StreamPipelineCommands,,God Class,"pmd,experts",src/main/java/redis/clients/jedis/commands/StreamPipelineCommands.java,src/main/java/redis/clients/jedis/commands/StreamPipelineCommands.java.StreamPipelineCommands..God Class,4.0.0-beta1,5.3.0-beta1,5.3.0-beta1,20
jedis,4.0.0-beta1,redis.clients.jedis.commands,StreamPipelineCommands,xautoclaim,Long Parameter List,"designitejava,checkstyle,experts",src/main/java/redis/clients/jedis/commands/StreamPipelineCommands.java,src/main/java/redis/clients/jedis/commands/StreamPipelineCommands.java.StreamPipelineCommands.xautoclaim.Long Parameter List,4.0.0-beta1,5.3.0-beta1,5.3.0-beta1,20
jedis,4.0.0-beta1,redis.clients.jedis.commands,StreamPipelineCommands,xautoclaimJustId,Long Parameter List,"designitejava,checkstyle,experts",src/main/java/redis/clients/jedis/commands/StreamPipelineCommands.java,src/main/java/redis/clients/jedis/commands/StreamPipelineCommands.java.StreamPipelineCommands.xautoclaimJustId.Long Parameter List,4.0.0-beta1,5.3.0-beta1,5.3.0-beta1,20
jedis,4.0.0-beta1,redis.clients.jedis.commands,StreamPipelineCommands,xclaim,Long Parameter List,"designitejava,checkstyle,experts",src/main/java/redis/clients/jedis/commands/StreamPipelineCommands.java,src/main/java/redis/clients/jedis/commands/StreamPipelineCommands.java.StreamPipelineCommands.xclaim.Long Parameter List,4.0.0-beta1,5.3.0-beta1,5.3.0-beta1,20
jedis,4.0.0-beta1,redis.clients.jedis.commands,StreamPipelineCommands,xclaimJustId,Long Parameter List,"designitejava,checkstyle,experts",src/main/java/redis/clients/jedis/commands/StreamPipelineCommands.java,src/main/java/redis/clients/jedis/commands/StreamPipelineCommands.java.StreamPipelineCommands.xclaimJustId.Long Parameter List,4.0.0-beta1,5.3.0-beta1,5.3.0-beta1,20
jedis,4.0.0-beta1,redis.clients.jedis.commands,StreamPipelineCommands,xpending,Long Parameter List,"designitejava,checkstyle,experts",src/main/java/redis/clients/jedis/commands/StreamPipelineCommands.java,src/main/java/redis/clients/jedis/commands/StreamPipelineCommands.java.StreamPipelineCommands.xpending.Long Parameter List,4.0.0-beta1,5.0.0-alpha1,5.0.0-beta1,13
jedis,4.0.0-beta1,redis.clients.jedis.commands,StreamPipelineCommands,xreadGroup,Long Parameter List,"designitejava,checkstyle,experts",src/main/java/redis/clients/jedis/commands/StreamPipelineCommands.java,src/main/java/redis/clients/jedis/commands/StreamPipelineCommands.java.StreamPipelineCommands.xreadGroup.Long Parameter List,4.0.0-beta1,4.0.0-RC1,4.0.0,2
jedis,4.0.0-beta1,redis.clients.jedis.commands,StringBinaryCommands,,God Class,"pmd,experts",src/main/java/redis/clients/jedis/commands/StringBinaryCommands.java,src/main/java/redis/clients/jedis/commands/StringBinaryCommands.java.StringBinaryCommands..God Class,4.0.0-beta1,5.3.0-beta1,5.3.0-beta1,20
jedis,4.0.0-beta1,redis.clients.jedis.commands,StringCommands,,God Class,"pmd,experts",src/main/java/redis/clients/jedis/commands/StringCommands.java,src/main/java/redis/clients/jedis/commands/StringCommands.java.StringCommands..God Class,4.0.0-beta1,5.3.0-beta1,5.3.0-beta1,20
jedis,4.0.0-beta1,redis.clients.jedis.commands,StringPipelineBinaryCommands,,God Class,"pmd,experts",src/main/java/redis/clients/jedis/commands/StringPipelineBinaryCommands.java,src/main/java/redis/clients/jedis/commands/StringPipelineBinaryCommands.java.StringPipelineBinaryCommands..God Class,4.0.0-beta1,5.3.0-beta1,5.3.0-beta1,20
jedis,4.0.0-beta1,redis.clients.jedis.commands,StringPipelineCommands,,God Class,"pmd,experts",src/main/java/redis/clients/jedis/commands/StringPipelineCommands.java,src/main/java/redis/clients/jedis/commands/StringPipelineCommands.java.StringPipelineCommands..God Class,4.0.0-beta1,5.3.0-beta1,5.3.0-beta1,20
jedis,5.2.0,redis.clients.jedis.csc,AbstractCache,,God Class,"pmd,experts",src/main/java/redis/clients/jedis/csc/AbstractCache.java,src/main/java/redis/clients/jedis/csc/AbstractCache.java.AbstractCache..God Class,5.2.0,5.3.0-beta1,5.3.0-beta1,2
jedis,5.2.0,redis.clients.jedis.csc,AbstractCache,set,Long Method,"Decor,experts",src/main/java/redis/clients/jedis/csc/AbstractCache.java,src/main/java/redis/clients/jedis/csc/AbstractCache.java.AbstractCache.set.Long Method,5.2.0,5.3.0-beta1,5.3.0-beta1,2
jedis,5.2.0,redis.clients.jedis.csc,CacheConnection,executeCommand,Long Method,"Decor,experts",src/main/java/redis/clients/jedis/csc/CacheConnection.java,src/main/java/redis/clients/jedis/csc/CacheConnection.java.CacheConnection.executeCommand.Long Method,5.2.0,5.3.0-beta1,5.3.0-beta1,2
jedis,5.2.0,redis.clients.jedis.csc,CacheConnection,validateEntry,Feature Envy,"designitejava,experts",src/main/java/redis/clients/jedis/csc/CacheConnection.java,src/main/java/redis/clients/jedis/csc/CacheConnection.java.CacheConnection.validateEntry.Feature Envy,5.2.0,5.3.0-beta1,5.3.0-beta1,2
jedis,5.2.0-beta1,redis.clients.jedis.csc,ClientSideCache,get,Long Method,"Decor,experts",src/main/java/redis/clients/jedis/csc/ClientSideCache.java,src/main/java/redis/clients/jedis/csc/ClientSideCache.java.ClientSideCache.get.Long Method,5.2.0-beta1,5.2.0-beta1,5.2.0,1
jedis,5.2.0-beta1,redis.clients.jedis.csc.hash,AbstractCommandHasher,hash,Feature Envy,"checkstyle,experts",src/main/java/redis/clients/jedis/csc/hash/AbstractCommandHasher.java,src/main/java/redis/clients/jedis/csc/hash/AbstractCommandHasher.java.AbstractCommandHasher.hash.Feature Envy,5.2.0-beta1,5.2.0-beta1,5.2.0,1
jedis,5.2.0-beta1,redis.clients.jedis.csc.util,AllowAndDenyListWithStringKeys,isCacheable,Complex Method,"checkstyle,experts",src/main/java/redis/clients/jedis/csc/util/AllowAndDenyListWithStringKeys.java,src/main/java/redis/clients/jedis/csc/util/AllowAndDenyListWithStringKeys.java.AllowAndDenyListWithStringKeys.isCacheable.Complex Method,5.2.0-beta1,5.3.0-beta1,5.3.0-beta1,3
jedis,5.0.0,redis.clients.jedis.executors,CircuitBreakerCommandExecutor,executeCommand,Feature Envy,"checkstyle,experts",src/main/java/redis/clients/jedis/executors/CircuitBreakerCommandExecutor.java,src/main/java/redis/clients/jedis/executors/CircuitBreakerCommandExecutor.java.CircuitBreakerCommandExecutor.executeCommand.Feature Envy,5.0.0,5.0.0,5.1.0,1
jedis,5.0.0,redis.clients.jedis.executors,CircuitBreakerCommandExecutor,handleClusterFailover,Feature Envy,"designitejava,checkstyle,experts",src/main/java/redis/clients/jedis/executors/CircuitBreakerCommandExecutor.java,src/main/java/redis/clients/jedis/executors/CircuitBreakerCommandExecutor.java.CircuitBreakerCommandExecutor.handleClusterFailover.Feature Envy,5.0.0,5.0.0,5.1.0,1
jedis,5.2.0,redis.clients.jedis.executors,ClusterCommandExecutor,doExecuteCommand,Complex Method,"designitejava,pmd,checkstyle,experts",src/main/java/redis/clients/jedis/executors/ClusterCommandExecutor.java,src/main/java/redis/clients/jedis/executors/ClusterCommandExecutor.java.ClusterCommandExecutor.doExecuteCommand.Complex Method,5.2.0,5.3.0-beta1,5.3.0-beta1,2
jedis,5.2.0,redis.clients.jedis.executors,ClusterCommandExecutor,doExecuteCommand,Long Method,"Decor,experts",src/main/java/redis/clients/jedis/executors/ClusterCommandExecutor.java,src/main/java/redis/clients/jedis/executors/ClusterCommandExecutor.java.ClusterCommandExecutor.doExecuteCommand.Long Method,5.2.0,5.3.0-beta1,5.3.0-beta1,2
jedis,4.0.0-RC1,redis.clients.jedis.executors,ClusterCommandExecutor,executeCommand,Complex Method,"designitejava,pmd,checkstyle,experts",src/main/java/redis/clients/jedis/executors/ClusterCommandExecutor.java,src/main/java/redis/clients/jedis/executors/ClusterCommandExecutor.java.ClusterCommandExecutor.executeCommand.Complex Method,4.0.0-RC1,5.2.0-beta1,5.2.0,17
jedis,4.0.0-RC1,redis.clients.jedis.executors,ClusterCommandExecutor,executeCommand,Long Method,"Decor,experts",src/main/java/redis/clients/jedis/executors/ClusterCommandExecutor.java,src/main/java/redis/clients/jedis/executors/ClusterCommandExecutor.java.ClusterCommandExecutor.executeCommand.Long Method,4.0.0-RC1,5.2.0-beta1,5.2.0,17
jedis,4.0.0-RC1,redis.clients.jedis.executors,RetryableCommandExecutor,executeCommand,Long Method,"Decor,experts",src/main/java/redis/clients/jedis/executors/RetryableCommandExecutor.java,src/main/java/redis/clients/jedis/executors/RetryableCommandExecutor.java.RetryableCommandExecutor.executeCommand.Long Method,4.0.0-RC1,5.3.0-beta1,5.3.0-beta1,19
jedis,5.1.0,redis.clients.jedis.gears,TFunctionListParams,addParams,Feature Envy,"checkstyle,experts",src/main/java/redis/clients/jedis/gears/TFunctionListParams.java,src/main/java/redis/clients/jedis/gears/TFunctionListParams.java.TFunctionListParams.addParams.Feature Envy,5.1.0,5.3.0-beta1,5.3.0-beta1,5
jedis,5.1.0,redis.clients.jedis.gears,TFunctionLoadParams,addParams,Feature Envy,"checkstyle,experts",src/main/java/redis/clients/jedis/gears/TFunctionLoadParams.java,src/main/java/redis/clients/jedis/gears/TFunctionLoadParams.java.TFunctionLoadParams.addParams.Feature Envy,5.1.0,5.3.0-beta1,5.3.0-beta1,5
jedis,5.1.0,redis.clients.jedis.gears.resps,FunctionInfo,build,Complex Method,"designitejava,pmd,experts",src/main/java/redis/clients/jedis/gears/resps/FunctionInfo.java,src/main/java/redis/clients/jedis/gears/resps/FunctionInfo.java.FunctionInfo.build.Complex Method,5.1.0,5.3.0-beta1,5.3.0-beta1,5
jedis,5.1.0,redis.clients.jedis.gears.resps,FunctionStreamInfo,FunctionStreamInfo,Long Parameter List,"designitejava,experts",src/main/java/redis/clients/jedis/gears/resps/FunctionStreamInfo.java,src/main/java/redis/clients/jedis/gears/resps/FunctionStreamInfo.java.FunctionStreamInfo.FunctionStreamInfo.Long Parameter List,5.1.0,5.3.0-beta1,5.3.0-beta1,5
jedis,5.1.0,redis.clients.jedis.gears.resps,GearsLibraryInfo$1,build,Complex Method,"checkstyle,experts",src/main/java/redis/clients/jedis/gears/resps/GearsLibraryInfo.java,src/main/java/redis/clients/jedis/gears/resps/GearsLibraryInfo.java.GearsLibraryInfo$1.build.Complex Method,5.1.0,5.3.0-beta1,5.3.0-beta1,5
jedis,5.1.0,redis.clients.jedis.gears.resps,GearsLibraryInfo,GearsLibraryInfo,Long Parameter List,"designitejava,experts",src/main/java/redis/clients/jedis/gears/resps/GearsLibraryInfo.java,src/main/java/redis/clients/jedis/gears/resps/GearsLibraryInfo.java.GearsLibraryInfo.GearsLibraryInfo.Long Parameter List,5.1.0,5.3.0-beta1,5.3.0-beta1,5
jedis,5.1.0,redis.clients.jedis.gears.resps,GearsLibraryInfo,build,Complex Method,"designitejava,experts",src/main/java/redis/clients/jedis/gears/resps/GearsLibraryInfo.java,src/main/java/redis/clients/jedis/gears/resps/GearsLibraryInfo.java.GearsLibraryInfo.build.Complex Method,5.1.0,5.3.0-beta1,5.3.0-beta1,5
jedis,5.1.0,redis.clients.jedis.gears.resps,StreamTriggerInfo$1,build,Complex Method,"checkstyle,experts",src/main/java/redis/clients/jedis/gears/resps/StreamTriggerInfo.java,src/main/java/redis/clients/jedis/gears/resps/StreamTriggerInfo.java.StreamTriggerInfo$1.build.Complex Method,5.1.0,5.3.0-beta1,5.3.0-beta1,5
jedis,5.1.0,redis.clients.jedis.gears.resps,StreamTriggerInfo,StreamTriggerInfo,Long Parameter List,"designitejava,experts",src/main/java/redis/clients/jedis/gears/resps/StreamTriggerInfo.java,src/main/java/redis/clients/jedis/gears/resps/StreamTriggerInfo.java.StreamTriggerInfo.StreamTriggerInfo.Long Parameter List,5.1.0,5.3.0-beta1,5.3.0-beta1,5
jedis,5.1.0,redis.clients.jedis.gears.resps,StreamTriggerInfo,build,Complex Method,"designitejava,pmd,experts",src/main/java/redis/clients/jedis/gears/resps/StreamTriggerInfo.java,src/main/java/redis/clients/jedis/gears/resps/StreamTriggerInfo.java.StreamTriggerInfo.build.Complex Method,5.1.0,5.3.0-beta1,5.3.0-beta1,5
jedis,5.1.0,redis.clients.jedis.gears.resps,TriggerInfo$1,build,Complex Method,"checkstyle,experts",src/main/java/redis/clients/jedis/gears/resps/TriggerInfo.java,src/main/java/redis/clients/jedis/gears/resps/TriggerInfo.java.TriggerInfo$1.build.Complex Method,5.1.0,5.3.0-beta1,5.3.0-beta1,5
jedis,5.1.0,redis.clients.jedis.gears.resps,TriggerInfo,TriggerInfo,Long Parameter List,"designitejava,experts",src/main/java/redis/clients/jedis/gears/resps/TriggerInfo.java,src/main/java/redis/clients/jedis/gears/resps/TriggerInfo.java.TriggerInfo.TriggerInfo.Long Parameter List,5.1.0,5.3.0-beta1,5.3.0-beta1,5
jedis,5.1.0,redis.clients.jedis.gears.resps,TriggerInfo,build,Complex Method,"designitejava,pmd,experts",src/main/java/redis/clients/jedis/gears/resps/TriggerInfo.java,src/main/java/redis/clients/jedis/gears/resps/TriggerInfo.java.TriggerInfo.build.Complex Method,5.1.0,5.3.0-beta1,5.3.0-beta1,5
jedis,4.2.0-rc1,redis.clients.jedis.graph,GraphCacheList,callProcedure,Feature Envy,"checkstyle,experts",src/main/java/redis/clients/jedis/graph/GraphCommandObjects.java,src/main/java/redis/clients/jedis/graph/GraphCommandObjects.java.GraphCacheList.callProcedure.Feature Envy,4.2.0-rc1,5.3.0-beta1,5.3.0-beta1,15
jedis,4.2.0-rc1,redis.clients.jedis.graph,GraphCommandObjects,,God Class,"pmd,experts",src/main/java/redis/clients/jedis/graph/GraphCommandObjects.java,src/main/java/redis/clients/jedis/graph/GraphCommandObjects.java.GraphCommandObjects..God Class,4.2.0-rc1,5.3.0-beta1,5.3.0-beta1,15
jedis,4.2.0-rc1,redis.clients.jedis.graph,GraphCommandObjects,graphQuery,Feature Envy,"checkstyle,experts",src/main/java/redis/clients/jedis/graph/GraphCommandObjects.java,src/main/java/redis/clients/jedis/graph/GraphCommandObjects.java.GraphCommandObjects.graphQuery.Feature Envy,4.2.0-rc1,5.3.0-beta1,5.3.0-beta1,15
jedis,4.2.0-rc1,redis.clients.jedis.graph,GraphCommandObjects,graphReadonlyQuery,Feature Envy,"checkstyle,experts",src/main/java/redis/clients/jedis/graph/GraphCommandObjects.java,src/main/java/redis/clients/jedis/graph/GraphCommandObjects.java.GraphCommandObjects.graphReadonlyQuery.Feature Envy,4.2.0-rc1,5.3.0-beta1,5.3.0-beta1,15
jedis,4.2.0-rc1,redis.clients.jedis.graph,GraphQueryParams,addParams,Feature Envy,"checkstyle,experts",src/main/java/redis/clients/jedis/graph/GraphQueryParams.java,src/main/java/redis/clients/jedis/graph/GraphQueryParams.java.GraphQueryParams.addParams.Feature Envy,4.2.0-rc1,5.3.0-beta1,5.3.0-beta1,15
jedis,4.3.0-m1,redis.clients.jedis.graph,RedisGraphCommands,,God Class,"pmd,experts",src/main/java/redis/clients/jedis/graph/RedisGraphCommands.java,src/main/java/redis/clients/jedis/graph/RedisGraphCommands.java.RedisGraphCommands..God Class,4.3.0-m1,5.3.0-beta1,5.3.0-beta1,13
jedis,4.2.0-rc1,redis.clients.jedis.graph,ResultSetBuilder,,God Class,"pmd,experts",src/main/java/redis/clients/jedis/graph/ResultSetBuilder.java,src/main/java/redis/clients/jedis/graph/ResultSetBuilder.java.ResultSetBuilder..God Class,4.2.0-rc1,5.3.0-beta1,5.3.0-beta1,15
jedis,4.2.0-rc1,redis.clients.jedis.graph,ResultSetBuilder,deserializeEdge,Feature Envy,"checkstyle,experts",src/main/java/redis/clients/jedis/graph/ResultSetBuilder.java,src/main/java/redis/clients/jedis/graph/ResultSetBuilder.java.ResultSetBuilder.deserializeEdge.Feature Envy,4.2.0-rc1,4.3.0-m1,4.3.0,3
jedis,4.2.0-rc1,redis.clients.jedis.graph,ResultSetBuilder,deserializeScalar,Complex Method,"designitejava,checkstyle,experts",src/main/java/redis/clients/jedis/graph/ResultSetBuilder.java,src/main/java/redis/clients/jedis/graph/ResultSetBuilder.java.ResultSetBuilder.deserializeScalar.Complex Method,4.2.0-rc1,5.3.0-beta1,5.3.0-beta1,15
jedis,4.2.0-rc1,redis.clients.jedis.graph,ResultSetBuilder,deserializeScalar,Feature Envy,"checkstyle,experts",src/main/java/redis/clients/jedis/graph/ResultSetBuilder.java,src/main/java/redis/clients/jedis/graph/ResultSetBuilder.java.ResultSetBuilder.deserializeScalar.Feature Envy,4.2.0-rc1,4.2.0,4.3.0-m1,2
jedis,4.2.0-rc1,redis.clients.jedis.graph,ResultSetBuilder,parseRecords,Long Method,"Decor,experts",src/main/java/redis/clients/jedis/graph/ResultSetBuilder.java,src/main/java/redis/clients/jedis/graph/ResultSetBuilder.java.ResultSetBuilder.parseRecords.Long Method,4.2.0-rc1,5.3.0-beta1,5.3.0-beta1,15
jedis,4.4.0-rc1,redis.clients.jedis.json,JsonBuilderFactory,build,Complex Method,"designitejava,experts",src/main/java/redis/clients/jedis/json/JsonBuilderFactory.java,src/main/java/redis/clients/jedis/json/JsonBuilderFactory.java.JsonBuilderFactory.build.Complex Method,4.4.0-rc1,5.3.0-beta1,5.3.0-beta1,10
jedis,4.0.0-RC1,redis.clients.jedis.json,RedisJsonCommands,,God Class,"pmd,experts",src/main/java/redis/clients/jedis/json/RedisJsonCommands.java,src/main/java/redis/clients/jedis/json/RedisJsonCommands.java.RedisJsonCommands..God Class,4.0.0-RC1,5.0.0-beta1,5.0.0,13
jedis,4.0.0-RC1,redis.clients.jedis.json,RedisJsonPipelineCommands,,God Class,"pmd,experts",src/main/java/redis/clients/jedis/json/RedisJsonPipelineCommands.java,src/main/java/redis/clients/jedis/json/RedisJsonPipelineCommands.java.RedisJsonPipelineCommands..God Class,4.0.0-RC1,5.0.0-beta1,5.0.0,13
jedis,5.0.0,redis.clients.jedis.json.commands,RedisJsonV1Commands,,God Class,"pmd,experts",src/main/java/redis/clients/jedis/json/commands/RedisJsonV1Commands.java,src/main/java/redis/clients/jedis/json/commands/RedisJsonV1Commands.java.RedisJsonV1Commands..God Class,5.0.0,5.3.0-beta1,5.3.0-beta1,6
jedis,5.0.0,redis.clients.jedis.json.commands,RedisJsonV1PipelineCommands,,God Class,"pmd,experts",src/main/java/redis/clients/jedis/json/commands/RedisJsonV1PipelineCommands.java,src/main/java/redis/clients/jedis/json/commands/RedisJsonV1PipelineCommands.java.RedisJsonV1PipelineCommands..God Class,5.0.0,5.3.0-beta1,5.3.0-beta1,6
jedis,5.0.0,redis.clients.jedis.json.commands,RedisJsonV2Commands,,God Class,"pmd,experts",src/main/java/redis/clients/jedis/json/commands/RedisJsonV2Commands.java,src/main/java/redis/clients/jedis/json/commands/RedisJsonV2Commands.java.RedisJsonV2Commands..God Class,5.0.0,5.3.0-beta1,5.3.0-beta1,6
jedis,5.0.0,redis.clients.jedis.json.commands,RedisJsonV2PipelineCommands,,God Class,"pmd,experts",src/main/java/redis/clients/jedis/json/commands/RedisJsonV2PipelineCommands.java,src/main/java/redis/clients/jedis/json/commands/RedisJsonV2PipelineCommands.java.RedisJsonV2PipelineCommands..God Class,5.0.0,5.3.0-beta1,5.3.0-beta1,6
jedis,5.1.0,redis.clients.jedis.mcf,CircuitBreakerCommandExecutor,executeCommand,Feature Envy,"checkstyle,experts",src/main/java/redis/clients/jedis/mcf/CircuitBreakerCommandExecutor.java,src/main/java/redis/clients/jedis/mcf/CircuitBreakerCommandExecutor.java.CircuitBreakerCommandExecutor.executeCommand.Feature Envy,5.1.0,5.3.0-beta1,5.3.0-beta1,5
jedis,5.1.0,redis.clients.jedis.mcf,CircuitBreakerFailoverBase,clusterFailover,Feature Envy,"designitejava,checkstyle,experts",src/main/java/redis/clients/jedis/mcf/CircuitBreakerFailoverBase.java,src/main/java/redis/clients/jedis/mcf/CircuitBreakerFailoverBase.java.CircuitBreakerFailoverBase.clusterFailover.Feature Envy,5.1.0,5.3.0-beta1,5.3.0-beta1,5
jedis,5.1.0,redis.clients.jedis.mcf,CircuitBreakerFailoverConnectionProvider,getConnection,Feature Envy,"checkstyle,experts",src/main/java/redis/clients/jedis/mcf/CircuitBreakerFailoverConnectionProvider.java,src/main/java/redis/clients/jedis/mcf/CircuitBreakerFailoverConnectionProvider.java.CircuitBreakerFailoverConnectionProvider.getConnection.Feature Envy,5.1.0,5.3.0-beta1,5.3.0-beta1,5
jedis,5.1.0,redis.clients.jedis.mcf,MultiClusterPipeline,,God Class,"pmd,experts",src/main/java/redis/clients/jedis/mcf/MultiClusterPipeline.java,src/main/java/redis/clients/jedis/mcf/MultiClusterPipeline.java.MultiClusterPipeline..God Class,5.1.0,5.3.0-beta1,5.3.0-beta1,5
jedis,5.1.0,redis.clients.jedis.mcf,MultiClusterTransaction,,God Class,"pmd,experts",src/main/java/redis/clients/jedis/mcf/MultiClusterTransaction.java,src/main/java/redis/clients/jedis/mcf/MultiClusterTransaction.java.MultiClusterTransaction..God Class,5.1.0,5.3.0-beta1,5.3.0-beta1,5
jedis,5.1.0,redis.clients.jedis.mcf,MultiClusterTransaction,exec,Long Method,"Decor,experts",src/main/java/redis/clients/jedis/mcf/MultiClusterTransaction.java,src/main/java/redis/clients/jedis/mcf/MultiClusterTransaction.java.MultiClusterTransaction.exec.Long Method,5.1.0,5.3.0-beta1,5.3.0-beta1,5
jedis,4.4.0-m1,redis.clients.jedis.params,BitPosParams,addParams,Feature Envy,"checkstyle,experts",src/main/java/redis/clients/jedis/params/BitPosParams.java,src/main/java/redis/clients/jedis/params/BitPosParams.java.BitPosParams.addParams.Feature Envy,4.4.0-m1,5.3.0-beta1,5.3.0-beta1,11
jedis,3.6.0-rc1,redis.clients.jedis.params,ClientKillParams,,God Class,"pmd,experts",src/main/java/redis/clients/jedis/params/ClientKillParams.java,src/main/java/redis/clients/jedis/params/ClientKillParams.java.ClientKillParams..God Class,3.6.0-rc1,5.3.0-beta1,5.3.0-beta1,27
jedis,4.2.0-m1,redis.clients.jedis.params,CommandListFilterByParams,addParams,Feature Envy,"checkstyle,experts",src/main/java/redis/clients/jedis/params/CommandListFilterByParams.java,src/main/java/redis/clients/jedis/params/CommandListFilterByParams.java.CommandListFilterByParams.addParams.Feature Envy,4.2.0-m1,5.3.0-beta1,5.3.0-beta1,16
jedis,4.0.0-beta1,redis.clients.jedis.params,FailoverParams,addParams,Feature Envy,"checkstyle,experts",src/main/java/redis/clients/jedis/params/FailoverParams.java,src/main/java/redis/clients/jedis/params/FailoverParams.java.FailoverParams.addParams.Feature Envy,4.0.0-beta1,5.3.0-beta1,5.3.0-beta1,20
jedis,3.7.0-RC1,redis.clients.jedis.params,FailoverParams,getByteParams,Feature Envy,"checkstyle,experts",src/main/java/redis/clients/jedis/params/FailoverParams.java,src/main/java/redis/clients/jedis/params/FailoverParams.java.FailoverParams.getByteParams.Feature Envy,3.7.0-RC1,3.10.0,4.0.0-beta1,5
jedis,4.2.0-m1,redis.clients.jedis.params,FunctionLoadParams,addParams,Feature Envy,"checkstyle,experts",src/main/java/redis/clients/jedis/params/FunctionLoadParams.java,src/main/java/redis/clients/jedis/params/FunctionLoadParams.java.FunctionLoadParams.addParams.Feature Envy,4.2.0-m1,4.2.0,4.3.0-m1,3
jedis,4.0.0-beta1,redis.clients.jedis.params,GeoAddParams,addParams,Feature Envy,"checkstyle,experts",src/main/java/redis/clients/jedis/params/GeoAddParams.java,src/main/java/redis/clients/jedis/params/GeoAddParams.java.GeoAddParams.addParams.Feature Envy,4.0.0-beta1,5.3.0-beta1,5.3.0-beta1,20
jedis,3.6.0-rc1,redis.clients.jedis.params,GeoAddParams,getByteParams,Feature Envy,"checkstyle,experts",src/main/java/redis/clients/jedis/params/GeoAddParams.java,src/main/java/redis/clients/jedis/params/GeoAddParams.java.GeoAddParams.getByteParams.Feature Envy,3.6.0-rc1,3.10.0,4.0.0-beta1,7
jedis,5.0.0,redis.clients.jedis.params,GeoRadiusParam,,God Class,"pmd,experts",src/main/java/redis/clients/jedis/params/GeoRadiusParam.java,src/main/java/redis/clients/jedis/params/GeoRadiusParam.java.GeoRadiusParam..God Class,5.0.0,5.3.0-beta1,5.3.0-beta1,6
jedis,4.1.0,redis.clients.jedis.params,GeoRadiusParam,addParams,Complex Method,"designitejava,experts",src/main/java/redis/clients/jedis/params/GeoRadiusParam.java,src/main/java/redis/clients/jedis/params/GeoRadiusParam.java.GeoRadiusParam.addParams.Complex Method,4.1.0,4.3.0-m1,4.3.0,5
jedis,4.0.0-beta1,redis.clients.jedis.params,GeoRadiusParam,addParams,Feature Envy,"checkstyle,experts",src/main/java/redis/clients/jedis/params/GeoRadiusParam.java,src/main/java/redis/clients/jedis/params/GeoRadiusParam.java.GeoRadiusParam.addParams.Feature Envy,4.0.0-beta1,5.3.0-beta1,5.3.0-beta1,20
jedis,3.3.0,redis.clients.jedis.params,GeoRadiusParam,getByteParams,Complex Method,"designitejava,experts",src/main/java/redis/clients/jedis/params/GeoRadiusParam.java,src/main/java/redis/clients/jedis/params/GeoRadiusParam.java.GeoRadiusParam.getByteParams.Complex Method,3.3.0,3.3.0,3.4.0,1
jedis,3.0.0-m1,redis.clients.jedis.params,GeoRadiusParam,getByteParams,Feature Envy,"checkstyle,experts",src/main/java/redis/clients/jedis/params/GeoRadiusParam.java,src/main/java/redis/clients/jedis/params/GeoRadiusParam.java.GeoRadiusParam.getByteParams.Feature Envy,3.0.0-m1,3.10.0,4.0.0-beta1,16
jedis,3.3.0,redis.clients.jedis.params,GeoRadiusParam,getByteParams,Long Method,"Decor,experts",src/main/java/redis/clients/jedis/params/GeoRadiusParam.java,src/main/java/redis/clients/jedis/params/GeoRadiusParam.java.GeoRadiusParam.getByteParams.Long Method,3.3.0,3.10.0,4.0.0-beta1,10
jedis,4.0.0-beta1,redis.clients.jedis.params,GeoRadiusStoreParam,addParams,Feature Envy,"checkstyle,experts",src/main/java/redis/clients/jedis/params/GeoRadiusStoreParam.java,src/main/java/redis/clients/jedis/params/GeoRadiusStoreParam.java.GeoRadiusStoreParam.addParams.Feature Envy,4.0.0-beta1,5.3.0-beta1,5.3.0-beta1,20
jedis,3.4.0,redis.clients.jedis.params,GeoRadiusStoreParam,getByteParams,Feature Envy,"checkstyle,experts",src/main/java/redis/clients/jedis/params/GeoRadiusStoreParam.java,src/main/java/redis/clients/jedis/params/GeoRadiusStoreParam.java.GeoRadiusStoreParam.getByteParams.Feature Envy,3.4.0,3.10.0,4.0.0-beta1,9
jedis,4.1.0,redis.clients.jedis.params,GeoSearchParam,,God Class,"pmd,experts",src/main/java/redis/clients/jedis/params/GeoSearchParam.java,src/main/java/redis/clients/jedis/params/GeoSearchParam.java.GeoSearchParam..God Class,4.1.0,5.3.0-beta1,5.3.0-beta1,17
jedis,4.1.0,redis.clients.jedis.params,GeoSearchParam,addParams,Complex Method,"designitejava,checkstyle,experts",src/main/java/redis/clients/jedis/params/GeoSearchParam.java,src/main/java/redis/clients/jedis/params/GeoSearchParam.java.GeoSearchParam.addParams.Complex Method,4.1.0,5.3.0-beta1,5.3.0-beta1,17
jedis,4.1.0,redis.clients.jedis.params,GeoSearchParam,addParams,Feature Envy,"checkstyle,experts",src/main/java/redis/clients/jedis/params/GeoSearchParam.java,src/main/java/redis/clients/jedis/params/GeoSearchParam.java.GeoSearchParam.addParams.Feature Envy,4.1.0,5.3.0-beta1,5.3.0-beta1,17
jedis,4.1.0,redis.clients.jedis.params,GeoSearchParam,addParams,Long Method,"Decor,experts",src/main/java/redis/clients/jedis/params/GeoSearchParam.java,src/main/java/redis/clients/jedis/params/GeoSearchParam.java.GeoSearchParam.addParams.Long Method,4.1.0,5.3.0-beta1,5.3.0-beta1,17
jedis,4.0.0-beta1,redis.clients.jedis.params,GetExParams,addParams,Feature Envy,"checkstyle,experts",src/main/java/redis/clients/jedis/params/GetExParams.java,src/main/java/redis/clients/jedis/params/GetExParams.java.GetExParams.addParams.Feature Envy,4.0.0-beta1,5.0.0-beta1,5.0.0,14
jedis,4.0.0-beta1,redis.clients.jedis.params,GetExParams,addParams,Long Method,"Decor,experts",src/main/java/redis/clients/jedis/params/GetExParams.java,src/main/java/redis/clients/jedis/params/GetExParams.java.GetExParams.addParams.Long Method,4.0.0-beta1,4.0.0-beta1,4.0.0-RC1,1
jedis,3.6.0-rc1,redis.clients.jedis.params,GetExParams,getByteParams,Feature Envy,"checkstyle,experts",src/main/java/redis/clients/jedis/params/GetExParams.java,src/main/java/redis/clients/jedis/params/GetExParams.java.GetExParams.getByteParams.Feature Envy,3.6.0-rc1,3.10.0,4.0.0-beta1,7
jedis,3.6.0-rc1,redis.clients.jedis.params,GetExParams,getByteParams,Long Method,"Decor,experts",src/main/java/redis/clients/jedis/params/GetExParams.java,src/main/java/redis/clients/jedis/params/GetExParams.java.GetExParams.getByteParams.Long Method,3.6.0-rc1,3.10.0,4.0.0-beta1,7
jedis,4.2.0-m1,redis.clients.jedis.params,LCSParams,addParams,Feature Envy,"checkstyle,experts",src/main/java/redis/clients/jedis/params/LCSParams.java,src/main/java/redis/clients/jedis/params/LCSParams.java.LCSParams.addParams.Feature Envy,4.2.0-m1,5.3.0-beta1,5.3.0-beta1,16
jedis,4.0.0-beta1,redis.clients.jedis.params,LPosParams,addParams,Feature Envy,"checkstyle,experts",src/main/java/redis/clients/jedis/params/LPosParams.java,src/main/java/redis/clients/jedis/params/LPosParams.java.LPosParams.addParams.Feature Envy,4.0.0-beta1,5.3.0-beta1,5.3.0-beta1,20
jedis,5.0.0,redis.clients.jedis.params,LolwutParams,addParams,Feature Envy,"checkstyle,experts",src/main/java/redis/clients/jedis/params/LolwutParams.java,src/main/java/redis/clients/jedis/params/LolwutParams.java.LolwutParams.addParams.Feature Envy,5.0.0,5.3.0-beta1,5.3.0-beta1,6
jedis,4.0.0-beta1,redis.clients.jedis.params,MigrateParams,addParams,Feature Envy,"checkstyle,experts",src/main/java/redis/clients/jedis/params/MigrateParams.java,src/main/java/redis/clients/jedis/params/MigrateParams.java.MigrateParams.addParams.Feature Envy,4.0.0-beta1,5.3.0-beta1,5.3.0-beta1,20
jedis,3.6.0-rc1,redis.clients.jedis.params,MigrateParams,getByteParams,Feature Envy,"checkstyle,experts",src/main/java/redis/clients/jedis/params/MigrateParams.java,src/main/java/redis/clients/jedis/params/MigrateParams.java.MigrateParams.getByteParams.Feature Envy,3.6.0-rc1,3.10.0,4.0.0-beta1,7
jedis,4.4.0-m1,redis.clients.jedis.params,ModuleLoadExParams,addParams,Feature Envy,"checkstyle,experts",src/main/java/redis/clients/jedis/params/ModuleLoadExParams.java,src/main/java/redis/clients/jedis/params/ModuleLoadExParams.java.ModuleLoadExParams.addParams.Feature Envy,4.4.0-m1,5.3.0-beta1,5.3.0-beta1,11
jedis,3.1.0-rc,redis.clients.jedis.params,Params,getByteParams,Complex Method,"designitejava,experts",src/main/java/redis/clients/jedis/params/Params.java,src/main/java/redis/clients/jedis/params/Params.java.Params.getByteParams.Complex Method,3.1.0-rc,5.0.0-beta1,5.0.0,27
jedis,3.1.0-rc,redis.clients.jedis.params,Params,getByteParams,Long Method,"Decor,experts",src/main/java/redis/clients/jedis/params/Params.java,src/main/java/redis/clients/jedis/params/Params.java.Params.getByteParams.Long Method,3.1.0-rc,5.0.0-beta1,5.0.0,27
jedis,4.0.0-beta1,redis.clients.jedis.params,RestoreParams,addParams,Feature Envy,"checkstyle,experts",src/main/java/redis/clients/jedis/params/RestoreParams.java,src/main/java/redis/clients/jedis/params/RestoreParams.java.RestoreParams.addParams.Feature Envy,4.0.0-beta1,5.3.0-beta1,5.3.0-beta1,20
jedis,3.6.0-rc1,redis.clients.jedis.params,RestoreParams,getByteParams,Feature Envy,"checkstyle,experts",src/main/java/redis/clients/jedis/params/RestoreParams.java,src/main/java/redis/clients/jedis/params/RestoreParams.java.RestoreParams.getByteParams.Feature Envy,3.6.0-rc1,3.10.0,4.0.0-beta1,7
jedis,5.2.0,redis.clients.jedis.params,SetParams,,God Class,"pmd,experts",src/main/java/redis/clients/jedis/params/SetParams.java,src/main/java/redis/clients/jedis/params/SetParams.java.SetParams..God Class,5.2.0,5.3.0-beta1,5.3.0-beta1,2
jedis,4.0.0-beta1,redis.clients.jedis.params,SetParams,addParams,Complex Method,"designitejava,experts",src/main/java/redis/clients/jedis/params/SetParams.java,src/main/java/redis/clients/jedis/params/SetParams.java.SetParams.addParams.Complex Method,4.0.0-beta1,5.0.0-beta1,5.0.0,14
jedis,4.0.0-beta1,redis.clients.jedis.params,SetParams,addParams,Feature Envy,"checkstyle,experts",src/main/java/redis/clients/jedis/params/SetParams.java,src/main/java/redis/clients/jedis/params/SetParams.java.SetParams.addParams.Feature Envy,4.0.0-beta1,5.3.0-beta1,5.3.0-beta1,20
jedis,4.0.0-beta1,redis.clients.jedis.params,SetParams,addParams,Long Method,"Decor,experts",src/main/java/redis/clients/jedis/params/SetParams.java,src/main/java/redis/clients/jedis/params/SetParams.java.SetParams.addParams.Long Method,4.0.0-beta1,5.0.0-beta1,5.0.0,14
jedis,3.6.0-rc1,redis.clients.jedis.params,SetParams,getByteParams,Complex Method,"designitejava,experts",src/main/java/redis/clients/jedis/params/SetParams.java,src/main/java/redis/clients/jedis/params/SetParams.java.SetParams.getByteParams.Complex Method,3.6.0-rc1,3.10.0,4.0.0-beta1,7
jedis,3.0.0-m1,redis.clients.jedis.params,SetParams,getByteParams,Feature Envy,"checkstyle,experts",src/main/java/redis/clients/jedis/params/SetParams.java,src/main/java/redis/clients/jedis/params/SetParams.java.SetParams.getByteParams.Feature Envy,3.0.0-m1,3.10.0,4.0.0-beta1,16
jedis,3.4.0,redis.clients.jedis.params,SetParams,getByteParams,Long Method,"Decor,experts",src/main/java/redis/clients/jedis/params/SetParams.java,src/main/java/redis/clients/jedis/params/SetParams.java.SetParams.getByteParams.Long Method,3.4.0,3.10.0,4.0.0-beta1,9
jedis,4.1.0,redis.clients.jedis.params,ShutdownParams,addParams,Feature Envy,"checkstyle,experts",src/main/java/redis/clients/jedis/params/ShutdownParams.java,src/main/java/redis/clients/jedis/params/ShutdownParams.java.ShutdownParams.addParams.Feature Envy,4.1.0,5.3.0-beta1,5.3.0-beta1,17
jedis,4.3.0,redis.clients.jedis.params,SortingParams,,God Class,"pmd,experts",src/main/java/redis/clients/jedis/params/SortingParams.java,src/main/java/redis/clients/jedis/params/SortingParams.java.SortingParams..God Class,4.3.0,5.3.0-beta1,5.3.0-beta1,12
jedis,4.0.0-beta1,redis.clients.jedis.params,StrAlgoLCSParams,addParams,Feature Envy,"checkstyle,experts",src/main/java/redis/clients/jedis/params/StrAlgoLCSParams.java,src/main/java/redis/clients/jedis/params/StrAlgoLCSParams.java.StrAlgoLCSParams.addParams.Feature Envy,4.0.0-beta1,5.0.0-alpha1,5.0.0-beta1,13
jedis,3.7.0-RC1,redis.clients.jedis.params,StrAlgoLCSParams,getByteParams,Feature Envy,"checkstyle,experts",src/main/java/redis/clients/jedis/params/StrAlgoLCSParams.java,src/main/java/redis/clients/jedis/params/StrAlgoLCSParams.java.StrAlgoLCSParams.getByteParams.Feature Envy,3.7.0-RC1,3.10.0,4.0.0-beta1,5
jedis,4.2.0-rc1,redis.clients.jedis.params,XAddParams,,God Class,"pmd,experts",src/main/java/redis/clients/jedis/params/XAddParams.java,src/main/java/redis/clients/jedis/params/XAddParams.java.XAddParams..God Class,4.2.0-rc1,5.3.0-beta1,5.3.0-beta1,15
jedis,4.0.0-beta1,redis.clients.jedis.params,XAddParams,addParams,Complex Method,"designitejava,experts",src/main/java/redis/clients/jedis/params/XAddParams.java,src/main/java/redis/clients/jedis/params/XAddParams.java.XAddParams.addParams.Complex Method,4.0.0-beta1,5.3.0-beta1,5.3.0-beta1,20
jedis,4.0.0-beta1,redis.clients.jedis.params,XAddParams,addParams,Feature Envy,"checkstyle,experts",src/main/java/redis/clients/jedis/params/XAddParams.java,src/main/java/redis/clients/jedis/params/XAddParams.java.XAddParams.addParams.Feature Envy,4.0.0-beta1,5.3.0-beta1,5.3.0-beta1,20
jedis,4.0.0-beta1,redis.clients.jedis.params,XAddParams,addParams,Long Method,"Decor,experts",src/main/java/redis/clients/jedis/params/XAddParams.java,src/main/java/redis/clients/jedis/params/XAddParams.java.XAddParams.addParams.Long Method,4.0.0-beta1,5.3.0-beta1,5.3.0-beta1,20
jedis,3.6.0-rc1,redis.clients.jedis.params,XAddParams,getByteParams,Complex Method,"designitejava,experts",src/main/java/redis/clients/jedis/params/XAddParams.java,src/main/java/redis/clients/jedis/params/XAddParams.java.XAddParams.getByteParams.Complex Method,3.6.0-rc1,3.10.0,4.0.0-beta1,7
jedis,3.6.0-rc1,redis.clients.jedis.params,XAddParams,getByteParams,Feature Envy,"checkstyle,experts",src/main/java/redis/clients/jedis/params/XAddParams.java,src/main/java/redis/clients/jedis/params/XAddParams.java.XAddParams.getByteParams.Feature Envy,3.6.0-rc1,3.10.0,4.0.0-beta1,7
jedis,3.6.0-rc1,redis.clients.jedis.params,XAddParams,getByteParams,Long Method,"Decor,experts",src/main/java/redis/clients/jedis/params/XAddParams.java,src/main/java/redis/clients/jedis/params/XAddParams.java.XAddParams.getByteParams.Long Method,3.6.0-rc1,3.10.0,4.0.0-beta1,7
jedis,4.0.0-beta1,redis.clients.jedis.params,XClaimParams,addParams,Feature Envy,"checkstyle,experts",src/main/java/redis/clients/jedis/params/XClaimParams.java,src/main/java/redis/clients/jedis/params/XClaimParams.java.XClaimParams.addParams.Feature Envy,4.0.0-beta1,5.3.0-beta1,5.3.0-beta1,20
jedis,4.1.0,redis.clients.jedis.params,XPendingParams,,God Class,"pmd,experts",src/main/java/redis/clients/jedis/params/XPendingParams.java,src/main/java/redis/clients/jedis/params/XPendingParams.java.XPendingParams..God Class,4.1.0,5.3.0-beta1,5.3.0-beta1,17
jedis,4.0.0-beta1,redis.clients.jedis.params,XPendingParams,addParams,Feature Envy,"checkstyle,experts",src/main/java/redis/clients/jedis/params/XPendingParams.java,src/main/java/redis/clients/jedis/params/XPendingParams.java.XPendingParams.addParams.Feature Envy,4.0.0-beta1,5.3.0-beta1,5.3.0-beta1,20
jedis,4.0.0-beta1,redis.clients.jedis.params,XPendingParams,addParams,Long Method,"Decor,experts",src/main/java/redis/clients/jedis/params/XPendingParams.java,src/main/java/redis/clients/jedis/params/XPendingParams.java.XPendingParams.addParams.Long Method,4.0.0-beta1,4.0.0-beta1,4.0.0-RC1,1
jedis,3.6.0-rc1,redis.clients.jedis.params,XPendingParams,getByteParams,Feature Envy,"checkstyle,experts",src/main/java/redis/clients/jedis/params/XPendingParams.java,src/main/java/redis/clients/jedis/params/XPendingParams.java.XPendingParams.getByteParams.Feature Envy,3.6.0-rc1,3.10.0,4.0.0-beta1,7
jedis,4.0.0-beta1,redis.clients.jedis.params,XReadGroupParams,addParams,Feature Envy,"checkstyle,experts",src/main/java/redis/clients/jedis/params/XReadGroupParams.java,src/main/java/redis/clients/jedis/params/XReadGroupParams.java.XReadGroupParams.addParams.Feature Envy,4.0.0-beta1,5.3.0-beta1,5.3.0-beta1,20
jedis,4.0.0-beta1,redis.clients.jedis.params,XReadParams,addParams,Feature Envy,"checkstyle,experts",src/main/java/redis/clients/jedis/params/XReadParams.java,src/main/java/redis/clients/jedis/params/XReadParams.java.XReadParams.addParams.Feature Envy,4.0.0-beta1,5.3.0-beta1,5.3.0-beta1,20
jedis,4.0.0-beta1,redis.clients.jedis.params,XTrimParams,addParams,Complex Method,"designitejava,experts",src/main/java/redis/clients/jedis/params/XTrimParams.java,src/main/java/redis/clients/jedis/params/XTrimParams.java.XTrimParams.addParams.Complex Method,4.0.0-beta1,5.3.0-beta1,5.3.0-beta1,20
jedis,4.0.0-beta1,redis.clients.jedis.params,XTrimParams,addParams,Feature Envy,"checkstyle,experts",src/main/java/redis/clients/jedis/params/XTrimParams.java,src/main/java/redis/clients/jedis/params/XTrimParams.java.XTrimParams.addParams.Feature Envy,4.0.0-beta1,5.3.0-beta1,5.3.0-beta1,20
jedis,4.0.0-beta1,redis.clients.jedis.params,XTrimParams,addParams,Long Method,"Decor,experts",src/main/java/redis/clients/jedis/params/XTrimParams.java,src/main/java/redis/clients/jedis/params/XTrimParams.java.XTrimParams.addParams.Long Method,4.0.0-beta1,5.3.0-beta1,5.3.0-beta1,20
jedis,3.6.0-rc1,redis.clients.jedis.params,XTrimParams,getByteParams,Complex Method,"designitejava,experts",src/main/java/redis/clients/jedis/params/XTrimParams.java,src/main/java/redis/clients/jedis/params/XTrimParams.java.XTrimParams.getByteParams.Complex Method,3.6.0-rc1,3.10.0,4.0.0-beta1,7
jedis,3.6.0-rc1,redis.clients.jedis.params,XTrimParams,getByteParams,Feature Envy,"checkstyle,experts",src/main/java/redis/clients/jedis/params/XTrimParams.java,src/main/java/redis/clients/jedis/params/XTrimParams.java.XTrimParams.getByteParams.Feature Envy,3.6.0-rc1,3.10.0,4.0.0-beta1,7
jedis,3.6.0-rc1,redis.clients.jedis.params,XTrimParams,getByteParams,Long Method,"Decor,experts",src/main/java/redis/clients/jedis/params/XTrimParams.java,src/main/java/redis/clients/jedis/params/XTrimParams.java.XTrimParams.getByteParams.Long Method,3.6.0-rc1,3.10.0,4.0.0-beta1,7
jedis,4.0.0-beta1,redis.clients.jedis.params,ZAddParams,addParams,Feature Envy,"checkstyle,experts",src/main/java/redis/clients/jedis/params/ZAddParams.java,src/main/java/redis/clients/jedis/params/ZAddParams.java.ZAddParams.addParams.Feature Envy,4.0.0-beta1,5.3.0-beta1,5.3.0-beta1,20
jedis,3.0.0-m1,redis.clients.jedis.params,ZAddParams,getByteParams,Feature Envy,"checkstyle,experts",src/main/java/redis/clients/jedis/params/ZAddParams.java,src/main/java/redis/clients/jedis/params/ZAddParams.java.ZAddParams.getByteParams.Feature Envy,3.0.0-m1,3.10.0,4.0.0-beta1,16
jedis,4.0.0-beta1,redis.clients.jedis.params,ZIncrByParams,addParams,Feature Envy,"checkstyle,experts",src/main/java/redis/clients/jedis/params/ZIncrByParams.java,src/main/java/redis/clients/jedis/params/ZIncrByParams.java.ZIncrByParams.addParams.Feature Envy,4.0.0-beta1,5.0.0-beta1,5.0.0,14
jedis,3.0.0-m1,redis.clients.jedis.params,ZIncrByParams,getByteParams,Feature Envy,"checkstyle,experts",src/main/java/redis/clients/jedis/params/ZIncrByParams.java,src/main/java/redis/clients/jedis/params/ZIncrByParams.java.ZIncrByParams.getByteParams.Feature Envy,3.0.0-m1,3.10.0,4.0.0-beta1,16
jedis,4.1.0,redis.clients.jedis.params,ZRangeParams,addParams,Feature Envy,"checkstyle,experts",src/main/java/redis/clients/jedis/params/ZRangeParams.java,src/main/java/redis/clients/jedis/params/ZRangeParams.java.ZRangeParams.addParams.Feature Envy,4.1.0,5.3.0-beta1,5.3.0-beta1,17
jedis,2.8.0,redis.clients.jedis.params.geo,GeoRadiusParam,getByteParams,Feature Envy,"checkstyle,experts",src/main/java/redis/clients/jedis/params/geo/GeoRadiusParam.java,src/main/java/redis/clients/jedis/params/geo/GeoRadiusParam.java.GeoRadiusParam.getByteParams.Feature Envy,2.8.0,2.10.0,3.0.0-m1,4
jedis,2.8.0,redis.clients.jedis.params.sortedset,ZAddParams,getByteParams,Feature Envy,"checkstyle,experts",src/main/java/redis/clients/jedis/params/sortedset/ZAddParams.java,src/main/java/redis/clients/jedis/params/sortedset/ZAddParams.java.ZAddParams.getByteParams.Feature Envy,2.8.0,2.10.0,3.0.0-m1,4
jedis,2.8.0,redis.clients.jedis.params.sortedset,ZIncrByParams,getByteParams,Feature Envy,"checkstyle,experts",src/main/java/redis/clients/jedis/params/sortedset/ZIncrByParams.java,src/main/java/redis/clients/jedis/params/sortedset/ZIncrByParams.java.ZIncrByParams.getByteParams.Feature Envy,2.8.0,2.10.0,3.0.0-m1,4
jedis,5.2.0-beta1,redis.clients.jedis.providers,ClusterConnectionProvider,ClusterConnectionProvider,Long Parameter List,"designitejava,experts",src/main/java/redis/clients/jedis/providers/ClusterConnectionProvider.java,src/main/java/redis/clients/jedis/providers/ClusterConnectionProvider.java.ClusterConnectionProvider.ClusterConnectionProvider.Long Parameter List,5.2.0-beta1,5.3.0-beta1,5.3.0-beta1,3
jedis,4.0.0-RC1,redis.clients.jedis.providers,ClusterConnectionProvider,getConnection,Long Method,"Decor,experts",src/main/java/redis/clients/jedis/providers/ClusterConnectionProvider.java,src/main/java/redis/clients/jedis/providers/ClusterConnectionProvider.java.ClusterConnectionProvider.getConnection.Long Method,4.0.0-RC1,5.3.0-beta1,5.3.0-beta1,19
jedis,4.0.0-beta1,redis.clients.jedis.providers,JedisClusterConnectionProvider,getConnection,Long Method,"Decor,experts",src/main/java/redis/clients/jedis/providers/JedisClusterConnectionProvider.java,src/main/java/redis/clients/jedis/providers/JedisClusterConnectionProvider.java.JedisClusterConnectionProvider.getConnection.Long Method,4.0.0-beta1,4.0.0-beta1,4.0.0-RC1,1
jedis,5.0.0,redis.clients.jedis.providers,MultiClusterPooledConnectionProvider,MultiClusterPooledConnectionProvider,Feature Envy,"checkstyle,experts",src/main/java/redis/clients/jedis/providers/MultiClusterPooledConnectionProvider.java,src/main/java/redis/clients/jedis/providers/MultiClusterPooledConnectionProvider.java.MultiClusterPooledConnectionProvider.MultiClusterPooledConnectionProvider.Feature Envy,5.0.0,5.3.0-beta1,5.3.0-beta1,6
jedis,4.4.0-m1,redis.clients.jedis.providers,SentineledConnectionProvider,SentineledConnectionProvider,Long Parameter List,"designitejava,experts",src/main/java/redis/clients/jedis/providers/SentineledConnectionProvider.java,src/main/java/redis/clients/jedis/providers/SentineledConnectionProvider.java.SentineledConnectionProvider.SentineledConnectionProvider.Long Parameter List,4.4.0-m1,5.3.0-beta1,5.3.0-beta1,11
jedis,4.4.0-m1,redis.clients.jedis.providers,SentineledConnectionProvider,initSentinels,Long Method,"Decor,experts",src/main/java/redis/clients/jedis/providers/SentineledConnectionProvider.java,src/main/java/redis/clients/jedis/providers/SentineledConnectionProvider.java.SentineledConnectionProvider.initSentinels.Long Method,4.4.0-m1,5.3.0-beta1,5.3.0-beta1,11
jedis,4.4.0-m1,redis.clients.jedis.providers,SentineledConnectionProvider,run,Complex Method,"pmd,experts",src/main/java/redis/clients/jedis/providers/SentineledConnectionProvider.java,src/main/java/redis/clients/jedis/providers/SentineledConnectionProvider.java.SentineledConnectionProvider.run.Complex Method,4.4.0-m1,5.3.0-beta1,5.3.0-beta1,11
jedis,4.0.0-RC1,redis.clients.jedis.providers,ShardedConnectionProvider,getConnection,Long Method,"Decor,experts",src/main/java/redis/clients/jedis/providers/ShardedConnectionProvider.java,src/main/java/redis/clients/jedis/providers/ShardedConnectionProvider.java.ShardedConnectionProvider.getConnection.Long Method,4.0.0-RC1,5.3.0-beta1,5.3.0-beta1,19
jedis,4.2.0-m1,redis.clients.jedis.resps,CommandDocument,CommandDocument,Long Parameter List,"designitejava,experts",src/main/java/redis/clients/jedis/resps/CommandDocument.java,src/main/java/redis/clients/jedis/resps/CommandDocument.java.CommandDocument.CommandDocument.Long Parameter List,4.2.0-m1,5.3.0-beta1,5.3.0-beta1,16
jedis,4.2.0-m1,redis.clients.jedis.resps,CommandInfo,CommandInfo,Long Parameter List,"designitejava,experts",src/main/java/redis/clients/jedis/resps/CommandInfo.java,src/main/java/redis/clients/jedis/resps/CommandInfo.java.CommandInfo.CommandInfo.Long Parameter List,4.2.0-m1,5.3.0-beta1,5.3.0-beta1,16
jedis,5.0.0,redis.clients.jedis.resps,FunctionStats,build,Complex Method,"designitejava,experts",src/main/java/redis/clients/jedis/resps/FunctionStats.java,src/main/java/redis/clients/jedis/resps/FunctionStats.java.FunctionStats.build.Complex Method,5.0.0,5.3.0-beta1,5.3.0-beta1,6
jedis,4.2.0-m1,redis.clients.jedis.resps,LibraryInfo,LibraryInfo,Long Parameter List,"designitejava,experts",src/main/java/redis/clients/jedis/resps/LibraryInfo.java,src/main/java/redis/clients/jedis/resps/LibraryInfo.java.LibraryInfo.LibraryInfo.Long Parameter List,4.2.0-m1,4.2.0,4.3.0-m1,3
jedis,5.0.0,redis.clients.jedis.resps,LibraryInfo,build,Complex Method,"designitejava,experts",src/main/java/redis/clients/jedis/resps/LibraryInfo.java,src/main/java/redis/clients/jedis/resps/LibraryInfo.java.LibraryInfo.build.Complex Method,5.0.0,5.3.0-beta1,5.3.0-beta1,6
jedis,4.0.0-beta1,redis.clients.jedis.resps,Slowlog,Slowlog,Feature Envy,"checkstyle,experts",src/main/java/redis/clients/jedis/resps/Slowlog.java,src/main/java/redis/clients/jedis/resps/Slowlog.java.Slowlog.Slowlog.Feature Envy,4.0.0-beta1,5.0.0-beta1,5.0.0,14
jedis,4.0.0-beta1,redis.clients.jedis.search,Document,load,Long Parameter List,"designitejava,experts",src/main/java/redis/clients/jedis/search/Document.java,src/main/java/redis/clients/jedis/search/Document.java.Document.load.Long Parameter List,4.0.0-beta1,5.3.0-beta1,5.3.0-beta1,20
jedis,4.3.0,redis.clients.jedis.search,FTCreateParams,,God Class,"pmd,experts",src/main/java/redis/clients/jedis/search/FTCreateParams.java,src/main/java/redis/clients/jedis/search/FTCreateParams.java.FTCreateParams..God Class,4.3.0,5.3.0-beta1,5.3.0-beta1,12
jedis,4.3.0,redis.clients.jedis.search,FTCreateParams,addParams,Complex Method,"designitejava,pmd,checkstyle,experts",src/main/java/redis/clients/jedis/search/FTCreateParams.java,src/main/java/redis/clients/jedis/search/FTCreateParams.java.FTCreateParams.addParams.Complex Method,4.3.0,5.3.0-beta1,5.3.0-beta1,12
jedis,4.3.0,redis.clients.jedis.search,FTCreateParams,addParams,Feature Envy,"checkstyle,experts",src/main/java/redis/clients/jedis/search/FTCreateParams.java,src/main/java/redis/clients/jedis/search/FTCreateParams.java.FTCreateParams.addParams.Feature Envy,4.3.0,5.3.0-beta1,5.3.0-beta1,12
jedis,4.3.0,redis.clients.jedis.search,FTCreateParams,addParams,Long Method,"Decor,experts",src/main/java/redis/clients/jedis/search/FTCreateParams.java,src/main/java/redis/clients/jedis/search/FTCreateParams.java.FTCreateParams.addParams.Long Method,4.3.0,5.3.0-beta1,5.3.0-beta1,12
jedis,4.3.0,redis.clients.jedis.search,FTSearchParams,,God Class,"pmd,experts",src/main/java/redis/clients/jedis/search/FTSearchParams.java,src/main/java/redis/clients/jedis/search/FTSearchParams.java.FTSearchParams..God Class,4.3.0,5.3.0-beta1,5.3.0-beta1,12
jedis,4.3.0,redis.clients.jedis.search,FTSearchParams,addParams,Complex Method,"designitejava,pmd,checkstyle,experts",src/main/java/redis/clients/jedis/search/FTSearchParams.java,src/main/java/redis/clients/jedis/search/FTSearchParams.java.FTSearchParams.addParams.Complex Method,4.3.0,5.3.0-beta1,5.3.0-beta1,12
jedis,4.3.0,redis.clients.jedis.search,FTSearchParams,addParams,Feature Envy,"checkstyle,experts",src/main/java/redis/clients/jedis/search/FTSearchParams.java,src/main/java/redis/clients/jedis/search/FTSearchParams.java.FTSearchParams.addParams.Feature Envy,4.3.0,5.3.0-beta1,5.3.0-beta1,12
jedis,4.3.0,redis.clients.jedis.search,FTSearchParams,filter,Long Parameter List,"designitejava,experts",src/main/java/redis/clients/jedis/search/FTSearchParams.java,src/main/java/redis/clients/jedis/search/FTSearchParams.java.FTSearchParams.filter.Long Parameter List,4.3.0,5.3.0-beta1,5.3.0-beta1,12
jedis,4.3.0,redis.clients.jedis.search,FTSearchParams,geoFilter,Long Parameter List,"designitejava,experts",src/main/java/redis/clients/jedis/search/FTSearchParams.java,src/main/java/redis/clients/jedis/search/FTSearchParams.java.FTSearchParams.geoFilter.Long Parameter List,4.3.0,5.3.0-beta1,5.3.0-beta1,12
jedis,4.3.0,redis.clients.jedis.search,GeoFilter,addParams,Feature Envy,"checkstyle,experts",src/main/java/redis/clients/jedis/search/FTSearchParams.java,src/main/java/redis/clients/jedis/search/FTSearchParams.java.GeoFilter.addParams.Feature Envy,4.3.0,5.3.0-beta1,5.3.0-beta1,12
jedis,4.3.0,redis.clients.jedis.search,HighlightParams,addParams,Feature Envy,"checkstyle,experts",src/main/java/redis/clients/jedis/search/FTSearchParams.java,src/main/java/redis/clients/jedis/search/FTSearchParams.java.HighlightParams.addParams.Feature Envy,4.3.0,5.3.0-beta1,5.3.0-beta1,12
jedis,4.3.0,redis.clients.jedis.search,NumericFilter,addParams,Feature Envy,"checkstyle,experts",src/main/java/redis/clients/jedis/search/FTSearchParams.java,src/main/java/redis/clients/jedis/search/FTSearchParams.java.NumericFilter.addParams.Feature Envy,4.3.0,5.3.0-beta1,5.3.0-beta1,12
jedis,4.3.0,redis.clients.jedis.search,SummarizeParams,addParams,Feature Envy,"checkstyle,experts",src/main/java/redis/clients/jedis/search/FTSearchParams.java,src/main/java/redis/clients/jedis/search/FTSearchParams.java.SummarizeParams.addParams.Feature Envy,4.3.0,5.3.0-beta1,5.3.0-beta1,12
jedis,4.4.0-m1,redis.clients.jedis.search,FTSpellCheckParams,addParams,Feature Envy,"checkstyle,experts",src/main/java/redis/clients/jedis/search/FTSpellCheckParams.java,src/main/java/redis/clients/jedis/search/FTSpellCheckParams.java.FTSpellCheckParams.addParams.Feature Envy,4.4.0-m1,5.3.0-beta1,5.3.0-beta1,11
jedis,4.0.0-beta1,redis.clients.jedis.search,FieldName,addCommandArguments,Feature Envy,"checkstyle,experts",src/main/java/redis/clients/jedis/search/FieldName.java,src/main/java/redis/clients/jedis/search/FieldName.java.FieldName.addCommandArguments.Feature Envy,4.0.0-beta1,5.3.0-beta1,5.3.0-beta1,20
jedis,4.4.0-rc1,redis.clients.jedis.search,FtSearchIteration,FtSearchIteration,Feature Envy,"checkstyle,experts",src/main/java/redis/clients/jedis/search/FtSearchIteration.java,src/main/java/redis/clients/jedis/search/FtSearchIteration.java.FtSearchIteration.FtSearchIteration.Feature Envy,4.4.0-rc1,5.3.0-beta1,5.3.0-beta1,10
jedis,4.4.0-rc1,redis.clients.jedis.search,FtSearchIteration,FtSearchIteration,Long Parameter List,"designitejava,experts",src/main/java/redis/clients/jedis/search/FtSearchIteration.java,src/main/java/redis/clients/jedis/search/FtSearchIteration.java.FtSearchIteration.FtSearchIteration.Long Parameter List,4.4.0-rc1,5.3.0-beta1,5.3.0-beta1,10
jedis,4.0.0-beta1,redis.clients.jedis.search,IndexDefinition,addParams,Complex Method,"designitejava,checkstyle,experts",src/main/java/redis/clients/jedis/search/IndexDefinition.java,src/main/java/redis/clients/jedis/search/IndexDefinition.java.IndexDefinition.addParams.Complex Method,4.0.0-beta1,5.3.0-beta1,5.3.0-beta1,20
jedis,4.0.0-beta1,redis.clients.jedis.search,IndexDefinition,addParams,Feature Envy,"checkstyle,experts",src/main/java/redis/clients/jedis/search/IndexDefinition.java,src/main/java/redis/clients/jedis/search/IndexDefinition.java.IndexDefinition.addParams.Feature Envy,4.0.0-beta1,5.3.0-beta1,5.3.0-beta1,20
jedis,4.0.0-beta1,redis.clients.jedis.search,IndexDefinition,addParams,Long Method,"Decor,experts",src/main/java/redis/clients/jedis/search/IndexDefinition.java,src/main/java/redis/clients/jedis/search/IndexDefinition.java.IndexDefinition.addParams.Long Method,4.0.0-beta1,5.3.0-beta1,5.3.0-beta1,20
jedis,4.0.0-beta1,redis.clients.jedis.search,IndexOptions,addParams,Complex Method,"designitejava,experts",src/main/java/redis/clients/jedis/search/IndexOptions.java,src/main/java/redis/clients/jedis/search/IndexOptions.java.IndexOptions.addParams.Complex Method,4.0.0-beta1,5.3.0-beta1,5.3.0-beta1,20
jedis,4.0.0-beta1,redis.clients.jedis.search,IndexOptions,addParams,Feature Envy,"checkstyle,experts",src/main/java/redis/clients/jedis/search/IndexOptions.java,src/main/java/redis/clients/jedis/search/IndexOptions.java.IndexOptions.addParams.Feature Envy,4.0.0-beta1,5.3.0-beta1,5.3.0-beta1,20
jedis,4.0.0-beta1,redis.clients.jedis.search,IndexOptions,addParams,Long Method,"Decor,experts",src/main/java/redis/clients/jedis/search/IndexOptions.java,src/main/java/redis/clients/jedis/search/IndexOptions.java.IndexOptions.addParams.Long Method,4.0.0-beta1,5.3.0-beta1,5.3.0-beta1,20
jedis,4.0.0-beta1,redis.clients.jedis.search,GeoFilter,addParams,Feature Envy,"checkstyle,experts",src/main/java/redis/clients/jedis/search/Query.java,src/main/java/redis/clients/jedis/search/Query.java.GeoFilter.addParams.Feature Envy,4.0.0-beta1,5.3.0-beta1,5.3.0-beta1,20
jedis,4.0.0-beta1,redis.clients.jedis.search,NumericFilter,addParams,Feature Envy,"checkstyle,experts",src/main/java/redis/clients/jedis/search/Query.java,src/main/java/redis/clients/jedis/search/Query.java.NumericFilter.addParams.Feature Envy,4.0.0-beta1,5.3.0-beta1,5.3.0-beta1,20
jedis,4.0.0-beta1,redis.clients.jedis.search,Query,,God Class,"pmd,experts",src/main/java/redis/clients/jedis/search/Query.java,src/main/java/redis/clients/jedis/search/Query.java.Query..God Class,4.0.0-beta1,5.3.0-beta1,5.3.0-beta1,20
jedis,4.0.0-beta1,redis.clients.jedis.search,Query,addParams,Complex Method,"designitejava,pmd,checkstyle,experts",src/main/java/redis/clients/jedis/search/Query.java,src/main/java/redis/clients/jedis/search/Query.java.Query.addParams.Complex Method,4.0.0-beta1,5.3.0-beta1,5.3.0-beta1,20
jedis,4.0.0-beta1,redis.clients.jedis.search,Query,addParams,Feature Envy,"checkstyle,experts",src/main/java/redis/clients/jedis/search/Query.java,src/main/java/redis/clients/jedis/search/Query.java.Query.addParams.Feature Envy,4.0.0-beta1,5.3.0-beta1,5.3.0-beta1,20
jedis,4.0.0-beta1,redis.clients.jedis.search,Query,addParams,Long Method,"designitejava,experts",src/main/java/redis/clients/jedis/search/Query.java,src/main/java/redis/clients/jedis/search/Query.java.Query.addParams.Long Method,4.0.0-beta1,5.3.0-beta1,5.3.0-beta1,20
jedis,4.0.0-RC1,redis.clients.jedis.search,RediSearchCommands,,God Class,"pmd,experts",src/main/java/redis/clients/jedis/search/RediSearchCommands.java,src/main/java/redis/clients/jedis/search/RediSearchCommands.java.RediSearchCommands..God Class,4.0.0-RC1,5.3.0-beta1,5.3.0-beta1,19
jedis,4.1.0,redis.clients.jedis.search,RediSearchPipelineCommands,,God Class,"pmd,experts",src/main/java/redis/clients/jedis/search/RediSearchPipelineCommands.java,src/main/java/redis/clients/jedis/search/RediSearchPipelineCommands.java.RediSearchPipelineCommands..God Class,4.1.0,5.3.0-beta1,5.3.0-beta1,17
jedis,4.0.0-RC1,redis.clients.jedis.search,RediSearchUtil,toStringMap,Long Method,"Decor,experts",src/main/java/redis/clients/jedis/search/RediSearchUtil.java,src/main/java/redis/clients/jedis/search/RediSearchUtil.java.RediSearchUtil.toStringMap.Long Method,4.0.0-RC1,5.3.0-beta1,5.3.0-beta1,19
jedis,4.0.0-RC1,redis.clients.jedis.search,Field,addParams,Feature Envy,"checkstyle,experts",src/main/java/redis/clients/jedis/search/Schema.java,src/main/java/redis/clients/jedis/search/Schema.java.Field.addParams.Feature Envy,4.0.0-RC1,5.3.0-beta1,5.3.0-beta1,19
jedis,4.0.0-beta1,redis.clients.jedis.search,Field,serializeRedisArgs,Feature Envy,"checkstyle,experts",src/main/java/redis/clients/jedis/search/Schema.java,src/main/java/redis/clients/jedis/search/Schema.java.Field.serializeRedisArgs.Feature Envy,4.0.0-beta1,4.0.0-beta1,4.0.0-RC1,1
jedis,4.0.0-RC1,redis.clients.jedis.search,Schema,,God Class,"pmd,experts",src/main/java/redis/clients/jedis/search/Schema.java,src/main/java/redis/clients/jedis/search/Schema.java.Schema..God Class,4.0.0-RC1,5.3.0-beta1,5.3.0-beta1,19
jedis,4.3.0-m1,redis.clients.jedis.search,TagField,addTypeArgs,Feature Envy,"checkstyle,experts",src/main/java/redis/clients/jedis/search/Schema.java,src/main/java/redis/clients/jedis/search/Schema.java.TagField.addTypeArgs.Feature Envy,4.3.0-m1,5.3.0-beta1,5.3.0-beta1,13
jedis,4.0.0-beta1,redis.clients.jedis.search,TextField,addTypeArgs,Feature Envy,"checkstyle,experts",src/main/java/redis/clients/jedis/search/Schema.java,src/main/java/redis/clients/jedis/search/Schema.java.TextField.addTypeArgs.Feature Envy,4.0.0-beta1,5.3.0-beta1,5.3.0-beta1,20
jedis,4.2.0-m1,redis.clients.jedis.search,VectorField,addTypeArgs,Feature Envy,"checkstyle,experts",src/main/java/redis/clients/jedis/search/Schema.java,src/main/java/redis/clients/jedis/search/Schema.java.VectorField.addTypeArgs.Feature Envy,4.2.0-m1,5.3.0-beta1,5.3.0-beta1,16
jedis,4.4.0-rc1,redis.clients.jedis.search,SearchBuilderFactory,build,Complex Method,"designitejava,pmd,experts",src/main/java/redis/clients/jedis/search/SearchBuilderFactory.java,src/main/java/redis/clients/jedis/search/SearchBuilderFactory.java.SearchBuilderFactory.build.Complex Method,4.4.0-rc1,5.3.0-beta1,5.3.0-beta1,10
jedis,4.4.0-rc1,redis.clients.jedis.search,SearchBuilderFactory,parseIterators,Complex Method,"designitejava,experts",src/main/java/redis/clients/jedis/search/SearchBuilderFactory.java,src/main/java/redis/clients/jedis/search/SearchBuilderFactory.java.SearchBuilderFactory.parseIterators.Complex Method,4.4.0-rc1,5.3.0-beta1,5.3.0-beta1,10
jedis,4.0.0-RC1,redis.clients.jedis.search.aggr,AggregationBuilder,,God Class,"pmd,experts",src/main/java/redis/clients/jedis/search/aggr/AggregationBuilder.java,src/main/java/redis/clients/jedis/search/aggr/AggregationBuilder.java.AggregationBuilder..God Class,4.0.0-RC1,5.3.0-beta1,5.3.0-beta1,19
jedis,5.0.0,redis.clients.jedis.search.aggr,AggregationBuilder,addParams,Feature Envy,"checkstyle,experts",src/main/java/redis/clients/jedis/search/aggr/AggregationBuilder.java,src/main/java/redis/clients/jedis/search/aggr/AggregationBuilder.java.AggregationBuilder.addParams.Feature Envy,5.0.0,5.3.0-beta1,5.3.0-beta1,6
jedis,5.0.0,redis.clients.jedis.search.aggr,AggregationResult$1,build,Complex Method,"checkstyle,experts",src/main/java/redis/clients/jedis/search/aggr/AggregationResult.java,src/main/java/redis/clients/jedis/search/aggr/AggregationResult.java.AggregationResult$1.build.Complex Method,5.0.0,5.3.0-beta1,5.3.0-beta1,6
jedis,5.0.0,redis.clients.jedis.search.aggr,AggregationResult,build,Complex Method,"designitejava,pmd,experts",src/main/java/redis/clients/jedis/search/aggr/AggregationResult.java,src/main/java/redis/clients/jedis/search/aggr/AggregationResult.java.AggregationResult.build.Complex Method,5.0.0,5.3.0-beta1,5.3.0-beta1,6
jedis,4.4.0-rc1,redis.clients.jedis.search.aggr,FtAggregateIteration,nextCommandArguments,Feature Envy,"checkstyle,experts",src/main/java/redis/clients/jedis/search/aggr/FtAggregateIteration.java,src/main/java/redis/clients/jedis/search/aggr/FtAggregateIteration.java.FtAggregateIteration.nextCommandArguments.Feature Envy,4.4.0-rc1,5.3.0-beta1,5.3.0-beta1,10
jedis,4.0.0-RC1,redis.clients.jedis.search.aggr,Reducers,,God Class,"pmd,experts",src/main/java/redis/clients/jedis/search/aggr/Reducers.java,src/main/java/redis/clients/jedis/search/aggr/Reducers.java.Reducers..God Class,4.0.0-RC1,5.3.0-beta1,5.3.0-beta1,19
jedis,4.3.0,redis.clients.jedis.search.querybuilder,QueryBuilders,,God Class,"pmd,experts",src/main/java/redis/clients/jedis/search/querybuilder/QueryBuilders.java,src/main/java/redis/clients/jedis/search/querybuilder/QueryBuilders.java.QueryBuilders..God Class,4.3.0,5.3.0-beta1,5.3.0-beta1,12
jedis,4.3.0,redis.clients.jedis.search.querybuilder,Values,,God Class,"pmd,experts",src/main/java/redis/clients/jedis/search/querybuilder/Values.java,src/main/java/redis/clients/jedis/search/querybuilder/Values.java.Values..God Class,4.3.0,5.3.0-beta1,5.3.0-beta1,12
jedis,5.2.0,redis.clients.jedis.search.schemafields,GeoField,addParams,Feature Envy,"checkstyle,experts",src/main/java/redis/clients/jedis/search/schemafields/GeoField.java,src/main/java/redis/clients/jedis/search/schemafields/GeoField.java.GeoField.addParams.Feature Envy,5.2.0,5.3.0-beta1,5.3.0-beta1,2
jedis,5.1.0,redis.clients.jedis.search.schemafields,GeoShapeField,addParams,Feature Envy,"checkstyle,experts",src/main/java/redis/clients/jedis/search/schemafields/GeoShapeField.java,src/main/java/redis/clients/jedis/search/schemafields/GeoShapeField.java.GeoShapeField.addParams.Feature Envy,5.1.0,5.3.0-beta1,5.3.0-beta1,5
jedis,4.3.0,redis.clients.jedis.search.schemafields,NumericField,addParams,Feature Envy,"checkstyle,experts",src/main/java/redis/clients/jedis/search/schemafields/NumericField.java,src/main/java/redis/clients/jedis/search/schemafields/NumericField.java.NumericField.addParams.Feature Envy,4.3.0,5.3.0-beta1,5.3.0-beta1,12
jedis,4.3.0,redis.clients.jedis.search.schemafields,TagField,,God Class,"pmd,experts",src/main/java/redis/clients/jedis/search/schemafields/TagField.java,src/main/java/redis/clients/jedis/search/schemafields/TagField.java.TagField..God Class,4.3.0,5.3.0-beta1,5.3.0-beta1,12
jedis,5.2.0,redis.clients.jedis.search.schemafields,TagField,addParams,Complex Method,"designitejava,experts",src/main/java/redis/clients/jedis/search/schemafields/TagField.java,src/main/java/redis/clients/jedis/search/schemafields/TagField.java.TagField.addParams.Complex Method,5.2.0,5.3.0-beta1,5.3.0-beta1,2
jedis,4.3.0,redis.clients.jedis.search.schemafields,TagField,addParams,Feature Envy,"checkstyle,experts",src/main/java/redis/clients/jedis/search/schemafields/TagField.java,src/main/java/redis/clients/jedis/search/schemafields/TagField.java.TagField.addParams.Feature Envy,4.3.0,5.3.0-beta1,5.3.0-beta1,12
jedis,5.1.0,redis.clients.jedis.search.schemafields,TagField,addParams,Long Method,"Decor,experts",src/main/java/redis/clients/jedis/search/schemafields/TagField.java,src/main/java/redis/clients/jedis/search/schemafields/TagField.java.TagField.addParams.Long Method,5.1.0,5.3.0-beta1,5.3.0-beta1,5
jedis,4.3.0,redis.clients.jedis.search.schemafields,TextField,,God Class,"pmd,experts",src/main/java/redis/clients/jedis/search/schemafields/TextField.java,src/main/java/redis/clients/jedis/search/schemafields/TextField.java.TextField..God Class,4.3.0,5.3.0-beta1,5.3.0-beta1,12
jedis,4.3.0,redis.clients.jedis.search.schemafields,TextField,addParams,Complex Method,"designitejava,experts",src/main/java/redis/clients/jedis/search/schemafields/TextField.java,src/main/java/redis/clients/jedis/search/schemafields/TextField.java.TextField.addParams.Complex Method,4.3.0,5.3.0-beta1,5.3.0-beta1,12
jedis,4.3.0,redis.clients.jedis.search.schemafields,TextField,addParams,Feature Envy,"checkstyle,experts",src/main/java/redis/clients/jedis/search/schemafields/TextField.java,src/main/java/redis/clients/jedis/search/schemafields/TextField.java.TextField.addParams.Feature Envy,4.3.0,5.3.0-beta1,5.3.0-beta1,12
jedis,4.3.0,redis.clients.jedis.search.schemafields,TextField,addParams,Long Method,"Decor,experts",src/main/java/redis/clients/jedis/search/schemafields/TextField.java,src/main/java/redis/clients/jedis/search/schemafields/TextField.java.TextField.addParams.Long Method,4.3.0,5.3.0-beta1,5.3.0-beta1,12
jedis,4.3.0,redis.clients.jedis.search.schemafields,VectorField,addParams,Feature Envy,"checkstyle,experts",src/main/java/redis/clients/jedis/search/schemafields/VectorField.java,src/main/java/redis/clients/jedis/search/schemafields/VectorField.java.VectorField.addParams.Feature Envy,4.3.0,5.3.0-beta1,5.3.0-beta1,12
jedis,4.2.0-m1,redis.clients.jedis.timeseries,RedisTimeSeriesCommands,,God Class,"pmd,experts",src/main/java/redis/clients/jedis/timeseries/RedisTimeSeriesCommands.java,src/main/java/redis/clients/jedis/timeseries/RedisTimeSeriesCommands.java.RedisTimeSeriesCommands..God Class,4.2.0-m1,5.3.0-beta1,5.3.0-beta1,16
jedis,4.3.0-m1,redis.clients.jedis.timeseries,RedisTimeSeriesCommands,tsCreateRule,Long Parameter List,"designitejava,experts",src/main/java/redis/clients/jedis/timeseries/RedisTimeSeriesCommands.java,src/main/java/redis/clients/jedis/timeseries/RedisTimeSeriesCommands.java.RedisTimeSeriesCommands.tsCreateRule.Long Parameter List,4.3.0-m1,5.3.0-beta1,5.3.0-beta1,13
jedis,4.2.0-m1,redis.clients.jedis.timeseries,RedisTimeSeriesPipelineCommands,,God Class,"pmd,experts",src/main/java/redis/clients/jedis/timeseries/RedisTimeSeriesPipelineCommands.java,src/main/java/redis/clients/jedis/timeseries/RedisTimeSeriesPipelineCommands.java.RedisTimeSeriesPipelineCommands..God Class,4.2.0-m1,5.3.0-beta1,5.3.0-beta1,16
jedis,4.3.0-m1,redis.clients.jedis.timeseries,RedisTimeSeriesPipelineCommands,tsCreateRule,Long Parameter List,"designitejava,experts",src/main/java/redis/clients/jedis/timeseries/RedisTimeSeriesPipelineCommands.java,src/main/java/redis/clients/jedis/timeseries/RedisTimeSeriesPipelineCommands.java.RedisTimeSeriesPipelineCommands.tsCreateRule.Long Parameter List,4.3.0-m1,5.3.0-beta1,5.3.0-beta1,13
jedis,5.2.0,redis.clients.jedis.timeseries,TSAddParams,,God Class,"pmd,experts",src/main/java/redis/clients/jedis/timeseries/TSAddParams.java,src/main/java/redis/clients/jedis/timeseries/TSAddParams.java.TSAddParams..God Class,5.2.0,5.3.0-beta1,5.3.0-beta1,2
jedis,5.2.0,redis.clients.jedis.timeseries,TSAddParams,addParams,Complex Method,"designitejava,experts",src/main/java/redis/clients/jedis/timeseries/TSAddParams.java,src/main/java/redis/clients/jedis/timeseries/TSAddParams.java.TSAddParams.addParams.Complex Method,5.2.0,5.3.0-beta1,5.3.0-beta1,2
jedis,5.2.0,redis.clients.jedis.timeseries,TSAddParams,addParams,Feature Envy,"checkstyle,experts",src/main/java/redis/clients/jedis/timeseries/TSAddParams.java,src/main/java/redis/clients/jedis/timeseries/TSAddParams.java.TSAddParams.addParams.Feature Envy,5.2.0,5.3.0-beta1,5.3.0-beta1,2
jedis,5.2.0,redis.clients.jedis.timeseries,TSAddParams,addParams,Long Method,"Decor,experts",src/main/java/redis/clients/jedis/timeseries/TSAddParams.java,src/main/java/redis/clients/jedis/timeseries/TSAddParams.java.TSAddParams.addParams.Long Method,5.2.0,5.3.0-beta1,5.3.0-beta1,2
jedis,5.2.0,redis.clients.jedis.timeseries,TSAddParams,equals,Complex Method,"checkstyle,experts",src/main/java/redis/clients/jedis/timeseries/TSAddParams.java,src/main/java/redis/clients/jedis/timeseries/TSAddParams.java.TSAddParams.equals.Complex Method,5.2.0,5.3.0-beta1,5.3.0-beta1,2
jedis,5.2.0,redis.clients.jedis.timeseries,TSAlterParams,,God Class,"pmd,experts",src/main/java/redis/clients/jedis/timeseries/TSAlterParams.java,src/main/java/redis/clients/jedis/timeseries/TSAlterParams.java.TSAlterParams..God Class,5.2.0,5.3.0-beta1,5.3.0-beta1,2
jedis,4.2.0-m1,redis.clients.jedis.timeseries,TSAlterParams,addParams,Feature Envy,"checkstyle,experts",src/main/java/redis/clients/jedis/timeseries/TSAlterParams.java,src/main/java/redis/clients/jedis/timeseries/TSAlterParams.java.TSAlterParams.addParams.Feature Envy,4.2.0-m1,5.3.0-beta1,5.3.0-beta1,16
jedis,5.2.0,redis.clients.jedis.timeseries,TSArithByParams,,God Class,"pmd,experts",src/main/java/redis/clients/jedis/timeseries/TSArithByParams.java,src/main/java/redis/clients/jedis/timeseries/TSArithByParams.java.TSArithByParams..God Class,5.2.0,5.3.0-beta1,5.3.0-beta1,2
jedis,5.2.0,redis.clients.jedis.timeseries,TSArithByParams,addParams,Complex Method,"designitejava,experts",src/main/java/redis/clients/jedis/timeseries/TSArithByParams.java,src/main/java/redis/clients/jedis/timeseries/TSArithByParams.java.TSArithByParams.addParams.Complex Method,5.2.0,5.3.0-beta1,5.3.0-beta1,2
jedis,5.2.0,redis.clients.jedis.timeseries,TSArithByParams,addParams,Feature Envy,"checkstyle,experts",src/main/java/redis/clients/jedis/timeseries/TSArithByParams.java,src/main/java/redis/clients/jedis/timeseries/TSArithByParams.java.TSArithByParams.addParams.Feature Envy,5.2.0,5.3.0-beta1,5.3.0-beta1,2
jedis,5.2.0,redis.clients.jedis.timeseries,TSArithByParams,equals,Complex Method,"checkstyle,experts",src/main/java/redis/clients/jedis/timeseries/TSArithByParams.java,src/main/java/redis/clients/jedis/timeseries/TSArithByParams.java.TSArithByParams.equals.Complex Method,5.2.0,5.3.0-beta1,5.3.0-beta1,2
jedis,5.2.0,redis.clients.jedis.timeseries,TSCreateParams,,God Class,"pmd,experts",src/main/java/redis/clients/jedis/timeseries/TSCreateParams.java,src/main/java/redis/clients/jedis/timeseries/TSCreateParams.java.TSCreateParams..God Class,5.2.0,5.3.0-beta1,5.3.0-beta1,2
jedis,4.2.0-m1,redis.clients.jedis.timeseries,TSCreateParams,addParams,Feature Envy,"checkstyle,experts",src/main/java/redis/clients/jedis/timeseries/TSCreateParams.java,src/main/java/redis/clients/jedis/timeseries/TSCreateParams.java.TSCreateParams.addParams.Feature Envy,4.2.0-m1,5.3.0-beta1,5.3.0-beta1,16
jedis,5.2.0,redis.clients.jedis.timeseries,TSCreateParams,equals,Complex Method,"checkstyle,experts",src/main/java/redis/clients/jedis/timeseries/TSCreateParams.java,src/main/java/redis/clients/jedis/timeseries/TSCreateParams.java.TSCreateParams.equals.Complex Method,5.2.0,5.3.0-beta1,5.3.0-beta1,2
jedis,4.3.0,redis.clients.jedis.timeseries,TSInfo$1,build,Complex Method,"checkstyle,experts",src/main/java/redis/clients/jedis/timeseries/TSInfo.java,src/main/java/redis/clients/jedis/timeseries/TSInfo.java.TSInfo$1.build.Complex Method,4.3.0,5.3.0-beta1,5.3.0-beta1,12
jedis,4.3.0-m1,redis.clients.jedis.timeseries,TSInfo$1,build,Feature Envy,"checkstyle,experts",src/main/java/redis/clients/jedis/timeseries/TSInfo.java,src/main/java/redis/clients/jedis/timeseries/TSInfo.java.TSInfo$1.build.Feature Envy,4.3.0-m1,5.3.0-beta1,5.3.0-beta1,13
jedis,5.0.0,redis.clients.jedis.timeseries,TSInfo$2,build,Complex Method,"checkstyle,experts",src/main/java/redis/clients/jedis/timeseries/TSInfo.java,src/main/java/redis/clients/jedis/timeseries/TSInfo.java.TSInfo$2.build.Complex Method,5.0.0,5.3.0-beta1,5.3.0-beta1,6
jedis,4.3.0-m1,redis.clients.jedis.timeseries,TSInfo,build,Complex Method,"designitejava,pmd,experts",src/main/java/redis/clients/jedis/timeseries/TSInfo.java,src/main/java/redis/clients/jedis/timeseries/TSInfo.java.TSInfo.build.Complex Method,4.3.0-m1,5.3.0-beta1,5.3.0-beta1,13
jedis,4.2.0-m1,redis.clients.jedis.timeseries,TSMGetParams,addParams,Feature Envy,"checkstyle,experts",src/main/java/redis/clients/jedis/timeseries/TSMGetParams.java,src/main/java/redis/clients/jedis/timeseries/TSMGetParams.java.TSMGetParams.addParams.Feature Envy,4.2.0-m1,5.3.0-beta1,5.3.0-beta1,16
jedis,5.0.0,redis.clients.jedis.timeseries,TSMRangeElements,TSMRangeElements,Long Parameter List,"designitejava,experts",src/main/java/redis/clients/jedis/timeseries/TSMRangeElements.java,src/main/java/redis/clients/jedis/timeseries/TSMRangeElements.java.TSMRangeElements.TSMRangeElements.Long Parameter List,5.0.0,5.3.0-beta1,5.3.0-beta1,6
jedis,4.2.0-m1,redis.clients.jedis.timeseries,TSMRangeParams,,God Class,"pmd,experts",src/main/java/redis/clients/jedis/timeseries/TSMRangeParams.java,src/main/java/redis/clients/jedis/timeseries/TSMRangeParams.java.TSMRangeParams..God Class,4.2.0-m1,5.3.0-beta1,5.3.0-beta1,16
jedis,4.2.0-m1,redis.clients.jedis.timeseries,TSMRangeParams,addParams,Complex Method,"designitejava,pmd,checkstyle,experts",src/main/java/redis/clients/jedis/timeseries/TSMRangeParams.java,src/main/java/redis/clients/jedis/timeseries/TSMRangeParams.java.TSMRangeParams.addParams.Complex Method,4.2.0-m1,5.3.0-beta1,5.3.0-beta1,16
jedis,4.2.0-m1,redis.clients.jedis.timeseries,TSMRangeParams,addParams,Feature Envy,"checkstyle,experts",src/main/java/redis/clients/jedis/timeseries/TSMRangeParams.java,src/main/java/redis/clients/jedis/timeseries/TSMRangeParams.java.TSMRangeParams.addParams.Feature Envy,4.2.0-m1,5.3.0-beta1,5.3.0-beta1,16
jedis,4.2.0-m1,redis.clients.jedis.timeseries,TSMRangeParams,addParams,Long Method,"Decor,experts",src/main/java/redis/clients/jedis/timeseries/TSMRangeParams.java,src/main/java/redis/clients/jedis/timeseries/TSMRangeParams.java.TSMRangeParams.addParams.Long Method,4.2.0-m1,5.3.0-beta1,5.3.0-beta1,16
jedis,5.2.0,redis.clients.jedis.timeseries,TSMRangeParams,equals,Complex Method,"checkstyle,experts",src/main/java/redis/clients/jedis/timeseries/TSMRangeParams.java,src/main/java/redis/clients/jedis/timeseries/TSMRangeParams.java.TSMRangeParams.equals.Complex Method,5.2.0,5.3.0-beta1,5.3.0-beta1,2
jedis,4.2.0-m1,redis.clients.jedis.timeseries,TSRangeParams,,God Class,"pmd,experts",src/main/java/redis/clients/jedis/timeseries/TSRangeParams.java,src/main/java/redis/clients/jedis/timeseries/TSRangeParams.java.TSRangeParams..God Class,4.2.0-m1,5.3.0-beta1,5.3.0-beta1,16
jedis,4.2.0-m1,redis.clients.jedis.timeseries,TSRangeParams,addParams,Complex Method,"designitejava,experts",src/main/java/redis/clients/jedis/timeseries/TSRangeParams.java,src/main/java/redis/clients/jedis/timeseries/TSRangeParams.java.TSRangeParams.addParams.Complex Method,4.2.0-m1,5.3.0-beta1,5.3.0-beta1,16
jedis,4.2.0-m1,redis.clients.jedis.timeseries,TSRangeParams,addParams,Feature Envy,"checkstyle,experts",src/main/java/redis/clients/jedis/timeseries/TSRangeParams.java,src/main/java/redis/clients/jedis/timeseries/TSRangeParams.java.TSRangeParams.addParams.Feature Envy,4.2.0-m1,5.3.0-beta1,5.3.0-beta1,16
jedis,4.2.0-m1,redis.clients.jedis.timeseries,TSRangeParams,addParams,Long Method,"Decor,experts",src/main/java/redis/clients/jedis/timeseries/TSRangeParams.java,src/main/java/redis/clients/jedis/timeseries/TSRangeParams.java.TSRangeParams.addParams.Long Method,4.2.0-m1,5.3.0-beta1,5.3.0-beta1,16
jedis,5.2.0,redis.clients.jedis.timeseries,TSRangeParams,equals,Complex Method,"checkstyle,experts",src/main/java/redis/clients/jedis/timeseries/TSRangeParams.java,src/main/java/redis/clients/jedis/timeseries/TSRangeParams.java.TSRangeParams.equals.Complex Method,5.2.0,5.3.0-beta1,5.3.0-beta1,2
jedis,4.0.0-beta1,redis.clients.jedis.util,ByteArrayComparator,compare,Long Method,"Decor,experts",src/main/java/redis/clients/jedis/util/ByteArrayComparator.java,src/main/java/redis/clients/jedis/util/ByteArrayComparator.java.ByteArrayComparator.compare.Long Method,4.0.0-beta1,5.2.0-beta1,5.2.0,18
jedis,3.0.0-m1,redis.clients.jedis.util,JedisByteHashMap,,God Class,"pmd,experts",src/main/java/redis/clients/jedis/util/JedisByteHashMap.java,src/main/java/redis/clients/jedis/util/JedisByteHashMap.java.JedisByteHashMap..God Class,3.0.0-m1,5.3.0-beta1,5.3.0-beta1,36
jedis,4.0.0-beta1,redis.clients.jedis.util,JedisClusterCRC16,getSlot,Long Method,"Decor,experts",src/main/java/redis/clients/jedis/util/JedisClusterCRC16.java,src/main/java/redis/clients/jedis/util/JedisClusterCRC16.java.JedisClusterCRC16.getSlot.Long Method,4.0.0-beta1,5.2.0-beta1,5.2.0,18
jedis,4.4.0-rc1,redis.clients.jedis.util,JedisCommandIterationBase,nextBatch,Long Method,"Decor,experts",src/main/java/redis/clients/jedis/util/JedisCommandIterationBase.java,src/main/java/redis/clients/jedis/util/JedisCommandIterationBase.java.JedisCommandIterationBase.nextBatch.Long Method,4.4.0-rc1,5.3.0-beta1,5.3.0-beta1,10
jedis,5.2.0-beta1,redis.clients.jedis.util,JedisURIHelper,getClientSideCache,Complex Method,"designitejava,pmd,checkstyle,experts",src/main/java/redis/clients/jedis/util/JedisURIHelper.java,src/main/java/redis/clients/jedis/util/JedisURIHelper.java.JedisURIHelper.getClientSideCache.Complex Method,5.2.0-beta1,5.2.0-beta1,5.2.0,1
jedis,5.2.0-beta1,redis.clients.jedis.util,JedisURIHelper,getClientSideCache,Feature Envy,"checkstyle,experts",src/main/java/redis/clients/jedis/util/JedisURIHelper.java,src/main/java/redis/clients/jedis/util/JedisURIHelper.java.JedisURIHelper.getClientSideCache.Feature Envy,5.2.0-beta1,5.2.0-beta1,5.2.0,1
jedis,3.0.0-m1,redis.clients.jedis.util,MurmurHash,hash,Long Method,"Decor,experts",src/main/java/redis/clients/jedis/util/MurmurHash.java,src/main/java/redis/clients/jedis/util/MurmurHash.java.MurmurHash.hash.Long Method,3.0.0-m1,5.3.0-beta1,5.3.0-beta1,36
jedis,3.0.0-m1,redis.clients.jedis.util,Pool,,God Class,"pmd,experts",src/main/java/redis/clients/jedis/util/Pool.java,src/main/java/redis/clients/jedis/util/Pool.java.Pool..God Class,3.0.0-m1,3.10.0,4.0.0-beta1,16
jedis,5.0.0-alpha1,redis.clients.jedis.util,RedisInputStream,,God Class,"pmd,experts",src/main/java/redis/clients/jedis/util/RedisInputStream.java,src/main/java/redis/clients/jedis/util/RedisInputStream.java.RedisInputStream..God Class,5.0.0-alpha1,5.3.0-beta1,5.3.0-beta1,8
jedis,3.0.0-m1,redis.clients.jedis.util,RedisInputStream,readLineBytesSlowly,Long Method,"Decor,experts",src/main/java/redis/clients/jedis/util/RedisInputStream.java,src/main/java/redis/clients/jedis/util/RedisInputStream.java.RedisInputStream.readLineBytesSlowly.Long Method,3.0.0-m1,5.3.0-beta1,5.3.0-beta1,36
jedis,3.0.0-m1,redis.clients.jedis.util,RedisOutputStream,writeIntCrLf,Long Method,"Decor,experts",src/main/java/redis/clients/jedis/util/RedisOutputStream.java,src/main/java/redis/clients/jedis/util/RedisOutputStream.java.RedisOutputStream.writeIntCrLf.Long Method,3.0.0-m1,5.3.0-beta1,5.3.0-beta1,36
jedis,1.3.0,redis.clients.util,FixedResourcePool$3,run,Feature Envy,"checkstyle,experts",src/main/java/redis/clients/util/FixedResourcePool.java,src/main/java/redis/clients/util/FixedResourcePool.java.FixedResourcePool$3.run.Feature Envy,1.3.0,1.4.0,1.5.0-RC1,2
jedis,1.0.0,redis.clients.util,FixedResourcePool,,God Class,"pmd,experts",src/main/java/redis/clients/util/FixedResourcePool.java,src/main/java/redis/clients/util/FixedResourcePool.java.FixedResourcePool..God Class,1.0.0,1.4.0,1.5.0-RC1,3
jedis,1.3.0,redis.clients.util,FixedResourcePool,checkIdles,Complex Method,"pmd,experts",src/main/java/redis/clients/util/FixedResourcePool.java,src/main/java/redis/clients/util/FixedResourcePool.java.FixedResourcePool.checkIdles.Complex Method,1.3.0,1.4.0,1.5.0-RC1,2
jedis,1.3.0,redis.clients.util,FixedResourcePool,destroy,Complex Method,"designitejava,pmd,checkstyle,experts",src/main/java/redis/clients/util/FixedResourcePool.java,src/main/java/redis/clients/util/FixedResourcePool.java.FixedResourcePool.destroy.Complex Method,1.3.0,1.4.0,1.5.0-RC1,2
jedis,1.0.0,redis.clients.util,FixedResourcePool,destroy,Long Method,"Decor,experts",src/main/java/redis/clients/util/FixedResourcePool.java,src/main/java/redis/clients/util/FixedResourcePool.java.FixedResourcePool.destroy.Long Method,1.0.0,1.0.0,1.3.0,1
jedis,1.3.0,redis.clients.util,FixedResourcePool,init,Complex Method,"designitejava,experts",src/main/java/redis/clients/util/FixedResourcePool.java,src/main/java/redis/clients/util/FixedResourcePool.java.FixedResourcePool.init.Complex Method,1.3.0,1.4.0,1.5.0-RC1,2
jedis,1.0.0,redis.clients.util,FixedResourcePool,run,Complex Method,"pmd,experts",src/main/java/redis/clients/util/FixedResourcePool.java,src/main/java/redis/clients/util/FixedResourcePool.java.FixedResourcePool.run.Complex Method,1.0.0,1.4.0,1.5.0-RC1,3
jedis,1.3.0,redis.clients.util,RepairThread,run,Complex Method,"checkstyle,experts",src/main/java/redis/clients/util/FixedResourcePool.java,src/main/java/redis/clients/util/FixedResourcePool.java.RepairThread.run.Complex Method,1.3.0,1.4.0,1.5.0-RC1,2
jedis,1.4.0,redis.clients.util,JedisByteHashMap,,God Class,"pmd,experts",src/main/java/redis/clients/util/JedisByteHashMap.java,src/main/java/redis/clients/util/JedisByteHashMap.java.JedisByteHashMap..God Class,1.4.0,2.10.0,3.0.0-m1,15
jedis,1.3.0,redis.clients.util,MurmurHash,hash,Long Method,"Decor,experts",src/main/java/redis/clients/util/MurmurHash.java,src/main/java/redis/clients/util/MurmurHash.java.MurmurHash.hash.Long Method,1.3.0,2.10.0,3.0.0-m1,16
jedis,2.7.0,redis.clients.util,Pool,,God Class,"pmd,experts",src/main/java/redis/clients/util/Pool.java,src/main/java/redis/clients/util/Pool.java.Pool..God Class,2.7.0,2.10.0,3.0.0-m1,5
jedis,1.0.0,redis.clients.util,RedisInputStream,readLine,Complex Method,"designitejava,pmd,experts",src/main/java/redis/clients/util/RedisInputStream.java,src/main/java/redis/clients/util/RedisInputStream.java.RedisInputStream.readLine.Complex Method,1.0.0,2.6.0,2.7.0,12
jedis,1.0.0,redis.clients.util,RedisInputStream,readLine,Long Method,"Decor,experts",src/main/java/redis/clients/util/RedisInputStream.java,src/main/java/redis/clients/util/RedisInputStream.java.RedisInputStream.readLine.Long Method,1.0.0,2.6.0,2.7.0,12
jedis,2.7.0,redis.clients.util,RedisInputStream,readLineBytesSlowly,Long Method,"Decor,experts",src/main/java/redis/clients/util/RedisInputStream.java,src/main/java/redis/clients/util/RedisInputStream.java.RedisInputStream.readLineBytesSlowly.Long Method,2.7.0,2.10.0,3.0.0-m1,5
jedis,1.0.0,redis.clients.util,RedisOutputStream,writeUtf8CrLf,Complex Method,"designitejava,pmd,checkstyle,experts",src/main/java/redis/clients/util/RedisOutputStream.java,src/main/java/redis/clients/util/RedisOutputStream.java.RedisOutputStream.writeUtf8CrLf.Complex Method,1.0.0,2.10.0,3.0.0-m1,17
jedis,1.0.0,redis.clients.util,RedisOutputStream,writeUtf8CrLf,Long Method,"Decor,experts",src/main/java/redis/clients/util/RedisOutputStream.java,src/main/java/redis/clients/util/RedisOutputStream.java.RedisOutputStream.writeUtf8CrLf.Long Method,1.0.0,2.10.0,3.0.0-m1,17
jedis,1.0.0,redis.clients.util,ShardInfo,equals,Complex Method,"designitejava,experts",src/main/java/redis/clients/util/ShardInfo.java,src/main/java/redis/clients/util/ShardInfo.java.ShardInfo.equals.Complex Method,1.0.0,1.0.0,1.3.0,1
jedis,1.0.0,redis.clients.util,ShardInfo,equals,Long Method,"Decor,experts",src/main/java/redis/clients/util/ShardInfo.java,src/main/java/redis/clients/util/ShardInfo.java.ShardInfo.equals.Long Method,1.0.0,1.0.0,1.3.0,1
jedis,1.0.0,redis.clients.util,Sharded,initialize,Long Method,"Decor,experts",src/main/java/redis/clients/util/Sharded.java,src/main/java/redis/clients/util/Sharded.java.Sharded.initialize.Long Method,1.0.0,1.0.0,1.3.0,1
jedis,5.2.0,io.redis.examples,BitMapsExample,run,Feature Envy,"checkstyle,experts",src/test/java/io/redis/examples/BitMapsExample.java,src/test/java/io/redis/examples/BitMapsExample.java.BitMapsExample.run.Feature Envy,5.2.0,5.3.0-beta1,5.3.0-beta1,2
jedis,5.2.0,io.redis.examples,BitfieldExample,run,Feature Envy,"checkstyle,experts",src/test/java/io/redis/examples/BitfieldExample.java,src/test/java/io/redis/examples/BitfieldExample.java.BitfieldExample.run.Feature Envy,5.2.0,5.3.0-beta1,5.3.0-beta1,2
jedis,5.2.0,io.redis.examples,CmdsGenericExample,run,Feature Envy,"checkstyle,experts",src/test/java/io/redis/examples/CmdsGenericExample.java,src/test/java/io/redis/examples/CmdsGenericExample.java.CmdsGenericExample.run.Feature Envy,5.2.0,5.3.0-beta1,5.3.0-beta1,2
jedis,5.2.0,io.redis.examples,CmdsHashExample,run,Feature Envy,"checkstyle,experts",src/test/java/io/redis/examples/CmdsHashExample.java,src/test/java/io/redis/examples/CmdsHashExample.java.CmdsHashExample.run.Feature Envy,5.2.0,5.3.0-beta1,5.3.0-beta1,2
jedis,5.2.0,io.redis.examples,CmdsSortedSetExample,run,Feature Envy,"checkstyle,experts",src/test/java/io/redis/examples/CmdsSortedSetExample.java,src/test/java/io/redis/examples/CmdsSortedSetExample.java.CmdsSortedSetExample.run.Feature Envy,5.2.0,5.3.0-beta1,5.3.0-beta1,2
jedis,5.2.0,io.redis.examples,CmdsStringExample,run,Feature Envy,"checkstyle,experts",src/test/java/io/redis/examples/CmdsStringExample.java,src/test/java/io/redis/examples/CmdsStringExample.java.CmdsStringExample.run.Feature Envy,5.2.0,5.3.0-beta1,5.3.0-beta1,2
jedis,5.2.0,io.redis.examples,GeoExample,run,Feature Envy,"checkstyle,experts",src/test/java/io/redis/examples/GeoExample.java,src/test/java/io/redis/examples/GeoExample.java.GeoExample.run.Feature Envy,5.2.0,5.3.0-beta1,5.3.0-beta1,2
jedis,5.2.0,io.redis.examples,HashExample,run,Feature Envy,"checkstyle,experts",src/test/java/io/redis/examples/HashExample.java,src/test/java/io/redis/examples/HashExample.java.HashExample.run.Feature Envy,5.2.0,5.3.0-beta1,5.3.0-beta1,2
jedis,5.3.0-beta1,io.redis.examples,HomeJsonExample,run,Feature Envy,"checkstyle,experts",src/test/java/io/redis/examples/HomeJsonExample.java,src/test/java/io/redis/examples/HomeJsonExample.java.HomeJsonExample.run.Feature Envy,5.3.0-beta1,5.3.0-beta1,5.3.0-beta1,1
jedis,5.3.0-beta1,io.redis.examples,HomeJsonExample,run,Long Method,"Decor,experts",src/test/java/io/redis/examples/HomeJsonExample.java,src/test/java/io/redis/examples/HomeJsonExample.java.HomeJsonExample.run.Long Method,5.3.0-beta1,5.3.0-beta1,5.3.0-beta1,1
jedis,5.2.0,io.redis.examples,HyperLogLogExample,run,Feature Envy,"checkstyle,experts",src/test/java/io/redis/examples/HyperLogLogExample.java,src/test/java/io/redis/examples/HyperLogLogExample.java.HyperLogLogExample.run.Feature Envy,5.2.0,5.3.0-beta1,5.3.0-beta1,2
jedis,5.2.0,io.redis.examples,JsonExample,run,Feature Envy,"checkstyle,experts",src/test/java/io/redis/examples/JsonExample.java,src/test/java/io/redis/examples/JsonExample.java.JsonExample.run.Feature Envy,5.2.0,5.3.0-beta1,5.3.0-beta1,2
jedis,5.2.0,io.redis.examples,JsonExample,run,Long Method,"designitejava,experts",src/test/java/io/redis/examples/JsonExample.java,src/test/java/io/redis/examples/JsonExample.java.JsonExample.run.Long Method,5.2.0,5.3.0-beta1,5.3.0-beta1,2
jedis,5.2.0,io.redis.examples,ListExample,run,Feature Envy,"checkstyle,experts",src/test/java/io/redis/examples/ListExample.java,src/test/java/io/redis/examples/ListExample.java.ListExample.run.Feature Envy,5.2.0,5.3.0-beta1,5.3.0-beta1,2
jedis,5.2.0,io.redis.examples,ListExample,run,Long Method,"designitejava,experts",src/test/java/io/redis/examples/ListExample.java,src/test/java/io/redis/examples/ListExample.java.ListExample.run.Long Method,5.2.0,5.3.0-beta1,5.3.0-beta1,2
jedis,5.3.0-beta1,io.redis.examples,PipeTransExample,run,Feature Envy,"checkstyle,experts",src/test/java/io/redis/examples/PipeTransExample.java,src/test/java/io/redis/examples/PipeTransExample.java.PipeTransExample.run.Feature Envy,5.3.0-beta1,5.3.0-beta1,5.3.0-beta1,1
jedis,5.2.0,io.redis.examples,QueryAggExample,run,Feature Envy,"checkstyle,experts",src/test/java/io/redis/examples/QueryAggExample.java,src/test/java/io/redis/examples/QueryAggExample.java.QueryAggExample.run.Feature Envy,5.2.0,5.3.0-beta1,5.3.0-beta1,2
jedis,5.2.0,io.redis.examples,QueryEmExample,run,Feature Envy,"checkstyle,experts",src/test/java/io/redis/examples/QueryEmExample.java,src/test/java/io/redis/examples/QueryEmExample.java.QueryEmExample.run.Feature Envy,5.2.0,5.3.0-beta1,5.3.0-beta1,2
jedis,5.2.0,io.redis.examples,QueryFtExample,run,Feature Envy,"checkstyle,experts",src/test/java/io/redis/examples/QueryFtExample.java,src/test/java/io/redis/examples/QueryFtExample.java.QueryFtExample.run.Feature Envy,5.2.0,5.3.0-beta1,5.3.0-beta1,2
jedis,5.2.0,io.redis.examples,QueryGeoExample,run,Feature Envy,"checkstyle,experts",src/test/java/io/redis/examples/QueryGeoExample.java,src/test/java/io/redis/examples/QueryGeoExample.java.QueryGeoExample.run.Feature Envy,5.2.0,5.3.0-beta1,5.3.0-beta1,2
jedis,5.2.0,io.redis.examples,QueryGeoExample,run,Long Method,"Decor,experts",src/test/java/io/redis/examples/QueryGeoExample.java,src/test/java/io/redis/examples/QueryGeoExample.java.QueryGeoExample.run.Long Method,5.2.0,5.3.0-beta1,5.3.0-beta1,2
jedis,5.2.0,io.redis.examples,QueryRangeExample,run,Feature Envy,"checkstyle,experts",src/test/java/io/redis/examples/QueryRangeExample.java,src/test/java/io/redis/examples/QueryRangeExample.java.QueryRangeExample.run.Feature Envy,5.2.0,5.3.0-beta1,5.3.0-beta1,2
jedis,5.3.0-beta1,io.redis.examples,QueryRangeExample,run,Long Method,"Decor,experts",src/test/java/io/redis/examples/QueryRangeExample.java,src/test/java/io/redis/examples/QueryRangeExample.java.QueryRangeExample.run.Long Method,5.3.0-beta1,5.3.0-beta1,5.3.0-beta1,1
jedis,5.0.0-beta1,io.redis.examples,SearchQuickstartExample,run,Long Method,"Decor,experts",src/test/java/io/redis/examples/SearchQuickstartExample.java,src/test/java/io/redis/examples/SearchQuickstartExample.java.SearchQuickstartExample.run.Long Method,5.0.0-beta1,5.3.0-beta1,5.3.0-beta1,7
jedis,5.2.0,io.redis.examples,SetsExample,run,Feature Envy,"checkstyle,experts",src/test/java/io/redis/examples/SetsExample.java,src/test/java/io/redis/examples/SetsExample.java.SetsExample.run.Feature Envy,5.2.0,5.3.0-beta1,5.3.0-beta1,2
jedis,5.2.0,io.redis.examples,SortedSetsExample,run,Feature Envy,"checkstyle,experts",src/test/java/io/redis/examples/SortedSetsExample.java,src/test/java/io/redis/examples/SortedSetsExample.java.SortedSetsExample.run.Feature Envy,5.2.0,5.3.0-beta1,5.3.0-beta1,2
jedis,5.2.0,io.redis.examples,StreamsExample,run,Feature Envy,"checkstyle,experts",src/test/java/io/redis/examples/StreamsExample.java,src/test/java/io/redis/examples/StreamsExample.java.StreamsExample.run.Feature Envy,5.2.0,5.3.0-beta1,5.3.0-beta1,2
jedis,5.2.0,io.redis.examples,StreamsExample,run,Long Method,"designitejava,experts",src/test/java/io/redis/examples/StreamsExample.java,src/test/java/io/redis/examples/StreamsExample.java.StreamsExample.run.Long Method,5.2.0,5.3.0-beta1,5.3.0-beta1,2
jedis,5.2.0,io.redis.examples,StringExample,run,Feature Envy,"checkstyle,experts",src/test/java/io/redis/examples/StringExample.java,src/test/java/io/redis/examples/StringExample.java.StringExample.run.Feature Envy,5.2.0,5.3.0-beta1,5.3.0-beta1,2
jedis,5.2.0,io.redis.examples,StringExample,run,Long Method,"Decor,experts",src/test/java/io/redis/examples/StringExample.java,src/test/java/io/redis/examples/StringExample.java.StringExample.run.Long Method,5.2.0,5.3.0-beta1,5.3.0-beta1,2
jedis,5.2.0,io.redis.examples,TDigestExample,run,Long Method,"Decor,experts",src/test/java/io/redis/examples/TDigestExample.java,src/test/java/io/redis/examples/TDigestExample.java.TDigestExample.run.Long Method,5.2.0,5.3.0-beta1,5.3.0-beta1,2
jedis,4.0.0-RC1,redis.clients.jedis,ACLJedisPoolTest,,God Class,"pmd,experts",src/test/java/redis/clients/jedis/ACLJedisPoolTest.java,src/test/java/redis/clients/jedis/ACLJedisPoolTest.java.ACLJedisPoolTest..God Class,4.0.0-RC1,5.3.0-beta1,5.3.0-beta1,19
jedis,4.0.0-RC1,redis.clients.jedis,ACLJedisPoolTest,checkCloseableConnections,Feature Envy,"designitejava,experts",src/test/java/redis/clients/jedis/ACLJedisPoolTest.java,src/test/java/redis/clients/jedis/ACLJedisPoolTest.java.ACLJedisPoolTest.checkCloseableConnections.Feature Envy,4.0.0-RC1,5.3.0-beta1,5.3.0-beta1,19
jedis,4.0.0-RC1,redis.clients.jedis,ACLJedisPoolTest,checkConnections,Feature Envy,"designitejava,experts",src/test/java/redis/clients/jedis/ACLJedisPoolTest.java,src/test/java/redis/clients/jedis/ACLJedisPoolTest.java.ACLJedisPoolTest.checkConnections.Feature Envy,4.0.0-RC1,5.3.0-beta1,5.3.0-beta1,19
jedis,4.0.0-RC1,redis.clients.jedis,ACLJedisPoolTest,checkPoolOverflow,Feature Envy,"designitejava,experts",src/test/java/redis/clients/jedis/ACLJedisPoolTest.java,src/test/java/redis/clients/jedis/ACLJedisPoolTest.java.ACLJedisPoolTest.checkPoolOverflow.Feature Envy,4.0.0-RC1,5.3.0-beta1,5.3.0-beta1,19
jedis,4.0.0-RC1,redis.clients.jedis,ACLJedisPoolTest,checkPoolRepairedWhenJedisIsBroken,Feature Envy,"designitejava,experts",src/test/java/redis/clients/jedis/ACLJedisPoolTest.java,src/test/java/redis/clients/jedis/ACLJedisPoolTest.java.ACLJedisPoolTest.checkPoolRepairedWhenJedisIsBroken.Feature Envy,4.0.0-RC1,5.3.0-beta1,5.3.0-beta1,19
jedis,4.0.0-RC1,redis.clients.jedis,ACLJedisPoolTest,checkResourceIsClosableAndReusable,Feature Envy,"designitejava,experts",src/test/java/redis/clients/jedis/ACLJedisPoolTest.java,src/test/java/redis/clients/jedis/ACLJedisPoolTest.java.ACLJedisPoolTest.checkResourceIsClosableAndReusable.Feature Envy,4.0.0-RC1,5.3.0-beta1,5.3.0-beta1,19
jedis,5.2.0,redis.clients.jedis,ACLJedisPoolTest,checkResourceWithConfigIsClosableAndReusable,Feature Envy,"designitejava,experts",src/test/java/redis/clients/jedis/ACLJedisPoolTest.java,src/test/java/redis/clients/jedis/ACLJedisPoolTest.java.ACLJedisPoolTest.checkResourceWithConfigIsClosableAndReusable.Feature Envy,5.2.0,5.3.0-beta1,5.3.0-beta1,2
jedis,4.0.0-RC1,redis.clients.jedis,ACLJedisPoolTest,customClientName,Feature Envy,"designitejava,experts",src/test/java/redis/clients/jedis/ACLJedisPoolTest.java,src/test/java/redis/clients/jedis/ACLJedisPoolTest.java.ACLJedisPoolTest.customClientName.Feature Envy,4.0.0-RC1,5.3.0-beta1,5.3.0-beta1,19
jedis,4.0.0-RC1,redis.clients.jedis,ACLJedisPoolTest,customClientNameNoSSL,Feature Envy,"designitejava,experts",src/test/java/redis/clients/jedis/ACLJedisPoolTest.java,src/test/java/redis/clients/jedis/ACLJedisPoolTest.java.ACLJedisPoolTest.customClientNameNoSSL.Feature Envy,4.0.0-RC1,5.3.0-beta1,5.3.0-beta1,19
jedis,4.0.0-RC1,redis.clients.jedis,ACLJedisPoolTest,nonDefaultDatabase,Feature Envy,"designitejava,experts",src/test/java/redis/clients/jedis/ACLJedisPoolTest.java,src/test/java/redis/clients/jedis/ACLJedisPoolTest.java.ACLJedisPoolTest.nonDefaultDatabase.Feature Envy,4.0.0-RC1,5.3.0-beta1,5.3.0-beta1,19
jedis,4.0.0-RC1,redis.clients.jedis,ACLJedisPoolTest,securePool,Feature Envy,"designitejava,experts",src/test/java/redis/clients/jedis/ACLJedisPoolTest.java,src/test/java/redis/clients/jedis/ACLJedisPoolTest.java.ACLJedisPoolTest.securePool.Feature Envy,4.0.0-RC1,5.3.0-beta1,5.3.0-beta1,19
jedis,4.0.0-RC1,redis.clients.jedis,ACLJedisPoolTest,securePoolNonSSL,Feature Envy,"designitejava,experts",src/test/java/redis/clients/jedis/ACLJedisPoolTest.java,src/test/java/redis/clients/jedis/ACLJedisPoolTest.java.ACLJedisPoolTest.securePoolNonSSL.Feature Envy,4.0.0-RC1,5.3.0-beta1,5.3.0-beta1,19
jedis,4.0.0-RC1,redis.clients.jedis,ACLJedisPoolTest,selectDatabaseOnActivation,Feature Envy,"designitejava,experts",src/test/java/redis/clients/jedis/ACLJedisPoolTest.java,src/test/java/redis/clients/jedis/ACLJedisPoolTest.java.ACLJedisPoolTest.selectDatabaseOnActivation.Feature Envy,4.0.0-RC1,5.3.0-beta1,5.3.0-beta1,19
jedis,5.2.0,redis.clients.jedis,ACLJedisPoolTest,startWithUrl,Feature Envy,"designitejava,experts",src/test/java/redis/clients/jedis/ACLJedisPoolTest.java,src/test/java/redis/clients/jedis/ACLJedisPoolTest.java.ACLJedisPoolTest.startWithUrl.Feature Envy,5.2.0,5.3.0-beta1,5.3.0-beta1,2
jedis,5.2.0,redis.clients.jedis,ACLJedisPoolTest,startWithUrlString,Feature Envy,"designitejava,experts",src/test/java/redis/clients/jedis/ACLJedisPoolTest.java,src/test/java/redis/clients/jedis/ACLJedisPoolTest.java.ACLJedisPoolTest.startWithUrlString.Feature Envy,5.2.0,5.3.0-beta1,5.3.0-beta1,2
jedis,4.0.0-RC1,redis.clients.jedis,ACLJedisPoolTest,testResetInvalidPassword,Feature Envy,"designitejava,experts",src/test/java/redis/clients/jedis/ACLJedisPoolTest.java,src/test/java/redis/clients/jedis/ACLJedisPoolTest.java.ACLJedisPoolTest.testResetInvalidPassword.Feature Envy,4.0.0-RC1,5.0.0-alpha1,5.0.0-beta1,12
jedis,4.0.0-RC1,redis.clients.jedis,ACLJedisPoolTest,testResetInvalidPassword,Long Method,"Decor,experts",src/test/java/redis/clients/jedis/ACLJedisPoolTest.java,src/test/java/redis/clients/jedis/ACLJedisPoolTest.java.ACLJedisPoolTest.testResetInvalidPassword.Long Method,4.0.0-RC1,5.0.0-alpha1,5.0.0-beta1,12
jedis,4.0.0-RC1,redis.clients.jedis,ACLJedisPoolTest,testResetValidPassword,Feature Envy,"designitejava,experts",src/test/java/redis/clients/jedis/ACLJedisPoolTest.java,src/test/java/redis/clients/jedis/ACLJedisPoolTest.java.ACLJedisPoolTest.testResetValidPassword.Feature Envy,4.0.0-RC1,5.0.0-alpha1,5.0.0-beta1,12
jedis,4.0.0-RC1,redis.clients.jedis,ACLJedisSentinelPoolTest,,God Class,"pmd,experts",src/test/java/redis/clients/jedis/ACLJedisSentinelPoolTest.java,src/test/java/redis/clients/jedis/ACLJedisSentinelPoolTest.java.ACLJedisSentinelPoolTest..God Class,4.0.0-RC1,5.3.0-beta1,5.3.0-beta1,19
jedis,5.2.0,redis.clients.jedis,ACLJedisTest,connectWithConfig,Feature Envy,"designitejava,experts",src/test/java/redis/clients/jedis/ACLJedisTest.java,src/test/java/redis/clients/jedis/ACLJedisTest.java.ACLJedisTest.connectWithConfig.Feature Envy,5.2.0,5.3.0-beta1,5.3.0-beta1,2
jedis,5.2.0,redis.clients.jedis,ACLJedisTest,startWithUri,Feature Envy,"designitejava,experts",src/test/java/redis/clients/jedis/ACLJedisTest.java,src/test/java/redis/clients/jedis/ACLJedisTest.java.ACLJedisTest.startWithUri.Feature Envy,5.2.0,5.3.0-beta1,5.3.0-beta1,2
jedis,5.2.0,redis.clients.jedis,ACLJedisTest,startWithUrl,Feature Envy,"designitejava,experts",src/test/java/redis/clients/jedis/ACLJedisTest.java,src/test/java/redis/clients/jedis/ACLJedisTest.java.ACLJedisTest.startWithUrl.Feature Envy,5.2.0,5.3.0-beta1,5.3.0-beta1,2
jedis,5.2.0,redis.clients.jedis,ACLJedisTest,useWithoutConnecting,Feature Envy,"designitejava,experts",src/test/java/redis/clients/jedis/ACLJedisTest.java,src/test/java/redis/clients/jedis/ACLJedisTest.java.ACLJedisTest.useWithoutConnecting.Feature Envy,5.2.0,5.3.0-beta1,5.3.0-beta1,2
jedis,4.3.0,redis.clients.jedis,ClusterCommandExecutorTest,runMovedThenAllNodesFailing,Long Method,"Decor,experts",src/test/java/redis/clients/jedis/ClusterCommandExecutorTest.java,src/test/java/redis/clients/jedis/ClusterCommandExecutorTest.java.ClusterCommandExecutorTest.runMovedThenAllNodesFailing.Long Method,4.3.0,5.3.0-beta1,5.3.0-beta1,12
jedis,4.0.0,redis.clients.jedis,ClusterPipelineTest,,God Class,"pmd,experts",src/test/java/redis/clients/jedis/ClusterPipelineTest.java,src/test/java/redis/clients/jedis/ClusterPipelineTest.java.ClusterPipelineTest..God Class,4.0.0,4.0.0,4.1.0,1
jedis,4.0.0,redis.clients.jedis,ClusterPipelineTest,testEvalKeyAndArgWithBinary,Feature Envy,"checkstyle,experts",src/test/java/redis/clients/jedis/ClusterPipelineTest.java,src/test/java/redis/clients/jedis/ClusterPipelineTest.java.ClusterPipelineTest.testEvalKeyAndArgWithBinary.Feature Envy,4.0.0,4.0.0,4.1.0,1
jedis,4.0.0,redis.clients.jedis,ClusterPipelineTest,testEvalshaKeyAndArgWithBinary,Feature Envy,"checkstyle,experts",src/test/java/redis/clients/jedis/ClusterPipelineTest.java,src/test/java/redis/clients/jedis/ClusterPipelineTest.java.ClusterPipelineTest.testEvalshaKeyAndArgWithBinary.Feature Envy,4.0.0,4.0.0,4.1.0,1
jedis,4.1.0,redis.clients.jedis,ClusterPipeliningTest,,God Class,"pmd,experts",src/test/java/redis/clients/jedis/ClusterPipeliningTest.java,src/test/java/redis/clients/jedis/ClusterPipeliningTest.java.ClusterPipeliningTest..God Class,4.1.0,5.3.0-beta1,5.3.0-beta1,17
jedis,4.1.0,redis.clients.jedis,ClusterPipeliningTest,clusterPipelineGeo,Feature Envy,"checkstyle,experts",src/test/java/redis/clients/jedis/ClusterPipeliningTest.java,src/test/java/redis/clients/jedis/ClusterPipeliningTest.java.ClusterPipeliningTest.clusterPipelineGeo.Feature Envy,4.1.0,5.3.0-beta1,5.3.0-beta1,17
jedis,4.1.0,redis.clients.jedis,ClusterPipeliningTest,testEvalKeyAndArgWithBinary,Feature Envy,"checkstyle,experts",src/test/java/redis/clients/jedis/ClusterPipeliningTest.java,src/test/java/redis/clients/jedis/ClusterPipeliningTest.java.ClusterPipeliningTest.testEvalKeyAndArgWithBinary.Feature Envy,4.1.0,5.3.0-beta1,5.3.0-beta1,17
jedis,4.1.0,redis.clients.jedis,ClusterPipeliningTest,testEvalshaKeyAndArgWithBinary,Feature Envy,"checkstyle,experts",src/test/java/redis/clients/jedis/ClusterPipeliningTest.java,src/test/java/redis/clients/jedis/ClusterPipeliningTest.java.ClusterPipeliningTest.testEvalshaKeyAndArgWithBinary.Feature Envy,4.1.0,5.3.0-beta1,5.3.0-beta1,17
jedis,4.0.0-RC1,redis.clients.jedis,ConnectionTest,checkCloseable,Feature Envy,"designitejava,experts",src/test/java/redis/clients/jedis/ConnectionTest.java,src/test/java/redis/clients/jedis/ConnectionTest.java.ConnectionTest.checkCloseable.Feature Envy,4.0.0-RC1,5.3.0-beta1,5.3.0-beta1,19
jedis,5.2.0,redis.clients.jedis,ConnectionTest,checkIdentityString,Feature Envy,"designitejava,experts",src/test/java/redis/clients/jedis/ConnectionTest.java,src/test/java/redis/clients/jedis/ConnectionTest.java.ConnectionTest.checkIdentityString.Feature Envy,5.2.0,5.3.0-beta1,5.3.0-beta1,2
jedis,5.2.0,redis.clients.jedis,ConnectionTest,checkIdentityString,Long Method,"Decor,experts",src/test/java/redis/clients/jedis/ConnectionTest.java,src/test/java/redis/clients/jedis/ConnectionTest.java.ConnectionTest.checkIdentityString.Long Method,5.2.0,5.3.0-beta1,5.3.0-beta1,2
jedis,4.0.0-RC1,redis.clients.jedis,JedisClusterPipelineTest,,God Class,"pmd,experts",src/test/java/redis/clients/jedis/JedisClusterPipelineTest.java,src/test/java/redis/clients/jedis/JedisClusterPipelineTest.java.JedisClusterPipelineTest..God Class,4.0.0-RC1,4.0.0-RC1,4.0.0,1
jedis,4.0.0-RC1,redis.clients.jedis,JedisClusterPipelineTest,testEvalKeyAndArgWithBinary,Feature Envy,"checkstyle,experts",src/test/java/redis/clients/jedis/JedisClusterPipelineTest.java,src/test/java/redis/clients/jedis/JedisClusterPipelineTest.java.JedisClusterPipelineTest.testEvalKeyAndArgWithBinary.Feature Envy,4.0.0-RC1,4.0.0-RC1,4.0.0,1
jedis,4.0.0-RC1,redis.clients.jedis,JedisClusterPipelineTest,testEvalshaKeyAndArgWithBinary,Feature Envy,"checkstyle,experts",src/test/java/redis/clients/jedis/JedisClusterPipelineTest.java,src/test/java/redis/clients/jedis/JedisClusterPipelineTest.java.JedisClusterPipelineTest.testEvalshaKeyAndArgWithBinary.Feature Envy,4.0.0-RC1,4.0.0-RC1,4.0.0,1
jedis,4.0.0-RC1,redis.clients.jedis,JedisClusterTest,,God Class,"pmd,checkstyle,experts",src/test/java/redis/clients/jedis/JedisClusterTest.java,src/test/java/redis/clients/jedis/JedisClusterTest.java.JedisClusterTest..God Class,4.0.0-RC1,5.3.0-beta1,5.3.0-beta1,19
jedis,5.1.0,redis.clients.jedis,JedisClusterTest,clusterPeriodTopologyRefreshTest,Long Method,"Decor,experts",src/test/java/redis/clients/jedis/JedisClusterTest.java,src/test/java/redis/clients/jedis/JedisClusterTest.java.JedisClusterTest.clusterPeriodTopologyRefreshTest.Long Method,5.1.0,5.3.0-beta1,5.3.0-beta1,5
jedis,4.0.0-RC1,redis.clients.jedis,JedisClusterTest,clusterRefreshNodes,Long Method,"Decor,experts",src/test/java/redis/clients/jedis/JedisClusterTest.java,src/test/java/redis/clients/jedis/JedisClusterTest.java.JedisClusterTest.clusterRefreshNodes.Long Method,4.0.0-RC1,5.0.0,5.1.0,14
jedis,4.0.0-RC1,redis.clients.jedis,JedisClusterTest,testClusterFlushSlots,Feature Envy,"designitejava,experts",src/test/java/redis/clients/jedis/JedisClusterTest.java,src/test/java/redis/clients/jedis/JedisClusterTest.java.JedisClusterTest.testClusterFlushSlots.Feature Envy,4.0.0-RC1,4.1.0,4.2.0-m1,3
jedis,4.0.0-RC1,redis.clients.jedis,JedisClusterTest,testClusterForgetNode,Feature Envy,"checkstyle,experts",src/test/java/redis/clients/jedis/JedisClusterTest.java,src/test/java/redis/clients/jedis/JedisClusterTest.java.JedisClusterTest.testClusterForgetNode.Feature Envy,4.0.0-RC1,5.3.0-beta1,5.3.0-beta1,19
jedis,4.0.0-RC1,redis.clients.jedis,JedisClusterTest,testClusterKeySlot,Feature Envy,"checkstyle,experts",src/test/java/redis/clients/jedis/JedisClusterTest.java,src/test/java/redis/clients/jedis/JedisClusterTest.java.JedisClusterTest.testClusterKeySlot.Feature Envy,4.0.0-RC1,4.1.0,4.2.0-m1,3
jedis,4.2.0-m1,redis.clients.jedis,JedisClusterTestBase,setUp,Long Method,"Decor,experts",src/test/java/redis/clients/jedis/JedisClusterTestBase.java,src/test/java/redis/clients/jedis/JedisClusterTestBase.java.JedisClusterTestBase.setUp.Long Method,4.2.0-m1,5.3.0-beta1,5.3.0-beta1,16
jedis,4.0.0-RC1,redis.clients.jedis,JedisPoolTest,,God Class,"pmd,experts",src/test/java/redis/clients/jedis/JedisPoolTest.java,src/test/java/redis/clients/jedis/JedisPoolTest.java.JedisPoolTest..God Class,4.0.0-RC1,5.3.0-beta1,5.3.0-beta1,19
jedis,4.0.0-RC1,redis.clients.jedis,JedisPoolTest,checkCloseableConnections,Feature Envy,"designitejava,experts",src/test/java/redis/clients/jedis/JedisPoolTest.java,src/test/java/redis/clients/jedis/JedisPoolTest.java.JedisPoolTest.checkCloseableConnections.Feature Envy,4.0.0-RC1,5.3.0-beta1,5.3.0-beta1,19
jedis,4.0.0-RC1,redis.clients.jedis,JedisPoolTest,checkConnections,Feature Envy,"designitejava,experts",src/test/java/redis/clients/jedis/JedisPoolTest.java,src/test/java/redis/clients/jedis/JedisPoolTest.java.JedisPoolTest.checkConnections.Feature Envy,4.0.0-RC1,5.3.0-beta1,5.3.0-beta1,19
jedis,4.0.0-RC1,redis.clients.jedis,JedisPoolTest,checkPoolOverflow,Feature Envy,"designitejava,experts",src/test/java/redis/clients/jedis/JedisPoolTest.java,src/test/java/redis/clients/jedis/JedisPoolTest.java.JedisPoolTest.checkPoolOverflow.Feature Envy,4.0.0-RC1,5.3.0-beta1,5.3.0-beta1,19
jedis,4.0.0-RC1,redis.clients.jedis,JedisPoolTest,checkPoolRepairedWhenJedisIsBroken,Feature Envy,"designitejava,experts",src/test/java/redis/clients/jedis/JedisPoolTest.java,src/test/java/redis/clients/jedis/JedisPoolTest.java.JedisPoolTest.checkPoolRepairedWhenJedisIsBroken.Feature Envy,4.0.0-RC1,5.3.0-beta1,5.3.0-beta1,19
jedis,4.0.0-RC1,redis.clients.jedis,JedisPoolTest,checkResourceIsClosableAndReusable,Feature Envy,"designitejava,experts",src/test/java/redis/clients/jedis/JedisPoolTest.java,src/test/java/redis/clients/jedis/JedisPoolTest.java.JedisPoolTest.checkResourceIsClosableAndReusable.Feature Envy,4.0.0-RC1,5.3.0-beta1,5.3.0-beta1,19
jedis,4.0.0-RC1,redis.clients.jedis,JedisPoolTest,closeBrokenResourceTwice,Feature Envy,"designitejava,experts",src/test/java/redis/clients/jedis/JedisPoolTest.java,src/test/java/redis/clients/jedis/JedisPoolTest.java.JedisPoolTest.closeBrokenResourceTwice.Feature Envy,4.0.0-RC1,5.3.0-beta1,5.3.0-beta1,19
jedis,4.0.0-RC1,redis.clients.jedis,JedisPoolTest,closeResourceTwice,Feature Envy,"designitejava,experts",src/test/java/redis/clients/jedis/JedisPoolTest.java,src/test/java/redis/clients/jedis/JedisPoolTest.java.JedisPoolTest.closeResourceTwice.Feature Envy,4.0.0-RC1,5.3.0-beta1,5.3.0-beta1,19
jedis,4.0.0-RC1,redis.clients.jedis,JedisPoolTest,customClientName,Feature Envy,"designitejava,experts",src/test/java/redis/clients/jedis/JedisPoolTest.java,src/test/java/redis/clients/jedis/JedisPoolTest.java.JedisPoolTest.customClientName.Feature Envy,4.0.0-RC1,5.3.0-beta1,5.3.0-beta1,19
jedis,4.0.0-RC1,redis.clients.jedis,JedisPoolTest,getNumActiveReturnsTheCorrectNumber,Feature Envy,"designitejava,experts",src/test/java/redis/clients/jedis/JedisPoolTest.java,src/test/java/redis/clients/jedis/JedisPoolTest.java.JedisPoolTest.getNumActiveReturnsTheCorrectNumber.Feature Envy,4.0.0-RC1,5.3.0-beta1,5.3.0-beta1,19
jedis,4.0.0-RC1,redis.clients.jedis,JedisPoolTest,getNumActiveWhenPoolIsClosed,Feature Envy,"designitejava,experts",src/test/java/redis/clients/jedis/JedisPoolTest.java,src/test/java/redis/clients/jedis/JedisPoolTest.java.JedisPoolTest.getNumActiveWhenPoolIsClosed.Feature Envy,4.0.0-RC1,5.3.0-beta1,5.3.0-beta1,19
jedis,5.0.0,redis.clients.jedis,JedisPoolTest,invalidClientName,Feature Envy,"designitejava,experts",src/test/java/redis/clients/jedis/JedisPoolTest.java,src/test/java/redis/clients/jedis/JedisPoolTest.java.JedisPoolTest.invalidClientName.Feature Envy,5.0.0,5.3.0-beta1,5.3.0-beta1,6
jedis,4.0.0-RC1,redis.clients.jedis,JedisPoolTest,nonDefaultDatabase,Feature Envy,"designitejava,experts",src/test/java/redis/clients/jedis/JedisPoolTest.java,src/test/java/redis/clients/jedis/JedisPoolTest.java.JedisPoolTest.nonDefaultDatabase.Feature Envy,4.0.0-RC1,5.3.0-beta1,5.3.0-beta1,19
jedis,4.0.0-RC1,redis.clients.jedis,JedisPoolTest,returnResourceShouldResetState,Feature Envy,"designitejava,experts",src/test/java/redis/clients/jedis/JedisPoolTest.java,src/test/java/redis/clients/jedis/JedisPoolTest.java.JedisPoolTest.returnResourceShouldResetState.Feature Envy,4.0.0-RC1,5.3.0-beta1,5.3.0-beta1,19
jedis,4.0.0-RC1,redis.clients.jedis,JedisPoolTest,returnResourceShouldResetState,Long Method,"Decor,experts",src/test/java/redis/clients/jedis/JedisPoolTest.java,src/test/java/redis/clients/jedis/JedisPoolTest.java.JedisPoolTest.returnResourceShouldResetState.Long Method,4.0.0-RC1,4.4.0-m1,4.4.0-rc1,9
jedis,4.0.0-RC1,redis.clients.jedis,JedisPoolTest,securePool,Feature Envy,"designitejava,experts",src/test/java/redis/clients/jedis/JedisPoolTest.java,src/test/java/redis/clients/jedis/JedisPoolTest.java.JedisPoolTest.securePool.Feature Envy,4.0.0-RC1,5.3.0-beta1,5.3.0-beta1,19
jedis,4.0.0-RC1,redis.clients.jedis,JedisPoolTest,selectDatabaseOnActivation,Feature Envy,"designitejava,experts",src/test/java/redis/clients/jedis/JedisPoolTest.java,src/test/java/redis/clients/jedis/JedisPoolTest.java.JedisPoolTest.selectDatabaseOnActivation.Feature Envy,4.0.0-RC1,5.3.0-beta1,5.3.0-beta1,19
jedis,5.2.0,redis.clients.jedis,JedisPoolTest,startWithUrl,Feature Envy,"designitejava,experts",src/test/java/redis/clients/jedis/JedisPoolTest.java,src/test/java/redis/clients/jedis/JedisPoolTest.java.JedisPoolTest.startWithUrl.Feature Envy,5.2.0,5.3.0-beta1,5.3.0-beta1,2
jedis,5.2.0,redis.clients.jedis,JedisPoolTest,startWithUrlString,Feature Envy,"designitejava,experts",src/test/java/redis/clients/jedis/JedisPoolTest.java,src/test/java/redis/clients/jedis/JedisPoolTest.java.JedisPoolTest.startWithUrlString.Feature Envy,5.2.0,5.3.0-beta1,5.3.0-beta1,2
jedis,4.0.0-RC1,redis.clients.jedis,JedisPoolTest,testAddObject,Feature Envy,"designitejava,experts",src/test/java/redis/clients/jedis/JedisPoolTest.java,src/test/java/redis/clients/jedis/JedisPoolTest.java.JedisPoolTest.testAddObject.Feature Envy,4.0.0-RC1,5.3.0-beta1,5.3.0-beta1,19
jedis,5.2.0,redis.clients.jedis,JedisPoolTest,testCloseConnectionOnMakeObject,Feature Envy,"designitejava,experts",src/test/java/redis/clients/jedis/JedisPoolTest.java,src/test/java/redis/clients/jedis/JedisPoolTest.java.JedisPoolTest.testCloseConnectionOnMakeObject.Feature Envy,5.2.0,5.3.0-beta1,5.3.0-beta1,2
jedis,5.2.0,redis.clients.jedis,JedisPoolTest,testResetInvalidCredentials,Feature Envy,"designitejava,experts",src/test/java/redis/clients/jedis/JedisPoolTest.java,src/test/java/redis/clients/jedis/JedisPoolTest.java.JedisPoolTest.testResetInvalidCredentials.Feature Envy,5.2.0,5.3.0-beta1,5.3.0-beta1,2
jedis,4.4.0-rc1,redis.clients.jedis,JedisPoolTest,testResetInvalidCredentials,Long Method,"Decor,experts",src/test/java/redis/clients/jedis/JedisPoolTest.java,src/test/java/redis/clients/jedis/JedisPoolTest.java.JedisPoolTest.testResetInvalidCredentials.Long Method,4.4.0-rc1,5.3.0-beta1,5.3.0-beta1,10
jedis,4.0.0-RC1,redis.clients.jedis,JedisPoolTest,testResetInvalidPassword,Feature Envy,"designitejava,experts",src/test/java/redis/clients/jedis/JedisPoolTest.java,src/test/java/redis/clients/jedis/JedisPoolTest.java.JedisPoolTest.testResetInvalidPassword.Feature Envy,4.0.0-RC1,5.0.0-alpha1,5.0.0-beta1,12
jedis,5.2.0,redis.clients.jedis,JedisPoolTest,testResetValidCredentials,Feature Envy,"designitejava,experts",src/test/java/redis/clients/jedis/JedisPoolTest.java,src/test/java/redis/clients/jedis/JedisPoolTest.java.JedisPoolTest.testResetValidCredentials.Feature Envy,5.2.0,5.3.0-beta1,5.3.0-beta1,2
jedis,4.0.0-RC1,redis.clients.jedis,JedisPoolTest,testResetValidPassword,Feature Envy,"designitejava,experts",src/test/java/redis/clients/jedis/JedisPoolTest.java,src/test/java/redis/clients/jedis/JedisPoolTest.java.JedisPoolTest.testResetValidPassword.Feature Envy,4.0.0-RC1,5.0.0-alpha1,5.0.0-beta1,12
jedis,4.0.0-RC1,redis.clients.jedis,JedisPooledTest,,God Class,"pmd,experts",src/test/java/redis/clients/jedis/JedisPooledTest.java,src/test/java/redis/clients/jedis/JedisPooledTest.java.JedisPooledTest..God Class,4.0.0-RC1,5.3.0-beta1,5.3.0-beta1,19
jedis,4.0.0-RC1,redis.clients.jedis,JedisPooledTest,checkCloseableConnections,Feature Envy,"designitejava,experts",src/test/java/redis/clients/jedis/JedisPooledTest.java,src/test/java/redis/clients/jedis/JedisPooledTest.java.JedisPooledTest.checkCloseableConnections.Feature Envy,4.0.0-RC1,5.3.0-beta1,5.3.0-beta1,19
jedis,4.0.0-RC1,redis.clients.jedis,JedisPooledTest,closeBrokenResourceTwice,Feature Envy,"designitejava,experts",src/test/java/redis/clients/jedis/JedisPooledTest.java,src/test/java/redis/clients/jedis/JedisPooledTest.java.JedisPooledTest.closeBrokenResourceTwice.Feature Envy,4.0.0-RC1,5.3.0-beta1,5.3.0-beta1,19
jedis,4.0.0-RC1,redis.clients.jedis,JedisPooledTest,closeResourceTwice,Feature Envy,"designitejava,experts",src/test/java/redis/clients/jedis/JedisPooledTest.java,src/test/java/redis/clients/jedis/JedisPooledTest.java.JedisPooledTest.closeResourceTwice.Feature Envy,4.0.0-RC1,5.3.0-beta1,5.3.0-beta1,19
jedis,4.0.0-RC1,redis.clients.jedis,JedisPooledTest,getNumActiveReturnsTheCorrectNumber,Feature Envy,"designitejava,experts",src/test/java/redis/clients/jedis/JedisPooledTest.java,src/test/java/redis/clients/jedis/JedisPooledTest.java.JedisPooledTest.getNumActiveReturnsTheCorrectNumber.Feature Envy,4.0.0-RC1,5.3.0-beta1,5.3.0-beta1,19
jedis,5.2.0,redis.clients.jedis,JedisPooledTest,startWithUrl,Feature Envy,"designitejava,experts",src/test/java/redis/clients/jedis/JedisPooledTest.java,src/test/java/redis/clients/jedis/JedisPooledTest.java.JedisPooledTest.startWithUrl.Feature Envy,5.2.0,5.3.0-beta1,5.3.0-beta1,2
jedis,5.2.0,redis.clients.jedis,JedisPooledTest,startWithUrlString,Feature Envy,"designitejava,experts",src/test/java/redis/clients/jedis/JedisPooledTest.java,src/test/java/redis/clients/jedis/JedisPooledTest.java.JedisPooledTest.startWithUrlString.Feature Envy,5.2.0,5.3.0-beta1,5.3.0-beta1,2
jedis,4.4.0-rc1,redis.clients.jedis,JedisPooledTest,testCredentialsProvider,Long Method,"Decor,experts",src/test/java/redis/clients/jedis/JedisPooledTest.java,src/test/java/redis/clients/jedis/JedisPooledTest.java.JedisPooledTest.testCredentialsProvider.Long Method,4.4.0-rc1,5.3.0-beta1,5.3.0-beta1,10
jedis,5.2.0,redis.clients.jedis,JedisPooledTest,testResetValidCredentials,Feature Envy,"designitejava,experts",src/test/java/redis/clients/jedis/JedisPooledTest.java,src/test/java/redis/clients/jedis/JedisPooledTest.java.JedisPooledTest.testResetValidCredentials.Feature Envy,5.2.0,5.3.0-beta1,5.3.0-beta1,2
jedis,4.0.0-RC1,redis.clients.jedis,JedisSentinelPoolTest,,God Class,"pmd,experts",src/test/java/redis/clients/jedis/JedisSentinelPoolTest.java,src/test/java/redis/clients/jedis/JedisSentinelPoolTest.java.JedisSentinelPoolTest..God Class,4.0.0-RC1,4.3.0,4.4.0-m1,8
jedis,4.0.0-RC1,redis.clients.jedis,JedisSentinelTest,ensureMonitored,Long Parameter List,"designitejava,experts",src/test/java/redis/clients/jedis/JedisSentinelTest.java,src/test/java/redis/clients/jedis/JedisSentinelTest.java.JedisSentinelTest.ensureMonitored.Long Parameter List,4.0.0-RC1,5.3.0-beta1,5.3.0-beta1,19
jedis,4.0.0-RC1,redis.clients.jedis,JedisSentinelTest,sentinel,Long Method,"Decor,experts",src/test/java/redis/clients/jedis/JedisSentinelTest.java,src/test/java/redis/clients/jedis/JedisSentinelTest.java.JedisSentinelTest.sentinel.Long Method,4.0.0-RC1,5.3.0-beta1,5.3.0-beta1,19
jedis,4.0.0-RC1,redis.clients.jedis,JedisTest,,God Class,"pmd,experts",src/test/java/redis/clients/jedis/JedisTest.java,src/test/java/redis/clients/jedis/JedisTest.java.JedisTest..God Class,4.0.0-RC1,5.3.0-beta1,5.3.0-beta1,19
jedis,5.0.0,redis.clients.jedis,JedisTest,timeoutConnection,Long Method,"Decor,experts",src/test/java/redis/clients/jedis/JedisTest.java,src/test/java/redis/clients/jedis/JedisTest.java.JedisTest.timeoutConnection.Long Method,5.0.0,5.2.0-beta1,5.2.0,4
jedis,5.2.0-beta1,redis.clients.jedis,MigratePipeliningTest,,God Class,"pmd,experts",src/test/java/redis/clients/jedis/MigratePipeliningTest.java,src/test/java/redis/clients/jedis/MigratePipeliningTest.java.MigratePipeliningTest..God Class,5.2.0-beta1,5.3.0-beta1,5.3.0-beta1,3
jedis,5.2.0,redis.clients.jedis,MigratePipeliningTest,migrateAuth2,Feature Envy,"designitejava,experts",src/test/java/redis/clients/jedis/MigratePipeliningTest.java,src/test/java/redis/clients/jedis/MigratePipeliningTest.java.MigratePipeliningTest.migrateAuth2.Feature Envy,5.2.0,5.3.0-beta1,5.3.0-beta1,2
jedis,4.0.0-RC1,redis.clients.jedis,PipeliningTest,,God Class,"pmd,experts",src/test/java/redis/clients/jedis/PipeliningTest.java,src/test/java/redis/clients/jedis/PipeliningTest.java.PipeliningTest..God Class,4.0.0-RC1,5.3.0-beta1,5.3.0-beta1,19
jedis,4.4.0-m1,redis.clients.jedis,PipeliningTest,intermediateSyncs,Feature Envy,"checkstyle,experts",src/test/java/redis/clients/jedis/PipeliningTest.java,src/test/java/redis/clients/jedis/PipeliningTest.java.PipeliningTest.intermediateSyncs.Feature Envy,4.4.0-m1,5.3.0-beta1,5.3.0-beta1,11
jedis,4.0.0-RC1,redis.clients.jedis,PipeliningTest,pipelineBinarySafeHashCommands,Feature Envy,"checkstyle,experts",src/test/java/redis/clients/jedis/PipeliningTest.java,src/test/java/redis/clients/jedis/PipeliningTest.java.PipeliningTest.pipelineBinarySafeHashCommands.Feature Envy,4.0.0-RC1,5.3.0-beta1,5.3.0-beta1,19
jedis,4.0.0-RC1,redis.clients.jedis,PipeliningTest,pipelineResponse,Feature Envy,"checkstyle,experts",src/test/java/redis/clients/jedis/PipeliningTest.java,src/test/java/redis/clients/jedis/PipeliningTest.java.PipeliningTest.pipelineResponse.Feature Envy,4.0.0-RC1,5.3.0-beta1,5.3.0-beta1,19
jedis,4.3.0-m1,redis.clients.jedis,PipeliningTest,pipelineResponse,Long Method,"Decor,experts",src/test/java/redis/clients/jedis/PipeliningTest.java,src/test/java/redis/clients/jedis/PipeliningTest.java.PipeliningTest.pipelineResponse.Long Method,4.3.0-m1,4.3.0-m1,4.3.0,1
jedis,4.0.0-RC1,redis.clients.jedis,PipeliningTest,testEvalKeyAndArgWithBinary,Feature Envy,"checkstyle,experts",src/test/java/redis/clients/jedis/PipeliningTest.java,src/test/java/redis/clients/jedis/PipeliningTest.java.PipeliningTest.testEvalKeyAndArgWithBinary.Feature Envy,4.0.0-RC1,5.3.0-beta1,5.3.0-beta1,19
jedis,4.0.0-RC1,redis.clients.jedis,PipeliningTest,testEvalshaKeyAndArgWithBinary,Feature Envy,"checkstyle,experts",src/test/java/redis/clients/jedis/PipeliningTest.java,src/test/java/redis/clients/jedis/PipeliningTest.java.PipeliningTest.testEvalshaKeyAndArgWithBinary.Feature Envy,4.0.0-RC1,5.3.0-beta1,5.3.0-beta1,19
jedis,4.0.0-RC1,redis.clients.jedis,PipeliningTest,testSyncWithNoCommandQueued,Feature Envy,"checkstyle,experts",src/test/java/redis/clients/jedis/PipeliningTest.java,src/test/java/redis/clients/jedis/PipeliningTest.java.PipeliningTest.testSyncWithNoCommandQueued.Feature Envy,4.0.0-RC1,5.2.0-beta1,5.2.0,17
jedis,4.0.0-RC1,redis.clients.jedis,ProtocolTest,multiBulkReply,Feature Envy,"checkstyle,experts",src/test/java/redis/clients/jedis/ProtocolTest.java,src/test/java/redis/clients/jedis/ProtocolTest.java.ProtocolTest.multiBulkReply.Feature Envy,4.0.0-RC1,5.3.0-beta1,5.3.0-beta1,19
jedis,4.0.0-RC1,redis.clients.jedis,ProtocolTest,writeOverflow,Feature Envy,"checkstyle,experts",src/test/java/redis/clients/jedis/ProtocolTest.java,src/test/java/redis/clients/jedis/ProtocolTest.java.ProtocolTest.writeOverflow.Feature Envy,4.0.0-RC1,5.3.0-beta1,5.3.0-beta1,19
jedis,4.0.0-RC1,redis.clients.jedis,ReliableTransactionTest,,God Class,"pmd,experts",src/test/java/redis/clients/jedis/ReliableTransactionTest.java,src/test/java/redis/clients/jedis/ReliableTransactionTest.java.ReliableTransactionTest..God Class,4.0.0-RC1,5.3.0-beta1,5.3.0-beta1,19
jedis,4.0.0-RC1,redis.clients.jedis,ReliableTransactionTest,testTransactionWithGeneralCommand,Long Method,"Decor,experts",src/test/java/redis/clients/jedis/ReliableTransactionTest.java,src/test/java/redis/clients/jedis/ReliableTransactionTest.java.ReliableTransactionTest.testTransactionWithGeneralCommand.Long Method,4.0.0-RC1,5.3.0-beta1,5.3.0-beta1,19
jedis,4.0.0-RC1,redis.clients.jedis,ReliableTransactionTest,transactionResponse,Feature Envy,"designitejava,experts",src/test/java/redis/clients/jedis/ReliableTransactionTest.java,src/test/java/redis/clients/jedis/ReliableTransactionTest.java.ReliableTransactionTest.transactionResponse.Feature Envy,4.0.0-RC1,5.3.0-beta1,5.3.0-beta1,19
jedis,4.0.0-RC1,redis.clients.jedis,ReliableTransactionTest,transactionResponseBinary,Feature Envy,"designitejava,experts",src/test/java/redis/clients/jedis/ReliableTransactionTest.java,src/test/java/redis/clients/jedis/ReliableTransactionTest.java.ReliableTransactionTest.transactionResponseBinary.Feature Envy,4.0.0-RC1,5.3.0-beta1,5.3.0-beta1,19
jedis,4.0.0-RC1,redis.clients.jedis,SSLACLJedisClusterTest,,God Class,"pmd,experts",src/test/java/redis/clients/jedis/SSLACLJedisClusterTest.java,src/test/java/redis/clients/jedis/SSLACLJedisClusterTest.java.SSLACLJedisClusterTest..God Class,4.0.0-RC1,5.3.0-beta1,5.3.0-beta1,19
jedis,5.1.0,redis.clients.jedis,SSLACLJedisClusterTest,testSSLDiscoverNodesAutomatically,Long Method,"Decor,experts",src/test/java/redis/clients/jedis/SSLACLJedisClusterTest.java,src/test/java/redis/clients/jedis/SSLACLJedisClusterTest.java.SSLACLJedisClusterTest.testSSLDiscoverNodesAutomatically.Long Method,5.1.0,5.2.0-beta1,5.2.0,3
jedis,5.2.0,redis.clients.jedis,SSLACLJedisTest,connectWithConfig,Feature Envy,"designitejava,experts",src/test/java/redis/clients/jedis/SSLACLJedisTest.java,src/test/java/redis/clients/jedis/SSLACLJedisTest.java.SSLACLJedisTest.connectWithConfig.Feature Envy,5.2.0,5.3.0-beta1,5.3.0-beta1,2
jedis,5.2.0,redis.clients.jedis,SSLACLJedisTest,connectWithSsl,Feature Envy,"designitejava,experts",src/test/java/redis/clients/jedis/SSLACLJedisTest.java,src/test/java/redis/clients/jedis/SSLACLJedisTest.java.SSLACLJedisTest.connectWithSsl.Feature Envy,5.2.0,5.3.0-beta1,5.3.0-beta1,2
jedis,4.0.0-RC1,redis.clients.jedis,SSLJedisClusterTest,,God Class,"pmd,experts",src/test/java/redis/clients/jedis/SSLJedisClusterTest.java,src/test/java/redis/clients/jedis/SSLJedisClusterTest.java.SSLJedisClusterTest..God Class,4.0.0-RC1,5.3.0-beta1,5.3.0-beta1,19
jedis,5.1.0,redis.clients.jedis,SSLJedisClusterTest,testSSLDiscoverNodesAutomatically,Long Method,"Decor,experts",src/test/java/redis/clients/jedis/SSLJedisClusterTest.java,src/test/java/redis/clients/jedis/SSLJedisClusterTest.java.SSLJedisClusterTest.testSSLDiscoverNodesAutomatically.Long Method,5.1.0,5.2.0-beta1,5.2.0,3
jedis,5.2.0,redis.clients.jedis,SSLJedisTest,connectWithConfig,Feature Envy,"designitejava,experts",src/test/java/redis/clients/jedis/SSLJedisTest.java,src/test/java/redis/clients/jedis/SSLJedisTest.java.SSLJedisTest.connectWithConfig.Feature Envy,5.2.0,5.3.0-beta1,5.3.0-beta1,2
jedis,5.2.0,redis.clients.jedis,SSLJedisTest,connectWithSsl,Feature Envy,"designitejava,experts",src/test/java/redis/clients/jedis/SSLJedisTest.java,src/test/java/redis/clients/jedis/SSLJedisTest.java.SSLJedisTest.connectWithSsl.Feature Envy,5.2.0,5.3.0-beta1,5.3.0-beta1,2
jedis,5.2.0,redis.clients.jedis,SSLJedisTest,connectWithUri,Feature Envy,"designitejava,experts",src/test/java/redis/clients/jedis/SSLJedisTest.java,src/test/java/redis/clients/jedis/SSLJedisTest.java.SSLJedisTest.connectWithUri.Feature Envy,5.2.0,5.3.0-beta1,5.3.0-beta1,2
jedis,5.2.0,redis.clients.jedis,SSLJedisTest,connectWithUrl,Feature Envy,"designitejava,experts",src/test/java/redis/clients/jedis/SSLJedisTest.java,src/test/java/redis/clients/jedis/SSLJedisTest.java.SSLJedisTest.connectWithUrl.Feature Envy,5.2.0,5.3.0-beta1,5.3.0-beta1,2
jedis,4.0.0,redis.clients.jedis,ShardedPipelineTest,shardedPipelineSync,Long Method,"Decor,experts",src/test/java/redis/clients/jedis/ShardedPipelineTest.java,src/test/java/redis/clients/jedis/ShardedPipelineTest.java.ShardedPipelineTest.shardedPipelineSync.Long Method,4.0.0,5.2.0-beta1,5.2.0,16
jedis,4.0.0-RC1,redis.clients.jedis,ShardingTest,trySharding,Long Method,"Decor,experts",src/test/java/redis/clients/jedis/ShardingTest.java,src/test/java/redis/clients/jedis/ShardingTest.java.ShardingTest.trySharding.Long Method,4.0.0-RC1,5.3.0-beta1,5.3.0-beta1,19
jedis,4.0.0-RC1,redis.clients.jedis,TransactionV2Test,,God Class,"pmd,experts",src/test/java/redis/clients/jedis/TransactionV2Test.java,src/test/java/redis/clients/jedis/TransactionV2Test.java.TransactionV2Test..God Class,4.0.0-RC1,5.3.0-beta1,5.3.0-beta1,19
jedis,4.0.0-RC1,redis.clients.jedis,TransactionV2Test,testTransactionWithGeneralCommand,Long Method,"Decor,experts",src/test/java/redis/clients/jedis/TransactionV2Test.java,src/test/java/redis/clients/jedis/TransactionV2Test.java.TransactionV2Test.testTransactionWithGeneralCommand.Long Method,4.0.0-RC1,4.0.0,4.1.0,2
jedis,4.0.0-RC1,redis.clients.jedis,TransactionV2Test,transactionResponse,Feature Envy,"designitejava,experts",src/test/java/redis/clients/jedis/TransactionV2Test.java,src/test/java/redis/clients/jedis/TransactionV2Test.java.TransactionV2Test.transactionResponse.Feature Envy,4.0.0-RC1,5.3.0-beta1,5.3.0-beta1,19
jedis,4.0.0-RC1,redis.clients.jedis,TransactionV2Test,transactionResponseBinary,Feature Envy,"designitejava,experts",src/test/java/redis/clients/jedis/TransactionV2Test.java,src/test/java/redis/clients/jedis/TransactionV2Test.java.TransactionV2Test.transactionResponseBinary.Feature Envy,4.0.0-RC1,5.3.0-beta1,5.3.0-beta1,19
jedis,4.1.0,redis.clients.jedis,TransactionV2Test,zrevrangebyscore,Feature Envy,"checkstyle,experts",src/test/java/redis/clients/jedis/TransactionV2Test.java,src/test/java/redis/clients/jedis/TransactionV2Test.java.TransactionV2Test.zrevrangebyscore.Feature Envy,4.1.0,5.3.0-beta1,5.3.0-beta1,17
jedis,4.0.0-RC1,redis.clients.jedis,TupleSortedSetTest,testBinary,Feature Envy,"checkstyle,experts",src/test/java/redis/clients/jedis/TupleSortedSetTest.java,src/test/java/redis/clients/jedis/TupleSortedSetTest.java.TupleSortedSetTest.testBinary.Feature Envy,4.0.0-RC1,5.3.0-beta1,5.3.0-beta1,19
jedis,4.0.0-RC1,redis.clients.jedis,TupleSortedSetTest,testBinary,Long Method,"Decor,experts",src/test/java/redis/clients/jedis/TupleSortedSetTest.java,src/test/java/redis/clients/jedis/TupleSortedSetTest.java.TupleSortedSetTest.testBinary.Long Method,4.0.0-RC1,5.3.0-beta1,5.3.0-beta1,19
jedis,4.0.0-RC1,redis.clients.jedis,TupleSortedSetTest,testString,Feature Envy,"checkstyle,experts",src/test/java/redis/clients/jedis/TupleSortedSetTest.java,src/test/java/redis/clients/jedis/TupleSortedSetTest.java.TupleSortedSetTest.testString.Feature Envy,4.0.0-RC1,5.3.0-beta1,5.3.0-beta1,19
jedis,4.0.0-RC1,redis.clients.jedis,TupleTest,compareEqual,Feature Envy,"checkstyle,experts",src/test/java/redis/clients/jedis/TupleTest.java,src/test/java/redis/clients/jedis/TupleTest.java.TupleTest.compareEqual.Feature Envy,4.0.0-RC1,4.0.0,4.1.0,2
jedis,4.0.0-RC1,redis.clients.jedis,TupleTest,compareNoMatch,Feature Envy,"checkstyle,experts",src/test/java/redis/clients/jedis/TupleTest.java,src/test/java/redis/clients/jedis/TupleTest.java.TupleTest.compareNoMatch.Feature Envy,4.0.0-RC1,4.0.0,4.1.0,2
jedis,4.0.0-RC1,redis.clients.jedis,TupleTest,compareSameScore,Feature Envy,"checkstyle,experts",src/test/java/redis/clients/jedis/TupleTest.java,src/test/java/redis/clients/jedis/TupleTest.java.TupleTest.compareSameScore.Feature Envy,4.0.0-RC1,4.0.0,4.1.0,2
jedis,4.0.0-RC1,redis.clients.jedis,TupleTest,compareSameScoreObject,Feature Envy,"checkstyle,experts",src/test/java/redis/clients/jedis/TupleTest.java,src/test/java/redis/clients/jedis/TupleTest.java.TupleTest.compareSameScoreObject.Feature Envy,4.0.0-RC1,4.0.0,4.1.0,2
jedis,5.2.0,redis.clients.jedis,UnifiedJedisCustomCommandsTest,testSendBlockingCommandWithSampleKeyProtocolCommandAndByteArrayArgs,Long Method,"Decor,experts",src/test/java/redis/clients/jedis/UnifiedJedisCustomCommandsTest.java,src/test/java/redis/clients/jedis/UnifiedJedisCustomCommandsTest.java.UnifiedJedisCustomCommandsTest.testSendBlockingCommandWithSampleKeyProtocolCommandAndByteArrayArgs.Long Method,5.2.0,5.3.0-beta1,5.3.0-beta1,2
jedis,5.3.0-beta1,redis.clients.jedis.authentication,EntraIDTestContext,EntraIDTestContext,Long Parameter List,"designitejava,experts",src/test/java/redis/clients/jedis/authentication/EntraIDTestContext.java,src/test/java/redis/clients/jedis/authentication/EntraIDTestContext.java.EntraIDTestContext.EntraIDTestContext.Long Parameter List,5.3.0-beta1,5.3.0-beta1,5.3.0-beta1,1
jedis,5.3.0-beta1,redis.clients.jedis.authentication,RedisEntraIDIntegrationTests,allConnectionsReauthTest,Feature Envy,"designitejava,experts",src/test/java/redis/clients/jedis/authentication/RedisEntraIDIntegrationTests.java,src/test/java/redis/clients/jedis/authentication/RedisEntraIDIntegrationTests.java.RedisEntraIDIntegrationTests.allConnectionsReauthTest.Feature Envy,5.3.0-beta1,5.3.0-beta1,5.3.0-beta1,1
jedis,5.3.0-beta1,redis.clients.jedis.authentication,RedisEntraIDIntegrationTests,connectionAuthWithExpiredTokenTest,Feature Envy,"designitejava,experts",src/test/java/redis/clients/jedis/authentication/RedisEntraIDIntegrationTests.java,src/test/java/redis/clients/jedis/authentication/RedisEntraIDIntegrationTests.java.RedisEntraIDIntegrationTests.connectionAuthWithExpiredTokenTest.Feature Envy,5.3.0-beta1,5.3.0-beta1,5.3.0-beta1,1
jedis,5.3.0-beta1,redis.clients.jedis.authentication,RedisEntraIDIntegrationTests,connectionAuthWithExpiredTokenTest,Long Method,"Decor,experts",src/test/java/redis/clients/jedis/authentication/RedisEntraIDIntegrationTests.java,src/test/java/redis/clients/jedis/authentication/RedisEntraIDIntegrationTests.java.RedisEntraIDIntegrationTests.connectionAuthWithExpiredTokenTest.Long Method,5.3.0-beta1,5.3.0-beta1,5.3.0-beta1,1
jedis,5.3.0-beta1,redis.clients.jedis.authentication,RedisEntraIDIntegrationTests,networkPartitionEvictionTest,Feature Envy,"designitejava,experts",src/test/java/redis/clients/jedis/authentication/RedisEntraIDIntegrationTests.java,src/test/java/redis/clients/jedis/authentication/RedisEntraIDIntegrationTests.java.RedisEntraIDIntegrationTests.networkPartitionEvictionTest.Feature Envy,5.3.0-beta1,5.3.0-beta1,5.3.0-beta1,1
jedis,5.3.0-beta1,redis.clients.jedis.authentication,RedisEntraIDIntegrationTests,renewalDuringOperationsTest,Feature Envy,"designitejava,experts",src/test/java/redis/clients/jedis/authentication/RedisEntraIDIntegrationTests.java,src/test/java/redis/clients/jedis/authentication/RedisEntraIDIntegrationTests.java.RedisEntraIDIntegrationTests.renewalDuringOperationsTest.Feature Envy,5.3.0-beta1,5.3.0-beta1,5.3.0-beta1,1
jedis,5.3.0-beta1,redis.clients.jedis.authentication,RedisEntraIDIntegrationTests,testJedisConfig,Feature Envy,"designitejava,experts",src/test/java/redis/clients/jedis/authentication/RedisEntraIDIntegrationTests.java,src/test/java/redis/clients/jedis/authentication/RedisEntraIDIntegrationTests.java.RedisEntraIDIntegrationTests.testJedisConfig.Feature Envy,5.3.0-beta1,5.3.0-beta1,5.3.0-beta1,1
jedis,5.3.0-beta1,redis.clients.jedis.authentication,RedisEntraIDIntegrationTests,withCertificate_azureServicePrincipalIntegrationTest,Feature Envy,"designitejava,experts",src/test/java/redis/clients/jedis/authentication/RedisEntraIDIntegrationTests.java,src/test/java/redis/clients/jedis/authentication/RedisEntraIDIntegrationTests.java.RedisEntraIDIntegrationTests.withCertificate_azureServicePrincipalIntegrationTest.Feature Envy,5.3.0-beta1,5.3.0-beta1,5.3.0-beta1,1
jedis,5.3.0-beta1,redis.clients.jedis.authentication,RedisEntraIDIntegrationTests,withSecret_azureServicePrincipalIntegrationTest,Feature Envy,"designitejava,experts",src/test/java/redis/clients/jedis/authentication/RedisEntraIDIntegrationTests.java,src/test/java/redis/clients/jedis/authentication/RedisEntraIDIntegrationTests.java.RedisEntraIDIntegrationTests.withSecret_azureServicePrincipalIntegrationTest.Feature Envy,5.3.0-beta1,5.3.0-beta1,5.3.0-beta1,1
jedis,5.3.0-beta1,redis.clients.jedis.authentication,TokenBasedAuthenticationClusterIntegrationTests,testClusterInitWithAuthXManager,Feature Envy,"checkstyle,experts",src/test/java/redis/clients/jedis/authentication/TokenBasedAuthenticationClusterIntegrationTests.java,src/test/java/redis/clients/jedis/authentication/TokenBasedAuthenticationClusterIntegrationTests.java.TokenBasedAuthenticationClusterIntegrationTests.testClusterInitWithAuthXManager.Feature Envy,5.3.0-beta1,5.3.0-beta1,5.3.0-beta1,1
jedis,5.3.0-beta1,redis.clients.jedis.authentication,TokenBasedAuthenticationClusterIntegrationTests,testClusterWithReAuth,Long Method,"Decor,experts",src/test/java/redis/clients/jedis/authentication/TokenBasedAuthenticationClusterIntegrationTests.java,src/test/java/redis/clients/jedis/authentication/TokenBasedAuthenticationClusterIntegrationTests.java.TokenBasedAuthenticationClusterIntegrationTests.testClusterWithReAuth.Long Method,5.3.0-beta1,5.3.0-beta1,5.3.0-beta1,1
jedis,5.3.0-beta1,redis.clients.jedis.authentication,TokenBasedAuthenticationIntegrationTests,testJedisPooledForInitialAuth,Feature Envy,"designitejava,experts",src/test/java/redis/clients/jedis/authentication/TokenBasedAuthenticationIntegrationTests.java,src/test/java/redis/clients/jedis/authentication/TokenBasedAuthenticationIntegrationTests.java.TokenBasedAuthenticationIntegrationTests.testJedisPooledForInitialAuth.Feature Envy,5.3.0-beta1,5.3.0-beta1,5.3.0-beta1,1
jedis,5.3.0-beta1,redis.clients.jedis.authentication,TokenBasedAuthenticationIntegrationTests,testJedisPooledReauth,Feature Envy,"designitejava,experts",src/test/java/redis/clients/jedis/authentication/TokenBasedAuthenticationIntegrationTests.java,src/test/java/redis/clients/jedis/authentication/TokenBasedAuthenticationIntegrationTests.java.TokenBasedAuthenticationIntegrationTests.testJedisPooledReauth.Feature Envy,5.3.0-beta1,5.3.0-beta1,5.3.0-beta1,1
jedis,5.3.0-beta1,redis.clients.jedis.authentication,TokenBasedAuthenticationIntegrationTests,testJedisPubSubReauth,Feature Envy,"designitejava,experts",src/test/java/redis/clients/jedis/authentication/TokenBasedAuthenticationIntegrationTests.java,src/test/java/redis/clients/jedis/authentication/TokenBasedAuthenticationIntegrationTests.java.TokenBasedAuthenticationIntegrationTests.testJedisPubSubReauth.Feature Envy,5.3.0-beta1,5.3.0-beta1,5.3.0-beta1,1
jedis,5.3.0-beta1,redis.clients.jedis.authentication,TokenBasedAuthenticationIntegrationTests,testJedisPubSubReauth,Long Method,"Decor,experts",src/test/java/redis/clients/jedis/authentication/TokenBasedAuthenticationIntegrationTests.java,src/test/java/redis/clients/jedis/authentication/TokenBasedAuthenticationIntegrationTests.java.TokenBasedAuthenticationIntegrationTests.testJedisPubSubReauth.Long Method,5.3.0-beta1,5.3.0-beta1,5.3.0-beta1,1
jedis,5.3.0-beta1,redis.clients.jedis.authentication,TokenBasedAuthenticationIntegrationTests,testJedisPubSubWithResp2,Feature Envy,"designitejava,experts",src/test/java/redis/clients/jedis/authentication/TokenBasedAuthenticationIntegrationTests.java,src/test/java/redis/clients/jedis/authentication/TokenBasedAuthenticationIntegrationTests.java.TokenBasedAuthenticationIntegrationTests.testJedisPubSubWithResp2.Feature Envy,5.3.0-beta1,5.3.0-beta1,5.3.0-beta1,1
jedis,5.3.0-beta1,redis.clients.jedis.authentication,TokenBasedAuthenticationIntegrationTests,testPubSubForInitialAuth,Feature Envy,"designitejava,experts",src/test/java/redis/clients/jedis/authentication/TokenBasedAuthenticationIntegrationTests.java,src/test/java/redis/clients/jedis/authentication/TokenBasedAuthenticationIntegrationTests.java.TokenBasedAuthenticationIntegrationTests.testPubSubForInitialAuth.Feature Envy,5.3.0-beta1,5.3.0-beta1,5.3.0-beta1,1
jedis,5.2.0,redis.clients.jedis.benchmark,CSCPooleadBenchmark,withPool,Long Method,"Decor,experts",src/test/java/redis/clients/jedis/benchmark/CSCPooleadBenchmark.java,src/test/java/redis/clients/jedis/benchmark/CSCPooleadBenchmark.java.CSCPooleadBenchmark.withPool.Long Method,5.2.0,5.3.0-beta1,5.3.0-beta1,2
jedis,4.0.0-RC1,redis.clients.jedis.benchmark,GetSetBenchmark,main,Feature Envy,"checkstyle,experts",src/test/java/redis/clients/jedis/benchmark/GetSetBenchmark.java,src/test/java/redis/clients/jedis/benchmark/GetSetBenchmark.java.GetSetBenchmark.main.Feature Envy,4.0.0-RC1,5.3.0-beta1,5.3.0-beta1,19
jedis,4.0.0-RC1,redis.clients.jedis.benchmark,PipelinedGetSetBenchmark,main,Feature Envy,"checkstyle,experts",src/test/java/redis/clients/jedis/benchmark/PipelinedGetSetBenchmark.java,src/test/java/redis/clients/jedis/benchmark/PipelinedGetSetBenchmark.java.PipelinedGetSetBenchmark.main.Feature Envy,4.0.0-RC1,5.2.0-beta1,5.2.0,17
jedis,5.1.0,redis.clients.jedis.benchmark,PipelinedGetSetBenchmark,main,Long Method,"Decor,experts",src/test/java/redis/clients/jedis/benchmark/PipelinedGetSetBenchmark.java,src/test/java/redis/clients/jedis/benchmark/PipelinedGetSetBenchmark.java.PipelinedGetSetBenchmark.main.Long Method,5.1.0,5.2.0-beta1,5.2.0,3
jedis,4.0.0-RC1,redis.clients.jedis.benchmark,PoolBenchmark,main,Feature Envy,"checkstyle,experts",src/test/java/redis/clients/jedis/benchmark/PoolBenchmark.java,src/test/java/redis/clients/jedis/benchmark/PoolBenchmark.java.PoolBenchmark.main.Feature Envy,4.0.0-RC1,5.2.0-beta1,5.2.0,17
jedis,4.0.0-RC1,redis.clients.jedis.benchmark,PoolBenchmark,withPool,Long Method,"Decor,experts",src/test/java/redis/clients/jedis/benchmark/PoolBenchmark.java,src/test/java/redis/clients/jedis/benchmark/PoolBenchmark.java.PoolBenchmark.withPool.Long Method,4.0.0-RC1,5.3.0-beta1,5.3.0-beta1,19
jedis,4.0.0-RC1,redis.clients.jedis.benchmark,PooledBenchmark,main,Feature Envy,"checkstyle,experts",src/test/java/redis/clients/jedis/benchmark/PooledBenchmark.java,src/test/java/redis/clients/jedis/benchmark/PooledBenchmark.java.PooledBenchmark.main.Feature Envy,4.0.0-RC1,5.2.0-beta1,5.2.0,17
jedis,4.0.0-RC1,redis.clients.jedis.benchmark,PooledBenchmark,withPool,Long Method,"Decor,experts",src/test/java/redis/clients/jedis/benchmark/PooledBenchmark.java,src/test/java/redis/clients/jedis/benchmark/PooledBenchmark.java.PooledBenchmark.withPool.Long Method,4.0.0-RC1,5.3.0-beta1,5.3.0-beta1,19
jedis,4.0.0-RC1,redis.clients.jedis.benchmark,ProtocolBenchmark,main,Long Method,"Decor,experts",src/test/java/redis/clients/jedis/benchmark/ProtocolBenchmark.java,src/test/java/redis/clients/jedis/benchmark/ProtocolBenchmark.java.ProtocolBenchmark.main.Long Method,4.0.0-RC1,5.3.0-beta1,5.3.0-beta1,19
jedis,4.0.0-RC1,redis.clients.jedis.collections,JedisByteHashMapTest,mapOperations,Feature Envy,"designitejava,checkstyle,experts",src/test/java/redis/clients/jedis/collections/JedisByteHashMapTest.java,src/test/java/redis/clients/jedis/collections/JedisByteHashMapTest.java.JedisByteHashMapTest.mapOperations.Feature Envy,4.0.0-RC1,5.3.0-beta1,5.3.0-beta1,19
jedis,4.0.0-RC1,redis.clients.jedis.collections,JedisByteHashMapTest,mapOperations,Long Method,"Decor,experts",src/test/java/redis/clients/jedis/collections/JedisByteHashMapTest.java,src/test/java/redis/clients/jedis/collections/JedisByteHashMapTest.java.JedisByteHashMapTest.mapOperations.Long Method,4.0.0-RC1,5.3.0-beta1,5.3.0-beta1,19
jedis,4.0.0-RC1,redis.clients.jedis.collections,JedisByteHashMapTest,serialize,Feature Envy,"checkstyle,experts",src/test/java/redis/clients/jedis/collections/JedisByteHashMapTest.java,src/test/java/redis/clients/jedis/collections/JedisByteHashMapTest.java.JedisByteHashMapTest.serialize.Feature Envy,4.0.0-RC1,5.3.0-beta1,5.3.0-beta1,19
jedis,4.0.0-RC1,redis.clients.jedis.collections,SetFromListTest,setOperations,Long Method,"Decor,experts",src/test/java/redis/clients/jedis/collections/SetFromListTest.java,src/test/java/redis/clients/jedis/collections/SetFromListTest.java.SetFromListTest.setOperations.Long Method,4.0.0-RC1,5.3.0-beta1,5.3.0-beta1,19
jedis,5.2.0,redis.clients.jedis.commands.commandobjects,CommandObjectsBitmapCommandsTest,testBitpos,Long Method,"Decor,experts",src/test/java/redis/clients/jedis/commands/commandobjects/CommandObjectsBitmapCommandsTest.java,src/test/java/redis/clients/jedis/commands/commandobjects/CommandObjectsBitmapCommandsTest.java.CommandObjectsBitmapCommandsTest.testBitpos.Long Method,5.2.0,5.3.0-beta1,5.3.0-beta1,2
jedis,5.2.0,redis.clients.jedis.commands.commandobjects,CommandObjectsBloomFilterCommandsTest,testBfScanDumpAndLoadChunk,Long Method,"Decor,experts",src/test/java/redis/clients/jedis/commands/commandobjects/CommandObjectsBloomFilterCommandsTest.java,src/test/java/redis/clients/jedis/commands/commandobjects/CommandObjectsBloomFilterCommandsTest.java.CommandObjectsBloomFilterCommandsTest.testBfScanDumpAndLoadChunk.Long Method,5.2.0,5.3.0-beta1,5.3.0-beta1,2
jedis,5.2.0,redis.clients.jedis.commands.commandobjects,CommandObjectsCountMinSketchCommandsTest,testCMSMergeWithWeights,Long Method,"Decor,experts",src/test/java/redis/clients/jedis/commands/commandobjects/CommandObjectsCountMinSketchCommandsTest.java,src/test/java/redis/clients/jedis/commands/commandobjects/CommandObjectsCountMinSketchCommandsTest.java.CommandObjectsCountMinSketchCommandsTest.testCMSMergeWithWeights.Long Method,5.2.0,5.3.0-beta1,5.3.0-beta1,2
jedis,5.2.0,redis.clients.jedis.commands.commandobjects,CommandObjectsCuckooFilterCommandsTest,testCuckooFilterReserveInsertAndCount,Feature Envy,"checkstyle,experts",src/test/java/redis/clients/jedis/commands/commandobjects/CommandObjectsCuckooFilterCommandsTest.java,src/test/java/redis/clients/jedis/commands/commandobjects/CommandObjectsCuckooFilterCommandsTest.java.CommandObjectsCuckooFilterCommandsTest.testCuckooFilterReserveInsertAndCount.Feature Envy,5.2.0,5.3.0-beta1,5.3.0-beta1,2
jedis,5.2.0,redis.clients.jedis.commands.commandobjects,CommandObjectsCuckooFilterCommandsTest,testCuckooFilterScanDumpAndLoadChunk,Feature Envy,"checkstyle,experts",src/test/java/redis/clients/jedis/commands/commandobjects/CommandObjectsCuckooFilterCommandsTest.java,src/test/java/redis/clients/jedis/commands/commandobjects/CommandObjectsCuckooFilterCommandsTest.java.CommandObjectsCuckooFilterCommandsTest.testCuckooFilterScanDumpAndLoadChunk.Feature Envy,5.2.0,5.3.0-beta1,5.3.0-beta1,2
jedis,5.2.0,redis.clients.jedis.commands.commandobjects,CommandObjectsCuckooFilterCommandsTest,testCuckooFilterScanDumpAndLoadChunk,Long Method,"Decor,experts",src/test/java/redis/clients/jedis/commands/commandobjects/CommandObjectsCuckooFilterCommandsTest.java,src/test/java/redis/clients/jedis/commands/commandobjects/CommandObjectsCuckooFilterCommandsTest.java.CommandObjectsCuckooFilterCommandsTest.testCuckooFilterScanDumpAndLoadChunk.Long Method,5.2.0,5.3.0-beta1,5.3.0-beta1,2
jedis,5.2.0,redis.clients.jedis.commands.commandobjects,CommandObjectsGenericCommandsTest,,God Class,"pmd,experts",src/test/java/redis/clients/jedis/commands/commandobjects/CommandObjectsGenericCommandsTest.java,src/test/java/redis/clients/jedis/commands/commandobjects/CommandObjectsGenericCommandsTest.java.CommandObjectsGenericCommandsTest..God Class,5.2.0,5.3.0-beta1,5.3.0-beta1,2
jedis,5.2.0,redis.clients.jedis.commands.commandobjects,CommandObjectsGenericCommandsTest,assertKeyExists,Feature Envy,"checkstyle,experts",src/test/java/redis/clients/jedis/commands/commandobjects/CommandObjectsGenericCommandsTest.java,src/test/java/redis/clients/jedis/commands/commandobjects/CommandObjectsGenericCommandsTest.java.CommandObjectsGenericCommandsTest.assertKeyExists.Feature Envy,5.2.0,5.3.0-beta1,5.3.0-beta1,2
jedis,5.2.0,redis.clients.jedis.commands.commandobjects,CommandObjectsGenericCommandsTest,testDumpAndRestore,Long Method,"Decor,experts",src/test/java/redis/clients/jedis/commands/commandobjects/CommandObjectsGenericCommandsTest.java,src/test/java/redis/clients/jedis/commands/commandobjects/CommandObjectsGenericCommandsTest.java.CommandObjectsGenericCommandsTest.testDumpAndRestore.Long Method,5.2.0,5.3.0-beta1,5.3.0-beta1,2
jedis,5.2.0,redis.clients.jedis.commands.commandobjects,CommandObjectsGenericCommandsTest,testScanWithParams,Feature Envy,"checkstyle,experts",src/test/java/redis/clients/jedis/commands/commandobjects/CommandObjectsGenericCommandsTest.java,src/test/java/redis/clients/jedis/commands/commandobjects/CommandObjectsGenericCommandsTest.java.CommandObjectsGenericCommandsTest.testScanWithParams.Feature Envy,5.2.0,5.3.0-beta1,5.3.0-beta1,2
jedis,5.2.0,redis.clients.jedis.commands.commandobjects,CommandObjectsGenericCommandsTest,testScanWithParamsAndType,Feature Envy,"checkstyle,experts",src/test/java/redis/clients/jedis/commands/commandobjects/CommandObjectsGenericCommandsTest.java,src/test/java/redis/clients/jedis/commands/commandobjects/CommandObjectsGenericCommandsTest.java.CommandObjectsGenericCommandsTest.testScanWithParamsAndType.Feature Envy,5.2.0,5.3.0-beta1,5.3.0-beta1,2
jedis,5.2.0,redis.clients.jedis.commands.commandobjects,CommandObjectsGeospatialCommandsTest,,God Class,"pmd,experts",src/test/java/redis/clients/jedis/commands/commandobjects/CommandObjectsGeospatialCommandsTest.java,src/test/java/redis/clients/jedis/commands/commandobjects/CommandObjectsGeospatialCommandsTest.java.CommandObjectsGeospatialCommandsTest..God Class,5.2.0,5.3.0-beta1,5.3.0-beta1,2
jedis,5.2.0,redis.clients.jedis.commands.commandobjects,CommandObjectsGeospatialCommandsTest,testGeoPos,Feature Envy,"checkstyle,experts",src/test/java/redis/clients/jedis/commands/commandobjects/CommandObjectsGeospatialCommandsTest.java,src/test/java/redis/clients/jedis/commands/commandobjects/CommandObjectsGeospatialCommandsTest.java.CommandObjectsGeospatialCommandsTest.testGeoPos.Feature Envy,5.2.0,5.3.0-beta1,5.3.0-beta1,2
jedis,5.2.0,redis.clients.jedis.commands.commandobjects,CommandObjectsGeospatialCommandsTest,testGeoRadius,Feature Envy,"checkstyle,experts",src/test/java/redis/clients/jedis/commands/commandobjects/CommandObjectsGeospatialCommandsTest.java,src/test/java/redis/clients/jedis/commands/commandobjects/CommandObjectsGeospatialCommandsTest.java.CommandObjectsGeospatialCommandsTest.testGeoRadius.Feature Envy,5.2.0,5.3.0-beta1,5.3.0-beta1,2
jedis,5.2.0,redis.clients.jedis.commands.commandobjects,CommandObjectsGeospatialCommandsTest,testGeoRadiusByMember,Feature Envy,"checkstyle,experts",src/test/java/redis/clients/jedis/commands/commandobjects/CommandObjectsGeospatialCommandsTest.java,src/test/java/redis/clients/jedis/commands/commandobjects/CommandObjectsGeospatialCommandsTest.java.CommandObjectsGeospatialCommandsTest.testGeoRadiusByMember.Feature Envy,5.2.0,5.3.0-beta1,5.3.0-beta1,2
jedis,5.2.0,redis.clients.jedis.commands.commandobjects,CommandObjectsGeospatialCommandsTest,testGeoRadiusByMemberReadonly,Feature Envy,"checkstyle,experts",src/test/java/redis/clients/jedis/commands/commandobjects/CommandObjectsGeospatialCommandsTest.java,src/test/java/redis/clients/jedis/commands/commandobjects/CommandObjectsGeospatialCommandsTest.java.CommandObjectsGeospatialCommandsTest.testGeoRadiusByMemberReadonly.Feature Envy,5.2.0,5.3.0-beta1,5.3.0-beta1,2
jedis,5.2.0,redis.clients.jedis.commands.commandobjects,CommandObjectsGeospatialCommandsTest,testGeoRadiusReadonly,Feature Envy,"checkstyle,experts",src/test/java/redis/clients/jedis/commands/commandobjects/CommandObjectsGeospatialCommandsTest.java,src/test/java/redis/clients/jedis/commands/commandobjects/CommandObjectsGeospatialCommandsTest.java.CommandObjectsGeospatialCommandsTest.testGeoRadiusReadonly.Feature Envy,5.2.0,5.3.0-beta1,5.3.0-beta1,2
jedis,5.2.0,redis.clients.jedis.commands.commandobjects,CommandObjectsGeospatialCommandsTest,testGeoradiusByMemberStore,Feature Envy,"checkstyle,experts",src/test/java/redis/clients/jedis/commands/commandobjects/CommandObjectsGeospatialCommandsTest.java,src/test/java/redis/clients/jedis/commands/commandobjects/CommandObjectsGeospatialCommandsTest.java.CommandObjectsGeospatialCommandsTest.testGeoradiusByMemberStore.Feature Envy,5.2.0,5.3.0-beta1,5.3.0-beta1,2
jedis,5.2.0,redis.clients.jedis.commands.commandobjects,CommandObjectsGeospatialCommandsTest,testGeoradiusStore,Feature Envy,"checkstyle,experts",src/test/java/redis/clients/jedis/commands/commandobjects/CommandObjectsGeospatialCommandsTest.java,src/test/java/redis/clients/jedis/commands/commandobjects/CommandObjectsGeospatialCommandsTest.java.CommandObjectsGeospatialCommandsTest.testGeoradiusStore.Feature Envy,5.2.0,5.3.0-beta1,5.3.0-beta1,2
jedis,5.2.0,redis.clients.jedis.commands.commandobjects,CommandObjectsGeospatialCommandsTest,testGeosearch,Feature Envy,"checkstyle,experts",src/test/java/redis/clients/jedis/commands/commandobjects/CommandObjectsGeospatialCommandsTest.java,src/test/java/redis/clients/jedis/commands/commandobjects/CommandObjectsGeospatialCommandsTest.java.CommandObjectsGeospatialCommandsTest.testGeosearch.Feature Envy,5.2.0,5.3.0-beta1,5.3.0-beta1,2
jedis,5.2.0,redis.clients.jedis.commands.commandobjects,CommandObjectsGeospatialCommandsTest,testGeosearchBinary,Feature Envy,"checkstyle,experts",src/test/java/redis/clients/jedis/commands/commandobjects/CommandObjectsGeospatialCommandsTest.java,src/test/java/redis/clients/jedis/commands/commandobjects/CommandObjectsGeospatialCommandsTest.java.CommandObjectsGeospatialCommandsTest.testGeosearchBinary.Feature Envy,5.2.0,5.3.0-beta1,5.3.0-beta1,2
jedis,5.2.0,redis.clients.jedis.commands.commandobjects,CommandObjectsGeospatialCommandsTest,testGeosearchStore,Feature Envy,"checkstyle,experts",src/test/java/redis/clients/jedis/commands/commandobjects/CommandObjectsGeospatialCommandsTest.java,src/test/java/redis/clients/jedis/commands/commandobjects/CommandObjectsGeospatialCommandsTest.java.CommandObjectsGeospatialCommandsTest.testGeosearchStore.Feature Envy,5.2.0,5.3.0-beta1,5.3.0-beta1,2
jedis,5.2.0,redis.clients.jedis.commands.commandobjects,CommandObjectsGeospatialCommandsTest,testGeosearchStore,Long Method,"Decor,experts",src/test/java/redis/clients/jedis/commands/commandobjects/CommandObjectsGeospatialCommandsTest.java,src/test/java/redis/clients/jedis/commands/commandobjects/CommandObjectsGeospatialCommandsTest.java.CommandObjectsGeospatialCommandsTest.testGeosearchStore.Long Method,5.2.0,5.3.0-beta1,5.3.0-beta1,2
jedis,5.2.0,redis.clients.jedis.commands.commandobjects,CommandObjectsGeospatialCommandsTest,testGeosearchStoreBinary,Feature Envy,"checkstyle,experts",src/test/java/redis/clients/jedis/commands/commandobjects/CommandObjectsGeospatialCommandsTest.java,src/test/java/redis/clients/jedis/commands/commandobjects/CommandObjectsGeospatialCommandsTest.java.CommandObjectsGeospatialCommandsTest.testGeosearchStoreBinary.Feature Envy,5.2.0,5.3.0-beta1,5.3.0-beta1,2
jedis,5.2.0,redis.clients.jedis.commands.commandobjects,CommandObjectsHashCommandsTest,,God Class,"pmd,experts",src/test/java/redis/clients/jedis/commands/commandobjects/CommandObjectsHashCommandsTest.java,src/test/java/redis/clients/jedis/commands/commandobjects/CommandObjectsHashCommandsTest.java.CommandObjectsHashCommandsTest..God Class,5.2.0,5.3.0-beta1,5.3.0-beta1,2
jedis,5.2.0,redis.clients.jedis.commands.commandobjects,CommandObjectsHashCommandsTest,testHashKeysValsGetAll,Long Method,"Decor,experts",src/test/java/redis/clients/jedis/commands/commandobjects/CommandObjectsHashCommandsTest.java,src/test/java/redis/clients/jedis/commands/commandobjects/CommandObjectsHashCommandsTest.java.CommandObjectsHashCommandsTest.testHashKeysValsGetAll.Long Method,5.2.0,5.3.0-beta1,5.3.0-beta1,2
jedis,5.2.0,redis.clients.jedis.commands.commandobjects,CommandObjectsHashCommandsTest,testHscan,Feature Envy,"checkstyle,experts",src/test/java/redis/clients/jedis/commands/commandobjects/CommandObjectsHashCommandsTest.java,src/test/java/redis/clients/jedis/commands/commandobjects/CommandObjectsHashCommandsTest.java.CommandObjectsHashCommandsTest.testHscan.Feature Envy,5.2.0,5.3.0-beta1,5.3.0-beta1,2
jedis,5.2.0,redis.clients.jedis.commands.commandobjects,CommandObjectsJsonCommandsTest,,God Class,"pmd,experts",src/test/java/redis/clients/jedis/commands/commandobjects/CommandObjectsJsonCommandsTest.java,src/test/java/redis/clients/jedis/commands/commandobjects/CommandObjectsJsonCommandsTest.java.CommandObjectsJsonCommandsTest..God Class,5.2.0,5.3.0-beta1,5.3.0-beta1,2
jedis,5.2.0,redis.clients.jedis.commands.commandobjects,CommandObjectsJsonCommandsTest,testJsonMerge,Long Method,"Decor,experts",src/test/java/redis/clients/jedis/commands/commandobjects/CommandObjectsJsonCommandsTest.java,src/test/java/redis/clients/jedis/commands/commandobjects/CommandObjectsJsonCommandsTest.java.CommandObjectsJsonCommandsTest.testJsonMerge.Long Method,5.2.0,5.3.0-beta1,5.3.0-beta1,2
jedis,5.2.0,redis.clients.jedis.commands.commandobjects,CommandObjectsListCommandsTest,,God Class,"pmd,experts",src/test/java/redis/clients/jedis/commands/commandobjects/CommandObjectsListCommandsTest.java,src/test/java/redis/clients/jedis/commands/commandobjects/CommandObjectsListCommandsTest.java.CommandObjectsListCommandsTest..God Class,5.2.0,5.3.0-beta1,5.3.0-beta1,2
jedis,5.2.0,redis.clients.jedis.commands.commandobjects,CommandObjectsListCommandsTest,testBlpopBinary,Long Method,"Decor,experts",src/test/java/redis/clients/jedis/commands/commandobjects/CommandObjectsListCommandsTest.java,src/test/java/redis/clients/jedis/commands/commandobjects/CommandObjectsListCommandsTest.java.CommandObjectsListCommandsTest.testBlpopBinary.Long Method,5.2.0,5.3.0-beta1,5.3.0-beta1,2
jedis,5.2.0,redis.clients.jedis.commands.commandobjects,CommandObjectsScriptingCommandsTest,,God Class,"pmd,experts",src/test/java/redis/clients/jedis/commands/commandobjects/CommandObjectsScriptingCommandsTest.java,src/test/java/redis/clients/jedis/commands/commandobjects/CommandObjectsScriptingCommandsTest.java.CommandObjectsScriptingCommandsTest..God Class,5.2.0,5.3.0-beta1,5.3.0-beta1,2
jedis,5.2.0,redis.clients.jedis.commands.commandobjects,CommandObjectsScriptingCommandsTest,testFunctionDeletion,Feature Envy,"checkstyle,experts",src/test/java/redis/clients/jedis/commands/commandobjects/CommandObjectsScriptingCommandsTest.java,src/test/java/redis/clients/jedis/commands/commandobjects/CommandObjectsScriptingCommandsTest.java.CommandObjectsScriptingCommandsTest.testFunctionDeletion.Feature Envy,5.2.0,5.3.0-beta1,5.3.0-beta1,2
jedis,5.2.0,redis.clients.jedis.commands.commandobjects,CommandObjectsScriptingCommandsTest,testFunctionDeletionBinary,Feature Envy,"checkstyle,experts",src/test/java/redis/clients/jedis/commands/commandobjects/CommandObjectsScriptingCommandsTest.java,src/test/java/redis/clients/jedis/commands/commandobjects/CommandObjectsScriptingCommandsTest.java.CommandObjectsScriptingCommandsTest.testFunctionDeletionBinary.Feature Envy,5.2.0,5.3.0-beta1,5.3.0-beta1,2
jedis,5.2.0,redis.clients.jedis.commands.commandobjects,CommandObjectsScriptingCommandsTest,testFunctionDumpFlushRestore,Feature Envy,"checkstyle,experts",src/test/java/redis/clients/jedis/commands/commandobjects/CommandObjectsScriptingCommandsTest.java,src/test/java/redis/clients/jedis/commands/commandobjects/CommandObjectsScriptingCommandsTest.java.CommandObjectsScriptingCommandsTest.testFunctionDumpFlushRestore.Feature Envy,5.2.0,5.3.0-beta1,5.3.0-beta1,2
jedis,5.2.0,redis.clients.jedis.commands.commandobjects,CommandObjectsScriptingCommandsTest,testFunctionDumpFlushRestoreWithPolicy,Feature Envy,"checkstyle,experts",src/test/java/redis/clients/jedis/commands/commandobjects/CommandObjectsScriptingCommandsTest.java,src/test/java/redis/clients/jedis/commands/commandobjects/CommandObjectsScriptingCommandsTest.java.CommandObjectsScriptingCommandsTest.testFunctionDumpFlushRestoreWithPolicy.Feature Envy,5.2.0,5.3.0-beta1,5.3.0-beta1,2
jedis,5.2.0,redis.clients.jedis.commands.commandobjects,CommandObjectsScriptingCommandsTest,testFunctionFlushWithMode,Feature Envy,"checkstyle,experts",src/test/java/redis/clients/jedis/commands/commandobjects/CommandObjectsScriptingCommandsTest.java,src/test/java/redis/clients/jedis/commands/commandobjects/CommandObjectsScriptingCommandsTest.java.CommandObjectsScriptingCommandsTest.testFunctionFlushWithMode.Feature Envy,5.2.0,5.3.0-beta1,5.3.0-beta1,2
jedis,5.2.0,redis.clients.jedis.commands.commandobjects,CommandObjectsScriptingCommandsTest,testFunctionListing,Feature Envy,"checkstyle,experts",src/test/java/redis/clients/jedis/commands/commandobjects/CommandObjectsScriptingCommandsTest.java,src/test/java/redis/clients/jedis/commands/commandobjects/CommandObjectsScriptingCommandsTest.java.CommandObjectsScriptingCommandsTest.testFunctionListing.Feature Envy,5.2.0,5.3.0-beta1,5.3.0-beta1,2
jedis,5.2.0,redis.clients.jedis.commands.commandobjects,CommandObjectsScriptingCommandsTest,testFunctionListing,Long Method,"Decor,experts",src/test/java/redis/clients/jedis/commands/commandobjects/CommandObjectsScriptingCommandsTest.java,src/test/java/redis/clients/jedis/commands/commandobjects/CommandObjectsScriptingCommandsTest.java.CommandObjectsScriptingCommandsTest.testFunctionListing.Long Method,5.2.0,5.3.0-beta1,5.3.0-beta1,2
jedis,5.2.0,redis.clients.jedis.commands.commandobjects,CommandObjectsSearchAndQueryCommandsTest,,God Class,"pmd,experts",src/test/java/redis/clients/jedis/commands/commandobjects/CommandObjectsSearchAndQueryCommandsTest.java,src/test/java/redis/clients/jedis/commands/commandobjects/CommandObjectsSearchAndQueryCommandsTest.java.CommandObjectsSearchAndQueryCommandsTest..God Class,5.2.0,5.3.0-beta1,5.3.0-beta1,2
jedis,5.2.0,redis.clients.jedis.commands.commandobjects,CommandObjectsSearchAndQueryCommandsTest,testFtAggregate,Feature Envy,"checkstyle,experts",src/test/java/redis/clients/jedis/commands/commandobjects/CommandObjectsSearchAndQueryCommandsTest.java,src/test/java/redis/clients/jedis/commands/commandobjects/CommandObjectsSearchAndQueryCommandsTest.java.CommandObjectsSearchAndQueryCommandsTest.testFtAggregate.Feature Envy,5.2.0,5.3.0-beta1,5.3.0-beta1,2
jedis,5.2.0,redis.clients.jedis.commands.commandobjects,CommandObjectsSearchAndQueryCommandsTest,testFtAlterWithParams,Feature Envy,"checkstyle,experts",src/test/java/redis/clients/jedis/commands/commandobjects/CommandObjectsSearchAndQueryCommandsTest.java,src/test/java/redis/clients/jedis/commands/commandobjects/CommandObjectsSearchAndQueryCommandsTest.java.CommandObjectsSearchAndQueryCommandsTest.testFtAlterWithParams.Feature Envy,5.2.0,5.3.0-beta1,5.3.0-beta1,2
jedis,5.2.0,redis.clients.jedis.commands.commandobjects,CommandObjectsSearchAndQueryCommandsTest,testFtCreateWithParams,Feature Envy,"checkstyle,experts",src/test/java/redis/clients/jedis/commands/commandobjects/CommandObjectsSearchAndQueryCommandsTest.java,src/test/java/redis/clients/jedis/commands/commandobjects/CommandObjectsSearchAndQueryCommandsTest.java.CommandObjectsSearchAndQueryCommandsTest.testFtCreateWithParams.Feature Envy,5.2.0,5.3.0-beta1,5.3.0-beta1,2
jedis,5.2.0,redis.clients.jedis.commands.commandobjects,CommandObjectsSearchAndQueryCommandsTest,testFtInfo,Feature Envy,"checkstyle,experts",src/test/java/redis/clients/jedis/commands/commandobjects/CommandObjectsSearchAndQueryCommandsTest.java,src/test/java/redis/clients/jedis/commands/commandobjects/CommandObjectsSearchAndQueryCommandsTest.java.CommandObjectsSearchAndQueryCommandsTest.testFtInfo.Feature Envy,5.2.0,5.3.0-beta1,5.3.0-beta1,2
jedis,5.2.0,redis.clients.jedis.commands.commandobjects,CommandObjectsSearchAndQueryCommandsTest,testFtSearchHash,Feature Envy,"checkstyle,experts",src/test/java/redis/clients/jedis/commands/commandobjects/CommandObjectsSearchAndQueryCommandsTest.java,src/test/java/redis/clients/jedis/commands/commandobjects/CommandObjectsSearchAndQueryCommandsTest.java.CommandObjectsSearchAndQueryCommandsTest.testFtSearchHash.Feature Envy,5.2.0,5.3.0-beta1,5.3.0-beta1,2
jedis,5.2.0,redis.clients.jedis.commands.commandobjects,CommandObjectsSearchAndQueryCommandsTest,testFtSearchJson,Feature Envy,"checkstyle,experts",src/test/java/redis/clients/jedis/commands/commandobjects/CommandObjectsSearchAndQueryCommandsTest.java,src/test/java/redis/clients/jedis/commands/commandobjects/CommandObjectsSearchAndQueryCommandsTest.java.CommandObjectsSearchAndQueryCommandsTest.testFtSearchJson.Feature Envy,5.2.0,5.3.0-beta1,5.3.0-beta1,2
jedis,5.2.0,redis.clients.jedis.commands.commandobjects,CommandObjectsSearchAndQueryCommandsTest,testFtTags,Feature Envy,"checkstyle,experts",src/test/java/redis/clients/jedis/commands/commandobjects/CommandObjectsSearchAndQueryCommandsTest.java,src/test/java/redis/clients/jedis/commands/commandobjects/CommandObjectsSearchAndQueryCommandsTest.java.CommandObjectsSearchAndQueryCommandsTest.testFtTags.Feature Envy,5.2.0,5.3.0-beta1,5.3.0-beta1,2
jedis,5.2.0,redis.clients.jedis.commands.commandobjects,CommandObjectsSearchAndQueryCommandsTest,testSpellCheck,Feature Envy,"checkstyle,experts",src/test/java/redis/clients/jedis/commands/commandobjects/CommandObjectsSearchAndQueryCommandsTest.java,src/test/java/redis/clients/jedis/commands/commandobjects/CommandObjectsSearchAndQueryCommandsTest.java.CommandObjectsSearchAndQueryCommandsTest.testSpellCheck.Feature Envy,5.2.0,5.3.0-beta1,5.3.0-beta1,2
jedis,5.2.0,redis.clients.jedis.commands.commandobjects,CommandObjectsSetCommandsTest,,God Class,"pmd,experts",src/test/java/redis/clients/jedis/commands/commandobjects/CommandObjectsSetCommandsTest.java,src/test/java/redis/clients/jedis/commands/commandobjects/CommandObjectsSetCommandsTest.java.CommandObjectsSetCommandsTest..God Class,5.2.0,5.3.0-beta1,5.3.0-beta1,2
jedis,5.2.0,redis.clients.jedis.commands.commandobjects,CommandObjectsSetCommandsTest,testSrandmemberCommands,Long Method,"Decor,experts",src/test/java/redis/clients/jedis/commands/commandobjects/CommandObjectsSetCommandsTest.java,src/test/java/redis/clients/jedis/commands/commandobjects/CommandObjectsSetCommandsTest.java.CommandObjectsSetCommandsTest.testSrandmemberCommands.Long Method,5.2.0,5.3.0-beta1,5.3.0-beta1,2
jedis,5.2.0,redis.clients.jedis.commands.commandobjects,CommandObjectsSetCommandsTest,testSscanCommands,Feature Envy,"checkstyle,experts",src/test/java/redis/clients/jedis/commands/commandobjects/CommandObjectsSetCommandsTest.java,src/test/java/redis/clients/jedis/commands/commandobjects/CommandObjectsSetCommandsTest.java.CommandObjectsSetCommandsTest.testSscanCommands.Feature Envy,5.2.0,5.3.0-beta1,5.3.0-beta1,2
jedis,5.2.0,redis.clients.jedis.commands.commandobjects,CommandObjectsSortedSetCommandsTest,,God Class,"pmd,experts",src/test/java/redis/clients/jedis/commands/commandobjects/CommandObjectsSortedSetCommandsTest.java,src/test/java/redis/clients/jedis/commands/commandobjects/CommandObjectsSortedSetCommandsTest.java.CommandObjectsSortedSetCommandsTest..God Class,5.2.0,5.3.0-beta1,5.3.0-beta1,2
jedis,5.2.0,redis.clients.jedis.commands.commandobjects,CommandObjectsSortedSetCommandsTest,testZpopmax,Feature Envy,"checkstyle,experts",src/test/java/redis/clients/jedis/commands/commandobjects/CommandObjectsSortedSetCommandsTest.java,src/test/java/redis/clients/jedis/commands/commandobjects/CommandObjectsSortedSetCommandsTest.java.CommandObjectsSortedSetCommandsTest.testZpopmax.Feature Envy,5.2.0,5.3.0-beta1,5.3.0-beta1,2
jedis,5.2.0,redis.clients.jedis.commands.commandobjects,CommandObjectsSortedSetCommandsTest,testZpopmaxBinary,Feature Envy,"checkstyle,experts",src/test/java/redis/clients/jedis/commands/commandobjects/CommandObjectsSortedSetCommandsTest.java,src/test/java/redis/clients/jedis/commands/commandobjects/CommandObjectsSortedSetCommandsTest.java.CommandObjectsSortedSetCommandsTest.testZpopmaxBinary.Feature Envy,5.2.0,5.3.0-beta1,5.3.0-beta1,2
jedis,5.2.0,redis.clients.jedis.commands.commandobjects,CommandObjectsSortedSetCommandsTest,testZpopmin,Feature Envy,"checkstyle,experts",src/test/java/redis/clients/jedis/commands/commandobjects/CommandObjectsSortedSetCommandsTest.java,src/test/java/redis/clients/jedis/commands/commandobjects/CommandObjectsSortedSetCommandsTest.java.CommandObjectsSortedSetCommandsTest.testZpopmin.Feature Envy,5.2.0,5.3.0-beta1,5.3.0-beta1,2
jedis,5.2.0,redis.clients.jedis.commands.commandobjects,CommandObjectsSortedSetCommandsTest,testZpopminBinary,Feature Envy,"checkstyle,experts",src/test/java/redis/clients/jedis/commands/commandobjects/CommandObjectsSortedSetCommandsTest.java,src/test/java/redis/clients/jedis/commands/commandobjects/CommandObjectsSortedSetCommandsTest.java.CommandObjectsSortedSetCommandsTest.testZpopminBinary.Feature Envy,5.2.0,5.3.0-beta1,5.3.0-beta1,2
jedis,5.2.0,redis.clients.jedis.commands.commandobjects,CommandObjectsSortedSetCommandsTest,testZrandmemberWithScores,Feature Envy,"checkstyle,experts",src/test/java/redis/clients/jedis/commands/commandobjects/CommandObjectsSortedSetCommandsTest.java,src/test/java/redis/clients/jedis/commands/commandobjects/CommandObjectsSortedSetCommandsTest.java.CommandObjectsSortedSetCommandsTest.testZrandmemberWithScores.Feature Envy,5.2.0,5.3.0-beta1,5.3.0-beta1,2
jedis,5.2.0,redis.clients.jedis.commands.commandobjects,CommandObjectsSortedSetCommandsTest,testZrangeWithScores,Feature Envy,"checkstyle,experts",src/test/java/redis/clients/jedis/commands/commandobjects/CommandObjectsSortedSetCommandsTest.java,src/test/java/redis/clients/jedis/commands/commandobjects/CommandObjectsSortedSetCommandsTest.java.CommandObjectsSortedSetCommandsTest.testZrangeWithScores.Feature Envy,5.2.0,5.3.0-beta1,5.3.0-beta1,2
jedis,5.2.0,redis.clients.jedis.commands.commandobjects,CommandObjectsSortedSetCommandsTest,testZrangeWithScores,Long Method,"Decor,experts",src/test/java/redis/clients/jedis/commands/commandobjects/CommandObjectsSortedSetCommandsTest.java,src/test/java/redis/clients/jedis/commands/commandobjects/CommandObjectsSortedSetCommandsTest.java.CommandObjectsSortedSetCommandsTest.testZrangeWithScores.Long Method,5.2.0,5.3.0-beta1,5.3.0-beta1,2
jedis,5.2.0,redis.clients.jedis.commands.commandobjects,CommandObjectsSortedSetCommandsTest,testZrevrangeWithScores,Feature Envy,"checkstyle,experts",src/test/java/redis/clients/jedis/commands/commandobjects/CommandObjectsSortedSetCommandsTest.java,src/test/java/redis/clients/jedis/commands/commandobjects/CommandObjectsSortedSetCommandsTest.java.CommandObjectsSortedSetCommandsTest.testZrevrangeWithScores.Feature Envy,5.2.0,5.3.0-beta1,5.3.0-beta1,2
jedis,5.2.0,redis.clients.jedis.commands.commandobjects,CommandObjectsStreamCommandsTest,,God Class,"pmd,experts",src/test/java/redis/clients/jedis/commands/commandobjects/CommandObjectsStreamCommandsTest.java,src/test/java/redis/clients/jedis/commands/commandobjects/CommandObjectsStreamCommandsTest.java.CommandObjectsStreamCommandsTest..God Class,5.2.0,5.3.0-beta1,5.3.0-beta1,2
jedis,5.2.0,redis.clients.jedis.commands.commandobjects,CommandObjectsStreamCommandsTest,testXAutoClaimBinary,Feature Envy,"checkstyle,experts",src/test/java/redis/clients/jedis/commands/commandobjects/CommandObjectsStreamCommandsTest.java,src/test/java/redis/clients/jedis/commands/commandobjects/CommandObjectsStreamCommandsTest.java.CommandObjectsStreamCommandsTest.testXAutoClaimBinary.Feature Envy,5.2.0,5.3.0-beta1,5.3.0-beta1,2
jedis,5.2.0,redis.clients.jedis.commands.commandobjects,CommandObjectsStreamCommandsTest,testXAutoClaimJustIdBinary,Feature Envy,"checkstyle,experts",src/test/java/redis/clients/jedis/commands/commandobjects/CommandObjectsStreamCommandsTest.java,src/test/java/redis/clients/jedis/commands/commandobjects/CommandObjectsStreamCommandsTest.java.CommandObjectsStreamCommandsTest.testXAutoClaimJustIdBinary.Feature Envy,5.2.0,5.3.0-beta1,5.3.0-beta1,2
jedis,5.2.0,redis.clients.jedis.commands.commandobjects,CommandObjectsStreamCommandsTest,testXGroupConsumer,Feature Envy,"checkstyle,experts",src/test/java/redis/clients/jedis/commands/commandobjects/CommandObjectsStreamCommandsTest.java,src/test/java/redis/clients/jedis/commands/commandobjects/CommandObjectsStreamCommandsTest.java.CommandObjectsStreamCommandsTest.testXGroupConsumer.Feature Envy,5.2.0,5.3.0-beta1,5.3.0-beta1,2
jedis,5.2.0,redis.clients.jedis.commands.commandobjects,CommandObjectsStreamCommandsTest,testXGroupConsumer,Long Method,"Decor,experts",src/test/java/redis/clients/jedis/commands/commandobjects/CommandObjectsStreamCommandsTest.java,src/test/java/redis/clients/jedis/commands/commandobjects/CommandObjectsStreamCommandsTest.java.CommandObjectsStreamCommandsTest.testXGroupConsumer.Long Method,5.2.0,5.3.0-beta1,5.3.0-beta1,2
jedis,5.2.0,redis.clients.jedis.commands.commandobjects,CommandObjectsStreamCommandsTest,testXGroupDestroy,Feature Envy,"checkstyle,experts",src/test/java/redis/clients/jedis/commands/commandobjects/CommandObjectsStreamCommandsTest.java,src/test/java/redis/clients/jedis/commands/commandobjects/CommandObjectsStreamCommandsTest.java.CommandObjectsStreamCommandsTest.testXGroupDestroy.Feature Envy,5.2.0,5.3.0-beta1,5.3.0-beta1,2
jedis,5.2.0,redis.clients.jedis.commands.commandobjects,CommandObjectsStreamCommandsTest,testXGroupSetID,Feature Envy,"checkstyle,experts",src/test/java/redis/clients/jedis/commands/commandobjects/CommandObjectsStreamCommandsTest.java,src/test/java/redis/clients/jedis/commands/commandobjects/CommandObjectsStreamCommandsTest.java.CommandObjectsStreamCommandsTest.testXGroupSetID.Feature Envy,5.2.0,5.3.0-beta1,5.3.0-beta1,2
jedis,5.2.0,redis.clients.jedis.commands.commandobjects,CommandObjectsStreamCommandsTest,testXInfoConsumersWithActiveConsumers,Feature Envy,"checkstyle,experts",src/test/java/redis/clients/jedis/commands/commandobjects/CommandObjectsStreamCommandsTest.java,src/test/java/redis/clients/jedis/commands/commandobjects/CommandObjectsStreamCommandsTest.java.CommandObjectsStreamCommandsTest.testXInfoConsumersWithActiveConsumers.Feature Envy,5.2.0,5.3.0-beta1,5.3.0-beta1,2
jedis,5.2.0,redis.clients.jedis.commands.commandobjects,CommandObjectsStreamCommandsTest,testXInfoStreamFull,Feature Envy,"checkstyle,experts",src/test/java/redis/clients/jedis/commands/commandobjects/CommandObjectsStreamCommandsTest.java,src/test/java/redis/clients/jedis/commands/commandobjects/CommandObjectsStreamCommandsTest.java.CommandObjectsStreamCommandsTest.testXInfoStreamFull.Feature Envy,5.2.0,5.3.0-beta1,5.3.0-beta1,2
jedis,5.2.0,redis.clients.jedis.commands.commandobjects,CommandObjectsStreamCommandsTest,testXRead,Feature Envy,"checkstyle,experts",src/test/java/redis/clients/jedis/commands/commandobjects/CommandObjectsStreamCommandsTest.java,src/test/java/redis/clients/jedis/commands/commandobjects/CommandObjectsStreamCommandsTest.java.CommandObjectsStreamCommandsTest.testXRead.Feature Envy,5.2.0,5.3.0-beta1,5.3.0-beta1,2
jedis,5.2.0,redis.clients.jedis.commands.commandobjects,CommandObjectsStreamCommandsTest,testXReadGroupAsMap,Feature Envy,"checkstyle,experts",src/test/java/redis/clients/jedis/commands/commandobjects/CommandObjectsStreamCommandsTest.java,src/test/java/redis/clients/jedis/commands/commandobjects/CommandObjectsStreamCommandsTest.java.CommandObjectsStreamCommandsTest.testXReadGroupAsMap.Feature Envy,5.2.0,5.3.0-beta1,5.3.0-beta1,2
jedis,5.2.0,redis.clients.jedis.commands.commandobjects,CommandObjectsStreamCommandsTest,testXackXPendingBinary,Feature Envy,"checkstyle,experts",src/test/java/redis/clients/jedis/commands/commandobjects/CommandObjectsStreamCommandsTest.java,src/test/java/redis/clients/jedis/commands/commandobjects/CommandObjectsStreamCommandsTest.java.CommandObjectsStreamCommandsTest.testXackXPendingBinary.Feature Envy,5.2.0,5.3.0-beta1,5.3.0-beta1,2
jedis,5.2.0,redis.clients.jedis.commands.commandobjects,CommandObjectsStreamCommandsTest,testXackXpending,Feature Envy,"checkstyle,experts",src/test/java/redis/clients/jedis/commands/commandobjects/CommandObjectsStreamCommandsTest.java,src/test/java/redis/clients/jedis/commands/commandobjects/CommandObjectsStreamCommandsTest.java.CommandObjectsStreamCommandsTest.testXackXpending.Feature Envy,5.2.0,5.3.0-beta1,5.3.0-beta1,2
jedis,5.2.0,redis.clients.jedis.commands.commandobjects,CommandObjectsStreamCommandsTest,testXrangeWithIdParameters,Feature Envy,"checkstyle,experts",src/test/java/redis/clients/jedis/commands/commandobjects/CommandObjectsStreamCommandsTest.java,src/test/java/redis/clients/jedis/commands/commandobjects/CommandObjectsStreamCommandsTest.java.CommandObjectsStreamCommandsTest.testXrangeWithIdParameters.Feature Envy,5.2.0,5.3.0-beta1,5.3.0-beta1,2
jedis,5.2.0,redis.clients.jedis.commands.commandobjects,CommandObjectsStreamCommandsTest,testXrangeWithStringParameters,Feature Envy,"checkstyle,experts",src/test/java/redis/clients/jedis/commands/commandobjects/CommandObjectsStreamCommandsTest.java,src/test/java/redis/clients/jedis/commands/commandobjects/CommandObjectsStreamCommandsTest.java.CommandObjectsStreamCommandsTest.testXrangeWithStringParameters.Feature Envy,5.2.0,5.3.0-beta1,5.3.0-beta1,2
jedis,5.2.0,redis.clients.jedis.commands.commandobjects,CommandObjectsStreamCommandsTest,testXrevrangeWithIdParameters,Feature Envy,"checkstyle,experts",src/test/java/redis/clients/jedis/commands/commandobjects/CommandObjectsStreamCommandsTest.java,src/test/java/redis/clients/jedis/commands/commandobjects/CommandObjectsStreamCommandsTest.java.CommandObjectsStreamCommandsTest.testXrevrangeWithIdParameters.Feature Envy,5.2.0,5.3.0-beta1,5.3.0-beta1,2
jedis,5.2.0,redis.clients.jedis.commands.commandobjects,CommandObjectsStreamCommandsTest,testXrevrangeWithStringParameters,Feature Envy,"checkstyle,experts",src/test/java/redis/clients/jedis/commands/commandobjects/CommandObjectsStreamCommandsTest.java,src/test/java/redis/clients/jedis/commands/commandobjects/CommandObjectsStreamCommandsTest.java.CommandObjectsStreamCommandsTest.testXrevrangeWithStringParameters.Feature Envy,5.2.0,5.3.0-beta1,5.3.0-beta1,2
jedis,5.2.0,redis.clients.jedis.commands.commandobjects,CommandObjectsStringCommandsTest,,God Class,"pmd,experts",src/test/java/redis/clients/jedis/commands/commandobjects/CommandObjectsStringCommandsTest.java,src/test/java/redis/clients/jedis/commands/commandobjects/CommandObjectsStringCommandsTest.java.CommandObjectsStringCommandsTest..God Class,5.2.0,5.3.0-beta1,5.3.0-beta1,2
jedis,5.2.0,redis.clients.jedis.commands.commandobjects,CommandObjectsStringCommandsTest,testLcs,Feature Envy,"checkstyle,experts",src/test/java/redis/clients/jedis/commands/commandobjects/CommandObjectsStringCommandsTest.java,src/test/java/redis/clients/jedis/commands/commandobjects/CommandObjectsStringCommandsTest.java.CommandObjectsStringCommandsTest.testLcs.Feature Envy,5.2.0,5.3.0-beta1,5.3.0-beta1,2
jedis,5.2.0,redis.clients.jedis.commands.commandobjects,CommandObjectsStringCommandsTest,testLcs,Long Method,"Decor,experts",src/test/java/redis/clients/jedis/commands/commandobjects/CommandObjectsStringCommandsTest.java,src/test/java/redis/clients/jedis/commands/commandobjects/CommandObjectsStringCommandsTest.java.CommandObjectsStringCommandsTest.testLcs.Long Method,5.2.0,5.3.0-beta1,5.3.0-beta1,2
jedis,5.2.0,redis.clients.jedis.commands.commandobjects,CommandObjectsStringCommandsTest,testLcsBinary,Feature Envy,"checkstyle,experts",src/test/java/redis/clients/jedis/commands/commandobjects/CommandObjectsStringCommandsTest.java,src/test/java/redis/clients/jedis/commands/commandobjects/CommandObjectsStringCommandsTest.java.CommandObjectsStringCommandsTest.testLcsBinary.Feature Envy,5.2.0,5.3.0-beta1,5.3.0-beta1,2
jedis,5.2.0,redis.clients.jedis.commands.commandobjects,CommandObjectsTDigestCommandsTest,testTDigestMergeWithParams,Long Method,"Decor,experts",src/test/java/redis/clients/jedis/commands/commandobjects/CommandObjectsTDigestCommandsTest.java,src/test/java/redis/clients/jedis/commands/commandobjects/CommandObjectsTDigestCommandsTest.java.CommandObjectsTDigestCommandsTest.testTDigestMergeWithParams.Long Method,5.2.0,5.3.0-beta1,5.3.0-beta1,2
jedis,5.2.0,redis.clients.jedis.commands.commandobjects,CommandObjectsTimeSeriesCommandsTest,,God Class,"pmd,experts",src/test/java/redis/clients/jedis/commands/commandobjects/CommandObjectsTimeSeriesCommandsTest.java,src/test/java/redis/clients/jedis/commands/commandobjects/CommandObjectsTimeSeriesCommandsTest.java.CommandObjectsTimeSeriesCommandsTest..God Class,5.2.0,5.3.0-beta1,5.3.0-beta1,2
jedis,5.2.0,redis.clients.jedis.commands.commandobjects,CommandObjectsTimeSeriesCommandsTest,testTsAddWithTimestampDelAndRangeWithPreDeleteAssert,Feature Envy,"checkstyle,experts",src/test/java/redis/clients/jedis/commands/commandobjects/CommandObjectsTimeSeriesCommandsTest.java,src/test/java/redis/clients/jedis/commands/commandobjects/CommandObjectsTimeSeriesCommandsTest.java.CommandObjectsTimeSeriesCommandsTest.testTsAddWithTimestampDelAndRangeWithPreDeleteAssert.Feature Envy,5.2.0,5.3.0-beta1,5.3.0-beta1,2
jedis,5.2.0,redis.clients.jedis.commands.commandobjects,CommandObjectsTimeSeriesCommandsTest,testTsAlterAndInfo,Feature Envy,"checkstyle,experts",src/test/java/redis/clients/jedis/commands/commandobjects/CommandObjectsTimeSeriesCommandsTest.java,src/test/java/redis/clients/jedis/commands/commandobjects/CommandObjectsTimeSeriesCommandsTest.java.CommandObjectsTimeSeriesCommandsTest.testTsAlterAndInfo.Feature Envy,5.2.0,5.3.0-beta1,5.3.0-beta1,2
jedis,5.2.0,redis.clients.jedis.commands.commandobjects,CommandObjectsTimeSeriesCommandsTest,testTsIncrByAndDecrBy,Feature Envy,"checkstyle,experts",src/test/java/redis/clients/jedis/commands/commandobjects/CommandObjectsTimeSeriesCommandsTest.java,src/test/java/redis/clients/jedis/commands/commandobjects/CommandObjectsTimeSeriesCommandsTest.java.CommandObjectsTimeSeriesCommandsTest.testTsIncrByAndDecrBy.Feature Envy,5.2.0,5.3.0-beta1,5.3.0-beta1,2
jedis,5.2.0,redis.clients.jedis.commands.commandobjects,CommandObjectsTimeSeriesCommandsTest,testTsMAdd,Feature Envy,"checkstyle,experts",src/test/java/redis/clients/jedis/commands/commandobjects/CommandObjectsTimeSeriesCommandsTest.java,src/test/java/redis/clients/jedis/commands/commandobjects/CommandObjectsTimeSeriesCommandsTest.java.CommandObjectsTimeSeriesCommandsTest.testTsMAdd.Feature Envy,5.2.0,5.3.0-beta1,5.3.0-beta1,2
jedis,5.2.0,redis.clients.jedis.commands.commandobjects,CommandObjectsTimeSeriesCommandsTest,testTsMGet,Feature Envy,"checkstyle,experts",src/test/java/redis/clients/jedis/commands/commandobjects/CommandObjectsTimeSeriesCommandsTest.java,src/test/java/redis/clients/jedis/commands/commandobjects/CommandObjectsTimeSeriesCommandsTest.java.CommandObjectsTimeSeriesCommandsTest.testTsMGet.Feature Envy,5.2.0,5.3.0-beta1,5.3.0-beta1,2
jedis,5.2.0,redis.clients.jedis.commands.commandobjects,CommandObjectsTimeSeriesCommandsTest,testTsMRangeCommands,Feature Envy,"checkstyle,experts",src/test/java/redis/clients/jedis/commands/commandobjects/CommandObjectsTimeSeriesCommandsTest.java,src/test/java/redis/clients/jedis/commands/commandobjects/CommandObjectsTimeSeriesCommandsTest.java.CommandObjectsTimeSeriesCommandsTest.testTsMRangeCommands.Feature Envy,5.2.0,5.3.0-beta1,5.3.0-beta1,2
jedis,5.2.0,redis.clients.jedis.commands.commandobjects,CommandObjectsTimeSeriesCommandsTest,testTsMRangeCommands,Long Method,"Decor,experts",src/test/java/redis/clients/jedis/commands/commandobjects/CommandObjectsTimeSeriesCommandsTest.java,src/test/java/redis/clients/jedis/commands/commandobjects/CommandObjectsTimeSeriesCommandsTest.java.CommandObjectsTimeSeriesCommandsTest.testTsMRangeCommands.Long Method,5.2.0,5.3.0-beta1,5.3.0-beta1,2
jedis,5.2.0,redis.clients.jedis.commands.commandobjects,CommandObjectsTriggersAndFunctionsCommandsTest,testTFunctionDeleteAndList,Feature Envy,"checkstyle,experts",src/test/java/redis/clients/jedis/commands/commandobjects/CommandObjectsTriggersAndFunctionsCommandsTest.java,src/test/java/redis/clients/jedis/commands/commandobjects/CommandObjectsTriggersAndFunctionsCommandsTest.java.CommandObjectsTriggersAndFunctionsCommandsTest.testTFunctionDeleteAndList.Feature Envy,5.2.0,5.3.0-beta1,5.3.0-beta1,2
jedis,4.0.0-RC1,redis.clients.jedis.commands.jedis,AccessControlListCommandsTest,,God Class,"pmd,experts",src/test/java/redis/clients/jedis/commands/jedis/AccessControlListCommandsTest.java,src/test/java/redis/clients/jedis/commands/jedis/AccessControlListCommandsTest.java.AccessControlListCommandsTest..God Class,4.0.0-RC1,5.3.0-beta1,5.3.0-beta1,19
jedis,4.0.0-RC1,redis.clients.jedis.commands.jedis,AccessControlListCommandsTest,aclBinaryCommandsTest,Feature Envy,"checkstyle,experts",src/test/java/redis/clients/jedis/commands/jedis/AccessControlListCommandsTest.java,src/test/java/redis/clients/jedis/commands/jedis/AccessControlListCommandsTest.java.AccessControlListCommandsTest.aclBinaryCommandsTest.Feature Envy,4.0.0-RC1,5.3.0-beta1,5.3.0-beta1,19
jedis,4.2.0-rc1,redis.clients.jedis.commands.jedis,AccessControlListCommandsTest,aclDryRun,Feature Envy,"checkstyle,experts",src/test/java/redis/clients/jedis/commands/jedis/AccessControlListCommandsTest.java,src/test/java/redis/clients/jedis/commands/jedis/AccessControlListCommandsTest.java.AccessControlListCommandsTest.aclDryRun.Feature Envy,4.2.0-rc1,5.3.0-beta1,5.3.0-beta1,15
jedis,4.2.0-rc1,redis.clients.jedis.commands.jedis,AccessControlListCommandsTest,aclDryRunBinary,Feature Envy,"checkstyle,experts",src/test/java/redis/clients/jedis/commands/jedis/AccessControlListCommandsTest.java,src/test/java/redis/clients/jedis/commands/jedis/AccessControlListCommandsTest.java.AccessControlListCommandsTest.aclDryRunBinary.Feature Envy,4.2.0-rc1,5.3.0-beta1,5.3.0-beta1,15
jedis,4.0.0-RC1,redis.clients.jedis.commands.jedis,AccessControlListCommandsTest,aclExcudeSingleCommand,Feature Envy,"checkstyle,experts",src/test/java/redis/clients/jedis/commands/jedis/AccessControlListCommandsTest.java,src/test/java/redis/clients/jedis/commands/jedis/AccessControlListCommandsTest.java.AccessControlListCommandsTest.aclExcudeSingleCommand.Feature Envy,4.0.0-RC1,5.3.0-beta1,5.3.0-beta1,19
jedis,4.0.0-RC1,redis.clients.jedis.commands.jedis,AccessControlListCommandsTest,aclGetUser,Feature Envy,"checkstyle,experts",src/test/java/redis/clients/jedis/commands/jedis/AccessControlListCommandsTest.java,src/test/java/redis/clients/jedis/commands/jedis/AccessControlListCommandsTest.java.AccessControlListCommandsTest.aclGetUser.Feature Envy,4.0.0-RC1,5.3.0-beta1,5.3.0-beta1,19
jedis,5.0.0-alpha1,redis.clients.jedis.commands.jedis,AccessControlListCommandsTest,aclLogTest,Feature Envy,"checkstyle,experts",src/test/java/redis/clients/jedis/commands/jedis/AccessControlListCommandsTest.java,src/test/java/redis/clients/jedis/commands/jedis/AccessControlListCommandsTest.java.AccessControlListCommandsTest.aclLogTest.Feature Envy,5.0.0-alpha1,5.3.0-beta1,5.3.0-beta1,8
jedis,4.4.0-rc1,redis.clients.jedis.commands.jedis,AccessControlListCommandsTest,aclLogWithEntryID,Feature Envy,"checkstyle,experts",src/test/java/redis/clients/jedis/commands/jedis/AccessControlListCommandsTest.java,src/test/java/redis/clients/jedis/commands/jedis/AccessControlListCommandsTest.java.AccessControlListCommandsTest.aclLogWithEntryID.Feature Envy,4.4.0-rc1,5.3.0-beta1,5.3.0-beta1,10
jedis,4.0.0-RC1,redis.clients.jedis.commands.jedis,AccessControlListCommandsTest,basicPermissionsTest,Feature Envy,"checkstyle,experts",src/test/java/redis/clients/jedis/commands/jedis/AccessControlListCommandsTest.java,src/test/java/redis/clients/jedis/commands/jedis/AccessControlListCommandsTest.java.AccessControlListCommandsTest.basicPermissionsTest.Feature Envy,4.0.0-RC1,5.3.0-beta1,5.3.0-beta1,19
jedis,4.0.0-RC1,redis.clients.jedis.commands.jedis,AccessControlListCommandsTest,createUserAndPasswords,Feature Envy,"checkstyle,experts",src/test/java/redis/clients/jedis/commands/jedis/AccessControlListCommandsTest.java,src/test/java/redis/clients/jedis/commands/jedis/AccessControlListCommandsTest.java.AccessControlListCommandsTest.createUserAndPasswords.Feature Envy,4.0.0-RC1,5.3.0-beta1,5.3.0-beta1,19
jedis,4.0.0-RC1,redis.clients.jedis.commands.jedis,AllKindOfValuesCommandsTest,,God Class,"pmd,experts",src/test/java/redis/clients/jedis/commands/jedis/AllKindOfValuesCommandsTest.java,src/test/java/redis/clients/jedis/commands/jedis/AllKindOfValuesCommandsTest.java.AllKindOfValuesCommandsTest..God Class,4.0.0-RC1,5.3.0-beta1,5.3.0-beta1,19
jedis,4.2.0-m1,redis.clients.jedis.commands.jedis,AllKindOfValuesCommandsTest,commandDocs,Feature Envy,"checkstyle,experts",src/test/java/redis/clients/jedis/commands/jedis/AllKindOfValuesCommandsTest.java,src/test/java/redis/clients/jedis/commands/jedis/AllKindOfValuesCommandsTest.java.AllKindOfValuesCommandsTest.commandDocs.Feature Envy,4.2.0-m1,5.0.0-beta1,5.0.0,10
jedis,4.2.0-m1,redis.clients.jedis.commands.jedis,AllKindOfValuesCommandsTest,commandInfo,Feature Envy,"checkstyle,experts",src/test/java/redis/clients/jedis/commands/jedis/AllKindOfValuesCommandsTest.java,src/test/java/redis/clients/jedis/commands/jedis/AllKindOfValuesCommandsTest.java.AllKindOfValuesCommandsTest.commandInfo.Feature Envy,4.2.0-m1,5.0.0-beta1,5.0.0,10
jedis,4.2.0-m1,redis.clients.jedis.commands.jedis,AllKindOfValuesCommandsTest,commandList,Feature Envy,"checkstyle,experts",src/test/java/redis/clients/jedis/commands/jedis/AllKindOfValuesCommandsTest.java,src/test/java/redis/clients/jedis/commands/jedis/AllKindOfValuesCommandsTest.java.AllKindOfValuesCommandsTest.commandList.Feature Envy,4.2.0-m1,5.0.0-beta1,5.0.0,10
jedis,4.0.0-RC1,redis.clients.jedis.commands.jedis,AllKindOfValuesCommandsTest,encodeCompleteResponse,Feature Envy,"checkstyle,experts",src/test/java/redis/clients/jedis/commands/jedis/AllKindOfValuesCommandsTest.java,src/test/java/redis/clients/jedis/commands/jedis/AllKindOfValuesCommandsTest.java.AllKindOfValuesCommandsTest.encodeCompleteResponse.Feature Envy,4.0.0-RC1,5.0.0-beta1,5.0.0,13
jedis,4.0.0-RC1,redis.clients.jedis.commands.jedis,AllKindOfValuesCommandsTest,restoreParams,Feature Envy,"designitejava,checkstyle,experts",src/test/java/redis/clients/jedis/commands/jedis/AllKindOfValuesCommandsTest.java,src/test/java/redis/clients/jedis/commands/jedis/AllKindOfValuesCommandsTest.java.AllKindOfValuesCommandsTest.restoreParams.Feature Envy,4.0.0-RC1,5.3.0-beta1,5.3.0-beta1,19
jedis,4.0.0-RC1,redis.clients.jedis.commands.jedis,AllKindOfValuesCommandsTest,scan,Feature Envy,"checkstyle,experts",src/test/java/redis/clients/jedis/commands/jedis/AllKindOfValuesCommandsTest.java,src/test/java/redis/clients/jedis/commands/jedis/AllKindOfValuesCommandsTest.java.AllKindOfValuesCommandsTest.scan.Feature Envy,4.0.0-RC1,5.3.0-beta1,5.3.0-beta1,19
jedis,4.0.0-RC1,redis.clients.jedis.commands.jedis,AllKindOfValuesCommandsTest,scanIsCompleteIteration,Feature Envy,"checkstyle,experts",src/test/java/redis/clients/jedis/commands/jedis/AllKindOfValuesCommandsTest.java,src/test/java/redis/clients/jedis/commands/jedis/AllKindOfValuesCommandsTest.java.AllKindOfValuesCommandsTest.scanIsCompleteIteration.Feature Envy,4.0.0-RC1,5.3.0-beta1,5.3.0-beta1,19
jedis,4.0.0-RC1,redis.clients.jedis.commands.jedis,AllKindOfValuesCommandsTest,scanMatch,Feature Envy,"checkstyle,experts",src/test/java/redis/clients/jedis/commands/jedis/AllKindOfValuesCommandsTest.java,src/test/java/redis/clients/jedis/commands/jedis/AllKindOfValuesCommandsTest.java.AllKindOfValuesCommandsTest.scanMatch.Feature Envy,4.0.0-RC1,5.3.0-beta1,5.3.0-beta1,19
jedis,4.0.0-RC1,redis.clients.jedis.commands.jedis,AllKindOfValuesCommandsTest,scanType,Feature Envy,"checkstyle,experts",src/test/java/redis/clients/jedis/commands/jedis/AllKindOfValuesCommandsTest.java,src/test/java/redis/clients/jedis/commands/jedis/AllKindOfValuesCommandsTest.java.AllKindOfValuesCommandsTest.scanType.Feature Envy,4.0.0-RC1,5.3.0-beta1,5.3.0-beta1,19
jedis,4.0.0-RC1,redis.clients.jedis.commands.jedis,AllKindOfValuesCommandsTest,sendCommandTest,Feature Envy,"checkstyle,experts",src/test/java/redis/clients/jedis/commands/jedis/AllKindOfValuesCommandsTest.java,src/test/java/redis/clients/jedis/commands/jedis/AllKindOfValuesCommandsTest.java.AllKindOfValuesCommandsTest.sendCommandTest.Feature Envy,4.0.0-RC1,5.3.0-beta1,5.3.0-beta1,19
jedis,4.0.0-RC1,redis.clients.jedis.commands.jedis,AllKindOfValuesCommandsTest,setGetOptionTest,Feature Envy,"checkstyle,experts",src/test/java/redis/clients/jedis/commands/jedis/AllKindOfValuesCommandsTest.java,src/test/java/redis/clients/jedis/commands/jedis/AllKindOfValuesCommandsTest.java.AllKindOfValuesCommandsTest.setGetOptionTest.Feature Envy,4.0.0-RC1,5.0.0-alpha1,5.0.0-beta1,12
jedis,4.0.0-RC1,redis.clients.jedis.commands.jedis,AllKindOfValuesCommandsTest,setNxExAndGet,Feature Envy,"checkstyle,experts",src/test/java/redis/clients/jedis/commands/jedis/AllKindOfValuesCommandsTest.java,src/test/java/redis/clients/jedis/commands/jedis/AllKindOfValuesCommandsTest.java.AllKindOfValuesCommandsTest.setNxExAndGet.Feature Envy,4.0.0-RC1,5.3.0-beta1,5.3.0-beta1,19
jedis,4.0.0-RC1,redis.clients.jedis.commands.jedis,BinaryValuesCommandsTest,,God Class,"pmd,experts",src/test/java/redis/clients/jedis/commands/jedis/BinaryValuesCommandsTest.java,src/test/java/redis/clients/jedis/commands/jedis/BinaryValuesCommandsTest.java.BinaryValuesCommandsTest..God Class,4.0.0-RC1,5.3.0-beta1,5.3.0-beta1,19
jedis,4.0.0-RC1,redis.clients.jedis.commands.jedis,BinaryValuesCommandsTest,getEx,Feature Envy,"checkstyle,experts",src/test/java/redis/clients/jedis/commands/jedis/BinaryValuesCommandsTest.java,src/test/java/redis/clients/jedis/commands/jedis/BinaryValuesCommandsTest.java.BinaryValuesCommandsTest.getEx.Feature Envy,4.0.0-RC1,5.3.0-beta1,5.3.0-beta1,19
jedis,4.0.0-RC1,redis.clients.jedis.commands.jedis,BinaryValuesCommandsTest,mget,Feature Envy,"checkstyle,experts",src/test/java/redis/clients/jedis/commands/jedis/BinaryValuesCommandsTest.java,src/test/java/redis/clients/jedis/commands/jedis/BinaryValuesCommandsTest.java.BinaryValuesCommandsTest.mget.Feature Envy,4.0.0-RC1,5.3.0-beta1,5.3.0-beta1,19
jedis,4.0.0-RC1,redis.clients.jedis.commands.jedis,BinaryValuesCommandsTest,sendCommandTest,Long Method,"Decor,experts",src/test/java/redis/clients/jedis/commands/jedis/BinaryValuesCommandsTest.java,src/test/java/redis/clients/jedis/commands/jedis/BinaryValuesCommandsTest.java.BinaryValuesCommandsTest.sendCommandTest.Long Method,4.0.0-RC1,5.3.0-beta1,5.3.0-beta1,19
jedis,4.0.0-RC1,redis.clients.jedis.commands.jedis,BinaryValuesCommandsTest,setAndExat,Feature Envy,"checkstyle,experts",src/test/java/redis/clients/jedis/commands/jedis/BinaryValuesCommandsTest.java,src/test/java/redis/clients/jedis/commands/jedis/BinaryValuesCommandsTest.java.BinaryValuesCommandsTest.setAndExat.Feature Envy,4.0.0-RC1,5.3.0-beta1,5.3.0-beta1,19
jedis,4.0.0-RC1,redis.clients.jedis.commands.jedis,BinaryValuesCommandsTest,setAndExpire,Feature Envy,"checkstyle,experts",src/test/java/redis/clients/jedis/commands/jedis/BinaryValuesCommandsTest.java,src/test/java/redis/clients/jedis/commands/jedis/BinaryValuesCommandsTest.java.BinaryValuesCommandsTest.setAndExpire.Feature Envy,4.0.0-RC1,5.3.0-beta1,5.3.0-beta1,19
jedis,4.0.0-RC1,redis.clients.jedis.commands.jedis,BinaryValuesCommandsTest,setAndExpireMillis,Feature Envy,"checkstyle,experts",src/test/java/redis/clients/jedis/commands/jedis/BinaryValuesCommandsTest.java,src/test/java/redis/clients/jedis/commands/jedis/BinaryValuesCommandsTest.java.BinaryValuesCommandsTest.setAndExpireMillis.Feature Envy,4.0.0-RC1,5.3.0-beta1,5.3.0-beta1,19
jedis,4.0.0-RC1,redis.clients.jedis.commands.jedis,BinaryValuesCommandsTest,setAndKeepttl,Feature Envy,"checkstyle,experts",src/test/java/redis/clients/jedis/commands/jedis/BinaryValuesCommandsTest.java,src/test/java/redis/clients/jedis/commands/jedis/BinaryValuesCommandsTest.java.BinaryValuesCommandsTest.setAndKeepttl.Feature Envy,4.0.0-RC1,5.3.0-beta1,5.3.0-beta1,19
jedis,4.0.0-RC1,redis.clients.jedis.commands.jedis,BinaryValuesCommandsTest,setAndPxat,Feature Envy,"checkstyle,experts",src/test/java/redis/clients/jedis/commands/jedis/BinaryValuesCommandsTest.java,src/test/java/redis/clients/jedis/commands/jedis/BinaryValuesCommandsTest.java.BinaryValuesCommandsTest.setAndPxat.Feature Envy,4.0.0-RC1,5.3.0-beta1,5.3.0-beta1,19
jedis,4.0.0-RC1,redis.clients.jedis.commands.jedis,BinaryValuesCommandsTest,setFailIfNotExistAndGet,Feature Envy,"checkstyle,experts",src/test/java/redis/clients/jedis/commands/jedis/BinaryValuesCommandsTest.java,src/test/java/redis/clients/jedis/commands/jedis/BinaryValuesCommandsTest.java.BinaryValuesCommandsTest.setFailIfNotExistAndGet.Feature Envy,4.0.0-RC1,5.3.0-beta1,5.3.0-beta1,19
jedis,4.0.0-RC1,redis.clients.jedis.commands.jedis,BinaryValuesCommandsTest,setIfExistAndGet,Feature Envy,"checkstyle,experts",src/test/java/redis/clients/jedis/commands/jedis/BinaryValuesCommandsTest.java,src/test/java/redis/clients/jedis/commands/jedis/BinaryValuesCommandsTest.java.BinaryValuesCommandsTest.setIfExistAndGet.Feature Envy,4.0.0-RC1,5.3.0-beta1,5.3.0-beta1,19
jedis,4.0.0-RC1,redis.clients.jedis.commands.jedis,BinaryValuesCommandsTest,setIfNotExistAndGet,Feature Envy,"checkstyle,experts",src/test/java/redis/clients/jedis/commands/jedis/BinaryValuesCommandsTest.java,src/test/java/redis/clients/jedis/commands/jedis/BinaryValuesCommandsTest.java.BinaryValuesCommandsTest.setIfNotExistAndGet.Feature Envy,4.0.0-RC1,5.3.0-beta1,5.3.0-beta1,19
jedis,4.0.0-RC1,redis.clients.jedis.commands.jedis,BinaryValuesCommandsTest,setNxExAndGet,Feature Envy,"checkstyle,experts",src/test/java/redis/clients/jedis/commands/jedis/BinaryValuesCommandsTest.java,src/test/java/redis/clients/jedis/commands/jedis/BinaryValuesCommandsTest.java.BinaryValuesCommandsTest.setNxExAndGet.Feature Envy,4.0.0-RC1,5.3.0-beta1,5.3.0-beta1,19
jedis,4.0.0-RC1,redis.clients.jedis.commands.jedis,BitCommandsTest,,God Class,"pmd,experts",src/test/java/redis/clients/jedis/commands/jedis/BitCommandsTest.java,src/test/java/redis/clients/jedis/commands/jedis/BitCommandsTest.java.BitCommandsTest..God Class,4.0.0-RC1,5.3.0-beta1,5.3.0-beta1,19
jedis,4.0.0-RC1,redis.clients.jedis.commands.jedis,BitCommandsTest,bitpos,Long Method,"Decor,experts",src/test/java/redis/clients/jedis/commands/jedis/BitCommandsTest.java,src/test/java/redis/clients/jedis/commands/jedis/BitCommandsTest.java.BitCommandsTest.bitpos.Long Method,4.0.0-RC1,5.3.0-beta1,5.3.0-beta1,19
jedis,4.0.0-RC1,redis.clients.jedis.commands.jedis,BitCommandsTest,testBinaryBitfield,Feature Envy,"checkstyle,experts",src/test/java/redis/clients/jedis/commands/jedis/BitCommandsTest.java,src/test/java/redis/clients/jedis/commands/jedis/BitCommandsTest.java.BitCommandsTest.testBinaryBitfield.Feature Envy,4.0.0-RC1,5.3.0-beta1,5.3.0-beta1,19
jedis,4.0.0-RC1,redis.clients.jedis.commands.jedis,BitCommandsTest,testBinaryBitfieldReadonly,Feature Envy,"checkstyle,experts",src/test/java/redis/clients/jedis/commands/jedis/BitCommandsTest.java,src/test/java/redis/clients/jedis/commands/jedis/BitCommandsTest.java.BitCommandsTest.testBinaryBitfieldReadonly.Feature Envy,4.0.0-RC1,5.3.0-beta1,5.3.0-beta1,19
jedis,4.0.0-RC1,redis.clients.jedis.commands.jedis,ClientCommandsTest,,God Class,"pmd,experts",src/test/java/redis/clients/jedis/commands/jedis/ClientCommandsTest.java,src/test/java/redis/clients/jedis/commands/jedis/ClientCommandsTest.java.ClientCommandsTest..God Class,4.0.0-RC1,5.3.0-beta1,5.3.0-beta1,19
jedis,4.0.0-RC1,redis.clients.jedis.commands.jedis,ClientCommandsTest,clientIdReconnect,Feature Envy,"designitejava,checkstyle,experts",src/test/java/redis/clients/jedis/commands/jedis/ClientCommandsTest.java,src/test/java/redis/clients/jedis/commands/jedis/ClientCommandsTest.java.ClientCommandsTest.clientIdReconnect.Feature Envy,4.0.0-RC1,5.3.0-beta1,5.3.0-beta1,19
jedis,5.1.0,redis.clients.jedis.commands.jedis,ClientCommandsTest,clientSetInfoCommand,Feature Envy,"designitejava,experts",src/test/java/redis/clients/jedis/commands/jedis/ClientCommandsTest.java,src/test/java/redis/clients/jedis/commands/jedis/ClientCommandsTest.java.ClientCommandsTest.clientSetInfoCommand.Feature Envy,5.1.0,5.3.0-beta1,5.3.0-beta1,5
jedis,4.4.0-rc1,redis.clients.jedis.commands.jedis,ClientCommandsTest,clientSetInfoDefault,Feature Envy,"designitejava,experts",src/test/java/redis/clients/jedis/commands/jedis/ClientCommandsTest.java,src/test/java/redis/clients/jedis/commands/jedis/ClientCommandsTest.java.ClientCommandsTest.clientSetInfoDefault.Feature Envy,4.4.0-rc1,5.0.0,5.1.0,5
jedis,4.0.0-RC1,redis.clients.jedis.commands.jedis,ClientCommandsTest,clientUnblock,Feature Envy,"designitejava,experts",src/test/java/redis/clients/jedis/commands/jedis/ClientCommandsTest.java,src/test/java/redis/clients/jedis/commands/jedis/ClientCommandsTest.java.ClientCommandsTest.clientUnblock.Feature Envy,4.0.0-RC1,5.3.0-beta1,5.3.0-beta1,19
jedis,4.0.0-RC1,redis.clients.jedis.commands.jedis,ClientCommandsTest,killSkipmeYesNo,Feature Envy,"checkstyle,experts",src/test/java/redis/clients/jedis/commands/jedis/ClientCommandsTest.java,src/test/java/redis/clients/jedis/commands/jedis/ClientCommandsTest.java.ClientCommandsTest.killSkipmeYesNo.Feature Envy,4.0.0-RC1,5.3.0-beta1,5.3.0-beta1,19
jedis,4.0.0-RC1,redis.clients.jedis.commands.jedis,ClientCommandsTest,killSkipmeYesNo2,Feature Envy,"checkstyle,experts",src/test/java/redis/clients/jedis/commands/jedis/ClientCommandsTest.java,src/test/java/redis/clients/jedis/commands/jedis/ClientCommandsTest.java.ClientCommandsTest.killSkipmeYesNo2.Feature Envy,4.0.0-RC1,4.0.0-RC1,4.0.0,1
jedis,4.0.0-RC1,redis.clients.jedis.commands.jedis,ClientCommandsTest,nameBinary,Feature Envy,"designitejava,experts",src/test/java/redis/clients/jedis/commands/jedis/ClientCommandsTest.java,src/test/java/redis/clients/jedis/commands/jedis/ClientCommandsTest.java.ClientCommandsTest.nameBinary.Feature Envy,4.0.0-RC1,5.3.0-beta1,5.3.0-beta1,19
jedis,4.0.0-RC1,redis.clients.jedis.commands.jedis,ClientCommandsTest,nameString,Feature Envy,"designitejava,experts",src/test/java/redis/clients/jedis/commands/jedis/ClientCommandsTest.java,src/test/java/redis/clients/jedis/commands/jedis/ClientCommandsTest.java.ClientCommandsTest.nameString.Feature Envy,4.0.0-RC1,5.3.0-beta1,5.3.0-beta1,19
jedis,5.2.0,redis.clients.jedis.commands.jedis,ClientCommandsTest,trackingInfo,Feature Envy,"checkstyle,experts",src/test/java/redis/clients/jedis/commands/jedis/ClientCommandsTest.java,src/test/java/redis/clients/jedis/commands/jedis/ClientCommandsTest.java.ClientCommandsTest.trackingInfo.Feature Envy,5.2.0,5.3.0-beta1,5.3.0-beta1,2
jedis,5.2.0,redis.clients.jedis.commands.jedis,ClientCommandsTest,trackingInfoResp3,Feature Envy,"checkstyle,experts",src/test/java/redis/clients/jedis/commands/jedis/ClientCommandsTest.java,src/test/java/redis/clients/jedis/commands/jedis/ClientCommandsTest.java.ClientCommandsTest.trackingInfoResp3.Feature Envy,5.2.0,5.3.0-beta1,5.3.0-beta1,2
jedis,4.2.0-m1,redis.clients.jedis.commands.jedis,ClusterBinaryValuesCommandsTest,,God Class,"pmd,experts",src/test/java/redis/clients/jedis/commands/jedis/ClusterBinaryValuesCommandsTest.java,src/test/java/redis/clients/jedis/commands/jedis/ClusterBinaryValuesCommandsTest.java.ClusterBinaryValuesCommandsTest..God Class,4.2.0-m1,5.3.0-beta1,5.3.0-beta1,16
jedis,4.0.0-RC1,redis.clients.jedis.commands.jedis,ClusterCommandsTest,,God Class,"pmd,experts",src/test/java/redis/clients/jedis/commands/jedis/ClusterCommandsTest.java,src/test/java/redis/clients/jedis/commands/jedis/ClusterCommandsTest.java.ClusterCommandsTest..God Class,4.0.0-RC1,5.3.0-beta1,5.3.0-beta1,19
jedis,4.1.0,redis.clients.jedis.commands.jedis,ClusterCommandsTest,addAndDelSlotsRange,Feature Envy,"designitejava,experts",src/test/java/redis/clients/jedis/commands/jedis/ClusterCommandsTest.java,src/test/java/redis/clients/jedis/commands/jedis/ClusterCommandsTest.java.ClusterCommandsTest.addAndDelSlotsRange.Feature Envy,4.1.0,5.3.0-beta1,5.3.0-beta1,17
jedis,4.1.0,redis.clients.jedis.commands.jedis,ClusterCommandsTest,clusterAddSlotsAndDelSlots,Feature Envy,"designitejava,experts",src/test/java/redis/clients/jedis/commands/jedis/ClusterCommandsTest.java,src/test/java/redis/clients/jedis/commands/jedis/ClusterCommandsTest.java.ClusterCommandsTest.clusterAddSlotsAndDelSlots.Feature Envy,4.1.0,5.3.0-beta1,5.3.0-beta1,17
jedis,4.2.0-m1,redis.clients.jedis.commands.jedis,ClusterCommandsTest,clusterCountFailureReports,Feature Envy,"designitejava,experts",src/test/java/redis/clients/jedis/commands/jedis/ClusterCommandsTest.java,src/test/java/redis/clients/jedis/commands/jedis/ClusterCommandsTest.java.ClusterCommandsTest.clusterCountFailureReports.Feature Envy,4.2.0-m1,5.3.0-beta1,5.3.0-beta1,16
jedis,4.0.0-RC1,redis.clients.jedis.commands.jedis,ClusterCommandsTest,clusterDelSlots,Feature Envy,"designitejava,experts",src/test/java/redis/clients/jedis/commands/jedis/ClusterCommandsTest.java,src/test/java/redis/clients/jedis/commands/jedis/ClusterCommandsTest.java.ClusterCommandsTest.clusterDelSlots.Feature Envy,4.0.0-RC1,4.0.0,4.1.0,2
jedis,4.0.0-RC1,redis.clients.jedis.commands.jedis,ClusterCommandsTest,clusterGetKeysInSlot,Feature Envy,"designitejava,experts",src/test/java/redis/clients/jedis/commands/jedis/ClusterCommandsTest.java,src/test/java/redis/clients/jedis/commands/jedis/ClusterCommandsTest.java.ClusterCommandsTest.clusterGetKeysInSlot.Feature Envy,4.0.0-RC1,5.3.0-beta1,5.3.0-beta1,19
jedis,4.0.0-RC1,redis.clients.jedis.commands.jedis,ClusterCommandsTest,clusterGetKeysInSlotBinary,Feature Envy,"designitejava,experts",src/test/java/redis/clients/jedis/commands/jedis/ClusterCommandsTest.java,src/test/java/redis/clients/jedis/commands/jedis/ClusterCommandsTest.java.ClusterCommandsTest.clusterGetKeysInSlotBinary.Feature Envy,4.0.0-RC1,5.3.0-beta1,5.3.0-beta1,19
jedis,4.1.0,redis.clients.jedis.commands.jedis,ClusterCommandsTest,clusterLinks,Long Method,"Decor,experts",src/test/java/redis/clients/jedis/commands/jedis/ClusterCommandsTest.java,src/test/java/redis/clients/jedis/commands/jedis/ClusterCommandsTest.java.ClusterCommandsTest.clusterLinks.Long Method,4.1.0,4.1.0,4.2.0-m1,1
jedis,4.0.0-RC1,redis.clients.jedis.commands.jedis,ClusterCommandsTest,clusterSetSlotMigrating,Feature Envy,"designitejava,experts",src/test/java/redis/clients/jedis/commands/jedis/ClusterCommandsTest.java,src/test/java/redis/clients/jedis/commands/jedis/ClusterCommandsTest.java.ClusterCommandsTest.clusterSetSlotMigrating.Feature Envy,4.0.0-RC1,5.3.0-beta1,5.3.0-beta1,19
jedis,4.0.0-RC1,redis.clients.jedis.commands.jedis,ClusterCommandsTest,clusterSetSlotNode,Feature Envy,"designitejava,experts",src/test/java/redis/clients/jedis/commands/jedis/ClusterCommandsTest.java,src/test/java/redis/clients/jedis/commands/jedis/ClusterCommandsTest.java.ClusterCommandsTest.clusterSetSlotNode.Feature Envy,4.0.0-RC1,5.3.0-beta1,5.3.0-beta1,19
jedis,5.1.0,redis.clients.jedis.commands.jedis,ClusterCommandsTest,clusterShards,Feature Envy,"designitejava,checkstyle,experts",src/test/java/redis/clients/jedis/commands/jedis/ClusterCommandsTest.java,src/test/java/redis/clients/jedis/commands/jedis/ClusterCommandsTest.java.ClusterCommandsTest.clusterShards.Feature Envy,5.1.0,5.3.0-beta1,5.3.0-beta1,5
jedis,5.1.0,redis.clients.jedis.commands.jedis,ClusterCommandsTest,clusterShards,Long Method,"Decor,experts",src/test/java/redis/clients/jedis/commands/jedis/ClusterCommandsTest.java,src/test/java/redis/clients/jedis/commands/jedis/ClusterCommandsTest.java.ClusterCommandsTest.clusterShards.Long Method,5.1.0,5.3.0-beta1,5.3.0-beta1,5
jedis,4.1.0,redis.clients.jedis.commands.jedis,ClusterCommandsTest,clusterSlots,Feature Envy,"designitejava,experts",src/test/java/redis/clients/jedis/commands/jedis/ClusterCommandsTest.java,src/test/java/redis/clients/jedis/commands/jedis/ClusterCommandsTest.java.ClusterCommandsTest.clusterSlots.Feature Envy,4.1.0,5.3.0-beta1,5.3.0-beta1,17
jedis,4.0.0-RC1,redis.clients.jedis.commands.jedis,ClusterCommandsTest,clusterSlots,Long Method,"Decor,experts",src/test/java/redis/clients/jedis/commands/jedis/ClusterCommandsTest.java,src/test/java/redis/clients/jedis/commands/jedis/ClusterCommandsTest.java.ClusterCommandsTest.clusterSlots.Long Method,4.0.0-RC1,4.0.0,4.1.0,2
jedis,4.0.0-RC1,redis.clients.jedis.commands.jedis,ClusterCommandsTest,setUp,Feature Envy,"checkstyle,experts",src/test/java/redis/clients/jedis/commands/jedis/ClusterCommandsTest.java,src/test/java/redis/clients/jedis/commands/jedis/ClusterCommandsTest.java.ClusterCommandsTest.setUp.Feature Envy,4.0.0-RC1,5.3.0-beta1,5.3.0-beta1,19
jedis,4.0.0-RC1,redis.clients.jedis.commands.jedis,ClusterCommandsTest,testClusterHardReset,Feature Envy,"designitejava,experts",src/test/java/redis/clients/jedis/commands/jedis/ClusterCommandsTest.java,src/test/java/redis/clients/jedis/commands/jedis/ClusterCommandsTest.java.ClusterCommandsTest.testClusterHardReset.Feature Envy,4.0.0-RC1,5.3.0-beta1,5.3.0-beta1,19
jedis,4.0.0-RC1,redis.clients.jedis.commands.jedis,ClusterCommandsTest,testClusterHardReset2,Feature Envy,"designitejava,experts",src/test/java/redis/clients/jedis/commands/jedis/ClusterCommandsTest.java,src/test/java/redis/clients/jedis/commands/jedis/ClusterCommandsTest.java.ClusterCommandsTest.testClusterHardReset2.Feature Envy,4.0.0-RC1,4.0.0,4.1.0,2
jedis,4.2.0-m1,redis.clients.jedis.commands.jedis,ClusterCommandsTest,testClusterKeySlot,Feature Envy,"checkstyle,experts",src/test/java/redis/clients/jedis/commands/jedis/ClusterCommandsTest.java,src/test/java/redis/clients/jedis/commands/jedis/ClusterCommandsTest.java.ClusterCommandsTest.testClusterKeySlot.Feature Envy,4.2.0-m1,5.3.0-beta1,5.3.0-beta1,16
jedis,4.0.0-RC1,redis.clients.jedis.commands.jedis,ClusterCommandsTest,testClusterSoftReset,Feature Envy,"designitejava,experts",src/test/java/redis/clients/jedis/commands/jedis/ClusterCommandsTest.java,src/test/java/redis/clients/jedis/commands/jedis/ClusterCommandsTest.java.ClusterCommandsTest.testClusterSoftReset.Feature Envy,4.0.0-RC1,5.3.0-beta1,5.3.0-beta1,19
jedis,4.0.0-RC1,redis.clients.jedis.commands.jedis,ClusterCommandsTest,testClusterSoftReset2,Feature Envy,"designitejava,experts",src/test/java/redis/clients/jedis/commands/jedis/ClusterCommandsTest.java,src/test/java/redis/clients/jedis/commands/jedis/ClusterCommandsTest.java.ClusterCommandsTest.testClusterSoftReset2.Feature Envy,4.0.0-RC1,4.0.0,4.1.0,2
jedis,4.0.0-RC1,redis.clients.jedis.commands.jedis,ClusterJedisCommandsTestBase,setUp,Feature Envy,"checkstyle,experts",src/test/java/redis/clients/jedis/commands/jedis/ClusterJedisCommandsTestBase.java,src/test/java/redis/clients/jedis/commands/jedis/ClusterJedisCommandsTestBase.java.ClusterJedisCommandsTestBase.setUp.Feature Envy,4.0.0-RC1,5.3.0-beta1,5.3.0-beta1,19
jedis,4.0.0-RC1,redis.clients.jedis.commands.jedis,ClusterJedisCommandsTestBase,setUp,Long Method,"Decor,experts",src/test/java/redis/clients/jedis/commands/jedis/ClusterJedisCommandsTestBase.java,src/test/java/redis/clients/jedis/commands/jedis/ClusterJedisCommandsTestBase.java.ClusterJedisCommandsTestBase.setUp.Long Method,4.0.0-RC1,5.3.0-beta1,5.3.0-beta1,19
jedis,5.0.0,redis.clients.jedis.commands.jedis,ClusterScriptingCommandsTest,,God Class,"pmd,experts",src/test/java/redis/clients/jedis/commands/jedis/ClusterScriptingCommandsTest.java,src/test/java/redis/clients/jedis/commands/jedis/ClusterScriptingCommandsTest.java.ClusterScriptingCommandsTest..God Class,5.0.0,5.3.0-beta1,5.3.0-beta1,6
jedis,4.4.0-m1,redis.clients.jedis.commands.jedis,ClusterScriptingCommandsTest,broadcast,Feature Envy,"checkstyle,experts",src/test/java/redis/clients/jedis/commands/jedis/ClusterScriptingCommandsTest.java,src/test/java/redis/clients/jedis/commands/jedis/ClusterScriptingCommandsTest.java.ClusterScriptingCommandsTest.broadcast.Feature Envy,4.4.0-m1,4.4.0-m1,4.4.0-rc1,1
jedis,4.4.0-m1,redis.clients.jedis.commands.jedis,ClusterScriptingCommandsTest,broadcast,Long Method,"Decor,experts",src/test/java/redis/clients/jedis/commands/jedis/ClusterScriptingCommandsTest.java,src/test/java/redis/clients/jedis/commands/jedis/ClusterScriptingCommandsTest.java.ClusterScriptingCommandsTest.broadcast.Long Method,4.4.0-m1,4.4.0-m1,4.4.0-rc1,1
jedis,5.0.0-beta1,redis.clients.jedis.commands.jedis,ClusterShardedPublishSubscribeCommandsTest,binarySubscribe,Feature Envy,"checkstyle,experts",src/test/java/redis/clients/jedis/commands/jedis/ClusterShardedPublishSubscribeCommandsTest.java,src/test/java/redis/clients/jedis/commands/jedis/ClusterShardedPublishSubscribeCommandsTest.java.ClusterShardedPublishSubscribeCommandsTest.binarySubscribe.Feature Envy,5.0.0-beta1,5.3.0-beta1,5.3.0-beta1,7
jedis,5.0.0-beta1,redis.clients.jedis.commands.jedis,ClusterShardedPublishSubscribeCommandsTest,binarySubscribeMany,Feature Envy,"checkstyle,experts",src/test/java/redis/clients/jedis/commands/jedis/ClusterShardedPublishSubscribeCommandsTest.java,src/test/java/redis/clients/jedis/commands/jedis/ClusterShardedPublishSubscribeCommandsTest.java.ClusterShardedPublishSubscribeCommandsTest.binarySubscribeMany.Feature Envy,5.0.0-beta1,5.3.0-beta1,5.3.0-beta1,7
jedis,4.4.0-rc1,redis.clients.jedis.commands.jedis,ClusterValuesCommandsTest,scanIteration,Feature Envy,"checkstyle,experts",src/test/java/redis/clients/jedis/commands/jedis/ClusterValuesCommandsTest.java,src/test/java/redis/clients/jedis/commands/jedis/ClusterValuesCommandsTest.java.ClusterValuesCommandsTest.scanIteration.Feature Envy,4.4.0-rc1,5.3.0-beta1,5.3.0-beta1,10
jedis,4.4.0-rc1,redis.clients.jedis.commands.jedis,ClusterValuesCommandsTest,scanIteration,Long Method,"Decor,experts",src/test/java/redis/clients/jedis/commands/jedis/ClusterValuesCommandsTest.java,src/test/java/redis/clients/jedis/commands/jedis/ClusterValuesCommandsTest.java.ClusterValuesCommandsTest.scanIteration.Long Method,4.4.0-rc1,5.3.0-beta1,5.3.0-beta1,10
jedis,4.0.0-RC1,redis.clients.jedis.commands.jedis,ControlCommandsTest$1,run,Feature Envy,"checkstyle,experts",src/test/java/redis/clients/jedis/commands/jedis/ControlCommandsTest.java,src/test/java/redis/clients/jedis/commands/jedis/ControlCommandsTest.java.ControlCommandsTest$1.run.Feature Envy,4.0.0-RC1,5.2.0-beta1,5.2.0,17
jedis,4.0.0-RC1,redis.clients.jedis.commands.jedis,ControlCommandsTest,,God Class,"pmd,experts",src/test/java/redis/clients/jedis/commands/jedis/ControlCommandsTest.java,src/test/java/redis/clients/jedis/commands/jedis/ControlCommandsTest.java.ControlCommandsTest..God Class,4.0.0-RC1,5.3.0-beta1,5.3.0-beta1,19
jedis,4.0.0-RC1,redis.clients.jedis.commands.jedis,ControlCommandsTest,clientPause,Long Method,"Decor,experts",src/test/java/redis/clients/jedis/commands/jedis/ControlCommandsTest.java,src/test/java/redis/clients/jedis/commands/jedis/ControlCommandsTest.java.ControlCommandsTest.clientPause.Long Method,4.0.0-RC1,5.3.0-beta1,5.3.0-beta1,19
jedis,5.0.0,redis.clients.jedis.commands.jedis,ControlCommandsTest,commandDocs,Feature Envy,"checkstyle,experts",src/test/java/redis/clients/jedis/commands/jedis/ControlCommandsTest.java,src/test/java/redis/clients/jedis/commands/jedis/ControlCommandsTest.java.ControlCommandsTest.commandDocs.Feature Envy,5.0.0,5.3.0-beta1,5.3.0-beta1,6
jedis,5.0.0,redis.clients.jedis.commands.jedis,ControlCommandsTest,commandInfo,Feature Envy,"checkstyle,experts",src/test/java/redis/clients/jedis/commands/jedis/ControlCommandsTest.java,src/test/java/redis/clients/jedis/commands/jedis/ControlCommandsTest.java.ControlCommandsTest.commandInfo.Feature Envy,5.0.0,5.3.0-beta1,5.3.0-beta1,6
jedis,5.3.0-beta1,redis.clients.jedis.commands.jedis,ControlCommandsTest,commandInfoAcl,Feature Envy,"checkstyle,experts",src/test/java/redis/clients/jedis/commands/jedis/ControlCommandsTest.java,src/test/java/redis/clients/jedis/commands/jedis/ControlCommandsTest.java.ControlCommandsTest.commandInfoAcl.Feature Envy,5.3.0-beta1,5.3.0-beta1,5.3.0-beta1,1
jedis,5.0.0,redis.clients.jedis.commands.jedis,ControlCommandsTest,commandList,Feature Envy,"checkstyle,experts",src/test/java/redis/clients/jedis/commands/jedis/ControlCommandsTest.java,src/test/java/redis/clients/jedis/commands/jedis/ControlCommandsTest.java.ControlCommandsTest.commandList.Feature Envy,5.0.0,5.3.0-beta1,5.3.0-beta1,6
jedis,5.3.0-beta1,redis.clients.jedis.commands.jedis,ControlCommandsTest,commandNoArgs,Feature Envy,"checkstyle,experts",src/test/java/redis/clients/jedis/commands/jedis/ControlCommandsTest.java,src/test/java/redis/clients/jedis/commands/jedis/ControlCommandsTest.java.ControlCommandsTest.commandNoArgs.Feature Envy,5.3.0-beta1,5.3.0-beta1,5.3.0-beta1,1
jedis,4.2.0-rc1,redis.clients.jedis.commands.jedis,ControlCommandsTest,configGetSetMulti,Feature Envy,"checkstyle,experts",src/test/java/redis/clients/jedis/commands/jedis/ControlCommandsTest.java,src/test/java/redis/clients/jedis/commands/jedis/ControlCommandsTest.java.ControlCommandsTest.configGetSetMulti.Feature Envy,4.2.0-rc1,5.3.0-beta1,5.3.0-beta1,15
jedis,4.0.0-RC1,redis.clients.jedis.commands.jedis,ControlCommandsTest,monitor,Feature Envy,"checkstyle,experts",src/test/java/redis/clients/jedis/commands/jedis/ControlCommandsTest.java,src/test/java/redis/clients/jedis/commands/jedis/ControlCommandsTest.java.ControlCommandsTest.monitor.Feature Envy,4.0.0-RC1,5.2.0-beta1,5.2.0,17
jedis,4.0.0-RC1,redis.clients.jedis.commands.jedis,ControlCommandsTest,roleSlave,Feature Envy,"checkstyle,experts",src/test/java/redis/clients/jedis/commands/jedis/ControlCommandsTest.java,src/test/java/redis/clients/jedis/commands/jedis/ControlCommandsTest.java.ControlCommandsTest.roleSlave.Feature Envy,4.0.0-RC1,5.2.0-beta1,5.2.0,17
jedis,4.0.0-RC1,redis.clients.jedis.commands.jedis,FailoverCommandsTest,,God Class,"pmd,experts",src/test/java/redis/clients/jedis/commands/jedis/FailoverCommandsTest.java,src/test/java/redis/clients/jedis/commands/jedis/FailoverCommandsTest.java.FailoverCommandsTest..God Class,4.0.0-RC1,4.2.0,4.3.0-m1,6
jedis,4.0.0-RC1,redis.clients.jedis.commands.jedis,FailoverCommandsTest,failoverForce,Feature Envy,"checkstyle,experts",src/test/java/redis/clients/jedis/commands/jedis/FailoverCommandsTest.java,src/test/java/redis/clients/jedis/commands/jedis/FailoverCommandsTest.java.FailoverCommandsTest.failoverForce.Feature Envy,4.0.0-RC1,4.2.0,4.3.0-m1,6
jedis,4.0.0-RC1,redis.clients.jedis.commands.jedis,FailoverCommandsTest,failoverForceWithoutTimeoutFailFast,Feature Envy,"checkstyle,experts",src/test/java/redis/clients/jedis/commands/jedis/FailoverCommandsTest.java,src/test/java/redis/clients/jedis/commands/jedis/FailoverCommandsTest.java.FailoverCommandsTest.failoverForceWithoutTimeoutFailFast.Feature Envy,4.0.0-RC1,5.3.0-beta1,5.3.0-beta1,19
jedis,4.0.0-RC1,redis.clients.jedis.commands.jedis,FailoverCommandsTest,failoverForceWithoutToFailFast,Feature Envy,"checkstyle,experts",src/test/java/redis/clients/jedis/commands/jedis/FailoverCommandsTest.java,src/test/java/redis/clients/jedis/commands/jedis/FailoverCommandsTest.java.FailoverCommandsTest.failoverForceWithoutToFailFast.Feature Envy,4.0.0-RC1,5.3.0-beta1,5.3.0-beta1,19
jedis,4.3.0-m1,redis.clients.jedis.commands.jedis,FailoverCommandsTest,failoverToWrongPortWithTimeout,Feature Envy,"checkstyle,experts",src/test/java/redis/clients/jedis/commands/jedis/FailoverCommandsTest.java,src/test/java/redis/clients/jedis/commands/jedis/FailoverCommandsTest.java.FailoverCommandsTest.failoverToWrongPortWithTimeout.Feature Envy,4.3.0-m1,5.3.0-beta1,5.3.0-beta1,13
jedis,5.2.0,redis.clients.jedis.commands.jedis,FailoverCommandsTest,prepare,Feature Envy,"checkstyle,experts",src/test/java/redis/clients/jedis/commands/jedis/FailoverCommandsTest.java,src/test/java/redis/clients/jedis/commands/jedis/FailoverCommandsTest.java.FailoverCommandsTest.prepare.Feature Envy,5.2.0,5.3.0-beta1,5.3.0-beta1,2
jedis,4.0.0-RC1,redis.clients.jedis.commands.jedis,GeoCommandsTest,,God Class,"pmd,experts",src/test/java/redis/clients/jedis/commands/jedis/GeoCommandsTest.java,src/test/java/redis/clients/jedis/commands/jedis/GeoCommandsTest.java.GeoCommandsTest..God Class,4.0.0-RC1,5.3.0-beta1,5.3.0-beta1,19
jedis,4.0.0-RC1,redis.clients.jedis.commands.jedis,GeoCommandsTest,geoaddWithParams,Feature Envy,"checkstyle,experts",src/test/java/redis/clients/jedis/commands/jedis/GeoCommandsTest.java,src/test/java/redis/clients/jedis/commands/jedis/GeoCommandsTest.java.GeoCommandsTest.geoaddWithParams.Feature Envy,4.0.0-RC1,5.3.0-beta1,5.3.0-beta1,19
jedis,4.0.0-RC1,redis.clients.jedis.commands.jedis,GeoCommandsTest,geopos,Feature Envy,"checkstyle,experts",src/test/java/redis/clients/jedis/commands/jedis/GeoCommandsTest.java,src/test/java/redis/clients/jedis/commands/jedis/GeoCommandsTest.java.GeoCommandsTest.geopos.Feature Envy,4.0.0-RC1,5.3.0-beta1,5.3.0-beta1,19
jedis,4.0.0-RC1,redis.clients.jedis.commands.jedis,GeoCommandsTest,georadius,Feature Envy,"checkstyle,experts",src/test/java/redis/clients/jedis/commands/jedis/GeoCommandsTest.java,src/test/java/redis/clients/jedis/commands/jedis/GeoCommandsTest.java.GeoCommandsTest.georadius.Feature Envy,4.0.0-RC1,5.3.0-beta1,5.3.0-beta1,19
jedis,4.0.0-RC1,redis.clients.jedis.commands.jedis,GeoCommandsTest,georadius,Long Method,"Decor,experts",src/test/java/redis/clients/jedis/commands/jedis/GeoCommandsTest.java,src/test/java/redis/clients/jedis/commands/jedis/GeoCommandsTest.java.GeoCommandsTest.georadius.Long Method,4.0.0-RC1,4.0.0,4.1.0,2
jedis,4.0.0-RC1,redis.clients.jedis.commands.jedis,GeoCommandsTest,georadiusBinary,Feature Envy,"checkstyle,experts",src/test/java/redis/clients/jedis/commands/jedis/GeoCommandsTest.java,src/test/java/redis/clients/jedis/commands/jedis/GeoCommandsTest.java.GeoCommandsTest.georadiusBinary.Feature Envy,4.0.0-RC1,5.3.0-beta1,5.3.0-beta1,19
jedis,4.0.0-RC1,redis.clients.jedis.commands.jedis,GeoCommandsTest,georadiusByMember,Feature Envy,"checkstyle,experts",src/test/java/redis/clients/jedis/commands/jedis/GeoCommandsTest.java,src/test/java/redis/clients/jedis/commands/jedis/GeoCommandsTest.java.GeoCommandsTest.georadiusByMember.Feature Envy,4.0.0-RC1,5.3.0-beta1,5.3.0-beta1,19
jedis,4.0.0-RC1,redis.clients.jedis.commands.jedis,GeoCommandsTest,georadiusByMemberBinary,Feature Envy,"checkstyle,experts",src/test/java/redis/clients/jedis/commands/jedis/GeoCommandsTest.java,src/test/java/redis/clients/jedis/commands/jedis/GeoCommandsTest.java.GeoCommandsTest.georadiusByMemberBinary.Feature Envy,4.0.0-RC1,5.3.0-beta1,5.3.0-beta1,19
jedis,4.0.0-RC1,redis.clients.jedis.commands.jedis,GeoCommandsTest,georadiusByMemberReadonly,Feature Envy,"checkstyle,experts",src/test/java/redis/clients/jedis/commands/jedis/GeoCommandsTest.java,src/test/java/redis/clients/jedis/commands/jedis/GeoCommandsTest.java.GeoCommandsTest.georadiusByMemberReadonly.Feature Envy,4.0.0-RC1,5.3.0-beta1,5.3.0-beta1,19
jedis,4.0.0-RC1,redis.clients.jedis.commands.jedis,GeoCommandsTest,georadiusByMemberReadonlyBinary,Feature Envy,"checkstyle,experts",src/test/java/redis/clients/jedis/commands/jedis/GeoCommandsTest.java,src/test/java/redis/clients/jedis/commands/jedis/GeoCommandsTest.java.GeoCommandsTest.georadiusByMemberReadonlyBinary.Feature Envy,4.0.0-RC1,5.3.0-beta1,5.3.0-beta1,19
jedis,4.0.0-RC1,redis.clients.jedis.commands.jedis,GeoCommandsTest,georadiusReadonly,Feature Envy,"checkstyle,experts",src/test/java/redis/clients/jedis/commands/jedis/GeoCommandsTest.java,src/test/java/redis/clients/jedis/commands/jedis/GeoCommandsTest.java.GeoCommandsTest.georadiusReadonly.Feature Envy,4.0.0-RC1,5.3.0-beta1,5.3.0-beta1,19
jedis,4.0.0-RC1,redis.clients.jedis.commands.jedis,GeoCommandsTest,georadiusReadonlyBinary,Feature Envy,"checkstyle,experts",src/test/java/redis/clients/jedis/commands/jedis/GeoCommandsTest.java,src/test/java/redis/clients/jedis/commands/jedis/GeoCommandsTest.java.GeoCommandsTest.georadiusReadonlyBinary.Feature Envy,4.0.0-RC1,5.3.0-beta1,5.3.0-beta1,19
jedis,4.1.0,redis.clients.jedis.commands.jedis,GeoCommandsTest,geosearch,Feature Envy,"checkstyle,experts",src/test/java/redis/clients/jedis/commands/jedis/GeoCommandsTest.java,src/test/java/redis/clients/jedis/commands/jedis/GeoCommandsTest.java.GeoCommandsTest.geosearch.Feature Envy,4.1.0,5.3.0-beta1,5.3.0-beta1,17
jedis,4.1.0,redis.clients.jedis.commands.jedis,GeoCommandsTest,geosearch,Long Method,"Decor,experts",src/test/java/redis/clients/jedis/commands/jedis/GeoCommandsTest.java,src/test/java/redis/clients/jedis/commands/jedis/GeoCommandsTest.java.GeoCommandsTest.geosearch.Long Method,4.1.0,5.3.0-beta1,5.3.0-beta1,17
jedis,4.1.0,redis.clients.jedis.commands.jedis,GeoCommandsTest,geosearchNegative,Feature Envy,"checkstyle,experts",src/test/java/redis/clients/jedis/commands/jedis/GeoCommandsTest.java,src/test/java/redis/clients/jedis/commands/jedis/GeoCommandsTest.java.GeoCommandsTest.geosearchNegative.Feature Envy,4.1.0,5.3.0-beta1,5.3.0-beta1,17
jedis,4.0.0-RC1,redis.clients.jedis.commands.jedis,HashesCommandsTest,,God Class,"pmd,experts",src/test/java/redis/clients/jedis/commands/jedis/HashesCommandsTest.java,src/test/java/redis/clients/jedis/commands/jedis/HashesCommandsTest.java.HashesCommandsTest..God Class,4.0.0-RC1,5.3.0-beta1,5.3.0-beta1,19
jedis,4.0.0-RC1,redis.clients.jedis.commands.jedis,HashesCommandsTest,hrandfield,Long Method,"Decor,experts",src/test/java/redis/clients/jedis/commands/jedis/HashesCommandsTest.java,src/test/java/redis/clients/jedis/commands/jedis/HashesCommandsTest.java.HashesCommandsTest.hrandfield.Long Method,4.0.0-RC1,5.3.0-beta1,5.3.0-beta1,19
jedis,4.0.0-RC1,redis.clients.jedis.commands.jedis,HashesCommandsTest,hscan,Feature Envy,"checkstyle,experts",src/test/java/redis/clients/jedis/commands/jedis/HashesCommandsTest.java,src/test/java/redis/clients/jedis/commands/jedis/HashesCommandsTest.java.HashesCommandsTest.hscan.Feature Envy,4.0.0-RC1,5.3.0-beta1,5.3.0-beta1,19
jedis,5.2.0-beta1,redis.clients.jedis.commands.jedis,HashesCommandsTest,hscanCount,Feature Envy,"checkstyle,experts",src/test/java/redis/clients/jedis/commands/jedis/HashesCommandsTest.java,src/test/java/redis/clients/jedis/commands/jedis/HashesCommandsTest.java.HashesCommandsTest.hscanCount.Feature Envy,5.2.0-beta1,5.3.0-beta1,5.3.0-beta1,3
jedis,4.0.0-RC1,redis.clients.jedis.commands.jedis,HashesCommandsTest,hscanMatch,Feature Envy,"checkstyle,experts",src/test/java/redis/clients/jedis/commands/jedis/HashesCommandsTest.java,src/test/java/redis/clients/jedis/commands/jedis/HashesCommandsTest.java.HashesCommandsTest.hscanMatch.Feature Envy,4.0.0-RC1,5.3.0-beta1,5.3.0-beta1,19
jedis,5.2.0-beta1,redis.clients.jedis.commands.jedis,HashesCommandsTest,hscanNoValues,Feature Envy,"checkstyle,experts",src/test/java/redis/clients/jedis/commands/jedis/HashesCommandsTest.java,src/test/java/redis/clients/jedis/commands/jedis/HashesCommandsTest.java.HashesCommandsTest.hscanNoValues.Feature Envy,5.2.0-beta1,5.3.0-beta1,5.3.0-beta1,3
jedis,5.2.0-beta1,redis.clients.jedis.commands.jedis,HashesCommandsTest,hscanNoValuesCount,Feature Envy,"checkstyle,experts",src/test/java/redis/clients/jedis/commands/jedis/HashesCommandsTest.java,src/test/java/redis/clients/jedis/commands/jedis/HashesCommandsTest.java.HashesCommandsTest.hscanNoValuesCount.Feature Envy,5.2.0-beta1,5.3.0-beta1,5.3.0-beta1,3
jedis,5.2.0-beta1,redis.clients.jedis.commands.jedis,HashesCommandsTest,hscanNoValuesMatch,Feature Envy,"checkstyle,experts",src/test/java/redis/clients/jedis/commands/jedis/HashesCommandsTest.java,src/test/java/redis/clients/jedis/commands/jedis/HashesCommandsTest.java.HashesCommandsTest.hscanNoValuesMatch.Feature Envy,5.2.0-beta1,5.3.0-beta1,5.3.0-beta1,3
jedis,4.0.0-RC1,redis.clients.jedis.commands.jedis,HyperLogLogCommandsTest,pfaddBinary,Feature Envy,"checkstyle,experts",src/test/java/redis/clients/jedis/commands/jedis/HyperLogLogCommandsTest.java,src/test/java/redis/clients/jedis/commands/jedis/HyperLogLogCommandsTest.java.HyperLogLogCommandsTest.pfaddBinary.Feature Envy,4.0.0-RC1,5.3.0-beta1,5.3.0-beta1,19
jedis,4.0.0-RC1,redis.clients.jedis.commands.jedis,HyperLogLogCommandsTest,pfcountBinary,Feature Envy,"checkstyle,experts",src/test/java/redis/clients/jedis/commands/jedis/HyperLogLogCommandsTest.java,src/test/java/redis/clients/jedis/commands/jedis/HyperLogLogCommandsTest.java.HyperLogLogCommandsTest.pfcountBinary.Feature Envy,4.0.0-RC1,5.3.0-beta1,5.3.0-beta1,19
jedis,4.0.0-RC1,redis.clients.jedis.commands.jedis,HyperLogLogCommandsTest,pfmergeBinary,Feature Envy,"checkstyle,experts",src/test/java/redis/clients/jedis/commands/jedis/HyperLogLogCommandsTest.java,src/test/java/redis/clients/jedis/commands/jedis/HyperLogLogCommandsTest.java.HyperLogLogCommandsTest.pfmergeBinary.Feature Envy,4.0.0-RC1,5.3.0-beta1,5.3.0-beta1,19
jedis,4.0.0-RC1,redis.clients.jedis.commands.jedis,HyperLogLogCommandsTest,pfmergeBinary,Long Method,"Decor,experts",src/test/java/redis/clients/jedis/commands/jedis/HyperLogLogCommandsTest.java,src/test/java/redis/clients/jedis/commands/jedis/HyperLogLogCommandsTest.java.HyperLogLogCommandsTest.pfmergeBinary.Long Method,4.0.0-RC1,5.3.0-beta1,5.3.0-beta1,19
jedis,4.0.0-RC1,redis.clients.jedis.commands.jedis,ListCommandsTest,,God Class,"pmd,experts",src/test/java/redis/clients/jedis/commands/jedis/ListCommandsTest.java,src/test/java/redis/clients/jedis/commands/jedis/ListCommandsTest.java.ListCommandsTest..God Class,4.0.0-RC1,5.3.0-beta1,5.3.0-beta1,19
jedis,4.0.0-RC1,redis.clients.jedis.commands.jedis,ListCommandsTest,blpopDouble,Feature Envy,"checkstyle,experts",src/test/java/redis/clients/jedis/commands/jedis/ListCommandsTest.java,src/test/java/redis/clients/jedis/commands/jedis/ListCommandsTest.java.ListCommandsTest.blpopDouble.Feature Envy,4.0.0-RC1,5.0.0-beta1,5.0.0,13
jedis,4.0.0-RC1,redis.clients.jedis.commands.jedis,ListCommandsTest,brpopDouble,Feature Envy,"checkstyle,experts",src/test/java/redis/clients/jedis/commands/jedis/ListCommandsTest.java,src/test/java/redis/clients/jedis/commands/jedis/ListCommandsTest.java.ListCommandsTest.brpopDouble.Feature Envy,4.0.0-RC1,5.0.0-beta1,5.0.0,13
jedis,4.0.0-RC1,redis.clients.jedis.commands.jedis,ListCommandsTest,lpos,Feature Envy,"checkstyle,experts",src/test/java/redis/clients/jedis/commands/jedis/ListCommandsTest.java,src/test/java/redis/clients/jedis/commands/jedis/ListCommandsTest.java.ListCommandsTest.lpos.Feature Envy,4.0.0-RC1,5.3.0-beta1,5.3.0-beta1,19
jedis,4.0.0-RC1,redis.clients.jedis.commands.jedis,ListCommandsTest,lrange,Feature Envy,"checkstyle,experts",src/test/java/redis/clients/jedis/commands/jedis/ListCommandsTest.java,src/test/java/redis/clients/jedis/commands/jedis/ListCommandsTest.java.ListCommandsTest.lrange.Feature Envy,4.0.0-RC1,5.3.0-beta1,5.3.0-beta1,19
jedis,4.0.0-RC1,redis.clients.jedis.commands.jedis,MigrateTest,,God Class,"pmd,experts",src/test/java/redis/clients/jedis/commands/jedis/MigrateTest.java,src/test/java/redis/clients/jedis/commands/jedis/MigrateTest.java.MigrateTest..God Class,4.0.0-RC1,5.3.0-beta1,5.3.0-beta1,19
jedis,4.0.0-RC1,redis.clients.jedis.commands.jedis,MigrateTest,migrateAuth2,Feature Envy,"checkstyle,experts",src/test/java/redis/clients/jedis/commands/jedis/MigrateTest.java,src/test/java/redis/clients/jedis/commands/jedis/MigrateTest.java.MigrateTest.migrateAuth2.Feature Envy,4.0.0-RC1,5.2.0-beta1,5.2.0,17
jedis,4.0.0-RC1,redis.clients.jedis.commands.jedis,MigrateTest,migrateConflict,Feature Envy,"checkstyle,experts",src/test/java/redis/clients/jedis/commands/jedis/MigrateTest.java,src/test/java/redis/clients/jedis/commands/jedis/MigrateTest.java.MigrateTest.migrateConflict.Feature Envy,4.0.0-RC1,5.2.0-beta1,5.2.0,17
jedis,4.0.0-RC1,redis.clients.jedis.commands.jedis,MigrateTest,migrateConflict,Long Method,"Decor,experts",src/test/java/redis/clients/jedis/commands/jedis/MigrateTest.java,src/test/java/redis/clients/jedis/commands/jedis/MigrateTest.java.MigrateTest.migrateConflict.Long Method,4.0.0-RC1,5.3.0-beta1,5.3.0-beta1,19
jedis,4.0.0-RC1,redis.clients.jedis.commands.jedis,MigrateTest,migrateCopyReplace,Feature Envy,"checkstyle,experts",src/test/java/redis/clients/jedis/commands/jedis/MigrateTest.java,src/test/java/redis/clients/jedis/commands/jedis/MigrateTest.java.MigrateTest.migrateCopyReplace.Feature Envy,4.0.0-RC1,5.3.0-beta1,5.3.0-beta1,19
jedis,4.0.0-RC1,redis.clients.jedis.commands.jedis,MigrateTest,migrateCopyReplaceAuth,Feature Envy,"checkstyle,experts",src/test/java/redis/clients/jedis/commands/jedis/MigrateTest.java,src/test/java/redis/clients/jedis/commands/jedis/MigrateTest.java.MigrateTest.migrateCopyReplaceAuth.Feature Envy,4.0.0-RC1,5.3.0-beta1,5.3.0-beta1,19
jedis,4.0.0-RC1,redis.clients.jedis.commands.jedis,MigrateTest,migrateMulti,Feature Envy,"checkstyle,experts",src/test/java/redis/clients/jedis/commands/jedis/MigrateTest.java,src/test/java/redis/clients/jedis/commands/jedis/MigrateTest.java.MigrateTest.migrateMulti.Feature Envy,4.0.0-RC1,5.2.0-beta1,5.2.0,17
jedis,4.0.0-RC1,redis.clients.jedis.commands.jedis,MigrateTest,migrateReplace,Feature Envy,"checkstyle,experts",src/test/java/redis/clients/jedis/commands/jedis/MigrateTest.java,src/test/java/redis/clients/jedis/commands/jedis/MigrateTest.java.MigrateTest.migrateReplace.Feature Envy,4.0.0-RC1,5.2.0-beta1,5.2.0,17
jedis,4.0.0-RC1,redis.clients.jedis.commands.jedis,MigrateTest,setUp,Feature Envy,"checkstyle,experts",src/test/java/redis/clients/jedis/commands/jedis/MigrateTest.java,src/test/java/redis/clients/jedis/commands/jedis/MigrateTest.java.MigrateTest.setUp.Feature Envy,4.0.0-RC1,5.2.0-beta1,5.2.0,17
jedis,4.0.0-RC1,redis.clients.jedis.commands.jedis,PublishSubscribeCommandsTest$15,onPMessage,Feature Envy,"checkstyle,experts",src/test/java/redis/clients/jedis/commands/jedis/PublishSubscribeCommandsTest.java,src/test/java/redis/clients/jedis/commands/jedis/PublishSubscribeCommandsTest.java.PublishSubscribeCommandsTest$15.onPMessage.Feature Envy,4.0.0-RC1,5.3.0-beta1,5.3.0-beta1,19
jedis,4.0.0-RC1,redis.clients.jedis.commands.jedis,PublishSubscribeCommandsTest$19,onSubscribe,Feature Envy,"checkstyle,experts",src/test/java/redis/clients/jedis/commands/jedis/PublishSubscribeCommandsTest.java,src/test/java/redis/clients/jedis/commands/jedis/PublishSubscribeCommandsTest.java.PublishSubscribeCommandsTest$19.onSubscribe.Feature Envy,4.0.0-RC1,5.3.0-beta1,5.3.0-beta1,19
jedis,4.0.0-RC1,redis.clients.jedis.commands.jedis,PublishSubscribeCommandsTest,,God Class,"pmd,experts",src/test/java/redis/clients/jedis/commands/jedis/PublishSubscribeCommandsTest.java,src/test/java/redis/clients/jedis/commands/jedis/PublishSubscribeCommandsTest.java.PublishSubscribeCommandsTest..God Class,4.0.0-RC1,5.3.0-beta1,5.3.0-beta1,19
jedis,4.0.0-RC1,redis.clients.jedis.commands.jedis,PublishSubscribeCommandsTest,binaryPsubscribe,Feature Envy,"checkstyle,experts",src/test/java/redis/clients/jedis/commands/jedis/PublishSubscribeCommandsTest.java,src/test/java/redis/clients/jedis/commands/jedis/PublishSubscribeCommandsTest.java.PublishSubscribeCommandsTest.binaryPsubscribe.Feature Envy,4.0.0-RC1,5.3.0-beta1,5.3.0-beta1,19
jedis,4.0.0-RC1,redis.clients.jedis.commands.jedis,PublishSubscribeCommandsTest,binaryPsubscribeMany,Feature Envy,"checkstyle,experts",src/test/java/redis/clients/jedis/commands/jedis/PublishSubscribeCommandsTest.java,src/test/java/redis/clients/jedis/commands/jedis/PublishSubscribeCommandsTest.java.PublishSubscribeCommandsTest.binaryPsubscribeMany.Feature Envy,4.0.0-RC1,5.3.0-beta1,5.3.0-beta1,19
jedis,4.0.0-RC1,redis.clients.jedis.commands.jedis,PublishSubscribeCommandsTest,binarySubscribe,Feature Envy,"checkstyle,experts",src/test/java/redis/clients/jedis/commands/jedis/PublishSubscribeCommandsTest.java,src/test/java/redis/clients/jedis/commands/jedis/PublishSubscribeCommandsTest.java.PublishSubscribeCommandsTest.binarySubscribe.Feature Envy,4.0.0-RC1,5.3.0-beta1,5.3.0-beta1,19
jedis,4.0.0-RC1,redis.clients.jedis.commands.jedis,PublishSubscribeCommandsTest,binarySubscribeLazily,Feature Envy,"checkstyle,experts",src/test/java/redis/clients/jedis/commands/jedis/PublishSubscribeCommandsTest.java,src/test/java/redis/clients/jedis/commands/jedis/PublishSubscribeCommandsTest.java.PublishSubscribeCommandsTest.binarySubscribeLazily.Feature Envy,4.0.0-RC1,5.3.0-beta1,5.3.0-beta1,19
jedis,4.0.0-RC1,redis.clients.jedis.commands.jedis,PublishSubscribeCommandsTest,binarySubscribeMany,Feature Envy,"checkstyle,experts",src/test/java/redis/clients/jedis/commands/jedis/PublishSubscribeCommandsTest.java,src/test/java/redis/clients/jedis/commands/jedis/PublishSubscribeCommandsTest.java.PublishSubscribeCommandsTest.binarySubscribeMany.Feature Envy,4.0.0-RC1,5.3.0-beta1,5.3.0-beta1,19
jedis,4.0.0-RC1,redis.clients.jedis.commands.jedis,PublishSubscribeCommandsTest,handleClientOutputBufferLimitForSubscribeTooSlow,Long Method,"Decor,experts",src/test/java/redis/clients/jedis/commands/jedis/PublishSubscribeCommandsTest.java,src/test/java/redis/clients/jedis/commands/jedis/PublishSubscribeCommandsTest.java.PublishSubscribeCommandsTest.handleClientOutputBufferLimitForSubscribeTooSlow.Long Method,4.0.0-RC1,5.3.0-beta1,5.3.0-beta1,19
jedis,4.0.0-RC1,redis.clients.jedis.commands.jedis,PublishSubscribeCommandsTest,subscribeLazily,Feature Envy,"checkstyle,experts",src/test/java/redis/clients/jedis/commands/jedis/PublishSubscribeCommandsTest.java,src/test/java/redis/clients/jedis/commands/jedis/PublishSubscribeCommandsTest.java.PublishSubscribeCommandsTest.subscribeLazily.Feature Envy,4.0.0-RC1,5.3.0-beta1,5.3.0-beta1,19
jedis,4.0.0-RC1,redis.clients.jedis.commands.jedis,ScriptingCommandsTest,,God Class,"pmd,experts",src/test/java/redis/clients/jedis/commands/jedis/ScriptingCommandsTest.java,src/test/java/redis/clients/jedis/commands/jedis/ScriptingCommandsTest.java.ScriptingCommandsTest..God Class,4.0.0-RC1,5.3.0-beta1,5.3.0-beta1,19
jedis,4.0.0-RC1,redis.clients.jedis.commands.jedis,ScriptingCommandsTest,evalMultiBulk,Long Method,"Decor,experts",src/test/java/redis/clients/jedis/commands/jedis/ScriptingCommandsTest.java,src/test/java/redis/clients/jedis/commands/jedis/ScriptingCommandsTest.java.ScriptingCommandsTest.evalMultiBulk.Long Method,4.0.0-RC1,4.1.0,4.2.0-m1,3
jedis,4.0.0-RC1,redis.clients.jedis.commands.jedis,ScriptingCommandsTest,evalshaBinary,Feature Envy,"checkstyle,experts",src/test/java/redis/clients/jedis/commands/jedis/ScriptingCommandsTest.java,src/test/java/redis/clients/jedis/commands/jedis/ScriptingCommandsTest.java.ScriptingCommandsTest.evalshaBinary.Feature Envy,4.0.0-RC1,5.3.0-beta1,5.3.0-beta1,19
jedis,4.2.0-m1,redis.clients.jedis.commands.jedis,ScriptingCommandsTest,evalshaReadonlyBinary,Feature Envy,"checkstyle,experts",src/test/java/redis/clients/jedis/commands/jedis/ScriptingCommandsTest.java,src/test/java/redis/clients/jedis/commands/jedis/ScriptingCommandsTest.java.ScriptingCommandsTest.evalshaReadonlyBinary.Feature Envy,4.2.0-m1,5.3.0-beta1,5.3.0-beta1,16
jedis,4.2.0-m1,redis.clients.jedis.commands.jedis,ScriptingCommandsTest,functionList,Feature Envy,"checkstyle,experts",src/test/java/redis/clients/jedis/commands/jedis/ScriptingCommandsTest.java,src/test/java/redis/clients/jedis/commands/jedis/ScriptingCommandsTest.java.ScriptingCommandsTest.functionList.Feature Envy,4.2.0-m1,5.3.0-beta1,5.3.0-beta1,16
jedis,4.2.0-m1,redis.clients.jedis.commands.jedis,ScriptingCommandsTest,functionList,Long Method,"Decor,experts",src/test/java/redis/clients/jedis/commands/jedis/ScriptingCommandsTest.java,src/test/java/redis/clients/jedis/commands/jedis/ScriptingCommandsTest.java.ScriptingCommandsTest.functionList.Long Method,4.2.0-m1,5.0.0-beta1,5.0.0,10
jedis,4.2.0-m1,redis.clients.jedis.commands.jedis,ScriptingCommandsTest,functionLoadAndDelete,Feature Envy,"checkstyle,experts",src/test/java/redis/clients/jedis/commands/jedis/ScriptingCommandsTest.java,src/test/java/redis/clients/jedis/commands/jedis/ScriptingCommandsTest.java.ScriptingCommandsTest.functionLoadAndDelete.Feature Envy,4.2.0-m1,4.2.0,4.3.0-m1,3
jedis,4.0.0-RC1,redis.clients.jedis.commands.jedis,ScriptingCommandsTest,scriptExistsBinary,Feature Envy,"checkstyle,experts",src/test/java/redis/clients/jedis/commands/jedis/ScriptingCommandsTest.java,src/test/java/redis/clients/jedis/commands/jedis/ScriptingCommandsTest.java.ScriptingCommandsTest.scriptExistsBinary.Feature Envy,4.0.0-RC1,5.3.0-beta1,5.3.0-beta1,19
jedis,4.0.0-RC1,redis.clients.jedis.commands.jedis,SetCommandsTest,,God Class,"pmd,experts",src/test/java/redis/clients/jedis/commands/jedis/SetCommandsTest.java,src/test/java/redis/clients/jedis/commands/jedis/SetCommandsTest.java.SetCommandsTest..God Class,4.0.0-RC1,5.3.0-beta1,5.3.0-beta1,19
jedis,4.0.0-RC1,redis.clients.jedis.commands.jedis,SetCommandsTest,spopWithCount,Feature Envy,"checkstyle,experts",src/test/java/redis/clients/jedis/commands/jedis/SetCommandsTest.java,src/test/java/redis/clients/jedis/commands/jedis/SetCommandsTest.java.SetCommandsTest.spopWithCount.Feature Envy,4.0.0-RC1,5.3.0-beta1,5.3.0-beta1,19
jedis,4.0.0-RC1,redis.clients.jedis.commands.jedis,SetCommandsTest,spopWithCount,Long Method,"Decor,experts",src/test/java/redis/clients/jedis/commands/jedis/SetCommandsTest.java,src/test/java/redis/clients/jedis/commands/jedis/SetCommandsTest.java.SetCommandsTest.spopWithCount.Long Method,4.0.0-RC1,5.3.0-beta1,5.3.0-beta1,19
jedis,4.0.0-RC1,redis.clients.jedis.commands.jedis,SetCommandsTest,sscan,Feature Envy,"checkstyle,experts",src/test/java/redis/clients/jedis/commands/jedis/SetCommandsTest.java,src/test/java/redis/clients/jedis/commands/jedis/SetCommandsTest.java.SetCommandsTest.sscan.Feature Envy,4.0.0-RC1,5.3.0-beta1,5.3.0-beta1,19
jedis,4.0.0-RC1,redis.clients.jedis.commands.jedis,SetCommandsTest,sscanMatch,Feature Envy,"checkstyle,experts",src/test/java/redis/clients/jedis/commands/jedis/SetCommandsTest.java,src/test/java/redis/clients/jedis/commands/jedis/SetCommandsTest.java.SetCommandsTest.sscanMatch.Feature Envy,4.0.0-RC1,5.3.0-beta1,5.3.0-beta1,19
jedis,4.0.0-RC1,redis.clients.jedis.commands.jedis,SlowlogCommandsTest,slowlog,Feature Envy,"checkstyle,experts",src/test/java/redis/clients/jedis/commands/jedis/SlowlogCommandsTest.java,src/test/java/redis/clients/jedis/commands/jedis/SlowlogCommandsTest.java.SlowlogCommandsTest.slowlog.Feature Envy,4.0.0-RC1,5.3.0-beta1,5.3.0-beta1,19
jedis,4.1.0,redis.clients.jedis.commands.jedis,SlowlogCommandsTest,slowlog,Long Method,"Decor,experts",src/test/java/redis/clients/jedis/commands/jedis/SlowlogCommandsTest.java,src/test/java/redis/clients/jedis/commands/jedis/SlowlogCommandsTest.java.SlowlogCommandsTest.slowlog.Long Method,4.1.0,5.3.0-beta1,5.3.0-beta1,17
jedis,4.0.0-RC1,redis.clients.jedis.commands.jedis,SlowlogCommandsTest,slowlogBinaryDetails,Feature Envy,"checkstyle,experts",src/test/java/redis/clients/jedis/commands/jedis/SlowlogCommandsTest.java,src/test/java/redis/clients/jedis/commands/jedis/SlowlogCommandsTest.java.SlowlogCommandsTest.slowlogBinaryDetails.Feature Envy,4.0.0-RC1,5.0.0-beta1,5.0.0,13
jedis,4.0.0-RC1,redis.clients.jedis.commands.jedis,SlowlogCommandsTest,slowlogBinaryDetails,Long Method,"Decor,experts",src/test/java/redis/clients/jedis/commands/jedis/SlowlogCommandsTest.java,src/test/java/redis/clients/jedis/commands/jedis/SlowlogCommandsTest.java.SlowlogCommandsTest.slowlogBinaryDetails.Long Method,4.0.0-RC1,4.0.0,4.1.0,2
jedis,5.0.0,redis.clients.jedis.commands.jedis,SlowlogCommandsTest,slowlogBinaryObjectDetails,Feature Envy,"checkstyle,experts",src/test/java/redis/clients/jedis/commands/jedis/SlowlogCommandsTest.java,src/test/java/redis/clients/jedis/commands/jedis/SlowlogCommandsTest.java.SlowlogCommandsTest.slowlogBinaryObjectDetails.Feature Envy,5.0.0,5.3.0-beta1,5.3.0-beta1,6
jedis,4.0.0-RC1,redis.clients.jedis.commands.jedis,SlowlogCommandsTest,slowlogObjectDetails,Feature Envy,"checkstyle,experts",src/test/java/redis/clients/jedis/commands/jedis/SlowlogCommandsTest.java,src/test/java/redis/clients/jedis/commands/jedis/SlowlogCommandsTest.java.SlowlogCommandsTest.slowlogObjectDetails.Feature Envy,4.0.0-RC1,5.3.0-beta1,5.3.0-beta1,19
jedis,4.0.0-RC1,redis.clients.jedis.commands.jedis,SortedSetCommandsTest,,God Class,"pmd,experts",src/test/java/redis/clients/jedis/commands/jedis/SortedSetCommandsTest.java,src/test/java/redis/clients/jedis/commands/jedis/SortedSetCommandsTest.java.SortedSetCommandsTest..God Class,4.0.0-RC1,5.3.0-beta1,5.3.0-beta1,19
jedis,4.0.0-RC1,redis.clients.jedis.commands.jedis,SortedSetCommandsTest,bzpopmax,Feature Envy,"checkstyle,experts",src/test/java/redis/clients/jedis/commands/jedis/SortedSetCommandsTest.java,src/test/java/redis/clients/jedis/commands/jedis/SortedSetCommandsTest.java.SortedSetCommandsTest.bzpopmax.Feature Envy,4.0.0-RC1,4.0.0,4.1.0,2
jedis,4.0.0-RC1,redis.clients.jedis.commands.jedis,SortedSetCommandsTest,bzpopmin,Feature Envy,"checkstyle,experts",src/test/java/redis/clients/jedis/commands/jedis/SortedSetCommandsTest.java,src/test/java/redis/clients/jedis/commands/jedis/SortedSetCommandsTest.java.SortedSetCommandsTest.bzpopmin.Feature Envy,4.0.0-RC1,4.0.0,4.1.0,2
jedis,4.0.0-RC1,redis.clients.jedis.commands.jedis,SortedSetCommandsTest,infinity,Feature Envy,"checkstyle,experts",src/test/java/redis/clients/jedis/commands/jedis/SortedSetCommandsTest.java,src/test/java/redis/clients/jedis/commands/jedis/SortedSetCommandsTest.java.SortedSetCommandsTest.infinity.Feature Envy,4.0.0-RC1,5.3.0-beta1,5.3.0-beta1,19
jedis,4.0.0-RC1,redis.clients.jedis.commands.jedis,SortedSetCommandsTest,zaddWithParams,Feature Envy,"checkstyle,experts",src/test/java/redis/clients/jedis/commands/jedis/SortedSetCommandsTest.java,src/test/java/redis/clients/jedis/commands/jedis/SortedSetCommandsTest.java.SortedSetCommandsTest.zaddWithParams.Feature Envy,4.0.0-RC1,4.0.0,4.1.0,2
jedis,4.0.0-RC1,redis.clients.jedis.commands.jedis,SortedSetCommandsTest,zincrbyWithParams,Feature Envy,"checkstyle,experts",src/test/java/redis/clients/jedis/commands/jedis/SortedSetCommandsTest.java,src/test/java/redis/clients/jedis/commands/jedis/SortedSetCommandsTest.java.SortedSetCommandsTest.zincrbyWithParams.Feature Envy,4.0.0-RC1,4.0.0,4.1.0,2
jedis,4.0.0-RC1,redis.clients.jedis.commands.jedis,SortedSetCommandsTest,zinter,Feature Envy,"checkstyle,experts",src/test/java/redis/clients/jedis/commands/jedis/SortedSetCommandsTest.java,src/test/java/redis/clients/jedis/commands/jedis/SortedSetCommandsTest.java.SortedSetCommandsTest.zinter.Feature Envy,4.0.0-RC1,4.0.0,4.1.0,2
jedis,4.0.0-RC1,redis.clients.jedis.commands.jedis,SortedSetCommandsTest,zintertoreParams,Feature Envy,"checkstyle,experts",src/test/java/redis/clients/jedis/commands/jedis/SortedSetCommandsTest.java,src/test/java/redis/clients/jedis/commands/jedis/SortedSetCommandsTest.java.SortedSetCommandsTest.zintertoreParams.Feature Envy,4.0.0-RC1,4.0.0,4.1.0,2
jedis,4.0.0-RC1,redis.clients.jedis.commands.jedis,SortedSetCommandsTest,zpopmin,Feature Envy,"checkstyle,experts",src/test/java/redis/clients/jedis/commands/jedis/SortedSetCommandsTest.java,src/test/java/redis/clients/jedis/commands/jedis/SortedSetCommandsTest.java.SortedSetCommandsTest.zpopmin.Feature Envy,4.0.0-RC1,4.0.0,4.1.0,2
jedis,4.0.0-RC1,redis.clients.jedis.commands.jedis,SortedSetCommandsTest,zrandmember,Feature Envy,"checkstyle,experts",src/test/java/redis/clients/jedis/commands/jedis/SortedSetCommandsTest.java,src/test/java/redis/clients/jedis/commands/jedis/SortedSetCommandsTest.java.SortedSetCommandsTest.zrandmember.Feature Envy,4.0.0-RC1,5.3.0-beta1,5.3.0-beta1,19
jedis,4.0.0-RC1,redis.clients.jedis.commands.jedis,SortedSetCommandsTest,zrangebyscore,Feature Envy,"checkstyle,experts",src/test/java/redis/clients/jedis/commands/jedis/SortedSetCommandsTest.java,src/test/java/redis/clients/jedis/commands/jedis/SortedSetCommandsTest.java.SortedSetCommandsTest.zrangebyscore.Feature Envy,4.0.0-RC1,5.3.0-beta1,5.3.0-beta1,19
jedis,4.0.0-RC1,redis.clients.jedis.commands.jedis,SortedSetCommandsTest,zrevrangebyscore,Feature Envy,"checkstyle,experts",src/test/java/redis/clients/jedis/commands/jedis/SortedSetCommandsTest.java,src/test/java/redis/clients/jedis/commands/jedis/SortedSetCommandsTest.java.SortedSetCommandsTest.zrevrangebyscore.Feature Envy,4.0.0-RC1,5.3.0-beta1,5.3.0-beta1,19
jedis,4.0.0-RC1,redis.clients.jedis.commands.jedis,SortedSetCommandsTest,zscan,Feature Envy,"checkstyle,experts",src/test/java/redis/clients/jedis/commands/jedis/SortedSetCommandsTest.java,src/test/java/redis/clients/jedis/commands/jedis/SortedSetCommandsTest.java.SortedSetCommandsTest.zscan.Feature Envy,4.0.0-RC1,5.3.0-beta1,5.3.0-beta1,19
jedis,4.0.0-RC1,redis.clients.jedis.commands.jedis,SortedSetCommandsTest,zscanMatch,Feature Envy,"checkstyle,experts",src/test/java/redis/clients/jedis/commands/jedis/SortedSetCommandsTest.java,src/test/java/redis/clients/jedis/commands/jedis/SortedSetCommandsTest.java.SortedSetCommandsTest.zscanMatch.Feature Envy,4.0.0-RC1,5.3.0-beta1,5.3.0-beta1,19
jedis,4.0.0-RC1,redis.clients.jedis.commands.jedis,SortedSetCommandsTest,zunion,Feature Envy,"checkstyle,experts",src/test/java/redis/clients/jedis/commands/jedis/SortedSetCommandsTest.java,src/test/java/redis/clients/jedis/commands/jedis/SortedSetCommandsTest.java.SortedSetCommandsTest.zunion.Feature Envy,4.0.0-RC1,4.0.0,4.1.0,2
jedis,4.0.0-RC1,redis.clients.jedis.commands.jedis,SortedSetCommandsTest,zunionstoreParams,Feature Envy,"checkstyle,experts",src/test/java/redis/clients/jedis/commands/jedis/SortedSetCommandsTest.java,src/test/java/redis/clients/jedis/commands/jedis/SortedSetCommandsTest.java.SortedSetCommandsTest.zunionstoreParams.Feature Envy,4.0.0-RC1,4.0.0,4.1.0,2
jedis,4.3.0-m1,redis.clients.jedis.commands.jedis,SortingCommandsTest,sortGet,Long Method,"Decor,experts",src/test/java/redis/clients/jedis/commands/jedis/SortingCommandsTest.java,src/test/java/redis/clients/jedis/commands/jedis/SortingCommandsTest.java.SortingCommandsTest.sortGet.Long Method,4.3.0-m1,5.3.0-beta1,5.3.0-beta1,13
jedis,4.0.0-RC1,redis.clients.jedis.commands.jedis,StreamsCommandsTest,,God Class,"pmd,experts",src/test/java/redis/clients/jedis/commands/jedis/StreamsCommandsTest.java,src/test/java/redis/clients/jedis/commands/jedis/StreamsCommandsTest.java.StreamsCommandsTest..God Class,4.0.0-RC1,5.3.0-beta1,5.3.0-beta1,19
jedis,4.0.0-RC1,redis.clients.jedis.commands.jedis,StreamsCommandsTest,pipeline,Feature Envy,"checkstyle,experts",src/test/java/redis/clients/jedis/commands/jedis/StreamsCommandsTest.java,src/test/java/redis/clients/jedis/commands/jedis/StreamsCommandsTest.java.StreamsCommandsTest.pipeline.Feature Envy,4.0.0-RC1,5.3.0-beta1,5.3.0-beta1,19
jedis,4.0.0-RC1,redis.clients.jedis.commands.jedis,StreamsCommandsTest,transaction,Feature Envy,"checkstyle,experts",src/test/java/redis/clients/jedis/commands/jedis/StreamsCommandsTest.java,src/test/java/redis/clients/jedis/commands/jedis/StreamsCommandsTest.java.StreamsCommandsTest.transaction.Feature Envy,4.0.0-RC1,5.3.0-beta1,5.3.0-beta1,19
jedis,4.0.0-RC1,redis.clients.jedis.commands.jedis,StreamsCommandsTest,xadd,Feature Envy,"checkstyle,experts",src/test/java/redis/clients/jedis/commands/jedis/StreamsCommandsTest.java,src/test/java/redis/clients/jedis/commands/jedis/StreamsCommandsTest.java.StreamsCommandsTest.xadd.Feature Envy,4.0.0-RC1,5.3.0-beta1,5.3.0-beta1,19
jedis,4.2.0-rc1,redis.clients.jedis.commands.jedis,StreamsCommandsTest,xaddParamsId,Feature Envy,"checkstyle,experts",src/test/java/redis/clients/jedis/commands/jedis/StreamsCommandsTest.java,src/test/java/redis/clients/jedis/commands/jedis/StreamsCommandsTest.java.StreamsCommandsTest.xaddParamsId.Feature Envy,4.2.0-rc1,5.3.0-beta1,5.3.0-beta1,15
jedis,4.0.0-RC1,redis.clients.jedis.commands.jedis,StreamsCommandsTest,xaddWithParams,Feature Envy,"checkstyle,experts",src/test/java/redis/clients/jedis/commands/jedis/StreamsCommandsTest.java,src/test/java/redis/clients/jedis/commands/jedis/StreamsCommandsTest.java.StreamsCommandsTest.xaddWithParams.Feature Envy,4.0.0-RC1,5.3.0-beta1,5.3.0-beta1,19
jedis,4.0.0-RC1,redis.clients.jedis.commands.jedis,StreamsCommandsTest,xautoclaimBinary,Feature Envy,"checkstyle,experts",src/test/java/redis/clients/jedis/commands/jedis/StreamsCommandsTest.java,src/test/java/redis/clients/jedis/commands/jedis/StreamsCommandsTest.java.StreamsCommandsTest.xautoclaimBinary.Feature Envy,4.0.0-RC1,5.3.0-beta1,5.3.0-beta1,19
jedis,4.0.0-RC1,redis.clients.jedis.commands.jedis,StreamsCommandsTest,xautoclaimJustIdBinary,Feature Envy,"checkstyle,experts",src/test/java/redis/clients/jedis/commands/jedis/StreamsCommandsTest.java,src/test/java/redis/clients/jedis/commands/jedis/StreamsCommandsTest.java.StreamsCommandsTest.xautoclaimJustIdBinary.Feature Envy,4.0.0-RC1,5.3.0-beta1,5.3.0-beta1,19
jedis,4.0.0-RC1,redis.clients.jedis.commands.jedis,StringValuesCommandsTest,,God Class,"pmd,experts",src/test/java/redis/clients/jedis/commands/jedis/StringValuesCommandsTest.java,src/test/java/redis/clients/jedis/commands/jedis/StringValuesCommandsTest.java.StringValuesCommandsTest..God Class,4.0.0-RC1,5.3.0-beta1,5.3.0-beta1,19
jedis,4.0.0-RC1,redis.clients.jedis.commands.jedis,StringValuesCommandsTest,getEx,Feature Envy,"checkstyle,experts",src/test/java/redis/clients/jedis/commands/jedis/StringValuesCommandsTest.java,src/test/java/redis/clients/jedis/commands/jedis/StringValuesCommandsTest.java.StringValuesCommandsTest.getEx.Feature Envy,4.0.0-RC1,5.3.0-beta1,5.3.0-beta1,19
jedis,4.2.0-m1,redis.clients.jedis.commands.jedis,StringValuesCommandsTest,lcs,Feature Envy,"checkstyle,experts",src/test/java/redis/clients/jedis/commands/jedis/StringValuesCommandsTest.java,src/test/java/redis/clients/jedis/commands/jedis/StringValuesCommandsTest.java.StringValuesCommandsTest.lcs.Feature Envy,4.2.0-m1,5.3.0-beta1,5.3.0-beta1,16
jedis,4.0.0-RC1,redis.clients.jedis.commands.jedis,StringValuesCommandsTest,mget,Long Method,"Decor,experts",src/test/java/redis/clients/jedis/commands/jedis/StringValuesCommandsTest.java,src/test/java/redis/clients/jedis/commands/jedis/StringValuesCommandsTest.java.StringValuesCommandsTest.mget.Long Method,4.0.0-RC1,5.3.0-beta1,5.3.0-beta1,19
jedis,4.0.0-RC1,redis.clients.jedis.commands.jedis,StringValuesCommandsTest,strAlgoLcsWithIdx,Feature Envy,"checkstyle,experts",src/test/java/redis/clients/jedis/commands/jedis/StringValuesCommandsTest.java,src/test/java/redis/clients/jedis/commands/jedis/StringValuesCommandsTest.java.StringValuesCommandsTest.strAlgoLcsWithIdx.Feature Envy,4.0.0-RC1,5.0.0-alpha1,5.0.0-beta1,12
jedis,4.0.0-RC1,redis.clients.jedis.commands.jedis,StringValuesCommandsTest,strAlgoLcsWithKeyAndIdx,Feature Envy,"checkstyle,experts",src/test/java/redis/clients/jedis/commands/jedis/StringValuesCommandsTest.java,src/test/java/redis/clients/jedis/commands/jedis/StringValuesCommandsTest.java.StringValuesCommandsTest.strAlgoLcsWithKeyAndIdx.Feature Envy,4.0.0-RC1,5.0.0-alpha1,5.0.0-beta1,12
jedis,4.0.0-RC1,redis.clients.jedis.commands.jedis,TransactionCommandsTest,,God Class,"pmd,experts",src/test/java/redis/clients/jedis/commands/jedis/TransactionCommandsTest.java,src/test/java/redis/clients/jedis/commands/jedis/TransactionCommandsTest.java.TransactionCommandsTest..God Class,4.0.0-RC1,5.3.0-beta1,5.3.0-beta1,19
jedis,4.1.0,redis.clients.jedis.commands.jedis,TransactionCommandsTest,discardFail,Feature Envy,"checkstyle,experts",src/test/java/redis/clients/jedis/commands/jedis/TransactionCommandsTest.java,src/test/java/redis/clients/jedis/commands/jedis/TransactionCommandsTest.java.TransactionCommandsTest.discardFail.Feature Envy,4.1.0,5.3.0-beta1,5.3.0-beta1,17
jedis,4.1.0,redis.clients.jedis.commands.jedis,TransactionCommandsTest,execFail,Feature Envy,"checkstyle,experts",src/test/java/redis/clients/jedis/commands/jedis/TransactionCommandsTest.java,src/test/java/redis/clients/jedis/commands/jedis/TransactionCommandsTest.java.TransactionCommandsTest.execFail.Feature Envy,4.1.0,5.3.0-beta1,5.3.0-beta1,17
jedis,4.0.0-RC1,redis.clients.jedis.commands.jedis,TransactionCommandsTest,multi,Feature Envy,"checkstyle,experts",src/test/java/redis/clients/jedis/commands/jedis/TransactionCommandsTest.java,src/test/java/redis/clients/jedis/commands/jedis/TransactionCommandsTest.java.TransactionCommandsTest.multi.Feature Envy,4.0.0-RC1,5.3.0-beta1,5.3.0-beta1,19
jedis,4.0.0-RC1,redis.clients.jedis.commands.jedis,TransactionCommandsTest,testCloseable,Feature Envy,"checkstyle,experts",src/test/java/redis/clients/jedis/commands/jedis/TransactionCommandsTest.java,src/test/java/redis/clients/jedis/commands/jedis/TransactionCommandsTest.java.TransactionCommandsTest.testCloseable.Feature Envy,4.0.0-RC1,5.3.0-beta1,5.3.0-beta1,19
jedis,4.0.0-RC1,redis.clients.jedis.commands.jedis,TransactionCommandsTest,testResetStateWithFullyExecutedTransaction,Feature Envy,"checkstyle,experts",src/test/java/redis/clients/jedis/commands/jedis/TransactionCommandsTest.java,src/test/java/redis/clients/jedis/commands/jedis/TransactionCommandsTest.java.TransactionCommandsTest.testResetStateWithFullyExecutedTransaction.Feature Envy,4.0.0-RC1,5.3.0-beta1,5.3.0-beta1,19
jedis,4.0.0-RC1,redis.clients.jedis.commands.jedis,TransactionCommandsTest,testTransactionWithGeneralCommand,Feature Envy,"checkstyle,experts",src/test/java/redis/clients/jedis/commands/jedis/TransactionCommandsTest.java,src/test/java/redis/clients/jedis/commands/jedis/TransactionCommandsTest.java.TransactionCommandsTest.testTransactionWithGeneralCommand.Feature Envy,4.0.0-RC1,5.3.0-beta1,5.3.0-beta1,19
jedis,4.0.0-RC1,redis.clients.jedis.commands.jedis,TransactionCommandsTest,testTransactionWithGeneralCommand,Long Method,"Decor,experts",src/test/java/redis/clients/jedis/commands/jedis/TransactionCommandsTest.java,src/test/java/redis/clients/jedis/commands/jedis/TransactionCommandsTest.java.TransactionCommandsTest.testTransactionWithGeneralCommand.Long Method,4.0.0-RC1,5.3.0-beta1,5.3.0-beta1,19
jedis,4.0.0-RC1,redis.clients.jedis.commands.jedis,TransactionCommandsTest,transactionResponse,Feature Envy,"checkstyle,experts",src/test/java/redis/clients/jedis/commands/jedis/TransactionCommandsTest.java,src/test/java/redis/clients/jedis/commands/jedis/TransactionCommandsTest.java.TransactionCommandsTest.transactionResponse.Feature Envy,4.0.0-RC1,5.3.0-beta1,5.3.0-beta1,19
jedis,4.0.0-RC1,redis.clients.jedis.commands.jedis,TransactionCommandsTest,transactionResponseBinary,Feature Envy,"checkstyle,experts",src/test/java/redis/clients/jedis/commands/jedis/TransactionCommandsTest.java,src/test/java/redis/clients/jedis/commands/jedis/TransactionCommandsTest.java.TransactionCommandsTest.transactionResponseBinary.Feature Envy,4.0.0-RC1,5.3.0-beta1,5.3.0-beta1,19
jedis,4.0.0-RC1,redis.clients.jedis.commands.jedis,TransactionCommandsTest,transactionResponseWithError,Feature Envy,"checkstyle,experts",src/test/java/redis/clients/jedis/commands/jedis/TransactionCommandsTest.java,src/test/java/redis/clients/jedis/commands/jedis/TransactionCommandsTest.java.TransactionCommandsTest.transactionResponseWithError.Feature Envy,4.0.0-RC1,5.3.0-beta1,5.3.0-beta1,19
jedis,4.0.0-RC1,redis.clients.jedis.commands.jedis,TransactionCommandsTest,transactionResponseWithErrorWithGeneralCommand,Feature Envy,"checkstyle,experts",src/test/java/redis/clients/jedis/commands/jedis/TransactionCommandsTest.java,src/test/java/redis/clients/jedis/commands/jedis/TransactionCommandsTest.java.TransactionCommandsTest.transactionResponseWithErrorWithGeneralCommand.Feature Envy,4.0.0-RC1,5.3.0-beta1,5.3.0-beta1,19
jedis,4.0.0-RC1,redis.clients.jedis.commands.jedis,TransactionCommandsTest,unwatch,Feature Envy,"checkstyle,experts",src/test/java/redis/clients/jedis/commands/jedis/TransactionCommandsTest.java,src/test/java/redis/clients/jedis/commands/jedis/TransactionCommandsTest.java.TransactionCommandsTest.unwatch.Feature Envy,4.0.0-RC1,5.3.0-beta1,5.3.0-beta1,19
jedis,4.0.0-RC1,redis.clients.jedis.commands.jedis,TransactionCommandsTest,watch,Feature Envy,"checkstyle,experts",src/test/java/redis/clients/jedis/commands/jedis/TransactionCommandsTest.java,src/test/java/redis/clients/jedis/commands/jedis/TransactionCommandsTest.java.TransactionCommandsTest.watch.Feature Envy,4.0.0-RC1,5.3.0-beta1,5.3.0-beta1,19
jedis,4.0.0-RC1,redis.clients.jedis.commands.jedis,VariadicCommandsTest,zrem,Long Method,"Decor,experts",src/test/java/redis/clients/jedis/commands/jedis/VariadicCommandsTest.java,src/test/java/redis/clients/jedis/commands/jedis/VariadicCommandsTest.java.VariadicCommandsTest.zrem.Long Method,4.0.0-RC1,5.3.0-beta1,5.3.0-beta1,19
jedis,4.0.0-RC1,redis.clients.jedis.commands.unified,AllKindOfValuesCommandsTestBase,,God Class,"pmd,experts",src/test/java/redis/clients/jedis/commands/unified/AllKindOfValuesCommandsTestBase.java,src/test/java/redis/clients/jedis/commands/unified/AllKindOfValuesCommandsTestBase.java.AllKindOfValuesCommandsTestBase..God Class,4.0.0-RC1,5.3.0-beta1,5.3.0-beta1,19
jedis,4.0.0-RC1,redis.clients.jedis.commands.unified,AllKindOfValuesCommandsTestBase,encodeCompleteResponse,Feature Envy,"checkstyle,experts",src/test/java/redis/clients/jedis/commands/unified/AllKindOfValuesCommandsTestBase.java,src/test/java/redis/clients/jedis/commands/unified/AllKindOfValuesCommandsTestBase.java.AllKindOfValuesCommandsTestBase.encodeCompleteResponse.Feature Envy,4.0.0-RC1,5.0.0-beta1,5.0.0,13
jedis,4.0.0-RC1,redis.clients.jedis.commands.unified,AllKindOfValuesCommandsTestBase,restoreParams,Feature Envy,"checkstyle,experts",src/test/java/redis/clients/jedis/commands/unified/AllKindOfValuesCommandsTestBase.java,src/test/java/redis/clients/jedis/commands/unified/AllKindOfValuesCommandsTestBase.java.AllKindOfValuesCommandsTestBase.restoreParams.Feature Envy,4.0.0-RC1,5.3.0-beta1,5.3.0-beta1,19
jedis,4.0.0-RC1,redis.clients.jedis.commands.unified,AllKindOfValuesCommandsTestBase,scan,Feature Envy,"checkstyle,experts",src/test/java/redis/clients/jedis/commands/unified/AllKindOfValuesCommandsTestBase.java,src/test/java/redis/clients/jedis/commands/unified/AllKindOfValuesCommandsTestBase.java.AllKindOfValuesCommandsTestBase.scan.Feature Envy,4.0.0-RC1,5.3.0-beta1,5.3.0-beta1,19
jedis,4.0.0-RC1,redis.clients.jedis.commands.unified,AllKindOfValuesCommandsTestBase,scanIsCompleteIteration,Feature Envy,"checkstyle,experts",src/test/java/redis/clients/jedis/commands/unified/AllKindOfValuesCommandsTestBase.java,src/test/java/redis/clients/jedis/commands/unified/AllKindOfValuesCommandsTestBase.java.AllKindOfValuesCommandsTestBase.scanIsCompleteIteration.Feature Envy,4.0.0-RC1,5.3.0-beta1,5.3.0-beta1,19
jedis,4.0.0-RC1,redis.clients.jedis.commands.unified,AllKindOfValuesCommandsTestBase,scanMatch,Feature Envy,"checkstyle,experts",src/test/java/redis/clients/jedis/commands/unified/AllKindOfValuesCommandsTestBase.java,src/test/java/redis/clients/jedis/commands/unified/AllKindOfValuesCommandsTestBase.java.AllKindOfValuesCommandsTestBase.scanMatch.Feature Envy,4.0.0-RC1,5.3.0-beta1,5.3.0-beta1,19
jedis,4.0.0-RC1,redis.clients.jedis.commands.unified,AllKindOfValuesCommandsTestBase,scanType,Feature Envy,"checkstyle,experts",src/test/java/redis/clients/jedis/commands/unified/AllKindOfValuesCommandsTestBase.java,src/test/java/redis/clients/jedis/commands/unified/AllKindOfValuesCommandsTestBase.java.AllKindOfValuesCommandsTestBase.scanType.Feature Envy,4.0.0-RC1,5.3.0-beta1,5.3.0-beta1,19
jedis,4.0.0-RC1,redis.clients.jedis.commands.unified,AllKindOfValuesCommandsTestBase,sendCommandTest,Feature Envy,"checkstyle,experts",src/test/java/redis/clients/jedis/commands/unified/AllKindOfValuesCommandsTestBase.java,src/test/java/redis/clients/jedis/commands/unified/AllKindOfValuesCommandsTestBase.java.AllKindOfValuesCommandsTestBase.sendCommandTest.Feature Envy,4.0.0-RC1,5.3.0-beta1,5.3.0-beta1,19
jedis,4.0.0-RC1,redis.clients.jedis.commands.unified,AllKindOfValuesCommandsTestBase,setGetOptionTest,Feature Envy,"checkstyle,experts",src/test/java/redis/clients/jedis/commands/unified/AllKindOfValuesCommandsTestBase.java,src/test/java/redis/clients/jedis/commands/unified/AllKindOfValuesCommandsTestBase.java.AllKindOfValuesCommandsTestBase.setGetOptionTest.Feature Envy,4.0.0-RC1,5.0.0-alpha1,5.0.0-beta1,12
jedis,4.0.0-RC1,redis.clients.jedis.commands.unified,AllKindOfValuesCommandsTestBase,setNxExAndGet,Feature Envy,"checkstyle,experts",src/test/java/redis/clients/jedis/commands/unified/AllKindOfValuesCommandsTestBase.java,src/test/java/redis/clients/jedis/commands/unified/AllKindOfValuesCommandsTestBase.java.AllKindOfValuesCommandsTestBase.setNxExAndGet.Feature Envy,4.0.0-RC1,5.3.0-beta1,5.3.0-beta1,19
jedis,4.0.0-RC1,redis.clients.jedis.commands.unified,BinaryValuesCommandsTestBase,,God Class,"pmd,experts",src/test/java/redis/clients/jedis/commands/unified/BinaryValuesCommandsTestBase.java,src/test/java/redis/clients/jedis/commands/unified/BinaryValuesCommandsTestBase.java.BinaryValuesCommandsTestBase..God Class,4.0.0-RC1,5.3.0-beta1,5.3.0-beta1,19
jedis,4.0.0-RC1,redis.clients.jedis.commands.unified,BinaryValuesCommandsTestBase,getEx,Feature Envy,"checkstyle,experts",src/test/java/redis/clients/jedis/commands/unified/BinaryValuesCommandsTestBase.java,src/test/java/redis/clients/jedis/commands/unified/BinaryValuesCommandsTestBase.java.BinaryValuesCommandsTestBase.getEx.Feature Envy,4.0.0-RC1,5.3.0-beta1,5.3.0-beta1,19
jedis,4.0.0-RC1,redis.clients.jedis.commands.unified,BinaryValuesCommandsTestBase,mget,Feature Envy,"checkstyle,experts",src/test/java/redis/clients/jedis/commands/unified/BinaryValuesCommandsTestBase.java,src/test/java/redis/clients/jedis/commands/unified/BinaryValuesCommandsTestBase.java.BinaryValuesCommandsTestBase.mget.Feature Envy,4.0.0-RC1,5.3.0-beta1,5.3.0-beta1,19
jedis,4.0.0-RC1,redis.clients.jedis.commands.unified,BinaryValuesCommandsTestBase,sendCommandTest,Long Method,"Decor,experts",src/test/java/redis/clients/jedis/commands/unified/BinaryValuesCommandsTestBase.java,src/test/java/redis/clients/jedis/commands/unified/BinaryValuesCommandsTestBase.java.BinaryValuesCommandsTestBase.sendCommandTest.Long Method,4.0.0-RC1,5.3.0-beta1,5.3.0-beta1,19
jedis,4.0.0-RC1,redis.clients.jedis.commands.unified,BinaryValuesCommandsTestBase,setAndExat,Feature Envy,"checkstyle,experts",src/test/java/redis/clients/jedis/commands/unified/BinaryValuesCommandsTestBase.java,src/test/java/redis/clients/jedis/commands/unified/BinaryValuesCommandsTestBase.java.BinaryValuesCommandsTestBase.setAndExat.Feature Envy,4.0.0-RC1,5.3.0-beta1,5.3.0-beta1,19
jedis,4.0.0-RC1,redis.clients.jedis.commands.unified,BinaryValuesCommandsTestBase,setAndExpire,Feature Envy,"checkstyle,experts",src/test/java/redis/clients/jedis/commands/unified/BinaryValuesCommandsTestBase.java,src/test/java/redis/clients/jedis/commands/unified/BinaryValuesCommandsTestBase.java.BinaryValuesCommandsTestBase.setAndExpire.Feature Envy,4.0.0-RC1,5.3.0-beta1,5.3.0-beta1,19
jedis,4.0.0-RC1,redis.clients.jedis.commands.unified,BinaryValuesCommandsTestBase,setAndExpireMillis,Feature Envy,"checkstyle,experts",src/test/java/redis/clients/jedis/commands/unified/BinaryValuesCommandsTestBase.java,src/test/java/redis/clients/jedis/commands/unified/BinaryValuesCommandsTestBase.java.BinaryValuesCommandsTestBase.setAndExpireMillis.Feature Envy,4.0.0-RC1,5.3.0-beta1,5.3.0-beta1,19
jedis,4.0.0-RC1,redis.clients.jedis.commands.unified,BinaryValuesCommandsTestBase,setAndKeepttl,Feature Envy,"checkstyle,experts",src/test/java/redis/clients/jedis/commands/unified/BinaryValuesCommandsTestBase.java,src/test/java/redis/clients/jedis/commands/unified/BinaryValuesCommandsTestBase.java.BinaryValuesCommandsTestBase.setAndKeepttl.Feature Envy,4.0.0-RC1,5.3.0-beta1,5.3.0-beta1,19
jedis,4.0.0-RC1,redis.clients.jedis.commands.unified,BinaryValuesCommandsTestBase,setAndPxat,Feature Envy,"checkstyle,experts",src/test/java/redis/clients/jedis/commands/unified/BinaryValuesCommandsTestBase.java,src/test/java/redis/clients/jedis/commands/unified/BinaryValuesCommandsTestBase.java.BinaryValuesCommandsTestBase.setAndPxat.Feature Envy,4.0.0-RC1,5.3.0-beta1,5.3.0-beta1,19
jedis,4.0.0-RC1,redis.clients.jedis.commands.unified,BinaryValuesCommandsTestBase,setFailIfNotExistAndGet,Feature Envy,"checkstyle,experts",src/test/java/redis/clients/jedis/commands/unified/BinaryValuesCommandsTestBase.java,src/test/java/redis/clients/jedis/commands/unified/BinaryValuesCommandsTestBase.java.BinaryValuesCommandsTestBase.setFailIfNotExistAndGet.Feature Envy,4.0.0-RC1,5.3.0-beta1,5.3.0-beta1,19
jedis,4.0.0-RC1,redis.clients.jedis.commands.unified,BinaryValuesCommandsTestBase,setIfExistAndGet,Feature Envy,"checkstyle,experts",src/test/java/redis/clients/jedis/commands/unified/BinaryValuesCommandsTestBase.java,src/test/java/redis/clients/jedis/commands/unified/BinaryValuesCommandsTestBase.java.BinaryValuesCommandsTestBase.setIfExistAndGet.Feature Envy,4.0.0-RC1,5.3.0-beta1,5.3.0-beta1,19
jedis,4.0.0-RC1,redis.clients.jedis.commands.unified,BinaryValuesCommandsTestBase,setIfNotExistAndGet,Feature Envy,"checkstyle,experts",src/test/java/redis/clients/jedis/commands/unified/BinaryValuesCommandsTestBase.java,src/test/java/redis/clients/jedis/commands/unified/BinaryValuesCommandsTestBase.java.BinaryValuesCommandsTestBase.setIfNotExistAndGet.Feature Envy,4.0.0-RC1,5.3.0-beta1,5.3.0-beta1,19
jedis,4.0.0-RC1,redis.clients.jedis.commands.unified,BinaryValuesCommandsTestBase,setNxExAndGet,Feature Envy,"checkstyle,experts",src/test/java/redis/clients/jedis/commands/unified/BinaryValuesCommandsTestBase.java,src/test/java/redis/clients/jedis/commands/unified/BinaryValuesCommandsTestBase.java.BinaryValuesCommandsTestBase.setNxExAndGet.Feature Envy,4.0.0-RC1,5.3.0-beta1,5.3.0-beta1,19
jedis,4.0.0-RC1,redis.clients.jedis.commands.unified,BitCommandsTestBase,,God Class,"pmd,experts",src/test/java/redis/clients/jedis/commands/unified/BitCommandsTestBase.java,src/test/java/redis/clients/jedis/commands/unified/BitCommandsTestBase.java.BitCommandsTestBase..God Class,4.0.0-RC1,5.3.0-beta1,5.3.0-beta1,19
jedis,4.0.0-RC1,redis.clients.jedis.commands.unified,BitCommandsTestBase,bitpos,Long Method,"Decor,experts",src/test/java/redis/clients/jedis/commands/unified/BitCommandsTestBase.java,src/test/java/redis/clients/jedis/commands/unified/BitCommandsTestBase.java.BitCommandsTestBase.bitpos.Long Method,4.0.0-RC1,5.3.0-beta1,5.3.0-beta1,19
jedis,4.0.0-RC1,redis.clients.jedis.commands.unified,BitCommandsTestBase,testBinaryBitfield,Feature Envy,"checkstyle,experts",src/test/java/redis/clients/jedis/commands/unified/BitCommandsTestBase.java,src/test/java/redis/clients/jedis/commands/unified/BitCommandsTestBase.java.BitCommandsTestBase.testBinaryBitfield.Feature Envy,4.0.0-RC1,5.3.0-beta1,5.3.0-beta1,19
jedis,4.0.0-RC1,redis.clients.jedis.commands.unified,BitCommandsTestBase,testBinaryBitfieldReadonly,Feature Envy,"checkstyle,experts",src/test/java/redis/clients/jedis/commands/unified/BitCommandsTestBase.java,src/test/java/redis/clients/jedis/commands/unified/BitCommandsTestBase.java.BitCommandsTestBase.testBinaryBitfieldReadonly.Feature Envy,4.0.0-RC1,5.3.0-beta1,5.3.0-beta1,19
jedis,4.0.0-RC1,redis.clients.jedis.commands.unified,GeoCommandsTestBase,,God Class,"pmd,experts",src/test/java/redis/clients/jedis/commands/unified/GeoCommandsTestBase.java,src/test/java/redis/clients/jedis/commands/unified/GeoCommandsTestBase.java.GeoCommandsTestBase..God Class,4.0.0-RC1,5.3.0-beta1,5.3.0-beta1,19
jedis,4.0.0-RC1,redis.clients.jedis.commands.unified,GeoCommandsTestBase,geoaddWithParams,Feature Envy,"checkstyle,experts",src/test/java/redis/clients/jedis/commands/unified/GeoCommandsTestBase.java,src/test/java/redis/clients/jedis/commands/unified/GeoCommandsTestBase.java.GeoCommandsTestBase.geoaddWithParams.Feature Envy,4.0.0-RC1,5.3.0-beta1,5.3.0-beta1,19
jedis,4.0.0-RC1,redis.clients.jedis.commands.unified,GeoCommandsTestBase,geopos,Feature Envy,"checkstyle,experts",src/test/java/redis/clients/jedis/commands/unified/GeoCommandsTestBase.java,src/test/java/redis/clients/jedis/commands/unified/GeoCommandsTestBase.java.GeoCommandsTestBase.geopos.Feature Envy,4.0.0-RC1,5.3.0-beta1,5.3.0-beta1,19
jedis,4.0.0-RC1,redis.clients.jedis.commands.unified,GeoCommandsTestBase,georadius,Feature Envy,"checkstyle,experts",src/test/java/redis/clients/jedis/commands/unified/GeoCommandsTestBase.java,src/test/java/redis/clients/jedis/commands/unified/GeoCommandsTestBase.java.GeoCommandsTestBase.georadius.Feature Envy,4.0.0-RC1,5.3.0-beta1,5.3.0-beta1,19
jedis,4.0.0-RC1,redis.clients.jedis.commands.unified,GeoCommandsTestBase,georadius,Long Method,"Decor,experts",src/test/java/redis/clients/jedis/commands/unified/GeoCommandsTestBase.java,src/test/java/redis/clients/jedis/commands/unified/GeoCommandsTestBase.java.GeoCommandsTestBase.georadius.Long Method,4.0.0-RC1,4.0.0,4.1.0,2
jedis,4.0.0-RC1,redis.clients.jedis.commands.unified,GeoCommandsTestBase,georadiusBinary,Feature Envy,"checkstyle,experts",src/test/java/redis/clients/jedis/commands/unified/GeoCommandsTestBase.java,src/test/java/redis/clients/jedis/commands/unified/GeoCommandsTestBase.java.GeoCommandsTestBase.georadiusBinary.Feature Envy,4.0.0-RC1,5.3.0-beta1,5.3.0-beta1,19
jedis,4.0.0-RC1,redis.clients.jedis.commands.unified,GeoCommandsTestBase,georadiusByMember,Feature Envy,"checkstyle,experts",src/test/java/redis/clients/jedis/commands/unified/GeoCommandsTestBase.java,src/test/java/redis/clients/jedis/commands/unified/GeoCommandsTestBase.java.GeoCommandsTestBase.georadiusByMember.Feature Envy,4.0.0-RC1,5.3.0-beta1,5.3.0-beta1,19
jedis,4.0.0-RC1,redis.clients.jedis.commands.unified,GeoCommandsTestBase,georadiusByMemberBinary,Feature Envy,"checkstyle,experts",src/test/java/redis/clients/jedis/commands/unified/GeoCommandsTestBase.java,src/test/java/redis/clients/jedis/commands/unified/GeoCommandsTestBase.java.GeoCommandsTestBase.georadiusByMemberBinary.Feature Envy,4.0.0-RC1,5.3.0-beta1,5.3.0-beta1,19
jedis,4.0.0-RC1,redis.clients.jedis.commands.unified,GeoCommandsTestBase,georadiusByMemberReadonly,Feature Envy,"checkstyle,experts",src/test/java/redis/clients/jedis/commands/unified/GeoCommandsTestBase.java,src/test/java/redis/clients/jedis/commands/unified/GeoCommandsTestBase.java.GeoCommandsTestBase.georadiusByMemberReadonly.Feature Envy,4.0.0-RC1,5.3.0-beta1,5.3.0-beta1,19
jedis,4.0.0-RC1,redis.clients.jedis.commands.unified,GeoCommandsTestBase,georadiusByMemberReadonlyBinary,Feature Envy,"checkstyle,experts",src/test/java/redis/clients/jedis/commands/unified/GeoCommandsTestBase.java,src/test/java/redis/clients/jedis/commands/unified/GeoCommandsTestBase.java.GeoCommandsTestBase.georadiusByMemberReadonlyBinary.Feature Envy,4.0.0-RC1,5.3.0-beta1,5.3.0-beta1,19
jedis,4.0.0-RC1,redis.clients.jedis.commands.unified,GeoCommandsTestBase,georadiusReadonly,Feature Envy,"checkstyle,experts",src/test/java/redis/clients/jedis/commands/unified/GeoCommandsTestBase.java,src/test/java/redis/clients/jedis/commands/unified/GeoCommandsTestBase.java.GeoCommandsTestBase.georadiusReadonly.Feature Envy,4.0.0-RC1,5.3.0-beta1,5.3.0-beta1,19
jedis,4.0.0-RC1,redis.clients.jedis.commands.unified,GeoCommandsTestBase,georadiusReadonlyBinary,Feature Envy,"checkstyle,experts",src/test/java/redis/clients/jedis/commands/unified/GeoCommandsTestBase.java,src/test/java/redis/clients/jedis/commands/unified/GeoCommandsTestBase.java.GeoCommandsTestBase.georadiusReadonlyBinary.Feature Envy,4.0.0-RC1,5.3.0-beta1,5.3.0-beta1,19
jedis,4.1.0,redis.clients.jedis.commands.unified,GeoCommandsTestBase,geosearch,Feature Envy,"checkstyle,experts",src/test/java/redis/clients/jedis/commands/unified/GeoCommandsTestBase.java,src/test/java/redis/clients/jedis/commands/unified/GeoCommandsTestBase.java.GeoCommandsTestBase.geosearch.Feature Envy,4.1.0,5.3.0-beta1,5.3.0-beta1,17
jedis,4.1.0,redis.clients.jedis.commands.unified,GeoCommandsTestBase,geosearch,Long Method,"Decor,experts",src/test/java/redis/clients/jedis/commands/unified/GeoCommandsTestBase.java,src/test/java/redis/clients/jedis/commands/unified/GeoCommandsTestBase.java.GeoCommandsTestBase.geosearch.Long Method,4.1.0,5.3.0-beta1,5.3.0-beta1,17
jedis,4.1.0,redis.clients.jedis.commands.unified,GeoCommandsTestBase,geosearchNegative,Feature Envy,"checkstyle,experts",src/test/java/redis/clients/jedis/commands/unified/GeoCommandsTestBase.java,src/test/java/redis/clients/jedis/commands/unified/GeoCommandsTestBase.java.GeoCommandsTestBase.geosearchNegative.Feature Envy,4.1.0,5.3.0-beta1,5.3.0-beta1,17
jedis,4.0.0-RC1,redis.clients.jedis.commands.unified,HashesCommandsTestBase,,God Class,"pmd,experts",src/test/java/redis/clients/jedis/commands/unified/HashesCommandsTestBase.java,src/test/java/redis/clients/jedis/commands/unified/HashesCommandsTestBase.java.HashesCommandsTestBase..God Class,4.0.0-RC1,5.3.0-beta1,5.3.0-beta1,19
jedis,4.0.0-RC1,redis.clients.jedis.commands.unified,HashesCommandsTestBase,hrandfield,Long Method,"Decor,experts",src/test/java/redis/clients/jedis/commands/unified/HashesCommandsTestBase.java,src/test/java/redis/clients/jedis/commands/unified/HashesCommandsTestBase.java.HashesCommandsTestBase.hrandfield.Long Method,4.0.0-RC1,5.3.0-beta1,5.3.0-beta1,19
jedis,4.0.0-RC1,redis.clients.jedis.commands.unified,HashesCommandsTestBase,hscan,Feature Envy,"checkstyle,experts",src/test/java/redis/clients/jedis/commands/unified/HashesCommandsTestBase.java,src/test/java/redis/clients/jedis/commands/unified/HashesCommandsTestBase.java.HashesCommandsTestBase.hscan.Feature Envy,4.0.0-RC1,5.3.0-beta1,5.3.0-beta1,19
jedis,5.2.0-beta1,redis.clients.jedis.commands.unified,HashesCommandsTestBase,hscanCount,Feature Envy,"checkstyle,experts",src/test/java/redis/clients/jedis/commands/unified/HashesCommandsTestBase.java,src/test/java/redis/clients/jedis/commands/unified/HashesCommandsTestBase.java.HashesCommandsTestBase.hscanCount.Feature Envy,5.2.0-beta1,5.3.0-beta1,5.3.0-beta1,3
jedis,4.0.0-RC1,redis.clients.jedis.commands.unified,HashesCommandsTestBase,hscanMatch,Feature Envy,"checkstyle,experts",src/test/java/redis/clients/jedis/commands/unified/HashesCommandsTestBase.java,src/test/java/redis/clients/jedis/commands/unified/HashesCommandsTestBase.java.HashesCommandsTestBase.hscanMatch.Feature Envy,4.0.0-RC1,5.3.0-beta1,5.3.0-beta1,19
jedis,5.2.0-beta1,redis.clients.jedis.commands.unified,HashesCommandsTestBase,hscanNoValues,Feature Envy,"checkstyle,experts",src/test/java/redis/clients/jedis/commands/unified/HashesCommandsTestBase.java,src/test/java/redis/clients/jedis/commands/unified/HashesCommandsTestBase.java.HashesCommandsTestBase.hscanNoValues.Feature Envy,5.2.0-beta1,5.3.0-beta1,5.3.0-beta1,3
jedis,5.2.0-beta1,redis.clients.jedis.commands.unified,HashesCommandsTestBase,hscanNoValuesCount,Feature Envy,"checkstyle,experts",src/test/java/redis/clients/jedis/commands/unified/HashesCommandsTestBase.java,src/test/java/redis/clients/jedis/commands/unified/HashesCommandsTestBase.java.HashesCommandsTestBase.hscanNoValuesCount.Feature Envy,5.2.0-beta1,5.3.0-beta1,5.3.0-beta1,3
jedis,5.2.0-beta1,redis.clients.jedis.commands.unified,HashesCommandsTestBase,hscanNoValuesMatch,Feature Envy,"checkstyle,experts",src/test/java/redis/clients/jedis/commands/unified/HashesCommandsTestBase.java,src/test/java/redis/clients/jedis/commands/unified/HashesCommandsTestBase.java.HashesCommandsTestBase.hscanNoValuesMatch.Feature Envy,5.2.0-beta1,5.3.0-beta1,5.3.0-beta1,3
jedis,4.0.0-RC1,redis.clients.jedis.commands.unified,HyperLogLogCommandsTestBase,pfaddBinary,Feature Envy,"checkstyle,experts",src/test/java/redis/clients/jedis/commands/unified/HyperLogLogCommandsTestBase.java,src/test/java/redis/clients/jedis/commands/unified/HyperLogLogCommandsTestBase.java.HyperLogLogCommandsTestBase.pfaddBinary.Feature Envy,4.0.0-RC1,5.3.0-beta1,5.3.0-beta1,19
jedis,4.0.0-RC1,redis.clients.jedis.commands.unified,HyperLogLogCommandsTestBase,pfcountBinary,Feature Envy,"checkstyle,experts",src/test/java/redis/clients/jedis/commands/unified/HyperLogLogCommandsTestBase.java,src/test/java/redis/clients/jedis/commands/unified/HyperLogLogCommandsTestBase.java.HyperLogLogCommandsTestBase.pfcountBinary.Feature Envy,4.0.0-RC1,5.3.0-beta1,5.3.0-beta1,19
jedis,4.0.0-RC1,redis.clients.jedis.commands.unified,HyperLogLogCommandsTestBase,pfmergeBinary,Feature Envy,"checkstyle,experts",src/test/java/redis/clients/jedis/commands/unified/HyperLogLogCommandsTestBase.java,src/test/java/redis/clients/jedis/commands/unified/HyperLogLogCommandsTestBase.java.HyperLogLogCommandsTestBase.pfmergeBinary.Feature Envy,4.0.0-RC1,5.3.0-beta1,5.3.0-beta1,19
jedis,4.0.0-RC1,redis.clients.jedis.commands.unified,HyperLogLogCommandsTestBase,pfmergeBinary,Long Method,"Decor,experts",src/test/java/redis/clients/jedis/commands/unified/HyperLogLogCommandsTestBase.java,src/test/java/redis/clients/jedis/commands/unified/HyperLogLogCommandsTestBase.java.HyperLogLogCommandsTestBase.pfmergeBinary.Long Method,4.0.0-RC1,5.3.0-beta1,5.3.0-beta1,19
jedis,4.0.0-RC1,redis.clients.jedis.commands.unified,ListCommandsTestBase,,God Class,"pmd,experts",src/test/java/redis/clients/jedis/commands/unified/ListCommandsTestBase.java,src/test/java/redis/clients/jedis/commands/unified/ListCommandsTestBase.java.ListCommandsTestBase..God Class,4.0.0-RC1,5.3.0-beta1,5.3.0-beta1,19
jedis,4.0.0-RC1,redis.clients.jedis.commands.unified,ListCommandsTestBase,blpopDouble,Feature Envy,"checkstyle,experts",src/test/java/redis/clients/jedis/commands/unified/ListCommandsTestBase.java,src/test/java/redis/clients/jedis/commands/unified/ListCommandsTestBase.java.ListCommandsTestBase.blpopDouble.Feature Envy,4.0.0-RC1,5.0.0-beta1,5.0.0,13
jedis,4.0.0-RC1,redis.clients.jedis.commands.unified,ListCommandsTestBase,brpopDouble,Feature Envy,"checkstyle,experts",src/test/java/redis/clients/jedis/commands/unified/ListCommandsTestBase.java,src/test/java/redis/clients/jedis/commands/unified/ListCommandsTestBase.java.ListCommandsTestBase.brpopDouble.Feature Envy,4.0.0-RC1,5.0.0-beta1,5.0.0,13
jedis,4.0.0-RC1,redis.clients.jedis.commands.unified,ListCommandsTestBase,lpos,Feature Envy,"checkstyle,experts",src/test/java/redis/clients/jedis/commands/unified/ListCommandsTestBase.java,src/test/java/redis/clients/jedis/commands/unified/ListCommandsTestBase.java.ListCommandsTestBase.lpos.Feature Envy,4.0.0-RC1,5.3.0-beta1,5.3.0-beta1,19
jedis,4.0.0-RC1,redis.clients.jedis.commands.unified,ListCommandsTestBase,lrange,Feature Envy,"checkstyle,experts",src/test/java/redis/clients/jedis/commands/unified/ListCommandsTestBase.java,src/test/java/redis/clients/jedis/commands/unified/ListCommandsTestBase.java.ListCommandsTestBase.lrange.Feature Envy,4.0.0-RC1,5.3.0-beta1,5.3.0-beta1,19
jedis,4.0.0-RC1,redis.clients.jedis.commands.unified,SetCommandsTestBase,,God Class,"pmd,experts",src/test/java/redis/clients/jedis/commands/unified/SetCommandsTestBase.java,src/test/java/redis/clients/jedis/commands/unified/SetCommandsTestBase.java.SetCommandsTestBase..God Class,4.0.0-RC1,5.3.0-beta1,5.3.0-beta1,19
jedis,4.0.0-RC1,redis.clients.jedis.commands.unified,SetCommandsTestBase,spopWithCount,Feature Envy,"checkstyle,experts",src/test/java/redis/clients/jedis/commands/unified/SetCommandsTestBase.java,src/test/java/redis/clients/jedis/commands/unified/SetCommandsTestBase.java.SetCommandsTestBase.spopWithCount.Feature Envy,4.0.0-RC1,5.3.0-beta1,5.3.0-beta1,19
jedis,4.0.0-RC1,redis.clients.jedis.commands.unified,SetCommandsTestBase,spopWithCount,Long Method,"Decor,experts",src/test/java/redis/clients/jedis/commands/unified/SetCommandsTestBase.java,src/test/java/redis/clients/jedis/commands/unified/SetCommandsTestBase.java.SetCommandsTestBase.spopWithCount.Long Method,4.0.0-RC1,5.3.0-beta1,5.3.0-beta1,19
jedis,4.0.0-RC1,redis.clients.jedis.commands.unified,SetCommandsTestBase,sscan,Feature Envy,"checkstyle,experts",src/test/java/redis/clients/jedis/commands/unified/SetCommandsTestBase.java,src/test/java/redis/clients/jedis/commands/unified/SetCommandsTestBase.java.SetCommandsTestBase.sscan.Feature Envy,4.0.0-RC1,5.3.0-beta1,5.3.0-beta1,19
jedis,4.0.0-RC1,redis.clients.jedis.commands.unified,SetCommandsTestBase,sscanMatch,Feature Envy,"checkstyle,experts",src/test/java/redis/clients/jedis/commands/unified/SetCommandsTestBase.java,src/test/java/redis/clients/jedis/commands/unified/SetCommandsTestBase.java.SetCommandsTestBase.sscanMatch.Feature Envy,4.0.0-RC1,5.3.0-beta1,5.3.0-beta1,19
jedis,4.0.0-RC1,redis.clients.jedis.commands.unified,SortedSetCommandsTestBase,,God Class,"pmd,experts",src/test/java/redis/clients/jedis/commands/unified/SortedSetCommandsTestBase.java,src/test/java/redis/clients/jedis/commands/unified/SortedSetCommandsTestBase.java.SortedSetCommandsTestBase..God Class,4.0.0-RC1,5.3.0-beta1,5.3.0-beta1,19
jedis,4.0.0-RC1,redis.clients.jedis.commands.unified,SortedSetCommandsTestBase,bzpopmax,Feature Envy,"checkstyle,experts",src/test/java/redis/clients/jedis/commands/unified/SortedSetCommandsTestBase.java,src/test/java/redis/clients/jedis/commands/unified/SortedSetCommandsTestBase.java.SortedSetCommandsTestBase.bzpopmax.Feature Envy,4.0.0-RC1,4.0.0,4.1.0,2
jedis,4.0.0-RC1,redis.clients.jedis.commands.unified,SortedSetCommandsTestBase,bzpopmin,Feature Envy,"checkstyle,experts",src/test/java/redis/clients/jedis/commands/unified/SortedSetCommandsTestBase.java,src/test/java/redis/clients/jedis/commands/unified/SortedSetCommandsTestBase.java.SortedSetCommandsTestBase.bzpopmin.Feature Envy,4.0.0-RC1,4.0.0,4.1.0,2
jedis,4.0.0-RC1,redis.clients.jedis.commands.unified,SortedSetCommandsTestBase,infinity,Feature Envy,"checkstyle,experts",src/test/java/redis/clients/jedis/commands/unified/SortedSetCommandsTestBase.java,src/test/java/redis/clients/jedis/commands/unified/SortedSetCommandsTestBase.java.SortedSetCommandsTestBase.infinity.Feature Envy,4.0.0-RC1,5.3.0-beta1,5.3.0-beta1,19
jedis,4.0.0-RC1,redis.clients.jedis.commands.unified,SortedSetCommandsTestBase,zaddWithParams,Feature Envy,"checkstyle,experts",src/test/java/redis/clients/jedis/commands/unified/SortedSetCommandsTestBase.java,src/test/java/redis/clients/jedis/commands/unified/SortedSetCommandsTestBase.java.SortedSetCommandsTestBase.zaddWithParams.Feature Envy,4.0.0-RC1,4.0.0,4.1.0,2
jedis,4.0.0-RC1,redis.clients.jedis.commands.unified,SortedSetCommandsTestBase,zincrbyWithParams,Feature Envy,"checkstyle,experts",src/test/java/redis/clients/jedis/commands/unified/SortedSetCommandsTestBase.java,src/test/java/redis/clients/jedis/commands/unified/SortedSetCommandsTestBase.java.SortedSetCommandsTestBase.zincrbyWithParams.Feature Envy,4.0.0-RC1,4.0.0,4.1.0,2
jedis,4.0.0-RC1,redis.clients.jedis.commands.unified,SortedSetCommandsTestBase,zinter,Feature Envy,"checkstyle,experts",src/test/java/redis/clients/jedis/commands/unified/SortedSetCommandsTestBase.java,src/test/java/redis/clients/jedis/commands/unified/SortedSetCommandsTestBase.java.SortedSetCommandsTestBase.zinter.Feature Envy,4.0.0-RC1,4.0.0,4.1.0,2
jedis,4.0.0-RC1,redis.clients.jedis.commands.unified,SortedSetCommandsTestBase,zintertoreParams,Feature Envy,"checkstyle,experts",src/test/java/redis/clients/jedis/commands/unified/SortedSetCommandsTestBase.java,src/test/java/redis/clients/jedis/commands/unified/SortedSetCommandsTestBase.java.SortedSetCommandsTestBase.zintertoreParams.Feature Envy,4.0.0-RC1,4.0.0,4.1.0,2
jedis,4.0.0-RC1,redis.clients.jedis.commands.unified,SortedSetCommandsTestBase,zpopmin,Feature Envy,"checkstyle,experts",src/test/java/redis/clients/jedis/commands/unified/SortedSetCommandsTestBase.java,src/test/java/redis/clients/jedis/commands/unified/SortedSetCommandsTestBase.java.SortedSetCommandsTestBase.zpopmin.Feature Envy,4.0.0-RC1,4.0.0,4.1.0,2
jedis,4.0.0-RC1,redis.clients.jedis.commands.unified,SortedSetCommandsTestBase,zrandmember,Feature Envy,"checkstyle,experts",src/test/java/redis/clients/jedis/commands/unified/SortedSetCommandsTestBase.java,src/test/java/redis/clients/jedis/commands/unified/SortedSetCommandsTestBase.java.SortedSetCommandsTestBase.zrandmember.Feature Envy,4.0.0-RC1,5.3.0-beta1,5.3.0-beta1,19
jedis,4.0.0-RC1,redis.clients.jedis.commands.unified,SortedSetCommandsTestBase,zrangebyscore,Feature Envy,"checkstyle,experts",src/test/java/redis/clients/jedis/commands/unified/SortedSetCommandsTestBase.java,src/test/java/redis/clients/jedis/commands/unified/SortedSetCommandsTestBase.java.SortedSetCommandsTestBase.zrangebyscore.Feature Envy,4.0.0-RC1,5.3.0-beta1,5.3.0-beta1,19
jedis,4.0.0-RC1,redis.clients.jedis.commands.unified,SortedSetCommandsTestBase,zrevrangebyscore,Feature Envy,"checkstyle,experts",src/test/java/redis/clients/jedis/commands/unified/SortedSetCommandsTestBase.java,src/test/java/redis/clients/jedis/commands/unified/SortedSetCommandsTestBase.java.SortedSetCommandsTestBase.zrevrangebyscore.Feature Envy,4.0.0-RC1,5.3.0-beta1,5.3.0-beta1,19
jedis,4.0.0-RC1,redis.clients.jedis.commands.unified,SortedSetCommandsTestBase,zscan,Feature Envy,"checkstyle,experts",src/test/java/redis/clients/jedis/commands/unified/SortedSetCommandsTestBase.java,src/test/java/redis/clients/jedis/commands/unified/SortedSetCommandsTestBase.java.SortedSetCommandsTestBase.zscan.Feature Envy,4.0.0-RC1,5.3.0-beta1,5.3.0-beta1,19
jedis,4.0.0-RC1,redis.clients.jedis.commands.unified,SortedSetCommandsTestBase,zscanMatch,Feature Envy,"checkstyle,experts",src/test/java/redis/clients/jedis/commands/unified/SortedSetCommandsTestBase.java,src/test/java/redis/clients/jedis/commands/unified/SortedSetCommandsTestBase.java.SortedSetCommandsTestBase.zscanMatch.Feature Envy,4.0.0-RC1,5.3.0-beta1,5.3.0-beta1,19
jedis,4.0.0-RC1,redis.clients.jedis.commands.unified,SortedSetCommandsTestBase,zunion,Feature Envy,"checkstyle,experts",src/test/java/redis/clients/jedis/commands/unified/SortedSetCommandsTestBase.java,src/test/java/redis/clients/jedis/commands/unified/SortedSetCommandsTestBase.java.SortedSetCommandsTestBase.zunion.Feature Envy,4.0.0-RC1,4.0.0,4.1.0,2
jedis,4.0.0-RC1,redis.clients.jedis.commands.unified,SortedSetCommandsTestBase,zunionstoreParams,Feature Envy,"checkstyle,experts",src/test/java/redis/clients/jedis/commands/unified/SortedSetCommandsTestBase.java,src/test/java/redis/clients/jedis/commands/unified/SortedSetCommandsTestBase.java.SortedSetCommandsTestBase.zunionstoreParams.Feature Envy,4.0.0-RC1,4.0.0,4.1.0,2
jedis,4.0.0-RC1,redis.clients.jedis.commands.unified,StringValuesCommandsTestBase,,God Class,"pmd,experts",src/test/java/redis/clients/jedis/commands/unified/StringValuesCommandsTestBase.java,src/test/java/redis/clients/jedis/commands/unified/StringValuesCommandsTestBase.java.StringValuesCommandsTestBase..God Class,4.0.0-RC1,5.3.0-beta1,5.3.0-beta1,19
jedis,4.0.0-RC1,redis.clients.jedis.commands.unified,StringValuesCommandsTestBase,getEx,Feature Envy,"checkstyle,experts",src/test/java/redis/clients/jedis/commands/unified/StringValuesCommandsTestBase.java,src/test/java/redis/clients/jedis/commands/unified/StringValuesCommandsTestBase.java.StringValuesCommandsTestBase.getEx.Feature Envy,4.0.0-RC1,5.3.0-beta1,5.3.0-beta1,19
jedis,4.2.0-m1,redis.clients.jedis.commands.unified,StringValuesCommandsTestBase,lcs,Feature Envy,"checkstyle,experts",src/test/java/redis/clients/jedis/commands/unified/StringValuesCommandsTestBase.java,src/test/java/redis/clients/jedis/commands/unified/StringValuesCommandsTestBase.java.StringValuesCommandsTestBase.lcs.Feature Envy,4.2.0-m1,5.3.0-beta1,5.3.0-beta1,16
jedis,4.0.0-RC1,redis.clients.jedis.commands.unified,StringValuesCommandsTestBase,mget,Long Method,"Decor,experts",src/test/java/redis/clients/jedis/commands/unified/StringValuesCommandsTestBase.java,src/test/java/redis/clients/jedis/commands/unified/StringValuesCommandsTestBase.java.StringValuesCommandsTestBase.mget.Long Method,4.0.0-RC1,5.3.0-beta1,5.3.0-beta1,19
jedis,4.0.0-RC1,redis.clients.jedis.commands.unified,StringValuesCommandsTestBase,strAlgoLcsWithIdx,Feature Envy,"checkstyle,experts",src/test/java/redis/clients/jedis/commands/unified/StringValuesCommandsTestBase.java,src/test/java/redis/clients/jedis/commands/unified/StringValuesCommandsTestBase.java.StringValuesCommandsTestBase.strAlgoLcsWithIdx.Feature Envy,4.0.0-RC1,5.0.0-alpha1,5.0.0-beta1,12
jedis,4.0.0-RC1,redis.clients.jedis.commands.unified,StringValuesCommandsTestBase,strAlgoLcsWithKeyAndIdx,Feature Envy,"checkstyle,experts",src/test/java/redis/clients/jedis/commands/unified/StringValuesCommandsTestBase.java,src/test/java/redis/clients/jedis/commands/unified/StringValuesCommandsTestBase.java.StringValuesCommandsTestBase.strAlgoLcsWithKeyAndIdx.Feature Envy,4.0.0-RC1,5.0.0-alpha1,5.0.0-beta1,12
jedis,4.0.0-RC1,redis.clients.jedis.commands.unified.cluster,ClusterAllKindOfValuesCommandsTest,,God Class,"pmd,experts",src/test/java/redis/clients/jedis/commands/unified/cluster/ClusterAllKindOfValuesCommandsTest.java,src/test/java/redis/clients/jedis/commands/unified/cluster/ClusterAllKindOfValuesCommandsTest.java.ClusterAllKindOfValuesCommandsTest..God Class,4.0.0-RC1,5.3.0-beta1,5.3.0-beta1,19
jedis,4.0.0-RC1,redis.clients.jedis.commands.unified.cluster,ClusterAllKindOfValuesCommandsTest,scanType,Feature Envy,"checkstyle,experts",src/test/java/redis/clients/jedis/commands/unified/cluster/ClusterAllKindOfValuesCommandsTest.java,src/test/java/redis/clients/jedis/commands/unified/cluster/ClusterAllKindOfValuesCommandsTest.java.ClusterAllKindOfValuesCommandsTest.scanType.Feature Envy,4.0.0-RC1,5.3.0-beta1,5.3.0-beta1,19
jedis,4.0.0-RC1,redis.clients.jedis.commands.unified.cluster,ClusterAllKindOfValuesCommandsTest,scanType,Long Method,"Decor,experts",src/test/java/redis/clients/jedis/commands/unified/cluster/ClusterAllKindOfValuesCommandsTest.java,src/test/java/redis/clients/jedis/commands/unified/cluster/ClusterAllKindOfValuesCommandsTest.java.ClusterAllKindOfValuesCommandsTest.scanType.Long Method,4.0.0-RC1,5.3.0-beta1,5.3.0-beta1,19
jedis,4.0.0-RC1,redis.clients.jedis.commands.unified.cluster,ClusterCommandsTestHelper,clearClusterData,Feature Envy,"checkstyle,experts",src/test/java/redis/clients/jedis/commands/unified/cluster/ClusterCommandsTestHelper.java,src/test/java/redis/clients/jedis/commands/unified/cluster/ClusterCommandsTestHelper.java.ClusterCommandsTestHelper.clearClusterData.Feature Envy,4.0.0-RC1,4.0.0,4.1.0,2
jedis,4.0.0-RC1,redis.clients.jedis.commands.unified.cluster,ClusterCommandsTestHelper,initAndGetCluster,Feature Envy,"checkstyle,experts",src/test/java/redis/clients/jedis/commands/unified/cluster/ClusterCommandsTestHelper.java,src/test/java/redis/clients/jedis/commands/unified/cluster/ClusterCommandsTestHelper.java.ClusterCommandsTestHelper.initAndGetCluster.Feature Envy,4.0.0-RC1,4.0.0,4.1.0,2
jedis,4.0.0-RC1,redis.clients.jedis.commands.unified.cluster,ClusterCommandsTestHelper,initAndGetCluster,Long Method,"Decor,experts",src/test/java/redis/clients/jedis/commands/unified/cluster/ClusterCommandsTestHelper.java,src/test/java/redis/clients/jedis/commands/unified/cluster/ClusterCommandsTestHelper.java.ClusterCommandsTestHelper.initAndGetCluster.Long Method,4.0.0-RC1,4.0.0,4.1.0,2
jedis,4.0.0-RC1,redis.clients.jedis.commands.unified.cluster,ClusterCommandsTestHelper,tearClusterDown,Feature Envy,"checkstyle,experts",src/test/java/redis/clients/jedis/commands/unified/cluster/ClusterCommandsTestHelper.java,src/test/java/redis/clients/jedis/commands/unified/cluster/ClusterCommandsTestHelper.java.ClusterCommandsTestHelper.tearClusterDown.Feature Envy,4.0.0-RC1,4.0.0,4.1.0,2
jedis,4.0.0-RC1,redis.clients.jedis.commands.unified.cluster,ClusterHyperLogLogCommandsTest,pfcounts,Long Method,"Decor,experts",src/test/java/redis/clients/jedis/commands/unified/cluster/ClusterHyperLogLogCommandsTest.java,src/test/java/redis/clients/jedis/commands/unified/cluster/ClusterHyperLogLogCommandsTest.java.ClusterHyperLogLogCommandsTest.pfcounts.Long Method,4.0.0-RC1,5.3.0-beta1,5.3.0-beta1,19
jedis,4.0.0-RC1,redis.clients.jedis.commands.unified.cluster,ClusterListCommandsTest,,God Class,"pmd,experts",src/test/java/redis/clients/jedis/commands/unified/cluster/ClusterListCommandsTest.java,src/test/java/redis/clients/jedis/commands/unified/cluster/ClusterListCommandsTest.java.ClusterListCommandsTest..God Class,4.0.0-RC1,5.3.0-beta1,5.3.0-beta1,19
jedis,4.0.0-RC1,redis.clients.jedis.commands.unified.cluster,ClusterListCommandsTest,blpop,Long Method,"Decor,experts",src/test/java/redis/clients/jedis/commands/unified/cluster/ClusterListCommandsTest.java,src/test/java/redis/clients/jedis/commands/unified/cluster/ClusterListCommandsTest.java.ClusterListCommandsTest.blpop.Long Method,4.0.0-RC1,5.3.0-beta1,5.3.0-beta1,19
jedis,4.0.0-RC1,redis.clients.jedis.commands.unified.cluster,ClusterListCommandsTest,blpopDouble,Feature Envy,"checkstyle,experts",src/test/java/redis/clients/jedis/commands/unified/cluster/ClusterListCommandsTest.java,src/test/java/redis/clients/jedis/commands/unified/cluster/ClusterListCommandsTest.java.ClusterListCommandsTest.blpopDouble.Feature Envy,4.0.0-RC1,4.0.0,4.1.0,2
jedis,4.0.0-RC1,redis.clients.jedis.commands.unified.cluster,ClusterListCommandsTest,brpopDouble,Feature Envy,"checkstyle,experts",src/test/java/redis/clients/jedis/commands/unified/cluster/ClusterListCommandsTest.java,src/test/java/redis/clients/jedis/commands/unified/cluster/ClusterListCommandsTest.java.ClusterListCommandsTest.brpopDouble.Feature Envy,4.0.0-RC1,4.0.0,4.1.0,2
jedis,5.2.0,redis.clients.jedis.commands.unified.cluster,ClusterSetCommandsTest,sintercard,Long Method,"Decor,experts",src/test/java/redis/clients/jedis/commands/unified/cluster/ClusterSetCommandsTest.java,src/test/java/redis/clients/jedis/commands/unified/cluster/ClusterSetCommandsTest.java.ClusterSetCommandsTest.sintercard.Long Method,5.2.0,5.3.0-beta1,5.3.0-beta1,2
jedis,4.0.0-RC1,redis.clients.jedis.commands.unified.cluster,ClusterSortedSetCommandsTest,,God Class,"pmd,experts",src/test/java/redis/clients/jedis/commands/unified/cluster/ClusterSortedSetCommandsTest.java,src/test/java/redis/clients/jedis/commands/unified/cluster/ClusterSortedSetCommandsTest.java.ClusterSortedSetCommandsTest..God Class,4.0.0-RC1,5.3.0-beta1,5.3.0-beta1,19
jedis,4.0.0-RC1,redis.clients.jedis.commands.unified.cluster,ClusterSortedSetCommandsTest,bzpopmax,Feature Envy,"checkstyle,experts",src/test/java/redis/clients/jedis/commands/unified/cluster/ClusterSortedSetCommandsTest.java,src/test/java/redis/clients/jedis/commands/unified/cluster/ClusterSortedSetCommandsTest.java.ClusterSortedSetCommandsTest.bzpopmax.Feature Envy,4.0.0-RC1,5.3.0-beta1,5.3.0-beta1,19
jedis,4.0.0-RC1,redis.clients.jedis.commands.unified.cluster,ClusterSortedSetCommandsTest,bzpopmin,Feature Envy,"checkstyle,experts",src/test/java/redis/clients/jedis/commands/unified/cluster/ClusterSortedSetCommandsTest.java,src/test/java/redis/clients/jedis/commands/unified/cluster/ClusterSortedSetCommandsTest.java.ClusterSortedSetCommandsTest.bzpopmin.Feature Envy,4.0.0-RC1,5.3.0-beta1,5.3.0-beta1,19
jedis,5.2.0,redis.clients.jedis.commands.unified.cluster,ClusterSortedSetCommandsTest,zrangestore,Feature Envy,"checkstyle,experts",src/test/java/redis/clients/jedis/commands/unified/cluster/ClusterSortedSetCommandsTest.java,src/test/java/redis/clients/jedis/commands/unified/cluster/ClusterSortedSetCommandsTest.java.ClusterSortedSetCommandsTest.zrangestore.Feature Envy,5.2.0,5.3.0-beta1,5.3.0-beta1,2
jedis,5.2.0,redis.clients.jedis.commands.unified.cluster,ClusterSortedSetCommandsTest,zrangestore,Long Method,"Decor,experts",src/test/java/redis/clients/jedis/commands/unified/cluster/ClusterSortedSetCommandsTest.java,src/test/java/redis/clients/jedis/commands/unified/cluster/ClusterSortedSetCommandsTest.java.ClusterSortedSetCommandsTest.zrangestore.Long Method,5.2.0,5.3.0-beta1,5.3.0-beta1,2
jedis,4.0.0-RC1,redis.clients.jedis.commands.unified.cluster,ClusterSortedSetCommandsTest,zunion,Long Method,"Decor,experts",src/test/java/redis/clients/jedis/commands/unified/cluster/ClusterSortedSetCommandsTest.java,src/test/java/redis/clients/jedis/commands/unified/cluster/ClusterSortedSetCommandsTest.java.ClusterSortedSetCommandsTest.zunion.Long Method,4.0.0-RC1,4.0.0,4.1.0,2
jedis,5.2.0,redis.clients.jedis.commands.unified.cluster,ClusterStringValuesCommandsTest,lcs,Feature Envy,"checkstyle,experts",src/test/java/redis/clients/jedis/commands/unified/cluster/ClusterStringValuesCommandsTest.java,src/test/java/redis/clients/jedis/commands/unified/cluster/ClusterStringValuesCommandsTest.java.ClusterStringValuesCommandsTest.lcs.Feature Envy,5.2.0,5.3.0-beta1,5.3.0-beta1,2
jedis,4.0.0-RC1,redis.clients.jedis.commands.unified.cluster,ClusterStringValuesCommandsTest,mget,Long Method,"Decor,experts",src/test/java/redis/clients/jedis/commands/unified/cluster/ClusterStringValuesCommandsTest.java,src/test/java/redis/clients/jedis/commands/unified/cluster/ClusterStringValuesCommandsTest.java.ClusterStringValuesCommandsTest.mget.Long Method,4.0.0-RC1,5.3.0-beta1,5.3.0-beta1,19
jedis,5.2.0,redis.clients.jedis.commands.unified.pipeline,GeoPipelineCommandsTest,,God Class,"pmd,experts",src/test/java/redis/clients/jedis/commands/unified/pipeline/GeoPipelineCommandsTest.java,src/test/java/redis/clients/jedis/commands/unified/pipeline/GeoPipelineCommandsTest.java.GeoPipelineCommandsTest..God Class,5.2.0,5.3.0-beta1,5.3.0-beta1,2
jedis,5.2.0,redis.clients.jedis.commands.unified.pipeline,GeoPipelineCommandsTest,geoaddWithParams,Feature Envy,"checkstyle,experts",src/test/java/redis/clients/jedis/commands/unified/pipeline/GeoPipelineCommandsTest.java,src/test/java/redis/clients/jedis/commands/unified/pipeline/GeoPipelineCommandsTest.java.GeoPipelineCommandsTest.geoaddWithParams.Feature Envy,5.2.0,5.3.0-beta1,5.3.0-beta1,2
jedis,5.2.0,redis.clients.jedis.commands.unified.pipeline,GeoPipelineCommandsTest,geodist,Feature Envy,"checkstyle,experts",src/test/java/redis/clients/jedis/commands/unified/pipeline/GeoPipelineCommandsTest.java,src/test/java/redis/clients/jedis/commands/unified/pipeline/GeoPipelineCommandsTest.java.GeoPipelineCommandsTest.geodist.Feature Envy,5.2.0,5.3.0-beta1,5.3.0-beta1,2
jedis,5.2.0,redis.clients.jedis.commands.unified.pipeline,GeoPipelineCommandsTest,geopos,Feature Envy,"checkstyle,experts",src/test/java/redis/clients/jedis/commands/unified/pipeline/GeoPipelineCommandsTest.java,src/test/java/redis/clients/jedis/commands/unified/pipeline/GeoPipelineCommandsTest.java.GeoPipelineCommandsTest.geopos.Feature Envy,5.2.0,5.3.0-beta1,5.3.0-beta1,2
jedis,5.2.0,redis.clients.jedis.commands.unified.pipeline,GeoPipelineCommandsTest,georadius,Feature Envy,"checkstyle,experts",src/test/java/redis/clients/jedis/commands/unified/pipeline/GeoPipelineCommandsTest.java,src/test/java/redis/clients/jedis/commands/unified/pipeline/GeoPipelineCommandsTest.java.GeoPipelineCommandsTest.georadius.Feature Envy,5.2.0,5.3.0-beta1,5.3.0-beta1,2
jedis,5.2.0,redis.clients.jedis.commands.unified.pipeline,GeoPipelineCommandsTest,georadius,Long Method,"Decor,experts",src/test/java/redis/clients/jedis/commands/unified/pipeline/GeoPipelineCommandsTest.java,src/test/java/redis/clients/jedis/commands/unified/pipeline/GeoPipelineCommandsTest.java.GeoPipelineCommandsTest.georadius.Long Method,5.2.0,5.3.0-beta1,5.3.0-beta1,2
jedis,5.2.0,redis.clients.jedis.commands.unified.pipeline,GeoPipelineCommandsTest,georadiusBinary,Feature Envy,"checkstyle,experts",src/test/java/redis/clients/jedis/commands/unified/pipeline/GeoPipelineCommandsTest.java,src/test/java/redis/clients/jedis/commands/unified/pipeline/GeoPipelineCommandsTest.java.GeoPipelineCommandsTest.georadiusBinary.Feature Envy,5.2.0,5.3.0-beta1,5.3.0-beta1,2
jedis,5.2.0,redis.clients.jedis.commands.unified.pipeline,GeoPipelineCommandsTest,georadiusByMember,Feature Envy,"checkstyle,experts",src/test/java/redis/clients/jedis/commands/unified/pipeline/GeoPipelineCommandsTest.java,src/test/java/redis/clients/jedis/commands/unified/pipeline/GeoPipelineCommandsTest.java.GeoPipelineCommandsTest.georadiusByMember.Feature Envy,5.2.0,5.3.0-beta1,5.3.0-beta1,2
jedis,5.2.0,redis.clients.jedis.commands.unified.pipeline,GeoPipelineCommandsTest,georadiusByMemberBinary,Feature Envy,"checkstyle,experts",src/test/java/redis/clients/jedis/commands/unified/pipeline/GeoPipelineCommandsTest.java,src/test/java/redis/clients/jedis/commands/unified/pipeline/GeoPipelineCommandsTest.java.GeoPipelineCommandsTest.georadiusByMemberBinary.Feature Envy,5.2.0,5.3.0-beta1,5.3.0-beta1,2
jedis,5.2.0,redis.clients.jedis.commands.unified.pipeline,GeoPipelineCommandsTest,georadiusByMemberReadonly,Feature Envy,"checkstyle,experts",src/test/java/redis/clients/jedis/commands/unified/pipeline/GeoPipelineCommandsTest.java,src/test/java/redis/clients/jedis/commands/unified/pipeline/GeoPipelineCommandsTest.java.GeoPipelineCommandsTest.georadiusByMemberReadonly.Feature Envy,5.2.0,5.3.0-beta1,5.3.0-beta1,2
jedis,5.2.0,redis.clients.jedis.commands.unified.pipeline,GeoPipelineCommandsTest,georadiusByMemberReadonlyBinary,Feature Envy,"checkstyle,experts",src/test/java/redis/clients/jedis/commands/unified/pipeline/GeoPipelineCommandsTest.java,src/test/java/redis/clients/jedis/commands/unified/pipeline/GeoPipelineCommandsTest.java.GeoPipelineCommandsTest.georadiusByMemberReadonlyBinary.Feature Envy,5.2.0,5.3.0-beta1,5.3.0-beta1,2
jedis,5.2.0,redis.clients.jedis.commands.unified.pipeline,GeoPipelineCommandsTest,georadiusReadonly,Feature Envy,"checkstyle,experts",src/test/java/redis/clients/jedis/commands/unified/pipeline/GeoPipelineCommandsTest.java,src/test/java/redis/clients/jedis/commands/unified/pipeline/GeoPipelineCommandsTest.java.GeoPipelineCommandsTest.georadiusReadonly.Feature Envy,5.2.0,5.3.0-beta1,5.3.0-beta1,2
jedis,5.2.0,redis.clients.jedis.commands.unified.pipeline,GeoPipelineCommandsTest,georadiusReadonlyBinary,Feature Envy,"checkstyle,experts",src/test/java/redis/clients/jedis/commands/unified/pipeline/GeoPipelineCommandsTest.java,src/test/java/redis/clients/jedis/commands/unified/pipeline/GeoPipelineCommandsTest.java.GeoPipelineCommandsTest.georadiusReadonlyBinary.Feature Envy,5.2.0,5.3.0-beta1,5.3.0-beta1,2
jedis,5.2.0,redis.clients.jedis.commands.unified.pipeline,GeoPipelineCommandsTest,geosearch,Feature Envy,"checkstyle,experts",src/test/java/redis/clients/jedis/commands/unified/pipeline/GeoPipelineCommandsTest.java,src/test/java/redis/clients/jedis/commands/unified/pipeline/GeoPipelineCommandsTest.java.GeoPipelineCommandsTest.geosearch.Feature Envy,5.2.0,5.3.0-beta1,5.3.0-beta1,2
jedis,5.2.0,redis.clients.jedis.commands.unified.pipeline,GeoPipelineCommandsTest,geosearchstore,Feature Envy,"checkstyle,experts",src/test/java/redis/clients/jedis/commands/unified/pipeline/GeoPipelineCommandsTest.java,src/test/java/redis/clients/jedis/commands/unified/pipeline/GeoPipelineCommandsTest.java.GeoPipelineCommandsTest.geosearchstore.Feature Envy,5.2.0,5.3.0-beta1,5.3.0-beta1,2
jedis,5.2.0-beta1,redis.clients.jedis.commands.unified.pipeline,HashesPipelineCommandsTest,,God Class,"pmd,experts",src/test/java/redis/clients/jedis/commands/unified/pipeline/HashesPipelineCommandsTest.java,src/test/java/redis/clients/jedis/commands/unified/pipeline/HashesPipelineCommandsTest.java.HashesPipelineCommandsTest..God Class,5.2.0-beta1,5.3.0-beta1,5.3.0-beta1,3
jedis,5.2.0-beta1,redis.clients.jedis.commands.unified.pipeline,HashesPipelineCommandsTest,hmget,Long Method,"Decor,experts",src/test/java/redis/clients/jedis/commands/unified/pipeline/HashesPipelineCommandsTest.java,src/test/java/redis/clients/jedis/commands/unified/pipeline/HashesPipelineCommandsTest.java.HashesPipelineCommandsTest.hmget.Long Method,5.2.0-beta1,5.3.0-beta1,5.3.0-beta1,3
jedis,5.2.0,redis.clients.jedis.commands.unified.pipeline,ListPipelineCommandsTest,,God Class,"pmd,experts",src/test/java/redis/clients/jedis/commands/unified/pipeline/ListPipelineCommandsTest.java,src/test/java/redis/clients/jedis/commands/unified/pipeline/ListPipelineCommandsTest.java.ListPipelineCommandsTest..God Class,5.2.0,5.3.0-beta1,5.3.0-beta1,2
jedis,5.2.0,redis.clients.jedis.commands.unified.pipeline,ListPipelineCommandsTest,blmove,Feature Envy,"checkstyle,experts",src/test/java/redis/clients/jedis/commands/unified/pipeline/ListPipelineCommandsTest.java,src/test/java/redis/clients/jedis/commands/unified/pipeline/ListPipelineCommandsTest.java.ListPipelineCommandsTest.blmove.Feature Envy,5.2.0,5.3.0-beta1,5.3.0-beta1,2
jedis,5.2.0,redis.clients.jedis.commands.unified.pipeline,ListPipelineCommandsTest,blmpopSimple,Feature Envy,"checkstyle,experts",src/test/java/redis/clients/jedis/commands/unified/pipeline/ListPipelineCommandsTest.java,src/test/java/redis/clients/jedis/commands/unified/pipeline/ListPipelineCommandsTest.java.ListPipelineCommandsTest.blmpopSimple.Feature Envy,5.2.0,5.3.0-beta1,5.3.0-beta1,2
jedis,5.2.0,redis.clients.jedis.commands.unified.pipeline,ListPipelineCommandsTest,blpop,Feature Envy,"checkstyle,experts",src/test/java/redis/clients/jedis/commands/unified/pipeline/ListPipelineCommandsTest.java,src/test/java/redis/clients/jedis/commands/unified/pipeline/ListPipelineCommandsTest.java.ListPipelineCommandsTest.blpop.Feature Envy,5.2.0,5.3.0-beta1,5.3.0-beta1,2
jedis,5.2.0,redis.clients.jedis.commands.unified.pipeline,ListPipelineCommandsTest,blpopDouble,Feature Envy,"checkstyle,experts",src/test/java/redis/clients/jedis/commands/unified/pipeline/ListPipelineCommandsTest.java,src/test/java/redis/clients/jedis/commands/unified/pipeline/ListPipelineCommandsTest.java.ListPipelineCommandsTest.blpopDouble.Feature Envy,5.2.0,5.3.0-beta1,5.3.0-beta1,2
jedis,5.2.0,redis.clients.jedis.commands.unified.pipeline,ListPipelineCommandsTest,blpopDoubleWithSleep,Feature Envy,"checkstyle,experts",src/test/java/redis/clients/jedis/commands/unified/pipeline/ListPipelineCommandsTest.java,src/test/java/redis/clients/jedis/commands/unified/pipeline/ListPipelineCommandsTest.java.ListPipelineCommandsTest.blpopDoubleWithSleep.Feature Envy,5.2.0,5.3.0-beta1,5.3.0-beta1,2
jedis,5.2.0,redis.clients.jedis.commands.unified.pipeline,ListPipelineCommandsTest,brpop,Feature Envy,"checkstyle,experts",src/test/java/redis/clients/jedis/commands/unified/pipeline/ListPipelineCommandsTest.java,src/test/java/redis/clients/jedis/commands/unified/pipeline/ListPipelineCommandsTest.java.ListPipelineCommandsTest.brpop.Feature Envy,5.2.0,5.3.0-beta1,5.3.0-beta1,2
jedis,5.2.0,redis.clients.jedis.commands.unified.pipeline,ListPipelineCommandsTest,brpopDouble,Feature Envy,"checkstyle,experts",src/test/java/redis/clients/jedis/commands/unified/pipeline/ListPipelineCommandsTest.java,src/test/java/redis/clients/jedis/commands/unified/pipeline/ListPipelineCommandsTest.java.ListPipelineCommandsTest.brpopDouble.Feature Envy,5.2.0,5.3.0-beta1,5.3.0-beta1,2
jedis,5.2.0,redis.clients.jedis.commands.unified.pipeline,ListPipelineCommandsTest,brpopDoubleWithSleep,Feature Envy,"checkstyle,experts",src/test/java/redis/clients/jedis/commands/unified/pipeline/ListPipelineCommandsTest.java,src/test/java/redis/clients/jedis/commands/unified/pipeline/ListPipelineCommandsTest.java.ListPipelineCommandsTest.brpopDoubleWithSleep.Feature Envy,5.2.0,5.3.0-beta1,5.3.0-beta1,2
jedis,5.2.0,redis.clients.jedis.commands.unified.pipeline,ListPipelineCommandsTest,brpoplpush,Feature Envy,"checkstyle,experts",src/test/java/redis/clients/jedis/commands/unified/pipeline/ListPipelineCommandsTest.java,src/test/java/redis/clients/jedis/commands/unified/pipeline/ListPipelineCommandsTest.java.ListPipelineCommandsTest.brpoplpush.Feature Envy,5.2.0,5.3.0-beta1,5.3.0-beta1,2
jedis,5.2.0,redis.clients.jedis.commands.unified.pipeline,ListPipelineCommandsTest,lindex,Feature Envy,"checkstyle,experts",src/test/java/redis/clients/jedis/commands/unified/pipeline/ListPipelineCommandsTest.java,src/test/java/redis/clients/jedis/commands/unified/pipeline/ListPipelineCommandsTest.java.ListPipelineCommandsTest.lindex.Feature Envy,5.2.0,5.3.0-beta1,5.3.0-beta1,2
jedis,5.2.0,redis.clients.jedis.commands.unified.pipeline,ListPipelineCommandsTest,linsert,Feature Envy,"checkstyle,experts",src/test/java/redis/clients/jedis/commands/unified/pipeline/ListPipelineCommandsTest.java,src/test/java/redis/clients/jedis/commands/unified/pipeline/ListPipelineCommandsTest.java.ListPipelineCommandsTest.linsert.Feature Envy,5.2.0,5.3.0-beta1,5.3.0-beta1,2
jedis,5.2.0,redis.clients.jedis.commands.unified.pipeline,ListPipelineCommandsTest,lmove,Feature Envy,"checkstyle,experts",src/test/java/redis/clients/jedis/commands/unified/pipeline/ListPipelineCommandsTest.java,src/test/java/redis/clients/jedis/commands/unified/pipeline/ListPipelineCommandsTest.java.ListPipelineCommandsTest.lmove.Feature Envy,5.2.0,5.3.0-beta1,5.3.0-beta1,2
jedis,5.2.0,redis.clients.jedis.commands.unified.pipeline,ListPipelineCommandsTest,lmpop,Feature Envy,"checkstyle,experts",src/test/java/redis/clients/jedis/commands/unified/pipeline/ListPipelineCommandsTest.java,src/test/java/redis/clients/jedis/commands/unified/pipeline/ListPipelineCommandsTest.java.ListPipelineCommandsTest.lmpop.Feature Envy,5.2.0,5.3.0-beta1,5.3.0-beta1,2
jedis,5.2.0,redis.clients.jedis.commands.unified.pipeline,ListPipelineCommandsTest,lpop,Feature Envy,"checkstyle,experts",src/test/java/redis/clients/jedis/commands/unified/pipeline/ListPipelineCommandsTest.java,src/test/java/redis/clients/jedis/commands/unified/pipeline/ListPipelineCommandsTest.java.ListPipelineCommandsTest.lpop.Feature Envy,5.2.0,5.3.0-beta1,5.3.0-beta1,2
jedis,5.2.0,redis.clients.jedis.commands.unified.pipeline,ListPipelineCommandsTest,lpos,Feature Envy,"checkstyle,experts",src/test/java/redis/clients/jedis/commands/unified/pipeline/ListPipelineCommandsTest.java,src/test/java/redis/clients/jedis/commands/unified/pipeline/ListPipelineCommandsTest.java.ListPipelineCommandsTest.lpos.Feature Envy,5.2.0,5.3.0-beta1,5.3.0-beta1,2
jedis,5.2.0,redis.clients.jedis.commands.unified.pipeline,ListPipelineCommandsTest,lrange,Feature Envy,"checkstyle,experts",src/test/java/redis/clients/jedis/commands/unified/pipeline/ListPipelineCommandsTest.java,src/test/java/redis/clients/jedis/commands/unified/pipeline/ListPipelineCommandsTest.java.ListPipelineCommandsTest.lrange.Feature Envy,5.2.0,5.3.0-beta1,5.3.0-beta1,2
jedis,5.2.0,redis.clients.jedis.commands.unified.pipeline,ListPipelineCommandsTest,lrem,Feature Envy,"checkstyle,experts",src/test/java/redis/clients/jedis/commands/unified/pipeline/ListPipelineCommandsTest.java,src/test/java/redis/clients/jedis/commands/unified/pipeline/ListPipelineCommandsTest.java.ListPipelineCommandsTest.lrem.Feature Envy,5.2.0,5.3.0-beta1,5.3.0-beta1,2
jedis,5.2.0,redis.clients.jedis.commands.unified.pipeline,ListPipelineCommandsTest,lset,Feature Envy,"checkstyle,experts",src/test/java/redis/clients/jedis/commands/unified/pipeline/ListPipelineCommandsTest.java,src/test/java/redis/clients/jedis/commands/unified/pipeline/ListPipelineCommandsTest.java.ListPipelineCommandsTest.lset.Feature Envy,5.2.0,5.3.0-beta1,5.3.0-beta1,2
jedis,5.2.0,redis.clients.jedis.commands.unified.pipeline,ListPipelineCommandsTest,ltrim,Feature Envy,"checkstyle,experts",src/test/java/redis/clients/jedis/commands/unified/pipeline/ListPipelineCommandsTest.java,src/test/java/redis/clients/jedis/commands/unified/pipeline/ListPipelineCommandsTest.java.ListPipelineCommandsTest.ltrim.Feature Envy,5.2.0,5.3.0-beta1,5.3.0-beta1,2
jedis,5.2.0,redis.clients.jedis.commands.unified.pipeline,ListPipelineCommandsTest,rpop,Feature Envy,"checkstyle,experts",src/test/java/redis/clients/jedis/commands/unified/pipeline/ListPipelineCommandsTest.java,src/test/java/redis/clients/jedis/commands/unified/pipeline/ListPipelineCommandsTest.java.ListPipelineCommandsTest.rpop.Feature Envy,5.2.0,5.3.0-beta1,5.3.0-beta1,2
jedis,5.2.0,redis.clients.jedis.commands.unified.pipeline,ListPipelineCommandsTest,rpoplpush,Feature Envy,"checkstyle,experts",src/test/java/redis/clients/jedis/commands/unified/pipeline/ListPipelineCommandsTest.java,src/test/java/redis/clients/jedis/commands/unified/pipeline/ListPipelineCommandsTest.java.ListPipelineCommandsTest.rpoplpush.Feature Envy,5.2.0,5.3.0-beta1,5.3.0-beta1,2
jedis,5.2.0,redis.clients.jedis.commands.unified.pipeline,SetPipelineCommandsTest,,God Class,"pmd,experts",src/test/java/redis/clients/jedis/commands/unified/pipeline/SetPipelineCommandsTest.java,src/test/java/redis/clients/jedis/commands/unified/pipeline/SetPipelineCommandsTest.java.SetPipelineCommandsTest..God Class,5.2.0,5.3.0-beta1,5.3.0-beta1,2
jedis,5.2.0,redis.clients.jedis.commands.unified.pipeline,SetPipelineCommandsTest,sdiffstore,Feature Envy,"checkstyle,experts",src/test/java/redis/clients/jedis/commands/unified/pipeline/SetPipelineCommandsTest.java,src/test/java/redis/clients/jedis/commands/unified/pipeline/SetPipelineCommandsTest.java.SetPipelineCommandsTest.sdiffstore.Feature Envy,5.2.0,5.3.0-beta1,5.3.0-beta1,2
jedis,5.2.0,redis.clients.jedis.commands.unified.pipeline,SetPipelineCommandsTest,sintercard,Feature Envy,"checkstyle,experts",src/test/java/redis/clients/jedis/commands/unified/pipeline/SetPipelineCommandsTest.java,src/test/java/redis/clients/jedis/commands/unified/pipeline/SetPipelineCommandsTest.java.SetPipelineCommandsTest.sintercard.Feature Envy,5.2.0,5.3.0-beta1,5.3.0-beta1,2
jedis,5.2.0,redis.clients.jedis.commands.unified.pipeline,SetPipelineCommandsTest,sinterstore,Feature Envy,"checkstyle,experts",src/test/java/redis/clients/jedis/commands/unified/pipeline/SetPipelineCommandsTest.java,src/test/java/redis/clients/jedis/commands/unified/pipeline/SetPipelineCommandsTest.java.SetPipelineCommandsTest.sinterstore.Feature Envy,5.2.0,5.3.0-beta1,5.3.0-beta1,2
jedis,5.2.0,redis.clients.jedis.commands.unified.pipeline,SetPipelineCommandsTest,smove,Feature Envy,"checkstyle,experts",src/test/java/redis/clients/jedis/commands/unified/pipeline/SetPipelineCommandsTest.java,src/test/java/redis/clients/jedis/commands/unified/pipeline/SetPipelineCommandsTest.java.SetPipelineCommandsTest.smove.Feature Envy,5.2.0,5.3.0-beta1,5.3.0-beta1,2
jedis,5.2.0,redis.clients.jedis.commands.unified.pipeline,SetPipelineCommandsTest,spop,Feature Envy,"checkstyle,experts",src/test/java/redis/clients/jedis/commands/unified/pipeline/SetPipelineCommandsTest.java,src/test/java/redis/clients/jedis/commands/unified/pipeline/SetPipelineCommandsTest.java.SetPipelineCommandsTest.spop.Feature Envy,5.2.0,5.3.0-beta1,5.3.0-beta1,2
jedis,5.2.0,redis.clients.jedis.commands.unified.pipeline,SetPipelineCommandsTest,spopWithCount,Feature Envy,"checkstyle,experts",src/test/java/redis/clients/jedis/commands/unified/pipeline/SetPipelineCommandsTest.java,src/test/java/redis/clients/jedis/commands/unified/pipeline/SetPipelineCommandsTest.java.SetPipelineCommandsTest.spopWithCount.Feature Envy,5.2.0,5.3.0-beta1,5.3.0-beta1,2
jedis,5.2.0,redis.clients.jedis.commands.unified.pipeline,SetPipelineCommandsTest,spopWithCount,Long Method,"Decor,experts",src/test/java/redis/clients/jedis/commands/unified/pipeline/SetPipelineCommandsTest.java,src/test/java/redis/clients/jedis/commands/unified/pipeline/SetPipelineCommandsTest.java.SetPipelineCommandsTest.spopWithCount.Long Method,5.2.0,5.3.0-beta1,5.3.0-beta1,2
jedis,5.2.0,redis.clients.jedis.commands.unified.pipeline,SetPipelineCommandsTest,srandmember,Feature Envy,"checkstyle,experts",src/test/java/redis/clients/jedis/commands/unified/pipeline/SetPipelineCommandsTest.java,src/test/java/redis/clients/jedis/commands/unified/pipeline/SetPipelineCommandsTest.java.SetPipelineCommandsTest.srandmember.Feature Envy,5.2.0,5.3.0-beta1,5.3.0-beta1,2
jedis,5.2.0,redis.clients.jedis.commands.unified.pipeline,SetPipelineCommandsTest,srem,Feature Envy,"checkstyle,experts",src/test/java/redis/clients/jedis/commands/unified/pipeline/SetPipelineCommandsTest.java,src/test/java/redis/clients/jedis/commands/unified/pipeline/SetPipelineCommandsTest.java.SetPipelineCommandsTest.srem.Feature Envy,5.2.0,5.3.0-beta1,5.3.0-beta1,2
jedis,5.2.0,redis.clients.jedis.commands.unified.pipeline,SetPipelineCommandsTest,sscan,Feature Envy,"checkstyle,experts",src/test/java/redis/clients/jedis/commands/unified/pipeline/SetPipelineCommandsTest.java,src/test/java/redis/clients/jedis/commands/unified/pipeline/SetPipelineCommandsTest.java.SetPipelineCommandsTest.sscan.Feature Envy,5.2.0,5.3.0-beta1,5.3.0-beta1,2
jedis,5.2.0,redis.clients.jedis.commands.unified.pipeline,SetPipelineCommandsTest,sscanMatch,Feature Envy,"checkstyle,experts",src/test/java/redis/clients/jedis/commands/unified/pipeline/SetPipelineCommandsTest.java,src/test/java/redis/clients/jedis/commands/unified/pipeline/SetPipelineCommandsTest.java.SetPipelineCommandsTest.sscanMatch.Feature Envy,5.2.0,5.3.0-beta1,5.3.0-beta1,2
jedis,5.2.0,redis.clients.jedis.commands.unified.pipeline,SetPipelineCommandsTest,sunionstore,Feature Envy,"checkstyle,experts",src/test/java/redis/clients/jedis/commands/unified/pipeline/SetPipelineCommandsTest.java,src/test/java/redis/clients/jedis/commands/unified/pipeline/SetPipelineCommandsTest.java.SetPipelineCommandsTest.sunionstore.Feature Envy,5.2.0,5.3.0-beta1,5.3.0-beta1,2
jedis,5.2.0,redis.clients.jedis.commands.unified.pipeline,SortedSetPipelineCommandsTest,,God Class,"pmd,experts",src/test/java/redis/clients/jedis/commands/unified/pipeline/SortedSetPipelineCommandsTest.java,src/test/java/redis/clients/jedis/commands/unified/pipeline/SortedSetPipelineCommandsTest.java.SortedSetPipelineCommandsTest..God Class,5.2.0,5.3.0-beta1,5.3.0-beta1,2
jedis,5.2.0,redis.clients.jedis.commands.unified.pipeline,SortedSetPipelineCommandsTest,bzmpopSimple,Feature Envy,"checkstyle,experts",src/test/java/redis/clients/jedis/commands/unified/pipeline/SortedSetPipelineCommandsTest.java,src/test/java/redis/clients/jedis/commands/unified/pipeline/SortedSetPipelineCommandsTest.java.SortedSetPipelineCommandsTest.bzmpopSimple.Feature Envy,5.2.0,5.3.0-beta1,5.3.0-beta1,2
jedis,5.2.0,redis.clients.jedis.commands.unified.pipeline,SortedSetPipelineCommandsTest,bzpopmax,Feature Envy,"checkstyle,experts",src/test/java/redis/clients/jedis/commands/unified/pipeline/SortedSetPipelineCommandsTest.java,src/test/java/redis/clients/jedis/commands/unified/pipeline/SortedSetPipelineCommandsTest.java.SortedSetPipelineCommandsTest.bzpopmax.Feature Envy,5.2.0,5.3.0-beta1,5.3.0-beta1,2
jedis,5.2.0,redis.clients.jedis.commands.unified.pipeline,SortedSetPipelineCommandsTest,bzpopmin,Feature Envy,"checkstyle,experts",src/test/java/redis/clients/jedis/commands/unified/pipeline/SortedSetPipelineCommandsTest.java,src/test/java/redis/clients/jedis/commands/unified/pipeline/SortedSetPipelineCommandsTest.java.SortedSetPipelineCommandsTest.bzpopmin.Feature Envy,5.2.0,5.3.0-beta1,5.3.0-beta1,2
jedis,5.2.0,redis.clients.jedis.commands.unified.pipeline,SortedSetPipelineCommandsTest,infinity,Feature Envy,"checkstyle,experts",src/test/java/redis/clients/jedis/commands/unified/pipeline/SortedSetPipelineCommandsTest.java,src/test/java/redis/clients/jedis/commands/unified/pipeline/SortedSetPipelineCommandsTest.java.SortedSetPipelineCommandsTest.infinity.Feature Envy,5.2.0,5.3.0-beta1,5.3.0-beta1,2
jedis,5.2.0,redis.clients.jedis.commands.unified.pipeline,SortedSetPipelineCommandsTest,zaddWithParams,Feature Envy,"checkstyle,experts",src/test/java/redis/clients/jedis/commands/unified/pipeline/SortedSetPipelineCommandsTest.java,src/test/java/redis/clients/jedis/commands/unified/pipeline/SortedSetPipelineCommandsTest.java.SortedSetPipelineCommandsTest.zaddWithParams.Feature Envy,5.2.0,5.3.0-beta1,5.3.0-beta1,2
jedis,5.2.0,redis.clients.jedis.commands.unified.pipeline,SortedSetPipelineCommandsTest,zdiff,Feature Envy,"checkstyle,experts",src/test/java/redis/clients/jedis/commands/unified/pipeline/SortedSetPipelineCommandsTest.java,src/test/java/redis/clients/jedis/commands/unified/pipeline/SortedSetPipelineCommandsTest.java.SortedSetPipelineCommandsTest.zdiff.Feature Envy,5.2.0,5.3.0-beta1,5.3.0-beta1,2
jedis,5.2.0,redis.clients.jedis.commands.unified.pipeline,SortedSetPipelineCommandsTest,zdiffstore,Feature Envy,"checkstyle,experts",src/test/java/redis/clients/jedis/commands/unified/pipeline/SortedSetPipelineCommandsTest.java,src/test/java/redis/clients/jedis/commands/unified/pipeline/SortedSetPipelineCommandsTest.java.SortedSetPipelineCommandsTest.zdiffstore.Feature Envy,5.2.0,5.3.0-beta1,5.3.0-beta1,2
jedis,5.2.0,redis.clients.jedis.commands.unified.pipeline,SortedSetPipelineCommandsTest,zincrby,Feature Envy,"checkstyle,experts",src/test/java/redis/clients/jedis/commands/unified/pipeline/SortedSetPipelineCommandsTest.java,src/test/java/redis/clients/jedis/commands/unified/pipeline/SortedSetPipelineCommandsTest.java.SortedSetPipelineCommandsTest.zincrby.Feature Envy,5.2.0,5.3.0-beta1,5.3.0-beta1,2
jedis,5.2.0,redis.clients.jedis.commands.unified.pipeline,SortedSetPipelineCommandsTest,zincrbyWithParams,Feature Envy,"checkstyle,experts",src/test/java/redis/clients/jedis/commands/unified/pipeline/SortedSetPipelineCommandsTest.java,src/test/java/redis/clients/jedis/commands/unified/pipeline/SortedSetPipelineCommandsTest.java.SortedSetPipelineCommandsTest.zincrbyWithParams.Feature Envy,5.2.0,5.3.0-beta1,5.3.0-beta1,2
jedis,5.2.0,redis.clients.jedis.commands.unified.pipeline,SortedSetPipelineCommandsTest,zinter,Feature Envy,"checkstyle,experts",src/test/java/redis/clients/jedis/commands/unified/pipeline/SortedSetPipelineCommandsTest.java,src/test/java/redis/clients/jedis/commands/unified/pipeline/SortedSetPipelineCommandsTest.java.SortedSetPipelineCommandsTest.zinter.Feature Envy,5.2.0,5.3.0-beta1,5.3.0-beta1,2
jedis,5.2.0,redis.clients.jedis.commands.unified.pipeline,SortedSetPipelineCommandsTest,zintercard,Feature Envy,"checkstyle,experts",src/test/java/redis/clients/jedis/commands/unified/pipeline/SortedSetPipelineCommandsTest.java,src/test/java/redis/clients/jedis/commands/unified/pipeline/SortedSetPipelineCommandsTest.java.SortedSetPipelineCommandsTest.zintercard.Feature Envy,5.2.0,5.3.0-beta1,5.3.0-beta1,2
jedis,5.2.0,redis.clients.jedis.commands.unified.pipeline,SortedSetPipelineCommandsTest,zinterstore,Feature Envy,"checkstyle,experts",src/test/java/redis/clients/jedis/commands/unified/pipeline/SortedSetPipelineCommandsTest.java,src/test/java/redis/clients/jedis/commands/unified/pipeline/SortedSetPipelineCommandsTest.java.SortedSetPipelineCommandsTest.zinterstore.Feature Envy,5.2.0,5.3.0-beta1,5.3.0-beta1,2
jedis,5.2.0,redis.clients.jedis.commands.unified.pipeline,SortedSetPipelineCommandsTest,zintertoreParams,Feature Envy,"checkstyle,experts",src/test/java/redis/clients/jedis/commands/unified/pipeline/SortedSetPipelineCommandsTest.java,src/test/java/redis/clients/jedis/commands/unified/pipeline/SortedSetPipelineCommandsTest.java.SortedSetPipelineCommandsTest.zintertoreParams.Feature Envy,5.2.0,5.3.0-beta1,5.3.0-beta1,2
jedis,5.2.0,redis.clients.jedis.commands.unified.pipeline,SortedSetPipelineCommandsTest,zmpop,Feature Envy,"checkstyle,experts",src/test/java/redis/clients/jedis/commands/unified/pipeline/SortedSetPipelineCommandsTest.java,src/test/java/redis/clients/jedis/commands/unified/pipeline/SortedSetPipelineCommandsTest.java.SortedSetPipelineCommandsTest.zmpop.Feature Envy,5.2.0,5.3.0-beta1,5.3.0-beta1,2
jedis,5.2.0,redis.clients.jedis.commands.unified.pipeline,SortedSetPipelineCommandsTest,zpopmaxWithCount,Feature Envy,"checkstyle,experts",src/test/java/redis/clients/jedis/commands/unified/pipeline/SortedSetPipelineCommandsTest.java,src/test/java/redis/clients/jedis/commands/unified/pipeline/SortedSetPipelineCommandsTest.java.SortedSetPipelineCommandsTest.zpopmaxWithCount.Feature Envy,5.2.0,5.3.0-beta1,5.3.0-beta1,2
jedis,5.2.0,redis.clients.jedis.commands.unified.pipeline,SortedSetPipelineCommandsTest,zpopmin,Feature Envy,"checkstyle,experts",src/test/java/redis/clients/jedis/commands/unified/pipeline/SortedSetPipelineCommandsTest.java,src/test/java/redis/clients/jedis/commands/unified/pipeline/SortedSetPipelineCommandsTest.java.SortedSetPipelineCommandsTest.zpopmin.Feature Envy,5.2.0,5.3.0-beta1,5.3.0-beta1,2
jedis,5.2.0,redis.clients.jedis.commands.unified.pipeline,SortedSetPipelineCommandsTest,zrandmember,Feature Envy,"checkstyle,experts",src/test/java/redis/clients/jedis/commands/unified/pipeline/SortedSetPipelineCommandsTest.java,src/test/java/redis/clients/jedis/commands/unified/pipeline/SortedSetPipelineCommandsTest.java.SortedSetPipelineCommandsTest.zrandmember.Feature Envy,5.2.0,5.3.0-beta1,5.3.0-beta1,2
jedis,5.2.0,redis.clients.jedis.commands.unified.pipeline,SortedSetPipelineCommandsTest,zrange,Feature Envy,"checkstyle,experts",src/test/java/redis/clients/jedis/commands/unified/pipeline/SortedSetPipelineCommandsTest.java,src/test/java/redis/clients/jedis/commands/unified/pipeline/SortedSetPipelineCommandsTest.java.SortedSetPipelineCommandsTest.zrange.Feature Envy,5.2.0,5.3.0-beta1,5.3.0-beta1,2
jedis,5.2.0,redis.clients.jedis.commands.unified.pipeline,SortedSetPipelineCommandsTest,zrangeParams,Feature Envy,"checkstyle,experts",src/test/java/redis/clients/jedis/commands/unified/pipeline/SortedSetPipelineCommandsTest.java,src/test/java/redis/clients/jedis/commands/unified/pipeline/SortedSetPipelineCommandsTest.java.SortedSetPipelineCommandsTest.zrangeParams.Feature Envy,5.2.0,5.3.0-beta1,5.3.0-beta1,2
jedis,5.2.0,redis.clients.jedis.commands.unified.pipeline,SortedSetPipelineCommandsTest,zrangeWithScores,Feature Envy,"checkstyle,experts",src/test/java/redis/clients/jedis/commands/unified/pipeline/SortedSetPipelineCommandsTest.java,src/test/java/redis/clients/jedis/commands/unified/pipeline/SortedSetPipelineCommandsTest.java.SortedSetPipelineCommandsTest.zrangeWithScores.Feature Envy,5.2.0,5.3.0-beta1,5.3.0-beta1,2
jedis,5.2.0,redis.clients.jedis.commands.unified.pipeline,SortedSetPipelineCommandsTest,zrangebyscore,Feature Envy,"checkstyle,experts",src/test/java/redis/clients/jedis/commands/unified/pipeline/SortedSetPipelineCommandsTest.java,src/test/java/redis/clients/jedis/commands/unified/pipeline/SortedSetPipelineCommandsTest.java.SortedSetPipelineCommandsTest.zrangebyscore.Feature Envy,5.2.0,5.3.0-beta1,5.3.0-beta1,2
jedis,5.2.0,redis.clients.jedis.commands.unified.pipeline,SortedSetPipelineCommandsTest,zrangebyscoreWithScores,Feature Envy,"checkstyle,experts",src/test/java/redis/clients/jedis/commands/unified/pipeline/SortedSetPipelineCommandsTest.java,src/test/java/redis/clients/jedis/commands/unified/pipeline/SortedSetPipelineCommandsTest.java.SortedSetPipelineCommandsTest.zrangebyscoreWithScores.Feature Envy,5.2.0,5.3.0-beta1,5.3.0-beta1,2
jedis,5.2.0,redis.clients.jedis.commands.unified.pipeline,SortedSetPipelineCommandsTest,zrangestore,Feature Envy,"checkstyle,experts",src/test/java/redis/clients/jedis/commands/unified/pipeline/SortedSetPipelineCommandsTest.java,src/test/java/redis/clients/jedis/commands/unified/pipeline/SortedSetPipelineCommandsTest.java.SortedSetPipelineCommandsTest.zrangestore.Feature Envy,5.2.0,5.3.0-beta1,5.3.0-beta1,2
jedis,5.2.0,redis.clients.jedis.commands.unified.pipeline,SortedSetPipelineCommandsTest,zrankWithScore,Feature Envy,"checkstyle,experts",src/test/java/redis/clients/jedis/commands/unified/pipeline/SortedSetPipelineCommandsTest.java,src/test/java/redis/clients/jedis/commands/unified/pipeline/SortedSetPipelineCommandsTest.java.SortedSetPipelineCommandsTest.zrankWithScore.Feature Envy,5.2.0,5.3.0-beta1,5.3.0-beta1,2
jedis,5.2.0,redis.clients.jedis.commands.unified.pipeline,SortedSetPipelineCommandsTest,zrem,Feature Envy,"checkstyle,experts",src/test/java/redis/clients/jedis/commands/unified/pipeline/SortedSetPipelineCommandsTest.java,src/test/java/redis/clients/jedis/commands/unified/pipeline/SortedSetPipelineCommandsTest.java.SortedSetPipelineCommandsTest.zrem.Feature Envy,5.2.0,5.3.0-beta1,5.3.0-beta1,2
jedis,5.2.0,redis.clients.jedis.commands.unified.pipeline,SortedSetPipelineCommandsTest,zremrangeByRank,Feature Envy,"checkstyle,experts",src/test/java/redis/clients/jedis/commands/unified/pipeline/SortedSetPipelineCommandsTest.java,src/test/java/redis/clients/jedis/commands/unified/pipeline/SortedSetPipelineCommandsTest.java.SortedSetPipelineCommandsTest.zremrangeByRank.Feature Envy,5.2.0,5.3.0-beta1,5.3.0-beta1,2
jedis,5.2.0,redis.clients.jedis.commands.unified.pipeline,SortedSetPipelineCommandsTest,zremrangeByScore,Feature Envy,"checkstyle,experts",src/test/java/redis/clients/jedis/commands/unified/pipeline/SortedSetPipelineCommandsTest.java,src/test/java/redis/clients/jedis/commands/unified/pipeline/SortedSetPipelineCommandsTest.java.SortedSetPipelineCommandsTest.zremrangeByScore.Feature Envy,5.2.0,5.3.0-beta1,5.3.0-beta1,2
jedis,5.2.0,redis.clients.jedis.commands.unified.pipeline,SortedSetPipelineCommandsTest,zrevrange,Feature Envy,"checkstyle,experts",src/test/java/redis/clients/jedis/commands/unified/pipeline/SortedSetPipelineCommandsTest.java,src/test/java/redis/clients/jedis/commands/unified/pipeline/SortedSetPipelineCommandsTest.java.SortedSetPipelineCommandsTest.zrevrange.Feature Envy,5.2.0,5.3.0-beta1,5.3.0-beta1,2
jedis,5.2.0,redis.clients.jedis.commands.unified.pipeline,SortedSetPipelineCommandsTest,zrevrangeWithScores,Feature Envy,"checkstyle,experts",src/test/java/redis/clients/jedis/commands/unified/pipeline/SortedSetPipelineCommandsTest.java,src/test/java/redis/clients/jedis/commands/unified/pipeline/SortedSetPipelineCommandsTest.java.SortedSetPipelineCommandsTest.zrevrangeWithScores.Feature Envy,5.2.0,5.3.0-beta1,5.3.0-beta1,2
jedis,5.2.0,redis.clients.jedis.commands.unified.pipeline,SortedSetPipelineCommandsTest,zrevrangebyscore,Feature Envy,"checkstyle,experts",src/test/java/redis/clients/jedis/commands/unified/pipeline/SortedSetPipelineCommandsTest.java,src/test/java/redis/clients/jedis/commands/unified/pipeline/SortedSetPipelineCommandsTest.java.SortedSetPipelineCommandsTest.zrevrangebyscore.Feature Envy,5.2.0,5.3.0-beta1,5.3.0-beta1,2
jedis,5.2.0,redis.clients.jedis.commands.unified.pipeline,SortedSetPipelineCommandsTest,zrevrangebyscoreWithScores,Feature Envy,"checkstyle,experts",src/test/java/redis/clients/jedis/commands/unified/pipeline/SortedSetPipelineCommandsTest.java,src/test/java/redis/clients/jedis/commands/unified/pipeline/SortedSetPipelineCommandsTest.java.SortedSetPipelineCommandsTest.zrevrangebyscoreWithScores.Feature Envy,5.2.0,5.3.0-beta1,5.3.0-beta1,2
jedis,5.2.0,redis.clients.jedis.commands.unified.pipeline,SortedSetPipelineCommandsTest,zscan,Feature Envy,"checkstyle,experts",src/test/java/redis/clients/jedis/commands/unified/pipeline/SortedSetPipelineCommandsTest.java,src/test/java/redis/clients/jedis/commands/unified/pipeline/SortedSetPipelineCommandsTest.java.SortedSetPipelineCommandsTest.zscan.Feature Envy,5.2.0,5.3.0-beta1,5.3.0-beta1,2
jedis,5.2.0,redis.clients.jedis.commands.unified.pipeline,SortedSetPipelineCommandsTest,zscanMatch,Feature Envy,"checkstyle,experts",src/test/java/redis/clients/jedis/commands/unified/pipeline/SortedSetPipelineCommandsTest.java,src/test/java/redis/clients/jedis/commands/unified/pipeline/SortedSetPipelineCommandsTest.java.SortedSetPipelineCommandsTest.zscanMatch.Feature Envy,5.2.0,5.3.0-beta1,5.3.0-beta1,2
jedis,5.2.0,redis.clients.jedis.commands.unified.pipeline,SortedSetPipelineCommandsTest,zscore,Feature Envy,"checkstyle,experts",src/test/java/redis/clients/jedis/commands/unified/pipeline/SortedSetPipelineCommandsTest.java,src/test/java/redis/clients/jedis/commands/unified/pipeline/SortedSetPipelineCommandsTest.java.SortedSetPipelineCommandsTest.zscore.Feature Envy,5.2.0,5.3.0-beta1,5.3.0-beta1,2
jedis,5.2.0,redis.clients.jedis.commands.unified.pipeline,SortedSetPipelineCommandsTest,zunion,Feature Envy,"checkstyle,experts",src/test/java/redis/clients/jedis/commands/unified/pipeline/SortedSetPipelineCommandsTest.java,src/test/java/redis/clients/jedis/commands/unified/pipeline/SortedSetPipelineCommandsTest.java.SortedSetPipelineCommandsTest.zunion.Feature Envy,5.2.0,5.3.0-beta1,5.3.0-beta1,2
jedis,5.2.0,redis.clients.jedis.commands.unified.pipeline,SortedSetPipelineCommandsTest,zunionstore,Feature Envy,"checkstyle,experts",src/test/java/redis/clients/jedis/commands/unified/pipeline/SortedSetPipelineCommandsTest.java,src/test/java/redis/clients/jedis/commands/unified/pipeline/SortedSetPipelineCommandsTest.java.SortedSetPipelineCommandsTest.zunionstore.Feature Envy,5.2.0,5.3.0-beta1,5.3.0-beta1,2
jedis,5.2.0,redis.clients.jedis.commands.unified.pipeline,SortedSetPipelineCommandsTest,zunionstoreParams,Feature Envy,"checkstyle,experts",src/test/java/redis/clients/jedis/commands/unified/pipeline/SortedSetPipelineCommandsTest.java,src/test/java/redis/clients/jedis/commands/unified/pipeline/SortedSetPipelineCommandsTest.java.SortedSetPipelineCommandsTest.zunionstoreParams.Feature Envy,5.2.0,5.3.0-beta1,5.3.0-beta1,2
jedis,5.2.0,redis.clients.jedis.commands.unified.pipeline,StreamsPipelineCommandsTest,,God Class,"pmd,experts",src/test/java/redis/clients/jedis/commands/unified/pipeline/StreamsPipelineCommandsTest.java,src/test/java/redis/clients/jedis/commands/unified/pipeline/StreamsPipelineCommandsTest.java.StreamsPipelineCommandsTest..God Class,5.2.0,5.3.0-beta1,5.3.0-beta1,2
jedis,5.2.0,redis.clients.jedis.commands.unified.pipeline,StreamsPipelineCommandsTest,xack,Feature Envy,"checkstyle,experts",src/test/java/redis/clients/jedis/commands/unified/pipeline/StreamsPipelineCommandsTest.java,src/test/java/redis/clients/jedis/commands/unified/pipeline/StreamsPipelineCommandsTest.java.StreamsPipelineCommandsTest.xack.Feature Envy,5.2.0,5.3.0-beta1,5.3.0-beta1,2
jedis,5.2.0,redis.clients.jedis.commands.unified.pipeline,StreamsPipelineCommandsTest,xaddParamsId,Feature Envy,"checkstyle,experts",src/test/java/redis/clients/jedis/commands/unified/pipeline/StreamsPipelineCommandsTest.java,src/test/java/redis/clients/jedis/commands/unified/pipeline/StreamsPipelineCommandsTest.java.StreamsPipelineCommandsTest.xaddParamsId.Feature Envy,5.2.0,5.3.0-beta1,5.3.0-beta1,2
jedis,5.2.0,redis.clients.jedis.commands.unified.pipeline,StreamsPipelineCommandsTest,xaddWithParamsMinId,Feature Envy,"checkstyle,experts",src/test/java/redis/clients/jedis/commands/unified/pipeline/StreamsPipelineCommandsTest.java,src/test/java/redis/clients/jedis/commands/unified/pipeline/StreamsPipelineCommandsTest.java.StreamsPipelineCommandsTest.xaddWithParamsMinId.Feature Envy,5.2.0,5.3.0-beta1,5.3.0-beta1,2
jedis,5.2.0,redis.clients.jedis.commands.unified.pipeline,StreamsPipelineCommandsTest,xaddWithParamsNoMkStream,Feature Envy,"checkstyle,experts",src/test/java/redis/clients/jedis/commands/unified/pipeline/StreamsPipelineCommandsTest.java,src/test/java/redis/clients/jedis/commands/unified/pipeline/StreamsPipelineCommandsTest.java.StreamsPipelineCommandsTest.xaddWithParamsNoMkStream.Feature Envy,5.2.0,5.3.0-beta1,5.3.0-beta1,2
jedis,5.2.0,redis.clients.jedis.commands.unified.pipeline,StreamsPipelineCommandsTest,xaddWithParamsTrim,Feature Envy,"checkstyle,experts",src/test/java/redis/clients/jedis/commands/unified/pipeline/StreamsPipelineCommandsTest.java,src/test/java/redis/clients/jedis/commands/unified/pipeline/StreamsPipelineCommandsTest.java.StreamsPipelineCommandsTest.xaddWithParamsTrim.Feature Envy,5.2.0,5.3.0-beta1,5.3.0-beta1,2
jedis,5.2.0,redis.clients.jedis.commands.unified.pipeline,StreamsPipelineCommandsTest,xautoclaim,Feature Envy,"checkstyle,experts",src/test/java/redis/clients/jedis/commands/unified/pipeline/StreamsPipelineCommandsTest.java,src/test/java/redis/clients/jedis/commands/unified/pipeline/StreamsPipelineCommandsTest.java.StreamsPipelineCommandsTest.xautoclaim.Feature Envy,5.2.0,5.3.0-beta1,5.3.0-beta1,2
jedis,5.2.0,redis.clients.jedis.commands.unified.pipeline,StreamsPipelineCommandsTest,xautoclaimBinary,Feature Envy,"checkstyle,experts",src/test/java/redis/clients/jedis/commands/unified/pipeline/StreamsPipelineCommandsTest.java,src/test/java/redis/clients/jedis/commands/unified/pipeline/StreamsPipelineCommandsTest.java.StreamsPipelineCommandsTest.xautoclaimBinary.Feature Envy,5.2.0,5.3.0-beta1,5.3.0-beta1,2
jedis,5.2.0,redis.clients.jedis.commands.unified.pipeline,StreamsPipelineCommandsTest,xautoclaimJustId,Feature Envy,"checkstyle,experts",src/test/java/redis/clients/jedis/commands/unified/pipeline/StreamsPipelineCommandsTest.java,src/test/java/redis/clients/jedis/commands/unified/pipeline/StreamsPipelineCommandsTest.java.StreamsPipelineCommandsTest.xautoclaimJustId.Feature Envy,5.2.0,5.3.0-beta1,5.3.0-beta1,2
jedis,5.2.0,redis.clients.jedis.commands.unified.pipeline,StreamsPipelineCommandsTest,xautoclaimJustIdBinary,Feature Envy,"checkstyle,experts",src/test/java/redis/clients/jedis/commands/unified/pipeline/StreamsPipelineCommandsTest.java,src/test/java/redis/clients/jedis/commands/unified/pipeline/StreamsPipelineCommandsTest.java.StreamsPipelineCommandsTest.xautoclaimJustIdBinary.Feature Envy,5.2.0,5.3.0-beta1,5.3.0-beta1,2
jedis,5.2.0,redis.clients.jedis.commands.unified.pipeline,StreamsPipelineCommandsTest,xclaimJustId,Feature Envy,"checkstyle,experts",src/test/java/redis/clients/jedis/commands/unified/pipeline/StreamsPipelineCommandsTest.java,src/test/java/redis/clients/jedis/commands/unified/pipeline/StreamsPipelineCommandsTest.java.StreamsPipelineCommandsTest.xclaimJustId.Feature Envy,5.2.0,5.3.0-beta1,5.3.0-beta1,2
jedis,5.2.0,redis.clients.jedis.commands.unified.pipeline,StreamsPipelineCommandsTest,xclaimWithParams,Feature Envy,"checkstyle,experts",src/test/java/redis/clients/jedis/commands/unified/pipeline/StreamsPipelineCommandsTest.java,src/test/java/redis/clients/jedis/commands/unified/pipeline/StreamsPipelineCommandsTest.java.StreamsPipelineCommandsTest.xclaimWithParams.Feature Envy,5.2.0,5.3.0-beta1,5.3.0-beta1,2
jedis,5.2.0,redis.clients.jedis.commands.unified.pipeline,StreamsPipelineCommandsTest,xinfo,Feature Envy,"checkstyle,experts",src/test/java/redis/clients/jedis/commands/unified/pipeline/StreamsPipelineCommandsTest.java,src/test/java/redis/clients/jedis/commands/unified/pipeline/StreamsPipelineCommandsTest.java.StreamsPipelineCommandsTest.xinfo.Feature Envy,5.2.0,5.3.0-beta1,5.3.0-beta1,2
jedis,5.2.0,redis.clients.jedis.commands.unified.pipeline,StreamsPipelineCommandsTest,xinfo,Long Method,"designitejava,experts",src/test/java/redis/clients/jedis/commands/unified/pipeline/StreamsPipelineCommandsTest.java,src/test/java/redis/clients/jedis/commands/unified/pipeline/StreamsPipelineCommandsTest.java.StreamsPipelineCommandsTest.xinfo.Long Method,5.2.0,5.3.0-beta1,5.3.0-beta1,2
jedis,5.2.0,redis.clients.jedis.commands.unified.pipeline,StreamsPipelineCommandsTest,xinfoStreamFullWithPending,Feature Envy,"checkstyle,experts",src/test/java/redis/clients/jedis/commands/unified/pipeline/StreamsPipelineCommandsTest.java,src/test/java/redis/clients/jedis/commands/unified/pipeline/StreamsPipelineCommandsTest.java.StreamsPipelineCommandsTest.xinfoStreamFullWithPending.Feature Envy,5.2.0,5.3.0-beta1,5.3.0-beta1,2
jedis,5.2.0,redis.clients.jedis.commands.unified.pipeline,StreamsPipelineCommandsTest,xpendingRange,Feature Envy,"checkstyle,experts",src/test/java/redis/clients/jedis/commands/unified/pipeline/StreamsPipelineCommandsTest.java,src/test/java/redis/clients/jedis/commands/unified/pipeline/StreamsPipelineCommandsTest.java.StreamsPipelineCommandsTest.xpendingRange.Feature Envy,5.2.0,5.3.0-beta1,5.3.0-beta1,2
jedis,5.2.0,redis.clients.jedis.commands.unified.pipeline,StreamsPipelineCommandsTest,xpendingWithParams,Feature Envy,"checkstyle,experts",src/test/java/redis/clients/jedis/commands/unified/pipeline/StreamsPipelineCommandsTest.java,src/test/java/redis/clients/jedis/commands/unified/pipeline/StreamsPipelineCommandsTest.java.StreamsPipelineCommandsTest.xpendingWithParams.Feature Envy,5.2.0,5.3.0-beta1,5.3.0-beta1,2
jedis,5.2.0,redis.clients.jedis.commands.unified.pipeline,StreamsPipelineCommandsTest,xrange,Feature Envy,"checkstyle,experts",src/test/java/redis/clients/jedis/commands/unified/pipeline/StreamsPipelineCommandsTest.java,src/test/java/redis/clients/jedis/commands/unified/pipeline/StreamsPipelineCommandsTest.java.StreamsPipelineCommandsTest.xrange.Feature Envy,5.2.0,5.3.0-beta1,5.3.0-beta1,2
jedis,5.2.0,redis.clients.jedis.commands.unified.pipeline,StreamsPipelineCommandsTest,xreadGroupWithParams,Feature Envy,"checkstyle,experts",src/test/java/redis/clients/jedis/commands/unified/pipeline/StreamsPipelineCommandsTest.java,src/test/java/redis/clients/jedis/commands/unified/pipeline/StreamsPipelineCommandsTest.java.StreamsPipelineCommandsTest.xreadGroupWithParams.Feature Envy,5.2.0,5.3.0-beta1,5.3.0-beta1,2
jedis,5.2.0,redis.clients.jedis.commands.unified.pipeline,StreamsPipelineCommandsTest,xreadGroupWithParamsWhenPendingMessageIsDiscarded,Feature Envy,"checkstyle,experts",src/test/java/redis/clients/jedis/commands/unified/pipeline/StreamsPipelineCommandsTest.java,src/test/java/redis/clients/jedis/commands/unified/pipeline/StreamsPipelineCommandsTest.java.StreamsPipelineCommandsTest.xreadGroupWithParamsWhenPendingMessageIsDiscarded.Feature Envy,5.2.0,5.3.0-beta1,5.3.0-beta1,2
jedis,5.2.0,redis.clients.jedis.commands.unified.pipeline,StreamsPipelineCommandsTest,xreadWithParams,Feature Envy,"checkstyle,experts",src/test/java/redis/clients/jedis/commands/unified/pipeline/StreamsPipelineCommandsTest.java,src/test/java/redis/clients/jedis/commands/unified/pipeline/StreamsPipelineCommandsTest.java.StreamsPipelineCommandsTest.xreadWithParams.Feature Envy,5.2.0,5.3.0-beta1,5.3.0-beta1,2
jedis,5.2.0,redis.clients.jedis.commands.unified.pipeline,StreamsPipelineCommandsTest,xrevrange,Feature Envy,"checkstyle,experts",src/test/java/redis/clients/jedis/commands/unified/pipeline/StreamsPipelineCommandsTest.java,src/test/java/redis/clients/jedis/commands/unified/pipeline/StreamsPipelineCommandsTest.java.StreamsPipelineCommandsTest.xrevrange.Feature Envy,5.2.0,5.3.0-beta1,5.3.0-beta1,2
jedis,5.2.0,redis.clients.jedis.commands.unified.pipeline,StreamsPipelineCommandsTest,xtrimWithParams,Feature Envy,"checkstyle,experts",src/test/java/redis/clients/jedis/commands/unified/pipeline/StreamsPipelineCommandsTest.java,src/test/java/redis/clients/jedis/commands/unified/pipeline/StreamsPipelineCommandsTest.java.StreamsPipelineCommandsTest.xtrimWithParams.Feature Envy,5.2.0,5.3.0-beta1,5.3.0-beta1,2
jedis,5.0.0,redis.clients.jedis.commands.unified.pooled,PooledMiscellaneousTest,pipeline,Long Method,"Decor,experts",src/test/java/redis/clients/jedis/commands/unified/pooled/PooledMiscellaneousTest.java,src/test/java/redis/clients/jedis/commands/unified/pooled/PooledMiscellaneousTest.java.PooledMiscellaneousTest.pipeline.Long Method,5.0.0,5.3.0-beta1,5.3.0-beta1,6
jedis,5.0.0,redis.clients.jedis.commands.unified.pooled,PooledMiscellaneousTest,transaction,Feature Envy,"checkstyle,experts",src/test/java/redis/clients/jedis/commands/unified/pooled/PooledMiscellaneousTest.java,src/test/java/redis/clients/jedis/commands/unified/pooled/PooledMiscellaneousTest.java.PooledMiscellaneousTest.transaction.Feature Envy,5.0.0,5.0.0,5.1.0,1
jedis,5.2.0,redis.clients.jedis.commands.unified.pooled,PooledMiscellaneousTest,watch,Feature Envy,"checkstyle,experts",src/test/java/redis/clients/jedis/commands/unified/pooled/PooledMiscellaneousTest.java,src/test/java/redis/clients/jedis/commands/unified/pooled/PooledMiscellaneousTest.java.PooledMiscellaneousTest.watch.Feature Envy,5.2.0,5.3.0-beta1,5.3.0-beta1,2
jedis,4.4.0-m1,redis.clients.jedis.commands.unified.pooled,PooledPipelinedTest,simple,Feature Envy,"designitejava,experts",src/test/java/redis/clients/jedis/commands/unified/pooled/PooledPipelinedTest.java,src/test/java/redis/clients/jedis/commands/unified/pooled/PooledPipelinedTest.java.PooledPipelinedTest.simple.Feature Envy,4.4.0-m1,5.0.0-alpha1,5.0.0-beta1,4
jedis,4.4.0-m1,redis.clients.jedis.commands.unified.pooled,PooledPipelinedTest,simple,Long Method,"Decor,experts",src/test/java/redis/clients/jedis/commands/unified/pooled/PooledPipelinedTest.java,src/test/java/redis/clients/jedis/commands/unified/pooled/PooledPipelinedTest.java.PooledPipelinedTest.simple.Long Method,4.4.0-m1,5.0.0-alpha1,5.0.0-beta1,4
jedis,4.4.0-rc1,redis.clients.jedis.commands.unified.pooled,PooledPipeliningTest,simple,Feature Envy,"designitejava,experts",src/test/java/redis/clients/jedis/commands/unified/pooled/PooledPipeliningTest.java,src/test/java/redis/clients/jedis/commands/unified/pooled/PooledPipeliningTest.java.PooledPipeliningTest.simple.Feature Envy,4.4.0-rc1,5.0.0-beta1,5.0.0,4
jedis,4.4.0-rc1,redis.clients.jedis.commands.unified.pooled,PooledPipeliningTest,simple,Long Method,"Decor,experts",src/test/java/redis/clients/jedis/commands/unified/pooled/PooledPipeliningTest.java,src/test/java/redis/clients/jedis/commands/unified/pooled/PooledPipeliningTest.java.PooledPipeliningTest.simple.Long Method,4.4.0-rc1,5.0.0-beta1,5.0.0,4
jedis,4.4.0-rc1,redis.clients.jedis.commands.unified.pooled,PooledPipeliningTest,transaction,Feature Envy,"checkstyle,experts",src/test/java/redis/clients/jedis/commands/unified/pooled/PooledPipeliningTest.java,src/test/java/redis/clients/jedis/commands/unified/pooled/PooledPipeliningTest.java.PooledPipeliningTest.transaction.Feature Envy,4.4.0-rc1,5.0.0-beta1,5.0.0,4
jedis,5.2.0,redis.clients.jedis.csc,ClientSideCacheFunctionalityTest,,God Class,"pmd,experts",src/test/java/redis/clients/jedis/csc/ClientSideCacheFunctionalityTest.java,src/test/java/redis/clients/jedis/csc/ClientSideCacheFunctionalityTest.java.ClientSideCacheFunctionalityTest..God Class,5.2.0,5.3.0-beta1,5.3.0-beta1,2
jedis,5.2.0,redis.clients.jedis.csc,ClientSideCacheFunctionalityTest,testEvictionPolicy,Feature Envy,"checkstyle,experts",src/test/java/redis/clients/jedis/csc/ClientSideCacheFunctionalityTest.java,src/test/java/redis/clients/jedis/csc/ClientSideCacheFunctionalityTest.java.ClientSideCacheFunctionalityTest.testEvictionPolicy.Feature Envy,5.2.0,5.3.0-beta1,5.3.0-beta1,2
jedis,5.2.0,redis.clients.jedis.csc,ClientSideCacheFunctionalityTest,testEvictionPolicyMultithreaded,Long Method,"Decor,experts",src/test/java/redis/clients/jedis/csc/ClientSideCacheFunctionalityTest.java,src/test/java/redis/clients/jedis/csc/ClientSideCacheFunctionalityTest.java.ClientSideCacheFunctionalityTest.testEvictionPolicyMultithreaded.Long Method,5.2.0,5.3.0-beta1,5.3.0-beta1,2
jedis,5.2.0,redis.clients.jedis.csc,ClientSideCacheFunctionalityTest,testInvalidationWithUnifiedJedis,Feature Envy,"checkstyle,experts",src/test/java/redis/clients/jedis/csc/ClientSideCacheFunctionalityTest.java,src/test/java/redis/clients/jedis/csc/ClientSideCacheFunctionalityTest.java.ClientSideCacheFunctionalityTest.testInvalidationWithUnifiedJedis.Feature Envy,5.2.0,5.3.0-beta1,5.3.0-beta1,2
jedis,5.2.0-beta1,redis.clients.jedis.csc,ClientSideCacheLibsTest,caffeineMore,Long Method,"Decor,experts",src/test/java/redis/clients/jedis/csc/ClientSideCacheLibsTest.java,src/test/java/redis/clients/jedis/csc/ClientSideCacheLibsTest.java.ClientSideCacheLibsTest.caffeineMore.Long Method,5.2.0-beta1,5.2.0-beta1,5.2.0,1
jedis,5.2.0-beta1,redis.clients.jedis.csc,JedisClusterClientSideCacheTest,flushAll,Feature Envy,"checkstyle,experts",src/test/java/redis/clients/jedis/csc/JedisClusterClientSideCacheTest.java,src/test/java/redis/clients/jedis/csc/JedisClusterClientSideCacheTest.java.JedisClusterClientSideCacheTest.flushAll.Feature Envy,5.2.0-beta1,5.2.0-beta1,5.2.0,1
jedis,5.2.0-beta1,redis.clients.jedis.csc,JedisClusterClientSideCacheTest,flushAllWithSimpleMap,Feature Envy,"checkstyle,experts",src/test/java/redis/clients/jedis/csc/JedisClusterClientSideCacheTest.java,src/test/java/redis/clients/jedis/csc/JedisClusterClientSideCacheTest.java.JedisClusterClientSideCacheTest.flushAllWithSimpleMap.Feature Envy,5.2.0-beta1,5.2.0-beta1,5.2.0,1
jedis,5.2.0-beta1,redis.clients.jedis.csc,JedisClusterClientSideCacheTest,flushAllWithSimpleMap,Long Method,"Decor,experts",src/test/java/redis/clients/jedis/csc/JedisClusterClientSideCacheTest.java,src/test/java/redis/clients/jedis/csc/JedisClusterClientSideCacheTest.java.JedisClusterClientSideCacheTest.flushAllWithSimpleMap.Long Method,5.2.0-beta1,5.2.0-beta1,5.2.0,1
jedis,5.2.0-beta1,redis.clients.jedis.csc,JedisClusterClientSideCacheTest,simple,Feature Envy,"checkstyle,experts",src/test/java/redis/clients/jedis/csc/JedisClusterClientSideCacheTest.java,src/test/java/redis/clients/jedis/csc/JedisClusterClientSideCacheTest.java.JedisClusterClientSideCacheTest.simple.Feature Envy,5.2.0-beta1,5.2.0-beta1,5.2.0,1
jedis,5.2.0-beta1,redis.clients.jedis.csc,JedisClusterClientSideCacheTest,simpleWithSimpleMap,Feature Envy,"checkstyle,experts",src/test/java/redis/clients/jedis/csc/JedisClusterClientSideCacheTest.java,src/test/java/redis/clients/jedis/csc/JedisClusterClientSideCacheTest.java.JedisClusterClientSideCacheTest.simpleWithSimpleMap.Feature Envy,5.2.0-beta1,5.2.0-beta1,5.2.0,1
jedis,5.2.0-beta1,redis.clients.jedis.csc,JedisPooledClientSideCacheTest,flushAllWithSimpleMap,Long Method,"Decor,experts",src/test/java/redis/clients/jedis/csc/JedisPooledClientSideCacheTest.java,src/test/java/redis/clients/jedis/csc/JedisPooledClientSideCacheTest.java.JedisPooledClientSideCacheTest.flushAllWithSimpleMap.Long Method,5.2.0-beta1,5.2.0-beta1,5.2.0,1
jedis,5.2.0,redis.clients.jedis.csc,JedisPooledClientSideCacheTestBase,clearIfOneDiesTest,Feature Envy,"checkstyle,experts",src/test/java/redis/clients/jedis/csc/JedisPooledClientSideCacheTestBase.java,src/test/java/redis/clients/jedis/csc/JedisPooledClientSideCacheTestBase.java.JedisPooledClientSideCacheTestBase.clearIfOneDiesTest.Feature Envy,5.2.0,5.3.0-beta1,5.3.0-beta1,2
jedis,5.2.0-beta1,redis.clients.jedis.csc,JedisSentineledClientSideCacheTest,flushAllWithSimpleMap,Long Method,"Decor,experts",src/test/java/redis/clients/jedis/csc/JedisSentineledClientSideCacheTest.java,src/test/java/redis/clients/jedis/csc/JedisSentineledClientSideCacheTest.java.JedisSentineledClientSideCacheTest.flushAllWithSimpleMap.Long Method,5.2.0-beta1,5.2.0-beta1,5.2.0,1
jedis,5.2.0,redis.clients.jedis.csc,UnifiedJedisClientSideCacheTestBase,,God Class,"pmd,experts",src/test/java/redis/clients/jedis/csc/UnifiedJedisClientSideCacheTestBase.java,src/test/java/redis/clients/jedis/csc/UnifiedJedisClientSideCacheTestBase.java.UnifiedJedisClientSideCacheTestBase..God Class,5.2.0,5.3.0-beta1,5.3.0-beta1,2
jedis,5.2.0,redis.clients.jedis.csc,UnifiedJedisClientSideCacheTestBase,cacheUsedTest,Feature Envy,"checkstyle,experts",src/test/java/redis/clients/jedis/csc/UnifiedJedisClientSideCacheTestBase.java,src/test/java/redis/clients/jedis/csc/UnifiedJedisClientSideCacheTestBase.java.UnifiedJedisClientSideCacheTestBase.cacheUsedTest.Feature Envy,5.2.0,5.3.0-beta1,5.3.0-beta1,2
jedis,5.2.0,redis.clients.jedis.csc,UnifiedJedisClientSideCacheTestBase,flushAll,Feature Envy,"checkstyle,experts",src/test/java/redis/clients/jedis/csc/UnifiedJedisClientSideCacheTestBase.java,src/test/java/redis/clients/jedis/csc/UnifiedJedisClientSideCacheTestBase.java.UnifiedJedisClientSideCacheTestBase.flushAll.Feature Envy,5.2.0,5.3.0-beta1,5.3.0-beta1,2
jedis,5.2.0,redis.clients.jedis.csc,UnifiedJedisClientSideCacheTestBase,flushAllWithSimpleMap,Feature Envy,"checkstyle,experts",src/test/java/redis/clients/jedis/csc/UnifiedJedisClientSideCacheTestBase.java,src/test/java/redis/clients/jedis/csc/UnifiedJedisClientSideCacheTestBase.java.UnifiedJedisClientSideCacheTestBase.flushAllWithSimpleMap.Feature Envy,5.2.0,5.3.0-beta1,5.3.0-beta1,2
jedis,5.2.0,redis.clients.jedis.csc,UnifiedJedisClientSideCacheTestBase,immutableCacheEntriesTest,Feature Envy,"checkstyle,experts",src/test/java/redis/clients/jedis/csc/UnifiedJedisClientSideCacheTestBase.java,src/test/java/redis/clients/jedis/csc/UnifiedJedisClientSideCacheTestBase.java.UnifiedJedisClientSideCacheTestBase.immutableCacheEntriesTest.Feature Envy,5.2.0,5.3.0-beta1,5.3.0-beta1,2
jedis,5.2.0,redis.clients.jedis.csc,UnifiedJedisClientSideCacheTestBase,invalidationOnCacheHitTest,Feature Envy,"checkstyle,experts",src/test/java/redis/clients/jedis/csc/UnifiedJedisClientSideCacheTestBase.java,src/test/java/redis/clients/jedis/csc/UnifiedJedisClientSideCacheTestBase.java.UnifiedJedisClientSideCacheTestBase.invalidationOnCacheHitTest.Feature Envy,5.2.0,5.3.0-beta1,5.3.0-beta1,2
jedis,5.2.0,redis.clients.jedis.csc,UnifiedJedisClientSideCacheTestBase,invalidationOnCacheHitTest,Long Method,"Decor,experts",src/test/java/redis/clients/jedis/csc/UnifiedJedisClientSideCacheTestBase.java,src/test/java/redis/clients/jedis/csc/UnifiedJedisClientSideCacheTestBase.java.UnifiedJedisClientSideCacheTestBase.invalidationOnCacheHitTest.Long Method,5.2.0,5.3.0-beta1,5.3.0-beta1,2
jedis,5.2.0,redis.clients.jedis.csc,UnifiedJedisClientSideCacheTestBase,invalidationTest,Feature Envy,"checkstyle,experts",src/test/java/redis/clients/jedis/csc/UnifiedJedisClientSideCacheTestBase.java,src/test/java/redis/clients/jedis/csc/UnifiedJedisClientSideCacheTestBase.java.UnifiedJedisClientSideCacheTestBase.invalidationTest.Feature Envy,5.2.0,5.3.0-beta1,5.3.0-beta1,2
jedis,5.2.0,redis.clients.jedis.csc,UnifiedJedisClientSideCacheTestBase,simple,Feature Envy,"checkstyle,experts",src/test/java/redis/clients/jedis/csc/UnifiedJedisClientSideCacheTestBase.java,src/test/java/redis/clients/jedis/csc/UnifiedJedisClientSideCacheTestBase.java.UnifiedJedisClientSideCacheTestBase.simple.Feature Envy,5.2.0,5.3.0-beta1,5.3.0-beta1,2
jedis,5.2.0,redis.clients.jedis.csc,UnifiedJedisClientSideCacheTestBase,simpleWithSimpleMap,Feature Envy,"checkstyle,experts",src/test/java/redis/clients/jedis/csc/UnifiedJedisClientSideCacheTestBase.java,src/test/java/redis/clients/jedis/csc/UnifiedJedisClientSideCacheTestBase.java.UnifiedJedisClientSideCacheTestBase.simpleWithSimpleMap.Feature Envy,5.2.0,5.3.0-beta1,5.3.0-beta1,2
jedis,5.1.0,redis.clients.jedis.examples,GeoShapeFieldsUsageInRediSearch,main,Feature Envy,"checkstyle,experts",src/test/java/redis/clients/jedis/examples/GeoShapeFieldsUsageInRediSearch.java,src/test/java/redis/clients/jedis/examples/GeoShapeFieldsUsageInRediSearch.java.GeoShapeFieldsUsageInRediSearch.main.Feature Envy,5.1.0,5.3.0-beta1,5.3.0-beta1,5
jedis,5.1.0,redis.clients.jedis.examples,GeoShapeFieldsUsageInRediSearch,main,Long Method,"Decor,experts",src/test/java/redis/clients/jedis/examples/GeoShapeFieldsUsageInRediSearch.java,src/test/java/redis/clients/jedis/examples/GeoShapeFieldsUsageInRediSearch.java.GeoShapeFieldsUsageInRediSearch.main.Long Method,5.1.0,5.3.0-beta1,5.3.0-beta1,5
jedis,4.0.0-RC1,redis.clients.jedis.exceptions,ExceptionsTest,,God Class,"pmd,experts",src/test/java/redis/clients/jedis/exceptions/ExceptionsTest.java,src/test/java/redis/clients/jedis/exceptions/ExceptionsTest.java.ExceptionsTest..God Class,4.0.0-RC1,5.3.0-beta1,5.3.0-beta1,19
jedis,4.0.0-RC1,redis.clients.jedis.exceptions,ExceptionsTest,askData,Long Method,"Decor,experts",src/test/java/redis/clients/jedis/exceptions/ExceptionsTest.java,src/test/java/redis/clients/jedis/exceptions/ExceptionsTest.java.ExceptionsTest.askData.Long Method,4.0.0-RC1,5.3.0-beta1,5.3.0-beta1,19
jedis,5.2.0-beta1,redis.clients.jedis.misc,AutomaticFailoverTest,commandFailover,Feature Envy,"checkstyle,experts",src/test/java/redis/clients/jedis/misc/AutomaticFailoverTest.java,src/test/java/redis/clients/jedis/misc/AutomaticFailoverTest.java.AutomaticFailoverTest.commandFailover.Feature Envy,5.2.0-beta1,5.2.0-beta1,5.2.0,1
jedis,5.2.0-beta1,redis.clients.jedis.misc,AutomaticFailoverTest,commandFailover,Long Method,"Decor,experts",src/test/java/redis/clients/jedis/misc/AutomaticFailoverTest.java,src/test/java/redis/clients/jedis/misc/AutomaticFailoverTest.java.AutomaticFailoverTest.commandFailover.Long Method,5.2.0-beta1,5.3.0-beta1,5.3.0-beta1,3
jedis,5.2.0-beta1,redis.clients.jedis.misc,AutomaticFailoverTest,failoverFromAuthError,Feature Envy,"checkstyle,experts",src/test/java/redis/clients/jedis/misc/AutomaticFailoverTest.java,src/test/java/redis/clients/jedis/misc/AutomaticFailoverTest.java.AutomaticFailoverTest.failoverFromAuthError.Feature Envy,5.2.0-beta1,5.2.0-beta1,5.2.0,1
jedis,5.2.0-beta1,redis.clients.jedis.misc,AutomaticFailoverTest,pipelineFailover,Feature Envy,"checkstyle,experts",src/test/java/redis/clients/jedis/misc/AutomaticFailoverTest.java,src/test/java/redis/clients/jedis/misc/AutomaticFailoverTest.java.AutomaticFailoverTest.pipelineFailover.Feature Envy,5.2.0-beta1,5.2.0-beta1,5.2.0,1
jedis,5.0.0,redis.clients.jedis.misc,ResponsesToStringTest,GeoRadiusResponse,Feature Envy,"checkstyle,experts",src/test/java/redis/clients/jedis/misc/ResponsesToStringTest.java,src/test/java/redis/clients/jedis/misc/ResponsesToStringTest.java.ResponsesToStringTest.GeoRadiusResponse.Feature Envy,5.0.0,5.3.0-beta1,5.3.0-beta1,6
jedis,5.0.0,redis.clients.jedis.misc,TupleTest,compareEqual,Feature Envy,"checkstyle,experts",src/test/java/redis/clients/jedis/misc/TupleTest.java,src/test/java/redis/clients/jedis/misc/TupleTest.java.TupleTest.compareEqual.Feature Envy,5.0.0,5.3.0-beta1,5.3.0-beta1,6
jedis,5.0.0,redis.clients.jedis.misc,TupleTest,compareNoMatch,Feature Envy,"checkstyle,experts",src/test/java/redis/clients/jedis/misc/TupleTest.java,src/test/java/redis/clients/jedis/misc/TupleTest.java.TupleTest.compareNoMatch.Feature Envy,5.0.0,5.3.0-beta1,5.3.0-beta1,6
jedis,5.0.0,redis.clients.jedis.misc,TupleTest,compareSameScore,Feature Envy,"checkstyle,experts",src/test/java/redis/clients/jedis/misc/TupleTest.java,src/test/java/redis/clients/jedis/misc/TupleTest.java.TupleTest.compareSameScore.Feature Envy,5.0.0,5.3.0-beta1,5.3.0-beta1,6
jedis,5.0.0,redis.clients.jedis.misc,TupleTest,compareSameScoreObject,Feature Envy,"checkstyle,experts",src/test/java/redis/clients/jedis/misc/TupleTest.java,src/test/java/redis/clients/jedis/misc/TupleTest.java.TupleTest.compareSameScoreObject.Feature Envy,5.0.0,5.3.0-beta1,5.3.0-beta1,6
jedis,5.2.0,redis.clients.jedis.mocked.pipeline,PipeliningBaseBitmapCommandsTest,,God Class,"pmd,experts",src/test/java/redis/clients/jedis/mocked/pipeline/PipeliningBaseBitmapCommandsTest.java,src/test/java/redis/clients/jedis/mocked/pipeline/PipeliningBaseBitmapCommandsTest.java.PipeliningBaseBitmapCommandsTest..God Class,5.2.0,5.3.0-beta1,5.3.0-beta1,2
jedis,5.2.0,redis.clients.jedis.mocked.pipeline,PipeliningBaseBloomFilterCommandsTest,,God Class,"pmd,experts",src/test/java/redis/clients/jedis/mocked/pipeline/PipeliningBaseBloomFilterCommandsTest.java,src/test/java/redis/clients/jedis/mocked/pipeline/PipeliningBaseBloomFilterCommandsTest.java.PipeliningBaseBloomFilterCommandsTest..God Class,5.2.0,5.3.0-beta1,5.3.0-beta1,2
jedis,5.2.0,redis.clients.jedis.mocked.pipeline,PipeliningBaseCuckooFilterCommandsTest,,God Class,"pmd,experts",src/test/java/redis/clients/jedis/mocked/pipeline/PipeliningBaseCuckooFilterCommandsTest.java,src/test/java/redis/clients/jedis/mocked/pipeline/PipeliningBaseCuckooFilterCommandsTest.java.PipeliningBaseCuckooFilterCommandsTest..God Class,5.2.0,5.3.0-beta1,5.3.0-beta1,2
jedis,5.2.0,redis.clients.jedis.mocked.pipeline,PipeliningBaseCuckooFilterCommandsTest,testCfReserveWithParams,Feature Envy,"checkstyle,experts",src/test/java/redis/clients/jedis/mocked/pipeline/PipeliningBaseCuckooFilterCommandsTest.java,src/test/java/redis/clients/jedis/mocked/pipeline/PipeliningBaseCuckooFilterCommandsTest.java.PipeliningBaseCuckooFilterCommandsTest.testCfReserveWithParams.Feature Envy,5.2.0,5.3.0-beta1,5.3.0-beta1,2
jedis,5.2.0,redis.clients.jedis.mocked.pipeline,PipeliningBaseGenericCommandsTest,,God Class,"pmd,checkstyle,experts",src/test/java/redis/clients/jedis/mocked/pipeline/PipeliningBaseGenericCommandsTest.java,src/test/java/redis/clients/jedis/mocked/pipeline/PipeliningBaseGenericCommandsTest.java.PipeliningBaseGenericCommandsTest..God Class,5.2.0,5.3.0-beta1,5.3.0-beta1,2
jedis,5.2.0,redis.clients.jedis.mocked.pipeline,PipeliningBaseGenericCommandsTest,testMigrateMultipleKeysBinary,Feature Envy,"checkstyle,experts",src/test/java/redis/clients/jedis/mocked/pipeline/PipeliningBaseGenericCommandsTest.java,src/test/java/redis/clients/jedis/mocked/pipeline/PipeliningBaseGenericCommandsTest.java.PipeliningBaseGenericCommandsTest.testMigrateMultipleKeysBinary.Feature Envy,5.2.0,5.3.0-beta1,5.3.0-beta1,2
jedis,5.2.0,redis.clients.jedis.mocked.pipeline,PipeliningBaseGeospatialCommandsTest,,God Class,"pmd,experts",src/test/java/redis/clients/jedis/mocked/pipeline/PipeliningBaseGeospatialCommandsTest.java,src/test/java/redis/clients/jedis/mocked/pipeline/PipeliningBaseGeospatialCommandsTest.java.PipeliningBaseGeospatialCommandsTest..God Class,5.2.0,5.3.0-beta1,5.3.0-beta1,2
jedis,5.2.0,redis.clients.jedis.mocked.pipeline,PipeliningBaseHashCommandsTest,,God Class,"pmd,experts",src/test/java/redis/clients/jedis/mocked/pipeline/PipeliningBaseHashCommandsTest.java,src/test/java/redis/clients/jedis/mocked/pipeline/PipeliningBaseHashCommandsTest.java.PipeliningBaseHashCommandsTest..God Class,5.2.0,5.3.0-beta1,5.3.0-beta1,2
jedis,5.2.0,redis.clients.jedis.mocked.pipeline,PipeliningBaseJsonCommandsTest,,God Class,"pmd,experts",src/test/java/redis/clients/jedis/mocked/pipeline/PipeliningBaseJsonCommandsTest.java,src/test/java/redis/clients/jedis/mocked/pipeline/PipeliningBaseJsonCommandsTest.java.PipeliningBaseJsonCommandsTest..God Class,5.2.0,5.3.0-beta1,5.3.0-beta1,2
jedis,5.2.0,redis.clients.jedis.mocked.pipeline,PipeliningBaseListCommandsTest,,God Class,"pmd,experts",src/test/java/redis/clients/jedis/mocked/pipeline/PipeliningBaseListCommandsTest.java,src/test/java/redis/clients/jedis/mocked/pipeline/PipeliningBaseListCommandsTest.java.PipeliningBaseListCommandsTest..God Class,5.2.0,5.3.0-beta1,5.3.0-beta1,2
jedis,5.2.0,redis.clients.jedis.mocked.pipeline,PipeliningBaseScriptingAndFunctionsCommandsTest,,God Class,"pmd,experts",src/test/java/redis/clients/jedis/mocked/pipeline/PipeliningBaseScriptingAndFunctionsCommandsTest.java,src/test/java/redis/clients/jedis/mocked/pipeline/PipeliningBaseScriptingAndFunctionsCommandsTest.java.PipeliningBaseScriptingAndFunctionsCommandsTest..God Class,5.2.0,5.3.0-beta1,5.3.0-beta1,2
jedis,5.2.0,redis.clients.jedis.mocked.pipeline,PipeliningBaseSearchAndQueryCommandsTest,,God Class,"pmd,experts",src/test/java/redis/clients/jedis/mocked/pipeline/PipeliningBaseSearchAndQueryCommandsTest.java,src/test/java/redis/clients/jedis/mocked/pipeline/PipeliningBaseSearchAndQueryCommandsTest.java.PipeliningBaseSearchAndQueryCommandsTest..God Class,5.2.0,5.3.0-beta1,5.3.0-beta1,2
jedis,5.2.0,redis.clients.jedis.mocked.pipeline,PipeliningBaseSetCommandsTest,,God Class,"pmd,experts",src/test/java/redis/clients/jedis/mocked/pipeline/PipeliningBaseSetCommandsTest.java,src/test/java/redis/clients/jedis/mocked/pipeline/PipeliningBaseSetCommandsTest.java.PipeliningBaseSetCommandsTest..God Class,5.2.0,5.3.0-beta1,5.3.0-beta1,2
jedis,5.2.0,redis.clients.jedis.mocked.pipeline,PipeliningBaseSortedSetCommandsTest,,God Class,"pmd,checkstyle,experts",src/test/java/redis/clients/jedis/mocked/pipeline/PipeliningBaseSortedSetCommandsTest.java,src/test/java/redis/clients/jedis/mocked/pipeline/PipeliningBaseSortedSetCommandsTest.java.PipeliningBaseSortedSetCommandsTest..God Class,5.2.0,5.3.0-beta1,5.3.0-beta1,2
jedis,5.2.0,redis.clients.jedis.mocked.pipeline,PipeliningBaseStreamCommandsTest,,God Class,"pmd,experts",src/test/java/redis/clients/jedis/mocked/pipeline/PipeliningBaseStreamCommandsTest.java,src/test/java/redis/clients/jedis/mocked/pipeline/PipeliningBaseStreamCommandsTest.java.PipeliningBaseStreamCommandsTest..God Class,5.2.0,5.3.0-beta1,5.3.0-beta1,2
jedis,5.2.0,redis.clients.jedis.mocked.pipeline,PipeliningBaseStringCommandsTest,,God Class,"pmd,experts",src/test/java/redis/clients/jedis/mocked/pipeline/PipeliningBaseStringCommandsTest.java,src/test/java/redis/clients/jedis/mocked/pipeline/PipeliningBaseStringCommandsTest.java.PipeliningBaseStringCommandsTest..God Class,5.2.0,5.3.0-beta1,5.3.0-beta1,2
jedis,5.2.0,redis.clients.jedis.mocked.pipeline,PipeliningBaseTDigestCommandsTest,,God Class,"pmd,experts",src/test/java/redis/clients/jedis/mocked/pipeline/PipeliningBaseTDigestCommandsTest.java,src/test/java/redis/clients/jedis/mocked/pipeline/PipeliningBaseTDigestCommandsTest.java.PipeliningBaseTDigestCommandsTest..God Class,5.2.0,5.3.0-beta1,5.3.0-beta1,2
jedis,5.2.0,redis.clients.jedis.mocked.pipeline,PipeliningBaseTimeSeriesCommandsTest,,God Class,"pmd,experts",src/test/java/redis/clients/jedis/mocked/pipeline/PipeliningBaseTimeSeriesCommandsTest.java,src/test/java/redis/clients/jedis/mocked/pipeline/PipeliningBaseTimeSeriesCommandsTest.java.PipeliningBaseTimeSeriesCommandsTest..God Class,5.2.0,5.3.0-beta1,5.3.0-beta1,2
jedis,5.2.0,redis.clients.jedis.mocked.unified,UnifiedJedisBitmapCommandsTest,,God Class,"pmd,experts",src/test/java/redis/clients/jedis/mocked/unified/UnifiedJedisBitmapCommandsTest.java,src/test/java/redis/clients/jedis/mocked/unified/UnifiedJedisBitmapCommandsTest.java.UnifiedJedisBitmapCommandsTest..God Class,5.2.0,5.3.0-beta1,5.3.0-beta1,2
jedis,5.2.0,redis.clients.jedis.mocked.unified,UnifiedJedisBloomFilterCommandsTest,,God Class,"pmd,experts",src/test/java/redis/clients/jedis/mocked/unified/UnifiedJedisBloomFilterCommandsTest.java,src/test/java/redis/clients/jedis/mocked/unified/UnifiedJedisBloomFilterCommandsTest.java.UnifiedJedisBloomFilterCommandsTest..God Class,5.2.0,5.3.0-beta1,5.3.0-beta1,2
jedis,5.2.0,redis.clients.jedis.mocked.unified,UnifiedJedisCuckooFilterCommandsTest,,God Class,"pmd,experts",src/test/java/redis/clients/jedis/mocked/unified/UnifiedJedisCuckooFilterCommandsTest.java,src/test/java/redis/clients/jedis/mocked/unified/UnifiedJedisCuckooFilterCommandsTest.java.UnifiedJedisCuckooFilterCommandsTest..God Class,5.2.0,5.3.0-beta1,5.3.0-beta1,2
jedis,5.2.0,redis.clients.jedis.mocked.unified,UnifiedJedisGenericCommandsTest,,God Class,"pmd,checkstyle,experts",src/test/java/redis/clients/jedis/mocked/unified/UnifiedJedisGenericCommandsTest.java,src/test/java/redis/clients/jedis/mocked/unified/UnifiedJedisGenericCommandsTest.java.UnifiedJedisGenericCommandsTest..God Class,5.2.0,5.3.0-beta1,5.3.0-beta1,2
jedis,5.2.0,redis.clients.jedis.mocked.unified,UnifiedJedisGeospatialCommandsTest,,God Class,"pmd,experts",src/test/java/redis/clients/jedis/mocked/unified/UnifiedJedisGeospatialCommandsTest.java,src/test/java/redis/clients/jedis/mocked/unified/UnifiedJedisGeospatialCommandsTest.java.UnifiedJedisGeospatialCommandsTest..God Class,5.2.0,5.3.0-beta1,5.3.0-beta1,2
jedis,5.2.0,redis.clients.jedis.mocked.unified,UnifiedJedisGeospatialCommandsTest,testGeosearchStoreStoreDist,Feature Envy,"checkstyle,experts",src/test/java/redis/clients/jedis/mocked/unified/UnifiedJedisGeospatialCommandsTest.java,src/test/java/redis/clients/jedis/mocked/unified/UnifiedJedisGeospatialCommandsTest.java.UnifiedJedisGeospatialCommandsTest.testGeosearchStoreStoreDist.Feature Envy,5.2.0,5.3.0-beta1,5.3.0-beta1,2
jedis,5.2.0,redis.clients.jedis.mocked.unified,UnifiedJedisGeospatialCommandsTest,testGeosearchStoreStoreDistBinary,Feature Envy,"checkstyle,experts",src/test/java/redis/clients/jedis/mocked/unified/UnifiedJedisGeospatialCommandsTest.java,src/test/java/redis/clients/jedis/mocked/unified/UnifiedJedisGeospatialCommandsTest.java.UnifiedJedisGeospatialCommandsTest.testGeosearchStoreStoreDistBinary.Feature Envy,5.2.0,5.3.0-beta1,5.3.0-beta1,2
jedis,5.2.0,redis.clients.jedis.mocked.unified,UnifiedJedisGeospatialCommandsTest,testGeosearchStoreWithParams,Feature Envy,"checkstyle,experts",src/test/java/redis/clients/jedis/mocked/unified/UnifiedJedisGeospatialCommandsTest.java,src/test/java/redis/clients/jedis/mocked/unified/UnifiedJedisGeospatialCommandsTest.java.UnifiedJedisGeospatialCommandsTest.testGeosearchStoreWithParams.Feature Envy,5.2.0,5.3.0-beta1,5.3.0-beta1,2
jedis,5.2.0,redis.clients.jedis.mocked.unified,UnifiedJedisGeospatialCommandsTest,testGeosearchStoreWithParamsBinary,Feature Envy,"checkstyle,experts",src/test/java/redis/clients/jedis/mocked/unified/UnifiedJedisGeospatialCommandsTest.java,src/test/java/redis/clients/jedis/mocked/unified/UnifiedJedisGeospatialCommandsTest.java.UnifiedJedisGeospatialCommandsTest.testGeosearchStoreWithParamsBinary.Feature Envy,5.2.0,5.3.0-beta1,5.3.0-beta1,2
jedis,5.2.0,redis.clients.jedis.mocked.unified,UnifiedJedisGeospatialCommandsTest,testGeosearchWithParams,Feature Envy,"checkstyle,experts",src/test/java/redis/clients/jedis/mocked/unified/UnifiedJedisGeospatialCommandsTest.java,src/test/java/redis/clients/jedis/mocked/unified/UnifiedJedisGeospatialCommandsTest.java.UnifiedJedisGeospatialCommandsTest.testGeosearchWithParams.Feature Envy,5.2.0,5.3.0-beta1,5.3.0-beta1,2
jedis,5.2.0,redis.clients.jedis.mocked.unified,UnifiedJedisGeospatialCommandsTest,testGeosearchWithParamsBinary,Feature Envy,"checkstyle,experts",src/test/java/redis/clients/jedis/mocked/unified/UnifiedJedisGeospatialCommandsTest.java,src/test/java/redis/clients/jedis/mocked/unified/UnifiedJedisGeospatialCommandsTest.java.UnifiedJedisGeospatialCommandsTest.testGeosearchWithParamsBinary.Feature Envy,5.2.0,5.3.0-beta1,5.3.0-beta1,2
jedis,5.2.0,redis.clients.jedis.mocked.unified,UnifiedJedisHashCommandsTest,,God Class,"pmd,experts",src/test/java/redis/clients/jedis/mocked/unified/UnifiedJedisHashCommandsTest.java,src/test/java/redis/clients/jedis/mocked/unified/UnifiedJedisHashCommandsTest.java.UnifiedJedisHashCommandsTest..God Class,5.2.0,5.3.0-beta1,5.3.0-beta1,2
jedis,5.2.0,redis.clients.jedis.mocked.unified,UnifiedJedisJsonCommandsTest,,God Class,"pmd,experts",src/test/java/redis/clients/jedis/mocked/unified/UnifiedJedisJsonCommandsTest.java,src/test/java/redis/clients/jedis/mocked/unified/UnifiedJedisJsonCommandsTest.java.UnifiedJedisJsonCommandsTest..God Class,5.2.0,5.3.0-beta1,5.3.0-beta1,2
jedis,5.2.0,redis.clients.jedis.mocked.unified,UnifiedJedisListCommandsTest,,God Class,"pmd,experts",src/test/java/redis/clients/jedis/mocked/unified/UnifiedJedisListCommandsTest.java,src/test/java/redis/clients/jedis/mocked/unified/UnifiedJedisListCommandsTest.java.UnifiedJedisListCommandsTest..God Class,5.2.0,5.3.0-beta1,5.3.0-beta1,2
jedis,5.2.0,redis.clients.jedis.mocked.unified,UnifiedJedisScriptingAndFunctionsCommandsTest,,God Class,"pmd,experts",src/test/java/redis/clients/jedis/mocked/unified/UnifiedJedisScriptingAndFunctionsCommandsTest.java,src/test/java/redis/clients/jedis/mocked/unified/UnifiedJedisScriptingAndFunctionsCommandsTest.java.UnifiedJedisScriptingAndFunctionsCommandsTest..God Class,5.2.0,5.3.0-beta1,5.3.0-beta1,2
jedis,5.2.0,redis.clients.jedis.mocked.unified,UnifiedJedisSearchAndQueryCommandsTest,,God Class,"pmd,experts",src/test/java/redis/clients/jedis/mocked/unified/UnifiedJedisSearchAndQueryCommandsTest.java,src/test/java/redis/clients/jedis/mocked/unified/UnifiedJedisSearchAndQueryCommandsTest.java.UnifiedJedisSearchAndQueryCommandsTest..God Class,5.2.0,5.3.0-beta1,5.3.0-beta1,2
jedis,5.2.0,redis.clients.jedis.mocked.unified,UnifiedJedisSetCommandsTest,,God Class,"pmd,experts",src/test/java/redis/clients/jedis/mocked/unified/UnifiedJedisSetCommandsTest.java,src/test/java/redis/clients/jedis/mocked/unified/UnifiedJedisSetCommandsTest.java.UnifiedJedisSetCommandsTest..God Class,5.2.0,5.3.0-beta1,5.3.0-beta1,2
jedis,5.2.0,redis.clients.jedis.mocked.unified,UnifiedJedisSortedSetCommandsTest,,God Class,"pmd,checkstyle,experts",src/test/java/redis/clients/jedis/mocked/unified/UnifiedJedisSortedSetCommandsTest.java,src/test/java/redis/clients/jedis/mocked/unified/UnifiedJedisSortedSetCommandsTest.java.UnifiedJedisSortedSetCommandsTest..God Class,5.2.0,5.3.0-beta1,5.3.0-beta1,2
jedis,5.2.0,redis.clients.jedis.mocked.unified,UnifiedJedisStreamCommandsTest,,God Class,"pmd,experts",src/test/java/redis/clients/jedis/mocked/unified/UnifiedJedisStreamCommandsTest.java,src/test/java/redis/clients/jedis/mocked/unified/UnifiedJedisStreamCommandsTest.java.UnifiedJedisStreamCommandsTest..God Class,5.2.0,5.3.0-beta1,5.3.0-beta1,2
jedis,5.2.0,redis.clients.jedis.mocked.unified,UnifiedJedisStringCommandsTest,,God Class,"pmd,experts",src/test/java/redis/clients/jedis/mocked/unified/UnifiedJedisStringCommandsTest.java,src/test/java/redis/clients/jedis/mocked/unified/UnifiedJedisStringCommandsTest.java.UnifiedJedisStringCommandsTest..God Class,5.2.0,5.3.0-beta1,5.3.0-beta1,2
jedis,5.2.0,redis.clients.jedis.mocked.unified,UnifiedJedisTDigestCommandsTest,,God Class,"pmd,experts",src/test/java/redis/clients/jedis/mocked/unified/UnifiedJedisTDigestCommandsTest.java,src/test/java/redis/clients/jedis/mocked/unified/UnifiedJedisTDigestCommandsTest.java.UnifiedJedisTDigestCommandsTest..God Class,5.2.0,5.3.0-beta1,5.3.0-beta1,2
jedis,5.2.0,redis.clients.jedis.mocked.unified,UnifiedJedisTimeSeriesCommandsTest,,God Class,"pmd,experts",src/test/java/redis/clients/jedis/mocked/unified/UnifiedJedisTimeSeriesCommandsTest.java,src/test/java/redis/clients/jedis/mocked/unified/UnifiedJedisTimeSeriesCommandsTest.java.UnifiedJedisTimeSeriesCommandsTest..God Class,5.2.0,5.3.0-beta1,5.3.0-beta1,2
jedis,4.1.0,redis.clients.jedis.modules,RedisModulesPipelineTest,jsonV1,Feature Envy,"checkstyle,experts",src/test/java/redis/clients/jedis/modules/RedisModulesPipelineTest.java,src/test/java/redis/clients/jedis/modules/RedisModulesPipelineTest.java.RedisModulesPipelineTest.jsonV1.Feature Envy,4.1.0,5.3.0-beta1,5.3.0-beta1,17
jedis,4.1.0,redis.clients.jedis.modules,RedisModulesPipelineTest,jsonV2,Feature Envy,"checkstyle,experts",src/test/java/redis/clients/jedis/modules/RedisModulesPipelineTest.java,src/test/java/redis/clients/jedis/modules/RedisModulesPipelineTest.java.RedisModulesPipelineTest.jsonV2.Feature Envy,4.1.0,5.3.0-beta1,5.3.0-beta1,17
jedis,4.1.0,redis.clients.jedis.modules,RedisModulesPipelineTest,search,Feature Envy,"checkstyle,experts",src/test/java/redis/clients/jedis/modules/RedisModulesPipelineTest.java,src/test/java/redis/clients/jedis/modules/RedisModulesPipelineTest.java.RedisModulesPipelineTest.search.Feature Envy,4.1.0,5.3.0-beta1,5.3.0-beta1,17
jedis,4.2.0-m1,redis.clients.jedis.modules.bloom,BloomTest,,God Class,"pmd,experts",src/test/java/redis/clients/jedis/modules/bloom/BloomTest.java,src/test/java/redis/clients/jedis/modules/bloom/BloomTest.java.BloomTest..God Class,4.2.0-m1,5.3.0-beta1,5.3.0-beta1,16
jedis,4.2.0-m1,redis.clients.jedis.modules.bloom,BloomTest,insertExpansion,Feature Envy,"checkstyle,experts",src/test/java/redis/clients/jedis/modules/bloom/BloomTest.java,src/test/java/redis/clients/jedis/modules/bloom/BloomTest.java.BloomTest.insertExpansion.Feature Envy,4.2.0-m1,5.3.0-beta1,5.3.0-beta1,16
jedis,4.2.0-m1,redis.clients.jedis.modules.bloom,BloomTest,insertNonScaling,Feature Envy,"checkstyle,experts",src/test/java/redis/clients/jedis/modules/bloom/BloomTest.java,src/test/java/redis/clients/jedis/modules/bloom/BloomTest.java.BloomTest.insertNonScaling.Feature Envy,4.2.0-m1,5.3.0-beta1,5.3.0-beta1,16
jedis,4.2.0-m1,redis.clients.jedis.modules.bloom,BloomTest,testInsert,Feature Envy,"checkstyle,experts",src/test/java/redis/clients/jedis/modules/bloom/BloomTest.java,src/test/java/redis/clients/jedis/modules/bloom/BloomTest.java.BloomTest.testInsert.Feature Envy,4.2.0-m1,5.3.0-beta1,5.3.0-beta1,16
jedis,4.2.0-m1,redis.clients.jedis.modules.bloom,CMSTest,testMerge,Long Method,"Decor,experts",src/test/java/redis/clients/jedis/modules/bloom/CMSTest.java,src/test/java/redis/clients/jedis/modules/bloom/CMSTest.java.CMSTest.testMerge.Long Method,4.2.0-m1,5.3.0-beta1,5.3.0-beta1,16
jedis,4.2.0-m1,redis.clients.jedis.modules.bloom,CuckooTest,,God Class,"pmd,experts",src/test/java/redis/clients/jedis/modules/bloom/CuckooTest.java,src/test/java/redis/clients/jedis/modules/bloom/CuckooTest.java.CuckooTest..God Class,4.2.0-m1,5.3.0-beta1,5.3.0-beta1,16
jedis,4.2.0-m1,redis.clients.jedis.modules.bloom,CuckooTest,testReservationAllParams,Feature Envy,"checkstyle,experts",src/test/java/redis/clients/jedis/modules/bloom/CuckooTest.java,src/test/java/redis/clients/jedis/modules/bloom/CuckooTest.java.CuckooTest.testReservationAllParams.Feature Envy,4.2.0-m1,5.3.0-beta1,5.3.0-beta1,16
jedis,4.2.0-m1,redis.clients.jedis.modules.bloom,CuckooTest,testReservationCapacityAndBucketSizeAndMaxIterations,Feature Envy,"checkstyle,experts",src/test/java/redis/clients/jedis/modules/bloom/CuckooTest.java,src/test/java/redis/clients/jedis/modules/bloom/CuckooTest.java.CuckooTest.testReservationCapacityAndBucketSizeAndMaxIterations.Feature Envy,4.2.0-m1,5.3.0-beta1,5.3.0-beta1,16
jedis,4.3.0,redis.clients.jedis.modules.bloom,TDigestTest,,God Class,"pmd,experts",src/test/java/redis/clients/jedis/modules/bloom/TDigestTest.java,src/test/java/redis/clients/jedis/modules/bloom/TDigestTest.java.TDigestTest..God Class,4.3.0,5.3.0-beta1,5.3.0-beta1,12
jedis,4.3.0,redis.clients.jedis.modules.bloom,TDigestTest,mergeMultiAndParams,Feature Envy,"checkstyle,experts",src/test/java/redis/clients/jedis/modules/bloom/TDigestTest.java,src/test/java/redis/clients/jedis/modules/bloom/TDigestTest.java.TDigestTest.mergeMultiAndParams.Feature Envy,4.3.0,5.3.0-beta1,5.3.0-beta1,12
jedis,5.1.0,redis.clients.jedis.modules.gears,GearsTest,,God Class,"pmd,experts",src/test/java/redis/clients/jedis/modules/gears/GearsTest.java,src/test/java/redis/clients/jedis/modules/gears/GearsTest.java.GearsTest..God Class,5.1.0,5.3.0-beta1,5.3.0-beta1,5
jedis,5.1.0,redis.clients.jedis.modules.gears,GearsTest,testFunctionLibraryListNoCodeVerboseOne,Feature Envy,"checkstyle,experts",src/test/java/redis/clients/jedis/modules/gears/GearsTest.java,src/test/java/redis/clients/jedis/modules/gears/GearsTest.java.GearsTest.testFunctionLibraryListNoCodeVerboseOne.Feature Envy,5.1.0,5.3.0-beta1,5.3.0-beta1,5
jedis,5.1.0,redis.clients.jedis.modules.gears,GearsTest,testFunctionLibraryListNoCodeVerboseThree,Feature Envy,"checkstyle,experts",src/test/java/redis/clients/jedis/modules/gears/GearsTest.java,src/test/java/redis/clients/jedis/modules/gears/GearsTest.java.GearsTest.testFunctionLibraryListNoCodeVerboseThree.Feature Envy,5.1.0,5.3.0-beta1,5.3.0-beta1,5
jedis,5.1.0,redis.clients.jedis.modules.gears,GearsTest,testFunctionLibraryListNoCodeVerboseTwo,Feature Envy,"checkstyle,experts",src/test/java/redis/clients/jedis/modules/gears/GearsTest.java,src/test/java/redis/clients/jedis/modules/gears/GearsTest.java.GearsTest.testFunctionLibraryListNoCodeVerboseTwo.Feature Envy,5.1.0,5.3.0-beta1,5.3.0-beta1,5
jedis,5.1.0,redis.clients.jedis.modules.gears,GearsTest,testFunctionLibraryListNoCodeVerboseZero,Feature Envy,"checkstyle,experts",src/test/java/redis/clients/jedis/modules/gears/GearsTest.java,src/test/java/redis/clients/jedis/modules/gears/GearsTest.java.GearsTest.testFunctionLibraryListNoCodeVerboseZero.Feature Envy,5.1.0,5.3.0-beta1,5.3.0-beta1,5
jedis,5.1.0,redis.clients.jedis.modules.gears,GearsTest,testFunctionLibraryListWithCodeVerboseOne,Feature Envy,"checkstyle,experts",src/test/java/redis/clients/jedis/modules/gears/GearsTest.java,src/test/java/redis/clients/jedis/modules/gears/GearsTest.java.GearsTest.testFunctionLibraryListWithCodeVerboseOne.Feature Envy,5.1.0,5.3.0-beta1,5.3.0-beta1,5
jedis,5.1.0,redis.clients.jedis.modules.gears,GearsTest,testFunctionLibraryListWithCodeVerboseThree,Feature Envy,"checkstyle,experts",src/test/java/redis/clients/jedis/modules/gears/GearsTest.java,src/test/java/redis/clients/jedis/modules/gears/GearsTest.java.GearsTest.testFunctionLibraryListWithCodeVerboseThree.Feature Envy,5.1.0,5.3.0-beta1,5.3.0-beta1,5
jedis,5.1.0,redis.clients.jedis.modules.gears,GearsTest,testFunctionLibraryListWithCodeVerboseTwo,Feature Envy,"checkstyle,experts",src/test/java/redis/clients/jedis/modules/gears/GearsTest.java,src/test/java/redis/clients/jedis/modules/gears/GearsTest.java.GearsTest.testFunctionLibraryListWithCodeVerboseTwo.Feature Envy,5.1.0,5.3.0-beta1,5.3.0-beta1,5
jedis,5.1.0,redis.clients.jedis.modules.gears,GearsTest,testFunctionLibraryListWithCodeVerboseZero,Feature Envy,"checkstyle,experts",src/test/java/redis/clients/jedis/modules/gears/GearsTest.java,src/test/java/redis/clients/jedis/modules/gears/GearsTest.java.GearsTest.testFunctionLibraryListWithCodeVerboseZero.Feature Envy,5.1.0,5.3.0-beta1,5.3.0-beta1,5
jedis,5.1.0,redis.clients.jedis.modules.gears,GearsTest,testFunctionListNoCodeVerboseOne,Feature Envy,"checkstyle,experts",src/test/java/redis/clients/jedis/modules/gears/GearsTest.java,src/test/java/redis/clients/jedis/modules/gears/GearsTest.java.GearsTest.testFunctionListNoCodeVerboseOne.Feature Envy,5.1.0,5.3.0-beta1,5.3.0-beta1,5
jedis,5.1.0,redis.clients.jedis.modules.gears,GearsTest,testFunctionListNoCodeVerboseThree,Feature Envy,"checkstyle,experts",src/test/java/redis/clients/jedis/modules/gears/GearsTest.java,src/test/java/redis/clients/jedis/modules/gears/GearsTest.java.GearsTest.testFunctionListNoCodeVerboseThree.Feature Envy,5.1.0,5.3.0-beta1,5.3.0-beta1,5
jedis,5.1.0,redis.clients.jedis.modules.gears,GearsTest,testFunctionListNoCodeVerboseTwo,Feature Envy,"checkstyle,experts",src/test/java/redis/clients/jedis/modules/gears/GearsTest.java,src/test/java/redis/clients/jedis/modules/gears/GearsTest.java.GearsTest.testFunctionListNoCodeVerboseTwo.Feature Envy,5.1.0,5.3.0-beta1,5.3.0-beta1,5
jedis,5.1.0,redis.clients.jedis.modules.gears,GearsTest,testFunctionListNoCodeVerboseZero,Feature Envy,"checkstyle,experts",src/test/java/redis/clients/jedis/modules/gears/GearsTest.java,src/test/java/redis/clients/jedis/modules/gears/GearsTest.java.GearsTest.testFunctionListNoCodeVerboseZero.Feature Envy,5.1.0,5.3.0-beta1,5.3.0-beta1,5
jedis,5.1.0,redis.clients.jedis.modules.gears,GearsTest,testFunctionListWithCodeVerboseOne,Feature Envy,"checkstyle,experts",src/test/java/redis/clients/jedis/modules/gears/GearsTest.java,src/test/java/redis/clients/jedis/modules/gears/GearsTest.java.GearsTest.testFunctionListWithCodeVerboseOne.Feature Envy,5.1.0,5.3.0-beta1,5.3.0-beta1,5
jedis,5.1.0,redis.clients.jedis.modules.gears,GearsTest,testFunctionListWithCodeVerboseThree,Feature Envy,"checkstyle,experts",src/test/java/redis/clients/jedis/modules/gears/GearsTest.java,src/test/java/redis/clients/jedis/modules/gears/GearsTest.java.GearsTest.testFunctionListWithCodeVerboseThree.Feature Envy,5.1.0,5.3.0-beta1,5.3.0-beta1,5
jedis,5.1.0,redis.clients.jedis.modules.gears,GearsTest,testFunctionListWithCodeVerboseTwo,Feature Envy,"checkstyle,experts",src/test/java/redis/clients/jedis/modules/gears/GearsTest.java,src/test/java/redis/clients/jedis/modules/gears/GearsTest.java.GearsTest.testFunctionListWithCodeVerboseTwo.Feature Envy,5.1.0,5.3.0-beta1,5.3.0-beta1,5
jedis,5.1.0,redis.clients.jedis.modules.gears,GearsTest,testFunctionListWithCodeVerboseZero,Feature Envy,"checkstyle,experts",src/test/java/redis/clients/jedis/modules/gears/GearsTest.java,src/test/java/redis/clients/jedis/modules/gears/GearsTest.java.GearsTest.testFunctionListWithCodeVerboseZero.Feature Envy,5.1.0,5.3.0-beta1,5.3.0-beta1,5
jedis,5.1.0,redis.clients.jedis.modules.gears,GearsTest,testFunctionLoadWithConfig,Feature Envy,"checkstyle,experts",src/test/java/redis/clients/jedis/modules/gears/GearsTest.java,src/test/java/redis/clients/jedis/modules/gears/GearsTest.java.GearsTest.testFunctionLoadWithConfig.Feature Envy,5.1.0,5.3.0-beta1,5.3.0-beta1,5
jedis,5.1.0,redis.clients.jedis.modules.gears,GearsTest,testLibraryCallHashResult,Long Method,"Decor,experts",src/test/java/redis/clients/jedis/modules/gears/GearsTest.java,src/test/java/redis/clients/jedis/modules/gears/GearsTest.java.GearsTest.testLibraryCallHashResult.Long Method,5.1.0,5.3.0-beta1,5.3.0-beta1,5
jedis,4.2.0-rc1,redis.clients.jedis.modules.graph,GraphAPITest,,God Class,"pmd,experts",src/test/java/redis/clients/jedis/modules/graph/GraphAPITest.java,src/test/java/redis/clients/jedis/modules/graph/GraphAPITest.java.GraphAPITest..God Class,4.2.0-rc1,5.3.0-beta1,5.3.0-beta1,15
jedis,4.2.0-rc1,redis.clients.jedis.modules.graph,GraphAPITest,assertTestGeoPoint,Feature Envy,"checkstyle,experts",src/test/java/redis/clients/jedis/modules/graph/GraphAPITest.java,src/test/java/redis/clients/jedis/modules/graph/GraphAPITest.java.GraphAPITest.assertTestGeoPoint.Feature Envy,4.2.0-rc1,5.3.0-beta1,5.3.0-beta1,15
jedis,4.2.0-rc1,redis.clients.jedis.modules.graph,GraphAPITest,testAdditionToProcedures,Feature Envy,"checkstyle,experts",src/test/java/redis/clients/jedis/modules/graph/GraphAPITest.java,src/test/java/redis/clients/jedis/modules/graph/GraphAPITest.java.GraphAPITest.testAdditionToProcedures.Feature Envy,4.2.0-rc1,5.3.0-beta1,5.3.0-beta1,15
jedis,4.2.0-rc1,redis.clients.jedis.modules.graph,GraphAPITest,testArraySupport,Feature Envy,"checkstyle,experts",src/test/java/redis/clients/jedis/modules/graph/GraphAPITest.java,src/test/java/redis/clients/jedis/modules/graph/GraphAPITest.java.GraphAPITest.testArraySupport.Feature Envy,4.2.0-rc1,5.3.0-beta1,5.3.0-beta1,15
jedis,4.2.0-rc1,redis.clients.jedis.modules.graph,GraphAPITest,testCachedExecution,Feature Envy,"checkstyle,experts",src/test/java/redis/clients/jedis/modules/graph/GraphAPITest.java,src/test/java/redis/clients/jedis/modules/graph/GraphAPITest.java.GraphAPITest.testCachedExecution.Feature Envy,4.2.0-rc1,5.3.0-beta1,5.3.0-beta1,15
jedis,4.2.0-rc1,redis.clients.jedis.modules.graph,GraphAPITest,testCachedExecutionReadOnly,Feature Envy,"checkstyle,experts",src/test/java/redis/clients/jedis/modules/graph/GraphAPITest.java,src/test/java/redis/clients/jedis/modules/graph/GraphAPITest.java.GraphAPITest.testCachedExecutionReadOnly.Feature Envy,4.2.0-rc1,5.3.0-beta1,5.3.0-beta1,15
jedis,4.3.0-m1,redis.clients.jedis.modules.graph,GraphAPITest,testConnectNodes,Feature Envy,"checkstyle,experts",src/test/java/redis/clients/jedis/modules/graph/GraphAPITest.java,src/test/java/redis/clients/jedis/modules/graph/GraphAPITest.java.GraphAPITest.testConnectNodes.Feature Envy,4.3.0-m1,5.3.0-beta1,5.3.0-beta1,13
jedis,4.3.0-m1,redis.clients.jedis.modules.graph,GraphAPITest,testCreateLabeledNode,Feature Envy,"checkstyle,experts",src/test/java/redis/clients/jedis/modules/graph/GraphAPITest.java,src/test/java/redis/clients/jedis/modules/graph/GraphAPITest.java.GraphAPITest.testCreateLabeledNode.Feature Envy,4.3.0-m1,5.3.0-beta1,5.3.0-beta1,13
jedis,4.3.0-m1,redis.clients.jedis.modules.graph,GraphAPITest,testCreateNode,Feature Envy,"checkstyle,experts",src/test/java/redis/clients/jedis/modules/graph/GraphAPITest.java,src/test/java/redis/clients/jedis/modules/graph/GraphAPITest.java.GraphAPITest.testCreateNode.Feature Envy,4.3.0-m1,5.3.0-beta1,5.3.0-beta1,13
jedis,4.3.0-m1,redis.clients.jedis.modules.graph,GraphAPITest,testDeleteNodes,Feature Envy,"checkstyle,experts",src/test/java/redis/clients/jedis/modules/graph/GraphAPITest.java,src/test/java/redis/clients/jedis/modules/graph/GraphAPITest.java.GraphAPITest.testDeleteNodes.Feature Envy,4.3.0-m1,5.3.0-beta1,5.3.0-beta1,13
jedis,4.3.0-m1,redis.clients.jedis.modules.graph,GraphAPITest,testDeleteRelationship,Feature Envy,"checkstyle,experts",src/test/java/redis/clients/jedis/modules/graph/GraphAPITest.java,src/test/java/redis/clients/jedis/modules/graph/GraphAPITest.java.GraphAPITest.testDeleteRelationship.Feature Envy,4.3.0-m1,5.3.0-beta1,5.3.0-beta1,13
jedis,4.2.0-rc1,redis.clients.jedis.modules.graph,GraphAPITest,testIndex,Feature Envy,"checkstyle,experts",src/test/java/redis/clients/jedis/modules/graph/GraphAPITest.java,src/test/java/redis/clients/jedis/modules/graph/GraphAPITest.java.GraphAPITest.testIndex.Feature Envy,4.2.0-rc1,5.3.0-beta1,5.3.0-beta1,15
jedis,4.2.0-rc1,redis.clients.jedis.modules.graph,GraphAPITest,testNullGraphEntities,Feature Envy,"checkstyle,experts",src/test/java/redis/clients/jedis/modules/graph/GraphAPITest.java,src/test/java/redis/clients/jedis/modules/graph/GraphAPITest.java.GraphAPITest.testNullGraphEntities.Feature Envy,4.2.0-rc1,5.3.0-beta1,5.3.0-beta1,15
jedis,4.2.0-rc1,redis.clients.jedis.modules.graph,GraphAPITest,testRecord,Feature Envy,"checkstyle,experts",src/test/java/redis/clients/jedis/modules/graph/GraphAPITest.java,src/test/java/redis/clients/jedis/modules/graph/GraphAPITest.java.GraphAPITest.testRecord.Feature Envy,4.2.0-rc1,5.3.0-beta1,5.3.0-beta1,15
jedis,4.2.0-rc1,redis.clients.jedis.modules.graph,GraphPipelineTest,testReadOnlyQueries,Feature Envy,"checkstyle,experts",src/test/java/redis/clients/jedis/modules/graph/GraphPipelineTest.java,src/test/java/redis/clients/jedis/modules/graph/GraphPipelineTest.java.GraphPipelineTest.testReadOnlyQueries.Feature Envy,4.2.0-rc1,5.3.0-beta1,5.3.0-beta1,15
jedis,4.2.0-rc1,redis.clients.jedis.modules.graph,GraphPipelineTest,testSync,Feature Envy,"checkstyle,experts",src/test/java/redis/clients/jedis/modules/graph/GraphPipelineTest.java,src/test/java/redis/clients/jedis/modules/graph/GraphPipelineTest.java.GraphPipelineTest.testSync.Feature Envy,4.2.0-rc1,5.3.0-beta1,5.3.0-beta1,15
jedis,4.2.0-rc1,redis.clients.jedis.modules.graph,GraphTransactionTest,testMultiExec,Feature Envy,"checkstyle,experts",src/test/java/redis/clients/jedis/modules/graph/GraphTransactionTest.java,src/test/java/redis/clients/jedis/modules/graph/GraphTransactionTest.java.GraphTransactionTest.testMultiExec.Feature Envy,4.2.0-rc1,5.3.0-beta1,5.3.0-beta1,15
jedis,4.2.0-rc1,redis.clients.jedis.modules.graph,GraphTransactionTest,testMultiExecWithReadOnlyQueries,Feature Envy,"checkstyle,experts",src/test/java/redis/clients/jedis/modules/graph/GraphTransactionTest.java,src/test/java/redis/clients/jedis/modules/graph/GraphTransactionTest.java.GraphTransactionTest.testMultiExecWithReadOnlyQueries.Feature Envy,4.2.0-rc1,5.3.0-beta1,5.3.0-beta1,15
jedis,4.2.0-rc1,redis.clients.jedis.modules.graph,PathTest,testEmptyPath,Feature Envy,"checkstyle,experts",src/test/java/redis/clients/jedis/modules/graph/PathTest.java,src/test/java/redis/clients/jedis/modules/graph/PathTest.java.PathTest.testEmptyPath.Feature Envy,4.2.0-rc1,5.3.0-beta1,5.3.0-beta1,15
jedis,4.2.0-rc1,redis.clients.jedis.modules.graph,PathTest,testRandomLengthPath,Feature Envy,"checkstyle,experts",src/test/java/redis/clients/jedis/modules/graph/PathTest.java,src/test/java/redis/clients/jedis/modules/graph/PathTest.java.PathTest.testRandomLengthPath.Feature Envy,4.2.0-rc1,5.3.0-beta1,5.3.0-beta1,15
jedis,4.2.0-rc1,redis.clients.jedis.modules.graph,PathTest,testSingleNodePath,Feature Envy,"checkstyle,experts",src/test/java/redis/clients/jedis/modules/graph/PathTest.java,src/test/java/redis/clients/jedis/modules/graph/PathTest.java.PathTest.testSingleNodePath.Feature Envy,4.2.0-rc1,5.3.0-beta1,5.3.0-beta1,15
jedis,4.2.0-rc1,redis.clients.jedis.modules.graph,UtilsTest,testParamsPrep,Feature Envy,"checkstyle,experts",src/test/java/redis/clients/jedis/modules/graph/UtilsTest.java,src/test/java/redis/clients/jedis/modules/graph/UtilsTest.java.UtilsTest.testParamsPrep.Feature Envy,4.2.0-rc1,5.3.0-beta1,5.3.0-beta1,15
jedis,4.2.0-rc1,redis.clients.jedis.modules.graph,UtilsTest,testParamsPrep,Long Method,"Decor,experts",src/test/java/redis/clients/jedis/modules/graph/UtilsTest.java,src/test/java/redis/clients/jedis/modules/graph/UtilsTest.java.UtilsTest.testParamsPrep.Long Method,4.2.0-rc1,5.3.0-beta1,5.3.0-beta1,15
jedis,4.0.0-RC1,redis.clients.jedis.modules.json,Path2Test,equals,Feature Envy,"checkstyle,experts",src/test/java/redis/clients/jedis/modules/json/Path2Test.java,src/test/java/redis/clients/jedis/modules/json/Path2Test.java.Path2Test.equals.Feature Envy,4.0.0-RC1,5.3.0-beta1,5.3.0-beta1,19
jedis,4.0.0-RC1,redis.clients.jedis.modules.json,Path2Test,test,Feature Envy,"checkstyle,experts",src/test/java/redis/clients/jedis/modules/json/Path2Test.java,src/test/java/redis/clients/jedis/modules/json/Path2Test.java.Path2Test.test.Feature Envy,4.0.0-RC1,5.3.0-beta1,5.3.0-beta1,19
jedis,4.0.0-RC1,redis.clients.jedis.modules.json,PathTest,testPathEquals,Feature Envy,"checkstyle,experts",src/test/java/redis/clients/jedis/modules/json/PathTest.java,src/test/java/redis/clients/jedis/modules/json/PathTest.java.PathTest.testPathEquals.Feature Envy,4.0.0-RC1,5.3.0-beta1,5.3.0-beta1,19
jedis,4.0.0-RC1,redis.clients.jedis.modules.json,PathTest,testPathHashCode,Feature Envy,"checkstyle,experts",src/test/java/redis/clients/jedis/modules/json/PathTest.java,src/test/java/redis/clients/jedis/modules/json/PathTest.java.PathTest.testPathHashCode.Feature Envy,4.0.0-RC1,5.3.0-beta1,5.3.0-beta1,19
jedis,4.0.0-RC1,redis.clients.jedis.modules.json,RedisJsonV1Test,,God Class,"pmd,experts",src/test/java/redis/clients/jedis/modules/json/RedisJsonV1Test.java,src/test/java/redis/clients/jedis/modules/json/RedisJsonV1Test.java.RedisJsonV1Test..God Class,4.0.0-RC1,5.3.0-beta1,5.3.0-beta1,19
jedis,4.0.0-RC1,redis.clients.jedis.modules.json,RedisJsonV1Test,arrAppendAgaintsEmptyArray,Feature Envy,"checkstyle,experts",src/test/java/redis/clients/jedis/modules/json/RedisJsonV1Test.java,src/test/java/redis/clients/jedis/modules/json/RedisJsonV1Test.java.RedisJsonV1Test.arrAppendAgaintsEmptyArray.Feature Envy,4.0.0-RC1,5.3.0-beta1,5.3.0-beta1,19
jedis,4.0.0-RC1,redis.clients.jedis.modules.json,RedisJsonV1Test,arrAppendMultipleTypes,Feature Envy,"checkstyle,experts",src/test/java/redis/clients/jedis/modules/json/RedisJsonV1Test.java,src/test/java/redis/clients/jedis/modules/json/RedisJsonV1Test.java.RedisJsonV1Test.arrAppendMultipleTypes.Feature Envy,4.0.0-RC1,5.3.0-beta1,5.3.0-beta1,19
jedis,4.0.0-RC1,redis.clients.jedis.modules.json,RedisJsonV1Test,arrAppendMultipleTypesWithDeepPath,Feature Envy,"checkstyle,experts",src/test/java/redis/clients/jedis/modules/json/RedisJsonV1Test.java,src/test/java/redis/clients/jedis/modules/json/RedisJsonV1Test.java.RedisJsonV1Test.arrAppendMultipleTypesWithDeepPath.Feature Envy,4.0.0-RC1,5.3.0-beta1,5.3.0-beta1,19
jedis,4.0.0-RC1,redis.clients.jedis.modules.json,RedisJsonV1Test,arrAppendSameType,Feature Envy,"checkstyle,experts",src/test/java/redis/clients/jedis/modules/json/RedisJsonV1Test.java,src/test/java/redis/clients/jedis/modules/json/RedisJsonV1Test.java.RedisJsonV1Test.arrAppendSameType.Feature Envy,4.0.0-RC1,5.3.0-beta1,5.3.0-beta1,19
jedis,5.0.0,redis.clients.jedis.modules.json,RedisJsonV1Test,arrIndexNonExistentPath,Feature Envy,"designitejava,experts",src/test/java/redis/clients/jedis/modules/json/RedisJsonV1Test.java,src/test/java/redis/clients/jedis/modules/json/RedisJsonV1Test.java.RedisJsonV1Test.arrIndexNonExistentPath.Feature Envy,5.0.0,5.3.0-beta1,5.3.0-beta1,6
jedis,4.0.0-RC1,redis.clients.jedis.modules.json,RedisJsonV1Test,arrIndexWithInts,Feature Envy,"checkstyle,experts",src/test/java/redis/clients/jedis/modules/json/RedisJsonV1Test.java,src/test/java/redis/clients/jedis/modules/json/RedisJsonV1Test.java.RedisJsonV1Test.arrIndexWithInts.Feature Envy,4.0.0-RC1,5.3.0-beta1,5.3.0-beta1,19
jedis,5.0.0,redis.clients.jedis.modules.json,RedisJsonV1Test,arrIndexWithStrings,Feature Envy,"designitejava,experts",src/test/java/redis/clients/jedis/modules/json/RedisJsonV1Test.java,src/test/java/redis/clients/jedis/modules/json/RedisJsonV1Test.java.RedisJsonV1Test.arrIndexWithStrings.Feature Envy,5.0.0,5.3.0-beta1,5.3.0-beta1,6
jedis,5.0.0,redis.clients.jedis.modules.json,RedisJsonV1Test,arrIndexWithStringsAndPath,Feature Envy,"designitejava,experts",src/test/java/redis/clients/jedis/modules/json/RedisJsonV1Test.java,src/test/java/redis/clients/jedis/modules/json/RedisJsonV1Test.java.RedisJsonV1Test.arrIndexWithStringsAndPath.Feature Envy,5.0.0,5.3.0-beta1,5.3.0-beta1,6
jedis,4.0.0-RC1,redis.clients.jedis.modules.json,RedisJsonV1Test,arrInsert,Feature Envy,"checkstyle,experts",src/test/java/redis/clients/jedis/modules/json/RedisJsonV1Test.java,src/test/java/redis/clients/jedis/modules/json/RedisJsonV1Test.java.RedisJsonV1Test.arrInsert.Feature Envy,4.0.0-RC1,5.3.0-beta1,5.3.0-beta1,19
jedis,4.0.0-RC1,redis.clients.jedis.modules.json,RedisJsonV1Test,arrInsertWithNegativeIndex,Feature Envy,"checkstyle,experts",src/test/java/redis/clients/jedis/modules/json/RedisJsonV1Test.java,src/test/java/redis/clients/jedis/modules/json/RedisJsonV1Test.java.RedisJsonV1Test.arrInsertWithNegativeIndex.Feature Envy,4.0.0-RC1,5.3.0-beta1,5.3.0-beta1,19
jedis,5.0.0,redis.clients.jedis.modules.json,RedisJsonV1Test,arrLen,Feature Envy,"designitejava,experts",src/test/java/redis/clients/jedis/modules/json/RedisJsonV1Test.java,src/test/java/redis/clients/jedis/modules/json/RedisJsonV1Test.java.RedisJsonV1Test.arrLen.Feature Envy,5.0.0,5.3.0-beta1,5.3.0-beta1,6
jedis,5.0.0,redis.clients.jedis.modules.json,RedisJsonV1Test,arrLenDefaultPath,Feature Envy,"designitejava,checkstyle,experts",src/test/java/redis/clients/jedis/modules/json/RedisJsonV1Test.java,src/test/java/redis/clients/jedis/modules/json/RedisJsonV1Test.java.RedisJsonV1Test.arrLenDefaultPath.Feature Envy,5.0.0,5.3.0-beta1,5.3.0-beta1,6
jedis,4.0.0-RC1,redis.clients.jedis.modules.json,RedisJsonV1Test,arrTrim,Feature Envy,"checkstyle,experts",src/test/java/redis/clients/jedis/modules/json/RedisJsonV1Test.java,src/test/java/redis/clients/jedis/modules/json/RedisJsonV1Test.java.RedisJsonV1Test.arrTrim.Feature Envy,4.0.0-RC1,5.3.0-beta1,5.3.0-beta1,19
jedis,4.0.0-RC1,redis.clients.jedis.modules.json,RedisJsonV1Test,basicSetGetShouldSucceed,Feature Envy,"checkstyle,experts",src/test/java/redis/clients/jedis/modules/json/RedisJsonV1Test.java,src/test/java/redis/clients/jedis/modules/json/RedisJsonV1Test.java.RedisJsonV1Test.basicSetGetShouldSucceed.Feature Envy,4.0.0-RC1,5.3.0-beta1,5.3.0-beta1,19
jedis,4.0.0-RC1,redis.clients.jedis.modules.json,RedisJsonV1Test,clearArray,Feature Envy,"checkstyle,experts",src/test/java/redis/clients/jedis/modules/json/RedisJsonV1Test.java,src/test/java/redis/clients/jedis/modules/json/RedisJsonV1Test.java.RedisJsonV1Test.clearArray.Feature Envy,4.0.0-RC1,5.3.0-beta1,5.3.0-beta1,19
jedis,4.0.0-RC1,redis.clients.jedis.modules.json,RedisJsonV1Test,clearObject,Feature Envy,"checkstyle,experts",src/test/java/redis/clients/jedis/modules/json/RedisJsonV1Test.java,src/test/java/redis/clients/jedis/modules/json/RedisJsonV1Test.java.RedisJsonV1Test.clearObject.Feature Envy,4.0.0-RC1,5.3.0-beta1,5.3.0-beta1,19
jedis,4.2.0-m1,redis.clients.jedis.modules.json,RedisJsonV1Test,clearScalar,Feature Envy,"checkstyle,experts",src/test/java/redis/clients/jedis/modules/json/RedisJsonV1Test.java,src/test/java/redis/clients/jedis/modules/json/RedisJsonV1Test.java.RedisJsonV1Test.clearScalar.Feature Envy,4.2.0-m1,4.2.0,4.3.0-m1,3
jedis,5.0.0,redis.clients.jedis.modules.json,RedisJsonV1Test,debugMemory,Feature Envy,"checkstyle,experts",src/test/java/redis/clients/jedis/modules/json/RedisJsonV1Test.java,src/test/java/redis/clients/jedis/modules/json/RedisJsonV1Test.java.RedisJsonV1Test.debugMemory.Feature Envy,5.0.0,5.3.0-beta1,5.3.0-beta1,6
jedis,5.0.0,redis.clients.jedis.modules.json,RedisJsonV1Test,delNonExistingPathsAreIgnored,Feature Envy,"designitejava,experts",src/test/java/redis/clients/jedis/modules/json/RedisJsonV1Test.java,src/test/java/redis/clients/jedis/modules/json/RedisJsonV1Test.java.RedisJsonV1Test.delNonExistingPathsAreIgnored.Feature Envy,5.0.0,5.3.0-beta1,5.3.0-beta1,6
jedis,4.0.0-RC1,redis.clients.jedis.modules.json,RedisJsonV1Test,delValidShouldSucceed,Feature Envy,"checkstyle,experts",src/test/java/redis/clients/jedis/modules/json/RedisJsonV1Test.java,src/test/java/redis/clients/jedis/modules/json/RedisJsonV1Test.java.RedisJsonV1Test.delValidShouldSucceed.Feature Envy,4.0.0-RC1,5.3.0-beta1,5.3.0-beta1,19
jedis,5.0.0,redis.clients.jedis.modules.json,RedisJsonV1Test,getAbsent,Feature Envy,"designitejava,experts",src/test/java/redis/clients/jedis/modules/json/RedisJsonV1Test.java,src/test/java/redis/clients/jedis/modules/json/RedisJsonV1Test.java.RedisJsonV1Test.getAbsent.Feature Envy,5.0.0,5.3.0-beta1,5.3.0-beta1,6
jedis,4.0.0-RC1,redis.clients.jedis.modules.json,RedisJsonV1Test,mgetAtRootPathWithMissingKeys,Feature Envy,"checkstyle,experts",src/test/java/redis/clients/jedis/modules/json/RedisJsonV1Test.java,src/test/java/redis/clients/jedis/modules/json/RedisJsonV1Test.java.RedisJsonV1Test.mgetAtRootPathWithMissingKeys.Feature Envy,4.0.0-RC1,5.3.0-beta1,5.3.0-beta1,19
jedis,5.0.0,redis.clients.jedis.modules.json,RedisJsonV1Test,mgetWithPathWithAllKeysExist,Feature Envy,"designitejava,checkstyle,experts",src/test/java/redis/clients/jedis/modules/json/RedisJsonV1Test.java,src/test/java/redis/clients/jedis/modules/json/RedisJsonV1Test.java.RedisJsonV1Test.mgetWithPathWithAllKeysExist.Feature Envy,5.0.0,5.3.0-beta1,5.3.0-beta1,6
jedis,5.0.0,redis.clients.jedis.modules.json,RedisJsonV1Test,obj,Feature Envy,"designitejava,checkstyle,experts",src/test/java/redis/clients/jedis/modules/json/RedisJsonV1Test.java,src/test/java/redis/clients/jedis/modules/json/RedisJsonV1Test.java.RedisJsonV1Test.obj.Feature Envy,5.0.0,5.3.0-beta1,5.3.0-beta1,6
jedis,5.0.0,redis.clients.jedis.modules.json,RedisJsonV1Test,plainString,Feature Envy,"designitejava,experts",src/test/java/redis/clients/jedis/modules/json/RedisJsonV1Test.java,src/test/java/redis/clients/jedis/modules/json/RedisJsonV1Test.java.RedisJsonV1Test.plainString.Feature Envy,5.0.0,5.3.0-beta1,5.3.0-beta1,6
jedis,4.3.0-m1,redis.clients.jedis.modules.json,RedisJsonV1Test,resp,Long Method,"Decor,experts",src/test/java/redis/clients/jedis/modules/json/RedisJsonV1Test.java,src/test/java/redis/clients/jedis/modules/json/RedisJsonV1Test.java.RedisJsonV1Test.resp.Long Method,4.3.0-m1,5.0.0-beta1,5.0.0,7
jedis,4.0.0-RC1,redis.clients.jedis.modules.json,RedisJsonV1Test,setExistingPathOnlyIfExistsShouldSucceed,Feature Envy,"checkstyle,experts",src/test/java/redis/clients/jedis/modules/json/RedisJsonV1Test.java,src/test/java/redis/clients/jedis/modules/json/RedisJsonV1Test.java.RedisJsonV1Test.setExistingPathOnlyIfExistsShouldSucceed.Feature Envy,4.0.0-RC1,5.3.0-beta1,5.3.0-beta1,19
jedis,4.0.0-RC1,redis.clients.jedis.modules.json,RedisJsonV1Test,setNonExistingOnlyIfNotExistsShouldSucceed,Feature Envy,"checkstyle,experts",src/test/java/redis/clients/jedis/modules/json/RedisJsonV1Test.java,src/test/java/redis/clients/jedis/modules/json/RedisJsonV1Test.java.RedisJsonV1Test.setNonExistingOnlyIfNotExistsShouldSucceed.Feature Envy,4.0.0-RC1,5.3.0-beta1,5.3.0-beta1,19
jedis,5.0.0,redis.clients.jedis.modules.json,RedisJsonV1Test,setWithoutAPathDefaultsToRootPath,Feature Envy,"designitejava,checkstyle,experts",src/test/java/redis/clients/jedis/modules/json/RedisJsonV1Test.java,src/test/java/redis/clients/jedis/modules/json/RedisJsonV1Test.java.RedisJsonV1Test.setWithoutAPathDefaultsToRootPath.Feature Envy,5.0.0,5.3.0-beta1,5.3.0-beta1,6
jedis,4.0.0-RC1,redis.clients.jedis.modules.json,RedisJsonV1Test,strAppend,Feature Envy,"checkstyle,experts",src/test/java/redis/clients/jedis/modules/json/RedisJsonV1Test.java,src/test/java/redis/clients/jedis/modules/json/RedisJsonV1Test.java.RedisJsonV1Test.strAppend.Feature Envy,4.0.0-RC1,5.3.0-beta1,5.3.0-beta1,19
jedis,4.0.0-RC1,redis.clients.jedis.modules.json,RedisJsonV1Test,strLen,Feature Envy,"checkstyle,experts",src/test/java/redis/clients/jedis/modules/json/RedisJsonV1Test.java,src/test/java/redis/clients/jedis/modules/json/RedisJsonV1Test.java.RedisJsonV1Test.strLen.Feature Envy,4.0.0-RC1,5.3.0-beta1,5.3.0-beta1,19
jedis,4.0.0-RC1,redis.clients.jedis.modules.json,RedisJsonV1Test,testArrayPop,Feature Envy,"checkstyle,experts",src/test/java/redis/clients/jedis/modules/json/RedisJsonV1Test.java,src/test/java/redis/clients/jedis/modules/json/RedisJsonV1Test.java.RedisJsonV1Test.testArrayPop.Feature Envy,4.0.0-RC1,5.3.0-beta1,5.3.0-beta1,19
jedis,5.0.0,redis.clients.jedis.modules.json,RedisJsonV1Test,testDefaultJsonGsonParserStringsMustBeDifferent,Feature Envy,"designitejava,experts",src/test/java/redis/clients/jedis/modules/json/RedisJsonV1Test.java,src/test/java/redis/clients/jedis/modules/json/RedisJsonV1Test.java.RedisJsonV1Test.testDefaultJsonGsonParserStringsMustBeDifferent.Feature Envy,5.0.0,5.3.0-beta1,5.3.0-beta1,6
jedis,5.0.0,redis.clients.jedis.modules.json,RedisJsonV1Test,testJsonGsonParser,Feature Envy,"designitejava,experts",src/test/java/redis/clients/jedis/modules/json/RedisJsonV1Test.java,src/test/java/redis/clients/jedis/modules/json/RedisJsonV1Test.java.RedisJsonV1Test.testJsonGsonParser.Feature Envy,5.0.0,5.3.0-beta1,5.3.0-beta1,6
jedis,5.0.0,redis.clients.jedis.modules.json,RedisJsonV1Test,testJsonJacksonParser,Feature Envy,"designitejava,experts",src/test/java/redis/clients/jedis/modules/json/RedisJsonV1Test.java,src/test/java/redis/clients/jedis/modules/json/RedisJsonV1Test.java.RedisJsonV1Test.testJsonJacksonParser.Feature Envy,5.0.0,5.3.0-beta1,5.3.0-beta1,6
jedis,5.0.0,redis.clients.jedis.modules.json,RedisJsonV1Test,testJsonMerge,Feature Envy,"designitejava,checkstyle,experts",src/test/java/redis/clients/jedis/modules/json/RedisJsonV1Test.java,src/test/java/redis/clients/jedis/modules/json/RedisJsonV1Test.java.RedisJsonV1Test.testJsonMerge.Feature Envy,5.0.0,5.3.0-beta1,5.3.0-beta1,6
jedis,4.0.0-RC1,redis.clients.jedis.modules.json,RedisJsonV1Test,toggle,Feature Envy,"checkstyle,experts",src/test/java/redis/clients/jedis/modules/json/RedisJsonV1Test.java,src/test/java/redis/clients/jedis/modules/json/RedisJsonV1Test.java.RedisJsonV1Test.toggle.Feature Envy,4.0.0-RC1,5.3.0-beta1,5.3.0-beta1,19
jedis,5.1.0,redis.clients.jedis.modules.json,RedisJsonV1Test,toggle,Long Method,"Decor,experts",src/test/java/redis/clients/jedis/modules/json/RedisJsonV1Test.java,src/test/java/redis/clients/jedis/modules/json/RedisJsonV1Test.java.RedisJsonV1Test.toggle.Long Method,5.1.0,5.2.0-beta1,5.2.0,3
jedis,4.0.0-RC1,redis.clients.jedis.modules.json,RedisJsonV1Test,typeChecksShouldSucceed,Feature Envy,"checkstyle,experts",src/test/java/redis/clients/jedis/modules/json/RedisJsonV1Test.java,src/test/java/redis/clients/jedis/modules/json/RedisJsonV1Test.java.RedisJsonV1Test.typeChecksShouldSucceed.Feature Envy,4.0.0-RC1,5.3.0-beta1,5.3.0-beta1,19
jedis,4.0.0-RC1,redis.clients.jedis.modules.json,RedisJsonV2Test,,God Class,"pmd,experts",src/test/java/redis/clients/jedis/modules/json/RedisJsonV2Test.java,src/test/java/redis/clients/jedis/modules/json/RedisJsonV2Test.java.RedisJsonV2Test..God Class,4.0.0-RC1,5.3.0-beta1,5.3.0-beta1,19
jedis,4.0.0-RC1,redis.clients.jedis.modules.json,RedisJsonV2Test,arrAppendAgaintsEmptyArray,Feature Envy,"checkstyle,experts",src/test/java/redis/clients/jedis/modules/json/RedisJsonV2Test.java,src/test/java/redis/clients/jedis/modules/json/RedisJsonV2Test.java.RedisJsonV2Test.arrAppendAgaintsEmptyArray.Feature Envy,4.0.0-RC1,5.3.0-beta1,5.3.0-beta1,19
jedis,4.0.0-RC1,redis.clients.jedis.modules.json,RedisJsonV2Test,arrAppendMultipleTypes,Feature Envy,"checkstyle,experts",src/test/java/redis/clients/jedis/modules/json/RedisJsonV2Test.java,src/test/java/redis/clients/jedis/modules/json/RedisJsonV2Test.java.RedisJsonV2Test.arrAppendMultipleTypes.Feature Envy,4.0.0-RC1,5.3.0-beta1,5.3.0-beta1,19
jedis,4.0.0-RC1,redis.clients.jedis.modules.json,RedisJsonV2Test,arrAppendMultipleTypesWithDeepPath,Feature Envy,"checkstyle,experts",src/test/java/redis/clients/jedis/modules/json/RedisJsonV2Test.java,src/test/java/redis/clients/jedis/modules/json/RedisJsonV2Test.java.RedisJsonV2Test.arrAppendMultipleTypesWithDeepPath.Feature Envy,4.0.0-RC1,5.3.0-beta1,5.3.0-beta1,19
jedis,4.0.0-RC1,redis.clients.jedis.modules.json,RedisJsonV2Test,arrAppendPathIsNotArray,Feature Envy,"checkstyle,experts",src/test/java/redis/clients/jedis/modules/json/RedisJsonV2Test.java,src/test/java/redis/clients/jedis/modules/json/RedisJsonV2Test.java.RedisJsonV2Test.arrAppendPathIsNotArray.Feature Envy,4.0.0-RC1,5.3.0-beta1,5.3.0-beta1,19
jedis,4.0.0-RC1,redis.clients.jedis.modules.json,RedisJsonV2Test,arrAppendSameType,Feature Envy,"checkstyle,experts",src/test/java/redis/clients/jedis/modules/json/RedisJsonV2Test.java,src/test/java/redis/clients/jedis/modules/json/RedisJsonV2Test.java.RedisJsonV2Test.arrAppendSameType.Feature Envy,4.0.0-RC1,5.3.0-beta1,5.3.0-beta1,19
jedis,4.0.0-RC1,redis.clients.jedis.modules.json,RedisJsonV2Test,arrIndexWithInts,Feature Envy,"checkstyle,experts",src/test/java/redis/clients/jedis/modules/json/RedisJsonV2Test.java,src/test/java/redis/clients/jedis/modules/json/RedisJsonV2Test.java.RedisJsonV2Test.arrIndexWithInts.Feature Envy,4.0.0-RC1,5.3.0-beta1,5.3.0-beta1,19
jedis,5.0.0,redis.clients.jedis.modules.json,RedisJsonV2Test,arrIndexWithStrings,Feature Envy,"designitejava,experts",src/test/java/redis/clients/jedis/modules/json/RedisJsonV2Test.java,src/test/java/redis/clients/jedis/modules/json/RedisJsonV2Test.java.RedisJsonV2Test.arrIndexWithStrings.Feature Envy,5.0.0,5.3.0-beta1,5.3.0-beta1,6
jedis,5.0.0,redis.clients.jedis.modules.json,RedisJsonV2Test,arrIndexWithStringsAndPath,Feature Envy,"designitejava,experts",src/test/java/redis/clients/jedis/modules/json/RedisJsonV2Test.java,src/test/java/redis/clients/jedis/modules/json/RedisJsonV2Test.java.RedisJsonV2Test.arrIndexWithStringsAndPath.Feature Envy,5.0.0,5.3.0-beta1,5.3.0-beta1,6
jedis,4.0.0-RC1,redis.clients.jedis.modules.json,RedisJsonV2Test,arrInsert,Feature Envy,"checkstyle,experts",src/test/java/redis/clients/jedis/modules/json/RedisJsonV2Test.java,src/test/java/redis/clients/jedis/modules/json/RedisJsonV2Test.java.RedisJsonV2Test.arrInsert.Feature Envy,4.0.0-RC1,5.3.0-beta1,5.3.0-beta1,19
jedis,4.0.0-RC1,redis.clients.jedis.modules.json,RedisJsonV2Test,arrInsertWithNegativeIndex,Feature Envy,"checkstyle,experts",src/test/java/redis/clients/jedis/modules/json/RedisJsonV2Test.java,src/test/java/redis/clients/jedis/modules/json/RedisJsonV2Test.java.RedisJsonV2Test.arrInsertWithNegativeIndex.Feature Envy,4.0.0-RC1,5.3.0-beta1,5.3.0-beta1,19
jedis,5.0.0,redis.clients.jedis.modules.json,RedisJsonV2Test,arrLen,Feature Envy,"designitejava,experts",src/test/java/redis/clients/jedis/modules/json/RedisJsonV2Test.java,src/test/java/redis/clients/jedis/modules/json/RedisJsonV2Test.java.RedisJsonV2Test.arrLen.Feature Envy,5.0.0,5.3.0-beta1,5.3.0-beta1,6
jedis,4.0.0-RC1,redis.clients.jedis.modules.json,RedisJsonV2Test,arrPop,Feature Envy,"checkstyle,experts",src/test/java/redis/clients/jedis/modules/json/RedisJsonV2Test.java,src/test/java/redis/clients/jedis/modules/json/RedisJsonV2Test.java.RedisJsonV2Test.arrPop.Feature Envy,4.0.0-RC1,5.3.0-beta1,5.3.0-beta1,19
jedis,4.0.0-RC1,redis.clients.jedis.modules.json,RedisJsonV2Test,arrTrim,Feature Envy,"checkstyle,experts",src/test/java/redis/clients/jedis/modules/json/RedisJsonV2Test.java,src/test/java/redis/clients/jedis/modules/json/RedisJsonV2Test.java.RedisJsonV2Test.arrTrim.Feature Envy,4.0.0-RC1,5.3.0-beta1,5.3.0-beta1,19
jedis,4.0.0-RC1,redis.clients.jedis.modules.json,RedisJsonV2Test,assertJsonArrayEquals,Long Method,"Decor,experts",src/test/java/redis/clients/jedis/modules/json/RedisJsonV2Test.java,src/test/java/redis/clients/jedis/modules/json/RedisJsonV2Test.java.RedisJsonV2Test.assertJsonArrayEquals.Long Method,4.0.0-RC1,5.3.0-beta1,5.3.0-beta1,19
jedis,4.0.0-RC1,redis.clients.jedis.modules.json,RedisJsonV2Test,basicSetGetShouldSucceed,Feature Envy,"checkstyle,experts",src/test/java/redis/clients/jedis/modules/json/RedisJsonV2Test.java,src/test/java/redis/clients/jedis/modules/json/RedisJsonV2Test.java.RedisJsonV2Test.basicSetGetShouldSucceed.Feature Envy,4.0.0-RC1,5.3.0-beta1,5.3.0-beta1,19
jedis,5.0.0,redis.clients.jedis.modules.json,RedisJsonV2Test,basicSetGetShouldSucceedResp3,Feature Envy,"checkstyle,experts",src/test/java/redis/clients/jedis/modules/json/RedisJsonV2Test.java,src/test/java/redis/clients/jedis/modules/json/RedisJsonV2Test.java.RedisJsonV2Test.basicSetGetShouldSucceedResp3.Feature Envy,5.0.0,5.2.0-beta1,5.2.0,4
jedis,4.0.0-RC1,redis.clients.jedis.modules.json,RedisJsonV2Test,clearArray,Feature Envy,"checkstyle,experts",src/test/java/redis/clients/jedis/modules/json/RedisJsonV2Test.java,src/test/java/redis/clients/jedis/modules/json/RedisJsonV2Test.java.RedisJsonV2Test.clearArray.Feature Envy,4.0.0-RC1,5.3.0-beta1,5.3.0-beta1,19
jedis,5.0.0,redis.clients.jedis.modules.json,RedisJsonV2Test,clearObject,Feature Envy,"checkstyle,experts",src/test/java/redis/clients/jedis/modules/json/RedisJsonV2Test.java,src/test/java/redis/clients/jedis/modules/json/RedisJsonV2Test.java.RedisJsonV2Test.clearObject.Feature Envy,5.0.0,5.3.0-beta1,5.3.0-beta1,6
jedis,4.2.0-m1,redis.clients.jedis.modules.json,RedisJsonV2Test,clearScalar,Feature Envy,"checkstyle,experts",src/test/java/redis/clients/jedis/modules/json/RedisJsonV2Test.java,src/test/java/redis/clients/jedis/modules/json/RedisJsonV2Test.java.RedisJsonV2Test.clearScalar.Feature Envy,4.2.0-m1,4.2.0,4.3.0-m1,3
jedis,5.0.0,redis.clients.jedis.modules.json,RedisJsonV2Test,debugMemory,Feature Envy,"designitejava,checkstyle,experts",src/test/java/redis/clients/jedis/modules/json/RedisJsonV2Test.java,src/test/java/redis/clients/jedis/modules/json/RedisJsonV2Test.java.RedisJsonV2Test.debugMemory.Feature Envy,5.0.0,5.3.0-beta1,5.3.0-beta1,6
jedis,5.0.0,redis.clients.jedis.modules.json,RedisJsonV2Test,delNonExistingPathsAreIgnored,Feature Envy,"designitejava,experts",src/test/java/redis/clients/jedis/modules/json/RedisJsonV2Test.java,src/test/java/redis/clients/jedis/modules/json/RedisJsonV2Test.java.RedisJsonV2Test.delNonExistingPathsAreIgnored.Feature Envy,5.0.0,5.3.0-beta1,5.3.0-beta1,6
jedis,4.0.0-RC1,redis.clients.jedis.modules.json,RedisJsonV2Test,delValidShouldSucceed,Feature Envy,"checkstyle,experts",src/test/java/redis/clients/jedis/modules/json/RedisJsonV2Test.java,src/test/java/redis/clients/jedis/modules/json/RedisJsonV2Test.java.RedisJsonV2Test.delValidShouldSucceed.Feature Envy,4.0.0-RC1,5.3.0-beta1,5.3.0-beta1,19
jedis,4.0.0-RC1,redis.clients.jedis.modules.json,RedisJsonV2Test,mgetAtRootPathWithMissingKeys,Feature Envy,"checkstyle,experts",src/test/java/redis/clients/jedis/modules/json/RedisJsonV2Test.java,src/test/java/redis/clients/jedis/modules/json/RedisJsonV2Test.java.RedisJsonV2Test.mgetAtRootPathWithMissingKeys.Feature Envy,4.0.0-RC1,5.3.0-beta1,5.3.0-beta1,19
jedis,5.0.0,redis.clients.jedis.modules.json,RedisJsonV2Test,mgetWithPathWithAllKeysExist,Feature Envy,"checkstyle,experts",src/test/java/redis/clients/jedis/modules/json/RedisJsonV2Test.java,src/test/java/redis/clients/jedis/modules/json/RedisJsonV2Test.java.RedisJsonV2Test.mgetWithPathWithAllKeysExist.Feature Envy,5.0.0,5.3.0-beta1,5.3.0-beta1,6
jedis,4.3.0-m1,redis.clients.jedis.modules.json,RedisJsonV2Test,numIncrBy,Feature Envy,"checkstyle,experts",src/test/java/redis/clients/jedis/modules/json/RedisJsonV2Test.java,src/test/java/redis/clients/jedis/modules/json/RedisJsonV2Test.java.RedisJsonV2Test.numIncrBy.Feature Envy,4.3.0-m1,5.3.0-beta1,5.3.0-beta1,13
jedis,5.0.0,redis.clients.jedis.modules.json,RedisJsonV2Test,numIncrByResp3,Feature Envy,"designitejava,checkstyle,experts",src/test/java/redis/clients/jedis/modules/json/RedisJsonV2Test.java,src/test/java/redis/clients/jedis/modules/json/RedisJsonV2Test.java.RedisJsonV2Test.numIncrByResp3.Feature Envy,5.0.0,5.3.0-beta1,5.3.0-beta1,6
jedis,5.0.0,redis.clients.jedis.modules.json,RedisJsonV2Test,obj,Feature Envy,"designitejava,checkstyle,experts",src/test/java/redis/clients/jedis/modules/json/RedisJsonV2Test.java,src/test/java/redis/clients/jedis/modules/json/RedisJsonV2Test.java.RedisJsonV2Test.obj.Feature Envy,5.0.0,5.3.0-beta1,5.3.0-beta1,6
jedis,5.0.0,redis.clients.jedis.modules.json,RedisJsonV2Test,setExistingPathOnlyIfExistsShouldSucceed,Feature Envy,"checkstyle,experts",src/test/java/redis/clients/jedis/modules/json/RedisJsonV2Test.java,src/test/java/redis/clients/jedis/modules/json/RedisJsonV2Test.java.RedisJsonV2Test.setExistingPathOnlyIfExistsShouldSucceed.Feature Envy,5.0.0,5.3.0-beta1,5.3.0-beta1,6
jedis,5.0.0,redis.clients.jedis.modules.json,RedisJsonV2Test,setNonExistingOnlyIfNotExistsShouldSucceed,Feature Envy,"checkstyle,experts",src/test/java/redis/clients/jedis/modules/json/RedisJsonV2Test.java,src/test/java/redis/clients/jedis/modules/json/RedisJsonV2Test.java.RedisJsonV2Test.setNonExistingOnlyIfNotExistsShouldSucceed.Feature Envy,5.0.0,5.3.0-beta1,5.3.0-beta1,6
jedis,5.0.0,redis.clients.jedis.modules.json,RedisJsonV2Test,setWithoutAPathDefaultsToRootPath,Feature Envy,"checkstyle,experts",src/test/java/redis/clients/jedis/modules/json/RedisJsonV2Test.java,src/test/java/redis/clients/jedis/modules/json/RedisJsonV2Test.java.RedisJsonV2Test.setWithoutAPathDefaultsToRootPath.Feature Envy,5.0.0,5.3.0-beta1,5.3.0-beta1,6
jedis,5.0.0,redis.clients.jedis.modules.json,RedisJsonV2Test,strLen,Feature Envy,"designitejava,experts",src/test/java/redis/clients/jedis/modules/json/RedisJsonV2Test.java,src/test/java/redis/clients/jedis/modules/json/RedisJsonV2Test.java.RedisJsonV2Test.strLen.Feature Envy,5.0.0,5.3.0-beta1,5.3.0-beta1,6
jedis,5.0.0,redis.clients.jedis.modules.json,RedisJsonV2Test,testJsonMerge,Feature Envy,"designitejava,checkstyle,experts",src/test/java/redis/clients/jedis/modules/json/RedisJsonV2Test.java,src/test/java/redis/clients/jedis/modules/json/RedisJsonV2Test.java.RedisJsonV2Test.testJsonMerge.Feature Envy,5.0.0,5.3.0-beta1,5.3.0-beta1,6
jedis,5.0.0,redis.clients.jedis.modules.json,RedisJsonV2Test,testJsonMergeArray,Feature Envy,"designitejava,checkstyle,experts",src/test/java/redis/clients/jedis/modules/json/RedisJsonV2Test.java,src/test/java/redis/clients/jedis/modules/json/RedisJsonV2Test.java.RedisJsonV2Test.testJsonMergeArray.Feature Envy,5.0.0,5.3.0-beta1,5.3.0-beta1,6
jedis,4.0.0-RC1,redis.clients.jedis.modules.json,RedisJsonV2Test,toggle,Feature Envy,"checkstyle,experts",src/test/java/redis/clients/jedis/modules/json/RedisJsonV2Test.java,src/test/java/redis/clients/jedis/modules/json/RedisJsonV2Test.java.RedisJsonV2Test.toggle.Feature Envy,4.0.0-RC1,5.3.0-beta1,5.3.0-beta1,19
jedis,4.0.0-RC1,redis.clients.jedis.modules.json,RedisJsonV2Test,typeChecksShouldSucceed,Feature Envy,"checkstyle,experts",src/test/java/redis/clients/jedis/modules/json/RedisJsonV2Test.java,src/test/java/redis/clients/jedis/modules/json/RedisJsonV2Test.java.RedisJsonV2Test.typeChecksShouldSucceed.Feature Envy,4.0.0-RC1,5.3.0-beta1,5.3.0-beta1,19
jedis,4.3.0-m1,redis.clients.jedis.modules.search,AggregationBuilderTest,,God Class,"pmd,experts",src/test/java/redis/clients/jedis/modules/search/AggregationBuilderTest.java,src/test/java/redis/clients/jedis/modules/search/AggregationBuilderTest.java.AggregationBuilderTest..God Class,4.3.0-m1,5.0.0-alpha1,5.0.0-beta1,6
jedis,4.3.0-m1,redis.clients.jedis.modules.search,AggregationBuilderTest,load,Feature Envy,"checkstyle,experts",src/test/java/redis/clients/jedis/modules/search/AggregationBuilderTest.java,src/test/java/redis/clients/jedis/modules/search/AggregationBuilderTest.java.AggregationBuilderTest.load.Feature Envy,4.3.0-m1,5.0.0-alpha1,5.0.0-beta1,6
jedis,4.3.0-m1,redis.clients.jedis.modules.search,AggregationBuilderTest,loadAll,Feature Envy,"checkstyle,experts",src/test/java/redis/clients/jedis/modules/search/AggregationBuilderTest.java,src/test/java/redis/clients/jedis/modules/search/AggregationBuilderTest.java.AggregationBuilderTest.loadAll.Feature Envy,4.3.0-m1,5.0.0-alpha1,5.0.0-beta1,6
jedis,4.3.0-m1,redis.clients.jedis.modules.search,AggregationBuilderTest,testAggregationBuilderParamsDialect,Feature Envy,"checkstyle,experts",src/test/java/redis/clients/jedis/modules/search/AggregationBuilderTest.java,src/test/java/redis/clients/jedis/modules/search/AggregationBuilderTest.java.AggregationBuilderTest.testAggregationBuilderParamsDialect.Feature Envy,4.3.0-m1,5.0.0-alpha1,5.0.0-beta1,6
jedis,4.3.0-m1,redis.clients.jedis.modules.search,AggregationBuilderTest,testAggregationBuilderTimeout,Feature Envy,"checkstyle,experts",src/test/java/redis/clients/jedis/modules/search/AggregationBuilderTest.java,src/test/java/redis/clients/jedis/modules/search/AggregationBuilderTest.java.AggregationBuilderTest.testAggregationBuilderTimeout.Feature Envy,4.3.0-m1,5.0.0-alpha1,5.0.0-beta1,6
jedis,4.3.0-m1,redis.clients.jedis.modules.search,AggregationBuilderTest,testAggregationBuilderVerbatim,Feature Envy,"checkstyle,experts",src/test/java/redis/clients/jedis/modules/search/AggregationBuilderTest.java,src/test/java/redis/clients/jedis/modules/search/AggregationBuilderTest.java.AggregationBuilderTest.testAggregationBuilderVerbatim.Feature Envy,4.3.0-m1,5.0.0-alpha1,5.0.0-beta1,6
jedis,4.0.0-RC1,redis.clients.jedis.modules.search,AggregationBuilderTest,testAggregations,Feature Envy,"checkstyle,experts",src/test/java/redis/clients/jedis/modules/search/AggregationBuilderTest.java,src/test/java/redis/clients/jedis/modules/search/AggregationBuilderTest.java.AggregationBuilderTest.testAggregations.Feature Envy,4.0.0-RC1,5.0.0-alpha1,5.0.0-beta1,12
jedis,5.0.0-alpha1,redis.clients.jedis.modules.search,AggregationBuilderTest,testAggregations2,Feature Envy,"checkstyle,experts",src/test/java/redis/clients/jedis/modules/search/AggregationBuilderTest.java,src/test/java/redis/clients/jedis/modules/search/AggregationBuilderTest.java.AggregationBuilderTest.testAggregations2.Feature Envy,5.0.0-alpha1,5.0.0-alpha1,5.0.0-beta1,1
jedis,4.0.0-RC1,redis.clients.jedis.modules.search,AggregationBuilderTest,testApplyAndFilterAggregations,Feature Envy,"checkstyle,experts",src/test/java/redis/clients/jedis/modules/search/AggregationBuilderTest.java,src/test/java/redis/clients/jedis/modules/search/AggregationBuilderTest.java.AggregationBuilderTest.testApplyAndFilterAggregations.Feature Envy,4.0.0-RC1,5.0.0-alpha1,5.0.0-beta1,12
jedis,4.0.0-RC1,redis.clients.jedis.modules.search,AggregationBuilderTest,testCursor,Feature Envy,"checkstyle,experts",src/test/java/redis/clients/jedis/modules/search/AggregationBuilderTest.java,src/test/java/redis/clients/jedis/modules/search/AggregationBuilderTest.java.AggregationBuilderTest.testCursor.Feature Envy,4.0.0-RC1,5.0.0-alpha1,5.0.0-beta1,12
jedis,4.0.0-RC1,redis.clients.jedis.modules.search,AggregationBuilderTest,testCursor,Long Method,"Decor,experts",src/test/java/redis/clients/jedis/modules/search/AggregationBuilderTest.java,src/test/java/redis/clients/jedis/modules/search/AggregationBuilderTest.java.AggregationBuilderTest.testCursor.Long Method,4.0.0-RC1,5.0.0-alpha1,5.0.0-beta1,12
jedis,4.0.0-RC1,redis.clients.jedis.modules.search,AggregationBuilderTest,testLoadAsAggregations,Feature Envy,"checkstyle,experts",src/test/java/redis/clients/jedis/modules/search/AggregationBuilderTest.java,src/test/java/redis/clients/jedis/modules/search/AggregationBuilderTest.java.AggregationBuilderTest.testLoadAsAggregations.Feature Envy,4.0.0-RC1,4.2.0,4.3.0-m1,6
jedis,4.0.0-RC1,redis.clients.jedis.modules.search,AggregationBuilderTest,testWrongAggregation,Feature Envy,"checkstyle,experts",src/test/java/redis/clients/jedis/modules/search/AggregationBuilderTest.java,src/test/java/redis/clients/jedis/modules/search/AggregationBuilderTest.java.AggregationBuilderTest.testWrongAggregation.Feature Envy,4.0.0-RC1,5.0.0-alpha1,5.0.0-beta1,12
jedis,4.4.0-rc1,redis.clients.jedis.modules.search,AggregationTest,,God Class,"pmd,experts",src/test/java/redis/clients/jedis/modules/search/AggregationTest.java,src/test/java/redis/clients/jedis/modules/search/AggregationTest.java.AggregationTest..God Class,4.4.0-rc1,5.3.0-beta1,5.3.0-beta1,10
jedis,4.4.0-rc1,redis.clients.jedis.modules.search,AggregationTest,aggregateIteration,Feature Envy,"checkstyle,experts",src/test/java/redis/clients/jedis/modules/search/AggregationTest.java,src/test/java/redis/clients/jedis/modules/search/AggregationTest.java.AggregationTest.aggregateIteration.Feature Envy,4.4.0-rc1,5.3.0-beta1,5.3.0-beta1,10
jedis,4.4.0-rc1,redis.clients.jedis.modules.search,AggregationTest,aggregateIterationCollect,Feature Envy,"checkstyle,experts",src/test/java/redis/clients/jedis/modules/search/AggregationTest.java,src/test/java/redis/clients/jedis/modules/search/AggregationTest.java.AggregationTest.aggregateIterationCollect.Feature Envy,4.4.0-rc1,5.3.0-beta1,5.3.0-beta1,10
jedis,4.4.0-rc1,redis.clients.jedis.modules.search,AggregationTest,cursor,Feature Envy,"checkstyle,experts",src/test/java/redis/clients/jedis/modules/search/AggregationTest.java,src/test/java/redis/clients/jedis/modules/search/AggregationTest.java.AggregationTest.cursor.Feature Envy,4.4.0-rc1,5.3.0-beta1,5.3.0-beta1,10
jedis,4.4.0-rc1,redis.clients.jedis.modules.search,AggregationTest,cursor,Long Method,"Decor,experts",src/test/java/redis/clients/jedis/modules/search/AggregationTest.java,src/test/java/redis/clients/jedis/modules/search/AggregationTest.java.AggregationTest.cursor.Long Method,4.4.0-rc1,5.3.0-beta1,5.3.0-beta1,10
jedis,4.4.0-rc1,redis.clients.jedis.modules.search,AggregationTest,load,Feature Envy,"checkstyle,experts",src/test/java/redis/clients/jedis/modules/search/AggregationTest.java,src/test/java/redis/clients/jedis/modules/search/AggregationTest.java.AggregationTest.load.Feature Envy,4.4.0-rc1,5.3.0-beta1,5.3.0-beta1,10
jedis,4.4.0-rc1,redis.clients.jedis.modules.search,AggregationTest,loadAll,Feature Envy,"checkstyle,experts",src/test/java/redis/clients/jedis/modules/search/AggregationTest.java,src/test/java/redis/clients/jedis/modules/search/AggregationTest.java.AggregationTest.loadAll.Feature Envy,4.4.0-rc1,5.3.0-beta1,5.3.0-beta1,10
jedis,5.2.0,redis.clients.jedis.modules.search,AggregationTest,testAggregationBuilderAddScores,Feature Envy,"checkstyle,experts",src/test/java/redis/clients/jedis/modules/search/AggregationTest.java,src/test/java/redis/clients/jedis/modules/search/AggregationTest.java.AggregationTest.testAggregationBuilderAddScores.Feature Envy,5.2.0,5.3.0-beta1,5.3.0-beta1,2
jedis,4.4.0-rc1,redis.clients.jedis.modules.search,AggregationTest,testAggregationBuilderParamsDialect,Feature Envy,"checkstyle,experts",src/test/java/redis/clients/jedis/modules/search/AggregationTest.java,src/test/java/redis/clients/jedis/modules/search/AggregationTest.java.AggregationTest.testAggregationBuilderParamsDialect.Feature Envy,4.4.0-rc1,5.3.0-beta1,5.3.0-beta1,10
jedis,4.4.0-rc1,redis.clients.jedis.modules.search,AggregationTest,testAggregationBuilderTimeout,Feature Envy,"checkstyle,experts",src/test/java/redis/clients/jedis/modules/search/AggregationTest.java,src/test/java/redis/clients/jedis/modules/search/AggregationTest.java.AggregationTest.testAggregationBuilderTimeout.Feature Envy,4.4.0-rc1,5.3.0-beta1,5.3.0-beta1,10
jedis,4.4.0-rc1,redis.clients.jedis.modules.search,AggregationTest,testAggregationBuilderVerbatim,Feature Envy,"checkstyle,experts",src/test/java/redis/clients/jedis/modules/search/AggregationTest.java,src/test/java/redis/clients/jedis/modules/search/AggregationTest.java.AggregationTest.testAggregationBuilderVerbatim.Feature Envy,4.4.0-rc1,5.3.0-beta1,5.3.0-beta1,10
jedis,4.4.0-rc1,redis.clients.jedis.modules.search,AggregationTest,testAggregations,Feature Envy,"checkstyle,experts",src/test/java/redis/clients/jedis/modules/search/AggregationTest.java,src/test/java/redis/clients/jedis/modules/search/AggregationTest.java.AggregationTest.testAggregations.Feature Envy,4.4.0-rc1,5.3.0-beta1,5.3.0-beta1,10
jedis,4.4.0-rc1,redis.clients.jedis.modules.search,AggregationTest,testAggregations2,Feature Envy,"checkstyle,experts",src/test/java/redis/clients/jedis/modules/search/AggregationTest.java,src/test/java/redis/clients/jedis/modules/search/AggregationTest.java.AggregationTest.testAggregations2.Feature Envy,4.4.0-rc1,5.3.0-beta1,5.3.0-beta1,10
jedis,5.0.0,redis.clients.jedis.modules.search,AggregationTest,testAggregations2Profile,Feature Envy,"checkstyle,experts",src/test/java/redis/clients/jedis/modules/search/AggregationTest.java,src/test/java/redis/clients/jedis/modules/search/AggregationTest.java.AggregationTest.testAggregations2Profile.Feature Envy,5.0.0,5.3.0-beta1,5.3.0-beta1,6
jedis,4.4.0-rc1,redis.clients.jedis.modules.search,AggregationTest,testApplyAndFilterAggregations,Feature Envy,"checkstyle,experts",src/test/java/redis/clients/jedis/modules/search/AggregationTest.java,src/test/java/redis/clients/jedis/modules/search/AggregationTest.java.AggregationTest.testApplyAndFilterAggregations.Feature Envy,4.4.0-rc1,5.3.0-beta1,5.3.0-beta1,10
jedis,4.4.0-rc1,redis.clients.jedis.modules.search,AggregationTest,testWrongAggregation,Feature Envy,"checkstyle,experts",src/test/java/redis/clients/jedis/modules/search/AggregationTest.java,src/test/java/redis/clients/jedis/modules/search/AggregationTest.java.AggregationTest.testWrongAggregation.Feature Envy,4.4.0-rc1,5.3.0-beta1,5.3.0-beta1,10
jedis,4.0.0-RC1,redis.clients.jedis.modules.search,DocumentTest,serialize,Feature Envy,"checkstyle,experts",src/test/java/redis/clients/jedis/modules/search/DocumentTest.java,src/test/java/redis/clients/jedis/modules/search/DocumentTest.java.DocumentTest.serialize.Feature Envy,4.0.0-RC1,5.3.0-beta1,5.3.0-beta1,19
jedis,4.0.0-RC1,redis.clients.jedis.modules.search,DocumentTest,serialize,Long Method,"Decor,experts",src/test/java/redis/clients/jedis/modules/search/DocumentTest.java,src/test/java/redis/clients/jedis/modules/search/DocumentTest.java.DocumentTest.serialize.Long Method,4.0.0-RC1,5.3.0-beta1,5.3.0-beta1,19
jedis,4.3.0-m1,redis.clients.jedis.modules.search,JsonSearchTest,,God Class,"pmd,experts",src/test/java/redis/clients/jedis/modules/search/JsonSearchTest.java,src/test/java/redis/clients/jedis/modules/search/JsonSearchTest.java.JsonSearchTest..God Class,4.3.0-m1,5.3.0-beta1,5.3.0-beta1,13
jedis,4.0.0-RC1,redis.clients.jedis.modules.search,JsonSearchTest,create,Feature Envy,"checkstyle,experts",src/test/java/redis/clients/jedis/modules/search/JsonSearchTest.java,src/test/java/redis/clients/jedis/modules/search/JsonSearchTest.java.JsonSearchTest.create.Feature Envy,4.0.0-RC1,5.3.0-beta1,5.3.0-beta1,19
jedis,4.0.0-RC1,redis.clients.jedis.modules.search,JsonSearchTest,createWithFieldNames,Feature Envy,"checkstyle,experts",src/test/java/redis/clients/jedis/modules/search/JsonSearchTest.java,src/test/java/redis/clients/jedis/modules/search/JsonSearchTest.java.JsonSearchTest.createWithFieldNames.Feature Envy,4.0.0-RC1,5.3.0-beta1,5.3.0-beta1,19
jedis,4.3.0-m1,redis.clients.jedis.modules.search,JsonSearchTest,dialect,Feature Envy,"checkstyle,experts",src/test/java/redis/clients/jedis/modules/search/JsonSearchTest.java,src/test/java/redis/clients/jedis/modules/search/JsonSearchTest.java.JsonSearchTest.dialect.Feature Envy,4.3.0-m1,5.3.0-beta1,5.3.0-beta1,13
jedis,4.0.0-RC1,redis.clients.jedis.modules.search,JsonSearchTest,parseJson,Feature Envy,"checkstyle,experts",src/test/java/redis/clients/jedis/modules/search/JsonSearchTest.java,src/test/java/redis/clients/jedis/modules/search/JsonSearchTest.java.JsonSearchTest.parseJson.Feature Envy,4.0.0-RC1,5.3.0-beta1,5.3.0-beta1,19
jedis,4.0.0-RC1,redis.clients.jedis.modules.search,JsonSearchTest,parseJson,Long Method,"Decor,experts",src/test/java/redis/clients/jedis/modules/search/JsonSearchTest.java,src/test/java/redis/clients/jedis/modules/search/JsonSearchTest.java.JsonSearchTest.parseJson.Long Method,4.0.0-RC1,5.3.0-beta1,5.3.0-beta1,19
jedis,4.0.0-RC1,redis.clients.jedis.modules.search,JsonSearchTest,parseJsonPartial,Feature Envy,"checkstyle,experts",src/test/java/redis/clients/jedis/modules/search/JsonSearchTest.java,src/test/java/redis/clients/jedis/modules/search/JsonSearchTest.java.JsonSearchTest.parseJsonPartial.Feature Envy,4.0.0-RC1,5.3.0-beta1,5.3.0-beta1,19
jedis,4.0.0-RC1,redis.clients.jedis.modules.search,JsonSearchTest,setJson,Feature Envy,"checkstyle,experts",src/test/java/redis/clients/jedis/modules/search/JsonSearchTest.java,src/test/java/redis/clients/jedis/modules/search/JsonSearchTest.java.JsonSearchTest.setJson.Feature Envy,4.0.0-RC1,5.3.0-beta1,5.3.0-beta1,19
jedis,4.3.0,redis.clients.jedis.modules.search,JsonSearchWithGsonTest,returnNullField,Long Method,"Decor,experts",src/test/java/redis/clients/jedis/modules/search/JsonSearchWithGsonTest.java,src/test/java/redis/clients/jedis/modules/search/JsonSearchWithGsonTest.java.JsonSearchWithGsonTest.returnNullField.Long Method,4.3.0,5.3.0-beta1,5.3.0-beta1,12
jedis,4.3.0,redis.clients.jedis.modules.search,QueryBuilderTest,testIntersectionBasic,Feature Envy,"checkstyle,experts",src/test/java/redis/clients/jedis/modules/search/QueryBuilderTest.java,src/test/java/redis/clients/jedis/modules/search/QueryBuilderTest.java.QueryBuilderTest.testIntersectionBasic.Feature Envy,4.3.0,5.3.0-beta1,5.3.0-beta1,12
jedis,4.3.0,redis.clients.jedis.modules.search,QueryBuilderTest,testIntersectionNested,Feature Envy,"checkstyle,experts",src/test/java/redis/clients/jedis/modules/search/QueryBuilderTest.java,src/test/java/redis/clients/jedis/modules/search/QueryBuilderTest.java.QueryBuilderTest.testIntersectionNested.Feature Envy,4.3.0,5.3.0-beta1,5.3.0-beta1,12
jedis,4.3.0,redis.clients.jedis.modules.search,QueryBuilderTest,testRange,Feature Envy,"checkstyle,experts",src/test/java/redis/clients/jedis/modules/search/QueryBuilderTest.java,src/test/java/redis/clients/jedis/modules/search/QueryBuilderTest.java.QueryBuilderTest.testRange.Feature Envy,4.3.0,5.3.0-beta1,5.3.0-beta1,12
jedis,4.3.0,redis.clients.jedis.modules.search,QueryBuilderTest,testRange,Long Method,"Decor,experts",src/test/java/redis/clients/jedis/modules/search/QueryBuilderTest.java,src/test/java/redis/clients/jedis/modules/search/QueryBuilderTest.java.QueryBuilderTest.testRange.Long Method,4.3.0,5.3.0-beta1,5.3.0-beta1,12
jedis,4.3.0,redis.clients.jedis.modules.search,SchemaTest,fieldAttributeMultiple,Feature Envy,"checkstyle,experts",src/test/java/redis/clients/jedis/modules/search/SchemaTest.java,src/test/java/redis/clients/jedis/modules/search/SchemaTest.java.SchemaTest.fieldAttributeMultiple.Feature Envy,4.3.0,5.3.0-beta1,5.3.0-beta1,12
jedis,4.0.0-RC1,redis.clients.jedis.modules.search,SchemaTest,printSchemaTest,Feature Envy,"checkstyle,experts",src/test/java/redis/clients/jedis/modules/search/SchemaTest.java,src/test/java/redis/clients/jedis/modules/search/SchemaTest.java.SchemaTest.printSchemaTest.Feature Envy,4.0.0-RC1,5.3.0-beta1,5.3.0-beta1,19
jedis,4.4.0-m1,redis.clients.jedis.modules.search,SearchConfigTest,configOnTimeout,Feature Envy,"checkstyle,experts",src/test/java/redis/clients/jedis/modules/search/SearchConfigTest.java,src/test/java/redis/clients/jedis/modules/search/SearchConfigTest.java.SearchConfigTest.configOnTimeout.Feature Envy,4.4.0-m1,5.3.0-beta1,5.3.0-beta1,11
jedis,4.4.0-m1,redis.clients.jedis.modules.search,SearchConfigTest,dialectConfig,Feature Envy,"checkstyle,experts",src/test/java/redis/clients/jedis/modules/search/SearchConfigTest.java,src/test/java/redis/clients/jedis/modules/search/SearchConfigTest.java.SearchConfigTest.dialectConfig.Feature Envy,4.4.0-m1,5.3.0-beta1,5.3.0-beta1,11
jedis,5.0.0,redis.clients.jedis.modules.search,SearchDefaultDialectTest,testDialectsWithFTExplain,Feature Envy,"checkstyle,experts",src/test/java/redis/clients/jedis/modules/search/SearchDefaultDialectTest.java,src/test/java/redis/clients/jedis/modules/search/SearchDefaultDialectTest.java.SearchDefaultDialectTest.testDialectsWithFTExplain.Feature Envy,5.0.0,5.3.0-beta1,5.3.0-beta1,6
jedis,5.0.0,redis.clients.jedis.modules.search,SearchDefaultDialectTest,testQueryParams,Feature Envy,"checkstyle,experts",src/test/java/redis/clients/jedis/modules/search/SearchDefaultDialectTest.java,src/test/java/redis/clients/jedis/modules/search/SearchDefaultDialectTest.java.SearchDefaultDialectTest.testQueryParams.Feature Envy,5.0.0,5.3.0-beta1,5.3.0-beta1,6
jedis,5.0.0,redis.clients.jedis.modules.search,SearchDefaultDialectTest,testQueryParamsWithParams,Feature Envy,"checkstyle,experts",src/test/java/redis/clients/jedis/modules/search/SearchDefaultDialectTest.java,src/test/java/redis/clients/jedis/modules/search/SearchDefaultDialectTest.java.SearchDefaultDialectTest.testQueryParamsWithParams.Feature Envy,5.0.0,5.3.0-beta1,5.3.0-beta1,6
jedis,4.0.0-RC1,redis.clients.jedis.modules.search,SearchTest,,God Class,"pmd,experts",src/test/java/redis/clients/jedis/modules/search/SearchTest.java,src/test/java/redis/clients/jedis/modules/search/SearchTest.java.SearchTest..God Class,4.0.0-RC1,5.3.0-beta1,5.3.0-beta1,19
jedis,4.0.0-RC1,redis.clients.jedis.modules.search,SearchTest,alias,Feature Envy,"checkstyle,experts",src/test/java/redis/clients/jedis/modules/search/SearchTest.java,src/test/java/redis/clients/jedis/modules/search/SearchTest.java.SearchTest.alias.Feature Envy,4.0.0-RC1,5.3.0-beta1,5.3.0-beta1,19
jedis,4.0.0-RC1,redis.clients.jedis.modules.search,SearchTest,alterAdd,Feature Envy,"checkstyle,experts",src/test/java/redis/clients/jedis/modules/search/SearchTest.java,src/test/java/redis/clients/jedis/modules/search/SearchTest.java.SearchTest.alterAdd.Feature Envy,4.0.0-RC1,5.3.0-beta1,5.3.0-beta1,19
jedis,4.3.0-m1,redis.clients.jedis.modules.search,SearchTest,caseSensitiveTagField,Feature Envy,"checkstyle,experts",src/test/java/redis/clients/jedis/modules/search/SearchTest.java,src/test/java/redis/clients/jedis/modules/search/SearchTest.java.SearchTest.caseSensitiveTagField.Feature Envy,4.3.0-m1,5.3.0-beta1,5.3.0-beta1,13
jedis,4.0.0-RC1,redis.clients.jedis.modules.search,SearchTest,configOnTimeout,Feature Envy,"checkstyle,experts",src/test/java/redis/clients/jedis/modules/search/SearchTest.java,src/test/java/redis/clients/jedis/modules/search/SearchTest.java.SearchTest.configOnTimeout.Feature Envy,4.0.0-RC1,4.3.0,4.4.0-m1,8
jedis,4.0.0-RC1,redis.clients.jedis.modules.search,SearchTest,creatDefinion,Feature Envy,"checkstyle,experts",src/test/java/redis/clients/jedis/modules/search/SearchTest.java,src/test/java/redis/clients/jedis/modules/search/SearchTest.java.SearchTest.creatDefinion.Feature Envy,4.0.0-RC1,4.3.0-m1,4.3.0,7
jedis,4.3.0,redis.clients.jedis.modules.search,SearchTest,create,Feature Envy,"checkstyle,experts",src/test/java/redis/clients/jedis/modules/search/SearchTest.java,src/test/java/redis/clients/jedis/modules/search/SearchTest.java.SearchTest.create.Feature Envy,4.3.0,5.3.0-beta1,5.3.0-beta1,12
jedis,4.3.0,redis.clients.jedis.modules.search,SearchTest,createNoParams,Feature Envy,"checkstyle,experts",src/test/java/redis/clients/jedis/modules/search/SearchTest.java,src/test/java/redis/clients/jedis/modules/search/SearchTest.java.SearchTest.createNoParams.Feature Envy,4.3.0,5.3.0-beta1,5.3.0-beta1,12
jedis,4.0.0-RC1,redis.clients.jedis.modules.search,SearchTest,createWithFieldNames,Feature Envy,"checkstyle,experts",src/test/java/redis/clients/jedis/modules/search/SearchTest.java,src/test/java/redis/clients/jedis/modules/search/SearchTest.java.SearchTest.createWithFieldNames.Feature Envy,4.0.0-RC1,5.3.0-beta1,5.3.0-beta1,19
jedis,4.0.0-RC1,redis.clients.jedis.modules.search,SearchTest,dropIndexDD,Feature Envy,"checkstyle,experts",src/test/java/redis/clients/jedis/modules/search/SearchTest.java,src/test/java/redis/clients/jedis/modules/search/SearchTest.java.SearchTest.dropIndexDD.Feature Envy,4.0.0-RC1,5.3.0-beta1,5.3.0-beta1,19
jedis,4.0.0-RC1,redis.clients.jedis.modules.search,SearchTest,getTagField,Feature Envy,"checkstyle,experts",src/test/java/redis/clients/jedis/modules/search/SearchTest.java,src/test/java/redis/clients/jedis/modules/search/SearchTest.java.SearchTest.getTagField.Feature Envy,4.0.0-RC1,5.3.0-beta1,5.3.0-beta1,19
jedis,4.3.0,redis.clients.jedis.modules.search,SearchTest,noStopwords,Feature Envy,"checkstyle,experts",src/test/java/redis/clients/jedis/modules/search/SearchTest.java,src/test/java/redis/clients/jedis/modules/search/SearchTest.java.SearchTest.noStopwords.Feature Envy,4.3.0,5.3.0-beta1,5.3.0-beta1,12
jedis,4.0.0-RC1,redis.clients.jedis.modules.search,SearchTest,phoneticMatch,Feature Envy,"checkstyle,experts",src/test/java/redis/clients/jedis/modules/search/SearchTest.java,src/test/java/redis/clients/jedis/modules/search/SearchTest.java.SearchTest.phoneticMatch.Feature Envy,4.0.0-RC1,5.3.0-beta1,5.3.0-beta1,19
jedis,4.4.0-rc1,redis.clients.jedis.modules.search,SearchTest,searchIteration,Feature Envy,"checkstyle,experts",src/test/java/redis/clients/jedis/modules/search/SearchTest.java,src/test/java/redis/clients/jedis/modules/search/SearchTest.java.SearchTest.searchIteration.Feature Envy,4.4.0-rc1,5.3.0-beta1,5.3.0-beta1,10
jedis,4.0.0-RC1,redis.clients.jedis.modules.search,SearchTest,syn,Feature Envy,"checkstyle,experts",src/test/java/redis/clients/jedis/modules/search/SearchTest.java,src/test/java/redis/clients/jedis/modules/search/SearchTest.java.SearchTest.syn.Feature Envy,4.0.0-RC1,4.2.0,4.3.0-m1,6
jedis,4.3.0-m1,redis.clients.jedis.modules.search,SearchTest,synonym,Feature Envy,"checkstyle,experts",src/test/java/redis/clients/jedis/modules/search/SearchTest.java,src/test/java/redis/clients/jedis/modules/search/SearchTest.java.SearchTest.synonym.Feature Envy,4.3.0-m1,5.3.0-beta1,5.3.0-beta1,13
jedis,4.3.0-m1,redis.clients.jedis.modules.search,SearchTest,testDialectConfig,Feature Envy,"checkstyle,experts",src/test/java/redis/clients/jedis/modules/search/SearchTest.java,src/test/java/redis/clients/jedis/modules/search/SearchTest.java.SearchTest.testDialectConfig.Feature Envy,4.3.0-m1,4.3.0,4.4.0-m1,2
jedis,4.3.0-m1,redis.clients.jedis.modules.search,SearchTest,testDialectsWithFTExplain,Feature Envy,"checkstyle,experts",src/test/java/redis/clients/jedis/modules/search/SearchTest.java,src/test/java/redis/clients/jedis/modules/search/SearchTest.java.SearchTest.testDialectsWithFTExplain.Feature Envy,4.3.0-m1,5.3.0-beta1,5.3.0-beta1,13
jedis,4.2.0-m1,redis.clients.jedis.modules.search,SearchTest,testFlatVectorSimilarity,Feature Envy,"checkstyle,experts",src/test/java/redis/clients/jedis/modules/search/SearchTest.java,src/test/java/redis/clients/jedis/modules/search/SearchTest.java.SearchTest.testFlatVectorSimilarity.Feature Envy,4.2.0-m1,5.3.0-beta1,5.3.0-beta1,16
jedis,4.0.0-RC1,redis.clients.jedis.modules.search,SearchTest,testGetTagFieldWithNonDefaultSeparator,Feature Envy,"checkstyle,experts",src/test/java/redis/clients/jedis/modules/search/SearchTest.java,src/test/java/redis/clients/jedis/modules/search/SearchTest.java.SearchTest.testGetTagFieldWithNonDefaultSeparator.Feature Envy,4.0.0-RC1,5.3.0-beta1,5.3.0-beta1,19
jedis,4.2.0-m1,redis.clients.jedis.modules.search,SearchTest,testHNSWVVectorSimilarity,Feature Envy,"checkstyle,experts",src/test/java/redis/clients/jedis/modules/search/SearchTest.java,src/test/java/redis/clients/jedis/modules/search/SearchTest.java.SearchTest.testHNSWVVectorSimilarity.Feature Envy,4.2.0-m1,5.3.0-beta1,5.3.0-beta1,16
jedis,5.2.0,redis.clients.jedis.modules.search,SearchTest,testJsonWithAlias,Feature Envy,"checkstyle,experts",src/test/java/redis/clients/jedis/modules/search/SearchTest.java,src/test/java/redis/clients/jedis/modules/search/SearchTest.java.SearchTest.testJsonWithAlias.Feature Envy,5.2.0,5.3.0-beta1,5.3.0-beta1,2
jedis,4.0.0-RC1,redis.clients.jedis.modules.search,SearchTest,testNullField,Feature Envy,"checkstyle,experts",src/test/java/redis/clients/jedis/modules/search/SearchTest.java,src/test/java/redis/clients/jedis/modules/search/SearchTest.java.SearchTest.testNullField.Feature Envy,4.0.0-RC1,5.3.0-beta1,5.3.0-beta1,19
jedis,4.0.0-RC1,redis.clients.jedis.modules.search,SearchTest,testNumericFilter,Long Method,"Decor,experts",src/test/java/redis/clients/jedis/modules/search/SearchTest.java,src/test/java/redis/clients/jedis/modules/search/SearchTest.java.SearchTest.testNumericFilter.Long Method,4.0.0-RC1,4.2.0,4.3.0-m1,6
jedis,4.0.0-RC1,redis.clients.jedis.modules.search,SearchTest,testQueryFlags,Feature Envy,"checkstyle,experts",src/test/java/redis/clients/jedis/modules/search/SearchTest.java,src/test/java/redis/clients/jedis/modules/search/SearchTest.java.SearchTest.testQueryFlags.Feature Envy,4.0.0-RC1,5.3.0-beta1,5.3.0-beta1,19
jedis,4.2.0-m1,redis.clients.jedis.modules.search,SearchTest,testQueryParams,Feature Envy,"checkstyle,experts",src/test/java/redis/clients/jedis/modules/search/SearchTest.java,src/test/java/redis/clients/jedis/modules/search/SearchTest.java.SearchTest.testQueryParams.Feature Envy,4.2.0-m1,5.3.0-beta1,5.3.0-beta1,16
jedis,4.0.0-RC1,redis.clients.jedis.modules.search,SearchTest,testStopwordsMore,Feature Envy,"checkstyle,experts",src/test/java/redis/clients/jedis/modules/search/SearchTest.java,src/test/java/redis/clients/jedis/modules/search/SearchTest.java.SearchTest.testStopwordsMore.Feature Envy,4.0.0-RC1,4.3.0-m1,4.3.0,7
jedis,4.0.0-RC1,redis.clients.jedis.modules.search,SearchTest,withObjectMap,Feature Envy,"checkstyle,experts",src/test/java/redis/clients/jedis/modules/search/SearchTest.java,src/test/java/redis/clients/jedis/modules/search/SearchTest.java.SearchTest.withObjectMap.Feature Envy,4.0.0-RC1,4.3.0-m1,4.3.0,7
jedis,4.3.0,redis.clients.jedis.modules.search,SearchWithParamsTest,,God Class,"pmd,experts",src/test/java/redis/clients/jedis/modules/search/SearchWithParamsTest.java,src/test/java/redis/clients/jedis/modules/search/SearchWithParamsTest.java.SearchWithParamsTest..God Class,4.3.0,5.3.0-beta1,5.3.0-beta1,12
jedis,4.3.0,redis.clients.jedis.modules.search,SearchWithParamsTest,alias,Feature Envy,"checkstyle,experts",src/test/java/redis/clients/jedis/modules/search/SearchWithParamsTest.java,src/test/java/redis/clients/jedis/modules/search/SearchWithParamsTest.java.SearchWithParamsTest.alias.Feature Envy,4.3.0,5.3.0-beta1,5.3.0-beta1,12
jedis,4.3.0,redis.clients.jedis.modules.search,SearchWithParamsTest,create,Feature Envy,"checkstyle,experts",src/test/java/redis/clients/jedis/modules/search/SearchWithParamsTest.java,src/test/java/redis/clients/jedis/modules/search/SearchWithParamsTest.java.SearchWithParamsTest.create.Feature Envy,4.3.0,5.3.0-beta1,5.3.0-beta1,12
jedis,4.3.0,redis.clients.jedis.modules.search,SearchWithParamsTest,createWithFieldNames,Feature Envy,"checkstyle,experts",src/test/java/redis/clients/jedis/modules/search/SearchWithParamsTest.java,src/test/java/redis/clients/jedis/modules/search/SearchWithParamsTest.java.SearchWithParamsTest.createWithFieldNames.Feature Envy,4.3.0,5.3.0-beta1,5.3.0-beta1,12
jedis,4.3.0,redis.clients.jedis.modules.search,SearchWithParamsTest,dropIndexDD,Feature Envy,"checkstyle,experts",src/test/java/redis/clients/jedis/modules/search/SearchWithParamsTest.java,src/test/java/redis/clients/jedis/modules/search/SearchWithParamsTest.java.SearchWithParamsTest.dropIndexDD.Feature Envy,4.3.0,5.3.0-beta1,5.3.0-beta1,12
jedis,4.4.0-m1,redis.clients.jedis.modules.search,SearchWithParamsTest,limitedSearchProfile,Feature Envy,"checkstyle,experts",src/test/java/redis/clients/jedis/modules/search/SearchWithParamsTest.java,src/test/java/redis/clients/jedis/modules/search/SearchWithParamsTest.java.SearchWithParamsTest.limitedSearchProfile.Feature Envy,4.4.0-m1,5.3.0-beta1,5.3.0-beta1,11
jedis,4.4.0-m1,redis.clients.jedis.modules.search,SearchWithParamsTest,maxPrefixExpansionSearchProfile,Feature Envy,"checkstyle,experts",src/test/java/redis/clients/jedis/modules/search/SearchWithParamsTest.java,src/test/java/redis/clients/jedis/modules/search/SearchWithParamsTest.java.SearchWithParamsTest.maxPrefixExpansionSearchProfile.Feature Envy,4.4.0-m1,5.3.0-beta1,5.3.0-beta1,11
jedis,4.3.0,redis.clients.jedis.modules.search,SearchWithParamsTest,numericFilter,Long Method,"Decor,experts",src/test/java/redis/clients/jedis/modules/search/SearchWithParamsTest.java,src/test/java/redis/clients/jedis/modules/search/SearchWithParamsTest.java.SearchWithParamsTest.numericFilter.Long Method,4.3.0,5.3.0-beta1,5.3.0-beta1,12
jedis,4.4.0-rc1,redis.clients.jedis.modules.search,SearchWithParamsTest,searchIteration,Feature Envy,"checkstyle,experts",src/test/java/redis/clients/jedis/modules/search/SearchWithParamsTest.java,src/test/java/redis/clients/jedis/modules/search/SearchWithParamsTest.java.SearchWithParamsTest.searchIteration.Feature Envy,4.4.0-rc1,5.3.0-beta1,5.3.0-beta1,10
jedis,4.4.0-rc1,redis.clients.jedis.modules.search,SearchWithParamsTest,searchIterationCollect,Feature Envy,"checkstyle,experts",src/test/java/redis/clients/jedis/modules/search/SearchWithParamsTest.java,src/test/java/redis/clients/jedis/modules/search/SearchWithParamsTest.java.SearchWithParamsTest.searchIterationCollect.Feature Envy,4.4.0-rc1,5.3.0-beta1,5.3.0-beta1,10
jedis,5.2.0,redis.clients.jedis.modules.search,SearchWithParamsTest,searchTextFieldsCondition,Feature Envy,"checkstyle,experts",src/test/java/redis/clients/jedis/modules/search/SearchWithParamsTest.java,src/test/java/redis/clients/jedis/modules/search/SearchWithParamsTest.java.SearchWithParamsTest.searchTextFieldsCondition.Feature Envy,5.2.0,5.3.0-beta1,5.3.0-beta1,2
jedis,4.3.0,redis.clients.jedis.modules.search,SearchWithParamsTest,synonym,Feature Envy,"checkstyle,experts",src/test/java/redis/clients/jedis/modules/search/SearchWithParamsTest.java,src/test/java/redis/clients/jedis/modules/search/SearchWithParamsTest.java.SearchWithParamsTest.synonym.Feature Envy,4.3.0,5.3.0-beta1,5.3.0-beta1,12
jedis,4.3.0,redis.clients.jedis.modules.search,SearchWithParamsTest,testFlatVectorSimilarity,Feature Envy,"checkstyle,experts",src/test/java/redis/clients/jedis/modules/search/SearchWithParamsTest.java,src/test/java/redis/clients/jedis/modules/search/SearchWithParamsTest.java.SearchWithParamsTest.testFlatVectorSimilarity.Feature Envy,4.3.0,5.3.0-beta1,5.3.0-beta1,12
jedis,4.3.0,redis.clients.jedis.modules.search,SearchWithParamsTest,testHNSWVVectorSimilarity,Feature Envy,"checkstyle,experts",src/test/java/redis/clients/jedis/modules/search/SearchWithParamsTest.java,src/test/java/redis/clients/jedis/modules/search/SearchWithParamsTest.java.SearchWithParamsTest.testHNSWVVectorSimilarity.Feature Envy,4.3.0,5.2.0-beta1,5.2.0,10
jedis,5.2.0,redis.clients.jedis.modules.search,SearchWithParamsTest,testHNSWVectorSimilarity,Feature Envy,"checkstyle,experts",src/test/java/redis/clients/jedis/modules/search/SearchWithParamsTest.java,src/test/java/redis/clients/jedis/modules/search/SearchWithParamsTest.java.SearchWithParamsTest.testHNSWVectorSimilarity.Feature Envy,5.2.0,5.3.0-beta1,5.3.0-beta1,2
jedis,4.3.0,redis.clients.jedis.modules.search,SearchWithParamsTest,testQueryParams,Feature Envy,"checkstyle,experts",src/test/java/redis/clients/jedis/modules/search/SearchWithParamsTest.java,src/test/java/redis/clients/jedis/modules/search/SearchWithParamsTest.java.SearchWithParamsTest.testQueryParams.Feature Envy,4.3.0,5.3.0-beta1,5.3.0-beta1,12
jedis,4.4.0-m1,redis.clients.jedis.modules.search,SearchWithParamsTest,vectorSearchProfile,Feature Envy,"checkstyle,experts",src/test/java/redis/clients/jedis/modules/search/SearchWithParamsTest.java,src/test/java/redis/clients/jedis/modules/search/SearchWithParamsTest.java.SearchWithParamsTest.vectorSearchProfile.Feature Envy,4.4.0-m1,5.3.0-beta1,5.3.0-beta1,11
jedis,4.4.0-m1,redis.clients.jedis.modules.search,SpellCheckTest,basicSpellCheck,Feature Envy,"checkstyle,experts",src/test/java/redis/clients/jedis/modules/search/SpellCheckTest.java,src/test/java/redis/clients/jedis/modules/search/SpellCheckTest.java.SpellCheckTest.basicSpellCheck.Feature Envy,4.4.0-m1,5.3.0-beta1,5.3.0-beta1,11
jedis,4.4.0-m1,redis.clients.jedis.modules.search,SpellCheckTest,crossTermDictionary,Feature Envy,"checkstyle,experts",src/test/java/redis/clients/jedis/modules/search/SpellCheckTest.java,src/test/java/redis/clients/jedis/modules/search/SpellCheckTest.java.SpellCheckTest.crossTermDictionary.Feature Envy,4.4.0-m1,5.3.0-beta1,5.3.0-beta1,11
jedis,4.2.0-m1,redis.clients.jedis.modules.timeseries,TimeSeriesTest,,God Class,"pmd,experts",src/test/java/redis/clients/jedis/modules/timeseries/TimeSeriesTest.java,src/test/java/redis/clients/jedis/modules/timeseries/TimeSeriesTest.java.TimeSeriesTest..God Class,4.2.0-m1,5.3.0-beta1,5.3.0-beta1,16
jedis,5.0.0,redis.clients.jedis.modules.timeseries,TimeSeriesTest,testAdd,Long Method,"designitejava,experts",src/test/java/redis/clients/jedis/modules/timeseries/TimeSeriesTest.java,src/test/java/redis/clients/jedis/modules/timeseries/TimeSeriesTest.java.TimeSeriesTest.testAdd.Long Method,5.0.0,5.3.0-beta1,5.3.0-beta1,6
jedis,4.2.0-m1,redis.clients.jedis.modules.timeseries,TimeSeriesTest,testCreate,Feature Envy,"checkstyle,experts",src/test/java/redis/clients/jedis/modules/timeseries/TimeSeriesTest.java,src/test/java/redis/clients/jedis/modules/timeseries/TimeSeriesTest.java.TimeSeriesTest.testCreate.Feature Envy,4.2.0-m1,5.3.0-beta1,5.3.0-beta1,16
jedis,5.2.0,redis.clients.jedis.prefix,PrefixedKeysTest,prefixesKeys,Feature Envy,"checkstyle,experts",src/test/java/redis/clients/jedis/prefix/PrefixedKeysTest.java,src/test/java/redis/clients/jedis/prefix/PrefixedKeysTest.java.PrefixedKeysTest.prefixesKeys.Feature Envy,5.2.0,5.3.0-beta1,5.3.0-beta1,2
jedis,5.0.0,redis.clients.jedis.providers,MultiClusterPooledConnectionProviderTest,testIncrementActiveMultiClusterIndexOutOfRange,Feature Envy,"designitejava,experts",src/test/java/redis/clients/jedis/providers/MultiClusterPooledConnectionProviderTest.java,src/test/java/redis/clients/jedis/providers/MultiClusterPooledConnectionProviderTest.java.MultiClusterPooledConnectionProviderTest.testIncrementActiveMultiClusterIndexOutOfRange.Feature Envy,5.0.0,5.3.0-beta1,5.3.0-beta1,6
jedis,5.0.0,redis.clients.jedis.providers,MultiClusterPooledConnectionProviderTest,testIsLastClusterCircuitBreakerForcedOpen,Feature Envy,"designitejava,experts",src/test/java/redis/clients/jedis/providers/MultiClusterPooledConnectionProviderTest.java,src/test/java/redis/clients/jedis/providers/MultiClusterPooledConnectionProviderTest.java.MultiClusterPooledConnectionProviderTest.testIsLastClusterCircuitBreakerForcedOpen.Feature Envy,5.0.0,5.3.0-beta1,5.3.0-beta1,6
jedis,5.0.0,redis.clients.jedis.providers,MultiClusterPooledConnectionProviderTest,testRunClusterFailoverPostProcessor,Long Method,"Decor,experts",src/test/java/redis/clients/jedis/providers/MultiClusterPooledConnectionProviderTest.java,src/test/java/redis/clients/jedis/providers/MultiClusterPooledConnectionProviderTest.java.MultiClusterPooledConnectionProviderTest.testRunClusterFailoverPostProcessor.Long Method,5.0.0,5.2.0-beta1,5.2.0,4
jedis,5.2.0,redis.clients.jedis.scenario,ActiveActiveFailoverTest,testFailover,Complex Method,"pmd,experts",src/test/java/redis/clients/jedis/scenario/ActiveActiveFailoverTest.java,src/test/java/redis/clients/jedis/scenario/ActiveActiveFailoverTest.java.ActiveActiveFailoverTest.testFailover.Complex Method,5.2.0,5.3.0-beta1,5.3.0-beta1,2
jedis,5.2.0,redis.clients.jedis.scenario,ActiveActiveFailoverTest,testFailover,Feature Envy,"checkstyle,experts",src/test/java/redis/clients/jedis/scenario/ActiveActiveFailoverTest.java,src/test/java/redis/clients/jedis/scenario/ActiveActiveFailoverTest.java.ActiveActiveFailoverTest.testFailover.Feature Envy,5.2.0,5.3.0-beta1,5.3.0-beta1,2
jedis,5.2.0,redis.clients.jedis.scenario,ActiveActiveFailoverTest,testFailover,Long Method,"designitejava,experts",src/test/java/redis/clients/jedis/scenario/ActiveActiveFailoverTest.java,src/test/java/redis/clients/jedis/scenario/ActiveActiveFailoverTest.java.ActiveActiveFailoverTest.testFailover.Long Method,5.2.0,5.3.0-beta1,5.3.0-beta1,2
jedis,5.2.0,redis.clients.jedis.scenario,ClusterTopologyRefreshTest,testWithPool,Long Method,"Decor,experts",src/test/java/redis/clients/jedis/scenario/ClusterTopologyRefreshTest.java,src/test/java/redis/clients/jedis/scenario/ClusterTopologyRefreshTest.java.ClusterTopologyRefreshTest.testWithPool.Long Method,5.2.0,5.3.0-beta1,5.3.0-beta1,2
jedis,5.2.0,redis.clients.jedis.scenario,ConnectionInterruptionTest,testWithPool,Long Method,"Decor,experts",src/test/java/redis/clients/jedis/scenario/ConnectionInterruptionTest.java,src/test/java/redis/clients/jedis/scenario/ConnectionInterruptionTest.java.ConnectionInterruptionTest.testWithPool.Long Method,5.2.0,5.3.0-beta1,5.3.0-beta1,2
jedis,2.6.0,redis.clients.jedis.tests,ConnectionCloseTest,checkUnkownHost,Feature Envy,"designitejava,experts",src/test/java/redis/clients/jedis/tests/ConnectionCloseTest.java,src/test/java/redis/clients/jedis/tests/ConnectionCloseTest.java.ConnectionCloseTest.checkUnkownHost.Feature Envy,2.6.0,2.9.0,2.10.0-m1,4
jedis,2.6.0,redis.clients.jedis.tests,ConnectionCloseTest,checkWrongPort,Feature Envy,"designitejava,checkstyle,experts",src/test/java/redis/clients/jedis/tests/ConnectionCloseTest.java,src/test/java/redis/clients/jedis/tests/ConnectionCloseTest.java.ConnectionCloseTest.checkWrongPort.Feature Envy,2.6.0,2.9.0,2.10.0-m1,4
jedis,2.6.0,redis.clients.jedis.tests,ConnectionCloseTest,connectIfNotConnectedWhenSettingTimeoutInfinite,Feature Envy,"designitejava,checkstyle,experts",src/test/java/redis/clients/jedis/tests/ConnectionCloseTest.java,src/test/java/redis/clients/jedis/tests/ConnectionCloseTest.java.ConnectionCloseTest.connectIfNotConnectedWhenSettingTimeoutInfinite.Feature Envy,2.6.0,2.9.0,2.10.0-m1,4
jedis,2.4.0,redis.clients.jedis.tests,ConnectionTest,checkCloseable,Feature Envy,"designitejava,checkstyle,experts",src/test/java/redis/clients/jedis/tests/ConnectionTest.java,src/test/java/redis/clients/jedis/tests/ConnectionTest.java.ConnectionTest.checkCloseable.Feature Envy,2.4.0,4.0.0-beta1,4.0.0-RC1,25
jedis,1.0.0,redis.clients.jedis.tests,ConnectionTest,checkUnkownHost,Feature Envy,"designitejava,experts",src/test/java/redis/clients/jedis/tests/ConnectionTest.java,src/test/java/redis/clients/jedis/tests/ConnectionTest.java.ConnectionTest.checkUnkownHost.Feature Envy,1.0.0,3.5.0,3.6.0-rc1,26
jedis,3.6.0-rc1,redis.clients.jedis.tests,ConnectionTest,checkUnkownHostBackwardCompatible,Feature Envy,"designitejava,experts",src/test/java/redis/clients/jedis/tests/ConnectionTest.java,src/test/java/redis/clients/jedis/tests/ConnectionTest.java.ConnectionTest.checkUnkownHostBackwardCompatible.Feature Envy,3.6.0-rc1,3.10.0,4.0.0-beta1,7
jedis,1.0.0,redis.clients.jedis.tests,ConnectionTest,checkWrongPort,Feature Envy,"designitejava,checkstyle,experts",src/test/java/redis/clients/jedis/tests/ConnectionTest.java,src/test/java/redis/clients/jedis/tests/ConnectionTest.java.ConnectionTest.checkWrongPort.Feature Envy,1.0.0,3.5.0,3.6.0-rc1,26
jedis,3.6.0-rc1,redis.clients.jedis.tests,ConnectionTest,checkWrongPortBackwardCompatible,Feature Envy,"designitejava,checkstyle,experts",src/test/java/redis/clients/jedis/tests/ConnectionTest.java,src/test/java/redis/clients/jedis/tests/ConnectionTest.java.ConnectionTest.checkWrongPortBackwardCompatible.Feature Envy,3.6.0-rc1,3.10.0,4.0.0-beta1,7
jedis,2.2.0,redis.clients.jedis.tests,ConnectionTest,connectIfNotConnectedWhenSettingTimeoutInfinite,Feature Envy,"designitejava,checkstyle,experts",src/test/java/redis/clients/jedis/tests/ConnectionTest.java,src/test/java/redis/clients/jedis/tests/ConnectionTest.java.ConnectionTest.connectIfNotConnectedWhenSettingTimeoutInfinite.Feature Envy,2.2.0,3.5.0,3.6.0-rc1,19
jedis,3.6.0,redis.clients.jedis.tests,ExceptionsTest,,God Class,"pmd,experts",src/test/java/redis/clients/jedis/tests/ExceptionsTest.java,src/test/java/redis/clients/jedis/tests/ExceptionsTest.java.ExceptionsTest..God Class,3.6.0,4.0.0-beta1,4.0.0-RC1,7
jedis,3.6.0,redis.clients.jedis.tests,ExceptionsTest,askData,Long Method,"Decor,experts",src/test/java/redis/clients/jedis/tests/ExceptionsTest.java,src/test/java/redis/clients/jedis/tests/ExceptionsTest.java.ExceptionsTest.askData.Long Method,3.6.0,4.0.0-beta1,4.0.0-RC1,7
jedis,2.10.0-m1,redis.clients.jedis.tests,HostAndPortTest,checkExtractParts,Feature Envy,"checkstyle,experts",src/test/java/redis/clients/jedis/tests/HostAndPortTest.java,src/test/java/redis/clients/jedis/tests/HostAndPortTest.java.HostAndPortTest.checkExtractParts.Feature Envy,2.10.0-m1,3.10.0,4.0.0-beta1,18
jedis,2.10.0-m1,redis.clients.jedis.tests,HostAndPortTest,checkParseString,Feature Envy,"checkstyle,experts",src/test/java/redis/clients/jedis/tests/HostAndPortTest.java,src/test/java/redis/clients/jedis/tests/HostAndPortTest.java.HostAndPortTest.checkParseString.Feature Envy,2.10.0-m1,3.10.0,4.0.0-beta1,18
jedis,2.2.0,redis.clients.jedis.tests,HostAndPortUtil,parseHosts,Complex Method,"pmd,experts",src/test/java/redis/clients/jedis/tests/HostAndPortUtil.java,src/test/java/redis/clients/jedis/tests/HostAndPortUtil.java.HostAndPortUtil.parseHosts.Complex Method,2.2.0,3.10.0,4.0.0-beta1,26
jedis,3.6.0-rc1,redis.clients.jedis.tests,JedisClusterCommandTest,runMovedThenAllNodesFailing,Long Method,"Decor,experts",src/test/java/redis/clients/jedis/tests/JedisClusterCommandTest.java,src/test/java/redis/clients/jedis/tests/JedisClusterCommandTest.java.JedisClusterCommandTest.runMovedThenAllNodesFailing.Long Method,3.6.0-rc1,3.10.0,4.0.0-beta1,7
jedis,2.5.0,redis.clients.jedis.tests,JedisClusterNodeInformationParserTest,testParseNormalState,Feature Envy,"checkstyle,experts",src/test/java/redis/clients/jedis/tests/JedisClusterNodeInformationParserTest.java,src/test/java/redis/clients/jedis/tests/JedisClusterNodeInformationParserTest.java.JedisClusterNodeInformationParserTest.testParseNormalState.Feature Envy,2.5.0,2.8.0,2.9.0,4
jedis,2.5.0,redis.clients.jedis.tests,JedisClusterNodeInformationParserTest,testParseSlotBeingMigrated,Feature Envy,"checkstyle,experts",src/test/java/redis/clients/jedis/tests/JedisClusterNodeInformationParserTest.java,src/test/java/redis/clients/jedis/tests/JedisClusterNodeInformationParserTest.java.JedisClusterNodeInformationParserTest.testParseSlotBeingMigrated.Feature Envy,2.5.0,2.8.0,2.9.0,4
jedis,2.5.0,redis.clients.jedis.tests,JedisClusterReplicateTest,setUp,Feature Envy,"checkstyle,experts",src/test/java/redis/clients/jedis/tests/JedisClusterReplicateTest.java,src/test/java/redis/clients/jedis/tests/JedisClusterReplicateTest.java.JedisClusterReplicateTest.setUp.Feature Envy,2.5.0,2.5.0,2.6.0,1
jedis,2.5.0,redis.clients.jedis.tests,JedisClusterReplicateTest,testClusterFailover,Feature Envy,"checkstyle,experts",src/test/java/redis/clients/jedis/tests/JedisClusterReplicateTest.java,src/test/java/redis/clients/jedis/tests/JedisClusterReplicateTest.java.JedisClusterReplicateTest.testClusterFailover.Feature Envy,2.5.0,2.5.0,2.6.0,1
jedis,2.5.0,redis.clients.jedis.tests,JedisClusterReplicateTest,testClusterFailover,Long Method,"Decor,experts",src/test/java/redis/clients/jedis/tests/JedisClusterReplicateTest.java,src/test/java/redis/clients/jedis/tests/JedisClusterReplicateTest.java.JedisClusterReplicateTest.testClusterFailover.Long Method,2.5.0,2.5.0,2.6.0,1
jedis,2.5.0,redis.clients.jedis.tests,JedisClusterReplicateTest,waitForReplicateReady,Complex Method,"pmd,experts",src/test/java/redis/clients/jedis/tests/JedisClusterReplicateTest.java,src/test/java/redis/clients/jedis/tests/JedisClusterReplicateTest.java.JedisClusterReplicateTest.waitForReplicateReady.Complex Method,2.5.0,2.5.0,2.6.0,1
jedis,2.3.0,redis.clients.jedis.tests,JedisClusterTest,,God Class,"pmd,experts",src/test/java/redis/clients/jedis/tests/JedisClusterTest.java,src/test/java/redis/clients/jedis/tests/JedisClusterTest.java.JedisClusterTest..God Class,2.3.0,3.10.0,4.0.0-beta1,25
jedis,2.5.0,redis.clients.jedis.tests,JedisClusterTest,cleanUp,Feature Envy,"checkstyle,experts",src/test/java/redis/clients/jedis/tests/JedisClusterTest.java,src/test/java/redis/clients/jedis/tests/JedisClusterTest.java.JedisClusterTest.cleanUp.Feature Envy,2.5.0,3.10.0,4.0.0-beta1,23
jedis,3.8.0,redis.clients.jedis.tests,JedisClusterTest,clusterRefreshNodes,Feature Envy,"checkstyle,experts",src/test/java/redis/clients/jedis/tests/JedisClusterTest.java,src/test/java/redis/clients/jedis/tests/JedisClusterTest.java.JedisClusterTest.clusterRefreshNodes.Feature Envy,3.8.0,3.10.0,4.0.0-beta1,3
jedis,3.8.0,redis.clients.jedis.tests,JedisClusterTest,clusterRefreshNodes,Long Method,"Decor,experts",src/test/java/redis/clients/jedis/tests/JedisClusterTest.java,src/test/java/redis/clients/jedis/tests/JedisClusterTest.java.JedisClusterTest.clusterRefreshNodes.Long Method,3.8.0,3.10.0,4.0.0-beta1,3
jedis,3.0.0-m1,redis.clients.jedis.tests,JedisClusterTest,nullKeys,Feature Envy,"checkstyle,experts",src/test/java/redis/clients/jedis/tests/JedisClusterTest.java,src/test/java/redis/clients/jedis/tests/JedisClusterTest.java.JedisClusterTest.nullKeys.Feature Envy,3.0.0-m1,3.10.0,4.0.0-beta1,16
jedis,2.3.0,redis.clients.jedis.tests,JedisClusterTest,setUp,Feature Envy,"checkstyle,experts",src/test/java/redis/clients/jedis/tests/JedisClusterTest.java,src/test/java/redis/clients/jedis/tests/JedisClusterTest.java.JedisClusterTest.setUp.Feature Envy,2.3.0,3.10.0,4.0.0-beta1,25
jedis,2.3.0,redis.clients.jedis.tests,JedisClusterTest,setUp,Long Method,"Decor,experts",src/test/java/redis/clients/jedis/tests/JedisClusterTest.java,src/test/java/redis/clients/jedis/tests/JedisClusterTest.java.JedisClusterTest.setUp.Long Method,2.3.0,3.5.0,3.6.0-rc1,18
jedis,2.9.0,redis.clients.jedis.tests,JedisClusterTest,testCalculateConnectionPerSlot,Feature Envy,"checkstyle,experts",src/test/java/redis/clients/jedis/tests/JedisClusterTest.java,src/test/java/redis/clients/jedis/tests/JedisClusterTest.java.JedisClusterTest.testCalculateConnectionPerSlot.Feature Envy,2.9.0,3.10.0,4.0.0-beta1,19
jedis,2.6.0,redis.clients.jedis.tests,JedisClusterTest,testCloseable,Feature Envy,"designitejava,experts",src/test/java/redis/clients/jedis/tests/JedisClusterTest.java,src/test/java/redis/clients/jedis/tests/JedisClusterTest.java.JedisClusterTest.testCloseable.Feature Envy,2.6.0,2.8.0,2.9.0,3
jedis,2.5.0,redis.clients.jedis.tests,JedisClusterTest,testClusterFlushSlots,Feature Envy,"designitejava,experts",src/test/java/redis/clients/jedis/tests/JedisClusterTest.java,src/test/java/redis/clients/jedis/tests/JedisClusterTest.java.JedisClusterTest.testClusterFlushSlots.Feature Envy,2.5.0,3.10.0,4.0.0-beta1,23
jedis,2.5.0,redis.clients.jedis.tests,JedisClusterTest,testClusterForgetNode,Feature Envy,"checkstyle,experts",src/test/java/redis/clients/jedis/tests/JedisClusterTest.java,src/test/java/redis/clients/jedis/tests/JedisClusterTest.java.JedisClusterTest.testClusterForgetNode.Feature Envy,2.5.0,3.10.0,4.0.0-beta1,23
jedis,2.10.0-m1,redis.clients.jedis.tests,JedisClusterTest,testClusterKeySlot,Feature Envy,"checkstyle,experts",src/test/java/redis/clients/jedis/tests/JedisClusterTest.java,src/test/java/redis/clients/jedis/tests/JedisClusterTest.java.JedisClusterTest.testClusterKeySlot.Feature Envy,2.10.0-m1,3.10.0,4.0.0-beta1,18
jedis,2.7.0,redis.clients.jedis.tests,JedisClusterTest,testJedisClusterTimeout,Feature Envy,"designitejava,experts",src/test/java/redis/clients/jedis/tests/JedisClusterTest.java,src/test/java/redis/clients/jedis/tests/JedisClusterTest.java.JedisClusterTest.testJedisClusterTimeout.Feature Envy,2.7.0,2.8.0,2.9.0,2
jedis,3.6.0-rc1,redis.clients.jedis.tests,JedisClusterTest,testJedisClusterTimeoutWithConfig,Feature Envy,"checkstyle,experts",src/test/java/redis/clients/jedis/tests/JedisClusterTest.java,src/test/java/redis/clients/jedis/tests/JedisClusterTest.java.JedisClusterTest.testJedisClusterTimeoutWithConfig.Feature Envy,3.6.0-rc1,3.10.0,4.0.0-beta1,7
jedis,2.7.0,redis.clients.jedis.tests,JedisClusterTest,testMigrate,Feature Envy,"checkstyle,experts",src/test/java/redis/clients/jedis/tests/JedisClusterTest.java,src/test/java/redis/clients/jedis/tests/JedisClusterTest.java.JedisClusterTest.testMigrate.Feature Envy,2.7.0,3.10.0,4.0.0-beta1,21
jedis,2.7.0,redis.clients.jedis.tests,JedisClusterTest,testMigrateToNewNode,Feature Envy,"checkstyle,experts",src/test/java/redis/clients/jedis/tests/JedisClusterTest.java,src/test/java/redis/clients/jedis/tests/JedisClusterTest.java.JedisClusterTest.testMigrateToNewNode.Feature Envy,2.7.0,3.10.0,4.0.0-beta1,21
jedis,2.7.0,redis.clients.jedis.tests,JedisClusterTest,testMigrateToNewNode,Long Method,"Decor,experts",src/test/java/redis/clients/jedis/tests/JedisClusterTest.java,src/test/java/redis/clients/jedis/tests/JedisClusterTest.java.JedisClusterTest.testMigrateToNewNode.Long Method,2.7.0,3.7.0,3.8.0,18
jedis,2.9.0,redis.clients.jedis.tests,JedisClusterTest,testReadonly,Feature Envy,"checkstyle,experts",src/test/java/redis/clients/jedis/tests/JedisClusterTest.java,src/test/java/redis/clients/jedis/tests/JedisClusterTest.java.JedisClusterTest.testReadonly.Feature Envy,2.9.0,3.6.0,3.7.0-RC1,14
jedis,3.7.0-RC1,redis.clients.jedis.tests,JedisClusterTest,testReadonlyAndReadwrite,Feature Envy,"checkstyle,experts",src/test/java/redis/clients/jedis/tests/JedisClusterTest.java,src/test/java/redis/clients/jedis/tests/JedisClusterTest.java.JedisClusterTest.testReadonlyAndReadwrite.Feature Envy,3.7.0-RC1,3.10.0,4.0.0-beta1,5
jedis,2.4.0,redis.clients.jedis.tests,JedisClusterTest,testRedisHashtag,Feature Envy,"checkstyle,experts",src/test/java/redis/clients/jedis/tests/JedisClusterTest.java,src/test/java/redis/clients/jedis/tests/JedisClusterTest.java.JedisClusterTest.testRedisHashtag.Feature Envy,2.4.0,2.10.0,3.0.0-m1,8
jedis,3.6.0-rc1,redis.clients.jedis.tests,JedisClusterTest,testSetClientNameWithConfig,Feature Envy,"checkstyle,experts",src/test/java/redis/clients/jedis/tests/JedisClusterTest.java,src/test/java/redis/clients/jedis/tests/JedisClusterTest.java.JedisClusterTest.testSetClientNameWithConfig.Feature Envy,3.6.0-rc1,3.10.0,4.0.0-beta1,7
jedis,2.5.0,redis.clients.jedis.tests,JedisClusterTest,testStableSlotWhenMigratingNodeOrImportingNodeIsNotSpecified,Feature Envy,"checkstyle,experts",src/test/java/redis/clients/jedis/tests/JedisClusterTest.java,src/test/java/redis/clients/jedis/tests/JedisClusterTest.java.JedisClusterTest.testStableSlotWhenMigratingNodeOrImportingNodeIsNotSpecified.Feature Envy,2.5.0,3.10.0,4.0.0-beta1,23
jedis,2.3.0,redis.clients.jedis.tests,JedisPoolTest,,God Class,"pmd,experts",src/test/java/redis/clients/jedis/tests/JedisPoolTest.java,src/test/java/redis/clients/jedis/tests/JedisPoolTest.java.JedisPoolTest..God Class,2.3.0,3.10.0,4.0.0-beta1,25
jedis,2.6.0,redis.clients.jedis.tests,JedisPoolTest,checkCloseableConnections,Feature Envy,"designitejava,checkstyle,experts",src/test/java/redis/clients/jedis/tests/JedisPoolTest.java,src/test/java/redis/clients/jedis/tests/JedisPoolTest.java.JedisPoolTest.checkCloseableConnections.Feature Envy,2.6.0,3.10.0,4.0.0-beta1,22
jedis,1.0.0,redis.clients.jedis.tests,JedisPoolTest,checkConnectionWithDefaultPort,Feature Envy,"checkstyle,experts",src/test/java/redis/clients/jedis/tests/JedisPoolTest.java,src/test/java/redis/clients/jedis/tests/JedisPoolTest.java.JedisPoolTest.checkConnectionWithDefaultPort.Feature Envy,1.0.0,3.10.0,4.0.0-beta1,33
jedis,1.0.0,redis.clients.jedis.tests,JedisPoolTest,checkConnections,Feature Envy,"checkstyle,experts",src/test/java/redis/clients/jedis/tests/JedisPoolTest.java,src/test/java/redis/clients/jedis/tests/JedisPoolTest.java.JedisPoolTest.checkConnections.Feature Envy,1.0.0,3.10.0,4.0.0-beta1,33
jedis,1.0.0,redis.clients.jedis.tests,JedisPoolTest,checkJedisIsReusedWhenReturned,Feature Envy,"checkstyle,experts",src/test/java/redis/clients/jedis/tests/JedisPoolTest.java,src/test/java/redis/clients/jedis/tests/JedisPoolTest.java.JedisPoolTest.checkJedisIsReusedWhenReturned.Feature Envy,1.0.0,3.4.0,3.5.0,25
jedis,1.0.0,redis.clients.jedis.tests,JedisPoolTest,checkPoolOverflow,Feature Envy,"checkstyle,experts",src/test/java/redis/clients/jedis/tests/JedisPoolTest.java,src/test/java/redis/clients/jedis/tests/JedisPoolTest.java.JedisPoolTest.checkPoolOverflow.Feature Envy,1.0.0,3.10.0,4.0.0-beta1,33
jedis,1.0.0,redis.clients.jedis.tests,JedisPoolTest,checkPoolRepairedWhenJedisIsBroken,Feature Envy,"checkstyle,experts",src/test/java/redis/clients/jedis/tests/JedisPoolTest.java,src/test/java/redis/clients/jedis/tests/JedisPoolTest.java.JedisPoolTest.checkPoolRepairedWhenJedisIsBroken.Feature Envy,1.0.0,3.10.0,4.0.0-beta1,33
jedis,3.5.0,redis.clients.jedis.tests,JedisPoolTest,checkResourceIsClosableAndReusable,Feature Envy,"designitejava,experts",src/test/java/redis/clients/jedis/tests/JedisPoolTest.java,src/test/java/redis/clients/jedis/tests/JedisPoolTest.java.JedisPoolTest.checkResourceIsClosableAndReusable.Feature Envy,3.5.0,3.10.0,4.0.0-beta1,8
jedis,2.5.0,redis.clients.jedis.tests,JedisPoolTest,checkResourceIsCloseable,Feature Envy,"designitejava,experts",src/test/java/redis/clients/jedis/tests/JedisPoolTest.java,src/test/java/redis/clients/jedis/tests/JedisPoolTest.java.JedisPoolTest.checkResourceIsCloseable.Feature Envy,2.5.0,3.4.0,3.5.0,15
jedis,2.10.0-m1,redis.clients.jedis.tests,JedisPoolTest,closeBrokenResourceTwice,Feature Envy,"designitejava,experts",src/test/java/redis/clients/jedis/tests/JedisPoolTest.java,src/test/java/redis/clients/jedis/tests/JedisPoolTest.java.JedisPoolTest.closeBrokenResourceTwice.Feature Envy,2.10.0-m1,3.10.0,4.0.0-beta1,18
jedis,2.10.0-m1,redis.clients.jedis.tests,JedisPoolTest,closeResourceTwice,Feature Envy,"designitejava,experts",src/test/java/redis/clients/jedis/tests/JedisPoolTest.java,src/test/java/redis/clients/jedis/tests/JedisPoolTest.java.JedisPoolTest.closeResourceTwice.Feature Envy,2.10.0-m1,3.10.0,4.0.0-beta1,18
jedis,2.3.0,redis.clients.jedis.tests,JedisPoolTest,customClientName,Feature Envy,"designitejava,checkstyle,experts",src/test/java/redis/clients/jedis/tests/JedisPoolTest.java,src/test/java/redis/clients/jedis/tests/JedisPoolTest.java.JedisPoolTest.customClientName.Feature Envy,2.3.0,3.10.0,4.0.0-beta1,25
jedis,2.6.0,redis.clients.jedis.tests,JedisPoolTest,getNumActiveIsNegativeWhenPoolIsClosed,Feature Envy,"designitejava,experts",src/test/java/redis/clients/jedis/tests/JedisPoolTest.java,src/test/java/redis/clients/jedis/tests/JedisPoolTest.java.JedisPoolTest.getNumActiveIsNegativeWhenPoolIsClosed.Feature Envy,2.6.0,3.10.0,4.0.0-beta1,22
jedis,2.6.0,redis.clients.jedis.tests,JedisPoolTest,getNumActiveReturnsTheCorrectNumber,Feature Envy,"designitejava,checkstyle,experts",src/test/java/redis/clients/jedis/tests/JedisPoolTest.java,src/test/java/redis/clients/jedis/tests/JedisPoolTest.java.JedisPoolTest.getNumActiveReturnsTheCorrectNumber.Feature Envy,2.6.0,3.10.0,4.0.0-beta1,22
jedis,2.1.0,redis.clients.jedis.tests,JedisPoolTest,nonDefaultDatabase,Feature Envy,"checkstyle,experts",src/test/java/redis/clients/jedis/tests/JedisPoolTest.java,src/test/java/redis/clients/jedis/tests/JedisPoolTest.java.JedisPoolTest.nonDefaultDatabase.Feature Envy,2.1.0,3.10.0,4.0.0-beta1,27
jedis,2.1.0,redis.clients.jedis.tests,JedisPoolTest,returnBinary,Feature Envy,"checkstyle,experts",src/test/java/redis/clients/jedis/tests/JedisPoolTest.java,src/test/java/redis/clients/jedis/tests/JedisPoolTest.java.JedisPoolTest.returnBinary.Feature Envy,2.1.0,2.2.0,2.3.0,2
jedis,2.5.0,redis.clients.jedis.tests,JedisPoolTest,returnNullObjectShouldNotFail,Feature Envy,"designitejava,experts",src/test/java/redis/clients/jedis/tests/JedisPoolTest.java,src/test/java/redis/clients/jedis/tests/JedisPoolTest.java.JedisPoolTest.returnNullObjectShouldNotFail.Feature Envy,2.5.0,2.10.0,3.0.0-m1,7
jedis,2.3.0,redis.clients.jedis.tests,JedisPoolTest,returnResourceShouldResetState,Feature Envy,"designitejava,checkstyle,experts",src/test/java/redis/clients/jedis/tests/JedisPoolTest.java,src/test/java/redis/clients/jedis/tests/JedisPoolTest.java.JedisPoolTest.returnResourceShouldResetState.Feature Envy,2.3.0,3.10.0,4.0.0-beta1,25
jedis,2.6.0,redis.clients.jedis.tests,JedisPoolTest,returnResourceShouldResetState,Long Method,"Decor,experts",src/test/java/redis/clients/jedis/tests/JedisPoolTest.java,src/test/java/redis/clients/jedis/tests/JedisPoolTest.java.JedisPoolTest.returnResourceShouldResetState.Long Method,2.6.0,3.10.0,4.0.0-beta1,22
jedis,2.0.0,redis.clients.jedis.tests,JedisPoolTest,securePool,Feature Envy,"checkstyle,experts",src/test/java/redis/clients/jedis/tests/JedisPoolTest.java,src/test/java/redis/clients/jedis/tests/JedisPoolTest.java.JedisPoolTest.securePool.Feature Envy,2.0.0,3.10.0,4.0.0-beta1,28
jedis,2.3.0,redis.clients.jedis.tests,JedisPoolTest,selectDatabaseOnActivation,Feature Envy,"designitejava,checkstyle,experts",src/test/java/redis/clients/jedis/tests/JedisPoolTest.java,src/test/java/redis/clients/jedis/tests/JedisPoolTest.java.JedisPoolTest.selectDatabaseOnActivation.Feature Envy,2.3.0,3.10.0,4.0.0-beta1,25
jedis,2.2.0,redis.clients.jedis.tests,JedisPoolTest,startWithUrl,Feature Envy,"checkstyle,experts",src/test/java/redis/clients/jedis/tests/JedisPoolTest.java,src/test/java/redis/clients/jedis/tests/JedisPoolTest.java.JedisPoolTest.startWithUrl.Feature Envy,2.2.0,3.10.0,4.0.0-beta1,26
jedis,2.2.0,redis.clients.jedis.tests,JedisPoolTest,startWithUrlString,Feature Envy,"checkstyle,experts",src/test/java/redis/clients/jedis/tests/JedisPoolTest.java,src/test/java/redis/clients/jedis/tests/JedisPoolTest.java.JedisPoolTest.startWithUrlString.Feature Envy,2.2.0,3.10.0,4.0.0-beta1,26
jedis,2.8.0,redis.clients.jedis.tests,JedisPoolTest,testAddObject,Feature Envy,"designitejava,experts",src/test/java/redis/clients/jedis/tests/JedisPoolTest.java,src/test/java/redis/clients/jedis/tests/JedisPoolTest.java.JedisPoolTest.testAddObject.Feature Envy,2.8.0,3.10.0,4.0.0-beta1,20
jedis,3.6.0-rc1,redis.clients.jedis.tests,JedisPoolTest,testResetInvalidPassword,Feature Envy,"designitejava,checkstyle,experts",src/test/java/redis/clients/jedis/tests/JedisPoolTest.java,src/test/java/redis/clients/jedis/tests/JedisPoolTest.java.JedisPoolTest.testResetInvalidPassword.Feature Envy,3.6.0-rc1,3.10.0,4.0.0-beta1,7
jedis,3.6.0-rc1,redis.clients.jedis.tests,JedisPoolTest,testResetValidPassword,Feature Envy,"designitejava,experts",src/test/java/redis/clients/jedis/tests/JedisPoolTest.java,src/test/java/redis/clients/jedis/tests/JedisPoolTest.java.JedisPoolTest.testResetValidPassword.Feature Envy,3.6.0-rc1,3.10.0,4.0.0-beta1,7
jedis,3.3.0,redis.clients.jedis.tests,JedisPoolWithCompleteCredentialsTest,,God Class,"pmd,experts",src/test/java/redis/clients/jedis/tests/JedisPoolWithCompleteCredentialsTest.java,src/test/java/redis/clients/jedis/tests/JedisPoolWithCompleteCredentialsTest.java.JedisPoolWithCompleteCredentialsTest..God Class,3.3.0,3.10.0,4.0.0-beta1,10
jedis,3.5.0,redis.clients.jedis.tests,JedisPoolWithCompleteCredentialsTest,checkCloseableConnections,Feature Envy,"designitejava,experts",src/test/java/redis/clients/jedis/tests/JedisPoolWithCompleteCredentialsTest.java,src/test/java/redis/clients/jedis/tests/JedisPoolWithCompleteCredentialsTest.java.JedisPoolWithCompleteCredentialsTest.checkCloseableConnections.Feature Envy,3.5.0,3.10.0,4.0.0-beta1,8
jedis,3.5.0,redis.clients.jedis.tests,JedisPoolWithCompleteCredentialsTest,checkConnections,Feature Envy,"designitejava,experts",src/test/java/redis/clients/jedis/tests/JedisPoolWithCompleteCredentialsTest.java,src/test/java/redis/clients/jedis/tests/JedisPoolWithCompleteCredentialsTest.java.JedisPoolWithCompleteCredentialsTest.checkConnections.Feature Envy,3.5.0,3.10.0,4.0.0-beta1,8
jedis,3.5.0,redis.clients.jedis.tests,JedisPoolWithCompleteCredentialsTest,checkPoolOverflow,Feature Envy,"designitejava,experts",src/test/java/redis/clients/jedis/tests/JedisPoolWithCompleteCredentialsTest.java,src/test/java/redis/clients/jedis/tests/JedisPoolWithCompleteCredentialsTest.java.JedisPoolWithCompleteCredentialsTest.checkPoolOverflow.Feature Envy,3.5.0,3.10.0,4.0.0-beta1,8
jedis,3.5.0,redis.clients.jedis.tests,JedisPoolWithCompleteCredentialsTest,checkPoolRepairedWhenJedisIsBroken,Feature Envy,"designitejava,checkstyle,experts",src/test/java/redis/clients/jedis/tests/JedisPoolWithCompleteCredentialsTest.java,src/test/java/redis/clients/jedis/tests/JedisPoolWithCompleteCredentialsTest.java.JedisPoolWithCompleteCredentialsTest.checkPoolRepairedWhenJedisIsBroken.Feature Envy,3.5.0,3.10.0,4.0.0-beta1,8
jedis,3.5.0,redis.clients.jedis.tests,JedisPoolWithCompleteCredentialsTest,checkResourceIsClosableAndReusable,Feature Envy,"designitejava,experts",src/test/java/redis/clients/jedis/tests/JedisPoolWithCompleteCredentialsTest.java,src/test/java/redis/clients/jedis/tests/JedisPoolWithCompleteCredentialsTest.java.JedisPoolWithCompleteCredentialsTest.checkResourceIsClosableAndReusable.Feature Envy,3.5.0,3.10.0,4.0.0-beta1,8
jedis,3.6.0-rc1,redis.clients.jedis.tests,JedisPoolWithCompleteCredentialsTest,checkResourceWithConfigIsClosableAndReusable,Feature Envy,"checkstyle,experts",src/test/java/redis/clients/jedis/tests/JedisPoolWithCompleteCredentialsTest.java,src/test/java/redis/clients/jedis/tests/JedisPoolWithCompleteCredentialsTest.java.JedisPoolWithCompleteCredentialsTest.checkResourceWithConfigIsClosableAndReusable.Feature Envy,3.6.0-rc1,3.10.0,4.0.0-beta1,7
jedis,3.5.0,redis.clients.jedis.tests,JedisPoolWithCompleteCredentialsTest,customClientName,Feature Envy,"designitejava,experts",src/test/java/redis/clients/jedis/tests/JedisPoolWithCompleteCredentialsTest.java,src/test/java/redis/clients/jedis/tests/JedisPoolWithCompleteCredentialsTest.java.JedisPoolWithCompleteCredentialsTest.customClientName.Feature Envy,3.5.0,3.10.0,4.0.0-beta1,8
jedis,3.5.0,redis.clients.jedis.tests,JedisPoolWithCompleteCredentialsTest,customClientNameNoSSL,Feature Envy,"designitejava,experts",src/test/java/redis/clients/jedis/tests/JedisPoolWithCompleteCredentialsTest.java,src/test/java/redis/clients/jedis/tests/JedisPoolWithCompleteCredentialsTest.java.JedisPoolWithCompleteCredentialsTest.customClientNameNoSSL.Feature Envy,3.5.0,3.10.0,4.0.0-beta1,8
jedis,3.5.0,redis.clients.jedis.tests,JedisPoolWithCompleteCredentialsTest,nonDefaultDatabase,Feature Envy,"designitejava,checkstyle,experts",src/test/java/redis/clients/jedis/tests/JedisPoolWithCompleteCredentialsTest.java,src/test/java/redis/clients/jedis/tests/JedisPoolWithCompleteCredentialsTest.java.JedisPoolWithCompleteCredentialsTest.nonDefaultDatabase.Feature Envy,3.5.0,3.10.0,4.0.0-beta1,8
jedis,3.3.0,redis.clients.jedis.tests,JedisPoolWithCompleteCredentialsTest,returnResourceShouldResetState,Long Method,"Decor,experts",src/test/java/redis/clients/jedis/tests/JedisPoolWithCompleteCredentialsTest.java,src/test/java/redis/clients/jedis/tests/JedisPoolWithCompleteCredentialsTest.java.JedisPoolWithCompleteCredentialsTest.returnResourceShouldResetState.Long Method,3.3.0,3.4.0,3.5.0,2
jedis,3.5.0,redis.clients.jedis.tests,JedisPoolWithCompleteCredentialsTest,securePool,Feature Envy,"designitejava,experts",src/test/java/redis/clients/jedis/tests/JedisPoolWithCompleteCredentialsTest.java,src/test/java/redis/clients/jedis/tests/JedisPoolWithCompleteCredentialsTest.java.JedisPoolWithCompleteCredentialsTest.securePool.Feature Envy,3.5.0,3.10.0,4.0.0-beta1,8
jedis,3.5.0,redis.clients.jedis.tests,JedisPoolWithCompleteCredentialsTest,securePoolNonSSL,Feature Envy,"designitejava,experts",src/test/java/redis/clients/jedis/tests/JedisPoolWithCompleteCredentialsTest.java,src/test/java/redis/clients/jedis/tests/JedisPoolWithCompleteCredentialsTest.java.JedisPoolWithCompleteCredentialsTest.securePoolNonSSL.Feature Envy,3.5.0,3.10.0,4.0.0-beta1,8
jedis,3.5.0,redis.clients.jedis.tests,JedisPoolWithCompleteCredentialsTest,selectDatabaseOnActivation,Feature Envy,"designitejava,experts",src/test/java/redis/clients/jedis/tests/JedisPoolWithCompleteCredentialsTest.java,src/test/java/redis/clients/jedis/tests/JedisPoolWithCompleteCredentialsTest.java.JedisPoolWithCompleteCredentialsTest.selectDatabaseOnActivation.Feature Envy,3.5.0,3.10.0,4.0.0-beta1,8
jedis,3.5.0,redis.clients.jedis.tests,JedisPoolWithCompleteCredentialsTest,startWithUrl,Feature Envy,"checkstyle,experts",src/test/java/redis/clients/jedis/tests/JedisPoolWithCompleteCredentialsTest.java,src/test/java/redis/clients/jedis/tests/JedisPoolWithCompleteCredentialsTest.java.JedisPoolWithCompleteCredentialsTest.startWithUrl.Feature Envy,3.5.0,3.10.0,4.0.0-beta1,8
jedis,3.5.0,redis.clients.jedis.tests,JedisPoolWithCompleteCredentialsTest,startWithUrlString,Feature Envy,"checkstyle,experts",src/test/java/redis/clients/jedis/tests/JedisPoolWithCompleteCredentialsTest.java,src/test/java/redis/clients/jedis/tests/JedisPoolWithCompleteCredentialsTest.java.JedisPoolWithCompleteCredentialsTest.startWithUrlString.Feature Envy,3.5.0,3.10.0,4.0.0-beta1,8
jedis,3.6.0-rc1,redis.clients.jedis.tests,JedisPoolWithCompleteCredentialsTest,testResetInvalidPassword,Feature Envy,"designitejava,checkstyle,experts",src/test/java/redis/clients/jedis/tests/JedisPoolWithCompleteCredentialsTest.java,src/test/java/redis/clients/jedis/tests/JedisPoolWithCompleteCredentialsTest.java.JedisPoolWithCompleteCredentialsTest.testResetInvalidPassword.Feature Envy,3.6.0-rc1,3.10.0,4.0.0-beta1,7
jedis,3.6.0-rc1,redis.clients.jedis.tests,JedisPoolWithCompleteCredentialsTest,testResetInvalidPassword,Long Method,"Decor,experts",src/test/java/redis/clients/jedis/tests/JedisPoolWithCompleteCredentialsTest.java,src/test/java/redis/clients/jedis/tests/JedisPoolWithCompleteCredentialsTest.java.JedisPoolWithCompleteCredentialsTest.testResetInvalidPassword.Long Method,3.6.0-rc1,3.10.0,4.0.0-beta1,7
jedis,3.6.0-rc1,redis.clients.jedis.tests,JedisPoolWithCompleteCredentialsTest,testResetValidPassword,Feature Envy,"designitejava,experts",src/test/java/redis/clients/jedis/tests/JedisPoolWithCompleteCredentialsTest.java,src/test/java/redis/clients/jedis/tests/JedisPoolWithCompleteCredentialsTest.java.JedisPoolWithCompleteCredentialsTest.testResetValidPassword.Feature Envy,3.6.0-rc1,3.10.0,4.0.0-beta1,7
jedis,2.6.0,redis.clients.jedis.tests,JedisSentinelPoolTest,,God Class,"pmd,experts",src/test/java/redis/clients/jedis/tests/JedisSentinelPoolTest.java,src/test/java/redis/clients/jedis/tests/JedisSentinelPoolTest.java.JedisSentinelPoolTest..God Class,2.6.0,3.10.0,4.0.0-beta1,22
jedis,2.6.0,redis.clients.jedis.tests,JedisSentinelPoolTest,checkCloseableConnections,Feature Envy,"checkstyle,experts",src/test/java/redis/clients/jedis/tests/JedisSentinelPoolTest.java,src/test/java/redis/clients/jedis/tests/JedisSentinelPoolTest.java.JedisSentinelPoolTest.checkCloseableConnections.Feature Envy,2.6.0,3.10.0,4.0.0-beta1,22
jedis,2.3.0,redis.clients.jedis.tests,JedisSentinelPoolTest,doSegFaultMaster,Feature Envy,"checkstyle,experts",src/test/java/redis/clients/jedis/tests/JedisSentinelPoolTest.java,src/test/java/redis/clients/jedis/tests/JedisSentinelPoolTest.java.JedisSentinelPoolTest.doSegFaultMaster.Feature Envy,2.3.0,2.4.0,2.5.0,2
jedis,2.5.0,redis.clients.jedis.tests,JedisSentinelPoolTest,forceFailover,Feature Envy,"checkstyle,experts",src/test/java/redis/clients/jedis/tests/JedisSentinelPoolTest.java,src/test/java/redis/clients/jedis/tests/JedisSentinelPoolTest.java.JedisSentinelPoolTest.forceFailover.Feature Envy,2.5.0,3.10.0,4.0.0-beta1,23
jedis,2.3.0,redis.clients.jedis.tests,JedisSentinelPoolTest,returnResourceShouldResetState,Feature Envy,"checkstyle,experts",src/test/java/redis/clients/jedis/tests/JedisSentinelPoolTest.java,src/test/java/redis/clients/jedis/tests/JedisSentinelPoolTest.java.JedisSentinelPoolTest.returnResourceShouldResetState.Feature Envy,2.3.0,3.10.0,4.0.0-beta1,25
jedis,2.5.0,redis.clients.jedis.tests,JedisSentinelPoolTest,returnResourceShouldResetState,Long Method,"Decor,experts",src/test/java/redis/clients/jedis/tests/JedisSentinelPoolTest.java,src/test/java/redis/clients/jedis/tests/JedisSentinelPoolTest.java.JedisSentinelPoolTest.returnResourceShouldResetState.Long Method,2.5.0,3.5.0,3.6.0-rc1,16
jedis,2.3.0,redis.clients.jedis.tests,JedisSentinelPoolTest,setUp,Feature Envy,"checkstyle,experts",src/test/java/redis/clients/jedis/tests/JedisSentinelPoolTest.java,src/test/java/redis/clients/jedis/tests/JedisSentinelPoolTest.java.JedisSentinelPoolTest.setUp.Feature Envy,2.3.0,2.9.0,2.10.0-m1,7
jedis,3.6.0-rc1,redis.clients.jedis.tests,JedisSentinelPoolTest,testResetInvalidPassword,Feature Envy,"checkstyle,experts",src/test/java/redis/clients/jedis/tests/JedisSentinelPoolTest.java,src/test/java/redis/clients/jedis/tests/JedisSentinelPoolTest.java.JedisSentinelPoolTest.testResetInvalidPassword.Feature Envy,3.6.0-rc1,3.10.0,4.0.0-beta1,7
jedis,3.3.0,redis.clients.jedis.tests,JedisSentinelPoolWithCompleteCredentialsTest,,God Class,"pmd,experts",src/test/java/redis/clients/jedis/tests/JedisSentinelPoolWithCompleteCredentialsTest.java,src/test/java/redis/clients/jedis/tests/JedisSentinelPoolWithCompleteCredentialsTest.java.JedisSentinelPoolWithCompleteCredentialsTest..God Class,3.3.0,3.10.0,4.0.0-beta1,10
jedis,3.3.0,redis.clients.jedis.tests,JedisSentinelPoolWithCompleteCredentialsTest,checkCloseableConnections,Feature Envy,"checkstyle,experts",src/test/java/redis/clients/jedis/tests/JedisSentinelPoolWithCompleteCredentialsTest.java,src/test/java/redis/clients/jedis/tests/JedisSentinelPoolWithCompleteCredentialsTest.java.JedisSentinelPoolWithCompleteCredentialsTest.checkCloseableConnections.Feature Envy,3.3.0,3.6.0,3.7.0-RC1,5
jedis,3.3.0,redis.clients.jedis.tests,JedisSentinelPoolWithCompleteCredentialsTest,forceFailover,Feature Envy,"checkstyle,experts",src/test/java/redis/clients/jedis/tests/JedisSentinelPoolWithCompleteCredentialsTest.java,src/test/java/redis/clients/jedis/tests/JedisSentinelPoolWithCompleteCredentialsTest.java.JedisSentinelPoolWithCompleteCredentialsTest.forceFailover.Feature Envy,3.3.0,3.6.0,3.7.0-RC1,5
jedis,3.7.0-RC1,redis.clients.jedis.tests,JedisSentinelPoolWithCompleteCredentialsTest,initializeWithNotAvailableSentinelsShouldThrowException,Feature Envy,"checkstyle,experts",src/test/java/redis/clients/jedis/tests/JedisSentinelPoolWithCompleteCredentialsTest.java,src/test/java/redis/clients/jedis/tests/JedisSentinelPoolWithCompleteCredentialsTest.java.JedisSentinelPoolWithCompleteCredentialsTest.initializeWithNotAvailableSentinelsShouldThrowException.Feature Envy,3.7.0-RC1,3.10.0,4.0.0-beta1,5
jedis,3.7.0-RC1,redis.clients.jedis.tests,JedisSentinelPoolWithCompleteCredentialsTest,initializeWithNotMonitoredMasterNameShouldThrowException,Feature Envy,"checkstyle,experts",src/test/java/redis/clients/jedis/tests/JedisSentinelPoolWithCompleteCredentialsTest.java,src/test/java/redis/clients/jedis/tests/JedisSentinelPoolWithCompleteCredentialsTest.java.JedisSentinelPoolWithCompleteCredentialsTest.initializeWithNotMonitoredMasterNameShouldThrowException.Feature Envy,3.7.0-RC1,3.10.0,4.0.0-beta1,5
jedis,3.7.0-RC1,redis.clients.jedis.tests,JedisSentinelPoolWithCompleteCredentialsTest,repeatedSentinelPoolInitializationWithConfig,Feature Envy,"checkstyle,experts",src/test/java/redis/clients/jedis/tests/JedisSentinelPoolWithCompleteCredentialsTest.java,src/test/java/redis/clients/jedis/tests/JedisSentinelPoolWithCompleteCredentialsTest.java.JedisSentinelPoolWithCompleteCredentialsTest.repeatedSentinelPoolInitializationWithConfig.Feature Envy,3.7.0-RC1,3.10.0,4.0.0-beta1,5
jedis,3.3.0,redis.clients.jedis.tests,JedisSentinelPoolWithCompleteCredentialsTest,returnResourceShouldResetState,Feature Envy,"checkstyle,experts",src/test/java/redis/clients/jedis/tests/JedisSentinelPoolWithCompleteCredentialsTest.java,src/test/java/redis/clients/jedis/tests/JedisSentinelPoolWithCompleteCredentialsTest.java.JedisSentinelPoolWithCompleteCredentialsTest.returnResourceShouldResetState.Feature Envy,3.3.0,3.10.0,4.0.0-beta1,10
jedis,3.3.0,redis.clients.jedis.tests,JedisSentinelPoolWithCompleteCredentialsTest,returnResourceShouldResetState,Long Method,"Decor,experts",src/test/java/redis/clients/jedis/tests/JedisSentinelPoolWithCompleteCredentialsTest.java,src/test/java/redis/clients/jedis/tests/JedisSentinelPoolWithCompleteCredentialsTest.java.JedisSentinelPoolWithCompleteCredentialsTest.returnResourceShouldResetState.Long Method,3.3.0,3.5.0,3.6.0-rc1,3
jedis,3.3.0,redis.clients.jedis.tests,JedisSentinelPoolWithCompleteCredentialsTest,setUp,Feature Envy,"checkstyle,experts",src/test/java/redis/clients/jedis/tests/JedisSentinelPoolWithCompleteCredentialsTest.java,src/test/java/redis/clients/jedis/tests/JedisSentinelPoolWithCompleteCredentialsTest.java.JedisSentinelPoolWithCompleteCredentialsTest.setUp.Feature Envy,3.3.0,3.4.0,3.5.0,2
jedis,2.4.0,redis.clients.jedis.tests,JedisSentinelTest,ensureMonitored,Long Parameter List,"designitejava,experts",src/test/java/redis/clients/jedis/tests/JedisSentinelTest.java,src/test/java/redis/clients/jedis/tests/JedisSentinelTest.java.JedisSentinelTest.ensureMonitored.Long Parameter List,2.4.0,3.10.0,4.0.0-beta1,24
jedis,2.4.0,redis.clients.jedis.tests,JedisSentinelTest,ensureRemoved,Feature Envy,"designitejava,experts",src/test/java/redis/clients/jedis/tests/JedisSentinelTest.java,src/test/java/redis/clients/jedis/tests/JedisSentinelTest.java.JedisSentinelTest.ensureRemoved.Feature Envy,2.4.0,2.9.0,2.10.0-m1,6
jedis,2.3.0,redis.clients.jedis.tests,JedisSentinelTest,sentinel,Feature Envy,"checkstyle,experts",src/test/java/redis/clients/jedis/tests/JedisSentinelTest.java,src/test/java/redis/clients/jedis/tests/JedisSentinelTest.java.JedisSentinelTest.sentinel.Feature Envy,2.3.0,2.9.0,2.10.0-m1,7
jedis,2.2.0,redis.clients.jedis.tests,JedisSentinelTest,sentinel,Long Method,"Decor,experts",src/test/java/redis/clients/jedis/tests/JedisSentinelTest.java,src/test/java/redis/clients/jedis/tests/JedisSentinelTest.java.JedisSentinelTest.sentinel.Long Method,2.2.0,3.10.0,4.0.0-beta1,26
jedis,2.4.0,redis.clients.jedis.tests,JedisSentinelTest,sentinelFailover,Feature Envy,"checkstyle,experts",src/test/java/redis/clients/jedis/tests/JedisSentinelTest.java,src/test/java/redis/clients/jedis/tests/JedisSentinelTest.java.JedisSentinelTest.sentinelFailover.Feature Envy,2.4.0,2.9.0,2.10.0-m1,6
jedis,2.4.0,redis.clients.jedis.tests,JedisSentinelTest,sentinelMonitor,Feature Envy,"checkstyle,experts",src/test/java/redis/clients/jedis/tests/JedisSentinelTest.java,src/test/java/redis/clients/jedis/tests/JedisSentinelTest.java.JedisSentinelTest.sentinelMonitor.Feature Envy,2.4.0,2.9.0,2.10.0-m1,6
jedis,2.4.0,redis.clients.jedis.tests,JedisSentinelTest,sentinelRemove,Feature Envy,"checkstyle,experts",src/test/java/redis/clients/jedis/tests/JedisSentinelTest.java,src/test/java/redis/clients/jedis/tests/JedisSentinelTest.java.JedisSentinelTest.sentinelRemove.Feature Envy,2.4.0,2.9.0,2.10.0-m1,6
jedis,2.2.0,redis.clients.jedis.tests,JedisSentinelTest,setup,Feature Envy,"checkstyle,experts",src/test/java/redis/clients/jedis/tests/JedisSentinelTest.java,src/test/java/redis/clients/jedis/tests/JedisSentinelTest.java.JedisSentinelTest.setup.Feature Envy,2.2.0,2.2.0,2.3.0,1
jedis,2.6.0,redis.clients.jedis.tests,JedisTest,,God Class,"pmd,experts",src/test/java/redis/clients/jedis/tests/JedisTest.java,src/test/java/redis/clients/jedis/tests/JedisTest.java.JedisTest..God Class,2.6.0,3.10.0,4.0.0-beta1,22
jedis,3.6.0-rc1,redis.clients.jedis.tests,JedisTest,connectWithConfig,Feature Envy,"checkstyle,experts",src/test/java/redis/clients/jedis/tests/JedisTest.java,src/test/java/redis/clients/jedis/tests/JedisTest.java.JedisTest.connectWithConfig.Feature Envy,3.6.0-rc1,3.10.0,4.0.0-beta1,7
jedis,3.6.0-rc1,redis.clients.jedis.tests,JedisTest,connectWithConfigInterface,Feature Envy,"checkstyle,experts",src/test/java/redis/clients/jedis/tests/JedisTest.java,src/test/java/redis/clients/jedis/tests/JedisTest.java.JedisTest.connectWithConfigInterface.Feature Envy,3.6.0-rc1,3.10.0,4.0.0-beta1,7
jedis,2.0.0,redis.clients.jedis.tests,JedisTest,shouldReconnectToSameDB,Feature Envy,"checkstyle,experts",src/test/java/redis/clients/jedis/tests/JedisTest.java,src/test/java/redis/clients/jedis/tests/JedisTest.java.JedisTest.shouldReconnectToSameDB.Feature Envy,2.0.0,3.10.0,4.0.0-beta1,28
jedis,3.6.0-rc1,redis.clients.jedis.tests,JedisTest,startWithUri,Feature Envy,"checkstyle,experts",src/test/java/redis/clients/jedis/tests/JedisTest.java,src/test/java/redis/clients/jedis/tests/JedisTest.java.JedisTest.startWithUri.Feature Envy,3.6.0-rc1,3.10.0,4.0.0-beta1,7
jedis,2.2.0,redis.clients.jedis.tests,JedisTest,startWithUrl,Feature Envy,"checkstyle,experts",src/test/java/redis/clients/jedis/tests/JedisTest.java,src/test/java/redis/clients/jedis/tests/JedisTest.java.JedisTest.startWithUrl.Feature Envy,2.2.0,3.10.0,4.0.0-beta1,26
jedis,2.2.0,redis.clients.jedis.tests,JedisTest,startWithUrlString,Feature Envy,"checkstyle,experts",src/test/java/redis/clients/jedis/tests/JedisTest.java,src/test/java/redis/clients/jedis/tests/JedisTest.java.JedisTest.startWithUrlString.Feature Envy,2.2.0,3.5.0,3.6.0-rc1,19
jedis,2.9.0,redis.clients.jedis.tests,JedisTest,testBinaryBitfield,Feature Envy,"checkstyle,experts",src/test/java/redis/clients/jedis/tests/JedisTest.java,src/test/java/redis/clients/jedis/tests/JedisTest.java.JedisTest.testBinaryBitfield.Feature Envy,2.9.0,2.9.0,2.10.0-m1,1
jedis,2.9.0,redis.clients.jedis.tests,JedisTest,testBitfield,Feature Envy,"checkstyle,experts",src/test/java/redis/clients/jedis/tests/JedisTest.java,src/test/java/redis/clients/jedis/tests/JedisTest.java.JedisTest.testBitfield.Feature Envy,2.9.0,2.9.0,2.10.0-m1,1
jedis,1.5.0,redis.clients.jedis.tests,JedisTest,timeoutConnection,Feature Envy,"checkstyle,experts",src/test/java/redis/clients/jedis/tests/JedisTest.java,src/test/java/redis/clients/jedis/tests/JedisTest.java.JedisTest.timeoutConnection.Feature Envy,1.5.0,3.10.0,4.0.0-beta1,29
jedis,3.1.0-m1,redis.clients.jedis.tests,JedisTest,timeoutConnectionWithURI,Feature Envy,"checkstyle,experts",src/test/java/redis/clients/jedis/tests/JedisTest.java,src/test/java/redis/clients/jedis/tests/JedisTest.java.JedisTest.timeoutConnectionWithURI.Feature Envy,3.1.0-m1,3.5.0,3.6.0-rc1,7
jedis,3.3.0,redis.clients.jedis.tests,JedisWithCompleteCredentialsTest,,God Class,"pmd,experts",src/test/java/redis/clients/jedis/tests/JedisWithCompleteCredentialsTest.java,src/test/java/redis/clients/jedis/tests/JedisWithCompleteCredentialsTest.java.JedisWithCompleteCredentialsTest..God Class,3.3.0,3.4.0,3.5.0,2
jedis,3.6.0-rc1,redis.clients.jedis.tests,JedisWithCompleteCredentialsTest,connectWithConfig,Feature Envy,"checkstyle,experts",src/test/java/redis/clients/jedis/tests/JedisWithCompleteCredentialsTest.java,src/test/java/redis/clients/jedis/tests/JedisWithCompleteCredentialsTest.java.JedisWithCompleteCredentialsTest.connectWithConfig.Feature Envy,3.6.0-rc1,4.0.0-beta1,4.0.0-RC1,8
jedis,3.6.0-rc1,redis.clients.jedis.tests,JedisWithCompleteCredentialsTest,connectWithConfigInterface,Feature Envy,"checkstyle,experts",src/test/java/redis/clients/jedis/tests/JedisWithCompleteCredentialsTest.java,src/test/java/redis/clients/jedis/tests/JedisWithCompleteCredentialsTest.java.JedisWithCompleteCredentialsTest.connectWithConfigInterface.Feature Envy,3.6.0-rc1,4.0.0-beta1,4.0.0-RC1,8
jedis,3.3.0,redis.clients.jedis.tests,JedisWithCompleteCredentialsTest,connectWithURICredentials,Feature Envy,"checkstyle,experts",src/test/java/redis/clients/jedis/tests/JedisWithCompleteCredentialsTest.java,src/test/java/redis/clients/jedis/tests/JedisWithCompleteCredentialsTest.java.JedisWithCompleteCredentialsTest.connectWithURICredentials.Feature Envy,3.3.0,4.0.0-beta1,4.0.0-RC1,11
jedis,3.3.0,redis.clients.jedis.tests,JedisWithCompleteCredentialsTest,shouldReconnectToSameDB,Feature Envy,"checkstyle,experts",src/test/java/redis/clients/jedis/tests/JedisWithCompleteCredentialsTest.java,src/test/java/redis/clients/jedis/tests/JedisWithCompleteCredentialsTest.java.JedisWithCompleteCredentialsTest.shouldReconnectToSameDB.Feature Envy,3.3.0,3.4.0,3.5.0,2
jedis,3.6.0-rc1,redis.clients.jedis.tests,JedisWithCompleteCredentialsTest,startWithUri,Feature Envy,"checkstyle,experts",src/test/java/redis/clients/jedis/tests/JedisWithCompleteCredentialsTest.java,src/test/java/redis/clients/jedis/tests/JedisWithCompleteCredentialsTest.java.JedisWithCompleteCredentialsTest.startWithUri.Feature Envy,3.6.0-rc1,4.0.0-beta1,4.0.0-RC1,8
jedis,3.3.0,redis.clients.jedis.tests,JedisWithCompleteCredentialsTest,startWithUrl,Feature Envy,"checkstyle,experts",src/test/java/redis/clients/jedis/tests/JedisWithCompleteCredentialsTest.java,src/test/java/redis/clients/jedis/tests/JedisWithCompleteCredentialsTest.java.JedisWithCompleteCredentialsTest.startWithUrl.Feature Envy,3.3.0,4.0.0-beta1,4.0.0-RC1,11
jedis,3.3.0,redis.clients.jedis.tests,JedisWithCompleteCredentialsTest,startWithUrlString,Feature Envy,"checkstyle,experts",src/test/java/redis/clients/jedis/tests/JedisWithCompleteCredentialsTest.java,src/test/java/redis/clients/jedis/tests/JedisWithCompleteCredentialsTest.java.JedisWithCompleteCredentialsTest.startWithUrlString.Feature Envy,3.3.0,3.5.0,3.6.0-rc1,3
jedis,3.3.0,redis.clients.jedis.tests,JedisWithCompleteCredentialsTest,timeoutConnection,Feature Envy,"checkstyle,experts",src/test/java/redis/clients/jedis/tests/JedisWithCompleteCredentialsTest.java,src/test/java/redis/clients/jedis/tests/JedisWithCompleteCredentialsTest.java.JedisWithCompleteCredentialsTest.timeoutConnection.Feature Envy,3.3.0,3.4.0,3.5.0,2
jedis,3.3.0,redis.clients.jedis.tests,JedisWithCompleteCredentialsTest,timeoutConnectionWithURI,Feature Envy,"checkstyle,experts",src/test/java/redis/clients/jedis/tests/JedisWithCompleteCredentialsTest.java,src/test/java/redis/clients/jedis/tests/JedisWithCompleteCredentialsTest.java.JedisWithCompleteCredentialsTest.timeoutConnectionWithURI.Feature Envy,3.3.0,3.4.0,3.5.0,2
jedis,2.8.0,redis.clients.jedis.tests,KeyMergeUtilTest,testMergeBinaryKeys,Feature Envy,"checkstyle,experts",src/test/java/redis/clients/jedis/tests/KeyMergeUtilTest.java,src/test/java/redis/clients/jedis/tests/KeyMergeUtilTest.java.KeyMergeUtilTest.testMergeBinaryKeys.Feature Envy,2.8.0,4.0.0-beta1,4.0.0-RC1,21
jedis,2.1.0,redis.clients.jedis.tests,PipeliningTest,,God Class,"pmd,experts",src/test/java/redis/clients/jedis/tests/PipeliningTest.java,src/test/java/redis/clients/jedis/tests/PipeliningTest.java.PipeliningTest..God Class,2.1.0,3.10.0,4.0.0-beta1,27
jedis,3.7.0-RC1,redis.clients.jedis.tests,PipeliningTest,execAbort,Feature Envy,"checkstyle,experts",src/test/java/redis/clients/jedis/tests/PipeliningTest.java,src/test/java/redis/clients/jedis/tests/PipeliningTest.java.PipeliningTest.execAbort.Feature Envy,3.7.0-RC1,3.10.0,4.0.0-beta1,5
jedis,2.3.0,redis.clients.jedis.tests,PipeliningTest,multi,Feature Envy,"checkstyle,experts",src/test/java/redis/clients/jedis/tests/PipeliningTest.java,src/test/java/redis/clients/jedis/tests/PipeliningTest.java.PipeliningTest.multi.Feature Envy,2.3.0,3.10.0,4.0.0-beta1,25
jedis,3.2.0,redis.clients.jedis.tests,PipeliningTest,multiUnwatch,Feature Envy,"checkstyle,experts",src/test/java/redis/clients/jedis/tests/PipeliningTest.java,src/test/java/redis/clients/jedis/tests/PipeliningTest.java.PipeliningTest.multiUnwatch.Feature Envy,3.2.0,3.10.0,4.0.0-beta1,11
jedis,3.2.0,redis.clients.jedis.tests,PipeliningTest,multiWatch,Feature Envy,"checkstyle,experts",src/test/java/redis/clients/jedis/tests/PipeliningTest.java,src/test/java/redis/clients/jedis/tests/PipeliningTest.java.PipeliningTest.multiWatch.Feature Envy,3.2.0,3.10.0,4.0.0-beta1,11
jedis,3.0.0-m1,redis.clients.jedis.tests,PipeliningTest,multiWithMassiveRequests,Feature Envy,"checkstyle,experts",src/test/java/redis/clients/jedis/tests/PipeliningTest.java,src/test/java/redis/clients/jedis/tests/PipeliningTest.java.PipeliningTest.multiWithMassiveRequests.Feature Envy,3.0.0-m1,3.10.0,4.0.0-beta1,16
jedis,2.5.0,redis.clients.jedis.tests,PipeliningTest,multiWithSync,Feature Envy,"checkstyle,experts",src/test/java/redis/clients/jedis/tests/PipeliningTest.java,src/test/java/redis/clients/jedis/tests/PipeliningTest.java.PipeliningTest.multiWithSync.Feature Envy,2.5.0,3.10.0,4.0.0-beta1,23
jedis,1.0.0,redis.clients.jedis.tests,PipeliningTest,pipeline,Feature Envy,"checkstyle,experts",src/test/java/redis/clients/jedis/tests/PipeliningTest.java,src/test/java/redis/clients/jedis/tests/PipeliningTest.java.PipeliningTest.pipeline.Feature Envy,1.0.0,1.0.0,1.3.0,1
jedis,2.3.0,redis.clients.jedis.tests,PipeliningTest,pipelineBinarySafeHashCommands,Feature Envy,"checkstyle,experts",src/test/java/redis/clients/jedis/tests/PipeliningTest.java,src/test/java/redis/clients/jedis/tests/PipeliningTest.java.PipeliningTest.pipelineBinarySafeHashCommands.Feature Envy,2.3.0,3.10.0,4.0.0-beta1,25
jedis,2.2.0,redis.clients.jedis.tests,PipeliningTest,pipelineBinarySafeHashCommands,Long Method,"Decor,experts",src/test/java/redis/clients/jedis/tests/PipeliningTest.java,src/test/java/redis/clients/jedis/tests/PipeliningTest.java.PipeliningTest.pipelineBinarySafeHashCommands.Long Method,2.2.0,2.5.0,2.6.0,4
jedis,2.0.0,redis.clients.jedis.tests,PipeliningTest,pipelineResponse,Feature Envy,"designitejava,checkstyle,experts",src/test/java/redis/clients/jedis/tests/PipeliningTest.java,src/test/java/redis/clients/jedis/tests/PipeliningTest.java.PipeliningTest.pipelineResponse.Feature Envy,2.0.0,3.10.0,4.0.0-beta1,28
jedis,2.0.0,redis.clients.jedis.tests,PipeliningTest,pipelineResponse,Long Method,"Decor,experts",src/test/java/redis/clients/jedis/tests/PipeliningTest.java,src/test/java/redis/clients/jedis/tests/PipeliningTest.java.PipeliningTest.pipelineResponse.Long Method,2.0.0,2.1.0,2.2.0,2
jedis,1.3.0,redis.clients.jedis.tests,PipeliningTest,setUp,Feature Envy,"designitejava,checkstyle,experts",src/test/java/redis/clients/jedis/tests/PipeliningTest.java,src/test/java/redis/clients/jedis/tests/PipeliningTest.java.PipeliningTest.setUp.Feature Envy,1.3.0,3.1.0,3.2.0,21
jedis,3.0.0-m1,redis.clients.jedis.tests,PipeliningTest,testCloseable,Feature Envy,"designitejava,experts",src/test/java/redis/clients/jedis/tests/PipeliningTest.java,src/test/java/redis/clients/jedis/tests/PipeliningTest.java.PipeliningTest.testCloseable.Feature Envy,3.0.0-m1,3.1.0,3.2.0,5
jedis,3.0.0-m1,redis.clients.jedis.tests,PipeliningTest,testCloseableWithMulti,Feature Envy,"designitejava,checkstyle,experts",src/test/java/redis/clients/jedis/tests/PipeliningTest.java,src/test/java/redis/clients/jedis/tests/PipeliningTest.java.PipeliningTest.testCloseableWithMulti.Feature Envy,3.0.0-m1,3.10.0,4.0.0-beta1,16
jedis,2.3.0,redis.clients.jedis.tests,PipeliningTest,testDiscardInPipeline,Feature Envy,"checkstyle,experts",src/test/java/redis/clients/jedis/tests/PipeliningTest.java,src/test/java/redis/clients/jedis/tests/PipeliningTest.java.PipeliningTest.testDiscardInPipeline.Feature Envy,2.3.0,3.10.0,4.0.0-beta1,25
jedis,2.3.0,redis.clients.jedis.tests,PipeliningTest,testEvalKeyAndArg,Feature Envy,"checkstyle,experts",src/test/java/redis/clients/jedis/tests/PipeliningTest.java,src/test/java/redis/clients/jedis/tests/PipeliningTest.java.PipeliningTest.testEvalKeyAndArg.Feature Envy,2.3.0,3.10.0,4.0.0-beta1,25
jedis,2.9.0,redis.clients.jedis.tests,PipeliningTest,testEvalKeyAndArgWithBinary,Feature Envy,"checkstyle,experts",src/test/java/redis/clients/jedis/tests/PipeliningTest.java,src/test/java/redis/clients/jedis/tests/PipeliningTest.java.PipeliningTest.testEvalKeyAndArgWithBinary.Feature Envy,2.9.0,3.10.0,4.0.0-beta1,19
jedis,2.3.0,redis.clients.jedis.tests,PipeliningTest,testEvalsha,Feature Envy,"designitejava,experts",src/test/java/redis/clients/jedis/tests/PipeliningTest.java,src/test/java/redis/clients/jedis/tests/PipeliningTest.java.PipeliningTest.testEvalsha.Feature Envy,2.3.0,3.1.0,3.2.0,14
jedis,2.3.0,redis.clients.jedis.tests,PipeliningTest,testEvalshaKeyAndArg,Feature Envy,"designitejava,checkstyle,experts",src/test/java/redis/clients/jedis/tests/PipeliningTest.java,src/test/java/redis/clients/jedis/tests/PipeliningTest.java.PipeliningTest.testEvalshaKeyAndArg.Feature Envy,2.3.0,3.10.0,4.0.0-beta1,25
jedis,2.9.0,redis.clients.jedis.tests,PipeliningTest,testEvalshaKeyAndArgWithBinary,Feature Envy,"checkstyle,experts",src/test/java/redis/clients/jedis/tests/PipeliningTest.java,src/test/java/redis/clients/jedis/tests/PipeliningTest.java.PipeliningTest.testEvalshaKeyAndArgWithBinary.Feature Envy,2.9.0,3.10.0,4.0.0-beta1,19
jedis,3.0.0-m1,redis.clients.jedis.tests,PipeliningTest,testPipelinedTransactionResponse,Feature Envy,"designitejava,checkstyle,experts",src/test/java/redis/clients/jedis/tests/PipeliningTest.java,src/test/java/redis/clients/jedis/tests/PipeliningTest.java.PipeliningTest.testPipelinedTransactionResponse.Feature Envy,3.0.0-m1,3.10.0,4.0.0-beta1,16
jedis,3.0.0-m1,redis.clients.jedis.tests,PipeliningTest,testSyncWithNoCommandQueued,Feature Envy,"designitejava,checkstyle,experts",src/test/java/redis/clients/jedis/tests/PipeliningTest.java,src/test/java/redis/clients/jedis/tests/PipeliningTest.java.PipeliningTest.testSyncWithNoCommandQueued.Feature Envy,3.0.0-m1,3.1.0,3.2.0,5
jedis,3.7.0-RC1,redis.clients.jedis.tests,PipeliningTest,waitReplicas,Feature Envy,"checkstyle,experts",src/test/java/redis/clients/jedis/tests/PipeliningTest.java,src/test/java/redis/clients/jedis/tests/PipeliningTest.java.PipeliningTest.waitReplicas.Feature Envy,3.7.0-RC1,3.10.0,4.0.0-beta1,5
jedis,4.0.0-beta1,redis.clients.jedis.tests,ProtocolTest,buildACommand,Long Method,"Decor,experts",src/test/java/redis/clients/jedis/tests/ProtocolTest.java,src/test/java/redis/clients/jedis/tests/ProtocolTest.java.ProtocolTest.buildACommand.Long Method,4.0.0-beta1,4.0.0-beta1,4.0.0-RC1,1
jedis,1.5.0-RC1,redis.clients.jedis.tests,ProtocolTest,multiBulkReply,Feature Envy,"checkstyle,experts",src/test/java/redis/clients/jedis/tests/ProtocolTest.java,src/test/java/redis/clients/jedis/tests/ProtocolTest.java.ProtocolTest.multiBulkReply.Feature Envy,1.5.0-RC1,4.0.0-beta1,4.0.0-RC1,31
jedis,1.0.0,redis.clients.jedis.tests,ProtocolTest,multiBulkReply,Long Method,"Decor,experts",src/test/java/redis/clients/jedis/tests/ProtocolTest.java,src/test/java/redis/clients/jedis/tests/ProtocolTest.java.ProtocolTest.multiBulkReply.Long Method,1.0.0,1.3.0,1.4.0,2
jedis,3.0.0-m1,redis.clients.jedis.tests,ProtocolTest,writeOverflow,Feature Envy,"checkstyle,experts",src/test/java/redis/clients/jedis/tests/ProtocolTest.java,src/test/java/redis/clients/jedis/tests/ProtocolTest.java.ProtocolTest.writeOverflow.Feature Envy,3.0.0-m1,4.0.0-beta1,4.0.0-RC1,17
jedis,3.1.0-rc,redis.clients.jedis.tests,SSLJedisClusterTest,,God Class,"pmd,experts",src/test/java/redis/clients/jedis/tests/SSLJedisClusterTest.java,src/test/java/redis/clients/jedis/tests/SSLJedisClusterTest.java.SSLJedisClusterTest..God Class,3.1.0-rc,3.10.0,4.0.0-beta1,13
jedis,3.3.0,redis.clients.jedis.tests,SSLJedisClusterTest,connectWithCustomHostNameVerifier,Feature Envy,"checkstyle,experts",src/test/java/redis/clients/jedis/tests/SSLJedisClusterTest.java,src/test/java/redis/clients/jedis/tests/SSLJedisClusterTest.java.SSLJedisClusterTest.connectWithCustomHostNameVerifier.Feature Envy,3.3.0,3.10.0,4.0.0-beta1,10
jedis,3.1.0-rc,redis.clients.jedis.tests,SSLJedisClusterTest,connectWithCustomHostNameVerifier,Long Method,"Decor,experts",src/test/java/redis/clients/jedis/tests/SSLJedisClusterTest.java,src/test/java/redis/clients/jedis/tests/SSLJedisClusterTest.java.SSLJedisClusterTest.connectWithCustomHostNameVerifier.Long Method,3.1.0-rc,3.3.0,3.4.0,4
jedis,3.4.0,redis.clients.jedis.tests,SSLJedisClusterTest,testSSLDiscoverNodesAutomatically,Long Method,"Decor,experts",src/test/java/redis/clients/jedis/tests/SSLJedisClusterTest.java,src/test/java/redis/clients/jedis/tests/SSLJedisClusterTest.java.SSLJedisClusterTest.testSSLDiscoverNodesAutomatically.Long Method,3.4.0,3.10.0,4.0.0-beta1,9
jedis,3.3.0,redis.clients.jedis.tests,SSLJedisClusterWithCompleteCredentialsTest,,God Class,"pmd,experts",src/test/java/redis/clients/jedis/tests/SSLJedisClusterWithCompleteCredentialsTest.java,src/test/java/redis/clients/jedis/tests/SSLJedisClusterWithCompleteCredentialsTest.java.SSLJedisClusterWithCompleteCredentialsTest..God Class,3.3.0,3.10.0,4.0.0-beta1,10
jedis,3.3.0,redis.clients.jedis.tests,SSLJedisClusterWithCompleteCredentialsTest,connectWithCustomHostNameVerifier,Long Method,"Decor,experts",src/test/java/redis/clients/jedis/tests/SSLJedisClusterWithCompleteCredentialsTest.java,src/test/java/redis/clients/jedis/tests/SSLJedisClusterWithCompleteCredentialsTest.java.SSLJedisClusterWithCompleteCredentialsTest.connectWithCustomHostNameVerifier.Long Method,3.3.0,3.3.0,3.4.0,1
jedis,3.4.0,redis.clients.jedis.tests,SSLJedisClusterWithCompleteCredentialsTest,testSSLDiscoverNodesAutomatically,Long Method,"Decor,experts",src/test/java/redis/clients/jedis/tests/SSLJedisClusterWithCompleteCredentialsTest.java,src/test/java/redis/clients/jedis/tests/SSLJedisClusterWithCompleteCredentialsTest.java.SSLJedisClusterWithCompleteCredentialsTest.testSSLDiscoverNodesAutomatically.Long Method,3.4.0,3.10.0,4.0.0-beta1,9
jedis,3.6.0-rc1,redis.clients.jedis.tests,SSLJedisSentinelPoolTest,sentinelWithSslConnectsToRedisWithSsl,Feature Envy,"checkstyle,experts",src/test/java/redis/clients/jedis/tests/SSLJedisSentinelPoolTest.java,src/test/java/redis/clients/jedis/tests/SSLJedisSentinelPoolTest.java.SSLJedisSentinelPoolTest.sentinelWithSslConnectsToRedisWithSsl.Feature Envy,3.6.0-rc1,3.10.0,4.0.0-beta1,7
jedis,3.6.0-rc1,redis.clients.jedis.tests,SSLJedisSentinelPoolTest,sentinelWithSslConnectsToRedisWithoutSsl,Feature Envy,"checkstyle,experts",src/test/java/redis/clients/jedis/tests/SSLJedisSentinelPoolTest.java,src/test/java/redis/clients/jedis/tests/SSLJedisSentinelPoolTest.java.SSLJedisSentinelPoolTest.sentinelWithSslConnectsToRedisWithoutSsl.Feature Envy,3.6.0-rc1,3.10.0,4.0.0-beta1,7
jedis,3.6.0-rc1,redis.clients.jedis.tests,SSLJedisSentinelPoolTest,sentinelWithoutSslConnectsToRedisWithSsl,Feature Envy,"checkstyle,experts",src/test/java/redis/clients/jedis/tests/SSLJedisSentinelPoolTest.java,src/test/java/redis/clients/jedis/tests/SSLJedisSentinelPoolTest.java.SSLJedisSentinelPoolTest.sentinelWithoutSslConnectsToRedisWithSsl.Feature Envy,3.6.0-rc1,3.10.0,4.0.0-beta1,7
jedis,3.0.0-m1,redis.clients.jedis.tests,SSLJedisTest,,God Class,"pmd,experts",src/test/java/redis/clients/jedis/tests/SSLJedisTest.java,src/test/java/redis/clients/jedis/tests/SSLJedisTest.java.SSLJedisTest..God Class,3.0.0-m1,3.10.0,4.0.0-beta1,16
jedis,3.3.0,redis.clients.jedis.tests,SSLJedisWithCompleteCredentialsTest,,God Class,"pmd,experts",src/test/java/redis/clients/jedis/tests/SSLJedisWithCompleteCredentialsTest.java,src/test/java/redis/clients/jedis/tests/SSLJedisWithCompleteCredentialsTest.java.SSLJedisWithCompleteCredentialsTest..God Class,3.3.0,3.10.0,4.0.0-beta1,10
jedis,3.5.0,redis.clients.jedis.tests,SSLJedisWithCompleteCredentialsTest,connectWithUrl,Feature Envy,"checkstyle,experts",src/test/java/redis/clients/jedis/tests/SSLJedisWithCompleteCredentialsTest.java,src/test/java/redis/clients/jedis/tests/SSLJedisWithCompleteCredentialsTest.java.SSLJedisWithCompleteCredentialsTest.connectWithUrl.Feature Envy,3.5.0,3.10.0,4.0.0-beta1,8
jedis,3.3.0,redis.clients.jedis.tests,SSLJedisWithCompleteCredentialsTest,setUp,Feature Envy,"designitejava,experts",src/test/java/redis/clients/jedis/tests/SSLJedisWithCompleteCredentialsTest.java,src/test/java/redis/clients/jedis/tests/SSLJedisWithCompleteCredentialsTest.java.SSLJedisWithCompleteCredentialsTest.setUp.Feature Envy,3.3.0,3.4.0,3.5.0,2
jedis,2.1.0,redis.clients.jedis.tests,ShardedJedisPipelineTest,pipelineResponse,Feature Envy,"designitejava,checkstyle,experts",src/test/java/redis/clients/jedis/tests/ShardedJedisPipelineTest.java,src/test/java/redis/clients/jedis/tests/ShardedJedisPipelineTest.java.ShardedJedisPipelineTest.pipelineResponse.Feature Envy,2.1.0,3.10.0,4.0.0-beta1,27
jedis,2.1.0,redis.clients.jedis.tests,ShardedJedisPipelineTest,pipelineResponse,Long Method,"Decor,experts",src/test/java/redis/clients/jedis/tests/ShardedJedisPipelineTest.java,src/test/java/redis/clients/jedis/tests/ShardedJedisPipelineTest.java.ShardedJedisPipelineTest.pipelineResponse.Long Method,2.1.0,3.10.0,4.0.0-beta1,27
jedis,2.1.0,redis.clients.jedis.tests,ShardedJedisPipelineTest,setUp,Feature Envy,"checkstyle,experts",src/test/java/redis/clients/jedis/tests/ShardedJedisPipelineTest.java,src/test/java/redis/clients/jedis/tests/ShardedJedisPipelineTest.java.ShardedJedisPipelineTest.setUp.Feature Envy,2.1.0,3.10.0,4.0.0-beta1,27
jedis,2.7.0,redis.clients.jedis.tests,ShardedJedisPipelineTest,testSyncWithNoCommandQueued,Feature Envy,"checkstyle,experts",src/test/java/redis/clients/jedis/tests/ShardedJedisPipelineTest.java,src/test/java/redis/clients/jedis/tests/ShardedJedisPipelineTest.java.ShardedJedisPipelineTest.testSyncWithNoCommandQueued.Feature Envy,2.7.0,2.9.0,2.10.0-m1,3
jedis,2.2.0,redis.clients.jedis.tests,ShardedJedisPoolTest,,God Class,"pmd,experts",src/test/java/redis/clients/jedis/tests/ShardedJedisPoolTest.java,src/test/java/redis/clients/jedis/tests/ShardedJedisPoolTest.java.ShardedJedisPoolTest..God Class,2.2.0,3.10.0,4.0.0-beta1,26
jedis,1.4.0,redis.clients.jedis.tests,ShardedJedisPoolTest,checkJedisIsReusedWhenReturned,Feature Envy,"checkstyle,experts",src/test/java/redis/clients/jedis/tests/ShardedJedisPoolTest.java,src/test/java/redis/clients/jedis/tests/ShardedJedisPoolTest.java.ShardedJedisPoolTest.checkJedisIsReusedWhenReturned.Feature Envy,1.4.0,2.10.0,3.0.0-m1,15
jedis,1.4.0,redis.clients.jedis.tests,ShardedJedisPoolTest,checkPoolRepairedWhenJedisIsBroken,Feature Envy,"checkstyle,experts",src/test/java/redis/clients/jedis/tests/ShardedJedisPoolTest.java,src/test/java/redis/clients/jedis/tests/ShardedJedisPoolTest.java.ShardedJedisPoolTest.checkPoolRepairedWhenJedisIsBroken.Feature Envy,1.4.0,2.10.0,3.0.0-m1,15
jedis,3.6.0-rc1,redis.clients.jedis.tests,ShardedJedisPoolTest,returnResourceShouldResetState,Long Method,"Decor,experts",src/test/java/redis/clients/jedis/tests/ShardedJedisPoolTest.java,src/test/java/redis/clients/jedis/tests/ShardedJedisPoolTest.java.ShardedJedisPoolTest.returnResourceShouldResetState.Long Method,3.6.0-rc1,3.10.0,4.0.0-beta1,7
jedis,2.0.0,redis.clients.jedis.tests,ShardedJedisPoolTest,shouldReturnActiveShardsWhenOneGoesOffline,Feature Envy,"checkstyle,experts",src/test/java/redis/clients/jedis/tests/ShardedJedisPoolTest.java,src/test/java/redis/clients/jedis/tests/ShardedJedisPoolTest.java.ShardedJedisPoolTest.shouldReturnActiveShardsWhenOneGoesOffline.Feature Envy,2.0.0,3.5.0,3.6.0-rc1,21
jedis,2.0.0,redis.clients.jedis.tests,ShardedJedisPoolTest,shouldReturnActiveShardsWhenOneGoesOffline,Long Method,"Decor,experts",src/test/java/redis/clients/jedis/tests/ShardedJedisPoolTest.java,src/test/java/redis/clients/jedis/tests/ShardedJedisPoolTest.java.ShardedJedisPoolTest.shouldReturnActiveShardsWhenOneGoesOffline.Long Method,2.0.0,3.5.0,3.6.0-rc1,21
jedis,1.4.0,redis.clients.jedis.tests,ShardedJedisPoolTest,startUp,Feature Envy,"checkstyle,experts",src/test/java/redis/clients/jedis/tests/ShardedJedisPoolTest.java,src/test/java/redis/clients/jedis/tests/ShardedJedisPoolTest.java.ShardedJedisPoolTest.startUp.Feature Envy,1.4.0,3.4.0,3.5.0,23
jedis,2.2.0,redis.clients.jedis.tests,ShardedJedisPoolTest,startWithUrl,Feature Envy,"checkstyle,experts",src/test/java/redis/clients/jedis/tests/ShardedJedisPoolTest.java,src/test/java/redis/clients/jedis/tests/ShardedJedisPoolTest.java.ShardedJedisPoolTest.startWithUrl.Feature Envy,2.2.0,3.10.0,4.0.0-beta1,26
jedis,2.2.0,redis.clients.jedis.tests,ShardedJedisPoolTest,startWithUrlString,Feature Envy,"checkstyle,experts",src/test/java/redis/clients/jedis/tests/ShardedJedisPoolTest.java,src/test/java/redis/clients/jedis/tests/ShardedJedisPoolTest.java.ShardedJedisPoolTest.startWithUrlString.Feature Envy,2.2.0,3.10.0,4.0.0-beta1,26
jedis,3.3.0,redis.clients.jedis.tests,ShardedJedisPoolWithCompleteCredentialsTest,,God Class,"pmd,experts",src/test/java/redis/clients/jedis/tests/ShardedJedisPoolWithCompleteCredentialsTest.java,src/test/java/redis/clients/jedis/tests/ShardedJedisPoolWithCompleteCredentialsTest.java.ShardedJedisPoolWithCompleteCredentialsTest..God Class,3.3.0,3.10.0,4.0.0-beta1,10
jedis,3.6.0-rc1,redis.clients.jedis.tests,ShardedJedisPoolWithCompleteCredentialsTest,connectWithURICredentials,Long Method,"Decor,experts",src/test/java/redis/clients/jedis/tests/ShardedJedisPoolWithCompleteCredentialsTest.java,src/test/java/redis/clients/jedis/tests/ShardedJedisPoolWithCompleteCredentialsTest.java.ShardedJedisPoolWithCompleteCredentialsTest.connectWithURICredentials.Long Method,3.6.0-rc1,3.10.0,4.0.0-beta1,7
jedis,3.3.0,redis.clients.jedis.tests,ShardedJedisPoolWithCompleteCredentialsTest,shouldReturnActiveShardsWhenOneGoesOffline,Long Method,"Decor,experts",src/test/java/redis/clients/jedis/tests/ShardedJedisPoolWithCompleteCredentialsTest.java,src/test/java/redis/clients/jedis/tests/ShardedJedisPoolWithCompleteCredentialsTest.java.ShardedJedisPoolWithCompleteCredentialsTest.shouldReturnActiveShardsWhenOneGoesOffline.Long Method,3.3.0,3.5.0,3.6.0-rc1,3
jedis,2.5.0,redis.clients.jedis.tests,ShardedJedisTest,,God Class,"pmd,experts",src/test/java/redis/clients/jedis/tests/ShardedJedisTest.java,src/test/java/redis/clients/jedis/tests/ShardedJedisTest.java.ShardedJedisTest..God Class,2.5.0,3.10.0,4.0.0-beta1,23
jedis,2.5.0,redis.clients.jedis.tests,ShardedJedisTest,checkCloseable,Feature Envy,"checkstyle,experts",src/test/java/redis/clients/jedis/tests/ShardedJedisTest.java,src/test/java/redis/clients/jedis/tests/ShardedJedisTest.java.ShardedJedisTest.checkCloseable.Feature Envy,2.5.0,2.9.0,2.10.0-m1,5
jedis,1.3.0,redis.clients.jedis.tests,ShardedJedisTest,checkKeyTags,Feature Envy,"checkstyle,experts",src/test/java/redis/clients/jedis/tests/ShardedJedisTest.java,src/test/java/redis/clients/jedis/tests/ShardedJedisTest.java.ShardedJedisTest.checkKeyTags.Feature Envy,1.3.0,3.10.0,4.0.0-beta1,32
jedis,1.3.0,redis.clients.jedis.tests,ShardedJedisTest,checkKeyTags,Long Method,"Decor,experts",src/test/java/redis/clients/jedis/tests/ShardedJedisTest.java,src/test/java/redis/clients/jedis/tests/ShardedJedisTest.java.ShardedJedisTest.checkKeyTags.Long Method,1.3.0,2.6.0,2.7.0,11
jedis,2.3.0,redis.clients.jedis.tests,ShardedJedisTest,checkSharding,Feature Envy,"checkstyle,experts",src/test/java/redis/clients/jedis/tests/ShardedJedisTest.java,src/test/java/redis/clients/jedis/tests/ShardedJedisTest.java.ShardedJedisTest.checkSharding.Feature Envy,2.3.0,2.9.0,2.10.0-m1,7
jedis,1.5.0-RC1,redis.clients.jedis.tests,ShardedJedisTest,shardedPipeline,Feature Envy,"checkstyle,experts",src/test/java/redis/clients/jedis/tests/ShardedJedisTest.java,src/test/java/redis/clients/jedis/tests/ShardedJedisTest.java.ShardedJedisTest.shardedPipeline.Feature Envy,1.5.0-RC1,2.10.0,3.0.0-m1,14
jedis,2.7.0,redis.clients.jedis.tests,ShardedJedisTest,testAvoidLeaksUponDisconnect,Feature Envy,"checkstyle,experts",src/test/java/redis/clients/jedis/tests/ShardedJedisTest.java,src/test/java/redis/clients/jedis/tests/ShardedJedisTest.java.ShardedJedisTest.testAvoidLeaksUponDisconnect.Feature Envy,2.7.0,3.10.0,4.0.0-beta1,21
jedis,2.7.0,redis.clients.jedis.tests,ShardedJedisTest,testAvoidLeaksUponDisconnect,Long Method,"Decor,experts",src/test/java/redis/clients/jedis/tests/ShardedJedisTest.java,src/test/java/redis/clients/jedis/tests/ShardedJedisTest.java.ShardedJedisTest.testAvoidLeaksUponDisconnect.Long Method,2.7.0,3.10.0,4.0.0-beta1,21
jedis,3.1.0-rc,redis.clients.jedis.tests,ShardedJedisTest,testGeneralCommand,Feature Envy,"checkstyle,experts",src/test/java/redis/clients/jedis/tests/ShardedJedisTest.java,src/test/java/redis/clients/jedis/tests/ShardedJedisTest.java.ShardedJedisTest.testGeneralCommand.Feature Envy,3.1.0-rc,3.10.0,4.0.0-beta1,13
jedis,1.5.0,redis.clients.jedis.tests,ShardedJedisTest,testMD5Sharding,Long Method,"Decor,experts",src/test/java/redis/clients/jedis/tests/ShardedJedisTest.java,src/test/java/redis/clients/jedis/tests/ShardedJedisTest.java.ShardedJedisTest.testMD5Sharding.Long Method,1.5.0,1.5.0,2.0.0,1
jedis,1.0.0,redis.clients.jedis.tests,ShardedJedisTest,trySharding,Feature Envy,"checkstyle,experts",src/test/java/redis/clients/jedis/tests/ShardedJedisTest.java,src/test/java/redis/clients/jedis/tests/ShardedJedisTest.java.ShardedJedisTest.trySharding.Feature Envy,1.0.0,3.10.0,4.0.0-beta1,33
jedis,1.0.0,redis.clients.jedis.tests,ShardedJedisTest,trySharding,Long Method,"Decor,experts",src/test/java/redis/clients/jedis/tests/ShardedJedisTest.java,src/test/java/redis/clients/jedis/tests/ShardedJedisTest.java.ShardedJedisTest.trySharding.Long Method,1.0.0,1.0.0,1.3.0,1
jedis,1.3.0,redis.clients.jedis.tests,ShardedJedisTest,tryShardingWithMurmure,Feature Envy,"checkstyle,experts",src/test/java/redis/clients/jedis/tests/ShardedJedisTest.java,src/test/java/redis/clients/jedis/tests/ShardedJedisTest.java.ShardedJedisTest.tryShardingWithMurmure.Feature Envy,1.3.0,3.10.0,4.0.0-beta1,32
jedis,2.10.0-m1,redis.clients.jedis.tests,TupleSortedSetTest,testBinary,Feature Envy,"checkstyle,experts",src/test/java/redis/clients/jedis/tests/TupleSortedSetTest.java,src/test/java/redis/clients/jedis/tests/TupleSortedSetTest.java.TupleSortedSetTest.testBinary.Feature Envy,2.10.0-m1,4.0.0-beta1,4.0.0-RC1,19
jedis,2.10.0-m1,redis.clients.jedis.tests,TupleSortedSetTest,testBinary,Long Method,"Decor,experts",src/test/java/redis/clients/jedis/tests/TupleSortedSetTest.java,src/test/java/redis/clients/jedis/tests/TupleSortedSetTest.java.TupleSortedSetTest.testBinary.Long Method,2.10.0-m1,4.0.0-beta1,4.0.0-RC1,19
jedis,2.10.0-m1,redis.clients.jedis.tests,TupleSortedSetTest,testString,Feature Envy,"checkstyle,experts",src/test/java/redis/clients/jedis/tests/TupleSortedSetTest.java,src/test/java/redis/clients/jedis/tests/TupleSortedSetTest.java.TupleSortedSetTest.testString.Feature Envy,2.10.0-m1,4.0.0-beta1,4.0.0-RC1,19
jedis,4.0.0-beta1,redis.clients.jedis.tests,TupleTest,compareEqual,Feature Envy,"checkstyle,experts",src/test/java/redis/clients/jedis/tests/TupleTest.java,src/test/java/redis/clients/jedis/tests/TupleTest.java.TupleTest.compareEqual.Feature Envy,4.0.0-beta1,4.0.0-beta1,4.0.0-RC1,1
jedis,4.0.0-beta1,redis.clients.jedis.tests,TupleTest,compareNoMatch,Feature Envy,"checkstyle,experts",src/test/java/redis/clients/jedis/tests/TupleTest.java,src/test/java/redis/clients/jedis/tests/TupleTest.java.TupleTest.compareNoMatch.Feature Envy,4.0.0-beta1,4.0.0-beta1,4.0.0-RC1,1
jedis,4.0.0-beta1,redis.clients.jedis.tests,TupleTest,compareSameScore,Feature Envy,"checkstyle,experts",src/test/java/redis/clients/jedis/tests/TupleTest.java,src/test/java/redis/clients/jedis/tests/TupleTest.java.TupleTest.compareSameScore.Feature Envy,4.0.0-beta1,4.0.0-beta1,4.0.0-RC1,1
jedis,4.0.0-beta1,redis.clients.jedis.tests,TupleTest,compareSameScoreObject,Feature Envy,"checkstyle,experts",src/test/java/redis/clients/jedis/tests/TupleTest.java,src/test/java/redis/clients/jedis/tests/TupleTest.java.TupleTest.compareSameScoreObject.Feature Envy,4.0.0-beta1,4.0.0-beta1,4.0.0-RC1,1
jedis,1.0.0,redis.clients.jedis.tests.benchmark,GetSetBenchmark,main,Feature Envy,"checkstyle,experts",src/test/java/redis/clients/jedis/tests/benchmark/GetSetBenchmark.java,src/test/java/redis/clients/jedis/tests/benchmark/GetSetBenchmark.java.GetSetBenchmark.main.Feature Envy,1.0.0,3.10.0,4.0.0-beta1,33
jedis,1.5.0,redis.clients.jedis.tests.benchmark,HashingBenchmark,main,Feature Envy,"checkstyle,experts",src/test/java/redis/clients/jedis/tests/benchmark/HashingBenchmark.java,src/test/java/redis/clients/jedis/tests/benchmark/HashingBenchmark.java.HashingBenchmark.main.Feature Envy,1.5.0,3.10.0,4.0.0-beta1,29
jedis,1.5.0,redis.clients.jedis.tests.benchmark,HashingBenchmark,main,Long Method,"Decor,experts",src/test/java/redis/clients/jedis/tests/benchmark/HashingBenchmark.java,src/test/java/redis/clients/jedis/tests/benchmark/HashingBenchmark.java.HashingBenchmark.main.Long Method,1.5.0,3.10.0,4.0.0-beta1,29
jedis,1.0.0,redis.clients.jedis.tests.benchmark,PipelinedGetSetBenchmark,main,Feature Envy,"checkstyle,experts",src/test/java/redis/clients/jedis/tests/benchmark/PipelinedGetSetBenchmark.java,src/test/java/redis/clients/jedis/tests/benchmark/PipelinedGetSetBenchmark.java.PipelinedGetSetBenchmark.main.Feature Envy,1.0.0,3.10.0,4.0.0-beta1,33
jedis,1.0.0,redis.clients.jedis.tests.benchmark,PoolBenchmark$1,run,Feature Envy,"checkstyle,experts",src/test/java/redis/clients/jedis/tests/benchmark/PoolBenchmark.java,src/test/java/redis/clients/jedis/tests/benchmark/PoolBenchmark.java.PoolBenchmark$1.run.Feature Envy,1.0.0,1.3.0,1.4.0,2
jedis,1.0.0,redis.clients.jedis.tests.benchmark,PoolBenchmark$2,run,Feature Envy,"checkstyle,experts",src/test/java/redis/clients/jedis/tests/benchmark/PoolBenchmark.java,src/test/java/redis/clients/jedis/tests/benchmark/PoolBenchmark.java.PoolBenchmark$2.run.Feature Envy,1.0.0,1.0.0,1.3.0,1
jedis,1.0.0,redis.clients.jedis.tests.benchmark,PoolBenchmark,main,Feature Envy,"checkstyle,experts",src/test/java/redis/clients/jedis/tests/benchmark/PoolBenchmark.java,src/test/java/redis/clients/jedis/tests/benchmark/PoolBenchmark.java.PoolBenchmark.main.Feature Envy,1.0.0,3.10.0,4.0.0-beta1,33
jedis,1.0.0,redis.clients.jedis.tests.benchmark,PoolBenchmark,withPool,Feature Envy,"checkstyle,experts",src/test/java/redis/clients/jedis/tests/benchmark/PoolBenchmark.java,src/test/java/redis/clients/jedis/tests/benchmark/PoolBenchmark.java.PoolBenchmark.withPool.Feature Envy,1.0.0,2.10.0,3.0.0-m1,17
jedis,1.0.0,redis.clients.jedis.tests.benchmark,PoolBenchmark,withPool,Long Method,"Decor,experts",src/test/java/redis/clients/jedis/tests/benchmark/PoolBenchmark.java,src/test/java/redis/clients/jedis/tests/benchmark/PoolBenchmark.java.PoolBenchmark.withPool.Long Method,1.0.0,3.10.0,4.0.0-beta1,33
jedis,1.0.0,redis.clients.jedis.tests.benchmark,PoolBenchmark,withoutPool,Feature Envy,"checkstyle,experts",src/test/java/redis/clients/jedis/tests/benchmark/PoolBenchmark.java,src/test/java/redis/clients/jedis/tests/benchmark/PoolBenchmark.java.PoolBenchmark.withoutPool.Feature Envy,1.0.0,1.3.0,1.4.0,2
jedis,2.7.0,redis.clients.jedis.tests.benchmark,ProtocolBenchmark,main,Long Method,"Decor,experts",src/test/java/redis/clients/jedis/tests/benchmark/ProtocolBenchmark.java,src/test/java/redis/clients/jedis/tests/benchmark/ProtocolBenchmark.java.ProtocolBenchmark.main.Long Method,2.7.0,4.0.0-beta1,4.0.0-RC1,22
jedis,1.3.0,redis.clients.jedis.tests.benchmark,ShardedBenchmark,main,Feature Envy,"checkstyle,experts",src/test/java/redis/clients/jedis/tests/benchmark/ShardedBenchmark.java,src/test/java/redis/clients/jedis/tests/benchmark/ShardedBenchmark.java.ShardedBenchmark.main.Feature Envy,1.3.0,1.5.0-RC1,1.5.0,3
jedis,1.3.0,redis.clients.jedis.tests.benchmark,ShardedBenchmark,main,Long Method,"Decor,experts",src/test/java/redis/clients/jedis/tests/benchmark/ShardedBenchmark.java,src/test/java/redis/clients/jedis/tests/benchmark/ShardedBenchmark.java.ShardedBenchmark.main.Long Method,1.3.0,1.5.0-RC1,1.5.0,3
jedis,3.1.0-rc,redis.clients.jedis.tests.collections,JedisByteHashMapTest,mapOperations,Feature Envy,"designitejava,checkstyle,experts",src/test/java/redis/clients/jedis/tests/collections/JedisByteHashMapTest.java,src/test/java/redis/clients/jedis/tests/collections/JedisByteHashMapTest.java.JedisByteHashMapTest.mapOperations.Feature Envy,3.1.0-rc,4.0.0-beta1,4.0.0-RC1,14
jedis,3.1.0-rc,redis.clients.jedis.tests.collections,JedisByteHashMapTest,mapOperations,Long Method,"Decor,experts",src/test/java/redis/clients/jedis/tests/collections/JedisByteHashMapTest.java,src/test/java/redis/clients/jedis/tests/collections/JedisByteHashMapTest.java.JedisByteHashMapTest.mapOperations.Long Method,3.1.0-rc,4.0.0-beta1,4.0.0-RC1,14
jedis,3.1.0-rc,redis.clients.jedis.tests.collections,JedisByteHashMapTest,serialize,Feature Envy,"checkstyle,experts",src/test/java/redis/clients/jedis/tests/collections/JedisByteHashMapTest.java,src/test/java/redis/clients/jedis/tests/collections/JedisByteHashMapTest.java.JedisByteHashMapTest.serialize.Feature Envy,3.1.0-rc,4.0.0-beta1,4.0.0-RC1,14
jedis,2.8.0,redis.clients.jedis.tests.collections,SetFromListTest,setOperations,Long Method,"Decor,experts",src/test/java/redis/clients/jedis/tests/collections/SetFromListTest.java,src/test/java/redis/clients/jedis/tests/collections/SetFromListTest.java.SetFromListTest.setOperations.Long Method,2.8.0,4.0.0-beta1,4.0.0-RC1,21
jedis,3.3.0,redis.clients.jedis.tests.commands,AccessControlListCommandsTest,,God Class,"pmd,experts",src/test/java/redis/clients/jedis/tests/commands/AccessControlListCommandsTest.java,src/test/java/redis/clients/jedis/tests/commands/AccessControlListCommandsTest.java.AccessControlListCommandsTest..God Class,3.3.0,3.10.0,4.0.0-beta1,10
jedis,3.3.0,redis.clients.jedis.tests.commands,AccessControlListCommandsTest,aclBinaryCommandsTest,Feature Envy,"checkstyle,experts",src/test/java/redis/clients/jedis/tests/commands/AccessControlListCommandsTest.java,src/test/java/redis/clients/jedis/tests/commands/AccessControlListCommandsTest.java.AccessControlListCommandsTest.aclBinaryCommandsTest.Feature Envy,3.3.0,3.10.0,4.0.0-beta1,10
jedis,3.3.0,redis.clients.jedis.tests.commands,AccessControlListCommandsTest,aclExcudeSingleCommand,Feature Envy,"checkstyle,experts",src/test/java/redis/clients/jedis/tests/commands/AccessControlListCommandsTest.java,src/test/java/redis/clients/jedis/tests/commands/AccessControlListCommandsTest.java.AccessControlListCommandsTest.aclExcudeSingleCommand.Feature Envy,3.3.0,3.10.0,4.0.0-beta1,10
jedis,3.3.0,redis.clients.jedis.tests.commands,AccessControlListCommandsTest,aclGetUser,Feature Envy,"checkstyle,experts",src/test/java/redis/clients/jedis/tests/commands/AccessControlListCommandsTest.java,src/test/java/redis/clients/jedis/tests/commands/AccessControlListCommandsTest.java.AccessControlListCommandsTest.aclGetUser.Feature Envy,3.3.0,3.10.0,4.0.0-beta1,10
jedis,3.3.0,redis.clients.jedis.tests.commands,AccessControlListCommandsTest,basicPermissionsTest,Feature Envy,"checkstyle,experts",src/test/java/redis/clients/jedis/tests/commands/AccessControlListCommandsTest.java,src/test/java/redis/clients/jedis/tests/commands/AccessControlListCommandsTest.java.AccessControlListCommandsTest.basicPermissionsTest.Feature Envy,3.3.0,3.10.0,4.0.0-beta1,10
jedis,3.3.0,redis.clients.jedis.tests.commands,AccessControlListCommandsTest,basicPermissionsTest,Long Method,"Decor,experts",src/test/java/redis/clients/jedis/tests/commands/AccessControlListCommandsTest.java,src/test/java/redis/clients/jedis/tests/commands/AccessControlListCommandsTest.java.AccessControlListCommandsTest.basicPermissionsTest.Long Method,3.3.0,3.3.0,3.4.0,1
jedis,3.3.0,redis.clients.jedis.tests.commands,AccessControlListCommandsTest,createUserAndPasswords,Feature Envy,"checkstyle,experts",src/test/java/redis/clients/jedis/tests/commands/AccessControlListCommandsTest.java,src/test/java/redis/clients/jedis/tests/commands/AccessControlListCommandsTest.java.AccessControlListCommandsTest.createUserAndPasswords.Feature Envy,3.3.0,3.10.0,4.0.0-beta1,10
jedis,1.0.0,redis.clients.jedis.tests.commands,AllKindOfValuesCommandsTest,,God Class,"pmd,experts",src/test/java/redis/clients/jedis/tests/commands/AllKindOfValuesCommandsTest.java,src/test/java/redis/clients/jedis/tests/commands/AllKindOfValuesCommandsTest.java.AllKindOfValuesCommandsTest..God Class,1.0.0,4.0.0-beta1,4.0.0-RC1,34
jedis,1.0.0,redis.clients.jedis.tests.commands,AllKindOfValuesCommandsTest,del,Long Method,"Decor,experts",src/test/java/redis/clients/jedis/tests/commands/AllKindOfValuesCommandsTest.java,src/test/java/redis/clients/jedis/tests/commands/AllKindOfValuesCommandsTest.java.AllKindOfValuesCommandsTest.del.Long Method,1.0.0,3.6.0,3.7.0-RC1,28
jedis,3.4.0,redis.clients.jedis.tests.commands,AllKindOfValuesCommandsTest,encodeCompleteResponse,Feature Envy,"checkstyle,experts",src/test/java/redis/clients/jedis/tests/commands/AllKindOfValuesCommandsTest.java,src/test/java/redis/clients/jedis/tests/commands/AllKindOfValuesCommandsTest.java.AllKindOfValuesCommandsTest.encodeCompleteResponse.Feature Envy,3.4.0,3.10.0,4.0.0-beta1,9
jedis,3.6.0-rc1,redis.clients.jedis.tests.commands,AllKindOfValuesCommandsTest,restoreParams,Feature Envy,"designitejava,checkstyle,experts",src/test/java/redis/clients/jedis/tests/commands/AllKindOfValuesCommandsTest.java,src/test/java/redis/clients/jedis/tests/commands/AllKindOfValuesCommandsTest.java.AllKindOfValuesCommandsTest.restoreParams.Feature Envy,3.6.0-rc1,3.10.0,4.0.0-beta1,7
jedis,2.10.0-m1,redis.clients.jedis.tests.commands,AllKindOfValuesCommandsTest,restoreReplace,Feature Envy,"checkstyle,experts",src/test/java/redis/clients/jedis/tests/commands/AllKindOfValuesCommandsTest.java,src/test/java/redis/clients/jedis/tests/commands/AllKindOfValuesCommandsTest.java.AllKindOfValuesCommandsTest.restoreReplace.Feature Envy,2.10.0-m1,3.10.0,4.0.0-beta1,18
jedis,2.5.0,redis.clients.jedis.tests.commands,AllKindOfValuesCommandsTest,scan,Feature Envy,"checkstyle,experts",src/test/java/redis/clients/jedis/tests/commands/AllKindOfValuesCommandsTest.java,src/test/java/redis/clients/jedis/tests/commands/AllKindOfValuesCommandsTest.java.AllKindOfValuesCommandsTest.scan.Feature Envy,2.5.0,4.0.0-beta1,4.0.0-RC1,24
jedis,3.0.0-m1,redis.clients.jedis.tests.commands,AllKindOfValuesCommandsTest,scanIsCompleteIteration,Feature Envy,"checkstyle,experts",src/test/java/redis/clients/jedis/tests/commands/AllKindOfValuesCommandsTest.java,src/test/java/redis/clients/jedis/tests/commands/AllKindOfValuesCommandsTest.java.AllKindOfValuesCommandsTest.scanIsCompleteIteration.Feature Envy,3.0.0-m1,4.0.0-beta1,4.0.0-RC1,17
jedis,2.5.0,redis.clients.jedis.tests.commands,AllKindOfValuesCommandsTest,scanMatch,Feature Envy,"checkstyle,experts",src/test/java/redis/clients/jedis/tests/commands/AllKindOfValuesCommandsTest.java,src/test/java/redis/clients/jedis/tests/commands/AllKindOfValuesCommandsTest.java.AllKindOfValuesCommandsTest.scanMatch.Feature Envy,2.5.0,4.0.0-beta1,4.0.0-RC1,24
jedis,3.7.0-RC1,redis.clients.jedis.tests.commands,AllKindOfValuesCommandsTest,scanType,Feature Envy,"checkstyle,experts",src/test/java/redis/clients/jedis/tests/commands/AllKindOfValuesCommandsTest.java,src/test/java/redis/clients/jedis/tests/commands/AllKindOfValuesCommandsTest.java.AllKindOfValuesCommandsTest.scanType.Feature Envy,3.7.0-RC1,4.0.0-beta1,4.0.0-RC1,6
jedis,3.1.0,redis.clients.jedis.tests.commands,AllKindOfValuesCommandsTest,sendCommandTest,Feature Envy,"checkstyle,experts",src/test/java/redis/clients/jedis/tests/commands/AllKindOfValuesCommandsTest.java,src/test/java/redis/clients/jedis/tests/commands/AllKindOfValuesCommandsTest.java.AllKindOfValuesCommandsTest.sendCommandTest.Feature Envy,3.1.0,3.10.0,4.0.0-beta1,12
jedis,3.4.0,redis.clients.jedis.tests.commands,AllKindOfValuesCommandsTest,setGetOptionTest,Feature Envy,"checkstyle,experts",src/test/java/redis/clients/jedis/tests/commands/AllKindOfValuesCommandsTest.java,src/test/java/redis/clients/jedis/tests/commands/AllKindOfValuesCommandsTest.java.AllKindOfValuesCommandsTest.setGetOptionTest.Feature Envy,3.4.0,4.0.0-beta1,4.0.0-RC1,10
jedis,3.0.0-m1,redis.clients.jedis.tests.commands,AllKindOfValuesCommandsTest,setNxExAndGet,Feature Envy,"checkstyle,experts",src/test/java/redis/clients/jedis/tests/commands/AllKindOfValuesCommandsTest.java,src/test/java/redis/clients/jedis/tests/commands/AllKindOfValuesCommandsTest.java.AllKindOfValuesCommandsTest.setNxExAndGet.Feature Envy,3.0.0-m1,4.0.0-beta1,4.0.0-RC1,17
jedis,1.4.0,redis.clients.jedis.tests.commands,BinaryValuesCommandsTest,,God Class,"pmd,experts",src/test/java/redis/clients/jedis/tests/commands/BinaryValuesCommandsTest.java,src/test/java/redis/clients/jedis/tests/commands/BinaryValuesCommandsTest.java.BinaryValuesCommandsTest..God Class,1.4.0,4.0.0-beta1,4.0.0-RC1,32
jedis,3.7.0-RC1,redis.clients.jedis.tests.commands,BinaryValuesCommandsTest,getEx,Feature Envy,"checkstyle,experts",src/test/java/redis/clients/jedis/tests/commands/BinaryValuesCommandsTest.java,src/test/java/redis/clients/jedis/tests/commands/BinaryValuesCommandsTest.java.BinaryValuesCommandsTest.getEx.Feature Envy,3.7.0-RC1,4.0.0-beta1,4.0.0-RC1,6
jedis,4.0.0-beta1,redis.clients.jedis.tests.commands,BinaryValuesCommandsTest,getEx,Long Method,"Decor,experts",src/test/java/redis/clients/jedis/tests/commands/BinaryValuesCommandsTest.java,src/test/java/redis/clients/jedis/tests/commands/BinaryValuesCommandsTest.java.BinaryValuesCommandsTest.getEx.Long Method,4.0.0-beta1,4.0.0-beta1,4.0.0-RC1,1
jedis,2.9.0,redis.clients.jedis.tests.commands,BinaryValuesCommandsTest,mget,Feature Envy,"checkstyle,experts",src/test/java/redis/clients/jedis/tests/commands/BinaryValuesCommandsTest.java,src/test/java/redis/clients/jedis/tests/commands/BinaryValuesCommandsTest.java.BinaryValuesCommandsTest.mget.Feature Envy,2.9.0,4.0.0-beta1,4.0.0-RC1,20
jedis,1.4.0,redis.clients.jedis.tests.commands,BinaryValuesCommandsTest,mget,Long Method,"Decor,experts",src/test/java/redis/clients/jedis/tests/commands/BinaryValuesCommandsTest.java,src/test/java/redis/clients/jedis/tests/commands/BinaryValuesCommandsTest.java.BinaryValuesCommandsTest.mget.Long Method,1.4.0,3.10.0,4.0.0-beta1,31
jedis,3.6.0-rc1,redis.clients.jedis.tests.commands,BinaryValuesCommandsTest,setAndExat,Feature Envy,"checkstyle,experts",src/test/java/redis/clients/jedis/tests/commands/BinaryValuesCommandsTest.java,src/test/java/redis/clients/jedis/tests/commands/BinaryValuesCommandsTest.java.BinaryValuesCommandsTest.setAndExat.Feature Envy,3.6.0-rc1,4.0.0-beta1,4.0.0-RC1,8
jedis,3.0.0-m1,redis.clients.jedis.tests.commands,BinaryValuesCommandsTest,setAndExpire,Feature Envy,"checkstyle,experts",src/test/java/redis/clients/jedis/tests/commands/BinaryValuesCommandsTest.java,src/test/java/redis/clients/jedis/tests/commands/BinaryValuesCommandsTest.java.BinaryValuesCommandsTest.setAndExpire.Feature Envy,3.0.0-m1,4.0.0-beta1,4.0.0-RC1,17
jedis,3.0.0-m1,redis.clients.jedis.tests.commands,BinaryValuesCommandsTest,setAndExpireMillis,Feature Envy,"checkstyle,experts",src/test/java/redis/clients/jedis/tests/commands/BinaryValuesCommandsTest.java,src/test/java/redis/clients/jedis/tests/commands/BinaryValuesCommandsTest.java.BinaryValuesCommandsTest.setAndExpireMillis.Feature Envy,3.0.0-m1,4.0.0-beta1,4.0.0-RC1,17
jedis,3.4.0,redis.clients.jedis.tests.commands,BinaryValuesCommandsTest,setAndKeepttl,Feature Envy,"checkstyle,experts",src/test/java/redis/clients/jedis/tests/commands/BinaryValuesCommandsTest.java,src/test/java/redis/clients/jedis/tests/commands/BinaryValuesCommandsTest.java.BinaryValuesCommandsTest.setAndKeepttl.Feature Envy,3.4.0,4.0.0-beta1,4.0.0-RC1,10
jedis,3.6.0-rc1,redis.clients.jedis.tests.commands,BinaryValuesCommandsTest,setAndPxat,Feature Envy,"checkstyle,experts",src/test/java/redis/clients/jedis/tests/commands/BinaryValuesCommandsTest.java,src/test/java/redis/clients/jedis/tests/commands/BinaryValuesCommandsTest.java.BinaryValuesCommandsTest.setAndPxat.Feature Envy,3.6.0-rc1,4.0.0-beta1,4.0.0-RC1,8
jedis,3.0.0-m1,redis.clients.jedis.tests.commands,BinaryValuesCommandsTest,setFailIfNotExistAndGet,Feature Envy,"checkstyle,experts",src/test/java/redis/clients/jedis/tests/commands/BinaryValuesCommandsTest.java,src/test/java/redis/clients/jedis/tests/commands/BinaryValuesCommandsTest.java.BinaryValuesCommandsTest.setFailIfNotExistAndGet.Feature Envy,3.0.0-m1,4.0.0-beta1,4.0.0-RC1,17
jedis,3.0.0-m1,redis.clients.jedis.tests.commands,BinaryValuesCommandsTest,setIfExistAndGet,Feature Envy,"checkstyle,experts",src/test/java/redis/clients/jedis/tests/commands/BinaryValuesCommandsTest.java,src/test/java/redis/clients/jedis/tests/commands/BinaryValuesCommandsTest.java.BinaryValuesCommandsTest.setIfExistAndGet.Feature Envy,3.0.0-m1,4.0.0-beta1,4.0.0-RC1,17
jedis,3.0.0-m1,redis.clients.jedis.tests.commands,BinaryValuesCommandsTest,setIfNotExistAndGet,Feature Envy,"checkstyle,experts",src/test/java/redis/clients/jedis/tests/commands/BinaryValuesCommandsTest.java,src/test/java/redis/clients/jedis/tests/commands/BinaryValuesCommandsTest.java.BinaryValuesCommandsTest.setIfNotExistAndGet.Feature Envy,3.0.0-m1,4.0.0-beta1,4.0.0-RC1,17
jedis,3.0.0-m1,redis.clients.jedis.tests.commands,BinaryValuesCommandsTest,setNxExAndGet,Feature Envy,"checkstyle,experts",src/test/java/redis/clients/jedis/tests/commands/BinaryValuesCommandsTest.java,src/test/java/redis/clients/jedis/tests/commands/BinaryValuesCommandsTest.java.BinaryValuesCommandsTest.setNxExAndGet.Feature Envy,3.0.0-m1,4.0.0-beta1,4.0.0-RC1,17
jedis,2.10.0-m1,redis.clients.jedis.tests.commands,BitCommandsTest,,God Class,"pmd,experts",src/test/java/redis/clients/jedis/tests/commands/BitCommandsTest.java,src/test/java/redis/clients/jedis/tests/commands/BitCommandsTest.java.BitCommandsTest..God Class,2.10.0-m1,4.0.0-beta1,4.0.0-RC1,19
jedis,2.3.0,redis.clients.jedis.tests.commands,BitCommandsTest,bitOp,Long Method,"Decor,experts",src/test/java/redis/clients/jedis/tests/commands/BitCommandsTest.java,src/test/java/redis/clients/jedis/tests/commands/BitCommandsTest.java.BitCommandsTest.bitOp.Long Method,2.3.0,2.4.0,2.5.0,2
jedis,2.5.0,redis.clients.jedis.tests.commands,BitCommandsTest,bitpos,Long Method,"Decor,experts",src/test/java/redis/clients/jedis/tests/commands/BitCommandsTest.java,src/test/java/redis/clients/jedis/tests/commands/BitCommandsTest.java.BitCommandsTest.bitpos.Long Method,2.5.0,4.0.0-beta1,4.0.0-RC1,24
jedis,2.10.0-m1,redis.clients.jedis.tests.commands,BitCommandsTest,testBinaryBitfield,Feature Envy,"checkstyle,experts",src/test/java/redis/clients/jedis/tests/commands/BitCommandsTest.java,src/test/java/redis/clients/jedis/tests/commands/BitCommandsTest.java.BitCommandsTest.testBinaryBitfield.Feature Envy,2.10.0-m1,4.0.0-beta1,4.0.0-RC1,19
jedis,3.3.0,redis.clients.jedis.tests.commands,BitCommandsTest,testBinaryBitfieldReadonly,Feature Envy,"checkstyle,experts",src/test/java/redis/clients/jedis/tests/commands/BitCommandsTest.java,src/test/java/redis/clients/jedis/tests/commands/BitCommandsTest.java.BitCommandsTest.testBinaryBitfieldReadonly.Feature Envy,3.3.0,4.0.0-beta1,4.0.0-RC1,11
jedis,3.0.0-m1,redis.clients.jedis.tests.commands,ClientCommandsTest,,God Class,"pmd,experts",src/test/java/redis/clients/jedis/tests/commands/ClientCommandsTest.java,src/test/java/redis/clients/jedis/tests/commands/ClientCommandsTest.java.ClientCommandsTest..God Class,3.0.0-m1,3.10.0,4.0.0-beta1,16
jedis,3.6.0-rc1,redis.clients.jedis.tests.commands,ClientCommandsTest,clientUnblock,Feature Envy,"designitejava,experts",src/test/java/redis/clients/jedis/tests/commands/ClientCommandsTest.java,src/test/java/redis/clients/jedis/tests/commands/ClientCommandsTest.java.ClientCommandsTest.clientUnblock.Feature Envy,3.6.0-rc1,3.10.0,4.0.0-beta1,7
jedis,3.0.0-m1,redis.clients.jedis.tests.commands,ClientCommandsTest,killSkipmeYesNo,Feature Envy,"checkstyle,experts",src/test/java/redis/clients/jedis/tests/commands/ClientCommandsTest.java,src/test/java/redis/clients/jedis/tests/commands/ClientCommandsTest.java.ClientCommandsTest.killSkipmeYesNo.Feature Envy,3.0.0-m1,3.10.0,4.0.0-beta1,16
jedis,3.7.0-RC1,redis.clients.jedis.tests.commands,ClientCommandsTest,killSkipmeYesNo2,Feature Envy,"checkstyle,experts",src/test/java/redis/clients/jedis/tests/commands/ClientCommandsTest.java,src/test/java/redis/clients/jedis/tests/commands/ClientCommandsTest.java.ClientCommandsTest.killSkipmeYesNo2.Feature Envy,3.7.0-RC1,3.10.0,4.0.0-beta1,5
jedis,3.0.0-m1,redis.clients.jedis.tests.commands,ClientCommandsTest,nameString,Feature Envy,"designitejava,experts",src/test/java/redis/clients/jedis/tests/commands/ClientCommandsTest.java,src/test/java/redis/clients/jedis/tests/commands/ClientCommandsTest.java.ClientCommandsTest.nameString.Feature Envy,3.0.0-m1,3.10.0,4.0.0-beta1,16
jedis,2.8.0,redis.clients.jedis.tests.commands,ClusterBinaryJedisCommandsTest,,God Class,"pmd,experts",src/test/java/redis/clients/jedis/tests/commands/ClusterBinaryJedisCommandsTest.java,src/test/java/redis/clients/jedis/tests/commands/ClusterBinaryJedisCommandsTest.java.ClusterBinaryJedisCommandsTest..God Class,2.8.0,3.3.0,3.4.0,11
jedis,2.8.0,redis.clients.jedis.tests.commands,ClusterBinaryJedisCommandsTest,setUp,Feature Envy,"checkstyle,experts",src/test/java/redis/clients/jedis/tests/commands/ClusterBinaryJedisCommandsTest.java,src/test/java/redis/clients/jedis/tests/commands/ClusterBinaryJedisCommandsTest.java.ClusterBinaryJedisCommandsTest.setUp.Feature Envy,2.8.0,3.3.0,3.4.0,11
jedis,2.8.0,redis.clients.jedis.tests.commands,ClusterBinaryJedisCommandsTest,setUp,Long Method,"Decor,experts",src/test/java/redis/clients/jedis/tests/commands/ClusterBinaryJedisCommandsTest.java,src/test/java/redis/clients/jedis/tests/commands/ClusterBinaryJedisCommandsTest.java.ClusterBinaryJedisCommandsTest.setUp.Long Method,2.8.0,3.3.0,3.4.0,11
jedis,2.8.0,redis.clients.jedis.tests.commands,ClusterBinaryJedisCommandsTest,testBinaryGetAndSet,Feature Envy,"designitejava,experts",src/test/java/redis/clients/jedis/tests/commands/ClusterBinaryJedisCommandsTest.java,src/test/java/redis/clients/jedis/tests/commands/ClusterBinaryJedisCommandsTest.java.ClusterBinaryJedisCommandsTest.testBinaryGetAndSet.Feature Envy,2.8.0,3.3.0,3.4.0,11
jedis,3.1.0-rc,redis.clients.jedis.tests.commands,ClusterBinaryJedisCommandsTest,testGeneralCommand,Feature Envy,"checkstyle,experts",src/test/java/redis/clients/jedis/tests/commands/ClusterBinaryJedisCommandsTest.java,src/test/java/redis/clients/jedis/tests/commands/ClusterBinaryJedisCommandsTest.java.ClusterBinaryJedisCommandsTest.testGeneralCommand.Feature Envy,3.1.0-rc,3.3.0,3.4.0,4
jedis,2.8.0,redis.clients.jedis.tests.commands,ClusterBinaryJedisCommandsTest,testGetSlot,Feature Envy,"checkstyle,experts",src/test/java/redis/clients/jedis/tests/commands/ClusterBinaryJedisCommandsTest.java,src/test/java/redis/clients/jedis/tests/commands/ClusterBinaryJedisCommandsTest.java.ClusterBinaryJedisCommandsTest.testGetSlot.Feature Envy,2.8.0,2.10.0,3.0.0-m1,4
jedis,2.8.0,redis.clients.jedis.tests.commands,ClusterBinaryJedisCommandsTest,testHmset,Feature Envy,"designitejava,experts",src/test/java/redis/clients/jedis/tests/commands/ClusterBinaryJedisCommandsTest.java,src/test/java/redis/clients/jedis/tests/commands/ClusterBinaryJedisCommandsTest.java.ClusterBinaryJedisCommandsTest.testHmset.Feature Envy,2.8.0,3.3.0,3.4.0,11
jedis,2.8.0,redis.clients.jedis.tests.commands,ClusterBinaryJedisCommandsTest,testIncr,Feature Envy,"designitejava,checkstyle,experts",src/test/java/redis/clients/jedis/tests/commands/ClusterBinaryJedisCommandsTest.java,src/test/java/redis/clients/jedis/tests/commands/ClusterBinaryJedisCommandsTest.java.ClusterBinaryJedisCommandsTest.testIncr.Feature Envy,2.8.0,3.3.0,3.4.0,11
jedis,2.10.0-m1,redis.clients.jedis.tests.commands,ClusterBinaryJedisCommandsTest,testKeys,Feature Envy,"designitejava,checkstyle,experts",src/test/java/redis/clients/jedis/tests/commands/ClusterBinaryJedisCommandsTest.java,src/test/java/redis/clients/jedis/tests/commands/ClusterBinaryJedisCommandsTest.java.ClusterBinaryJedisCommandsTest.testKeys.Feature Envy,2.10.0-m1,3.3.0,3.4.0,9
jedis,2.8.0,redis.clients.jedis.tests.commands,ClusterBinaryJedisCommandsTest,testRpush,Feature Envy,"designitejava,experts",src/test/java/redis/clients/jedis/tests/commands/ClusterBinaryJedisCommandsTest.java,src/test/java/redis/clients/jedis/tests/commands/ClusterBinaryJedisCommandsTest.java.ClusterBinaryJedisCommandsTest.testRpush.Feature Envy,2.8.0,3.3.0,3.4.0,11
jedis,2.8.0,redis.clients.jedis.tests.commands,ClusterBinaryJedisCommandsTest,testSadd,Feature Envy,"designitejava,experts",src/test/java/redis/clients/jedis/tests/commands/ClusterBinaryJedisCommandsTest.java,src/test/java/redis/clients/jedis/tests/commands/ClusterBinaryJedisCommandsTest.java.ClusterBinaryJedisCommandsTest.testSadd.Feature Envy,2.8.0,3.3.0,3.4.0,11
jedis,2.3.0,redis.clients.jedis.tests.commands,ClusterCommandsTest,,God Class,"pmd,experts",src/test/java/redis/clients/jedis/tests/commands/ClusterCommandsTest.java,src/test/java/redis/clients/jedis/tests/commands/ClusterCommandsTest.java.ClusterCommandsTest..God Class,2.3.0,4.0.0-beta1,4.0.0-RC1,26
jedis,2.3.0,redis.clients.jedis.tests.commands,ClusterCommandsTest,clusterDelSlots,Feature Envy,"designitejava,experts",src/test/java/redis/clients/jedis/tests/commands/ClusterCommandsTest.java,src/test/java/redis/clients/jedis/tests/commands/ClusterCommandsTest.java.ClusterCommandsTest.clusterDelSlots.Feature Envy,2.3.0,4.0.0-beta1,4.0.0-RC1,26
jedis,2.3.0,redis.clients.jedis.tests.commands,ClusterCommandsTest,clusterGetKeysInSlot,Feature Envy,"designitejava,experts",src/test/java/redis/clients/jedis/tests/commands/ClusterCommandsTest.java,src/test/java/redis/clients/jedis/tests/commands/ClusterCommandsTest.java.ClusterCommandsTest.clusterGetKeysInSlot.Feature Envy,2.3.0,4.0.0-beta1,4.0.0-RC1,26
jedis,3.8.0,redis.clients.jedis.tests.commands,ClusterCommandsTest,clusterGetKeysInSlotBinary,Feature Envy,"designitejava,experts",src/test/java/redis/clients/jedis/tests/commands/ClusterCommandsTest.java,src/test/java/redis/clients/jedis/tests/commands/ClusterCommandsTest.java.ClusterCommandsTest.clusterGetKeysInSlotBinary.Feature Envy,3.8.0,3.10.0,4.0.0-beta1,3
jedis,2.3.0,redis.clients.jedis.tests.commands,ClusterCommandsTest,clusterSetSlotMigrating,Feature Envy,"designitejava,experts",src/test/java/redis/clients/jedis/tests/commands/ClusterCommandsTest.java,src/test/java/redis/clients/jedis/tests/commands/ClusterCommandsTest.java.ClusterCommandsTest.clusterSetSlotMigrating.Feature Envy,2.3.0,4.0.0-beta1,4.0.0-RC1,26
jedis,2.3.0,redis.clients.jedis.tests.commands,ClusterCommandsTest,clusterSetSlotNode,Feature Envy,"designitejava,experts",src/test/java/redis/clients/jedis/tests/commands/ClusterCommandsTest.java,src/test/java/redis/clients/jedis/tests/commands/ClusterCommandsTest.java.ClusterCommandsTest.clusterSetSlotNode.Feature Envy,2.3.0,4.0.0-beta1,4.0.0-RC1,26
jedis,4.0.0-beta1,redis.clients.jedis.tests.commands,ClusterCommandsTest,clusterSlots,Long Method,"Decor,experts",src/test/java/redis/clients/jedis/tests/commands/ClusterCommandsTest.java,src/test/java/redis/clients/jedis/tests/commands/ClusterCommandsTest.java.ClusterCommandsTest.clusterSlots.Long Method,4.0.0-beta1,4.0.0-beta1,4.0.0-RC1,1
jedis,2.4.0,redis.clients.jedis.tests.commands,ClusterCommandsTest,removeSlots,Feature Envy,"designitejava,experts",src/test/java/redis/clients/jedis/tests/commands/ClusterCommandsTest.java,src/test/java/redis/clients/jedis/tests/commands/ClusterCommandsTest.java.ClusterCommandsTest.removeSlots.Feature Envy,2.4.0,2.5.0,2.6.0,2
jedis,2.3.0,redis.clients.jedis.tests.commands,ClusterCommandsTest,setUp,Feature Envy,"checkstyle,experts",src/test/java/redis/clients/jedis/tests/commands/ClusterCommandsTest.java,src/test/java/redis/clients/jedis/tests/commands/ClusterCommandsTest.java.ClusterCommandsTest.setUp.Feature Envy,2.3.0,4.0.0-beta1,4.0.0-RC1,26
jedis,2.6.0,redis.clients.jedis.tests.commands,ClusterCommandsTest,testClusterHardReset,Feature Envy,"designitejava,experts",src/test/java/redis/clients/jedis/tests/commands/ClusterCommandsTest.java,src/test/java/redis/clients/jedis/tests/commands/ClusterCommandsTest.java.ClusterCommandsTest.testClusterHardReset.Feature Envy,2.6.0,4.0.0-beta1,4.0.0-RC1,23
jedis,3.7.0-RC1,redis.clients.jedis.tests.commands,ClusterCommandsTest,testClusterHardReset2,Feature Envy,"designitejava,experts",src/test/java/redis/clients/jedis/tests/commands/ClusterCommandsTest.java,src/test/java/redis/clients/jedis/tests/commands/ClusterCommandsTest.java.ClusterCommandsTest.testClusterHardReset2.Feature Envy,3.7.0-RC1,4.0.0-beta1,4.0.0-RC1,6
jedis,2.6.0,redis.clients.jedis.tests.commands,ClusterCommandsTest,testClusterSoftReset,Feature Envy,"designitejava,experts",src/test/java/redis/clients/jedis/tests/commands/ClusterCommandsTest.java,src/test/java/redis/clients/jedis/tests/commands/ClusterCommandsTest.java.ClusterCommandsTest.testClusterSoftReset.Feature Envy,2.6.0,4.0.0-beta1,4.0.0-RC1,23
jedis,3.7.0-RC1,redis.clients.jedis.tests.commands,ClusterCommandsTest,testClusterSoftReset2,Feature Envy,"designitejava,experts",src/test/java/redis/clients/jedis/tests/commands/ClusterCommandsTest.java,src/test/java/redis/clients/jedis/tests/commands/ClusterCommandsTest.java.ClusterCommandsTest.testClusterSoftReset2.Feature Envy,3.7.0-RC1,4.0.0-beta1,4.0.0-RC1,6
jedis,3.4.0,redis.clients.jedis.tests.commands,ClusterJedisCommandsTestBase,setUp,Feature Envy,"checkstyle,experts",src/test/java/redis/clients/jedis/tests/commands/ClusterJedisCommandsTestBase.java,src/test/java/redis/clients/jedis/tests/commands/ClusterJedisCommandsTestBase.java.ClusterJedisCommandsTestBase.setUp.Feature Envy,3.4.0,4.0.0-beta1,4.0.0-RC1,10
jedis,3.4.0,redis.clients.jedis.tests.commands,ClusterJedisCommandsTestBase,setUp,Long Method,"Decor,experts",src/test/java/redis/clients/jedis/tests/commands/ClusterJedisCommandsTestBase.java,src/test/java/redis/clients/jedis/tests/commands/ClusterJedisCommandsTestBase.java.ClusterJedisCommandsTestBase.setUp.Long Method,3.4.0,4.0.0-beta1,4.0.0-RC1,10
jedis,2.8.0,redis.clients.jedis.tests.commands,ClusterScriptingCommandsTest,,God Class,"pmd,experts",src/test/java/redis/clients/jedis/tests/commands/ClusterScriptingCommandsTest.java,src/test/java/redis/clients/jedis/tests/commands/ClusterScriptingCommandsTest.java.ClusterScriptingCommandsTest..God Class,2.8.0,3.3.0,3.4.0,11
jedis,2.8.0,redis.clients.jedis.tests.commands,ClusterScriptingCommandsTest,setUp,Feature Envy,"checkstyle,experts",src/test/java/redis/clients/jedis/tests/commands/ClusterScriptingCommandsTest.java,src/test/java/redis/clients/jedis/tests/commands/ClusterScriptingCommandsTest.java.ClusterScriptingCommandsTest.setUp.Feature Envy,2.8.0,3.3.0,3.4.0,11
jedis,2.8.0,redis.clients.jedis.tests.commands,ClusterScriptingCommandsTest,setUp,Long Method,"Decor,experts",src/test/java/redis/clients/jedis/tests/commands/ClusterScriptingCommandsTest.java,src/test/java/redis/clients/jedis/tests/commands/ClusterScriptingCommandsTest.java.ClusterScriptingCommandsTest.setUp.Long Method,2.8.0,3.3.0,3.4.0,11
jedis,2.8.0,redis.clients.jedis.tests.commands,ClusterScriptingCommandsTest,testBinaryEval,Feature Envy,"designitejava,experts",src/test/java/redis/clients/jedis/tests/commands/ClusterScriptingCommandsTest.java,src/test/java/redis/clients/jedis/tests/commands/ClusterScriptingCommandsTest.java.ClusterScriptingCommandsTest.testBinaryEval.Feature Envy,2.8.0,3.3.0,3.4.0,11
jedis,2.8.0,redis.clients.jedis.tests.commands,ClusterScriptingCommandsTest,testBinaryScriptExists,Feature Envy,"designitejava,experts",src/test/java/redis/clients/jedis/tests/commands/ClusterScriptingCommandsTest.java,src/test/java/redis/clients/jedis/tests/commands/ClusterScriptingCommandsTest.java.ClusterScriptingCommandsTest.testBinaryScriptExists.Feature Envy,2.8.0,3.3.0,3.4.0,11
jedis,2.10.0-m1,redis.clients.jedis.tests.commands,ClusterScriptingCommandsTest,testBinaryScriptFlush,Feature Envy,"designitejava,experts",src/test/java/redis/clients/jedis/tests/commands/ClusterScriptingCommandsTest.java,src/test/java/redis/clients/jedis/tests/commands/ClusterScriptingCommandsTest.java.ClusterScriptingCommandsTest.testBinaryScriptFlush.Feature Envy,2.10.0-m1,3.3.0,3.4.0,9
jedis,2.8.0,redis.clients.jedis.tests.commands,ClusterScriptingCommandsTest,testEval2,Feature Envy,"designitejava,experts",src/test/java/redis/clients/jedis/tests/commands/ClusterScriptingCommandsTest.java,src/test/java/redis/clients/jedis/tests/commands/ClusterScriptingCommandsTest.java.ClusterScriptingCommandsTest.testEval2.Feature Envy,2.8.0,3.3.0,3.4.0,11
jedis,2.8.0,redis.clients.jedis.tests.commands,ClusterScriptingCommandsTest,testEvalsha,Feature Envy,"designitejava,experts",src/test/java/redis/clients/jedis/tests/commands/ClusterScriptingCommandsTest.java,src/test/java/redis/clients/jedis/tests/commands/ClusterScriptingCommandsTest.java.ClusterScriptingCommandsTest.testEvalsha.Feature Envy,2.8.0,3.3.0,3.4.0,11
jedis,2.8.0,redis.clients.jedis.tests.commands,ClusterScriptingCommandsTest,testScriptLoadAndScriptExists,Feature Envy,"designitejava,experts",src/test/java/redis/clients/jedis/tests/commands/ClusterScriptingCommandsTest.java,src/test/java/redis/clients/jedis/tests/commands/ClusterScriptingCommandsTest.java.ClusterScriptingCommandsTest.testScriptLoadAndScriptExists.Feature Envy,2.8.0,3.3.0,3.4.0,11
jedis,2.0.0,redis.clients.jedis.tests.commands,ControlCommandsTest$1,run,Feature Envy,"checkstyle,experts",src/test/java/redis/clients/jedis/tests/commands/ControlCommandsTest.java,src/test/java/redis/clients/jedis/tests/commands/ControlCommandsTest.java.ControlCommandsTest$1.run.Feature Envy,2.0.0,3.10.0,4.0.0-beta1,28
jedis,2.3.0,redis.clients.jedis.tests.commands,ControlCommandsTest,,God Class,"pmd,experts",src/test/java/redis/clients/jedis/tests/commands/ControlCommandsTest.java,src/test/java/redis/clients/jedis/tests/commands/ControlCommandsTest.java.ControlCommandsTest..God Class,2.3.0,3.10.0,4.0.0-beta1,25
jedis,2.10.0,redis.clients.jedis.tests.commands,ControlCommandsTest,clientPause,Feature Envy,"checkstyle,experts",src/test/java/redis/clients/jedis/tests/commands/ControlCommandsTest.java,src/test/java/redis/clients/jedis/tests/commands/ControlCommandsTest.java.ControlCommandsTest.clientPause.Feature Envy,2.10.0,3.1.0-m1,3.1.0-rc,4
jedis,2.10.0,redis.clients.jedis.tests.commands,ControlCommandsTest,clientPause,Long Method,"Decor,experts",src/test/java/redis/clients/jedis/tests/commands/ControlCommandsTest.java,src/test/java/redis/clients/jedis/tests/commands/ControlCommandsTest.java.ControlCommandsTest.clientPause.Long Method,2.10.0,3.10.0,4.0.0-beta1,17
jedis,2.0.0,redis.clients.jedis.tests.commands,ControlCommandsTest,monitor,Feature Envy,"checkstyle,experts",src/test/java/redis/clients/jedis/tests/commands/ControlCommandsTest.java,src/test/java/redis/clients/jedis/tests/commands/ControlCommandsTest.java.ControlCommandsTest.monitor.Feature Envy,2.0.0,3.10.0,4.0.0-beta1,28
jedis,3.7.0-RC1,redis.clients.jedis.tests.commands,ControlCommandsTest,roleSlave,Feature Envy,"checkstyle,experts",src/test/java/redis/clients/jedis/tests/commands/ControlCommandsTest.java,src/test/java/redis/clients/jedis/tests/commands/ControlCommandsTest.java.ControlCommandsTest.roleSlave.Feature Envy,3.7.0-RC1,3.10.0,4.0.0-beta1,5
jedis,3.7.0-RC1,redis.clients.jedis.tests.commands,FailoverCommandsTest,,God Class,"pmd,experts",src/test/java/redis/clients/jedis/tests/commands/FailoverCommandsTest.java,src/test/java/redis/clients/jedis/tests/commands/FailoverCommandsTest.java.FailoverCommandsTest..God Class,3.7.0-RC1,3.10.0,4.0.0-beta1,5
jedis,3.7.0-RC1,redis.clients.jedis.tests.commands,FailoverCommandsTest,failoverForce,Feature Envy,"checkstyle,experts",src/test/java/redis/clients/jedis/tests/commands/FailoverCommandsTest.java,src/test/java/redis/clients/jedis/tests/commands/FailoverCommandsTest.java.FailoverCommandsTest.failoverForce.Feature Envy,3.7.0-RC1,3.10.0,4.0.0-beta1,5
jedis,3.7.0-RC1,redis.clients.jedis.tests.commands,FailoverCommandsTest,failoverForceWithoutTimeoutFailFast,Feature Envy,"checkstyle,experts",src/test/java/redis/clients/jedis/tests/commands/FailoverCommandsTest.java,src/test/java/redis/clients/jedis/tests/commands/FailoverCommandsTest.java.FailoverCommandsTest.failoverForceWithoutTimeoutFailFast.Feature Envy,3.7.0-RC1,3.10.0,4.0.0-beta1,5
jedis,3.7.0-RC1,redis.clients.jedis.tests.commands,FailoverCommandsTest,failoverForceWithoutToFailFast,Feature Envy,"checkstyle,experts",src/test/java/redis/clients/jedis/tests/commands/FailoverCommandsTest.java,src/test/java/redis/clients/jedis/tests/commands/FailoverCommandsTest.java.FailoverCommandsTest.failoverForceWithoutToFailFast.Feature Envy,3.7.0-RC1,3.10.0,4.0.0-beta1,5
jedis,2.10.0-m1,redis.clients.jedis.tests.commands,GeoCommandsTest,,God Class,"pmd,experts",src/test/java/redis/clients/jedis/tests/commands/GeoCommandsTest.java,src/test/java/redis/clients/jedis/tests/commands/GeoCommandsTest.java.GeoCommandsTest..God Class,2.10.0-m1,4.0.0-beta1,4.0.0-RC1,19
jedis,2.8.0,redis.clients.jedis.tests.commands,GeoCommandsTest,geoadd,Long Method,"Decor,experts",src/test/java/redis/clients/jedis/tests/commands/GeoCommandsTest.java,src/test/java/redis/clients/jedis/tests/commands/GeoCommandsTest.java.GeoCommandsTest.geoadd.Long Method,2.8.0,3.2.0,3.3.0,10
jedis,3.6.0-rc1,redis.clients.jedis.tests.commands,GeoCommandsTest,geoaddWithParams,Feature Envy,"checkstyle,experts",src/test/java/redis/clients/jedis/tests/commands/GeoCommandsTest.java,src/test/java/redis/clients/jedis/tests/commands/GeoCommandsTest.java.GeoCommandsTest.geoaddWithParams.Feature Envy,3.6.0-rc1,4.0.0-beta1,4.0.0-RC1,8
jedis,2.8.0,redis.clients.jedis.tests.commands,GeoCommandsTest,geopos,Feature Envy,"checkstyle,experts",src/test/java/redis/clients/jedis/tests/commands/GeoCommandsTest.java,src/test/java/redis/clients/jedis/tests/commands/GeoCommandsTest.java.GeoCommandsTest.geopos.Feature Envy,2.8.0,4.0.0-beta1,4.0.0-RC1,21
jedis,2.8.0,redis.clients.jedis.tests.commands,GeoCommandsTest,georadius,Feature Envy,"checkstyle,experts",src/test/java/redis/clients/jedis/tests/commands/GeoCommandsTest.java,src/test/java/redis/clients/jedis/tests/commands/GeoCommandsTest.java.GeoCommandsTest.georadius.Feature Envy,2.8.0,4.0.0-beta1,4.0.0-RC1,21
jedis,3.3.0,redis.clients.jedis.tests.commands,GeoCommandsTest,georadius,Long Method,"Decor,experts",src/test/java/redis/clients/jedis/tests/commands/GeoCommandsTest.java,src/test/java/redis/clients/jedis/tests/commands/GeoCommandsTest.java.GeoCommandsTest.georadius.Long Method,3.3.0,4.0.0-beta1,4.0.0-RC1,11
jedis,2.8.0,redis.clients.jedis.tests.commands,GeoCommandsTest,georadiusBinary,Feature Envy,"checkstyle,experts",src/test/java/redis/clients/jedis/tests/commands/GeoCommandsTest.java,src/test/java/redis/clients/jedis/tests/commands/GeoCommandsTest.java.GeoCommandsTest.georadiusBinary.Feature Envy,2.8.0,4.0.0-beta1,4.0.0-RC1,21
jedis,2.8.0,redis.clients.jedis.tests.commands,GeoCommandsTest,georadiusByMember,Feature Envy,"checkstyle,experts",src/test/java/redis/clients/jedis/tests/commands/GeoCommandsTest.java,src/test/java/redis/clients/jedis/tests/commands/GeoCommandsTest.java.GeoCommandsTest.georadiusByMember.Feature Envy,2.8.0,4.0.0-beta1,4.0.0-RC1,21
jedis,2.8.0,redis.clients.jedis.tests.commands,GeoCommandsTest,georadiusByMemberBinary,Feature Envy,"checkstyle,experts",src/test/java/redis/clients/jedis/tests/commands/GeoCommandsTest.java,src/test/java/redis/clients/jedis/tests/commands/GeoCommandsTest.java.GeoCommandsTest.georadiusByMemberBinary.Feature Envy,2.8.0,4.0.0-beta1,4.0.0-RC1,21
jedis,2.10.0-m1,redis.clients.jedis.tests.commands,GeoCommandsTest,georadiusByMemberReadonly,Feature Envy,"checkstyle,experts",src/test/java/redis/clients/jedis/tests/commands/GeoCommandsTest.java,src/test/java/redis/clients/jedis/tests/commands/GeoCommandsTest.java.GeoCommandsTest.georadiusByMemberReadonly.Feature Envy,2.10.0-m1,4.0.0-beta1,4.0.0-RC1,19
jedis,2.10.0-m1,redis.clients.jedis.tests.commands,GeoCommandsTest,georadiusByMemberReadonlyBinary,Feature Envy,"checkstyle,experts",src/test/java/redis/clients/jedis/tests/commands/GeoCommandsTest.java,src/test/java/redis/clients/jedis/tests/commands/GeoCommandsTest.java.GeoCommandsTest.georadiusByMemberReadonlyBinary.Feature Envy,2.10.0-m1,4.0.0-beta1,4.0.0-RC1,19
jedis,2.10.0-m1,redis.clients.jedis.tests.commands,GeoCommandsTest,georadiusReadonly,Feature Envy,"checkstyle,experts",src/test/java/redis/clients/jedis/tests/commands/GeoCommandsTest.java,src/test/java/redis/clients/jedis/tests/commands/GeoCommandsTest.java.GeoCommandsTest.georadiusReadonly.Feature Envy,2.10.0-m1,4.0.0-beta1,4.0.0-RC1,19
jedis,2.10.0-m1,redis.clients.jedis.tests.commands,GeoCommandsTest,georadiusReadonlyBinary,Feature Envy,"checkstyle,experts",src/test/java/redis/clients/jedis/tests/commands/GeoCommandsTest.java,src/test/java/redis/clients/jedis/tests/commands/GeoCommandsTest.java.GeoCommandsTest.georadiusReadonlyBinary.Feature Envy,2.10.0-m1,4.0.0-beta1,4.0.0-RC1,19
jedis,1.0.0,redis.clients.jedis.tests.commands,HashesCommandsTest,,God Class,"pmd,experts",src/test/java/redis/clients/jedis/tests/commands/HashesCommandsTest.java,src/test/java/redis/clients/jedis/tests/commands/HashesCommandsTest.java.HashesCommandsTest..God Class,1.0.0,4.0.0-beta1,4.0.0-RC1,34
jedis,1.4.0,redis.clients.jedis.tests.commands,HashesCommandsTest,hmget,Long Method,"Decor,experts",src/test/java/redis/clients/jedis/tests/commands/HashesCommandsTest.java,src/test/java/redis/clients/jedis/tests/commands/HashesCommandsTest.java.HashesCommandsTest.hmget.Long Method,1.4.0,3.5.0,3.6.0-rc1,24
jedis,3.6.0-rc1,redis.clients.jedis.tests.commands,HashesCommandsTest,hrandfield,Long Method,"Decor,experts",src/test/java/redis/clients/jedis/tests/commands/HashesCommandsTest.java,src/test/java/redis/clients/jedis/tests/commands/HashesCommandsTest.java.HashesCommandsTest.hrandfield.Long Method,3.6.0-rc1,4.0.0-beta1,4.0.0-RC1,8
jedis,2.5.0,redis.clients.jedis.tests.commands,HashesCommandsTest,hscan,Feature Envy,"checkstyle,experts",src/test/java/redis/clients/jedis/tests/commands/HashesCommandsTest.java,src/test/java/redis/clients/jedis/tests/commands/HashesCommandsTest.java.HashesCommandsTest.hscan.Feature Envy,2.5.0,4.0.0-beta1,4.0.0-RC1,24
jedis,2.5.0,redis.clients.jedis.tests.commands,HashesCommandsTest,hscanMatch,Feature Envy,"checkstyle,experts",src/test/java/redis/clients/jedis/tests/commands/HashesCommandsTest.java,src/test/java/redis/clients/jedis/tests/commands/HashesCommandsTest.java.HashesCommandsTest.hscanMatch.Feature Envy,2.5.0,4.0.0-beta1,4.0.0-RC1,24
jedis,2.5.0,redis.clients.jedis.tests.commands,HyperLogLogCommandsTest,pfaddBinary,Feature Envy,"checkstyle,experts",src/test/java/redis/clients/jedis/tests/commands/HyperLogLogCommandsTest.java,src/test/java/redis/clients/jedis/tests/commands/HyperLogLogCommandsTest.java.HyperLogLogCommandsTest.pfaddBinary.Feature Envy,2.5.0,4.0.0-beta1,4.0.0-RC1,24
jedis,2.5.0,redis.clients.jedis.tests.commands,HyperLogLogCommandsTest,pfcountBinary,Feature Envy,"checkstyle,experts",src/test/java/redis/clients/jedis/tests/commands/HyperLogLogCommandsTest.java,src/test/java/redis/clients/jedis/tests/commands/HyperLogLogCommandsTest.java.HyperLogLogCommandsTest.pfcountBinary.Feature Envy,2.5.0,4.0.0-beta1,4.0.0-RC1,24
jedis,2.5.0,redis.clients.jedis.tests.commands,HyperLogLogCommandsTest,pfmergeBinary,Feature Envy,"checkstyle,experts",src/test/java/redis/clients/jedis/tests/commands/HyperLogLogCommandsTest.java,src/test/java/redis/clients/jedis/tests/commands/HyperLogLogCommandsTest.java.HyperLogLogCommandsTest.pfmergeBinary.Feature Envy,2.5.0,4.0.0-beta1,4.0.0-RC1,24
jedis,2.5.0,redis.clients.jedis.tests.commands,HyperLogLogCommandsTest,pfmergeBinary,Long Method,"Decor,experts",src/test/java/redis/clients/jedis/tests/commands/HyperLogLogCommandsTest.java,src/test/java/redis/clients/jedis/tests/commands/HyperLogLogCommandsTest.java.HyperLogLogCommandsTest.pfmergeBinary.Long Method,2.5.0,4.0.0-beta1,4.0.0-RC1,24
jedis,1.0.0,redis.clients.jedis.tests.commands,JedisCommandTestBase,createJedis,Feature Envy,"checkstyle,experts",src/test/java/redis/clients/jedis/tests/commands/JedisCommandTestBase.java,src/test/java/redis/clients/jedis/tests/commands/JedisCommandTestBase.java.JedisCommandTestBase.createJedis.Feature Envy,1.0.0,3.1.0,3.2.0,22
jedis,1.0.0,redis.clients.jedis.tests.commands,JedisCommandTestBase,setUp,Feature Envy,"designitejava,checkstyle,experts",src/test/java/redis/clients/jedis/tests/commands/JedisCommandTestBase.java,src/test/java/redis/clients/jedis/tests/commands/JedisCommandTestBase.java.JedisCommandTestBase.setUp.Feature Envy,1.0.0,3.10.0,4.0.0-beta1,33
jedis,1.0.0,redis.clients.jedis.tests.commands,ListCommandsTest,,God Class,"pmd,experts",src/test/java/redis/clients/jedis/tests/commands/ListCommandsTest.java,src/test/java/redis/clients/jedis/tests/commands/ListCommandsTest.java.ListCommandsTest..God Class,1.0.0,4.0.0-beta1,4.0.0-RC1,34
jedis,1.4.0,redis.clients.jedis.tests.commands,ListCommandsTest,blpop,Feature Envy,"checkstyle,experts",src/test/java/redis/clients/jedis/tests/commands/ListCommandsTest.java,src/test/java/redis/clients/jedis/tests/commands/ListCommandsTest.java.ListCommandsTest.blpop.Feature Envy,1.4.0,2.2.0,2.3.0,6
jedis,3.6.0,redis.clients.jedis.tests.commands,ListCommandsTest,blpopDouble,Feature Envy,"checkstyle,experts",src/test/java/redis/clients/jedis/tests/commands/ListCommandsTest.java,src/test/java/redis/clients/jedis/tests/commands/ListCommandsTest.java.ListCommandsTest.blpopDouble.Feature Envy,3.6.0,4.0.0-beta1,4.0.0-RC1,7
jedis,1.4.0,redis.clients.jedis.tests.commands,ListCommandsTest,brpop,Feature Envy,"checkstyle,experts",src/test/java/redis/clients/jedis/tests/commands/ListCommandsTest.java,src/test/java/redis/clients/jedis/tests/commands/ListCommandsTest.java.ListCommandsTest.brpop.Feature Envy,1.4.0,2.2.0,2.3.0,6
jedis,3.6.0,redis.clients.jedis.tests.commands,ListCommandsTest,brpopDouble,Feature Envy,"checkstyle,experts",src/test/java/redis/clients/jedis/tests/commands/ListCommandsTest.java,src/test/java/redis/clients/jedis/tests/commands/ListCommandsTest.java.ListCommandsTest.brpopDouble.Feature Envy,3.6.0,4.0.0-beta1,4.0.0-RC1,7
jedis,3.4.0,redis.clients.jedis.tests.commands,ListCommandsTest,lpos,Feature Envy,"checkstyle,experts",src/test/java/redis/clients/jedis/tests/commands/ListCommandsTest.java,src/test/java/redis/clients/jedis/tests/commands/ListCommandsTest.java.ListCommandsTest.lpos.Feature Envy,3.4.0,4.0.0-beta1,4.0.0-RC1,10
jedis,2.9.0,redis.clients.jedis.tests.commands,ListCommandsTest,lrange,Feature Envy,"checkstyle,experts",src/test/java/redis/clients/jedis/tests/commands/ListCommandsTest.java,src/test/java/redis/clients/jedis/tests/commands/ListCommandsTest.java.ListCommandsTest.lrange.Feature Envy,2.9.0,4.0.0-beta1,4.0.0-RC1,20
jedis,1.0.0,redis.clients.jedis.tests.commands,ListCommandsTest,lrange,Long Method,"Decor,experts",src/test/java/redis/clients/jedis/tests/commands/ListCommandsTest.java,src/test/java/redis/clients/jedis/tests/commands/ListCommandsTest.java.ListCommandsTest.lrange.Long Method,1.0.0,3.3.0,3.4.0,24
jedis,3.1.0-rc,redis.clients.jedis.tests.commands,MigrateTest,,God Class,"pmd,experts",src/test/java/redis/clients/jedis/tests/commands/MigrateTest.java,src/test/java/redis/clients/jedis/tests/commands/MigrateTest.java.MigrateTest..God Class,3.1.0-rc,3.10.0,4.0.0-beta1,13
jedis,3.6.0-rc1,redis.clients.jedis.tests.commands,MigrateTest,migrateAuth2,Feature Envy,"checkstyle,experts",src/test/java/redis/clients/jedis/tests/commands/MigrateTest.java,src/test/java/redis/clients/jedis/tests/commands/MigrateTest.java.MigrateTest.migrateAuth2.Feature Envy,3.6.0-rc1,3.10.0,4.0.0-beta1,7
jedis,3.0.0-m1,redis.clients.jedis.tests.commands,MigrateTest,migrateConflict,Feature Envy,"checkstyle,experts",src/test/java/redis/clients/jedis/tests/commands/MigrateTest.java,src/test/java/redis/clients/jedis/tests/commands/MigrateTest.java.MigrateTest.migrateConflict.Feature Envy,3.0.0-m1,3.10.0,4.0.0-beta1,16
jedis,3.0.0-m1,redis.clients.jedis.tests.commands,MigrateTest,migrateConflict,Long Method,"Decor,experts",src/test/java/redis/clients/jedis/tests/commands/MigrateTest.java,src/test/java/redis/clients/jedis/tests/commands/MigrateTest.java.MigrateTest.migrateConflict.Long Method,3.0.0-m1,3.10.0,4.0.0-beta1,16
jedis,3.0.0-m1,redis.clients.jedis.tests.commands,MigrateTest,migrateCopyReplace,Feature Envy,"checkstyle,experts",src/test/java/redis/clients/jedis/tests/commands/MigrateTest.java,src/test/java/redis/clients/jedis/tests/commands/MigrateTest.java.MigrateTest.migrateCopyReplace.Feature Envy,3.0.0-m1,3.10.0,4.0.0-beta1,16
jedis,3.1.0-rc,redis.clients.jedis.tests.commands,MigrateTest,migrateCopyReplaceAuth,Feature Envy,"checkstyle,experts",src/test/java/redis/clients/jedis/tests/commands/MigrateTest.java,src/test/java/redis/clients/jedis/tests/commands/MigrateTest.java.MigrateTest.migrateCopyReplaceAuth.Feature Envy,3.1.0-rc,3.10.0,4.0.0-beta1,13
jedis,3.0.0-m1,redis.clients.jedis.tests.commands,MigrateTest,migrateMulti,Feature Envy,"checkstyle,experts",src/test/java/redis/clients/jedis/tests/commands/MigrateTest.java,src/test/java/redis/clients/jedis/tests/commands/MigrateTest.java.MigrateTest.migrateMulti.Feature Envy,3.0.0-m1,3.10.0,4.0.0-beta1,16
jedis,3.1.0-rc,redis.clients.jedis.tests.commands,MigrateTest,migrateReplace,Feature Envy,"checkstyle,experts",src/test/java/redis/clients/jedis/tests/commands/MigrateTest.java,src/test/java/redis/clients/jedis/tests/commands/MigrateTest.java.MigrateTest.migrateReplace.Feature Envy,3.1.0-rc,3.10.0,4.0.0-beta1,13
jedis,3.0.0-m1,redis.clients.jedis.tests.commands,MigrateTest,setUp,Feature Envy,"checkstyle,experts",src/test/java/redis/clients/jedis/tests/commands/MigrateTest.java,src/test/java/redis/clients/jedis/tests/commands/MigrateTest.java.MigrateTest.setUp.Feature Envy,3.0.0-m1,3.10.0,4.0.0-beta1,16
jedis,1.4.0,redis.clients.jedis.tests.commands,PublishSubscribeCommandsTest$10,run,Feature Envy,"checkstyle,experts",src/test/java/redis/clients/jedis/tests/commands/PublishSubscribeCommandsTest.java,src/test/java/redis/clients/jedis/tests/commands/PublishSubscribeCommandsTest.java.PublishSubscribeCommandsTest$10.run.Feature Envy,1.4.0,2.2.0,2.3.0,6
jedis,2.3.0,redis.clients.jedis.tests.commands,PublishSubscribeCommandsTest$12,onPMessage,Feature Envy,"checkstyle,experts",src/test/java/redis/clients/jedis/tests/commands/PublishSubscribeCommandsTest.java,src/test/java/redis/clients/jedis/tests/commands/PublishSubscribeCommandsTest.java.PublishSubscribeCommandsTest$12.onPMessage.Feature Envy,2.3.0,2.8.0,2.9.0,6
jedis,2.9.0,redis.clients.jedis.tests.commands,PublishSubscribeCommandsTest$13,onPMessage,Feature Envy,"checkstyle,experts",src/test/java/redis/clients/jedis/tests/commands/PublishSubscribeCommandsTest.java,src/test/java/redis/clients/jedis/tests/commands/PublishSubscribeCommandsTest.java.PublishSubscribeCommandsTest$13.onPMessage.Feature Envy,2.9.0,3.3.0,3.4.0,10
jedis,2.0.0,redis.clients.jedis.tests.commands,PublishSubscribeCommandsTest$13,run,Feature Envy,"checkstyle,experts",src/test/java/redis/clients/jedis/tests/commands/PublishSubscribeCommandsTest.java,src/test/java/redis/clients/jedis/tests/commands/PublishSubscribeCommandsTest.java.PublishSubscribeCommandsTest$13.run.Feature Envy,2.0.0,2.2.0,2.3.0,3
jedis,3.4.0,redis.clients.jedis.tests.commands,PublishSubscribeCommandsTest$14,onPMessage,Feature Envy,"checkstyle,experts",src/test/java/redis/clients/jedis/tests/commands/PublishSubscribeCommandsTest.java,src/test/java/redis/clients/jedis/tests/commands/PublishSubscribeCommandsTest.java.PublishSubscribeCommandsTest$14.onPMessage.Feature Envy,3.4.0,3.6.0,3.7.0-RC1,4
jedis,2.3.0,redis.clients.jedis.tests.commands,PublishSubscribeCommandsTest$14,onSubscribe,Feature Envy,"checkstyle,experts",src/test/java/redis/clients/jedis/tests/commands/PublishSubscribeCommandsTest.java,src/test/java/redis/clients/jedis/tests/commands/PublishSubscribeCommandsTest.java.PublishSubscribeCommandsTest$14.onSubscribe.Feature Envy,2.3.0,2.8.0,2.9.0,6
jedis,3.7.0-RC1,redis.clients.jedis.tests.commands,PublishSubscribeCommandsTest$15,onPMessage,Feature Envy,"checkstyle,experts",src/test/java/redis/clients/jedis/tests/commands/PublishSubscribeCommandsTest.java,src/test/java/redis/clients/jedis/tests/commands/PublishSubscribeCommandsTest.java.PublishSubscribeCommandsTest$15.onPMessage.Feature Envy,3.7.0-RC1,3.10.0,4.0.0-beta1,5
jedis,2.9.0,redis.clients.jedis.tests.commands,PublishSubscribeCommandsTest$15,onSubscribe,Feature Envy,"checkstyle,experts",src/test/java/redis/clients/jedis/tests/commands/PublishSubscribeCommandsTest.java,src/test/java/redis/clients/jedis/tests/commands/PublishSubscribeCommandsTest.java.PublishSubscribeCommandsTest$15.onSubscribe.Feature Envy,2.9.0,3.3.0,3.4.0,10
jedis,2.0.0,redis.clients.jedis.tests.commands,PublishSubscribeCommandsTest$16,onPMessage,Feature Envy,"checkstyle,experts",src/test/java/redis/clients/jedis/tests/commands/PublishSubscribeCommandsTest.java,src/test/java/redis/clients/jedis/tests/commands/PublishSubscribeCommandsTest.java.PublishSubscribeCommandsTest$16.onPMessage.Feature Envy,2.0.0,2.2.0,2.3.0,3
jedis,2.0.0,redis.clients.jedis.tests.commands,PublishSubscribeCommandsTest$17,run,Feature Envy,"checkstyle,experts",src/test/java/redis/clients/jedis/tests/commands/PublishSubscribeCommandsTest.java,src/test/java/redis/clients/jedis/tests/commands/PublishSubscribeCommandsTest.java.PublishSubscribeCommandsTest$17.run.Feature Envy,2.0.0,2.2.0,2.3.0,3
jedis,3.4.0,redis.clients.jedis.tests.commands,PublishSubscribeCommandsTest$18,onSubscribe,Feature Envy,"checkstyle,experts",src/test/java/redis/clients/jedis/tests/commands/PublishSubscribeCommandsTest.java,src/test/java/redis/clients/jedis/tests/commands/PublishSubscribeCommandsTest.java.PublishSubscribeCommandsTest$18.onSubscribe.Feature Envy,3.4.0,3.6.0,3.7.0-RC1,4
jedis,3.7.0-RC1,redis.clients.jedis.tests.commands,PublishSubscribeCommandsTest$19,onSubscribe,Feature Envy,"checkstyle,experts",src/test/java/redis/clients/jedis/tests/commands/PublishSubscribeCommandsTest.java,src/test/java/redis/clients/jedis/tests/commands/PublishSubscribeCommandsTest.java.PublishSubscribeCommandsTest$19.onSubscribe.Feature Envy,3.7.0-RC1,3.10.0,4.0.0-beta1,5
jedis,2.0.0,redis.clients.jedis.tests.commands,PublishSubscribeCommandsTest$20,run,Feature Envy,"checkstyle,experts",src/test/java/redis/clients/jedis/tests/commands/PublishSubscribeCommandsTest.java,src/test/java/redis/clients/jedis/tests/commands/PublishSubscribeCommandsTest.java.PublishSubscribeCommandsTest$20.run.Feature Envy,2.0.0,2.2.0,2.3.0,3
jedis,1.0.0,redis.clients.jedis.tests.commands,PublishSubscribeCommandsTest$3,run,Feature Envy,"checkstyle,experts",src/test/java/redis/clients/jedis/tests/commands/PublishSubscribeCommandsTest.java,src/test/java/redis/clients/jedis/tests/commands/PublishSubscribeCommandsTest.java.PublishSubscribeCommandsTest$3.run.Feature Envy,1.0.0,2.2.0,2.3.0,8
jedis,1.0.0,redis.clients.jedis.tests.commands,PublishSubscribeCommandsTest$7,run,Feature Envy,"checkstyle,experts",src/test/java/redis/clients/jedis/tests/commands/PublishSubscribeCommandsTest.java,src/test/java/redis/clients/jedis/tests/commands/PublishSubscribeCommandsTest.java.PublishSubscribeCommandsTest$7.run.Feature Envy,1.0.0,2.2.0,2.3.0,8
jedis,2.0.0,redis.clients.jedis.tests.commands,PublishSubscribeCommandsTest,,God Class,"pmd,experts",src/test/java/redis/clients/jedis/tests/commands/PublishSubscribeCommandsTest.java,src/test/java/redis/clients/jedis/tests/commands/PublishSubscribeCommandsTest.java.PublishSubscribeCommandsTest..God Class,2.0.0,3.10.0,4.0.0-beta1,28
jedis,2.0.0,redis.clients.jedis.tests.commands,PublishSubscribeCommandsTest,binaryPsubscribe,Feature Envy,"checkstyle,experts",src/test/java/redis/clients/jedis/tests/commands/PublishSubscribeCommandsTest.java,src/test/java/redis/clients/jedis/tests/commands/PublishSubscribeCommandsTest.java.PublishSubscribeCommandsTest.binaryPsubscribe.Feature Envy,2.0.0,3.10.0,4.0.0-beta1,28
jedis,2.0.0,redis.clients.jedis.tests.commands,PublishSubscribeCommandsTest,binaryPsubscribe,Long Method,"Decor,experts",src/test/java/redis/clients/jedis/tests/commands/PublishSubscribeCommandsTest.java,src/test/java/redis/clients/jedis/tests/commands/PublishSubscribeCommandsTest.java.PublishSubscribeCommandsTest.binaryPsubscribe.Long Method,2.0.0,2.2.0,2.3.0,3
jedis,2.0.0,redis.clients.jedis.tests.commands,PublishSubscribeCommandsTest,binaryPsubscribeMany,Feature Envy,"checkstyle,experts",src/test/java/redis/clients/jedis/tests/commands/PublishSubscribeCommandsTest.java,src/test/java/redis/clients/jedis/tests/commands/PublishSubscribeCommandsTest.java.PublishSubscribeCommandsTest.binaryPsubscribeMany.Feature Envy,2.0.0,3.10.0,4.0.0-beta1,28
jedis,2.0.0,redis.clients.jedis.tests.commands,PublishSubscribeCommandsTest,binarySubscribe,Feature Envy,"checkstyle,experts",src/test/java/redis/clients/jedis/tests/commands/PublishSubscribeCommandsTest.java,src/test/java/redis/clients/jedis/tests/commands/PublishSubscribeCommandsTest.java.PublishSubscribeCommandsTest.binarySubscribe.Feature Envy,2.0.0,3.10.0,4.0.0-beta1,28
jedis,2.0.0,redis.clients.jedis.tests.commands,PublishSubscribeCommandsTest,binarySubscribeLazily,Feature Envy,"checkstyle,experts",src/test/java/redis/clients/jedis/tests/commands/PublishSubscribeCommandsTest.java,src/test/java/redis/clients/jedis/tests/commands/PublishSubscribeCommandsTest.java.PublishSubscribeCommandsTest.binarySubscribeLazily.Feature Envy,2.0.0,3.10.0,4.0.0-beta1,28
jedis,2.0.0,redis.clients.jedis.tests.commands,PublishSubscribeCommandsTest,binarySubscribeMany,Feature Envy,"checkstyle,experts",src/test/java/redis/clients/jedis/tests/commands/PublishSubscribeCommandsTest.java,src/test/java/redis/clients/jedis/tests/commands/PublishSubscribeCommandsTest.java.PublishSubscribeCommandsTest.binarySubscribeMany.Feature Envy,2.0.0,3.10.0,4.0.0-beta1,28
jedis,2.3.0,redis.clients.jedis.tests.commands,PublishSubscribeCommandsTest,handleClientOutputBufferLimitForSubscribeTooSlow,Long Method,"Decor,experts",src/test/java/redis/clients/jedis/tests/commands/PublishSubscribeCommandsTest.java,src/test/java/redis/clients/jedis/tests/commands/PublishSubscribeCommandsTest.java.PublishSubscribeCommandsTest.handleClientOutputBufferLimitForSubscribeTooSlow.Long Method,2.3.0,3.10.0,4.0.0-beta1,25
jedis,1.0.0,redis.clients.jedis.tests.commands,PublishSubscribeCommandsTest,psubscribe,Long Method,"Decor,experts",src/test/java/redis/clients/jedis/tests/commands/PublishSubscribeCommandsTest.java,src/test/java/redis/clients/jedis/tests/commands/PublishSubscribeCommandsTest.java.PublishSubscribeCommandsTest.psubscribe.Long Method,1.0.0,1.5.0,2.0.0,5
jedis,1.0.0,redis.clients.jedis.tests.commands,PublishSubscribeCommandsTest,psubscribeMany,Feature Envy,"checkstyle,experts",src/test/java/redis/clients/jedis/tests/commands/PublishSubscribeCommandsTest.java,src/test/java/redis/clients/jedis/tests/commands/PublishSubscribeCommandsTest.java.PublishSubscribeCommandsTest.psubscribeMany.Feature Envy,1.0.0,2.2.0,2.3.0,8
jedis,1.4.0,redis.clients.jedis.tests.commands,PublishSubscribeCommandsTest,subscribeLazily,Feature Envy,"checkstyle,experts",src/test/java/redis/clients/jedis/tests/commands/PublishSubscribeCommandsTest.java,src/test/java/redis/clients/jedis/tests/commands/PublishSubscribeCommandsTest.java.PublishSubscribeCommandsTest.subscribeLazily.Feature Envy,1.4.0,3.10.0,4.0.0-beta1,31
jedis,1.0.0,redis.clients.jedis.tests.commands,PublishSubscribeCommandsTest,subscribeMany,Feature Envy,"checkstyle,experts",src/test/java/redis/clients/jedis/tests/commands/PublishSubscribeCommandsTest.java,src/test/java/redis/clients/jedis/tests/commands/PublishSubscribeCommandsTest.java.PublishSubscribeCommandsTest.subscribeMany.Feature Envy,1.0.0,2.2.0,2.3.0,8
jedis,2.1.0,redis.clients.jedis.tests.commands,ScriptingCommandsTest,,God Class,"pmd,experts",src/test/java/redis/clients/jedis/tests/commands/ScriptingCommandsTest.java,src/test/java/redis/clients/jedis/tests/commands/ScriptingCommandsTest.java.ScriptingCommandsTest..God Class,2.1.0,4.0.0-beta1,4.0.0-RC1,28
jedis,4.0.0-beta1,redis.clients.jedis.tests.commands,ScriptingCommandsTest,evalMultiBulk,Long Method,"Decor,experts",src/test/java/redis/clients/jedis/tests/commands/ScriptingCommandsTest.java,src/test/java/redis/clients/jedis/tests/commands/ScriptingCommandsTest.java.ScriptingCommandsTest.evalMultiBulk.Long Method,4.0.0-beta1,4.0.0-beta1,4.0.0-RC1,1
jedis,2.3.0,redis.clients.jedis.tests.commands,ScriptingCommandsTest,evalMultiBulkWithBinaryJedis,Feature Envy,"checkstyle,experts",src/test/java/redis/clients/jedis/tests/commands/ScriptingCommandsTest.java,src/test/java/redis/clients/jedis/tests/commands/ScriptingCommandsTest.java.ScriptingCommandsTest.evalMultiBulkWithBinaryJedis.Feature Envy,2.3.0,3.10.0,4.0.0-beta1,25
jedis,2.3.0,redis.clients.jedis.tests.commands,ScriptingCommandsTest,evalMultiBulkWithBinaryJedis,Long Method,"Decor,experts",src/test/java/redis/clients/jedis/tests/commands/ScriptingCommandsTest.java,src/test/java/redis/clients/jedis/tests/commands/ScriptingCommandsTest.java.ScriptingCommandsTest.evalMultiBulkWithBinaryJedis.Long Method,2.3.0,3.10.0,4.0.0-beta1,25
jedis,2.10.0-m1,redis.clients.jedis.tests.commands,ScriptingCommandsTest,evalshaBinary,Feature Envy,"checkstyle,experts",src/test/java/redis/clients/jedis/tests/commands/ScriptingCommandsTest.java,src/test/java/redis/clients/jedis/tests/commands/ScriptingCommandsTest.java.ScriptingCommandsTest.evalshaBinary.Feature Envy,2.10.0-m1,4.0.0-beta1,4.0.0-RC1,19
jedis,2.1.0,redis.clients.jedis.tests.commands,ScriptingCommandsTest,scriptExistsBinary,Feature Envy,"checkstyle,experts",src/test/java/redis/clients/jedis/tests/commands/ScriptingCommandsTest.java,src/test/java/redis/clients/jedis/tests/commands/ScriptingCommandsTest.java.ScriptingCommandsTest.scriptExistsBinary.Feature Envy,2.1.0,3.10.0,4.0.0-beta1,27
jedis,1.0.0,redis.clients.jedis.tests.commands,SetCommandsTest,,God Class,"pmd,experts",src/test/java/redis/clients/jedis/tests/commands/SetCommandsTest.java,src/test/java/redis/clients/jedis/tests/commands/SetCommandsTest.java.SetCommandsTest..God Class,1.0.0,4.0.0-beta1,4.0.0-RC1,34
jedis,1.4.0,redis.clients.jedis.tests.commands,SetCommandsTest,smove,Long Method,"Decor,experts",src/test/java/redis/clients/jedis/tests/commands/SetCommandsTest.java,src/test/java/redis/clients/jedis/tests/commands/SetCommandsTest.java.SetCommandsTest.smove.Long Method,1.4.0,3.1.0-m1,3.1.0-rc,18
jedis,3.1.0-rc,redis.clients.jedis.tests.commands,SetCommandsTest,spopWithCount,Feature Envy,"checkstyle,experts",src/test/java/redis/clients/jedis/tests/commands/SetCommandsTest.java,src/test/java/redis/clients/jedis/tests/commands/SetCommandsTest.java.SetCommandsTest.spopWithCount.Feature Envy,3.1.0-rc,4.0.0-beta1,4.0.0-RC1,14
jedis,3.1.0-rc,redis.clients.jedis.tests.commands,SetCommandsTest,spopWithCount,Long Method,"Decor,experts",src/test/java/redis/clients/jedis/tests/commands/SetCommandsTest.java,src/test/java/redis/clients/jedis/tests/commands/SetCommandsTest.java.SetCommandsTest.spopWithCount.Long Method,3.1.0-rc,4.0.0-beta1,4.0.0-RC1,14
jedis,2.5.0,redis.clients.jedis.tests.commands,SetCommandsTest,sscan,Feature Envy,"checkstyle,experts",src/test/java/redis/clients/jedis/tests/commands/SetCommandsTest.java,src/test/java/redis/clients/jedis/tests/commands/SetCommandsTest.java.SetCommandsTest.sscan.Feature Envy,2.5.0,4.0.0-beta1,4.0.0-RC1,24
jedis,2.5.0,redis.clients.jedis.tests.commands,SetCommandsTest,sscanMatch,Feature Envy,"checkstyle,experts",src/test/java/redis/clients/jedis/tests/commands/SetCommandsTest.java,src/test/java/redis/clients/jedis/tests/commands/SetCommandsTest.java.SetCommandsTest.sscanMatch.Feature Envy,2.5.0,4.0.0-beta1,4.0.0-RC1,24
jedis,2.1.0,redis.clients.jedis.tests.commands,SlowlogCommandsTest,slowlog,Feature Envy,"checkstyle,experts",src/test/java/redis/clients/jedis/tests/commands/SlowlogCommandsTest.java,src/test/java/redis/clients/jedis/tests/commands/SlowlogCommandsTest.java.SlowlogCommandsTest.slowlog.Feature Envy,2.1.0,3.10.0,4.0.0-beta1,27
jedis,2.1.0,redis.clients.jedis.tests.commands,SlowlogCommandsTest,slowlog,Long Method,"Decor,experts",src/test/java/redis/clients/jedis/tests/commands/SlowlogCommandsTest.java,src/test/java/redis/clients/jedis/tests/commands/SlowlogCommandsTest.java.SlowlogCommandsTest.slowlog.Long Method,2.1.0,3.3.0,3.4.0,18
jedis,3.4.0,redis.clients.jedis.tests.commands,SlowlogCommandsTest,slowlogBinaryDetails,Feature Envy,"checkstyle,experts",src/test/java/redis/clients/jedis/tests/commands/SlowlogCommandsTest.java,src/test/java/redis/clients/jedis/tests/commands/SlowlogCommandsTest.java.SlowlogCommandsTest.slowlogBinaryDetails.Feature Envy,3.4.0,3.10.0,4.0.0-beta1,9
jedis,3.4.0,redis.clients.jedis.tests.commands,SlowlogCommandsTest,slowlogBinaryDetails,Long Method,"Decor,experts",src/test/java/redis/clients/jedis/tests/commands/SlowlogCommandsTest.java,src/test/java/redis/clients/jedis/tests/commands/SlowlogCommandsTest.java.SlowlogCommandsTest.slowlogBinaryDetails.Long Method,3.4.0,3.10.0,4.0.0-beta1,9
jedis,3.4.0,redis.clients.jedis.tests.commands,SlowlogCommandsTest,slowlogObjectDetails,Feature Envy,"checkstyle,experts",src/test/java/redis/clients/jedis/tests/commands/SlowlogCommandsTest.java,src/test/java/redis/clients/jedis/tests/commands/SlowlogCommandsTest.java.SlowlogCommandsTest.slowlogObjectDetails.Feature Envy,3.4.0,3.10.0,4.0.0-beta1,9
jedis,1.0.0,redis.clients.jedis.tests.commands,SortedSetCommandsTest,,God Class,"pmd,experts",src/test/java/redis/clients/jedis/tests/commands/SortedSetCommandsTest.java,src/test/java/redis/clients/jedis/tests/commands/SortedSetCommandsTest.java.SortedSetCommandsTest..God Class,1.0.0,4.0.0-beta1,4.0.0-RC1,34
jedis,3.6.0-rc1,redis.clients.jedis.tests.commands,SortedSetCommandsTest,bzpopmax,Feature Envy,"checkstyle,experts",src/test/java/redis/clients/jedis/tests/commands/SortedSetCommandsTest.java,src/test/java/redis/clients/jedis/tests/commands/SortedSetCommandsTest.java.SortedSetCommandsTest.bzpopmax.Feature Envy,3.6.0-rc1,4.0.0-beta1,4.0.0-RC1,8
jedis,3.6.0-rc1,redis.clients.jedis.tests.commands,SortedSetCommandsTest,bzpopmin,Feature Envy,"checkstyle,experts",src/test/java/redis/clients/jedis/tests/commands/SortedSetCommandsTest.java,src/test/java/redis/clients/jedis/tests/commands/SortedSetCommandsTest.java.SortedSetCommandsTest.bzpopmin.Feature Envy,3.6.0-rc1,4.0.0-beta1,4.0.0-RC1,8
jedis,2.10.0-m1,redis.clients.jedis.tests.commands,SortedSetCommandsTest,infinity,Feature Envy,"checkstyle,experts",src/test/java/redis/clients/jedis/tests/commands/SortedSetCommandsTest.java,src/test/java/redis/clients/jedis/tests/commands/SortedSetCommandsTest.java.SortedSetCommandsTest.infinity.Feature Envy,2.10.0-m1,4.0.0-beta1,4.0.0-RC1,19
jedis,2.8.0,redis.clients.jedis.tests.commands,SortedSetCommandsTest,zaddWithParams,Feature Envy,"checkstyle,experts",src/test/java/redis/clients/jedis/tests/commands/SortedSetCommandsTest.java,src/test/java/redis/clients/jedis/tests/commands/SortedSetCommandsTest.java.SortedSetCommandsTest.zaddWithParams.Feature Envy,2.8.0,4.0.0-beta1,4.0.0-RC1,21
jedis,2.8.0,redis.clients.jedis.tests.commands,SortedSetCommandsTest,zincrbyWithParams,Feature Envy,"checkstyle,experts",src/test/java/redis/clients/jedis/tests/commands/SortedSetCommandsTest.java,src/test/java/redis/clients/jedis/tests/commands/SortedSetCommandsTest.java.SortedSetCommandsTest.zincrbyWithParams.Feature Envy,2.8.0,4.0.0-beta1,4.0.0-RC1,21
jedis,3.6.0-rc1,redis.clients.jedis.tests.commands,SortedSetCommandsTest,zinter,Feature Envy,"checkstyle,experts",src/test/java/redis/clients/jedis/tests/commands/SortedSetCommandsTest.java,src/test/java/redis/clients/jedis/tests/commands/SortedSetCommandsTest.java.SortedSetCommandsTest.zinter.Feature Envy,3.6.0-rc1,4.0.0-beta1,4.0.0-RC1,8
jedis,1.4.0,redis.clients.jedis.tests.commands,SortedSetCommandsTest,zintertoreParams,Feature Envy,"checkstyle,experts",src/test/java/redis/clients/jedis/tests/commands/SortedSetCommandsTest.java,src/test/java/redis/clients/jedis/tests/commands/SortedSetCommandsTest.java.SortedSetCommandsTest.zintertoreParams.Feature Envy,1.4.0,4.0.0-beta1,4.0.0-RC1,32
jedis,3.2.0,redis.clients.jedis.tests.commands,SortedSetCommandsTest,zpopmin,Feature Envy,"checkstyle,experts",src/test/java/redis/clients/jedis/tests/commands/SortedSetCommandsTest.java,src/test/java/redis/clients/jedis/tests/commands/SortedSetCommandsTest.java.SortedSetCommandsTest.zpopmin.Feature Envy,3.2.0,4.0.0-beta1,4.0.0-RC1,12
jedis,3.6.0-rc1,redis.clients.jedis.tests.commands,SortedSetCommandsTest,zrandmember,Feature Envy,"checkstyle,experts",src/test/java/redis/clients/jedis/tests/commands/SortedSetCommandsTest.java,src/test/java/redis/clients/jedis/tests/commands/SortedSetCommandsTest.java.SortedSetCommandsTest.zrandmember.Feature Envy,3.6.0-rc1,4.0.0-beta1,4.0.0-RC1,8
jedis,2.9.0,redis.clients.jedis.tests.commands,SortedSetCommandsTest,zrangebyscore,Feature Envy,"checkstyle,experts",src/test/java/redis/clients/jedis/tests/commands/SortedSetCommandsTest.java,src/test/java/redis/clients/jedis/tests/commands/SortedSetCommandsTest.java.SortedSetCommandsTest.zrangebyscore.Feature Envy,2.9.0,4.0.0-beta1,4.0.0-RC1,20
jedis,1.0.0,redis.clients.jedis.tests.commands,SortedSetCommandsTest,zrangebyscore,Long Method,"Decor,experts",src/test/java/redis/clients/jedis/tests/commands/SortedSetCommandsTest.java,src/test/java/redis/clients/jedis/tests/commands/SortedSetCommandsTest.java.SortedSetCommandsTest.zrangebyscore.Long Method,1.0.0,1.5.0,2.0.0,5
jedis,2.9.0,redis.clients.jedis.tests.commands,SortedSetCommandsTest,zrevrangebyscore,Feature Envy,"checkstyle,experts",src/test/java/redis/clients/jedis/tests/commands/SortedSetCommandsTest.java,src/test/java/redis/clients/jedis/tests/commands/SortedSetCommandsTest.java.SortedSetCommandsTest.zrevrangebyscore.Feature Envy,2.9.0,4.0.0-beta1,4.0.0-RC1,20
jedis,2.1.0,redis.clients.jedis.tests.commands,SortedSetCommandsTest,zrevrangebyscore,Long Method,"Decor,experts",src/test/java/redis/clients/jedis/tests/commands/SortedSetCommandsTest.java,src/test/java/redis/clients/jedis/tests/commands/SortedSetCommandsTest.java.SortedSetCommandsTest.zrevrangebyscore.Long Method,2.1.0,2.1.0,2.2.0,1
jedis,2.5.0,redis.clients.jedis.tests.commands,SortedSetCommandsTest,zscan,Feature Envy,"checkstyle,experts",src/test/java/redis/clients/jedis/tests/commands/SortedSetCommandsTest.java,src/test/java/redis/clients/jedis/tests/commands/SortedSetCommandsTest.java.SortedSetCommandsTest.zscan.Feature Envy,2.5.0,4.0.0-beta1,4.0.0-RC1,24
jedis,2.5.0,redis.clients.jedis.tests.commands,SortedSetCommandsTest,zscanMatch,Feature Envy,"checkstyle,experts",src/test/java/redis/clients/jedis/tests/commands/SortedSetCommandsTest.java,src/test/java/redis/clients/jedis/tests/commands/SortedSetCommandsTest.java.SortedSetCommandsTest.zscanMatch.Feature Envy,2.5.0,4.0.0-beta1,4.0.0-RC1,24
jedis,3.6.0-rc1,redis.clients.jedis.tests.commands,SortedSetCommandsTest,zunion,Feature Envy,"checkstyle,experts",src/test/java/redis/clients/jedis/tests/commands/SortedSetCommandsTest.java,src/test/java/redis/clients/jedis/tests/commands/SortedSetCommandsTest.java.SortedSetCommandsTest.zunion.Feature Envy,3.6.0-rc1,4.0.0-beta1,4.0.0-RC1,8
jedis,1.4.0,redis.clients.jedis.tests.commands,SortedSetCommandsTest,zunionstoreParams,Feature Envy,"checkstyle,experts",src/test/java/redis/clients/jedis/tests/commands/SortedSetCommandsTest.java,src/test/java/redis/clients/jedis/tests/commands/SortedSetCommandsTest.java.SortedSetCommandsTest.zunionstoreParams.Feature Envy,1.4.0,4.0.0-beta1,4.0.0-RC1,32
jedis,1.0.0,redis.clients.jedis.tests.commands,SortingCommandsTest,sortGet,Long Method,"Decor,experts",src/test/java/redis/clients/jedis/tests/commands/SortingCommandsTest.java,src/test/java/redis/clients/jedis/tests/commands/SortingCommandsTest.java.SortingCommandsTest.sortGet.Long Method,1.0.0,3.6.0,3.7.0-RC1,28
jedis,3.1.0-m1,redis.clients.jedis.tests.commands,StreamsCommandsTest,,God Class,"pmd,experts",src/test/java/redis/clients/jedis/tests/commands/StreamsCommandsTest.java,src/test/java/redis/clients/jedis/tests/commands/StreamsCommandsTest.java.StreamsCommandsTest..God Class,3.1.0-m1,4.0.0-beta1,4.0.0-RC1,15
jedis,3.1.0-m1,redis.clients.jedis.tests.commands,StreamsCommandsTest,xadd,Feature Envy,"checkstyle,experts",src/test/java/redis/clients/jedis/tests/commands/StreamsCommandsTest.java,src/test/java/redis/clients/jedis/tests/commands/StreamsCommandsTest.java.StreamsCommandsTest.xadd.Feature Envy,3.1.0-m1,4.0.0-beta1,4.0.0-RC1,15
jedis,3.1.0-m1,redis.clients.jedis.tests.commands,StreamsCommandsTest,xadd,Long Method,"Decor,experts",src/test/java/redis/clients/jedis/tests/commands/StreamsCommandsTest.java,src/test/java/redis/clients/jedis/tests/commands/StreamsCommandsTest.java.StreamsCommandsTest.xadd.Long Method,3.1.0-m1,3.2.0,3.3.0,4
jedis,3.6.0-rc1,redis.clients.jedis.tests.commands,StreamsCommandsTest,xaddWithParams,Feature Envy,"checkstyle,experts",src/test/java/redis/clients/jedis/tests/commands/StreamsCommandsTest.java,src/test/java/redis/clients/jedis/tests/commands/StreamsCommandsTest.java.StreamsCommandsTest.xaddWithParams.Feature Envy,3.6.0-rc1,4.0.0-beta1,4.0.0-RC1,8
jedis,3.7.0-RC1,redis.clients.jedis.tests.commands,StreamsCommandsTest,xautoclaimBinary,Feature Envy,"checkstyle,experts",src/test/java/redis/clients/jedis/tests/commands/StreamsCommandsTest.java,src/test/java/redis/clients/jedis/tests/commands/StreamsCommandsTest.java.StreamsCommandsTest.xautoclaimBinary.Feature Envy,3.7.0-RC1,4.0.0-beta1,4.0.0-RC1,6
jedis,3.7.0-RC1,redis.clients.jedis.tests.commands,StreamsCommandsTest,xautoclaimJustIdBinary,Feature Envy,"checkstyle,experts",src/test/java/redis/clients/jedis/tests/commands/StreamsCommandsTest.java,src/test/java/redis/clients/jedis/tests/commands/StreamsCommandsTest.java.StreamsCommandsTest.xautoclaimJustIdBinary.Feature Envy,3.7.0-RC1,4.0.0-beta1,4.0.0-RC1,6
jedis,3.6.0-rc1,redis.clients.jedis.tests.commands,StreamsCommandsTest,xclaimJustId,Feature Envy,"checkstyle,experts",src/test/java/redis/clients/jedis/tests/commands/StreamsCommandsTest.java,src/test/java/redis/clients/jedis/tests/commands/StreamsCommandsTest.java.StreamsCommandsTest.xclaimJustId.Feature Envy,3.6.0-rc1,4.0.0-beta1,4.0.0-RC1,8
jedis,3.6.0-rc1,redis.clients.jedis.tests.commands,StreamsCommandsTest,xclaimWithParams,Feature Envy,"checkstyle,experts",src/test/java/redis/clients/jedis/tests/commands/StreamsCommandsTest.java,src/test/java/redis/clients/jedis/tests/commands/StreamsCommandsTest.java.StreamsCommandsTest.xclaimWithParams.Feature Envy,3.6.0-rc1,4.0.0-beta1,4.0.0-RC1,8
jedis,4.0.0-beta1,redis.clients.jedis.tests.commands,StreamsCommandsTest,xinfo,Feature Envy,"checkstyle,experts",src/test/java/redis/clients/jedis/tests/commands/StreamsCommandsTest.java,src/test/java/redis/clients/jedis/tests/commands/StreamsCommandsTest.java.StreamsCommandsTest.xinfo.Feature Envy,4.0.0-beta1,4.0.0-beta1,4.0.0-RC1,1
jedis,3.3.0,redis.clients.jedis.tests.commands,StreamsCommandsTest,xinfoBinary,Feature Envy,"checkstyle,experts",src/test/java/redis/clients/jedis/tests/commands/StreamsCommandsTest.java,src/test/java/redis/clients/jedis/tests/commands/StreamsCommandsTest.java.StreamsCommandsTest.xinfoBinary.Feature Envy,3.3.0,3.10.0,4.0.0-beta1,10
jedis,3.6.0-rc1,redis.clients.jedis.tests.commands,StreamsCommandsTest,xpendingWithParams,Feature Envy,"checkstyle,experts",src/test/java/redis/clients/jedis/tests/commands/StreamsCommandsTest.java,src/test/java/redis/clients/jedis/tests/commands/StreamsCommandsTest.java.StreamsCommandsTest.xpendingWithParams.Feature Envy,3.6.0-rc1,4.0.0-beta1,4.0.0-RC1,8
jedis,3.6.0-rc1,redis.clients.jedis.tests.commands,StreamsCommandsTest,xreadGroupWithParams,Feature Envy,"checkstyle,experts",src/test/java/redis/clients/jedis/tests/commands/StreamsCommandsTest.java,src/test/java/redis/clients/jedis/tests/commands/StreamsCommandsTest.java.StreamsCommandsTest.xreadGroupWithParams.Feature Envy,3.6.0-rc1,4.0.0-beta1,4.0.0-RC1,8
jedis,3.6.0-rc1,redis.clients.jedis.tests.commands,StreamsCommandsTest,xreadWithParams,Feature Envy,"checkstyle,experts",src/test/java/redis/clients/jedis/tests/commands/StreamsCommandsTest.java,src/test/java/redis/clients/jedis/tests/commands/StreamsCommandsTest.java.StreamsCommandsTest.xreadWithParams.Feature Envy,3.6.0-rc1,4.0.0-beta1,4.0.0-RC1,8
jedis,3.6.0-rc1,redis.clients.jedis.tests.commands,StreamsCommandsTest,xtrimWithParams,Feature Envy,"checkstyle,experts",src/test/java/redis/clients/jedis/tests/commands/StreamsCommandsTest.java,src/test/java/redis/clients/jedis/tests/commands/StreamsCommandsTest.java.StreamsCommandsTest.xtrimWithParams.Feature Envy,3.6.0-rc1,4.0.0-beta1,4.0.0-RC1,8
jedis,1.0.0,redis.clients.jedis.tests.commands,StringValuesCommandsTest,,God Class,"pmd,experts",src/test/java/redis/clients/jedis/tests/commands/StringValuesCommandsTest.java,src/test/java/redis/clients/jedis/tests/commands/StringValuesCommandsTest.java.StringValuesCommandsTest..God Class,1.0.0,4.0.0-beta1,4.0.0-RC1,34
jedis,3.6.0-rc1,redis.clients.jedis.tests.commands,StringValuesCommandsTest,getEx,Feature Envy,"checkstyle,experts",src/test/java/redis/clients/jedis/tests/commands/StringValuesCommandsTest.java,src/test/java/redis/clients/jedis/tests/commands/StringValuesCommandsTest.java.StringValuesCommandsTest.getEx.Feature Envy,3.6.0-rc1,4.0.0-beta1,4.0.0-RC1,8
jedis,1.0.0,redis.clients.jedis.tests.commands,StringValuesCommandsTest,mget,Long Method,"Decor,experts",src/test/java/redis/clients/jedis/tests/commands/StringValuesCommandsTest.java,src/test/java/redis/clients/jedis/tests/commands/StringValuesCommandsTest.java.StringValuesCommandsTest.mget.Long Method,1.0.0,4.0.0-beta1,4.0.0-RC1,34
jedis,3.7.0-RC1,redis.clients.jedis.tests.commands,StringValuesCommandsTest,strAlgoLcsWithIdx,Feature Envy,"checkstyle,experts",src/test/java/redis/clients/jedis/tests/commands/StringValuesCommandsTest.java,src/test/java/redis/clients/jedis/tests/commands/StringValuesCommandsTest.java.StringValuesCommandsTest.strAlgoLcsWithIdx.Feature Envy,3.7.0-RC1,4.0.0-beta1,4.0.0-RC1,6
jedis,3.7.0-RC1,redis.clients.jedis.tests.commands,StringValuesCommandsTest,strAlgoLcsWithKeyAndIdx,Feature Envy,"checkstyle,experts",src/test/java/redis/clients/jedis/tests/commands/StringValuesCommandsTest.java,src/test/java/redis/clients/jedis/tests/commands/StringValuesCommandsTest.java.StringValuesCommandsTest.strAlgoLcsWithKeyAndIdx.Feature Envy,3.7.0-RC1,4.0.0-beta1,4.0.0-RC1,6
jedis,2.1.0,redis.clients.jedis.tests.commands,TransactionCommandsTest,,God Class,"pmd,experts",src/test/java/redis/clients/jedis/tests/commands/TransactionCommandsTest.java,src/test/java/redis/clients/jedis/tests/commands/TransactionCommandsTest.java.TransactionCommandsTest..God Class,2.1.0,3.10.0,4.0.0-beta1,27
jedis,2.1.0,redis.clients.jedis.tests.commands,TransactionCommandsTest,execGetResponse,Feature Envy,"checkstyle,experts",src/test/java/redis/clients/jedis/tests/commands/TransactionCommandsTest.java,src/test/java/redis/clients/jedis/tests/commands/TransactionCommandsTest.java.TransactionCommandsTest.execGetResponse.Feature Envy,2.1.0,3.10.0,4.0.0-beta1,27
jedis,1.0.0,redis.clients.jedis.tests.commands,TransactionCommandsTest,multi,Feature Envy,"checkstyle,experts",src/test/java/redis/clients/jedis/tests/commands/TransactionCommandsTest.java,src/test/java/redis/clients/jedis/tests/commands/TransactionCommandsTest.java.TransactionCommandsTest.multi.Feature Envy,1.0.0,3.10.0,4.0.0-beta1,33
jedis,2.1.0,redis.clients.jedis.tests.commands,TransactionCommandsTest,select,Feature Envy,"checkstyle,experts",src/test/java/redis/clients/jedis/tests/commands/TransactionCommandsTest.java,src/test/java/redis/clients/jedis/tests/commands/TransactionCommandsTest.java.TransactionCommandsTest.select.Feature Envy,2.1.0,3.10.0,4.0.0-beta1,27
jedis,1.3.0,redis.clients.jedis.tests.commands,TransactionCommandsTest,setUp,Feature Envy,"designitejava,checkstyle,experts",src/test/java/redis/clients/jedis/tests/commands/TransactionCommandsTest.java,src/test/java/redis/clients/jedis/tests/commands/TransactionCommandsTest.java.TransactionCommandsTest.setUp.Feature Envy,1.3.0,3.10.0,4.0.0-beta1,32
jedis,2.8.0,redis.clients.jedis.tests.commands,TransactionCommandsTest,testCloseable,Feature Envy,"checkstyle,experts",src/test/java/redis/clients/jedis/tests/commands/TransactionCommandsTest.java,src/test/java/redis/clients/jedis/tests/commands/TransactionCommandsTest.java.TransactionCommandsTest.testCloseable.Feature Envy,2.8.0,3.10.0,4.0.0-beta1,20
jedis,2.3.0,redis.clients.jedis.tests.commands,TransactionCommandsTest,testResetStateWhenInWatch,Feature Envy,"checkstyle,experts",src/test/java/redis/clients/jedis/tests/commands/TransactionCommandsTest.java,src/test/java/redis/clients/jedis/tests/commands/TransactionCommandsTest.java.TransactionCommandsTest.testResetStateWhenInWatch.Feature Envy,2.3.0,3.10.0,4.0.0-beta1,25
jedis,2.7.0,redis.clients.jedis.tests.commands,TransactionCommandsTest,testResetStateWithFullyExecutedTransaction,Feature Envy,"checkstyle,experts",src/test/java/redis/clients/jedis/tests/commands/TransactionCommandsTest.java,src/test/java/redis/clients/jedis/tests/commands/TransactionCommandsTest.java.TransactionCommandsTest.testResetStateWithFullyExecutedTransaction.Feature Envy,2.7.0,3.10.0,4.0.0-beta1,21
jedis,3.1.0-rc,redis.clients.jedis.tests.commands,TransactionCommandsTest,testTransactionWithGeneralCommand,Feature Envy,"checkstyle,experts",src/test/java/redis/clients/jedis/tests/commands/TransactionCommandsTest.java,src/test/java/redis/clients/jedis/tests/commands/TransactionCommandsTest.java.TransactionCommandsTest.testTransactionWithGeneralCommand.Feature Envy,3.1.0-rc,3.10.0,4.0.0-beta1,13
jedis,2.0.0,redis.clients.jedis.tests.commands,TransactionCommandsTest,transactionResponse,Feature Envy,"checkstyle,experts",src/test/java/redis/clients/jedis/tests/commands/TransactionCommandsTest.java,src/test/java/redis/clients/jedis/tests/commands/TransactionCommandsTest.java.TransactionCommandsTest.transactionResponse.Feature Envy,2.0.0,3.10.0,4.0.0-beta1,28
jedis,2.0.0,redis.clients.jedis.tests.commands,TransactionCommandsTest,transactionResponseBinary,Feature Envy,"checkstyle,experts",src/test/java/redis/clients/jedis/tests/commands/TransactionCommandsTest.java,src/test/java/redis/clients/jedis/tests/commands/TransactionCommandsTest.java.TransactionCommandsTest.transactionResponseBinary.Feature Envy,2.0.0,3.10.0,4.0.0-beta1,28
jedis,2.1.0,redis.clients.jedis.tests.commands,TransactionCommandsTest,transactionResponseWithError,Feature Envy,"checkstyle,experts",src/test/java/redis/clients/jedis/tests/commands/TransactionCommandsTest.java,src/test/java/redis/clients/jedis/tests/commands/TransactionCommandsTest.java.TransactionCommandsTest.transactionResponseWithError.Feature Envy,2.1.0,3.10.0,4.0.0-beta1,27
jedis,3.1.0-rc,redis.clients.jedis.tests.commands,TransactionCommandsTest,transactionResponseWithErrorWithGeneralCommand,Feature Envy,"checkstyle,experts",src/test/java/redis/clients/jedis/tests/commands/TransactionCommandsTest.java,src/test/java/redis/clients/jedis/tests/commands/TransactionCommandsTest.java.TransactionCommandsTest.transactionResponseWithErrorWithGeneralCommand.Feature Envy,3.1.0-rc,3.10.0,4.0.0-beta1,13
jedis,1.0.0,redis.clients.jedis.tests.commands,TransactionCommandsTest,unwatch,Feature Envy,"checkstyle,experts",src/test/java/redis/clients/jedis/tests/commands/TransactionCommandsTest.java,src/test/java/redis/clients/jedis/tests/commands/TransactionCommandsTest.java.TransactionCommandsTest.unwatch.Feature Envy,1.0.0,3.10.0,4.0.0-beta1,33
jedis,1.0.0,redis.clients.jedis.tests.commands,TransactionCommandsTest,unwatch,Long Method,"Decor,experts",src/test/java/redis/clients/jedis/tests/commands/TransactionCommandsTest.java,src/test/java/redis/clients/jedis/tests/commands/TransactionCommandsTest.java.TransactionCommandsTest.unwatch.Long Method,1.0.0,3.10.0,4.0.0-beta1,33
jedis,3.2.0,redis.clients.jedis.tests.commands,TransactionCommandsTest,unwatchWithinMulti,Feature Envy,"checkstyle,experts",src/test/java/redis/clients/jedis/tests/commands/TransactionCommandsTest.java,src/test/java/redis/clients/jedis/tests/commands/TransactionCommandsTest.java.TransactionCommandsTest.unwatchWithinMulti.Feature Envy,3.2.0,3.10.0,4.0.0-beta1,11
jedis,1.0.0,redis.clients.jedis.tests.commands,TransactionCommandsTest,watch,Feature Envy,"checkstyle,experts",src/test/java/redis/clients/jedis/tests/commands/TransactionCommandsTest.java,src/test/java/redis/clients/jedis/tests/commands/TransactionCommandsTest.java.TransactionCommandsTest.watch.Feature Envy,1.0.0,3.10.0,4.0.0-beta1,33
jedis,2.1.0,redis.clients.jedis.tests.commands,VariadicCommandsTest,zrem,Long Method,"Decor,experts",src/test/java/redis/clients/jedis/tests/commands/VariadicCommandsTest.java,src/test/java/redis/clients/jedis/tests/commands/VariadicCommandsTest.java.VariadicCommandsTest.zrem.Long Method,2.1.0,4.0.0-beta1,4.0.0-RC1,28
jedis,3.6.0-rc1,redis.clients.jedis.tests.params,ParamsTest,toStringTest,Feature Envy,"checkstyle,experts",src/test/java/redis/clients/jedis/tests/params/ParamsTest.java,src/test/java/redis/clients/jedis/tests/params/ParamsTest.java.ParamsTest.toStringTest.Feature Envy,3.6.0-rc1,4.0.0-beta1,4.0.0-RC1,8
jedis,2.10.0-m1,redis.clients.jedis.tests.utils,ByteArrayComparatorTest,test,Feature Envy,"checkstyle,experts",src/test/java/redis/clients/jedis/tests/utils/ByteArrayComparatorTest.java,src/test/java/redis/clients/jedis/tests/utils/ByteArrayComparatorTest.java.ByteArrayComparatorTest.test.Feature Envy,2.10.0-m1,4.0.0-beta1,4.0.0-RC1,19
jedis,3.0.0-m1,redis.clients.jedis.tests.utils,JedisClusterCRC16Test,testBinaryHashtagGetSlot,Feature Envy,"checkstyle,experts",src/test/java/redis/clients/jedis/tests/utils/JedisClusterCRC16Test.java,src/test/java/redis/clients/jedis/tests/utils/JedisClusterCRC16Test.java.JedisClusterCRC16Test.testBinaryHashtagGetSlot.Feature Envy,3.0.0-m1,4.0.0-beta1,4.0.0-RC1,17
jedis,3.0.0-m1,redis.clients.jedis.tests.utils,JedisClusterCRC16Test,testRedisHashtagGetSlot,Feature Envy,"checkstyle,experts",src/test/java/redis/clients/jedis/tests/utils/JedisClusterCRC16Test.java,src/test/java/redis/clients/jedis/tests/utils/JedisClusterCRC16Test.java.JedisClusterCRC16Test.testRedisHashtagGetSlot.Feature Envy,3.0.0-m1,4.0.0-beta1,4.0.0-RC1,17
jedis,2.3.0,redis.clients.jedis.tests.utils,JedisSentinelTestUtil,waitForNewPromotedMaster,Feature Envy,"checkstyle,experts",src/test/java/redis/clients/jedis/tests/utils/JedisSentinelTestUtil.java,src/test/java/redis/clients/jedis/tests/utils/JedisSentinelTestUtil.java.JedisSentinelTestUtil.waitForNewPromotedMaster.Feature Envy,2.3.0,2.4.0,2.5.0,2
jedis,2.3.0,redis.clients.jedis.tests.utils,JedisSentinelTestUtil,waitForSentinelRecognizeRedisReplication,Feature Envy,"checkstyle,experts",src/test/java/redis/clients/jedis/tests/utils/JedisSentinelTestUtil.java,src/test/java/redis/clients/jedis/tests/utils/JedisSentinelTestUtil.java.JedisSentinelTestUtil.waitForSentinelRecognizeRedisReplication.Feature Envy,2.3.0,2.4.0,2.5.0,2
jedis,2.7.0,redis.clients.jedis.tests.utils,JedisURIHelperTest,shouldValidateInvalidURIs,Feature Envy,"checkstyle,experts",src/test/java/redis/clients/jedis/tests/utils/JedisURIHelperTest.java,src/test/java/redis/clients/jedis/tests/utils/JedisURIHelperTest.java.JedisURIHelperTest.shouldValidateInvalidURIs.Feature Envy,2.7.0,4.0.0-beta1,4.0.0-RC1,22
jedis,5.2.0-beta1,redis.clients.jedis.util,AssertUtil,assertPipelineSyncAll,Complex Method,"designitejava,pmd,experts",src/test/java/redis/clients/jedis/util/AssertUtil.java,src/test/java/redis/clients/jedis/util/AssertUtil.java.AssertUtil.assertPipelineSyncAll.Complex Method,5.2.0-beta1,5.3.0-beta1,5.3.0-beta1,3
jedis,5.2.0-beta1,redis.clients.jedis.util,AssertUtil,assertPipelineSyncAll,Long Method,"Decor,experts",src/test/java/redis/clients/jedis/util/AssertUtil.java,src/test/java/redis/clients/jedis/util/AssertUtil.java.AssertUtil.assertPipelineSyncAll.Long Method,5.2.0-beta1,5.3.0-beta1,5.3.0-beta1,3
