Project,Version,Package Name,Type Name,Method Name,Smell,checker,File Path,SmellID,begin,end,disappear,gap
jsoup,1.3.1,org.jsoup,Connection,,God Class,"pmd,experts",src/main/java/org/jsoup/Connection.java,src/main/java/org/jsoup/Connection.java.Connection..God Class,1.3.1,1.19.1,1.19.1,21
jsoup,0.1.1,org.jsoup,DataUtil,load,Long Method,"Decor,experts",src/main/java/org/jsoup/DataUtil.java,src/main/java/org/jsoup/DataUtil.java.DataUtil.load.Long Method,0.1.1,1.2.1,1.3.1,7
jsoup,1.3.1,org.jsoup,Jsoup,,God Class,"pmd,experts",src/main/java/org/jsoup/Jsoup.java,src/main/java/org/jsoup/Jsoup.java.Jsoup..God Class,1.3.1,1.19.1,1.19.1,21
jsoup,1.7.1,org.jsoup.examples,HtmlToPlainText,append,Complex Method,"pmd,experts",src/main/java/org/jsoup/examples/HtmlToPlainText.java,src/main/java/org/jsoup/examples/HtmlToPlainText.java.HtmlToPlainText.append.Complex Method,1.7.1,1.19.1,1.19.1,17
jsoup,1.19.1,org.jsoup.examples,HtmlToPlainText,trimParents,Feature Envy,"checkstyle,experts",src/main/java/org/jsoup/examples/HtmlToPlainText.java,src/main/java/org/jsoup/examples/HtmlToPlainText.java.HtmlToPlainText.trimParents.Feature Envy,1.19.1,1.19.1,1.19.1,1
jsoup,0.2.1a,org.jsoup.examples,ListLinks,main,Feature Envy,"checkstyle,experts",src/main/java/org/jsoup/examples/ListLinks.java,src/main/java/org/jsoup/examples/ListLinks.java.ListLinks.main.Feature Envy,0.2.1a,1.19.1,1.19.1,27
jsoup,0.2.1a,org.jsoup.examples,ListLinks,main,Long Method,"Decor,experts",src/main/java/org/jsoup/examples/ListLinks.java,src/main/java/org/jsoup/examples/ListLinks.java.ListLinks.main.Long Method,0.2.1a,1.19.1,1.19.1,27
jsoup,1.11.1,org.jsoup.helper,ChangeNotifyingArrayList,,God Class,"pmd,experts",src/main/java/org/jsoup/helper/ChangeNotifyingArrayList.java,src/main/java/org/jsoup/helper/ChangeNotifyingArrayList.java.ChangeNotifyingArrayList..God Class,1.11.1,1.19.1,1.19.1,9
jsoup,1.14.1,org.jsoup.helper,CookieUtil,applyCookiesToRequest,Long Method,"Decor,experts",src/main/java/org/jsoup/helper/CookieUtil.java,src/main/java/org/jsoup/helper/CookieUtil.java.CookieUtil.applyCookiesToRequest.Long Method,1.14.1,1.19.1,1.19.1,6
jsoup,1.8.2,org.jsoup.helper,DataUtil,,God Class,"pmd,experts",src/main/java/org/jsoup/helper/DataUtil.java,src/main/java/org/jsoup/helper/DataUtil.java.DataUtil..God Class,1.8.2,1.19.1,1.19.1,15
jsoup,1.18.1,org.jsoup.helper,DataUtil,detectCharset,Complex Method,"designitejava,pmd,checkstyle,experts",src/main/java/org/jsoup/helper/DataUtil.java,src/main/java/org/jsoup/helper/DataUtil.java.DataUtil.detectCharset.Complex Method,1.18.1,1.19.1,1.19.1,2
jsoup,1.10.1,org.jsoup.helper,DataUtil,detectCharsetFromBom,Complex Method,"checkstyle,experts",src/main/java/org/jsoup/helper/DataUtil.java,src/main/java/org/jsoup/helper/DataUtil.java.DataUtil.detectCharsetFromBom.Complex Method,1.10.1,1.19.1,1.19.1,10
jsoup,1.19.1,org.jsoup.helper,DataUtil,detectCharsetFromBom,Feature Envy,"checkstyle,experts",src/main/java/org/jsoup/helper/DataUtil.java,src/main/java/org/jsoup/helper/DataUtil.java.DataUtil.detectCharsetFromBom.Feature Envy,1.19.1,1.19.1,1.19.1,1
jsoup,1.7.1,org.jsoup.helper,DataUtil,parseByteData,Complex Method,"pmd,experts",src/main/java/org/jsoup/helper/DataUtil.java,src/main/java/org/jsoup/helper/DataUtil.java.DataUtil.parseByteData.Complex Method,1.7.1,1.10.1,1.11.1,8
jsoup,1.8.1.a,org.jsoup.helper,DataUtil,parseByteData,Feature Envy,"checkstyle,experts",src/main/java/org/jsoup/helper/DataUtil.java,src/main/java/org/jsoup/helper/DataUtil.java.DataUtil.parseByteData.Feature Envy,1.8.1.a,1.9.1,1.10.1,6
jsoup,1.3.1,org.jsoup.helper,DataUtil,parseByteData,Long Method,"Decor,experts",src/main/java/org/jsoup/helper/DataUtil.java,src/main/java/org/jsoup/helper/DataUtil.java.DataUtil.parseByteData.Long Method,1.3.1,1.10.1,1.11.1,12
jsoup,1.11.1,org.jsoup.helper,DataUtil,parseInputStream,Complex Method,"designitejava,pmd,checkstyle,experts",src/main/java/org/jsoup/helper/DataUtil.java,src/main/java/org/jsoup/helper/DataUtil.java.DataUtil.parseInputStream.Complex Method,1.11.1,1.17.1,1.18.1,7
jsoup,1.11.1,org.jsoup.helper,Base,looksLikeUtf8,Complex Method,"checkstyle,experts",src/main/java/org/jsoup/helper/HttpConnection.java,src/main/java/org/jsoup/helper/HttpConnection.java.Base.looksLikeUtf8.Complex Method,1.11.1,1.16.1,1.17.1,6
jsoup,1.3.1,org.jsoup.helper,HttpConnection,,God Class,"pmd,experts",src/main/java/org/jsoup/helper/HttpConnection.java,src/main/java/org/jsoup/helper/HttpConnection.java.HttpConnection..God Class,1.3.1,1.19.1,1.19.1,21
jsoup,1.5.1,org.jsoup.helper,HttpConnection,execute,Complex Method,"pmd,experts",src/main/java/org/jsoup/helper/HttpConnection.java,src/main/java/org/jsoup/helper/HttpConnection.java.HttpConnection.execute.Complex Method,1.5.1,1.19.1,1.19.1,19
jsoup,1.11.1,org.jsoup.helper,HttpConnection,looksLikeUtf8,Complex Method,"pmd,experts",src/main/java/org/jsoup/helper/HttpConnection.java,src/main/java/org/jsoup/helper/HttpConnection.java.HttpConnection.looksLikeUtf8.Complex Method,1.11.1,1.19.1,1.19.1,9
jsoup,1.6.0,org.jsoup.helper,HttpConnection,processResponseHeaders,Complex Method,"pmd,experts",src/main/java/org/jsoup/helper/HttpConnection.java,src/main/java/org/jsoup/helper/HttpConnection.java.HttpConnection.processResponseHeaders.Complex Method,1.6.0,1.18.1,1.19.1,17
jsoup,1.5.1,org.jsoup.helper,HttpConnection,setupFromConnection,Complex Method,"pmd,experts",src/main/java/org/jsoup/helper/HttpConnection.java,src/main/java/org/jsoup/helper/HttpConnection.java.HttpConnection.setupFromConnection.Complex Method,1.5.1,1.5.1,1.6.0,1
jsoup,1.9.1a,org.jsoup.helper,HttpConnection,writePost,Complex Method,"pmd,experts",src/main/java/org/jsoup/helper/HttpConnection.java,src/main/java/org/jsoup/helper/HttpConnection.java.HttpConnection.writePost.Complex Method,1.9.1a,1.19.1,1.19.1,12
jsoup,1.8.3a,org.jsoup.helper,Response,,God Class,"checkstyle,experts",src/main/java/org/jsoup/helper/HttpConnection.java,src/main/java/org/jsoup/helper/HttpConnection.java.Response..God Class,1.8.3a,1.19.1,1.19.1,14
jsoup,1.8.2,org.jsoup.helper,Response,createConnection,Feature Envy,"checkstyle,experts",src/main/java/org/jsoup/helper/HttpConnection.java,src/main/java/org/jsoup/helper/HttpConnection.java.Response.createConnection.Feature Envy,1.8.2,1.18.1,1.19.1,14
jsoup,1.3.1,org.jsoup.helper,Response,execute,Complex Method,"checkstyle,experts",src/main/java/org/jsoup/helper/HttpConnection.java,src/main/java/org/jsoup/helper/HttpConnection.java.Response.execute.Complex Method,1.3.1,1.19.1,1.19.1,21
jsoup,1.3.1,org.jsoup.helper,Response,execute,Feature Envy,"checkstyle,experts",src/main/java/org/jsoup/helper/HttpConnection.java,src/main/java/org/jsoup/helper/HttpConnection.java.Response.execute.Feature Envy,1.3.1,1.19.1,1.19.1,21
jsoup,1.17.1,org.jsoup.helper,Response,looksLikeUtf8,Complex Method,"checkstyle,experts",src/main/java/org/jsoup/helper/HttpConnection.java,src/main/java/org/jsoup/helper/HttpConnection.java.Response.looksLikeUtf8.Complex Method,1.17.1,1.19.1,1.19.1,3
jsoup,1.9.1a,org.jsoup.helper,Response,processResponseHeaders,Complex Method,"checkstyle,experts",src/main/java/org/jsoup/helper/HttpConnection.java,src/main/java/org/jsoup/helper/HttpConnection.java.Response.processResponseHeaders.Complex Method,1.9.1a,1.10.1,1.11.1,3
jsoup,1.11.1,org.jsoup.helper,Response,serialiseRequestUrl,Feature Envy,"checkstyle,experts",src/main/java/org/jsoup/helper/HttpConnection.java,src/main/java/org/jsoup/helper/HttpConnection.java.Response.serialiseRequestUrl.Feature Envy,1.11.1,1.15.1,1.16.1,5
jsoup,1.8.2,org.jsoup.helper,Response,writePost,Feature Envy,"checkstyle,experts",src/main/java/org/jsoup/helper/HttpConnection.java,src/main/java/org/jsoup/helper/HttpConnection.java.Response.writePost.Feature Envy,1.8.2,1.19.1,1.19.1,15
jsoup,1.8.3a,org.jsoup.helper,StringUtil,,God Class,"pmd,experts",src/main/java/org/jsoup/helper/StringUtil.java,src/main/java/org/jsoup/helper/StringUtil.java.StringUtil..God Class,1.8.3a,1.11.1,1.12.1,6
jsoup,1.8.1.a,org.jsoup.helper,StringUtil,appendNormalisedWhitespace,Long Method,"Decor,experts",src/main/java/org/jsoup/helper/StringUtil.java,src/main/java/org/jsoup/helper/StringUtil.java.StringUtil.appendNormalisedWhitespace.Long Method,1.8.1.a,1.8.1.a,1.8.2,1
jsoup,1.3.1,org.jsoup.helper,StringUtil,normaliseWhitespace,Long Method,"Decor,experts",src/main/java/org/jsoup/helper/StringUtil.java,src/main/java/org/jsoup/helper/StringUtil.java.StringUtil.normaliseWhitespace.Long Method,1.3.1,1.7.1,1.8.1.a,5
jsoup,1.18.1,org.jsoup.helper,UrlBuilder,appendToAscii,Complex Method,"pmd,checkstyle,experts",src/main/java/org/jsoup/helper/UrlBuilder.java,src/main/java/org/jsoup/helper/UrlBuilder.java.UrlBuilder.appendToAscii.Complex Method,1.18.1,1.19.1,1.19.1,2
jsoup,1.16.1,org.jsoup.helper,UrlBuilder,build,Feature Envy,"checkstyle,experts",src/main/java/org/jsoup/helper/UrlBuilder.java,src/main/java/org/jsoup/helper/UrlBuilder.java.UrlBuilder.build.Feature Envy,1.16.1,1.19.1,1.19.1,4
jsoup,1.19.1,org.jsoup.helper,UrlConnectionExecutor,execute,Long Method,"Decor,experts",src/main/java/org/jsoup/helper/UrlConnectionExecutor.java,src/main/java/org/jsoup/helper/UrlConnectionExecutor.java.UrlConnectionExecutor.execute.Long Method,1.19.1,1.19.1,1.19.1,1
jsoup,1.16.1,org.jsoup.helper,Validate,,God Class,"pmd,experts",src/main/java/org/jsoup/helper/Validate.java,src/main/java/org/jsoup/helper/Validate.java.Validate..God Class,1.16.1,1.19.1,1.19.1,4
jsoup,1.19.1,org.jsoup.helper,W3CBuilder,copyAttributes,Feature Envy,"checkstyle,experts",src/main/java/org/jsoup/helper/W3CDom.java,src/main/java/org/jsoup/helper/W3CDom.java.W3CBuilder.copyAttributes.Feature Envy,1.19.1,1.19.1,1.19.1,1
jsoup,1.15.1,org.jsoup.helper,W3CDom,,God Class,"pmd,experts",src/main/java/org/jsoup/helper/W3CDom.java,src/main/java/org/jsoup/helper/W3CDom.java.W3CDom..God Class,1.15.1,1.19.1,1.19.1,5
jsoup,1.13.1,org.jsoup.helper,W3CDom,asString,Feature Envy,"checkstyle,experts",src/main/java/org/jsoup/helper/W3CDom.java,src/main/java/org/jsoup/helper/W3CDom.java.W3CDom.asString.Feature Envy,1.13.1,1.19.1,1.19.1,7
jsoup,1.13.1,org.jsoup.helper,W3CDom,asString,Long Method,"Decor,experts",src/main/java/org/jsoup/helper/W3CDom.java,src/main/java/org/jsoup/helper/W3CDom.java.W3CDom.asString.Long Method,1.13.1,1.19.1,1.19.1,7
jsoup,1.11.1,org.jsoup.internal,ConstrainableInputStream,readToByteBuffer,Long Method,"Decor,experts",src/main/java/org/jsoup/internal/ConstrainableInputStream.java,src/main/java/org/jsoup/internal/ConstrainableInputStream.java.ConstrainableInputStream.readToByteBuffer.Long Method,1.11.1,1.16.1,1.17.1,6
jsoup,1.19.1,org.jsoup.internal,ControllableInputStream,,God Class,"pmd,experts",src/main/java/org/jsoup/internal/ControllableInputStream.java,src/main/java/org/jsoup/internal/ControllableInputStream.java.ControllableInputStream..God Class,1.19.1,1.19.1,1.19.1,1
jsoup,1.18.1,org.jsoup.internal,ControllableInputStream,read,Complex Method,"designitejava,checkstyle,experts",src/main/java/org/jsoup/internal/ControllableInputStream.java,src/main/java/org/jsoup/internal/ControllableInputStream.java.ControllableInputStream.read.Complex Method,1.18.1,1.19.1,1.19.1,2
jsoup,1.18.1,org.jsoup.internal,ControllableInputStream,read,Long Method,"Decor,experts",src/main/java/org/jsoup/internal/ControllableInputStream.java,src/main/java/org/jsoup/internal/ControllableInputStream.java.ControllableInputStream.read.Long Method,1.18.1,1.18.1,1.19.1,1
jsoup,1.17.1,org.jsoup.internal,ControllableInputStream,readToByteBuffer,Long Method,"Decor,experts",src/main/java/org/jsoup/internal/ControllableInputStream.java,src/main/java/org/jsoup/internal/ControllableInputStream.java.ControllableInputStream.readToByteBuffer.Long Method,1.17.1,1.19.1,1.19.1,3
jsoup,1.19.1,org.jsoup.internal,SimpleBufferedInput,fill,Complex Method,"designitejava,pmd,experts",src/main/java/org/jsoup/internal/SimpleBufferedInput.java,src/main/java/org/jsoup/internal/SimpleBufferedInput.java.SimpleBufferedInput.fill.Complex Method,1.19.1,1.19.1,1.19.1,1
jsoup,1.19.1,org.jsoup.internal,SimpleBufferedInput,fill,Long Method,"Decor,experts",src/main/java/org/jsoup/internal/SimpleBufferedInput.java,src/main/java/org/jsoup/internal/SimpleBufferedInput.java.SimpleBufferedInput.fill.Long Method,1.19.1,1.19.1,1.19.1,1
jsoup,1.12.1,org.jsoup.internal,StringUtil,,God Class,"pmd,experts",src/main/java/org/jsoup/internal/StringUtil.java,src/main/java/org/jsoup/internal/StringUtil.java.StringUtil..God Class,1.12.1,1.19.1,1.19.1,8
jsoup,1.11.1,org.jsoup.nodes,Attribute,,God Class,"pmd,experts",src/main/java/org/jsoup/nodes/Attribute.java,src/main/java/org/jsoup/nodes/Attribute.java.Attribute..God Class,1.11.1,1.19.1,1.19.1,9
jsoup,1.19.1,org.jsoup.nodes,Attribute,isValidHtmlKey,Complex Method,"checkstyle,experts",src/main/java/org/jsoup/nodes/Attribute.java,src/main/java/org/jsoup/nodes/Attribute.java.Attribute.isValidHtmlKey.Complex Method,1.19.1,1.19.1,1.19.1,1
jsoup,1.19.1,org.jsoup.nodes,Attribute,isValidXmlKey,Complex Method,"checkstyle,experts",src/main/java/org/jsoup/nodes/Attribute.java,src/main/java/org/jsoup/nodes/Attribute.java.Attribute.isValidXmlKey.Complex Method,1.19.1,1.19.1,1.19.1,1
jsoup,1.18.1,org.jsoup.nodes,Attribute,setKey,Feature Envy,"designitejava,experts",src/main/java/org/jsoup/nodes/Attribute.java,src/main/java/org/jsoup/nodes/Attribute.java.Attribute.setKey.Feature Envy,1.18.1,1.19.1,1.19.1,2
jsoup,0.1.1,org.jsoup.nodes,Attributes,,God Class,"pmd,experts",src/main/java/org/jsoup/nodes/Attributes.java,src/main/java/org/jsoup/nodes/Attributes.java.Attributes..God Class,0.1.1,1.19.1,1.19.1,28
jsoup,1.15.1,org.jsoup.nodes,Attributes,equals,Complex Method,"designitejava,experts",src/main/java/org/jsoup/nodes/Attributes.java,src/main/java/org/jsoup/nodes/Attributes.java.Attributes.equals.Complex Method,1.15.1,1.18.1,1.19.1,4
jsoup,1.15.1,org.jsoup.nodes,Attributes,equals,Long Method,"Decor,experts",src/main/java/org/jsoup/nodes/Attributes.java,src/main/java/org/jsoup/nodes/Attributes.java.Attributes.equals.Long Method,1.15.1,1.18.1,1.19.1,4
jsoup,1.19.1,org.jsoup.nodes,Attributes,iterator,Long Method,"Decor,experts",src/main/java/org/jsoup/nodes/Attributes.java,src/main/java/org/jsoup/nodes/Attributes.java.Attributes.iterator.Long Method,1.19.1,1.19.1,1.19.1,1
jsoup,0.3.1,org.jsoup.nodes,Document,,God Class,"pmd,experts",src/main/java/org/jsoup/nodes/Document.java,src/main/java/org/jsoup/nodes/Document.java.Document..God Class,0.3.1,1.19.1,1.19.1,24
jsoup,1.8.2,org.jsoup.nodes,Document,ensureMetaCharsetElement,Complex Method,"designitejava,pmd,experts",src/main/java/org/jsoup/nodes/Document.java,src/main/java/org/jsoup/nodes/Document.java.Document.ensureMetaCharsetElement.Complex Method,1.8.2,1.18.1,1.19.1,14
jsoup,1.8.2,org.jsoup.nodes,Document,ensureMetaCharsetElement,Long Method,"Decor,experts",src/main/java/org/jsoup/nodes/Document.java,src/main/java/org/jsoup/nodes/Document.java.Document.ensureMetaCharsetElement.Long Method,1.8.2,1.18.1,1.19.1,14
jsoup,1.4.1,org.jsoup.nodes,Document,normaliseStructure,Feature Envy,"checkstyle,experts",src/main/java/org/jsoup/nodes/Document.java,src/main/java/org/jsoup/nodes/Document.java.Document.normaliseStructure.Feature Envy,1.4.1,1.16.1,1.17.1,17
jsoup,1.11.1,org.jsoup.nodes,DocumentType,DocumentType,Feature Envy,"checkstyle,experts",src/main/java/org/jsoup/nodes/DocumentType.java,src/main/java/org/jsoup/nodes/DocumentType.java.DocumentType.DocumentType.Feature Envy,1.11.1,1.18.1,1.19.1,8
jsoup,1.11.1,org.jsoup.nodes,DocumentType,DocumentType,Long Parameter List,"designitejava,experts",src/main/java/org/jsoup/nodes/DocumentType.java,src/main/java/org/jsoup/nodes/DocumentType.java.DocumentType.DocumentType.Long Parameter List,1.11.1,1.12.1,1.13.1,2
jsoup,1.8.1.a,org.jsoup.nodes,DocumentType,outerHtmlHead,Feature Envy,"checkstyle,experts",src/main/java/org/jsoup/nodes/DocumentType.java,src/main/java/org/jsoup/nodes/DocumentType.java.DocumentType.outerHtmlHead.Feature Envy,1.8.1.a,1.8.1.a,1.8.2,1
jsoup,0.1.1,org.jsoup.nodes,Element,,God Class,"pmd,checkstyle,experts",src/main/java/org/jsoup/nodes/Element.java,src/main/java/org/jsoup/nodes/Element.java.Element..God Class,0.1.1,1.19.1,1.19.1,28
jsoup,1.16.1,org.jsoup.nodes,Element,cssSelector,Complex Method,"designitejava,experts",src/main/java/org/jsoup/nodes/Element.java,src/main/java/org/jsoup/nodes/Element.java.Element.cssSelector.Complex Method,1.16.1,1.16.1,1.17.1,1
jsoup,1.14.1,org.jsoup.nodes,Element,cssSelector,Feature Envy,"checkstyle,experts",src/main/java/org/jsoup/nodes/Element.java,src/main/java/org/jsoup/nodes/Element.java.Element.cssSelector.Feature Envy,1.14.1,1.16.1,1.17.1,3
jsoup,1.17.1,org.jsoup.nodes,Element,cssSelectorComponent,Feature Envy,"checkstyle,experts",src/main/java/org/jsoup/nodes/Element.java,src/main/java/org/jsoup/nodes/Element.java.Element.cssSelectorComponent.Feature Envy,1.17.1,1.19.1,1.19.1,3
jsoup,1.18.1,org.jsoup.nodes,Element,elementIs,Feature Envy,"designitejava,experts",src/main/java/org/jsoup/nodes/Element.java,src/main/java/org/jsoup/nodes/Element.java.Element.elementIs.Feature Envy,1.18.1,1.19.1,1.19.1,2
jsoup,1.10.1,org.jsoup.nodes,Element,hasClass,Complex Method,"designitejava,pmd,checkstyle,experts",src/main/java/org/jsoup/nodes/Element.java,src/main/java/org/jsoup/nodes/Element.java.Element.hasClass.Complex Method,1.10.1,1.19.1,1.19.1,10
jsoup,1.10.1,org.jsoup.nodes,Element,hasClass,Long Method,"Decor,experts",src/main/java/org/jsoup/nodes/Element.java,src/main/java/org/jsoup/nodes/Element.java.Element.hasClass.Long Method,1.10.1,1.19.1,1.19.1,10
jsoup,0.1.1,org.jsoup.nodes,Element,outerHtml,Feature Envy,"checkstyle,experts",src/main/java/org/jsoup/nodes/Element.java,src/main/java/org/jsoup/nodes/Element.java.Element.outerHtml.Feature Envy,0.1.1,1.2.1,1.3.1,7
jsoup,1.8.1.a,org.jsoup.nodes,Element,outerHtmlHead,Complex Method,"checkstyle,experts",src/main/java/org/jsoup/nodes/Element.java,src/main/java/org/jsoup/nodes/Element.java.Element.outerHtmlHead.Complex Method,1.8.1.a,1.19.1,1.19.1,16
jsoup,1.16.1,org.jsoup.nodes,Element,outerHtmlTail,Complex Method,"checkstyle,experts",src/main/java/org/jsoup/nodes/Element.java,src/main/java/org/jsoup/nodes/Element.java.Element.outerHtmlTail.Complex Method,1.16.1,1.19.1,1.19.1,4
jsoup,0.1.1,org.jsoup.nodes,Element,text,Complex Method,"pmd,experts",src/main/java/org/jsoup/nodes/Element.java,src/main/java/org/jsoup/nodes/Element.java.Element.text.Complex Method,0.1.1,1.16.1,1.17.1,25
jsoup,0.1.1,org.jsoup.nodes,Element,text,Long Method,"Decor,experts",src/main/java/org/jsoup/nodes/Element.java,src/main/java/org/jsoup/nodes/Element.java.Element.text.Long Method,0.1.1,0.1.1,0.2.1a,1
jsoup,0.2.1a,org.jsoup.nodes,Element,wrap,Feature Envy,"checkstyle,experts",src/main/java/org/jsoup/nodes/Element.java,src/main/java/org/jsoup/nodes/Element.java.Element.wrap.Feature Envy,0.2.1a,1.4.1,1.5.1,8
jsoup,0.2.1a,org.jsoup.nodes,Element,wrap,Long Method,"Decor,experts",src/main/java/org/jsoup/nodes/Element.java,src/main/java/org/jsoup/nodes/Element.java.Element.wrap.Long Method,0.2.1a,1.4.1,1.5.1,8
jsoup,1.19.1,org.jsoup.nodes,Entities,,God Class,"pmd,experts",src/main/java/org/jsoup/nodes/Entities.java,src/main/java/org/jsoup/nodes/Entities.java.Entities..God Class,1.19.1,1.19.1,1.19.1,1
jsoup,1.19.1,org.jsoup.nodes,Entities,appendEscaped,Complex Method,"designitejava,pmd,checkstyle,experts",src/main/java/org/jsoup/nodes/Entities.java,src/main/java/org/jsoup/nodes/Entities.java.Entities.appendEscaped.Complex Method,1.19.1,1.19.1,1.19.1,1
jsoup,1.19.1,org.jsoup.nodes,Entities,appendEscaped,Long Method,"Decor,experts",src/main/java/org/jsoup/nodes/Entities.java,src/main/java/org/jsoup/nodes/Entities.java.Entities.appendEscaped.Long Method,1.19.1,1.19.1,1.19.1,1
jsoup,1.19.1,org.jsoup.nodes,Entities,appendEscaped,Long Parameter List,"designitejava,checkstyle,experts",src/main/java/org/jsoup/nodes/Entities.java,src/main/java/org/jsoup/nodes/Entities.java.Entities.appendEscaped.Long Parameter List,1.19.1,1.19.1,1.19.1,1
jsoup,1.19.1,org.jsoup.nodes,Entities,doEscape,Complex Method,"designitejava,pmd,experts",src/main/java/org/jsoup/nodes/Entities.java,src/main/java/org/jsoup/nodes/Entities.java.Entities.doEscape.Complex Method,1.19.1,1.19.1,1.19.1,1
jsoup,1.19.1,org.jsoup.nodes,Entities,doEscape,Long Parameter List,"designitejava,checkstyle,experts",src/main/java/org/jsoup/nodes/Entities.java,src/main/java/org/jsoup/nodes/Entities.java.Entities.doEscape.Long Parameter List,1.19.1,1.19.1,1.19.1,1
jsoup,1.8.1.a,org.jsoup.nodes,Entities,escape,Complex Method,"designitejava,pmd,checkstyle,experts",src/main/java/org/jsoup/nodes/Entities.java,src/main/java/org/jsoup/nodes/Entities.java.Entities.escape.Complex Method,1.8.1.a,1.18.1,1.19.1,15
jsoup,1.14.1,org.jsoup.nodes,Entities,escape,Feature Envy,"checkstyle,experts",src/main/java/org/jsoup/nodes/Entities.java,src/main/java/org/jsoup/nodes/Entities.java.Entities.escape.Feature Envy,1.14.1,1.19.1,1.19.1,6
jsoup,1.8.1.a,org.jsoup.nodes,Entities,escape,Long Parameter List,"designitejava,checkstyle,experts",src/main/java/org/jsoup/nodes/Entities.java,src/main/java/org/jsoup/nodes/Entities.java.Entities.escape.Long Parameter List,1.8.1.a,1.18.1,1.19.1,15
jsoup,1.11.1,org.jsoup.nodes,Entities,load,Feature Envy,"checkstyle,experts",src/main/java/org/jsoup/nodes/Entities.java,src/main/java/org/jsoup/nodes/Entities.java.Entities.load.Feature Envy,1.11.1,1.19.1,1.19.1,9
jsoup,1.3.1,org.jsoup.nodes,Entities,unescape,Complex Method,"pmd,experts",src/main/java/org/jsoup/nodes/Entities.java,src/main/java/org/jsoup/nodes/Entities.java.Entities.unescape.Complex Method,1.3.1,1.6.0,1.7.1,4
jsoup,1.3.1,org.jsoup.nodes,Entities,unescape,Long Method,"Decor,experts",src/main/java/org/jsoup/nodes/Entities.java,src/main/java/org/jsoup/nodes/Entities.java.Entities.unescape.Long Method,1.3.1,1.6.0,1.7.1,4
jsoup,1.8.2,org.jsoup.nodes,FormElement,formData,Complex Method,"designitejava,pmd,checkstyle,experts",src/main/java/org/jsoup/nodes/FormElement.java,src/main/java/org/jsoup/nodes/FormElement.java.FormElement.formData.Complex Method,1.8.2,1.19.1,1.19.1,15
jsoup,1.8.2,org.jsoup.nodes,FormElement,formData,Feature Envy,"checkstyle,experts",src/main/java/org/jsoup/nodes/FormElement.java,src/main/java/org/jsoup/nodes/FormElement.java.FormElement.formData.Feature Envy,1.8.2,1.19.1,1.19.1,15
jsoup,1.8.2,org.jsoup.nodes,FormElement,formData,Long Method,"Decor,experts",src/main/java/org/jsoup/nodes/FormElement.java,src/main/java/org/jsoup/nodes/FormElement.java.FormElement.formData.Long Method,1.8.2,1.19.1,1.19.1,15
jsoup,1.14.1,org.jsoup.nodes,FormElement,submit,Feature Envy,"checkstyle,experts",src/main/java/org/jsoup/nodes/FormElement.java,src/main/java/org/jsoup/nodes/FormElement.java.FormElement.submit.Feature Envy,1.14.1,1.19.1,1.19.1,6
jsoup,1.11.1,org.jsoup.nodes,LeafNode,,God Class,"pmd,experts",src/main/java/org/jsoup/nodes/LeafNode.java,src/main/java/org/jsoup/nodes/LeafNode.java.LeafNode..God Class,1.11.1,1.19.1,1.19.1,9
jsoup,0.1.1,org.jsoup.nodes,Node,,God Class,"pmd,experts",src/main/java/org/jsoup/nodes/Node.java,src/main/java/org/jsoup/nodes/Node.java.Node..God Class,0.1.1,1.19.1,1.19.1,28
jsoup,0.1.1,org.jsoup.nodes,Node,absUrl,Long Method,"Decor,experts",src/main/java/org/jsoup/nodes/Node.java,src/main/java/org/jsoup/nodes/Node.java.Node.absUrl.Long Method,0.1.1,1.5.1,1.6.0,10
jsoup,1.14.1,org.jsoup.nodes,Node,addChildren,Complex Method,"designitejava,experts",src/main/java/org/jsoup/nodes/Node.java,src/main/java/org/jsoup/nodes/Node.java.Node.addChildren.Complex Method,1.14.1,1.19.1,1.19.1,6
jsoup,1.13.1,org.jsoup.nodes,Node,addChildren,Long Method,"Decor,experts",src/main/java/org/jsoup/nodes/Node.java,src/main/java/org/jsoup/nodes/Node.java.Node.addChildren.Long Method,1.13.1,1.19.1,1.19.1,7
jsoup,1.14.1,org.jsoup.nodes,Node,wrap,Complex Method,"pmd,experts",src/main/java/org/jsoup/nodes/Node.java,src/main/java/org/jsoup/nodes/Node.java.Node.wrap.Complex Method,1.14.1,1.19.1,1.19.1,6
jsoup,1.5.1,org.jsoup.nodes,Node,wrap,Feature Envy,"checkstyle,experts",src/main/java/org/jsoup/nodes/Node.java,src/main/java/org/jsoup/nodes/Node.java.Node.wrap.Feature Envy,1.5.1,1.5.1,1.6.0,1
jsoup,1.6.0,org.jsoup.nodes,Node,wrap,Long Method,"Decor,experts",src/main/java/org/jsoup/nodes/Node.java,src/main/java/org/jsoup/nodes/Node.java.Node.wrap.Long Method,1.6.0,1.12.1,1.13.1,11
jsoup,1.17.1,org.jsoup.nodes,NodeIterator,findNextNode,Complex Method,"designitejava,pmd,checkstyle,experts",src/main/java/org/jsoup/nodes/NodeIterator.java,src/main/java/org/jsoup/nodes/NodeIterator.java.NodeIterator.findNextNode.Complex Method,1.17.1,1.19.1,1.19.1,3
jsoup,1.17.1,org.jsoup.nodes,NodeIterator,findNextNode,Long Method,"Decor,experts",src/main/java/org/jsoup/nodes/NodeIterator.java,src/main/java/org/jsoup/nodes/NodeIterator.java.NodeIterator.findNextNode.Long Method,1.17.1,1.19.1,1.19.1,3
jsoup,1.15.1,org.jsoup.nodes,NodeUtils,selectXpath,Feature Envy,"checkstyle,experts",src/main/java/org/jsoup/nodes/NodeUtils.java,src/main/java/org/jsoup/nodes/NodeUtils.java.NodeUtils.selectXpath.Feature Envy,1.15.1,1.19.1,1.19.1,5
jsoup,1.3.1,org.jsoup.nodes,TextNode,,God Class,"pmd,experts",src/main/java/org/jsoup/nodes/TextNode.java,src/main/java/org/jsoup/nodes/TextNode.java.TextNode..God Class,1.3.1,1.19.1,1.19.1,21
jsoup,1.8.1.a,org.jsoup.nodes,TextNode,outerHtmlHead,Complex Method,"checkstyle,experts",src/main/java/org/jsoup/nodes/TextNode.java,src/main/java/org/jsoup/nodes/TextNode.java.TextNode.outerHtmlHead.Complex Method,1.8.1.a,1.19.1,1.19.1,16
jsoup,1.17.1,org.jsoup.nodes,TextNode,outerHtmlHead,Long Method,"Decor,experts",src/main/java/org/jsoup/nodes/TextNode.java,src/main/java/org/jsoup/nodes/TextNode.java.TextNode.outerHtmlHead.Long Method,1.17.1,1.19.1,1.19.1,3
jsoup,1.6.0,org.jsoup.parser,CharacterReader,,God Class,"pmd,experts",src/main/java/org/jsoup/parser/CharacterReader.java,src/main/java/org/jsoup/parser/CharacterReader.java.CharacterReader..God Class,1.6.0,1.19.1,1.19.1,18
jsoup,1.13.1,org.jsoup.parser,CharacterReader,bufferUp,Complex Method,"designitejava,pmd,checkstyle,experts",src/main/java/org/jsoup/parser/CharacterReader.java,src/main/java/org/jsoup/parser/CharacterReader.java.CharacterReader.bufferUp.Complex Method,1.13.1,1.18.1,1.19.1,6
jsoup,1.13.1,org.jsoup.parser,CharacterReader,bufferUp,Long Method,"Decor,experts",src/main/java/org/jsoup/parser/CharacterReader.java,src/main/java/org/jsoup/parser/CharacterReader.java.CharacterReader.bufferUp.Long Method,1.13.1,1.18.1,1.19.1,6
jsoup,1.8.2,org.jsoup.parser,CharacterReader,cacheString,Long Method,"Decor,experts",src/main/java/org/jsoup/parser/CharacterReader.java,src/main/java/org/jsoup/parser/CharacterReader.java.CharacterReader.cacheString.Long Method,1.8.2,1.12.1,1.13.1,8
jsoup,1.14.1,org.jsoup.parser,CharacterReader,consumeAttributeQuoted,Complex Method,"designitejava,experts",src/main/java/org/jsoup/parser/CharacterReader.java,src/main/java/org/jsoup/parser/CharacterReader.java.CharacterReader.consumeAttributeQuoted.Complex Method,1.14.1,1.19.1,1.19.1,6
jsoup,1.19.1,org.jsoup.parser,CharacterReader,consumeAttributeQuoted,Long Method,"Decor,experts",src/main/java/org/jsoup/parser/CharacterReader.java,src/main/java/org/jsoup/parser/CharacterReader.java.CharacterReader.consumeAttributeQuoted.Long Method,1.19.1,1.19.1,1.19.1,1
jsoup,1.8.2,org.jsoup.parser,CharacterReader,consumeTagName,Complex Method,"checkstyle,experts",src/main/java/org/jsoup/parser/CharacterReader.java,src/main/java/org/jsoup/parser/CharacterReader.java.CharacterReader.consumeTagName.Complex Method,1.8.2,1.19.1,1.19.1,15
jsoup,1.7.1,org.jsoup.parser,CharacterReader,nextIndexOf,Complex Method,"pmd,experts",src/main/java/org/jsoup/parser/CharacterReader.java,src/main/java/org/jsoup/parser/CharacterReader.java.CharacterReader.nextIndexOf.Complex Method,1.7.1,1.19.1,1.19.1,17
jsoup,1.7.1,org.jsoup.parser,HtmlTreeBuilder,,God Class,"pmd,checkstyle,experts",src/main/java/org/jsoup/parser/HtmlTreeBuilder.java,src/main/java/org/jsoup/parser/HtmlTreeBuilder.java.HtmlTreeBuilder..God Class,1.7.1,1.19.1,1.19.1,17
jsoup,1.17.1,org.jsoup.parser,HtmlTreeBuilder,doInsertElement,Feature Envy,"checkstyle,experts",src/main/java/org/jsoup/parser/HtmlTreeBuilder.java,src/main/java/org/jsoup/parser/HtmlTreeBuilder.java.HtmlTreeBuilder.doInsertElement.Feature Envy,1.17.1,1.19.1,1.19.1,3
jsoup,1.19.1,org.jsoup.parser,HtmlTreeBuilder,inSpecificScope,Complex Method,"designitejava,pmd,checkstyle,experts",src/main/java/org/jsoup/parser/HtmlTreeBuilder.java,src/main/java/org/jsoup/parser/HtmlTreeBuilder.java.HtmlTreeBuilder.inSpecificScope.Complex Method,1.19.1,1.19.1,1.19.1,1
jsoup,1.7.1,org.jsoup.parser,HtmlTreeBuilder,inSpecificScope,Feature Envy,"checkstyle,experts",src/main/java/org/jsoup/parser/HtmlTreeBuilder.java,src/main/java/org/jsoup/parser/HtmlTreeBuilder.java.HtmlTreeBuilder.inSpecificScope.Feature Envy,1.7.1,1.19.1,1.19.1,17
jsoup,1.18.1,org.jsoup.parser,HtmlTreeBuilder,initialiseParseFragment,Complex Method,"designitejava,experts",src/main/java/org/jsoup/parser/HtmlTreeBuilder.java,src/main/java/org/jsoup/parser/HtmlTreeBuilder.java.HtmlTreeBuilder.initialiseParseFragment.Complex Method,1.18.1,1.19.1,1.19.1,2
jsoup,1.11.1,org.jsoup.parser,HtmlTreeBuilder,insertInFosterParent,Feature Envy,"checkstyle,experts",src/main/java/org/jsoup/parser/HtmlTreeBuilder.java,src/main/java/org/jsoup/parser/HtmlTreeBuilder.java.HtmlTreeBuilder.insertInFosterParent.Feature Envy,1.11.1,1.19.1,1.19.1,9
jsoup,1.17.1,org.jsoup.parser,HtmlTreeBuilder,isHtmlIntegration,Feature Envy,"checkstyle,experts",src/main/java/org/jsoup/parser/HtmlTreeBuilder.java,src/main/java/org/jsoup/parser/HtmlTreeBuilder.java.HtmlTreeBuilder.isHtmlIntegration.Feature Envy,1.17.1,1.19.1,1.19.1,3
jsoup,1.19.1,org.jsoup.parser,HtmlTreeBuilder,isSpecial,Feature Envy,"checkstyle,experts",src/main/java/org/jsoup/parser/HtmlTreeBuilder.java,src/main/java/org/jsoup/parser/HtmlTreeBuilder.java.HtmlTreeBuilder.isSpecial.Feature Envy,1.19.1,1.19.1,1.19.1,1
jsoup,1.7.1,org.jsoup.parser,HtmlTreeBuilder,parseFragment,Complex Method,"designitejava,experts",src/main/java/org/jsoup/parser/HtmlTreeBuilder.java,src/main/java/org/jsoup/parser/HtmlTreeBuilder.java.HtmlTreeBuilder.parseFragment.Complex Method,1.7.1,1.17.1,1.18.1,15
jsoup,1.10.1,org.jsoup.parser,HtmlTreeBuilder,parseFragment,Long Parameter List,"designitejava,experts",src/main/java/org/jsoup/parser/HtmlTreeBuilder.java,src/main/java/org/jsoup/parser/HtmlTreeBuilder.java.HtmlTreeBuilder.parseFragment.Long Parameter List,1.10.1,1.11.1,1.12.1,2
jsoup,1.7.1,org.jsoup.parser,HtmlTreeBuilder,reconstructFormattingElements,Complex Method,"designitejava,checkstyle,experts",src/main/java/org/jsoup/parser/HtmlTreeBuilder.java,src/main/java/org/jsoup/parser/HtmlTreeBuilder.java.HtmlTreeBuilder.reconstructFormattingElements.Complex Method,1.7.1,1.19.1,1.19.1,17
jsoup,1.7.1,org.jsoup.parser,HtmlTreeBuilder,resetInsertionMode,Complex Method,"designitejava,pmd,checkstyle,experts",src/main/java/org/jsoup/parser/HtmlTreeBuilder.java,src/main/java/org/jsoup/parser/HtmlTreeBuilder.java.HtmlTreeBuilder.resetInsertionMode.Complex Method,1.7.1,1.19.1,1.19.1,17
jsoup,1.11.1,org.jsoup.parser,HtmlTreeBuilder,resetInsertionMode,Long Method,"Decor,experts",src/main/java/org/jsoup/parser/HtmlTreeBuilder.java,src/main/java/org/jsoup/parser/HtmlTreeBuilder.java.HtmlTreeBuilder.resetInsertionMode.Long Method,1.11.1,1.14.1,1.15.1,4
jsoup,1.17.1,org.jsoup.parser,HtmlTreeBuilder,useCurrentOrForeignInsert,Complex Method,"designitejava,checkstyle,experts",src/main/java/org/jsoup/parser/HtmlTreeBuilder.java,src/main/java/org/jsoup/parser/HtmlTreeBuilder.java.HtmlTreeBuilder.useCurrentOrForeignInsert.Complex Method,1.17.1,1.19.1,1.19.1,3
jsoup,1.7.1,org.jsoup.parser,HtmlTreeBuilderState$11,process,Complex Method,"checkstyle,experts",src/main/java/org/jsoup/parser/HtmlTreeBuilderState.java,src/main/java/org/jsoup/parser/HtmlTreeBuilderState.java.HtmlTreeBuilderState$11.process.Complex Method,1.7.1,1.19.1,1.19.1,17
jsoup,1.7.1,org.jsoup.parser,HtmlTreeBuilderState$12,process,Complex Method,"checkstyle,experts",src/main/java/org/jsoup/parser/HtmlTreeBuilderState.java,src/main/java/org/jsoup/parser/HtmlTreeBuilderState.java.HtmlTreeBuilderState$12.process.Complex Method,1.7.1,1.19.1,1.19.1,17
jsoup,1.11.1,org.jsoup.parser,HtmlTreeBuilderState$13,process,Complex Method,"checkstyle,experts",src/main/java/org/jsoup/parser/HtmlTreeBuilderState.java,src/main/java/org/jsoup/parser/HtmlTreeBuilderState.java.HtmlTreeBuilderState$13.process.Complex Method,1.11.1,1.14.1,1.15.1,4
jsoup,1.7.1,org.jsoup.parser,HtmlTreeBuilderState$13,process,Feature Envy,"checkstyle,experts",src/main/java/org/jsoup/parser/HtmlTreeBuilderState.java,src/main/java/org/jsoup/parser/HtmlTreeBuilderState.java.HtmlTreeBuilderState$13.process.Feature Envy,1.7.1,1.19.1,1.19.1,17
jsoup,1.7.1,org.jsoup.parser,HtmlTreeBuilderState$14,process,Complex Method,"checkstyle,experts",src/main/java/org/jsoup/parser/HtmlTreeBuilderState.java,src/main/java/org/jsoup/parser/HtmlTreeBuilderState.java.HtmlTreeBuilderState$14.process.Complex Method,1.7.1,1.19.1,1.19.1,17
jsoup,1.7.1,org.jsoup.parser,HtmlTreeBuilderState$14,process,Feature Envy,"checkstyle,experts",src/main/java/org/jsoup/parser/HtmlTreeBuilderState.java,src/main/java/org/jsoup/parser/HtmlTreeBuilderState.java.HtmlTreeBuilderState$14.process.Feature Envy,1.7.1,1.19.1,1.19.1,17
jsoup,1.7.1,org.jsoup.parser,HtmlTreeBuilderState$15,process,Complex Method,"checkstyle,experts",src/main/java/org/jsoup/parser/HtmlTreeBuilderState.java,src/main/java/org/jsoup/parser/HtmlTreeBuilderState.java.HtmlTreeBuilderState$15.process.Complex Method,1.7.1,1.19.1,1.19.1,17
jsoup,1.7.1,org.jsoup.parser,HtmlTreeBuilderState$15,process,Feature Envy,"checkstyle,experts",src/main/java/org/jsoup/parser/HtmlTreeBuilderState.java,src/main/java/org/jsoup/parser/HtmlTreeBuilderState.java.HtmlTreeBuilderState$15.process.Feature Envy,1.7.1,1.19.1,1.19.1,17
jsoup,1.7.1,org.jsoup.parser,HtmlTreeBuilderState$16,process,Complex Method,"checkstyle,experts",src/main/java/org/jsoup/parser/HtmlTreeBuilderState.java,src/main/java/org/jsoup/parser/HtmlTreeBuilderState.java.HtmlTreeBuilderState$16.process.Complex Method,1.7.1,1.19.1,1.19.1,17
jsoup,1.15.1,org.jsoup.parser,HtmlTreeBuilderState$18,process,Complex Method,"checkstyle,experts",src/main/java/org/jsoup/parser/HtmlTreeBuilderState.java,src/main/java/org/jsoup/parser/HtmlTreeBuilderState.java.HtmlTreeBuilderState$18.process.Complex Method,1.15.1,1.19.1,1.19.1,5
jsoup,1.7.1,org.jsoup.parser,HtmlTreeBuilderState$19,process,Complex Method,"checkstyle,experts",src/main/java/org/jsoup/parser/HtmlTreeBuilderState.java,src/main/java/org/jsoup/parser/HtmlTreeBuilderState.java.HtmlTreeBuilderState$19.process.Complex Method,1.7.1,1.19.1,1.19.1,17
jsoup,1.7.1,org.jsoup.parser,HtmlTreeBuilderState$20,process,Complex Method,"checkstyle,experts",src/main/java/org/jsoup/parser/HtmlTreeBuilderState.java,src/main/java/org/jsoup/parser/HtmlTreeBuilderState.java.HtmlTreeBuilderState$20.process.Complex Method,1.7.1,1.19.1,1.19.1,17
jsoup,1.15.1,org.jsoup.parser,HtmlTreeBuilderState$21,process,Complex Method,"checkstyle,experts",src/main/java/org/jsoup/parser/HtmlTreeBuilderState.java,src/main/java/org/jsoup/parser/HtmlTreeBuilderState.java.HtmlTreeBuilderState$21.process.Complex Method,1.15.1,1.19.1,1.19.1,5
jsoup,1.17.1,org.jsoup.parser,HtmlTreeBuilderState$24,process,Complex Method,"checkstyle,experts",src/main/java/org/jsoup/parser/HtmlTreeBuilderState.java,src/main/java/org/jsoup/parser/HtmlTreeBuilderState.java.HtmlTreeBuilderState$24.process.Complex Method,1.17.1,1.19.1,1.19.1,3
jsoup,1.7.1,org.jsoup.parser,HtmlTreeBuilderState$3,process,Complex Method,"checkstyle,experts",src/main/java/org/jsoup/parser/HtmlTreeBuilderState.java,src/main/java/org/jsoup/parser/HtmlTreeBuilderState.java.HtmlTreeBuilderState$3.process.Complex Method,1.7.1,1.19.1,1.19.1,17
jsoup,1.7.1,org.jsoup.parser,HtmlTreeBuilderState$4,process,Complex Method,"checkstyle,experts",src/main/java/org/jsoup/parser/HtmlTreeBuilderState.java,src/main/java/org/jsoup/parser/HtmlTreeBuilderState.java.HtmlTreeBuilderState$4.process.Complex Method,1.7.1,1.19.1,1.19.1,17
jsoup,1.7.1,org.jsoup.parser,HtmlTreeBuilderState$4,process,Feature Envy,"checkstyle,experts",src/main/java/org/jsoup/parser/HtmlTreeBuilderState.java,src/main/java/org/jsoup/parser/HtmlTreeBuilderState.java.HtmlTreeBuilderState$4.process.Feature Envy,1.7.1,1.19.1,1.19.1,17
jsoup,1.7.1,org.jsoup.parser,HtmlTreeBuilderState$5,process,Complex Method,"checkstyle,experts",src/main/java/org/jsoup/parser/HtmlTreeBuilderState.java,src/main/java/org/jsoup/parser/HtmlTreeBuilderState.java.HtmlTreeBuilderState$5.process.Complex Method,1.7.1,1.19.1,1.19.1,17
jsoup,1.7.1,org.jsoup.parser,HtmlTreeBuilderState$6,process,Complex Method,"checkstyle,experts",src/main/java/org/jsoup/parser/HtmlTreeBuilderState.java,src/main/java/org/jsoup/parser/HtmlTreeBuilderState.java.HtmlTreeBuilderState$6.process.Complex Method,1.7.1,1.19.1,1.19.1,17
jsoup,1.13.1,org.jsoup.parser,HtmlTreeBuilderState$7,inBodyEndTag,Complex Method,"checkstyle,experts",src/main/java/org/jsoup/parser/HtmlTreeBuilderState.java,src/main/java/org/jsoup/parser/HtmlTreeBuilderState.java.HtmlTreeBuilderState$7.inBodyEndTag.Complex Method,1.13.1,1.19.1,1.19.1,7
jsoup,1.13.1,org.jsoup.parser,HtmlTreeBuilderState$7,inBodyEndTag,Feature Envy,"checkstyle,experts",src/main/java/org/jsoup/parser/HtmlTreeBuilderState.java,src/main/java/org/jsoup/parser/HtmlTreeBuilderState.java.HtmlTreeBuilderState$7.inBodyEndTag.Feature Envy,1.13.1,1.19.1,1.19.1,7
jsoup,1.13.1,org.jsoup.parser,HtmlTreeBuilderState$7,inBodyEndTagAdoption,Complex Method,"checkstyle,experts",src/main/java/org/jsoup/parser/HtmlTreeBuilderState.java,src/main/java/org/jsoup/parser/HtmlTreeBuilderState.java.HtmlTreeBuilderState$7.inBodyEndTagAdoption.Complex Method,1.13.1,1.19.1,1.19.1,7
jsoup,1.13.1,org.jsoup.parser,HtmlTreeBuilderState$7,inBodyEndTagAdoption,Feature Envy,"checkstyle,experts",src/main/java/org/jsoup/parser/HtmlTreeBuilderState.java,src/main/java/org/jsoup/parser/HtmlTreeBuilderState.java.HtmlTreeBuilderState$7.inBodyEndTagAdoption.Feature Envy,1.13.1,1.19.1,1.19.1,7
jsoup,1.13.1,org.jsoup.parser,HtmlTreeBuilderState$7,inBodyStartTag,Complex Method,"checkstyle,experts",src/main/java/org/jsoup/parser/HtmlTreeBuilderState.java,src/main/java/org/jsoup/parser/HtmlTreeBuilderState.java.HtmlTreeBuilderState$7.inBodyStartTag.Complex Method,1.13.1,1.19.1,1.19.1,7
jsoup,1.13.1,org.jsoup.parser,HtmlTreeBuilderState$7,inBodyStartTag,Feature Envy,"checkstyle,experts",src/main/java/org/jsoup/parser/HtmlTreeBuilderState.java,src/main/java/org/jsoup/parser/HtmlTreeBuilderState.java.HtmlTreeBuilderState$7.inBodyStartTag.Feature Envy,1.13.1,1.19.1,1.19.1,7
jsoup,1.7.1,org.jsoup.parser,HtmlTreeBuilderState$7,process,Complex Method,"checkstyle,experts",src/main/java/org/jsoup/parser/HtmlTreeBuilderState.java,src/main/java/org/jsoup/parser/HtmlTreeBuilderState.java.HtmlTreeBuilderState$7.process.Complex Method,1.7.1,1.19.1,1.19.1,17
jsoup,1.7.1,org.jsoup.parser,HtmlTreeBuilderState$7,process,Feature Envy,"checkstyle,experts",src/main/java/org/jsoup/parser/HtmlTreeBuilderState.java,src/main/java/org/jsoup/parser/HtmlTreeBuilderState.java.HtmlTreeBuilderState$7.process.Feature Envy,1.7.1,1.12.1,1.13.1,10
jsoup,1.7.1,org.jsoup.parser,HtmlTreeBuilderState$9,process,Complex Method,"checkstyle,experts",src/main/java/org/jsoup/parser/HtmlTreeBuilderState.java,src/main/java/org/jsoup/parser/HtmlTreeBuilderState.java.HtmlTreeBuilderState$9.process.Complex Method,1.7.1,1.19.1,1.19.1,17
jsoup,1.7.1,org.jsoup.parser,HtmlTreeBuilderState$9,process,Feature Envy,"checkstyle,experts",src/main/java/org/jsoup/parser/HtmlTreeBuilderState.java,src/main/java/org/jsoup/parser/HtmlTreeBuilderState.java.HtmlTreeBuilderState$9.process.Feature Envy,1.7.1,1.19.1,1.19.1,17
jsoup,1.7.1,org.jsoup.parser,HtmlTreeBuilderState,,God Class,"checkstyle,experts",src/main/java/org/jsoup/parser/HtmlTreeBuilderState.java,src/main/java/org/jsoup/parser/HtmlTreeBuilderState.java.HtmlTreeBuilderState..God Class,1.7.1,1.19.1,1.19.1,17
jsoup,1.13.1,org.jsoup.parser,HtmlTreeBuilderState,inBodyEndTag,Complex Method,"pmd,experts",src/main/java/org/jsoup/parser/HtmlTreeBuilderState.java,src/main/java/org/jsoup/parser/HtmlTreeBuilderState.java.HtmlTreeBuilderState.inBodyEndTag.Complex Method,1.13.1,1.19.1,1.19.1,7
jsoup,1.13.1,org.jsoup.parser,HtmlTreeBuilderState,inBodyEndTagAdoption,Complex Method,"pmd,experts",src/main/java/org/jsoup/parser/HtmlTreeBuilderState.java,src/main/java/org/jsoup/parser/HtmlTreeBuilderState.java.HtmlTreeBuilderState.inBodyEndTagAdoption.Complex Method,1.13.1,1.19.1,1.19.1,7
jsoup,1.13.1,org.jsoup.parser,HtmlTreeBuilderState,inBodyStartTag,Complex Method,"pmd,experts",src/main/java/org/jsoup/parser/HtmlTreeBuilderState.java,src/main/java/org/jsoup/parser/HtmlTreeBuilderState.java.HtmlTreeBuilderState.inBodyStartTag.Complex Method,1.13.1,1.19.1,1.19.1,7
jsoup,1.7.1,org.jsoup.parser,HtmlTreeBuilderState,process,Complex Method,"pmd,experts",src/main/java/org/jsoup/parser/HtmlTreeBuilderState.java,src/main/java/org/jsoup/parser/HtmlTreeBuilderState.java.HtmlTreeBuilderState.process.Complex Method,1.7.1,1.19.1,1.19.1,17
jsoup,0.1.1,org.jsoup.parser,Parser,,God Class,"pmd,experts",src/main/java/org/jsoup/parser/Parser.java,src/main/java/org/jsoup/parser/Parser.java.Parser..God Class,0.1.1,1.19.1,1.19.1,28
jsoup,0.1.1,org.jsoup.parser,Parser,parseAttribute,Feature Envy,"designitejava,experts",src/main/java/org/jsoup/parser/Parser.java,src/main/java/org/jsoup/parser/Parser.java.Parser.parseAttribute.Feature Envy,0.1.1,1.5.1,1.6.0,10
jsoup,0.1.1,org.jsoup.parser,Parser,parseEndTag,Feature Envy,"designitejava,experts",src/main/java/org/jsoup/parser/Parser.java,src/main/java/org/jsoup/parser/Parser.java.Parser.parseEndTag.Feature Envy,0.1.1,1.3.1,1.4.1,8
jsoup,0.1.1,org.jsoup.parser,Parser,parseStartTag,Complex Method,"designitejava,experts",src/main/java/org/jsoup/parser/Parser.java,src/main/java/org/jsoup/parser/Parser.java.Parser.parseStartTag.Complex Method,0.1.1,1.5.1,1.6.0,10
jsoup,0.1.1,org.jsoup.parser,Parser,parseStartTag,Long Method,"Decor,experts",src/main/java/org/jsoup/parser/Parser.java,src/main/java/org/jsoup/parser/Parser.java.Parser.parseStartTag.Long Method,0.1.1,1.5.1,1.6.0,10
jsoup,1.18.1,org.jsoup.parser,StreamParser,,God Class,"pmd,experts",src/main/java/org/jsoup/parser/StreamParser.java,src/main/java/org/jsoup/parser/StreamParser.java.StreamParser..God Class,1.18.1,1.19.1,1.19.1,2
jsoup,1.18.1,org.jsoup.parser,StreamParser,completeFragment,Feature Envy,"designitejava,experts",src/main/java/org/jsoup/parser/StreamParser.java,src/main/java/org/jsoup/parser/StreamParser.java.StreamParser.completeFragment.Feature Envy,1.18.1,1.19.1,1.19.1,2
jsoup,0.1.1,org.jsoup.parser,Tag,,God Class,"pmd,experts",src/main/java/org/jsoup/parser/Tag.java,src/main/java/org/jsoup/parser/Tag.java.Tag..God Class,0.1.1,1.19.1,1.19.1,28
jsoup,0.1.1,org.jsoup.parser,Tag,canContain,Complex Method,"designitejava,pmd,checkstyle,experts",src/main/java/org/jsoup/parser/Tag.java,src/main/java/org/jsoup/parser/Tag.java.Tag.canContain.Complex Method,0.1.1,1.5.1,1.6.0,10
jsoup,0.1.1,org.jsoup.parser,Tag,canContain,Long Method,"Decor,experts",src/main/java/org/jsoup/parser/Tag.java,src/main/java/org/jsoup/parser/Tag.java.Tag.canContain.Long Method,0.1.1,1.5.1,1.6.0,10
jsoup,0.1.1,org.jsoup.parser,Tag,equals,Complex Method,"designitejava,checkstyle,experts",src/main/java/org/jsoup/parser/Tag.java,src/main/java/org/jsoup/parser/Tag.java.Tag.equals.Complex Method,0.1.1,1.19.1,1.19.1,28
jsoup,1.6.0,org.jsoup.parser,Tag,equals,Long Method,"Decor,experts",src/main/java/org/jsoup/parser/Tag.java,src/main/java/org/jsoup/parser/Tag.java.Tag.equals.Long Method,1.6.0,1.19.1,1.19.1,18
jsoup,1.17.1,org.jsoup.parser,Tag,valueOf,Feature Envy,"checkstyle,experts",src/main/java/org/jsoup/parser/Tag.java,src/main/java/org/jsoup/parser/Tag.java.Tag.valueOf.Feature Envy,1.17.1,1.19.1,1.19.1,3
jsoup,1.8.1.a,org.jsoup.parser,Token,,God Class,"pmd,experts",src/main/java/org/jsoup/parser/Token.java,src/main/java/org/jsoup/parser/Token.java.Token..God Class,1.8.1.a,1.19.1,1.19.1,16
jsoup,1.15.1,org.jsoup.parser,Token,newAttribute,Complex Method,"pmd,experts",src/main/java/org/jsoup/parser/Token.java,src/main/java/org/jsoup/parser/Token.java.Token.newAttribute.Complex Method,1.15.1,1.19.1,1.19.1,5
jsoup,0.1.1,org.jsoup.parser,TokenQueue,,God Class,"pmd,experts",src/main/java/org/jsoup/parser/TokenQueue.java,src/main/java/org/jsoup/parser/TokenQueue.java.TokenQueue..God Class,0.1.1,1.19.1,1.19.1,28
jsoup,1.8.1.a,org.jsoup.parser,TokenQueue,chompBalanced,Complex Method,"designitejava,pmd,checkstyle,experts",src/main/java/org/jsoup/parser/TokenQueue.java,src/main/java/org/jsoup/parser/TokenQueue.java.TokenQueue.chompBalanced.Complex Method,1.8.1.a,1.19.1,1.19.1,16
jsoup,1.3.1,org.jsoup.parser,TokenQueue,chompBalanced,Long Method,"Decor,experts",src/main/java/org/jsoup/parser/TokenQueue.java,src/main/java/org/jsoup/parser/TokenQueue.java.TokenQueue.chompBalanced.Long Method,1.3.1,1.19.1,1.19.1,21
jsoup,1.6.0,org.jsoup.parser,Tokeniser,,God Class,"pmd,experts",src/main/java/org/jsoup/parser/Tokeniser.java,src/main/java/org/jsoup/parser/Tokeniser.java.Tokeniser..God Class,1.6.0,1.19.1,1.19.1,18
jsoup,1.6.0,org.jsoup.parser,Tokeniser,consumeCharacterReference,Complex Method,"designitejava,pmd,checkstyle,experts",src/main/java/org/jsoup/parser/Tokeniser.java,src/main/java/org/jsoup/parser/Tokeniser.java.Tokeniser.consumeCharacterReference.Complex Method,1.6.0,1.19.1,1.19.1,18
jsoup,1.6.0,org.jsoup.parser,Tokeniser,consumeCharacterReference,Feature Envy,"designitejava,experts",src/main/java/org/jsoup/parser/Tokeniser.java,src/main/java/org/jsoup/parser/Tokeniser.java.Tokeniser.consumeCharacterReference.Feature Envy,1.6.0,1.19.1,1.19.1,18
jsoup,1.13.1,org.jsoup.parser,Tokeniser,createBogusCommentPending,Feature Envy,"designitejava,experts",src/main/java/org/jsoup/parser/Tokeniser.java,src/main/java/org/jsoup/parser/Tokeniser.java.Tokeniser.createBogusCommentPending.Feature Envy,1.13.1,1.19.1,1.19.1,7
jsoup,1.7.1,org.jsoup.parser,Tokeniser,unescapeEntities,Feature Envy,"designitejava,experts",src/main/java/org/jsoup/parser/Tokeniser.java,src/main/java/org/jsoup/parser/Tokeniser.java.Tokeniser.unescapeEntities.Feature Envy,1.7.1,1.19.1,1.19.1,17
jsoup,1.6.0,org.jsoup.parser,TreeBuilder,,God Class,"pmd,checkstyle,experts",src/main/java/org/jsoup/parser/TreeBuilder.java,src/main/java/org/jsoup/parser/TreeBuilder.java.TreeBuilder..God Class,1.6.0,1.19.1,1.19.1,18
jsoup,1.6.0,org.jsoup.parser,TreeBuilder,inSpecificScope,Feature Envy,"checkstyle,experts",src/main/java/org/jsoup/parser/TreeBuilder.java,src/main/java/org/jsoup/parser/TreeBuilder.java.TreeBuilder.inSpecificScope.Feature Envy,1.6.0,1.6.0,1.7.1,1
jsoup,1.14.1,org.jsoup.parser,TreeBuilder,initialiseParse,Feature Envy,"checkstyle,experts",src/main/java/org/jsoup/parser/TreeBuilder.java,src/main/java/org/jsoup/parser/TreeBuilder.java.TreeBuilder.initialiseParse.Feature Envy,1.14.1,1.15.1,1.16.1,2
jsoup,1.6.0,org.jsoup.parser,TreeBuilder,parseFragment,Complex Method,"designitejava,experts",src/main/java/org/jsoup/parser/TreeBuilder.java,src/main/java/org/jsoup/parser/TreeBuilder.java.TreeBuilder.parseFragment.Complex Method,1.6.0,1.6.0,1.7.1,1
jsoup,1.6.0,org.jsoup.parser,TreeBuilder,reconstructFormattingElements,Complex Method,"designitejava,checkstyle,experts",src/main/java/org/jsoup/parser/TreeBuilder.java,src/main/java/org/jsoup/parser/TreeBuilder.java.TreeBuilder.reconstructFormattingElements.Complex Method,1.6.0,1.6.0,1.7.1,1
jsoup,1.6.0,org.jsoup.parser,TreeBuilder,resetInsertionMode,Complex Method,"designitejava,pmd,checkstyle,experts",src/main/java/org/jsoup/parser/TreeBuilder.java,src/main/java/org/jsoup/parser/TreeBuilder.java.TreeBuilder.resetInsertionMode.Complex Method,1.6.0,1.6.0,1.7.1,1
jsoup,1.17.1,org.jsoup.parser,TreeBuilder,trackNodePosition,Complex Method,"designitejava,pmd,checkstyle,experts",src/main/java/org/jsoup/parser/TreeBuilder.java,src/main/java/org/jsoup/parser/TreeBuilder.java.TreeBuilder.trackNodePosition.Complex Method,1.17.1,1.19.1,1.19.1,3
jsoup,1.17.1,org.jsoup.parser,TreeBuilder,trackNodePosition,Long Method,"Decor,experts",src/main/java/org/jsoup/parser/TreeBuilder.java,src/main/java/org/jsoup/parser/TreeBuilder.java.TreeBuilder.trackNodePosition.Long Method,1.17.1,1.19.1,1.19.1,3
jsoup,1.6.0,org.jsoup.parser,TreeBuilderState$11,process,Complex Method,"checkstyle,experts",src/main/java/org/jsoup/parser/TreeBuilderState.java,src/main/java/org/jsoup/parser/TreeBuilderState.java.TreeBuilderState$11.process.Complex Method,1.6.0,1.6.0,1.7.1,1
jsoup,1.6.0,org.jsoup.parser,TreeBuilderState$12,process,Complex Method,"checkstyle,experts",src/main/java/org/jsoup/parser/TreeBuilderState.java,src/main/java/org/jsoup/parser/TreeBuilderState.java.TreeBuilderState$12.process.Complex Method,1.6.0,1.6.0,1.7.1,1
jsoup,1.6.0,org.jsoup.parser,TreeBuilderState$13,process,Feature Envy,"checkstyle,experts",src/main/java/org/jsoup/parser/TreeBuilderState.java,src/main/java/org/jsoup/parser/TreeBuilderState.java.TreeBuilderState$13.process.Feature Envy,1.6.0,1.6.0,1.7.1,1
jsoup,1.6.0,org.jsoup.parser,TreeBuilderState$14,process,Complex Method,"checkstyle,experts",src/main/java/org/jsoup/parser/TreeBuilderState.java,src/main/java/org/jsoup/parser/TreeBuilderState.java.TreeBuilderState$14.process.Complex Method,1.6.0,1.6.0,1.7.1,1
jsoup,1.6.0,org.jsoup.parser,TreeBuilderState$14,process,Feature Envy,"checkstyle,experts",src/main/java/org/jsoup/parser/TreeBuilderState.java,src/main/java/org/jsoup/parser/TreeBuilderState.java.TreeBuilderState$14.process.Feature Envy,1.6.0,1.6.0,1.7.1,1
jsoup,1.6.0,org.jsoup.parser,TreeBuilderState$15,process,Complex Method,"checkstyle,experts",src/main/java/org/jsoup/parser/TreeBuilderState.java,src/main/java/org/jsoup/parser/TreeBuilderState.java.TreeBuilderState$15.process.Complex Method,1.6.0,1.6.0,1.7.1,1
jsoup,1.6.0,org.jsoup.parser,TreeBuilderState$15,process,Feature Envy,"checkstyle,experts",src/main/java/org/jsoup/parser/TreeBuilderState.java,src/main/java/org/jsoup/parser/TreeBuilderState.java.TreeBuilderState$15.process.Feature Envy,1.6.0,1.6.0,1.7.1,1
jsoup,1.6.0,org.jsoup.parser,TreeBuilderState$16,process,Complex Method,"checkstyle,experts",src/main/java/org/jsoup/parser/TreeBuilderState.java,src/main/java/org/jsoup/parser/TreeBuilderState.java.TreeBuilderState$16.process.Complex Method,1.6.0,1.6.0,1.7.1,1
jsoup,1.6.0,org.jsoup.parser,TreeBuilderState$19,process,Complex Method,"checkstyle,experts",src/main/java/org/jsoup/parser/TreeBuilderState.java,src/main/java/org/jsoup/parser/TreeBuilderState.java.TreeBuilderState$19.process.Complex Method,1.6.0,1.6.0,1.7.1,1
jsoup,1.6.0,org.jsoup.parser,TreeBuilderState$20,process,Complex Method,"checkstyle,experts",src/main/java/org/jsoup/parser/TreeBuilderState.java,src/main/java/org/jsoup/parser/TreeBuilderState.java.TreeBuilderState$20.process.Complex Method,1.6.0,1.6.0,1.7.1,1
jsoup,1.6.0,org.jsoup.parser,TreeBuilderState$3,process,Complex Method,"checkstyle,experts",src/main/java/org/jsoup/parser/TreeBuilderState.java,src/main/java/org/jsoup/parser/TreeBuilderState.java.TreeBuilderState$3.process.Complex Method,1.6.0,1.6.0,1.7.1,1
jsoup,1.6.0,org.jsoup.parser,TreeBuilderState$4,process,Complex Method,"checkstyle,experts",src/main/java/org/jsoup/parser/TreeBuilderState.java,src/main/java/org/jsoup/parser/TreeBuilderState.java.TreeBuilderState$4.process.Complex Method,1.6.0,1.6.0,1.7.1,1
jsoup,1.6.0,org.jsoup.parser,TreeBuilderState$4,process,Feature Envy,"checkstyle,experts",src/main/java/org/jsoup/parser/TreeBuilderState.java,src/main/java/org/jsoup/parser/TreeBuilderState.java.TreeBuilderState$4.process.Feature Envy,1.6.0,1.6.0,1.7.1,1
jsoup,1.6.0,org.jsoup.parser,TreeBuilderState$5,process,Complex Method,"checkstyle,experts",src/main/java/org/jsoup/parser/TreeBuilderState.java,src/main/java/org/jsoup/parser/TreeBuilderState.java.TreeBuilderState$5.process.Complex Method,1.6.0,1.6.0,1.7.1,1
jsoup,1.6.0,org.jsoup.parser,TreeBuilderState$6,process,Complex Method,"checkstyle,experts",src/main/java/org/jsoup/parser/TreeBuilderState.java,src/main/java/org/jsoup/parser/TreeBuilderState.java.TreeBuilderState$6.process.Complex Method,1.6.0,1.6.0,1.7.1,1
jsoup,1.6.0,org.jsoup.parser,TreeBuilderState$7,process,Complex Method,"checkstyle,experts",src/main/java/org/jsoup/parser/TreeBuilderState.java,src/main/java/org/jsoup/parser/TreeBuilderState.java.TreeBuilderState$7.process.Complex Method,1.6.0,1.6.0,1.7.1,1
jsoup,1.6.0,org.jsoup.parser,TreeBuilderState$7,process,Feature Envy,"checkstyle,experts",src/main/java/org/jsoup/parser/TreeBuilderState.java,src/main/java/org/jsoup/parser/TreeBuilderState.java.TreeBuilderState$7.process.Feature Envy,1.6.0,1.6.0,1.7.1,1
jsoup,1.6.0,org.jsoup.parser,TreeBuilderState$9,process,Complex Method,"checkstyle,experts",src/main/java/org/jsoup/parser/TreeBuilderState.java,src/main/java/org/jsoup/parser/TreeBuilderState.java.TreeBuilderState$9.process.Complex Method,1.6.0,1.6.0,1.7.1,1
jsoup,1.6.0,org.jsoup.parser,TreeBuilderState$9,process,Feature Envy,"checkstyle,experts",src/main/java/org/jsoup/parser/TreeBuilderState.java,src/main/java/org/jsoup/parser/TreeBuilderState.java.TreeBuilderState$9.process.Feature Envy,1.6.0,1.6.0,1.7.1,1
jsoup,1.6.0,org.jsoup.parser,TreeBuilderState,,God Class,"checkstyle,experts",src/main/java/org/jsoup/parser/TreeBuilderState.java,src/main/java/org/jsoup/parser/TreeBuilderState.java.TreeBuilderState..God Class,1.6.0,1.6.0,1.7.1,1
jsoup,1.6.0,org.jsoup.parser,TreeBuilderState,process,Complex Method,"pmd,experts",src/main/java/org/jsoup/parser/TreeBuilderState.java,src/main/java/org/jsoup/parser/TreeBuilderState.java.TreeBuilderState.process.Complex Method,1.6.0,1.6.0,1.7.1,1
jsoup,1.10.1,org.jsoup.parser,XmlTreeBuilder,,God Class,"pmd,experts",src/main/java/org/jsoup/parser/XmlTreeBuilder.java,src/main/java/org/jsoup/parser/XmlTreeBuilder.java.XmlTreeBuilder..God Class,1.10.1,1.19.1,1.19.1,10
jsoup,1.7.1,org.jsoup.parser,XmlTreeBuilder,popStackToClose,Long Method,"Decor,experts",src/main/java/org/jsoup/parser/XmlTreeBuilder.java,src/main/java/org/jsoup/parser/XmlTreeBuilder.java.XmlTreeBuilder.popStackToClose.Long Method,1.7.1,1.8.1.a,1.8.2,2
jsoup,1.19.1,org.jsoup.parser,XmlTreeBuilder,process,Complex Method,"designitejava,experts",src/main/java/org/jsoup/parser/XmlTreeBuilder.java,src/main/java/org/jsoup/parser/XmlTreeBuilder.java.XmlTreeBuilder.process.Complex Method,1.19.1,1.19.1,1.19.1,1
jsoup,1.19.1,org.jsoup.parser,XmlTreeBuilder,process,Long Method,"Decor,experts",src/main/java/org/jsoup/parser/XmlTreeBuilder.java,src/main/java/org/jsoup/parser/XmlTreeBuilder.java.XmlTreeBuilder.process.Long Method,1.19.1,1.19.1,1.19.1,1
jsoup,1.11.1,org.jsoup.safety,Cleaner,clean,Feature Envy,"checkstyle,experts",src/main/java/org/jsoup/safety/Cleaner.java,src/main/java/org/jsoup/safety/Cleaner.java.Cleaner.clean.Feature Envy,1.11.1,1.19.1,1.19.1,9
jsoup,0.1.1,org.jsoup.safety,Cleaner,copySafeNodes,Long Method,"Decor,experts",src/main/java/org/jsoup/safety/Cleaner.java,src/main/java/org/jsoup/safety/Cleaner.java.Cleaner.copySafeNodes.Long Method,0.1.1,1.7.1,1.8.1.a,12
jsoup,0.1.1,org.jsoup.safety,Cleaner,createSafeElement,Feature Envy,"designitejava,experts",src/main/java/org/jsoup/safety/Cleaner.java,src/main/java/org/jsoup/safety/Cleaner.java.Cleaner.createSafeElement.Feature Envy,0.1.1,1.19.1,1.19.1,28
jsoup,1.19.1,org.jsoup.safety,Cleaner,createSafeElement,Long Method,"Decor,experts",src/main/java/org/jsoup/safety/Cleaner.java,src/main/java/org/jsoup/safety/Cleaner.java.Cleaner.createSafeElement.Long Method,1.19.1,1.19.1,1.19.1,1
jsoup,1.11.1,org.jsoup.safety,Cleaner,isValid,Feature Envy,"checkstyle,experts",src/main/java/org/jsoup/safety/Cleaner.java,src/main/java/org/jsoup/safety/Cleaner.java.Cleaner.isValid.Feature Envy,1.11.1,1.19.1,1.19.1,9
jsoup,1.11.1,org.jsoup.safety,Cleaner,isValidBodyHtml,Feature Envy,"checkstyle,experts",src/main/java/org/jsoup/safety/Cleaner.java,src/main/java/org/jsoup/safety/Cleaner.java.Cleaner.isValidBodyHtml.Feature Envy,1.11.1,1.19.1,1.19.1,9
jsoup,1.11.1,org.jsoup.safety,CleaningVisitor,head,Feature Envy,"checkstyle,experts",src/main/java/org/jsoup/safety/Cleaner.java,src/main/java/org/jsoup/safety/Cleaner.java.CleaningVisitor.head.Feature Envy,1.11.1,1.19.1,1.19.1,9
jsoup,1.14.1,org.jsoup.safety,Safelist,,God Class,"pmd,experts",src/main/java/org/jsoup/safety/Safelist.java,src/main/java/org/jsoup/safety/Safelist.java.Safelist..God Class,1.14.1,1.19.1,1.19.1,6
jsoup,1.14.1,org.jsoup.safety,Safelist,addAttributes,Feature Envy,"checkstyle,experts",src/main/java/org/jsoup/safety/Safelist.java,src/main/java/org/jsoup/safety/Safelist.java.Safelist.addAttributes.Feature Envy,1.14.1,1.19.1,1.19.1,6
jsoup,1.14.1,org.jsoup.safety,Safelist,addEnforcedAttribute,Feature Envy,"checkstyle,experts",src/main/java/org/jsoup/safety/Safelist.java,src/main/java/org/jsoup/safety/Safelist.java.Safelist.addEnforcedAttribute.Feature Envy,1.14.1,1.19.1,1.19.1,6
jsoup,1.14.1,org.jsoup.safety,Safelist,addProtocols,Feature Envy,"checkstyle,experts",src/main/java/org/jsoup/safety/Safelist.java,src/main/java/org/jsoup/safety/Safelist.java.Safelist.addProtocols.Feature Envy,1.14.1,1.19.1,1.19.1,6
jsoup,1.14.1,org.jsoup.safety,Safelist,addProtocols,Long Method,"Decor,experts",src/main/java/org/jsoup/safety/Safelist.java,src/main/java/org/jsoup/safety/Safelist.java.Safelist.addProtocols.Long Method,1.14.1,1.15.1,1.16.1,2
jsoup,1.17.1,org.jsoup.safety,Safelist,addTags,Feature Envy,"checkstyle,experts",src/main/java/org/jsoup/safety/Safelist.java,src/main/java/org/jsoup/safety/Safelist.java.Safelist.addTags.Feature Envy,1.17.1,1.19.1,1.19.1,3
jsoup,1.14.1,org.jsoup.safety,Safelist,isSafeAttribute,Feature Envy,"checkstyle,experts",src/main/java/org/jsoup/safety/Safelist.java,src/main/java/org/jsoup/safety/Safelist.java.Safelist.isSafeAttribute.Feature Envy,1.14.1,1.19.1,1.19.1,6
jsoup,1.14.1,org.jsoup.safety,Safelist,removeAttributes,Feature Envy,"checkstyle,experts",src/main/java/org/jsoup/safety/Safelist.java,src/main/java/org/jsoup/safety/Safelist.java.Safelist.removeAttributes.Feature Envy,1.14.1,1.19.1,1.19.1,6
jsoup,1.16.1,org.jsoup.safety,Safelist,removeAttributes,Long Method,"Decor,experts",src/main/java/org/jsoup/safety/Safelist.java,src/main/java/org/jsoup/safety/Safelist.java.Safelist.removeAttributes.Long Method,1.16.1,1.19.1,1.19.1,4
jsoup,1.14.1,org.jsoup.safety,Safelist,removeProtocols,Feature Envy,"checkstyle,experts",src/main/java/org/jsoup/safety/Safelist.java,src/main/java/org/jsoup/safety/Safelist.java.Safelist.removeProtocols.Feature Envy,1.14.1,1.19.1,1.19.1,6
jsoup,1.14.1,org.jsoup.safety,Safelist,testValidProtocol,Feature Envy,"checkstyle,experts",src/main/java/org/jsoup/safety/Safelist.java,src/main/java/org/jsoup/safety/Safelist.java.Safelist.testValidProtocol.Feature Envy,1.14.1,1.19.1,1.19.1,6
jsoup,0.1.1,org.jsoup.safety,Whitelist,,God Class,"pmd,experts",src/main/java/org/jsoup/safety/Whitelist.java,src/main/java/org/jsoup/safety/Whitelist.java.Whitelist..God Class,0.1.1,1.14.1,1.15.1,23
jsoup,1.3.1,org.jsoup.safety,Whitelist,addAttributes,Feature Envy,"checkstyle,experts",src/main/java/org/jsoup/safety/Whitelist.java,src/main/java/org/jsoup/safety/Whitelist.java.Whitelist.addAttributes.Feature Envy,1.3.1,1.13.1,1.14.1,15
jsoup,1.3.1,org.jsoup.safety,Whitelist,addEnforcedAttribute,Feature Envy,"checkstyle,experts",src/main/java/org/jsoup/safety/Whitelist.java,src/main/java/org/jsoup/safety/Whitelist.java.Whitelist.addEnforcedAttribute.Feature Envy,1.3.1,1.13.1,1.14.1,15
jsoup,1.3.1,org.jsoup.safety,Whitelist,addProtocols,Feature Envy,"checkstyle,experts",src/main/java/org/jsoup/safety/Whitelist.java,src/main/java/org/jsoup/safety/Whitelist.java.Whitelist.addProtocols.Feature Envy,1.3.1,1.13.1,1.14.1,15
jsoup,0.1.1,org.jsoup.safety,Whitelist,addProtocols,Long Method,"Decor,experts",src/main/java/org/jsoup/safety/Whitelist.java,src/main/java/org/jsoup/safety/Whitelist.java.Whitelist.addProtocols.Long Method,0.1.1,1.13.1,1.14.1,22
jsoup,1.11.1,org.jsoup.safety,Whitelist,isSafeAttribute,Feature Envy,"checkstyle,experts",src/main/java/org/jsoup/safety/Whitelist.java,src/main/java/org/jsoup/safety/Whitelist.java.Whitelist.isSafeAttribute.Feature Envy,1.11.1,1.13.1,1.14.1,3
jsoup,1.8.2,org.jsoup.safety,Whitelist,removeAttributes,Feature Envy,"checkstyle,experts",src/main/java/org/jsoup/safety/Whitelist.java,src/main/java/org/jsoup/safety/Whitelist.java.Whitelist.removeAttributes.Feature Envy,1.8.2,1.13.1,1.14.1,9
jsoup,1.8.2,org.jsoup.safety,Whitelist,removeProtocols,Feature Envy,"checkstyle,experts",src/main/java/org/jsoup/safety/Whitelist.java,src/main/java/org/jsoup/safety/Whitelist.java.Whitelist.removeProtocols.Feature Envy,1.8.2,1.13.1,1.14.1,9
jsoup,1.7.1,org.jsoup.safety,Whitelist,testValidProtocol,Feature Envy,"checkstyle,experts",src/main/java/org/jsoup/safety/Whitelist.java,src/main/java/org/jsoup/safety/Whitelist.java.Whitelist.testValidProtocol.Feature Envy,1.7.1,1.13.1,1.14.1,11
jsoup,0.1.1,org.jsoup.select,Elements,,God Class,"pmd,experts",src/main/java/org/jsoup/select/Elements.java,src/main/java/org/jsoup/select/Elements.java.Elements..God Class,0.1.1,1.19.1,1.19.1,28
jsoup,1.13.1,org.jsoup.select,AttributeKeyPair,AttributeKeyPair,Feature Envy,"checkstyle,experts",src/main/java/org/jsoup/select/Evaluator.java,src/main/java/org/jsoup/select/Evaluator.java.AttributeKeyPair.AttributeKeyPair.Feature Envy,1.13.1,1.19.1,1.19.1,7
jsoup,1.14.1,org.jsoup.select,IsNthLastChild,calculatePosition,Feature Envy,"checkstyle,experts",src/main/java/org/jsoup/select/Evaluator.java,src/main/java/org/jsoup/select/Evaluator.java.IsNthLastChild.calculatePosition.Feature Envy,1.14.1,1.16.1,1.17.1,3
jsoup,1.8.1.a,org.jsoup.select,IsNthLastOfType,calculatePosition,Feature Envy,"checkstyle,experts",src/main/java/org/jsoup/select/Evaluator.java,src/main/java/org/jsoup/select/Evaluator.java.IsNthLastOfType.calculatePosition.Feature Envy,1.8.1.a,1.16.1,1.17.1,13
jsoup,1.8.1.a,org.jsoup.select,IsNthOfType,calculatePosition,Feature Envy,"checkstyle,experts",src/main/java/org/jsoup/select/Evaluator.java,src/main/java/org/jsoup/select/Evaluator.java.IsNthOfType.calculatePosition.Feature Envy,1.8.1.a,1.16.1,1.17.1,13
jsoup,1.8.1.a,org.jsoup.select,IsOnlyOfType,matches,Feature Envy,"checkstyle,experts",src/main/java/org/jsoup/select/Evaluator.java,src/main/java/org/jsoup/select/Evaluator.java.IsOnlyOfType.matches.Feature Envy,1.8.1.a,1.16.1,1.17.1,13
jsoup,1.11.1,org.jsoup.select,NodeTraversor,filter,Complex Method,"designitejava,pmd,checkstyle,experts",src/main/java/org/jsoup/select/NodeTraversor.java,src/main/java/org/jsoup/select/NodeTraversor.java.NodeTraversor.filter.Complex Method,1.11.1,1.19.1,1.19.1,9
jsoup,1.11.1,org.jsoup.select,NodeTraversor,filter,Feature Envy,"checkstyle,experts",src/main/java/org/jsoup/select/NodeTraversor.java,src/main/java/org/jsoup/select/NodeTraversor.java.NodeTraversor.filter.Feature Envy,1.11.1,1.19.1,1.19.1,9
jsoup,1.11.1,org.jsoup.select,NodeTraversor,filter,Long Method,"Decor,experts",src/main/java/org/jsoup/select/NodeTraversor.java,src/main/java/org/jsoup/select/NodeTraversor.java.NodeTraversor.filter.Long Method,1.11.1,1.19.1,1.19.1,9
jsoup,1.14.1,org.jsoup.select,NodeTraversor,traverse,Complex Method,"pmd,experts",src/main/java/org/jsoup/select/NodeTraversor.java,src/main/java/org/jsoup/select/NodeTraversor.java.NodeTraversor.traverse.Complex Method,1.14.1,1.19.1,1.19.1,6
jsoup,1.3.1,org.jsoup.select,NodeTraversor,traverse,Feature Envy,"designitejava,checkstyle,experts",src/main/java/org/jsoup/select/NodeTraversor.java,src/main/java/org/jsoup/select/NodeTraversor.java.NodeTraversor.traverse.Feature Envy,1.3.1,1.19.1,1.19.1,21
jsoup,1.3.1,org.jsoup.select,NodeTraversor,traverse,Long Method,"Decor,experts",src/main/java/org/jsoup/select/NodeTraversor.java,src/main/java/org/jsoup/select/NodeTraversor.java.NodeTraversor.traverse.Long Method,1.3.1,1.8.3,1.9.1a,9
jsoup,1.5.1,org.jsoup.select,QueryParser,,God Class,"pmd,experts",src/main/java/org/jsoup/select/QueryParser.java,src/main/java/org/jsoup/select/QueryParser.java.QueryParser..God Class,1.5.1,1.19.1,1.19.1,19
jsoup,1.5.1,org.jsoup.select,QueryParser,byAttribute,Complex Method,"designitejava,experts",src/main/java/org/jsoup/select/QueryParser.java,src/main/java/org/jsoup/select/QueryParser.java.QueryParser.byAttribute.Complex Method,1.5.1,1.19.1,1.19.1,19
jsoup,1.5.1,org.jsoup.select,QueryParser,byAttribute,Feature Envy,"checkstyle,experts",src/main/java/org/jsoup/select/QueryParser.java,src/main/java/org/jsoup/select/QueryParser.java.QueryParser.byAttribute.Feature Envy,1.5.1,1.19.1,1.19.1,19
jsoup,1.7.1,org.jsoup.select,QueryParser,combinator,Complex Method,"designitejava,pmd,checkstyle,experts",src/main/java/org/jsoup/select/QueryParser.java,src/main/java/org/jsoup/select/QueryParser.java.QueryParser.combinator.Complex Method,1.7.1,1.19.1,1.19.1,17
jsoup,1.17.1,org.jsoup.select,QueryParser,combinator,Long Method,"Decor,experts",src/main/java/org/jsoup/select/QueryParser.java,src/main/java/org/jsoup/select/QueryParser.java.QueryParser.combinator.Long Method,1.17.1,1.19.1,1.19.1,3
jsoup,1.17.1,org.jsoup.select,QueryParser,consumeEvaluator,Feature Envy,"checkstyle,experts",src/main/java/org/jsoup/select/QueryParser.java,src/main/java/org/jsoup/select/QueryParser.java.QueryParser.consumeEvaluator.Feature Envy,1.17.1,1.19.1,1.19.1,3
jsoup,1.18.1,org.jsoup.select,QueryParser,consumeSubQuery,Complex Method,"designitejava,pmd,experts",src/main/java/org/jsoup/select/QueryParser.java,src/main/java/org/jsoup/select/QueryParser.java.QueryParser.consumeSubQuery.Complex Method,1.18.1,1.19.1,1.19.1,2
jsoup,1.5.1,org.jsoup.select,QueryParser,consumeSubQuery,Feature Envy,"designitejava,checkstyle,experts",src/main/java/org/jsoup/select/QueryParser.java,src/main/java/org/jsoup/select/QueryParser.java.QueryParser.consumeSubQuery.Feature Envy,1.5.1,1.19.1,1.19.1,19
jsoup,1.8.1.a,org.jsoup.select,QueryParser,cssNthChild,Complex Method,"designitejava,pmd,experts",src/main/java/org/jsoup/select/QueryParser.java,src/main/java/org/jsoup/select/QueryParser.java.QueryParser.cssNthChild.Complex Method,1.8.1.a,1.19.1,1.19.1,16
jsoup,1.5.1,org.jsoup.select,QueryParser,findElements,Complex Method,"designitejava,pmd,checkstyle,experts",src/main/java/org/jsoup/select/QueryParser.java,src/main/java/org/jsoup/select/QueryParser.java.QueryParser.findElements.Complex Method,1.5.1,1.16.1,1.17.1,16
jsoup,1.5.1,org.jsoup.select,QueryParser,findElements,Feature Envy,"checkstyle,experts",src/main/java/org/jsoup/select/QueryParser.java,src/main/java/org/jsoup/select/QueryParser.java.QueryParser.findElements.Feature Envy,1.5.1,1.16.1,1.17.1,16
jsoup,1.5.1,org.jsoup.select,QueryParser,findElements,Long Method,"Decor,experts",src/main/java/org/jsoup/select/QueryParser.java,src/main/java/org/jsoup/select/QueryParser.java.QueryParser.findElements.Long Method,1.5.1,1.6.0,1.7.1,2
jsoup,1.5.1,org.jsoup.select,QueryParser,parse,Complex Method,"designitejava,experts",src/main/java/org/jsoup/select/QueryParser.java,src/main/java/org/jsoup/select/QueryParser.java.QueryParser.parse.Complex Method,1.5.1,1.6.0,1.7.1,2
jsoup,1.5.1,org.jsoup.select,QueryParser,parse,Feature Envy,"checkstyle,experts",src/main/java/org/jsoup/select/QueryParser.java,src/main/java/org/jsoup/select/QueryParser.java.QueryParser.parse.Feature Envy,1.5.1,1.19.1,1.19.1,19
jsoup,1.17.1,org.jsoup.select,QueryParser,parsePseudoSelector,Complex Method,"designitejava,checkstyle,experts",src/main/java/org/jsoup/select/QueryParser.java,src/main/java/org/jsoup/select/QueryParser.java.QueryParser.parsePseudoSelector.Complex Method,1.17.1,1.19.1,1.19.1,3
jsoup,0.1.1,org.jsoup.select,Selector,,God Class,"pmd,experts",src/main/java/org/jsoup/select/Selector.java,src/main/java/org/jsoup/select/Selector.java.Selector..God Class,0.1.1,1.4.1,1.5.1,9
jsoup,1.3.1,org.jsoup.select,Selector,Selector,Feature Envy,"checkstyle,experts",src/main/java/org/jsoup/select/Selector.java,src/main/java/org/jsoup/select/Selector.java.Selector.Selector.Feature Envy,1.3.1,1.10.1,1.11.1,12
jsoup,1.3.1,org.jsoup.select,Selector,byAttribute,Complex Method,"designitejava,experts",src/main/java/org/jsoup/select/Selector.java,src/main/java/org/jsoup/select/Selector.java.Selector.byAttribute.Complex Method,1.3.1,1.4.1,1.5.1,2
jsoup,0.1.1,org.jsoup.select,Selector,byAttribute,Feature Envy,"designitejava,checkstyle,experts",src/main/java/org/jsoup/select/Selector.java,src/main/java/org/jsoup/select/Selector.java.Selector.byAttribute.Feature Envy,0.1.1,1.4.1,1.5.1,9
jsoup,0.2.1a,org.jsoup.select,Selector,byAttribute,Long Method,"Decor,experts",src/main/java/org/jsoup/select/Selector.java,src/main/java/org/jsoup/select/Selector.java.Selector.byAttribute.Long Method,0.2.1a,0.3.1,1.1.1,4
jsoup,0.2.1a,org.jsoup.select,Selector,filterForAdjacentSiblings,Feature Envy,"checkstyle,experts",src/main/java/org/jsoup/select/Selector.java,src/main/java/org/jsoup/select/Selector.java.Selector.filterForAdjacentSiblings.Feature Envy,0.2.1a,1.4.1,1.5.1,8
jsoup,0.2.1a,org.jsoup.select,Selector,filterForChildren,Feature Envy,"checkstyle,experts",src/main/java/org/jsoup/select/Selector.java,src/main/java/org/jsoup/select/Selector.java.Selector.filterForChildren.Feature Envy,0.2.1a,1.4.1,1.5.1,8
jsoup,0.2.1a,org.jsoup.select,Selector,filterForGeneralSiblings,Feature Envy,"checkstyle,experts",src/main/java/org/jsoup/select/Selector.java,src/main/java/org/jsoup/select/Selector.java.Selector.filterForGeneralSiblings.Feature Envy,0.2.1a,1.4.1,1.5.1,8
jsoup,1.1.1,org.jsoup.select,Selector,findElements,Complex Method,"designitejava,experts",src/main/java/org/jsoup/select/Selector.java,src/main/java/org/jsoup/select/Selector.java.Selector.findElements.Complex Method,1.1.1,1.4.1,1.5.1,4
jsoup,0.1.1,org.jsoup.select,Selector,findElements,Feature Envy,"checkstyle,experts",src/main/java/org/jsoup/select/Selector.java,src/main/java/org/jsoup/select/Selector.java.Selector.findElements.Feature Envy,0.1.1,1.4.1,1.5.1,9
jsoup,1.2.1,org.jsoup.select,Selector,findElements,Long Method,"Decor,experts",src/main/java/org/jsoup/select/Selector.java,src/main/java/org/jsoup/select/Selector.java.Selector.findElements.Long Method,1.2.1,1.4.1,1.5.1,3
jsoup,1.4.1,org.jsoup.select,Selector,select,Complex Method,"designitejava,experts",src/main/java/org/jsoup/select/Selector.java,src/main/java/org/jsoup/select/Selector.java.Selector.select.Complex Method,1.4.1,1.4.1,1.5.1,1
jsoup,0.1.1,org.jsoup.select,Selector,select,Feature Envy,"checkstyle,experts",src/main/java/org/jsoup/select/Selector.java,src/main/java/org/jsoup/select/Selector.java.Selector.select.Feature Envy,0.1.1,1.4.1,1.5.1,9
jsoup,0.1.1,org.jsoup.select,Selector,select,Long Method,"Decor,experts",src/main/java/org/jsoup/select/Selector.java,src/main/java/org/jsoup/select/Selector.java.Selector.select.Long Method,0.1.1,1.1.1,1.2.1,6
jsoup,1.17.1,org.jsoup.select,Has,matches,Feature Envy,"checkstyle,experts",src/main/java/org/jsoup/select/StructuralEvaluator.java,src/main/java/org/jsoup/select/StructuralEvaluator.java.Has.matches.Feature Envy,1.17.1,1.19.1,1.19.1,3
jsoup,1.18.1,org.jsoup.select,StructuralEvaluator,matches,Complex Method,"pmd,experts",src/main/java/org/jsoup/select/StructuralEvaluator.java,src/main/java/org/jsoup/select/StructuralEvaluator.java.StructuralEvaluator.matches.Complex Method,1.18.1,1.18.1,1.19.1,1
jsoup,1.19.1,org.jsoup.helper,HttpClientExecutor,execute,Long Method,"Decor,experts",src/main/java11/org/jsoup/helper/HttpClientExecutor.java,src/main/java11/org/jsoup/helper/HttpClientExecutor.java.HttpClientExecutor.execute.Long Method,1.19.1,1.19.1,1.19.1,1
jsoup,1.9.1a,org.jsoup.helper,DataUtilTest,,God Class,"pmd,experts",src/test/java/org/jsoup/helper/DataUtilTest.java,src/test/java/org/jsoup/helper/DataUtilTest.java.DataUtilTest..God Class,1.9.1a,1.19.1,1.19.1,12
jsoup,1.18.1,org.jsoup.helper,DataUtilTest,streamerSupportsBOMinFiles,Feature Envy,"checkstyle,experts",src/test/java/org/jsoup/helper/DataUtilTest.java,src/test/java/org/jsoup/helper/DataUtilTest.java.DataUtilTest.streamerSupportsBOMinFiles.Feature Envy,1.18.1,1.19.1,1.19.1,2
jsoup,1.18.1,org.jsoup.helper,DataUtilTest,streamerSupportsBOMinFiles,Long Method,"Decor,experts",src/test/java/org/jsoup/helper/DataUtilTest.java,src/test/java/org/jsoup/helper/DataUtilTest.java.DataUtilTest.streamerSupportsBOMinFiles.Long Method,1.18.1,1.19.1,1.19.1,2
jsoup,1.9.1a,org.jsoup.helper,DataUtilTest,supportsBOMinFiles,Feature Envy,"checkstyle,experts",src/test/java/org/jsoup/helper/DataUtilTest.java,src/test/java/org/jsoup/helper/DataUtilTest.java.DataUtilTest.supportsBOMinFiles.Feature Envy,1.9.1a,1.19.1,1.19.1,12
jsoup,1.9.1a,org.jsoup.helper,DataUtilTest,supportsBOMinFiles,Long Method,"Decor,experts",src/test/java/org/jsoup/helper/DataUtilTest.java,src/test/java/org/jsoup/helper/DataUtilTest.java.DataUtilTest.supportsBOMinFiles.Long Method,1.9.1a,1.12.1,1.13.1,5
jsoup,1.4.1,org.jsoup.helper,HttpConnectionTest,,God Class,"pmd,experts",src/test/java/org/jsoup/helper/HttpConnectionTest.java,src/test/java/org/jsoup/helper/HttpConnectionTest.java.HttpConnectionTest..God Class,1.4.1,1.19.1,1.19.1,20
jsoup,1.4.1,org.jsoup.helper,HttpConnectionTest,caseInsensitiveHeaders,Feature Envy,"checkstyle,experts",src/test/java/org/jsoup/helper/HttpConnectionTest.java,src/test/java/org/jsoup/helper/HttpConnectionTest.java.HttpConnectionTest.caseInsensitiveHeaders.Feature Envy,1.4.1,1.19.1,1.19.1,20
jsoup,1.4.1,org.jsoup.helper,HttpConnectionTest,caseInsensitiveHeaders,Long Method,"Decor,experts",src/test/java/org/jsoup/helper/HttpConnectionTest.java,src/test/java/org/jsoup/helper/HttpConnectionTest.java.HttpConnectionTest.caseInsensitiveHeaders.Long Method,1.4.1,1.10.1,1.11.1,11
jsoup,1.4.1,org.jsoup.helper,HttpConnectionTest,data,Feature Envy,"checkstyle,experts",src/test/java/org/jsoup/helper/HttpConnectionTest.java,src/test/java/org/jsoup/helper/HttpConnectionTest.java.HttpConnectionTest.data.Feature Envy,1.4.1,1.19.1,1.19.1,20
jsoup,1.10.1,org.jsoup.helper,HttpConnectionTest,headers,Feature Envy,"checkstyle,experts",src/test/java/org/jsoup/helper/HttpConnectionTest.java,src/test/java/org/jsoup/helper/HttpConnectionTest.java.HttpConnectionTest.headers.Feature Envy,1.10.1,1.19.1,1.19.1,10
jsoup,1.8.2,org.jsoup.helper,HttpConnectionTest,inputStream,Feature Envy,"checkstyle,experts",src/test/java/org/jsoup/helper/HttpConnectionTest.java,src/test/java/org/jsoup/helper/HttpConnectionTest.java.HttpConnectionTest.inputStream.Feature Envy,1.8.2,1.19.1,1.19.1,15
jsoup,1.4.1,org.jsoup.helper,HttpConnectionTest,method,Feature Envy,"checkstyle,experts",src/test/java/org/jsoup/helper/HttpConnectionTest.java,src/test/java/org/jsoup/helper/HttpConnectionTest.java.HttpConnectionTest.method.Feature Envy,1.4.1,1.19.1,1.19.1,20
jsoup,1.11.1,org.jsoup.helper,HttpConnectionTest,multipleHeaders,Feature Envy,"checkstyle,experts",src/test/java/org/jsoup/helper/HttpConnectionTest.java,src/test/java/org/jsoup/helper/HttpConnectionTest.java.HttpConnectionTest.multipleHeaders.Feature Envy,1.11.1,1.19.1,1.19.1,9
jsoup,1.11.1,org.jsoup.helper,HttpConnectionTest,multipleHeaders,Long Method,"Decor,experts",src/test/java/org/jsoup/helper/HttpConnectionTest.java,src/test/java/org/jsoup/helper/HttpConnectionTest.java.HttpConnectionTest.multipleHeaders.Long Method,1.11.1,1.19.1,1.19.1,9
jsoup,1.17.1,org.jsoup.helper,HttpConnectionTest,setAuth,Feature Envy,"checkstyle,experts",src/test/java/org/jsoup/helper/HttpConnectionTest.java,src/test/java/org/jsoup/helper/HttpConnectionTest.java.HttpConnectionTest.setAuth.Feature Envy,1.17.1,1.19.1,1.19.1,3
jsoup,1.11.1,org.jsoup.helper,HttpConnectionTest,timeout,Feature Envy,"checkstyle,experts",src/test/java/org/jsoup/helper/HttpConnectionTest.java,src/test/java/org/jsoup/helper/HttpConnectionTest.java.HttpConnectionTest.timeout.Feature Envy,1.11.1,1.19.1,1.19.1,9
jsoup,1.11.1,org.jsoup.helper,HttpConnectionTest,userAgent,Feature Envy,"checkstyle,experts",src/test/java/org/jsoup/helper/HttpConnectionTest.java,src/test/java/org/jsoup/helper/HttpConnectionTest.java.HttpConnectionTest.userAgent.Feature Envy,1.11.1,1.19.1,1.19.1,9
jsoup,1.8.3a,org.jsoup.helper,StringUtilTest,normaliseWhiteSpace,Feature Envy,"checkstyle,experts",src/test/java/org/jsoup/helper/StringUtilTest.java,src/test/java/org/jsoup/helper/StringUtilTest.java.StringUtilTest.normaliseWhiteSpace.Feature Envy,1.8.3a,1.11.1,1.12.1,6
jsoup,1.8.3a,org.jsoup.helper,StringUtilTest,resolvesRelativeUrls,Feature Envy,"checkstyle,experts",src/test/java/org/jsoup/helper/StringUtilTest.java,src/test/java/org/jsoup/helper/StringUtilTest.java.StringUtilTest.resolvesRelativeUrls.Feature Envy,1.8.3a,1.11.1,1.12.1,6
jsoup,1.19.1,org.jsoup.helper,ValidateTest,,God Class,"pmd,experts",src/test/java/org/jsoup/helper/ValidateTest.java,src/test/java/org/jsoup/helper/ValidateTest.java.ValidateTest..God Class,1.19.1,1.19.1,1.19.1,1
jsoup,1.13.1,org.jsoup.helper,W3CDomTest,,God Class,"pmd,experts",src/test/java/org/jsoup/helper/W3CDomTest.java,src/test/java/org/jsoup/helper/W3CDomTest.java.W3CDomTest..God Class,1.13.1,1.19.1,1.19.1,7
jsoup,1.19.1,org.jsoup.helper,W3CDomTest,handlesHtmlElsWithLt,Feature Envy,"checkstyle,experts",src/test/java/org/jsoup/helper/W3CDomTest.java,src/test/java/org/jsoup/helper/W3CDomTest.java.W3CDomTest.handlesHtmlElsWithLt.Feature Envy,1.19.1,1.19.1,1.19.1,1
jsoup,1.9.1a,org.jsoup.helper,W3CDomTest,namespacePreservation,Long Method,"Decor,experts",src/test/java/org/jsoup/helper/W3CDomTest.java,src/test/java/org/jsoup/helper/W3CDomTest.java.W3CDomTest.namespacePreservation.Long Method,1.9.1a,1.16.1,1.17.1,9
jsoup,1.13.1,org.jsoup.helper,W3CDomTest,xmlnsXpathTest,Feature Envy,"checkstyle,experts",src/test/java/org/jsoup/helper/W3CDomTest.java,src/test/java/org/jsoup/helper/W3CDomTest.java.W3CDomTest.xmlnsXpathTest.Feature Envy,1.13.1,1.19.1,1.19.1,7
jsoup,1.18.1,org.jsoup.integration,ConnectIT,,God Class,"pmd,experts",src/test/java/org/jsoup/integration/ConnectIT.java,src/test/java/org/jsoup/integration/ConnectIT.java.ConnectIT..God Class,1.18.1,1.19.1,1.19.1,2
jsoup,1.15.1,org.jsoup.integration,ConnectIT,noLimitAfterFirstRead,Feature Envy,"checkstyle,experts",src/test/java/org/jsoup/integration/ConnectIT.java,src/test/java/org/jsoup/integration/ConnectIT.java.ConnectIT.noLimitAfterFirstRead.Feature Envy,1.15.1,1.16.1,1.17.1,2
jsoup,1.15.1,org.jsoup.integration,ConnectIT,remainingAfterFirstRead,Feature Envy,"checkstyle,experts",src/test/java/org/jsoup/integration/ConnectIT.java,src/test/java/org/jsoup/integration/ConnectIT.java.ConnectIT.remainingAfterFirstRead.Feature Envy,1.15.1,1.16.1,1.17.1,2
jsoup,1.15.1,org.jsoup.integration,ConnectIT,remainingAfterFirstRead,Long Method,"Decor,experts",src/test/java/org/jsoup/integration/ConnectIT.java,src/test/java/org/jsoup/integration/ConnectIT.java.ConnectIT.remainingAfterFirstRead.Long Method,1.15.1,1.19.1,1.19.1,5
jsoup,1.11.1,org.jsoup.integration,ConnectTest,,God Class,"pmd,experts",src/test/java/org/jsoup/integration/ConnectTest.java,src/test/java/org/jsoup/integration/ConnectTest.java.ConnectTest..God Class,1.11.1,1.19.1,1.19.1,9
jsoup,1.11.1,org.jsoup.integration,ConnectTest,bodyAndBytesAvailableBeforeParse,Feature Envy,"checkstyle,experts",src/test/java/org/jsoup/integration/ConnectTest.java,src/test/java/org/jsoup/integration/ConnectTest.java.ConnectTest.bodyAndBytesAvailableBeforeParse.Feature Envy,1.11.1,1.19.1,1.19.1,9
jsoup,1.14.1,org.jsoup.integration,ConnectTest,combinesSameHeadersWithComma,Feature Envy,"checkstyle,experts",src/test/java/org/jsoup/integration/ConnectTest.java,src/test/java/org/jsoup/integration/ConnectTest.java.ConnectTest.combinesSameHeadersWithComma.Feature Envy,1.14.1,1.19.1,1.19.1,6
jsoup,1.14.1,org.jsoup.integration,ConnectTest,fetchHandlesXml,Feature Envy,"checkstyle,experts",src/test/java/org/jsoup/integration/ConnectTest.java,src/test/java/org/jsoup/integration/ConnectTest.java.ConnectTest.fetchHandlesXml.Feature Envy,1.14.1,1.19.1,1.19.1,6
jsoup,1.16.1,org.jsoup.integration,ConnectTest,formLoginFlow,Feature Envy,"checkstyle,experts",src/test/java/org/jsoup/integration/ConnectTest.java,src/test/java/org/jsoup/integration/ConnectTest.java.ConnectTest.formLoginFlow.Feature Envy,1.16.1,1.19.1,1.19.1,4
jsoup,1.16.1,org.jsoup.integration,ConnectTest,formLoginFlow,Long Method,"Decor,experts",src/test/java/org/jsoup/integration/ConnectTest.java,src/test/java/org/jsoup/integration/ConnectTest.java.ConnectTest.formLoginFlow.Long Method,1.16.1,1.19.1,1.19.1,4
jsoup,1.16.1,org.jsoup.integration,ConnectTest,formLoginFlow2,Feature Envy,"checkstyle,experts",src/test/java/org/jsoup/integration/ConnectTest.java,src/test/java/org/jsoup/integration/ConnectTest.java.ConnectTest.formLoginFlow2.Feature Envy,1.16.1,1.19.1,1.19.1,4
jsoup,1.12.1,org.jsoup.integration,ConnectTest,getUtf8Bom,Feature Envy,"checkstyle,experts",src/test/java/org/jsoup/integration/ConnectTest.java,src/test/java/org/jsoup/integration/ConnectTest.java.ConnectTest.getUtf8Bom.Feature Envy,1.12.1,1.12.1,1.13.1,1
jsoup,1.13.1,org.jsoup.integration,ConnectTest,handlesUnknownEscapesAcrossBuffer,Feature Envy,"checkstyle,experts",src/test/java/org/jsoup/integration/ConnectTest.java,src/test/java/org/jsoup/integration/ConnectTest.java.ConnectTest.handlesUnknownEscapesAcrossBuffer.Feature Envy,1.13.1,1.19.1,1.19.1,7
jsoup,1.14.1,org.jsoup.integration,ConnectTest,maxBodySize,Feature Envy,"checkstyle,experts",src/test/java/org/jsoup/integration/ConnectTest.java,src/test/java/org/jsoup/integration/ConnectTest.java.ConnectTest.maxBodySize.Feature Envy,1.14.1,1.19.1,1.19.1,6
jsoup,1.16.1,org.jsoup.integration,ConnectTest,maxBodySizeInReadToByteBuffer,Feature Envy,"checkstyle,experts",src/test/java/org/jsoup/integration/ConnectTest.java,src/test/java/org/jsoup/integration/ConnectTest.java.ConnectTest.maxBodySizeInReadToByteBuffer.Feature Envy,1.16.1,1.19.1,1.19.1,4
jsoup,1.14.1,org.jsoup.integration,ConnectTest,postHtmlFile,Long Method,"Decor,experts",src/test/java/org/jsoup/integration/ConnectTest.java,src/test/java/org/jsoup/integration/ConnectTest.java.ConnectTest.postHtmlFile.Long Method,1.14.1,1.15.1,1.16.1,2
jsoup,1.18.1,org.jsoup.integration,ConnectTest,streamParserGet,Feature Envy,"checkstyle,experts",src/test/java/org/jsoup/integration/ConnectTest.java,src/test/java/org/jsoup/integration/ConnectTest.java.ConnectTest.streamParserGet.Feature Envy,1.18.1,1.19.1,1.19.1,2
jsoup,1.12.1,org.jsoup.integration,ConnectTest,testBinaryContentTypeThrowsException,Feature Envy,"checkstyle,experts",src/test/java/org/jsoup/integration/ConnectTest.java,src/test/java/org/jsoup/integration/ConnectTest.java.ConnectTest.testBinaryContentTypeThrowsException.Feature Envy,1.12.1,1.13.1,1.14.1,2
jsoup,1.12.1,org.jsoup.integration,ConnectTest,testBinaryResultThrows,Feature Envy,"checkstyle,experts",src/test/java/org/jsoup/integration/ConnectTest.java,src/test/java/org/jsoup/integration/ConnectTest.java.ConnectTest.testBinaryResultThrows.Feature Envy,1.12.1,1.12.1,1.13.1,1
jsoup,1.12.1,org.jsoup.integration,ConnectTest,testBinaryThrowsExceptionWhenTypeIgnored,Feature Envy,"checkstyle,experts",src/test/java/org/jsoup/integration/ConnectTest.java,src/test/java/org/jsoup/integration/ConnectTest.java.ConnectTest.testBinaryThrowsExceptionWhenTypeIgnored.Feature Envy,1.12.1,1.12.1,1.13.1,1
jsoup,1.13.1,org.jsoup.integration,ConnectTest,testParseRss,Feature Envy,"checkstyle,experts",src/test/java/org/jsoup/integration/ConnectTest.java,src/test/java/org/jsoup/integration/ConnectTest.java.ConnectTest.testParseRss.Feature Envy,1.13.1,1.19.1,1.19.1,7
jsoup,1.13.1,org.jsoup.integration,ConnectTest,throwsExceptionOn404,Feature Envy,"checkstyle,experts",src/test/java/org/jsoup/integration/ConnectTest.java,src/test/java/org/jsoup/integration/ConnectTest.java.ConnectTest.throwsExceptionOn404.Feature Envy,1.13.1,1.19.1,1.19.1,7
jsoup,1.8.1.a,org.jsoup.integration,ParseTest,,God Class,"pmd,experts",src/test/java/org/jsoup/integration/ParseTest.java,src/test/java/org/jsoup/integration/ParseTest.java.ParseTest..God Class,1.8.1.a,1.15.1,1.16.1,12
jsoup,0.1.1,org.jsoup.integration,ParseTest,testGoogleSearchIpod,Feature Envy,"checkstyle,experts",src/test/java/org/jsoup/integration/ParseTest.java,src/test/java/org/jsoup/integration/ParseTest.java.ParseTest.testGoogleSearchIpod.Feature Envy,0.1.1,1.15.1,1.16.1,24
jsoup,1.3.1,org.jsoup.integration,ParseTest,testHtml5Charset,Feature Envy,"checkstyle,experts",src/test/java/org/jsoup/integration/ParseTest.java,src/test/java/org/jsoup/integration/ParseTest.java.ParseTest.testHtml5Charset.Feature Envy,1.3.1,1.19.1,1.19.1,21
jsoup,0.1.1,org.jsoup.integration,ParseTest,testNewsHomepage,Feature Envy,"checkstyle,experts",src/test/java/org/jsoup/integration/ParseTest.java,src/test/java/org/jsoup/integration/ParseTest.java.ParseTest.testNewsHomepage.Feature Envy,0.1.1,1.15.1,1.16.1,24
jsoup,1.17.1,org.jsoup.integration,ProxyTest,canAuthToProxyAndServer,Feature Envy,"designitejava,experts",src/test/java/org/jsoup/integration/ProxyTest.java,src/test/java/org/jsoup/integration/ProxyTest.java.ProxyTest.canAuthToProxyAndServer.Feature Envy,1.17.1,1.19.1,1.19.1,3
jsoup,1.17.1,org.jsoup.integration,ProxyTest,canAuthenticateToProxy,Feature Envy,"designitejava,checkstyle,experts",src/test/java/org/jsoup/integration/ProxyTest.java,src/test/java/org/jsoup/integration/ProxyTest.java.ProxyTest.canAuthenticateToProxy.Feature Envy,1.17.1,1.19.1,1.19.1,3
jsoup,1.17.1,org.jsoup.integration,ProxyTest,canAuthenticateToProxy,Long Method,"Decor,experts",src/test/java/org/jsoup/integration/ProxyTest.java,src/test/java/org/jsoup/integration/ProxyTest.java.ProxyTest.canAuthenticateToProxy.Long Method,1.17.1,1.19.1,1.19.1,3
jsoup,1.17.1,org.jsoup.integration,ProxyTest,proxyForSession,Feature Envy,"checkstyle,experts",src/test/java/org/jsoup/integration/ProxyTest.java,src/test/java/org/jsoup/integration/ProxyTest.java.ProxyTest.proxyForSession.Feature Envy,1.17.1,1.19.1,1.19.1,3
jsoup,1.18.1,org.jsoup.integration,SessionIT,multiThreadWithProgressListener,Long Method,"Decor,experts",src/test/java/org/jsoup/integration/SessionIT.java,src/test/java/org/jsoup/integration/SessionIT.java.SessionIT.multiThreadWithProgressListener.Long Method,1.18.1,1.19.1,1.19.1,2
jsoup,1.14.1,org.jsoup.integration,SessionTest,assertCookieServlet,Feature Envy,"checkstyle,experts",src/test/java/org/jsoup/integration/SessionTest.java,src/test/java/org/jsoup/integration/SessionTest.java.SessionTest.assertCookieServlet.Feature Envy,1.14.1,1.19.1,1.19.1,6
jsoup,1.14.1,org.jsoup.integration,SessionTest,assertEchoServlet,Feature Envy,"checkstyle,experts",src/test/java/org/jsoup/integration/SessionTest.java,src/test/java/org/jsoup/integration/SessionTest.java.SessionTest.assertEchoServlet.Feature Envy,1.14.1,1.19.1,1.19.1,6
jsoup,1.14.1,org.jsoup.integration,SessionTest,testPathScopedCookies,Feature Envy,"checkstyle,experts",src/test/java/org/jsoup/integration/SessionTest.java,src/test/java/org/jsoup/integration/SessionTest.java.SessionTest.testPathScopedCookies.Feature Envy,1.14.1,1.19.1,1.19.1,6
jsoup,1.14.1,org.jsoup.integration,SessionTest,testPathScopedCookies,Long Method,"Decor,experts",src/test/java/org/jsoup/integration/SessionTest.java,src/test/java/org/jsoup/integration/SessionTest.java.SessionTest.testPathScopedCookies.Long Method,1.14.1,1.19.1,1.19.1,6
jsoup,1.5.1,org.jsoup.integration,UrlConnectTest,,God Class,"pmd,experts",src/test/java/org/jsoup/integration/UrlConnectTest.java,src/test/java/org/jsoup/integration/UrlConnectTest.java.UrlConnectTest..God Class,1.5.1,1.19.1,1.19.1,19
jsoup,1.10.1,org.jsoup.integration,UrlConnectTest,canSpecifyResponseCharset,Feature Envy,"checkstyle,experts",src/test/java/org/jsoup/integration/UrlConnectTest.java,src/test/java/org/jsoup/integration/UrlConnectTest.java.UrlConnectTest.canSpecifyResponseCharset.Feature Envy,1.10.1,1.19.1,1.19.1,10
jsoup,1.10.1,org.jsoup.integration,UrlConnectTest,canSpecifyResponseCharset,Long Method,"Decor,experts",src/test/java/org/jsoup/integration/UrlConnectTest.java,src/test/java/org/jsoup/integration/UrlConnectTest.java.UrlConnectTest.canSpecifyResponseCharset.Long Method,1.10.1,1.19.1,1.19.1,10
jsoup,1.9.1a,org.jsoup.integration,UrlConnectTest,combinesSameHeadersWithComma,Feature Envy,"checkstyle,experts",src/test/java/org/jsoup/integration/UrlConnectTest.java,src/test/java/org/jsoup/integration/UrlConnectTest.java.UrlConnectTest.combinesSameHeadersWithComma.Feature Envy,1.9.1a,1.13.1,1.14.1,6
jsoup,1.7.1,org.jsoup.integration,UrlConnectTest,exceptOnUnknownContentType,Feature Envy,"checkstyle,experts",src/test/java/org/jsoup/integration/UrlConnectTest.java,src/test/java/org/jsoup/integration/UrlConnectTest.java.UrlConnectTest.exceptOnUnknownContentType.Feature Envy,1.7.1,1.19.1,1.19.1,17
jsoup,1.3.1,org.jsoup.integration,UrlConnectTest,fetchBaidu,Feature Envy,"checkstyle,experts",src/test/java/org/jsoup/integration/UrlConnectTest.java,src/test/java/org/jsoup/integration/UrlConnectTest.java.UrlConnectTest.fetchBaidu.Feature Envy,1.3.1,1.19.1,1.19.1,21
jsoup,1.10.1,org.jsoup.integration,UrlConnectTest,handles200WithNoContent,Feature Envy,"checkstyle,experts",src/test/java/org/jsoup/integration/UrlConnectTest.java,src/test/java/org/jsoup/integration/UrlConnectTest.java.UrlConnectTest.handles200WithNoContent.Feature Envy,1.10.1,1.19.1,1.19.1,10
jsoup,1.7.1,org.jsoup.integration,UrlConnectTest,handlesDodgyCharset,Feature Envy,"checkstyle,experts",src/test/java/org/jsoup/integration/UrlConnectTest.java,src/test/java/org/jsoup/integration/UrlConnectTest.java.UrlConnectTest.handlesDodgyCharset.Feature Envy,1.7.1,1.19.1,1.19.1,17
jsoup,1.8.2,org.jsoup.integration,UrlConnectTest,ignores200NoWithContentExceptionIfSoConfigured,Feature Envy,"checkstyle,experts",src/test/java/org/jsoup/integration/UrlConnectTest.java,src/test/java/org/jsoup/integration/UrlConnectTest.java.UrlConnectTest.ignores200NoWithContentExceptionIfSoConfigured.Feature Envy,1.8.2,1.9.1,1.10.1,5
jsoup,1.10.1,org.jsoup.integration,UrlConnectTest,ignores200WithNoContentExceptionIfSoConfigured,Feature Envy,"checkstyle,experts",src/test/java/org/jsoup/integration/UrlConnectTest.java,src/test/java/org/jsoup/integration/UrlConnectTest.java.UrlConnectTest.ignores200WithNoContentExceptionIfSoConfigured.Feature Envy,1.10.1,1.19.1,1.19.1,10
jsoup,1.8.2,org.jsoup.integration,UrlConnectTest,ignores500NoWithContentExceptionIfSoConfigured,Feature Envy,"checkstyle,experts",src/test/java/org/jsoup/integration/UrlConnectTest.java,src/test/java/org/jsoup/integration/UrlConnectTest.java.UrlConnectTest.ignores500NoWithContentExceptionIfSoConfigured.Feature Envy,1.8.2,1.9.1,1.10.1,5
jsoup,1.10.1,org.jsoup.integration,UrlConnectTest,ignores500WithNoContentExceptionIfSoConfigured,Feature Envy,"checkstyle,experts",src/test/java/org/jsoup/integration/UrlConnectTest.java,src/test/java/org/jsoup/integration/UrlConnectTest.java.UrlConnectTest.ignores500WithNoContentExceptionIfSoConfigured.Feature Envy,1.10.1,1.19.1,1.19.1,10
jsoup,1.8.2,org.jsoup.integration,UrlConnectTest,ignores500tExceptionIfSoConfigured,Feature Envy,"checkstyle,experts",src/test/java/org/jsoup/integration/UrlConnectTest.java,src/test/java/org/jsoup/integration/UrlConnectTest.java.UrlConnectTest.ignores500tExceptionIfSoConfigured.Feature Envy,1.8.2,1.19.1,1.19.1,15
jsoup,1.8.1.a,org.jsoup.integration,UrlConnectTest,maxBodySize,Feature Envy,"checkstyle,experts",src/test/java/org/jsoup/integration/UrlConnectTest.java,src/test/java/org/jsoup/integration/UrlConnectTest.java.UrlConnectTest.maxBodySize.Feature Envy,1.8.1.a,1.13.1,1.14.1,10
jsoup,1.8.1.a,org.jsoup.integration,UrlConnectTest,maxBodySize,Long Method,"Decor,experts",src/test/java/org/jsoup/integration/UrlConnectTest.java,src/test/java/org/jsoup/integration/UrlConnectTest.java.UrlConnectTest.maxBodySize.Long Method,1.8.1.a,1.9.1,1.10.1,6
jsoup,1.8.2,org.jsoup.integration,UrlConnectTest,postHtmlFile,Feature Envy,"checkstyle,experts",src/test/java/org/jsoup/integration/UrlConnectTest.java,src/test/java/org/jsoup/integration/UrlConnectTest.java.UrlConnectTest.postHtmlFile.Feature Envy,1.8.2,1.8.3,1.9.1a,3
jsoup,1.9.1a,org.jsoup.integration,UrlConnectTest,proxyGetAndSet,Feature Envy,"checkstyle,experts",src/test/java/org/jsoup/integration/UrlConnectTest.java,src/test/java/org/jsoup/integration/UrlConnectTest.java.UrlConnectTest.proxyGetAndSet.Feature Envy,1.9.1a,1.19.1,1.19.1,12
jsoup,1.7.1,org.jsoup.integration,UrlConnectTest,throwsExceptionOnError,Feature Envy,"checkstyle,experts",src/test/java/org/jsoup/integration/UrlConnectTest.java,src/test/java/org/jsoup/integration/UrlConnectTest.java.UrlConnectTest.throwsExceptionOnError.Feature Envy,1.7.1,1.12.1,1.13.1,10
jsoup,1.19.1,org.jsoup.integration.servlets,CookieServlet,setCookies,Long Method,"Decor,experts",src/test/java/org/jsoup/integration/servlets/CookieServlet.java,src/test/java/org/jsoup/integration/servlets/CookieServlet.java.CookieServlet.setCookies.Long Method,1.19.1,1.19.1,1.19.1,1
jsoup,1.13.1,org.jsoup.integration.servlets,EchoServlet,doIt,Complex Method,"designitejava,experts",src/test/java/org/jsoup/integration/servlets/EchoServlet.java,src/test/java/org/jsoup/integration/servlets/EchoServlet.java.EchoServlet.doIt.Complex Method,1.13.1,1.19.1,1.19.1,7
jsoup,1.11.1,org.jsoup.integration.servlets,EchoServlet,doIt,Long Method,"Decor,experts",src/test/java/org/jsoup/integration/servlets/EchoServlet.java,src/test/java/org/jsoup/integration/servlets/EchoServlet.java.EchoServlet.doIt.Long Method,1.11.1,1.16.1,1.17.1,6
jsoup,1.11.1,org.jsoup.integration.servlets,SlowRider,doGet,Long Method,"Decor,experts",src/test/java/org/jsoup/integration/servlets/SlowRider.java,src/test/java/org/jsoup/integration/servlets/SlowRider.java.SlowRider.doGet.Long Method,1.11.1,1.16.1,1.17.1,6
jsoup,1.18.1,org.jsoup.integration.servlets,SlowRider,doIt,Complex Method,"designitejava,experts",src/test/java/org/jsoup/integration/servlets/SlowRider.java,src/test/java/org/jsoup/integration/servlets/SlowRider.java.SlowRider.doIt.Complex Method,1.18.1,1.19.1,1.19.1,2
jsoup,1.17.1,org.jsoup.integration.servlets,SlowRider,doIt,Long Method,"Decor,experts",src/test/java/org/jsoup/integration/servlets/SlowRider.java,src/test/java/org/jsoup/integration/servlets/SlowRider.java.SlowRider.doIt.Long Method,1.17.1,1.19.1,1.19.1,3
jsoup,1.11.1,org.jsoup.internal,ConstrainableInputStreamTest,remainingAfterFirstRead,Long Method,"Decor,experts",src/test/java/org/jsoup/internal/ConstrainableInputStreamTest.java,src/test/java/org/jsoup/internal/ConstrainableInputStreamTest.java.ConstrainableInputStreamTest.remainingAfterFirstRead.Long Method,1.11.1,1.14.1,1.15.1,4
jsoup,1.19.1,org.jsoup.internal,SoftPoolTest,testSoftLocalPool,Complex Method,"designitejava,experts",src/test/java/org/jsoup/internal/SoftPoolTest.java,src/test/java/org/jsoup/internal/SoftPoolTest.java.SoftPoolTest.testSoftLocalPool.Complex Method,1.19.1,1.19.1,1.19.1,1
jsoup,1.19.1,org.jsoup.internal,SoftPoolTest,testSoftLocalPool,Long Method,"Decor,experts",src/test/java/org/jsoup/internal/SoftPoolTest.java,src/test/java/org/jsoup/internal/SoftPoolTest.java.SoftPoolTest.testSoftLocalPool.Long Method,1.19.1,1.19.1,1.19.1,1
jsoup,1.16.1,org.jsoup.internal,StringUtilTest,,God Class,"pmd,experts",src/test/java/org/jsoup/internal/StringUtilTest.java,src/test/java/org/jsoup/internal/StringUtilTest.java.StringUtilTest..God Class,1.16.1,1.19.1,1.19.1,4
jsoup,1.12.1,org.jsoup.internal,StringUtilTest,isBlank,Feature Envy,"checkstyle,experts",src/test/java/org/jsoup/internal/StringUtilTest.java,src/test/java/org/jsoup/internal/StringUtilTest.java.StringUtilTest.isBlank.Feature Envy,1.12.1,1.13.1,1.14.1,2
jsoup,1.12.1,org.jsoup.internal,StringUtilTest,isNumeric,Feature Envy,"checkstyle,experts",src/test/java/org/jsoup/internal/StringUtilTest.java,src/test/java/org/jsoup/internal/StringUtilTest.java.StringUtilTest.isNumeric.Feature Envy,1.12.1,1.13.1,1.14.1,2
jsoup,1.12.1,org.jsoup.internal,StringUtilTest,isWhitespace,Feature Envy,"checkstyle,experts",src/test/java/org/jsoup/internal/StringUtilTest.java,src/test/java/org/jsoup/internal/StringUtilTest.java.StringUtilTest.isWhitespace.Feature Envy,1.12.1,1.13.1,1.14.1,2
jsoup,1.12.1,org.jsoup.internal,StringUtilTest,join,Feature Envy,"checkstyle,experts",src/test/java/org/jsoup/internal/StringUtilTest.java,src/test/java/org/jsoup/internal/StringUtilTest.java.StringUtilTest.join.Feature Envy,1.12.1,1.13.1,1.14.1,2
jsoup,1.12.1,org.jsoup.internal,StringUtilTest,normaliseWhiteSpace,Feature Envy,"checkstyle,experts",src/test/java/org/jsoup/internal/StringUtilTest.java,src/test/java/org/jsoup/internal/StringUtilTest.java.StringUtilTest.normaliseWhiteSpace.Feature Envy,1.12.1,1.19.1,1.19.1,8
jsoup,1.12.1,org.jsoup.internal,StringUtilTest,padding,Feature Envy,"checkstyle,experts",src/test/java/org/jsoup/internal/StringUtilTest.java,src/test/java/org/jsoup/internal/StringUtilTest.java.StringUtilTest.padding.Feature Envy,1.12.1,1.13.1,1.14.1,2
jsoup,1.12.1,org.jsoup.internal,StringUtilTest,resolvesRelativeUrls,Feature Envy,"checkstyle,experts",src/test/java/org/jsoup/internal/StringUtilTest.java,src/test/java/org/jsoup/internal/StringUtilTest.java.StringUtilTest.resolvesRelativeUrls.Feature Envy,1.12.1,1.19.1,1.19.1,8
jsoup,1.14.1,org.jsoup.internal,StringUtilTest,resolvesRelativeUrls,Long Method,"Decor,experts",src/test/java/org/jsoup/internal/StringUtilTest.java,src/test/java/org/jsoup/internal/StringUtilTest.java.StringUtilTest.resolvesRelativeUrls.Long Method,1.14.1,1.19.1,1.19.1,6
jsoup,1.13.1,org.jsoup.nodes,AttributesTest,,God Class,"pmd,experts",src/test/java/org/jsoup/nodes/AttributesTest.java,src/test/java/org/jsoup/nodes/AttributesTest.java.AttributesTest..God Class,1.13.1,1.19.1,1.19.1,7
jsoup,1.10.1,org.jsoup.nodes,AttributesTest,html,Long Method,"Decor,experts",src/test/java/org/jsoup/nodes/AttributesTest.java,src/test/java/org/jsoup/nodes/AttributesTest.java.AttributesTest.html.Long Method,1.10.1,1.19.1,1.19.1,10
jsoup,1.10.1,org.jsoup.nodes,BuildEntities,main,Long Method,"Decor,experts",src/test/java/org/jsoup/nodes/BuildEntities.java,src/test/java/org/jsoup/nodes/BuildEntities.java.BuildEntities.main.Long Method,1.10.1,1.19.1,1.19.1,10
jsoup,1.13.1,org.jsoup.nodes,CommentTest,testClone,Feature Envy,"designitejava,experts",src/test/java/org/jsoup/nodes/CommentTest.java,src/test/java/org/jsoup/nodes/CommentTest.java.CommentTest.testClone.Feature Envy,1.13.1,1.19.1,1.19.1,7
jsoup,1.8.1.a,org.jsoup.nodes,DocumentTest,,God Class,"pmd,experts",src/test/java/org/jsoup/nodes/DocumentTest.java,src/test/java/org/jsoup/nodes/DocumentTest.java.DocumentTest..God Class,1.8.1.a,1.19.1,1.19.1,16
jsoup,1.8.2,org.jsoup.nodes,DocumentTest,DocumentsWithSameContentAreEqual,Feature Envy,"checkstyle,experts",src/test/java/org/jsoup/nodes/DocumentTest.java,src/test/java/org/jsoup/nodes/DocumentTest.java.DocumentTest.DocumentsWithSameContentAreEqual.Feature Envy,1.8.2,1.19.1,1.19.1,15
jsoup,1.13.1,org.jsoup.nodes,DocumentTest,DocumentsWithSameContentAreVerifiable,Feature Envy,"checkstyle,experts",src/test/java/org/jsoup/nodes/DocumentTest.java,src/test/java/org/jsoup/nodes/DocumentTest.java.DocumentTest.DocumentsWithSameContentAreVerifiable.Feature Envy,1.13.1,1.19.1,1.19.1,7
jsoup,1.9.1a,org.jsoup.nodes,DocumentTest,DocumentsWithSameContentAreVerifialbe,Feature Envy,"checkstyle,experts",src/test/java/org/jsoup/nodes/DocumentTest.java,src/test/java/org/jsoup/nodes/DocumentTest.java.DocumentTest.DocumentsWithSameContentAreVerifialbe.Feature Envy,1.9.1a,1.12.1,1.13.1,5
jsoup,1.4.1,org.jsoup.nodes,DocumentTest,testClone,Feature Envy,"checkstyle,experts",src/test/java/org/jsoup/nodes/DocumentTest.java,src/test/java/org/jsoup/nodes/DocumentTest.java.DocumentTest.testClone.Feature Envy,1.4.1,1.19.1,1.19.1,20
jsoup,1.7.1,org.jsoup.nodes,DocumentTest,testTitles,Feature Envy,"checkstyle,experts",src/test/java/org/jsoup/nodes/DocumentTest.java,src/test/java/org/jsoup/nodes/DocumentTest.java.DocumentTest.testTitles.Feature Envy,1.7.1,1.19.1,1.19.1,17
jsoup,1.13.1,org.jsoup.nodes,ElementIT,testFastReparentExistingContent,Long Method,"Decor,experts",src/test/java/org/jsoup/nodes/ElementIT.java,src/test/java/org/jsoup/nodes/ElementIT.java.ElementIT.testFastReparentExistingContent.Long Method,1.13.1,1.19.1,1.19.1,7
jsoup,0.1.1,org.jsoup.nodes,ElementTest,,God Class,"pmd,experts",src/test/java/org/jsoup/nodes/ElementTest.java,src/test/java/org/jsoup/nodes/ElementTest.java.ElementTest..God Class,0.1.1,1.19.1,1.19.1,28
jsoup,1.3.1,org.jsoup.nodes,ElementTest,dataset,Long Method,"Decor,experts",src/test/java/org/jsoup/nodes/ElementTest.java,src/test/java/org/jsoup/nodes/ElementTest.java.ElementTest.dataset.Long Method,1.3.1,1.8.1.a,1.8.2,6
jsoup,1.16.1,org.jsoup.nodes,ElementTest,doctypeIsPrettyPrinted,Feature Envy,"checkstyle,experts",src/test/java/org/jsoup/nodes/ElementTest.java,src/test/java/org/jsoup/nodes/ElementTest.java.ElementTest.doctypeIsPrettyPrinted.Feature Envy,1.16.1,1.19.1,1.19.1,4
jsoup,1.7.1,org.jsoup.nodes,ElementTest,elementIsNotASiblingOfItself,Feature Envy,"checkstyle,experts",src/test/java/org/jsoup/nodes/ElementTest.java,src/test/java/org/jsoup/nodes/ElementTest.java.ElementTest.elementIsNotASiblingOfItself.Feature Envy,1.7.1,1.19.1,1.19.1,17
jsoup,1.14.1,org.jsoup.nodes,ElementTest,emptyChildrenElementsIsModifiable,Feature Envy,"checkstyle,experts",src/test/java/org/jsoup/nodes/ElementTest.java,src/test/java/org/jsoup/nodes/ElementTest.java.ElementTest.emptyChildrenElementsIsModifiable.Feature Envy,1.14.1,1.19.1,1.19.1,6
jsoup,1.16.1,org.jsoup.nodes,ElementTest,getElementsByAttributeStarting,Feature Envy,"checkstyle,experts",src/test/java/org/jsoup/nodes/ElementTest.java,src/test/java/org/jsoup/nodes/ElementTest.java.ElementTest.getElementsByAttributeStarting.Feature Envy,1.16.1,1.19.1,1.19.1,4
jsoup,1.16.1,org.jsoup.nodes,ElementTest,getElementsByAttributeValueContaining,Feature Envy,"checkstyle,experts",src/test/java/org/jsoup/nodes/ElementTest.java,src/test/java/org/jsoup/nodes/ElementTest.java.ElementTest.getElementsByAttributeValueContaining.Feature Envy,1.16.1,1.19.1,1.19.1,4
jsoup,1.16.1,org.jsoup.nodes,ElementTest,getElementsByAttributeValueEnding,Feature Envy,"checkstyle,experts",src/test/java/org/jsoup/nodes/ElementTest.java,src/test/java/org/jsoup/nodes/ElementTest.java.ElementTest.getElementsByAttributeValueEnding.Feature Envy,1.16.1,1.19.1,1.19.1,4
jsoup,1.16.1,org.jsoup.nodes,ElementTest,getElementsByAttributeValueMatching,Feature Envy,"checkstyle,experts",src/test/java/org/jsoup/nodes/ElementTest.java,src/test/java/org/jsoup/nodes/ElementTest.java.ElementTest.getElementsByAttributeValueMatching.Feature Envy,1.16.1,1.19.1,1.19.1,4
jsoup,1.16.1,org.jsoup.nodes,ElementTest,getElementsByAttributeValueMatchingPattern,Feature Envy,"checkstyle,experts",src/test/java/org/jsoup/nodes/ElementTest.java,src/test/java/org/jsoup/nodes/ElementTest.java.ElementTest.getElementsByAttributeValueMatchingPattern.Feature Envy,1.16.1,1.19.1,1.19.1,4
jsoup,1.16.1,org.jsoup.nodes,ElementTest,getElementsByAttributeValueNot,Feature Envy,"checkstyle,experts",src/test/java/org/jsoup/nodes/ElementTest.java,src/test/java/org/jsoup/nodes/ElementTest.java.ElementTest.getElementsByAttributeValueNot.Feature Envy,1.16.1,1.19.1,1.19.1,4
jsoup,1.16.1,org.jsoup.nodes,ElementTest,getElementsByAttributeValueStarting,Feature Envy,"checkstyle,experts",src/test/java/org/jsoup/nodes/ElementTest.java,src/test/java/org/jsoup/nodes/ElementTest.java.ElementTest.getElementsByAttributeValueStarting.Feature Envy,1.16.1,1.19.1,1.19.1,4
jsoup,1.16.1,org.jsoup.nodes,ElementTest,getElementsByIndexEquals,Feature Envy,"checkstyle,experts",src/test/java/org/jsoup/nodes/ElementTest.java,src/test/java/org/jsoup/nodes/ElementTest.java.ElementTest.getElementsByIndexEquals.Feature Envy,1.16.1,1.19.1,1.19.1,4
jsoup,0.1.1,org.jsoup.nodes,ElementTest,getElementsByTagName,Long Method,"Decor,experts",src/test/java/org/jsoup/nodes/ElementTest.java,src/test/java/org/jsoup/nodes/ElementTest.java.ElementTest.getElementsByTagName.Long Method,0.1.1,0.3.1,1.1.1,5
jsoup,1.16.1,org.jsoup.nodes,ElementTest,getElementsContainingText,Feature Envy,"checkstyle,experts",src/test/java/org/jsoup/nodes/ElementTest.java,src/test/java/org/jsoup/nodes/ElementTest.java.ElementTest.getElementsContainingText.Feature Envy,1.16.1,1.19.1,1.19.1,4
jsoup,1.16.1,org.jsoup.nodes,ElementTest,getElementsMatchingText,Feature Envy,"checkstyle,experts",src/test/java/org/jsoup/nodes/ElementTest.java,src/test/java/org/jsoup/nodes/ElementTest.java.ElementTest.getElementsMatchingText.Feature Envy,1.16.1,1.19.1,1.19.1,4
jsoup,1.3.1,org.jsoup.nodes,ElementTest,getNamespacedElementsByTag,Feature Envy,"checkstyle,experts",src/test/java/org/jsoup/nodes/ElementTest.java,src/test/java/org/jsoup/nodes/ElementTest.java.ElementTest.getNamespacedElementsByTag.Feature Envy,1.3.1,1.19.1,1.19.1,21
jsoup,1.11.1,org.jsoup.nodes,ElementTest,testChildrenElements,Feature Envy,"checkstyle,experts",src/test/java/org/jsoup/nodes/ElementTest.java,src/test/java/org/jsoup/nodes/ElementTest.java.ElementTest.testChildrenElements.Feature Envy,1.11.1,1.19.1,1.19.1,9
jsoup,1.4.1,org.jsoup.nodes,ElementTest,testClone,Feature Envy,"checkstyle,experts",src/test/java/org/jsoup/nodes/ElementTest.java,src/test/java/org/jsoup/nodes/ElementTest.java.ElementTest.testClone.Feature Envy,1.4.1,1.19.1,1.19.1,20
jsoup,0.2.1a,org.jsoup.nodes,ElementTest,testElementSiblingIndex,Feature Envy,"checkstyle,experts",src/test/java/org/jsoup/nodes/ElementTest.java,src/test/java/org/jsoup/nodes/ElementTest.java.ElementTest.testElementSiblingIndex.Feature Envy,0.2.1a,1.19.1,1.19.1,27
jsoup,1.8.3a,org.jsoup.nodes,ElementTest,testElementSiblingIndexSameContent,Feature Envy,"checkstyle,experts",src/test/java/org/jsoup/nodes/ElementTest.java,src/test/java/org/jsoup/nodes/ElementTest.java.ElementTest.testElementSiblingIndexSameContent.Feature Envy,1.8.3a,1.19.1,1.19.1,14
jsoup,1.13.1,org.jsoup.nodes,ElementTest,testEvalMethods,Feature Envy,"checkstyle,experts",src/test/java/org/jsoup/nodes/ElementTest.java,src/test/java/org/jsoup/nodes/ElementTest.java.ElementTest.testEvalMethods.Feature Envy,1.13.1,1.19.1,1.19.1,7
jsoup,1.2.1,org.jsoup.nodes,ElementTest,testGetParents,Feature Envy,"checkstyle,experts",src/test/java/org/jsoup/nodes/ElementTest.java,src/test/java/org/jsoup/nodes/ElementTest.java.ElementTest.testGetParents.Feature Envy,1.2.1,1.19.1,1.19.1,22
jsoup,1.11.1,org.jsoup.nodes,ElementTest,testHasClassDomMethods,Long Method,"Decor,experts",src/test/java/org/jsoup/nodes/ElementTest.java,src/test/java/org/jsoup/nodes/ElementTest.java.ElementTest.testHasClassDomMethods.Long Method,1.11.1,1.19.1,1.19.1,9
jsoup,1.8.2,org.jsoup.nodes,ElementTest,testHashAndEquals,Feature Envy,"checkstyle,experts",src/test/java/org/jsoup/nodes/ElementTest.java,src/test/java/org/jsoup/nodes/ElementTest.java.ElementTest.testHashAndEquals.Feature Envy,1.8.2,1.8.3,1.9.1a,3
jsoup,1.8.2,org.jsoup.nodes,ElementTest,testHashAndEquals,Long Method,"Decor,experts",src/test/java/org/jsoup/nodes/ElementTest.java,src/test/java/org/jsoup/nodes/ElementTest.java.ElementTest.testHashAndEquals.Long Method,1.8.2,1.8.3,1.9.1a,3
jsoup,1.9.1a,org.jsoup.nodes,ElementTest,testHashAndEqualsAndValue,Feature Envy,"checkstyle,experts",src/test/java/org/jsoup/nodes/ElementTest.java,src/test/java/org/jsoup/nodes/ElementTest.java.ElementTest.testHashAndEqualsAndValue.Feature Envy,1.9.1a,1.19.1,1.19.1,12
jsoup,1.9.1a,org.jsoup.nodes,ElementTest,testHashAndEqualsAndValue,Long Method,"Decor,experts",src/test/java/org/jsoup/nodes/ElementTest.java,src/test/java/org/jsoup/nodes/ElementTest.java.ElementTest.testHashAndEqualsAndValue.Long Method,1.9.1a,1.9.1,1.10.1,2
jsoup,1.12.1,org.jsoup.nodes,ElementTest,testNextElementSiblings,Feature Envy,"checkstyle,experts",src/test/java/org/jsoup/nodes/ElementTest.java,src/test/java/org/jsoup/nodes/ElementTest.java.ElementTest.testNextElementSiblings.Feature Envy,1.12.1,1.19.1,1.19.1,8
jsoup,1.14.1,org.jsoup.nodes,ElementTest,testNotActuallyAReparent,Feature Envy,"checkstyle,experts",src/test/java/org/jsoup/nodes/ElementTest.java,src/test/java/org/jsoup/nodes/ElementTest.java.ElementTest.testNotActuallyAReparent.Feature Envy,1.14.1,1.19.1,1.19.1,6
jsoup,1.8.3a,org.jsoup.nodes,ElementTest,testRelativeUrls,Feature Envy,"checkstyle,experts",src/test/java/org/jsoup/nodes/ElementTest.java,src/test/java/org/jsoup/nodes/ElementTest.java.ElementTest.testRelativeUrls.Feature Envy,1.8.3a,1.19.1,1.19.1,14
jsoup,1.13.1,org.jsoup.nodes,ElementTest,testReparentSeperateNodes,Feature Envy,"checkstyle,experts",src/test/java/org/jsoup/nodes/ElementTest.java,src/test/java/org/jsoup/nodes/ElementTest.java.ElementTest.testReparentSeperateNodes.Feature Envy,1.13.1,1.19.1,1.19.1,7
jsoup,1.11.1,org.jsoup.nodes,ElementTest,testShadowElementsAreUpdated,Feature Envy,"checkstyle,experts",src/test/java/org/jsoup/nodes/ElementTest.java,src/test/java/org/jsoup/nodes/ElementTest.java.ElementTest.testShadowElementsAreUpdated.Feature Envy,1.11.1,1.19.1,1.19.1,9
jsoup,1.12.1,org.jsoup.nodes,ElementTest,testWholeText,Feature Envy,"checkstyle,experts",src/test/java/org/jsoup/nodes/ElementTest.java,src/test/java/org/jsoup/nodes/ElementTest.java.ElementTest.testWholeText.Feature Envy,1.12.1,1.19.1,1.19.1,8
jsoup,1.10.1,org.jsoup.nodes,EntitiesTest,,God Class,"pmd,experts",src/test/java/org/jsoup/nodes/EntitiesTest.java,src/test/java/org/jsoup/nodes/EntitiesTest.java.EntitiesTest..God Class,1.10.1,1.19.1,1.19.1,10
jsoup,1.8.1.a,org.jsoup.nodes,EntitiesTest,escape,Long Method,"Decor,experts",src/test/java/org/jsoup/nodes/EntitiesTest.java,src/test/java/org/jsoup/nodes/EntitiesTest.java.EntitiesTest.escape.Long Method,1.8.1.a,1.12.1,1.13.1,9
jsoup,1.5.1,org.jsoup.nodes,EntitiesTest,strictUnescape,Feature Envy,"checkstyle,experts",src/test/java/org/jsoup/nodes/EntitiesTest.java,src/test/java/org/jsoup/nodes/EntitiesTest.java.EntitiesTest.strictUnescape.Feature Envy,1.5.1,1.6.0,1.7.1,2
jsoup,1.10.1,org.jsoup.nodes,EntitiesTest,xhtml,Feature Envy,"checkstyle,experts",src/test/java/org/jsoup/nodes/EntitiesTest.java,src/test/java/org/jsoup/nodes/EntitiesTest.java.EntitiesTest.xhtml.Feature Envy,1.10.1,1.19.1,1.19.1,10
jsoup,1.13.1,org.jsoup.nodes,FormElementTest,,God Class,"pmd,experts",src/test/java/org/jsoup/nodes/FormElementTest.java,src/test/java/org/jsoup/nodes/FormElementTest.java.FormElementTest..God Class,1.13.1,1.19.1,1.19.1,7
jsoup,1.8.3a,org.jsoup.nodes,FormElementTest,adoptedFormsRetainInputs,Feature Envy,"checkstyle,experts",src/test/java/org/jsoup/nodes/FormElementTest.java,src/test/java/org/jsoup/nodes/FormElementTest.java.FormElementTest.adoptedFormsRetainInputs.Feature Envy,1.8.3a,1.19.1,1.19.1,14
jsoup,1.8.1.a,org.jsoup.nodes,FormElementTest,createsSubmitableConnection,Feature Envy,"checkstyle,experts",src/test/java/org/jsoup/nodes/FormElementTest.java,src/test/java/org/jsoup/nodes/FormElementTest.java.FormElementTest.createsSubmitableConnection.Feature Envy,1.8.1.a,1.19.1,1.19.1,16
jsoup,1.14.1,org.jsoup.nodes,FormElementTest,formSubmissionCarriesCookiesFromSession,Feature Envy,"checkstyle,experts",src/test/java/org/jsoup/nodes/FormElementTest.java,src/test/java/org/jsoup/nodes/FormElementTest.java.FormElementTest.formSubmissionCarriesCookiesFromSession.Feature Envy,1.14.1,1.19.1,1.19.1,6
jsoup,1.13.1,org.jsoup.nodes,LeafNodeTest,doesNotGetAttributesTooEasily,Long Method,"Decor,experts",src/test/java/org/jsoup/nodes/LeafNodeTest.java,src/test/java/org/jsoup/nodes/LeafNodeTest.java.LeafNodeTest.doesNotGetAttributesTooEasily.Long Method,1.13.1,1.19.1,1.19.1,7
jsoup,1.17.1,org.jsoup.nodes,NodeIteratorTest,,God Class,"pmd,experts",src/test/java/org/jsoup/nodes/NodeIteratorTest.java,src/test/java/org/jsoup/nodes/NodeIteratorTest.java.NodeIteratorTest..God Class,1.17.1,1.19.1,1.19.1,3
jsoup,1.17.1,org.jsoup.nodes,NodeIteratorTest,canRemoveViaIterator,Long Method,"Decor,experts",src/test/java/org/jsoup/nodes/NodeIteratorTest.java,src/test/java/org/jsoup/nodes/NodeIteratorTest.java.NodeIteratorTest.canRemoveViaIterator.Long Method,1.17.1,1.19.1,1.19.1,3
jsoup,1.6.0,org.jsoup.nodes,NodeTest,,God Class,"pmd,experts",src/test/java/org/jsoup/nodes/NodeTest.java,src/test/java/org/jsoup/nodes/NodeTest.java.NodeTest..God Class,1.6.0,1.19.1,1.19.1,18
jsoup,1.16.1,org.jsoup.nodes,NodeTest,afterShuffle,Feature Envy,"checkstyle,experts",src/test/java/org/jsoup/nodes/NodeTest.java,src/test/java/org/jsoup/nodes/NodeTest.java.NodeTest.afterShuffle.Feature Envy,1.16.1,1.19.1,1.19.1,4
jsoup,1.16.1,org.jsoup.nodes,NodeTest,beforeShuffle,Feature Envy,"checkstyle,experts",src/test/java/org/jsoup/nodes/NodeTest.java,src/test/java/org/jsoup/nodes/NodeTest.java.NodeTest.beforeShuffle.Feature Envy,1.16.1,1.19.1,1.19.1,4
jsoup,1.16.1,org.jsoup.nodes,NodeTest,firstAndLastChild,Long Method,"Decor,experts",src/test/java/org/jsoup/nodes/NodeTest.java,src/test/java/org/jsoup/nodes/NodeTest.java.NodeTest.firstAndLastChild.Long Method,1.16.1,1.19.1,1.19.1,4
jsoup,1.8.1.a,org.jsoup.nodes,NodeTest,handlesAbsOnProtocolessAbsoluteUris,Feature Envy,"checkstyle,experts",src/test/java/org/jsoup/nodes/NodeTest.java,src/test/java/org/jsoup/nodes/NodeTest.java.NodeTest.handlesAbsOnProtocolessAbsoluteUris.Feature Envy,1.8.1.a,1.19.1,1.19.1,16
jsoup,0.1.1,org.jsoup.nodes,NodeTest,handlesBaseUri,Long Method,"Decor,experts",src/test/java/org/jsoup/nodes/NodeTest.java,src/test/java/org/jsoup/nodes/NodeTest.java.NodeTest.handlesBaseUri.Long Method,0.1.1,1.8.1.a,1.8.2,13
jsoup,1.19.1,org.jsoup.nodes,NodeTest,testReplaceTwice,Feature Envy,"checkstyle,experts",src/test/java/org/jsoup/nodes/NodeTest.java,src/test/java/org/jsoup/nodes/NodeTest.java.NodeTest.testReplaceTwice.Feature Envy,1.19.1,1.19.1,1.19.1,1
jsoup,1.17.1,org.jsoup.nodes,PositionTest,,God Class,"pmd,experts",src/test/java/org/jsoup/nodes/PositionTest.java,src/test/java/org/jsoup/nodes/PositionTest.java.PositionTest..God Class,1.17.1,1.17.1,1.18.1,1
jsoup,1.16.1,org.jsoup.nodes,PositionTest,tracksPosition,Long Method,"Decor,experts",src/test/java/org/jsoup/nodes/PositionTest.java,src/test/java/org/jsoup/nodes/PositionTest.java.PositionTest.tracksPosition.Long Method,1.16.1,1.16.1,1.17.1,1
jsoup,1.16.1,org.jsoup.nodes,TextNodeTest,,God Class,"pmd,experts",src/test/java/org/jsoup/nodes/TextNodeTest.java,src/test/java/org/jsoup/nodes/TextNodeTest.java.TextNodeTest..God Class,1.16.1,1.19.1,1.19.1,4
jsoup,1.16.1,org.jsoup.nodes,TextNodeTest,leafNodeAttributes,Long Method,"Decor,experts",src/test/java/org/jsoup/nodes/TextNodeTest.java,src/test/java/org/jsoup/nodes/TextNodeTest.java.TextNodeTest.leafNodeAttributes.Long Method,1.16.1,1.19.1,1.19.1,4
jsoup,0.2.1a,org.jsoup.org.jsoup.safety,CleanerTest,,God Class,"pmd,experts",src/test/java/org/jsoup/org/jsoup/safety/CleanerTest.java,src/test/java/org/jsoup/org/jsoup/safety/CleanerTest.java.CleanerTest..God Class,0.2.1a,1.1.1,1.2.1,5
jsoup,0.3.1,org.jsoup.org.jsoup.safety,CleanerTest,testIsValid,Feature Envy,"checkstyle,experts",src/test/java/org/jsoup/org/jsoup/safety/CleanerTest.java,src/test/java/org/jsoup/org/jsoup/safety/CleanerTest.java.CleanerTest.testIsValid.Feature Envy,0.3.1,1.1.1,1.2.1,2
jsoup,1.6.0,org.jsoup.parser,AttributeParseTest,canStartWithEq,Feature Envy,"checkstyle,experts",src/test/java/org/jsoup/parser/AttributeParseTest.java,src/test/java/org/jsoup/parser/AttributeParseTest.java.AttributeParseTest.canStartWithEq.Feature Envy,1.6.0,1.19.1,1.19.1,18
jsoup,1.8.3a,org.jsoup.parser,AttributeParseTest,parsesBooleanAttributes,Feature Envy,"checkstyle,experts",src/test/java/org/jsoup/parser/AttributeParseTest.java,src/test/java/org/jsoup/parser/AttributeParseTest.java.AttributeParseTest.parsesBooleanAttributes.Feature Envy,1.8.3a,1.19.1,1.19.1,14
jsoup,0.1.1,org.jsoup.parser,AttributeParseTest,parsesRoughAttributeString,Feature Envy,"checkstyle,experts",src/test/java/org/jsoup/parser/AttributeParseTest.java,src/test/java/org/jsoup/parser/AttributeParseTest.java.AttributeParseTest.parsesRoughAttributeString.Feature Envy,0.1.1,1.19.1,1.19.1,28
jsoup,1.7.1,org.jsoup.parser,CharacterReaderTest,,God Class,"pmd,experts",src/test/java/org/jsoup/parser/CharacterReaderTest.java,src/test/java/org/jsoup/parser/CharacterReaderTest.java.CharacterReaderTest..God Class,1.7.1,1.19.1,1.19.1,17
jsoup,1.8.2,org.jsoup.parser,CharacterReaderTest,cachesStrings,Long Method,"Decor,experts",src/test/java/org/jsoup/parser/CharacterReaderTest.java,src/test/java/org/jsoup/parser/CharacterReaderTest.java.CharacterReaderTest.cachesStrings.Long Method,1.8.2,1.12.1,1.13.1,8
jsoup,1.7.1,org.jsoup.parser,CharacterReaderTest,unconsume,Long Method,"Decor,experts",src/test/java/org/jsoup/parser/CharacterReaderTest.java,src/test/java/org/jsoup/parser/CharacterReaderTest.java.CharacterReaderTest.unconsume.Long Method,1.7.1,1.14.1,1.15.1,12
jsoup,1.7.1,org.jsoup.parser,HtmlParserTest,,God Class,"pmd,checkstyle,experts",src/test/java/org/jsoup/parser/HtmlParserTest.java,src/test/java/org/jsoup/parser/HtmlParserTest.java.HtmlParserTest..God Class,1.7.1,1.19.1,1.19.1,17
jsoup,1.8.1.a,org.jsoup.parser,HtmlParserTest,associatedFormControlsWithDisjointForms,Feature Envy,"checkstyle,experts",src/test/java/org/jsoup/parser/HtmlParserTest.java,src/test/java/org/jsoup/parser/HtmlParserTest.java.HtmlParserTest.associatedFormControlsWithDisjointForms.Feature Envy,1.8.1.a,1.19.1,1.19.1,16
jsoup,1.12.1,org.jsoup.parser,HtmlParserTest,characterReaderBuffer,Feature Envy,"checkstyle,experts",src/test/java/org/jsoup/parser/HtmlParserTest.java,src/test/java/org/jsoup/parser/HtmlParserTest.java.HtmlParserTest.characterReaderBuffer.Feature Envy,1.12.1,1.19.1,1.19.1,8
jsoup,1.11.1,org.jsoup.parser,HtmlParserTest,createsDocumentStructure,Feature Envy,"checkstyle,experts",src/test/java/org/jsoup/parser/HtmlParserTest.java,src/test/java/org/jsoup/parser/HtmlParserTest.java.HtmlParserTest.createsDocumentStructure.Feature Envy,1.11.1,1.13.1,1.14.1,3
jsoup,1.8.1.a,org.jsoup.parser,HtmlParserTest,createsFormElements,Feature Envy,"checkstyle,experts",src/test/java/org/jsoup/parser/HtmlParserTest.java,src/test/java/org/jsoup/parser/HtmlParserTest.java.HtmlParserTest.createsFormElements.Feature Envy,1.8.1.a,1.19.1,1.19.1,16
jsoup,1.7.1,org.jsoup.parser,HtmlParserTest,doesNotCreateImplicitLists,Feature Envy,"checkstyle,experts",src/test/java/org/jsoup/parser/HtmlParserTest.java,src/test/java/org/jsoup/parser/HtmlParserTest.java.HtmlParserTest.doesNotCreateImplicitLists.Feature Envy,1.7.1,1.19.1,1.19.1,17
jsoup,1.7.1,org.jsoup.parser,HtmlParserTest,doesNotCreateImplicitLists,Long Method,"Decor,experts",src/test/java/org/jsoup/parser/HtmlParserTest.java,src/test/java/org/jsoup/parser/HtmlParserTest.java.HtmlParserTest.doesNotCreateImplicitLists.Long Method,1.7.1,1.8.1.a,1.8.2,2
jsoup,1.12.1,org.jsoup.parser,HtmlParserTest,handleCDataInText,Feature Envy,"checkstyle,experts",src/test/java/org/jsoup/parser/HtmlParserTest.java,src/test/java/org/jsoup/parser/HtmlParserTest.java.HtmlParserTest.handleCDataInText.Feature Envy,1.12.1,1.13.1,1.14.1,2
jsoup,1.7.1,org.jsoup.parser,HtmlParserTest,handlesBaseTags,Feature Envy,"checkstyle,experts",src/test/java/org/jsoup/parser/HtmlParserTest.java,src/test/java/org/jsoup/parser/HtmlParserTest.java.HtmlParserTest.handlesBaseTags.Feature Envy,1.7.1,1.19.1,1.19.1,17
jsoup,1.12.1,org.jsoup.parser,HtmlParserTest,handlesCdataInScript,Feature Envy,"checkstyle,experts",src/test/java/org/jsoup/parser/HtmlParserTest.java,src/test/java/org/jsoup/parser/HtmlParserTest.java.HtmlParserTest.handlesCdataInScript.Feature Envy,1.12.1,1.13.1,1.14.1,2
jsoup,1.8.1.a,org.jsoup.parser,HtmlParserTest,handlesInvalidDoctypes,Feature Envy,"checkstyle,experts",src/test/java/org/jsoup/parser/HtmlParserTest.java,src/test/java/org/jsoup/parser/HtmlParserTest.java.HtmlParserTest.handlesInvalidDoctypes.Feature Envy,1.8.1.a,1.19.1,1.19.1,16
jsoup,1.11.1,org.jsoup.parser,HtmlParserTest,handlesJavadocFont,Feature Envy,"checkstyle,experts",src/test/java/org/jsoup/parser/HtmlParserTest.java,src/test/java/org/jsoup/parser/HtmlParserTest.java.HtmlParserTest.handlesJavadocFont.Feature Envy,1.11.1,1.13.1,1.14.1,3
jsoup,1.7.1,org.jsoup.parser,HtmlParserTest,handlesUnclosedRawtextAtEof,Feature Envy,"checkstyle,experts",src/test/java/org/jsoup/parser/HtmlParserTest.java,src/test/java/org/jsoup/parser/HtmlParserTest.java.HtmlParserTest.handlesUnclosedRawtextAtEof.Feature Envy,1.7.1,1.19.1,1.19.1,17
jsoup,1.7.1,org.jsoup.parser,HtmlParserTest,handlesUnclosedScriptAtEof,Feature Envy,"checkstyle,experts",src/test/java/org/jsoup/parser/HtmlParserTest.java,src/test/java/org/jsoup/parser/HtmlParserTest.java.HtmlParserTest.handlesUnclosedScriptAtEof.Feature Envy,1.7.1,1.19.1,1.19.1,17
jsoup,1.11.1,org.jsoup.parser,HtmlParserTest,handlesUnclosedTitle,Feature Envy,"checkstyle,experts",src/test/java/org/jsoup/parser/HtmlParserTest.java,src/test/java/org/jsoup/parser/HtmlParserTest.java.HtmlParserTest.handlesUnclosedTitle.Feature Envy,1.11.1,1.13.1,1.14.1,3
jsoup,1.7.1,org.jsoup.parser,HtmlParserTest,handlesUnclosedTitleAtEof,Feature Envy,"checkstyle,experts",src/test/java/org/jsoup/parser/HtmlParserTest.java,src/test/java/org/jsoup/parser/HtmlParserTest.java.HtmlParserTest.handlesUnclosedTitleAtEof.Feature Envy,1.7.1,1.19.1,1.19.1,17
jsoup,1.7.1,org.jsoup.parser,HtmlParserTest,handlesUnknownTags,Feature Envy,"checkstyle,experts",src/test/java/org/jsoup/parser/HtmlParserTest.java,src/test/java/org/jsoup/parser/HtmlParserTest.java.HtmlParserTest.handlesUnknownTags.Feature Envy,1.7.1,1.19.1,1.19.1,17
jsoup,1.17.1,org.jsoup.parser,HtmlParserTest,mathHtmlIntegrationPoint,Feature Envy,"checkstyle,experts",src/test/java/org/jsoup/parser/HtmlParserTest.java,src/test/java/org/jsoup/parser/HtmlParserTest.java.HtmlParserTest.mathHtmlIntegrationPoint.Feature Envy,1.17.1,1.19.1,1.19.1,3
jsoup,1.17.1,org.jsoup.parser,HtmlParserTest,mathHtmlIntegrationPoint,Long Method,"Decor,experts",src/test/java/org/jsoup/parser/HtmlParserTest.java,src/test/java/org/jsoup/parser/HtmlParserTest.java.HtmlParserTest.mathHtmlIntegrationPoint.Long Method,1.17.1,1.19.1,1.19.1,3
jsoup,1.14.1,org.jsoup.parser,HtmlParserTest,parseBodyIsIndexNoAttributes,Feature Envy,"checkstyle,experts",src/test/java/org/jsoup/parser/HtmlParserTest.java,src/test/java/org/jsoup/parser/HtmlParserTest.java.HtmlParserTest.parseBodyIsIndexNoAttributes.Feature Envy,1.14.1,1.19.1,1.19.1,6
jsoup,1.11.1,org.jsoup.parser,HtmlParserTest,parsesSimpleDocument,Feature Envy,"checkstyle,experts",src/test/java/org/jsoup/parser/HtmlParserTest.java,src/test/java/org/jsoup/parser/HtmlParserTest.java.HtmlParserTest.parsesSimpleDocument.Feature Envy,1.11.1,1.13.1,1.14.1,3
jsoup,1.7.1,org.jsoup.parser,HtmlParserTest,parsesUnterminatedOption,Feature Envy,"checkstyle,experts",src/test/java/org/jsoup/parser/HtmlParserTest.java,src/test/java/org/jsoup/parser/HtmlParserTest.java.HtmlParserTest.parsesUnterminatedOption.Feature Envy,1.7.1,1.19.1,1.19.1,17
jsoup,1.11.1,org.jsoup.parser,HtmlParserTest,preservesSpaceInScript,Feature Envy,"checkstyle,experts",src/test/java/org/jsoup/parser/HtmlParserTest.java,src/test/java/org/jsoup/parser/HtmlParserTest.java.HtmlParserTest.preservesSpaceInScript.Feature Envy,1.11.1,1.13.1,1.14.1,3
jsoup,1.11.1,org.jsoup.parser,HtmlParserTest,preservesSpaceInTextArea,Feature Envy,"checkstyle,experts",src/test/java/org/jsoup/parser/HtmlParserTest.java,src/test/java/org/jsoup/parser/HtmlParserTest.java.HtmlParserTest.preservesSpaceInTextArea.Feature Envy,1.11.1,1.13.1,1.14.1,3
jsoup,1.12.1,org.jsoup.parser,HtmlParserTest,roundTripsCdata,Feature Envy,"checkstyle,experts",src/test/java/org/jsoup/parser/HtmlParserTest.java,src/test/java/org/jsoup/parser/HtmlParserTest.java.HtmlParserTest.roundTripsCdata.Feature Envy,1.12.1,1.13.1,1.14.1,2
jsoup,1.13.1,org.jsoup.parser,HtmlParserTest,selfClosingTextAreaDoesntLeaveDroppings,Feature Envy,"checkstyle,experts",src/test/java/org/jsoup/parser/HtmlParserTest.java,src/test/java/org/jsoup/parser/HtmlParserTest.java.HtmlParserTest.selfClosingTextAreaDoesntLeaveDroppings.Feature Envy,1.13.1,1.13.1,1.14.1,1
jsoup,1.15.1,org.jsoup.parser,HtmlParserTest,tagsMustStartWithAscii,Feature Envy,"checkstyle,experts",src/test/java/org/jsoup/parser/HtmlParserTest.java,src/test/java/org/jsoup/parser/HtmlParserTest.java.HtmlParserTest.tagsMustStartWithAscii.Feature Envy,1.15.1,1.19.1,1.19.1,5
jsoup,0.1.1,org.jsoup.parser,ParserTest,,God Class,"pmd,experts",src/test/java/org/jsoup/parser/ParserTest.java,src/test/java/org/jsoup/parser/ParserTest.java.ParserTest..God Class,0.1.1,1.6.0,1.7.1,11
jsoup,0.1.1,org.jsoup.parser,ParserTest,createsDocumentStructure,Feature Envy,"checkstyle,experts",src/test/java/org/jsoup/parser/ParserTest.java,src/test/java/org/jsoup/parser/ParserTest.java.ParserTest.createsDocumentStructure.Feature Envy,0.1.1,1.6.0,1.7.1,11
jsoup,0.1.1,org.jsoup.parser,ParserTest,createsDocumentStructure,Long Method,"Decor,experts",src/test/java/org/jsoup/parser/ParserTest.java,src/test/java/org/jsoup/parser/ParserTest.java.ParserTest.createsDocumentStructure.Long Method,0.1.1,0.3.1,1.1.1,5
jsoup,0.1.1,org.jsoup.parser,ParserTest,createsImplicitLists,Feature Envy,"checkstyle,experts",src/test/java/org/jsoup/parser/ParserTest.java,src/test/java/org/jsoup/parser/ParserTest.java.ParserTest.createsImplicitLists.Feature Envy,0.1.1,1.5.1,1.6.0,10
jsoup,1.6.0,org.jsoup.parser,ParserTest,doesNotCreateImplicitLists,Feature Envy,"checkstyle,experts",src/test/java/org/jsoup/parser/ParserTest.java,src/test/java/org/jsoup/parser/ParserTest.java.ParserTest.doesNotCreateImplicitLists.Feature Envy,1.6.0,1.6.0,1.7.1,1
jsoup,1.6.0,org.jsoup.parser,ParserTest,doesNotCreateImplicitLists,Long Method,"Decor,experts",src/test/java/org/jsoup/parser/ParserTest.java,src/test/java/org/jsoup/parser/ParserTest.java.ParserTest.doesNotCreateImplicitLists.Long Method,1.6.0,1.6.0,1.7.1,1
jsoup,0.1.1,org.jsoup.parser,ParserTest,handlesBaseTags,Feature Envy,"checkstyle,experts",src/test/java/org/jsoup/parser/ParserTest.java,src/test/java/org/jsoup/parser/ParserTest.java.ParserTest.handlesBaseTags.Feature Envy,0.1.1,1.6.0,1.7.1,11
jsoup,0.1.1,org.jsoup.parser,ParserTest,handlesJavadocFont,Feature Envy,"checkstyle,experts",src/test/java/org/jsoup/parser/ParserTest.java,src/test/java/org/jsoup/parser/ParserTest.java.ParserTest.handlesJavadocFont.Feature Envy,0.1.1,1.6.0,1.7.1,11
jsoup,1.6.0,org.jsoup.parser,ParserTest,handlesUnclosedTitle,Feature Envy,"checkstyle,experts",src/test/java/org/jsoup/parser/ParserTest.java,src/test/java/org/jsoup/parser/ParserTest.java.ParserTest.handlesUnclosedTitle.Feature Envy,1.6.0,1.6.0,1.7.1,1
jsoup,1.6.0,org.jsoup.parser,ParserTest,handlesUnclosedTitleAtEof,Feature Envy,"checkstyle,experts",src/test/java/org/jsoup/parser/ParserTest.java,src/test/java/org/jsoup/parser/ParserTest.java.ParserTest.handlesUnclosedTitleAtEof.Feature Envy,1.6.0,1.6.0,1.7.1,1
jsoup,0.1.1,org.jsoup.parser,ParserTest,handlesUnknownTags,Feature Envy,"checkstyle,experts",src/test/java/org/jsoup/parser/ParserTest.java,src/test/java/org/jsoup/parser/ParserTest.java.ParserTest.handlesUnknownTags.Feature Envy,0.1.1,1.6.0,1.7.1,11
jsoup,1.3.1,org.jsoup.parser,ParserTest,parsesQuiteRoughAttributes,Feature Envy,"checkstyle,experts",src/test/java/org/jsoup/parser/ParserTest.java,src/test/java/org/jsoup/parser/ParserTest.java.ParserTest.parsesQuiteRoughAttributes.Feature Envy,1.3.1,1.5.1,1.6.0,3
jsoup,0.1.1,org.jsoup.parser,ParserTest,parsesSimpleDocument,Feature Envy,"checkstyle,experts",src/test/java/org/jsoup/parser/ParserTest.java,src/test/java/org/jsoup/parser/ParserTest.java.ParserTest.parsesSimpleDocument.Feature Envy,0.1.1,1.6.0,1.7.1,11
jsoup,1.3.1,org.jsoup.parser,ParserTest,parsesUnterminatedOption,Feature Envy,"checkstyle,experts",src/test/java/org/jsoup/parser/ParserTest.java,src/test/java/org/jsoup/parser/ParserTest.java.ParserTest.parsesUnterminatedOption.Feature Envy,1.3.1,1.6.0,1.7.1,4
jsoup,1.18.1,org.jsoup.parser,PositionTest,,God Class,"pmd,experts",src/test/java/org/jsoup/parser/PositionTest.java,src/test/java/org/jsoup/parser/PositionTest.java.PositionTest..God Class,1.18.1,1.19.1,1.19.1,2
jsoup,1.18.1,org.jsoup.parser,PositionTest,tracksPosition,Feature Envy,"checkstyle,experts",src/test/java/org/jsoup/parser/PositionTest.java,src/test/java/org/jsoup/parser/PositionTest.java.PositionTest.tracksPosition.Feature Envy,1.18.1,1.19.1,1.19.1,2
jsoup,1.18.1,org.jsoup.parser,PositionTest,updateKeyMaintainsRangeUc,Feature Envy,"checkstyle,experts",src/test/java/org/jsoup/parser/PositionTest.java,src/test/java/org/jsoup/parser/PositionTest.java.PositionTest.updateKeyMaintainsRangeUc.Feature Envy,1.18.1,1.19.1,1.19.1,2
jsoup,1.18.1,org.jsoup.parser,StreamParserTest,,God Class,"pmd,experts",src/test/java/org/jsoup/parser/StreamParserTest.java,src/test/java/org/jsoup/parser/StreamParserTest.java.StreamParserTest..God Class,1.18.1,1.19.1,1.19.1,2
jsoup,1.18.1,org.jsoup.parser,StreamParserTest,canSelectAndCompleteFragment,Feature Envy,"checkstyle,experts",src/test/java/org/jsoup/parser/StreamParserTest.java,src/test/java/org/jsoup/parser/StreamParserTest.java.StreamParserTest.canSelectAndCompleteFragment.Feature Envy,1.18.1,1.19.1,1.19.1,2
jsoup,1.18.1,org.jsoup.parser,StreamParserTest,canSelectAndCompleteFragment,Long Method,"Decor,experts",src/test/java/org/jsoup/parser/StreamParserTest.java,src/test/java/org/jsoup/parser/StreamParserTest.java.StreamParserTest.canSelectAndCompleteFragment.Long Method,1.18.1,1.19.1,1.19.1,2
jsoup,1.18.1,org.jsoup.parser,StreamParserTest,canStopAndCompleteAndReuse,Feature Envy,"checkstyle,experts",src/test/java/org/jsoup/parser/StreamParserTest.java,src/test/java/org/jsoup/parser/StreamParserTest.java.StreamParserTest.canStopAndCompleteAndReuse.Feature Envy,1.18.1,1.19.1,1.19.1,2
jsoup,1.18.1,org.jsoup.parser,StreamParserTest,select,Feature Envy,"checkstyle,experts",src/test/java/org/jsoup/parser/StreamParserTest.java,src/test/java/org/jsoup/parser/StreamParserTest.java.StreamParserTest.select.Feature Envy,1.18.1,1.19.1,1.19.1,2
jsoup,1.18.1,org.jsoup.parser,StreamParserTest,trackSeen,Feature Envy,"checkstyle,experts",src/test/java/org/jsoup/parser/StreamParserTest.java,src/test/java/org/jsoup/parser/StreamParserTest.java.StreamParserTest.trackSeen.Feature Envy,1.18.1,1.19.1,1.19.1,2
jsoup,1.13.1,org.jsoup.parser,TagTest,,God Class,"pmd,experts",src/test/java/org/jsoup/parser/TagTest.java,src/test/java/org/jsoup/parser/TagTest.java.TagTest..God Class,1.13.1,1.19.1,1.19.1,7
jsoup,1.15.1,org.jsoup.parser,TokenQueueTest,,God Class,"pmd,experts",src/test/java/org/jsoup/parser/TokenQueueTest.java,src/test/java/org/jsoup/parser/TokenQueueTest.java.TokenQueueTest..God Class,1.15.1,1.19.1,1.19.1,5
jsoup,1.12.1,org.jsoup.parser,TokeniserStateTest,,God Class,"pmd,experts",src/test/java/org/jsoup/parser/TokeniserStateTest.java,src/test/java/org/jsoup/parser/TokeniserStateTest.java.TokeniserStateTest..God Class,1.12.1,1.19.1,1.19.1,8
jsoup,1.12.1,org.jsoup.parser,TokeniserStateTest,testEndTagOpen,Feature Envy,"checkstyle,experts",src/test/java/org/jsoup/parser/TokeniserStateTest.java,src/test/java/org/jsoup/parser/TokeniserStateTest.java.TokeniserStateTest.testEndTagOpen.Feature Envy,1.12.1,1.19.1,1.19.1,8
jsoup,1.12.1,org.jsoup.parser,TokeniserStateTest,testEndTagOpen,Long Method,"Decor,experts",src/test/java/org/jsoup/parser/TokeniserStateTest.java,src/test/java/org/jsoup/parser/TokeniserStateTest.java.TokeniserStateTest.testEndTagOpen.Long Method,1.12.1,1.19.1,1.19.1,8
jsoup,1.12.1,org.jsoup.parser,TokeniserStateTest,testRcdataLessthanSign,Feature Envy,"checkstyle,experts",src/test/java/org/jsoup/parser/TokeniserStateTest.java,src/test/java/org/jsoup/parser/TokeniserStateTest.java.TokeniserStateTest.testRcdataLessthanSign.Feature Envy,1.12.1,1.19.1,1.19.1,8
jsoup,1.13.1,org.jsoup.parser,TokeniserTest,,God Class,"pmd,experts",src/test/java/org/jsoup/parser/TokeniserTest.java,src/test/java/org/jsoup/parser/TokeniserTest.java.TokeniserTest..God Class,1.13.1,1.19.1,1.19.1,7
jsoup,1.12.1,org.jsoup.parser,TokeniserTest,cp1252Entities,Feature Envy,"checkstyle,experts",src/test/java/org/jsoup/parser/TokeniserTest.java,src/test/java/org/jsoup/parser/TokeniserTest.java.TokeniserTest.cp1252Entities.Feature Envy,1.12.1,1.19.1,1.19.1,8
jsoup,1.8.3a,org.jsoup.parser,XmlTreeBuilderTest,,God Class,"pmd,experts",src/test/java/org/jsoup/parser/XmlTreeBuilderTest.java,src/test/java/org/jsoup/parser/XmlTreeBuilderTest.java.XmlTreeBuilderTest..God Class,1.8.3a,1.19.1,1.19.1,14
jsoup,1.15.1,org.jsoup.parser,XmlTreeBuilderTest,customTagsAreFlyweights,Feature Envy,"checkstyle,experts",src/test/java/org/jsoup/parser/XmlTreeBuilderTest.java,src/test/java/org/jsoup/parser/XmlTreeBuilderTest.java.XmlTreeBuilderTest.customTagsAreFlyweights.Feature Envy,1.15.1,1.19.1,1.19.1,5
jsoup,1.19.1,org.jsoup.parser,XmlTreeBuilderTest,declarations,Long Method,"Decor,experts",src/test/java/org/jsoup/parser/XmlTreeBuilderTest.java,src/test/java/org/jsoup/parser/XmlTreeBuilderTest.java.XmlTreeBuilderTest.declarations.Long Method,1.19.1,1.19.1,1.19.1,1
jsoup,1.12.1,org.jsoup.parser,XmlTreeBuilderTest,roundTripsCdata,Feature Envy,"checkstyle,experts",src/test/java/org/jsoup/parser/XmlTreeBuilderTest.java,src/test/java/org/jsoup/parser/XmlTreeBuilderTest.java.XmlTreeBuilderTest.roundTripsCdata.Feature Envy,1.12.1,1.13.1,1.14.1,2
jsoup,1.2.1,org.jsoup.safety,CleanerTest,,God Class,"pmd,experts",src/test/java/org/jsoup/safety/CleanerTest.java,src/test/java/org/jsoup/safety/CleanerTest.java.CleanerTest..God Class,1.2.1,1.19.1,1.19.1,22
jsoup,1.19.1,org.jsoup.safety,CleanerTest,nofollowOnlyOnExternalLinks,Feature Envy,"checkstyle,experts",src/test/java/org/jsoup/safety/CleanerTest.java,src/test/java/org/jsoup/safety/CleanerTest.java.CleanerTest.nofollowOnlyOnExternalLinks.Feature Envy,1.19.1,1.19.1,1.19.1,1
jsoup,1.8.1.a,org.jsoup.safety,CleanerTest,supplyOutputSettings,Long Method,"Decor,experts",src/test/java/org/jsoup/safety/CleanerTest.java,src/test/java/org/jsoup/safety/CleanerTest.java.CleanerTest.supplyOutputSettings.Long Method,1.8.1.a,1.8.1.a,1.8.2,1
jsoup,1.8.2,org.jsoup.safety,CleanerTest,testCleanAnchorProtocol,Feature Envy,"checkstyle,experts",src/test/java/org/jsoup/safety/CleanerTest.java,src/test/java/org/jsoup/safety/CleanerTest.java.CleanerTest.testCleanAnchorProtocol.Feature Envy,1.8.2,1.19.1,1.19.1,15
jsoup,1.2.1,org.jsoup.safety,CleanerTest,testIsValid,Feature Envy,"checkstyle,experts",src/test/java/org/jsoup/safety/CleanerTest.java,src/test/java/org/jsoup/safety/CleanerTest.java.CleanerTest.testIsValid.Feature Envy,1.2.1,1.6.0,1.7.1,5
jsoup,1.11.1,org.jsoup.safety,CleanerTest,testIsValidBodyHtml,Long Method,"Decor,experts",src/test/java/org/jsoup/safety/CleanerTest.java,src/test/java/org/jsoup/safety/CleanerTest.java.CleanerTest.testIsValidBodyHtml.Long Method,1.11.1,1.19.1,1.19.1,9
jsoup,1.8.1.a,org.jsoup.select,CssTest,,God Class,"pmd,experts",src/test/java/org/jsoup/select/CssTest.java,src/test/java/org/jsoup/select/CssTest.java.CssTest..God Class,1.8.1.a,1.19.1,1.19.1,16
jsoup,1.8.1.a,org.jsoup.select,CssTest,initClass,Long Method,"Decor,experts",src/test/java/org/jsoup/select/CssTest.java,src/test/java/org/jsoup/select/CssTest.java.CssTest.initClass.Long Method,1.8.1.a,1.19.1,1.19.1,16
jsoup,0.3.1,org.jsoup.select,ElementsTest,,God Class,"pmd,experts",src/test/java/org/jsoup/select/ElementsTest.java,src/test/java/org/jsoup/select/ElementsTest.java.ElementsTest..God Class,0.3.1,1.19.1,1.19.1,24
jsoup,0.1.1,org.jsoup.select,ElementsTest,attributes,Long Method,"Decor,experts",src/test/java/org/jsoup/select/ElementsTest.java,src/test/java/org/jsoup/select/ElementsTest.java.ElementsTest.attributes.Long Method,0.1.1,1.8.1.a,1.8.2,13
jsoup,1.13.1,org.jsoup.select,ElementsTest,comments,Feature Envy,"checkstyle,experts",src/test/java/org/jsoup/select/ElementsTest.java,src/test/java/org/jsoup/select/ElementsTest.java.ElementsTest.comments.Feature Envy,1.13.1,1.19.1,1.19.1,7
jsoup,1.13.1,org.jsoup.select,ElementsTest,dataNodes,Feature Envy,"checkstyle,experts",src/test/java/org/jsoup/select/ElementsTest.java,src/test/java/org/jsoup/select/ElementsTest.java.ElementsTest.dataNodes.Feature Envy,1.13.1,1.19.1,1.19.1,7
jsoup,1.11.1,org.jsoup.select,ElementsTest,hasClassCaseInsensitive,Feature Envy,"checkstyle,experts",src/test/java/org/jsoup/select/ElementsTest.java,src/test/java/org/jsoup/select/ElementsTest.java.ElementsTest.hasClassCaseInsensitive.Feature Envy,1.11.1,1.19.1,1.19.1,9
jsoup,1.11.1,org.jsoup.select,ElementsTest,siblings,Long Method,"Decor,experts",src/test/java/org/jsoup/select/ElementsTest.java,src/test/java/org/jsoup/select/ElementsTest.java.ElementsTest.siblings.Long Method,1.11.1,1.19.1,1.19.1,9
jsoup,1.18.1,org.jsoup.select,EvaluatorDebug,asElement,Feature Envy,"checkstyle,experts",src/test/java/org/jsoup/select/EvaluatorDebug.java,src/test/java/org/jsoup/select/EvaluatorDebug.java.EvaluatorDebug.asElement.Feature Envy,1.18.1,1.19.1,1.19.1,2
jsoup,1.19.1,org.jsoup.select,EvaluatorTest,,God Class,"pmd,experts",src/test/java/org/jsoup/select/EvaluatorTest.java,src/test/java/org/jsoup/select/EvaluatorTest.java.EvaluatorTest..God Class,1.19.1,1.19.1,1.19.1,1
jsoup,1.18.1,org.jsoup.select,QueryParserTest,,God Class,"pmd,experts",src/test/java/org/jsoup/select/QueryParserTest.java,src/test/java/org/jsoup/select/QueryParserTest.java.QueryParserTest..God Class,1.18.1,1.19.1,1.19.1,2
jsoup,1.18.1,org.jsoup.select,QueryParserTest,parsesOrAfterAttribute,Feature Envy,"checkstyle,experts",src/test/java/org/jsoup/select/QueryParserTest.java,src/test/java/org/jsoup/select/QueryParserTest.java.QueryParserTest.parsesOrAfterAttribute.Feature Envy,1.18.1,1.19.1,1.19.1,2
jsoup,1.19.1,org.jsoup.select,SelectorIT,streamParserSelect,Long Method,"Decor,experts",src/test/java/org/jsoup/select/SelectorIT.java,src/test/java/org/jsoup/select/SelectorIT.java.SelectorIT.streamParserSelect.Long Method,1.19.1,1.19.1,1.19.1,1
jsoup,0.1.1,org.jsoup.select,SelectorTest,,God Class,"pmd,experts",src/test/java/org/jsoup/select/SelectorTest.java,src/test/java/org/jsoup/select/SelectorTest.java.SelectorTest..God Class,0.1.1,1.19.1,1.19.1,28
jsoup,1.16.1,org.jsoup.select,SelectorTest,byEscapedId,Feature Envy,"checkstyle,experts",src/test/java/org/jsoup/select/SelectorTest.java,src/test/java/org/jsoup/select/SelectorTest.java.SelectorTest.byEscapedId.Feature Envy,1.16.1,1.19.1,1.19.1,4
jsoup,1.14.1,org.jsoup.select,SelectorTest,childElements,Feature Envy,"checkstyle,experts",src/test/java/org/jsoup/select/SelectorTest.java,src/test/java/org/jsoup/select/SelectorTest.java.SelectorTest.childElements.Feature Envy,1.14.1,1.19.1,1.19.1,6
jsoup,1.11.1,org.jsoup.select,SelectorTest,containsData,Feature Envy,"checkstyle,experts",src/test/java/org/jsoup/select/SelectorTest.java,src/test/java/org/jsoup/select/SelectorTest.java.SelectorTest.containsData.Feature Envy,1.11.1,1.19.1,1.19.1,9
jsoup,1.9.1a,org.jsoup.select,SelectorTest,descendant,Feature Envy,"checkstyle,experts",src/test/java/org/jsoup/select/SelectorTest.java,src/test/java/org/jsoup/select/SelectorTest.java.SelectorTest.descendant.Feature Envy,1.9.1a,1.19.1,1.19.1,12
jsoup,1.17.1,org.jsoup.select,SelectorTest,parentFromSpecifiedDescender,Feature Envy,"checkstyle,experts",src/test/java/org/jsoup/select/SelectorTest.java,src/test/java/org/jsoup/select/SelectorTest.java.SelectorTest.parentFromSpecifiedDescender.Feature Envy,1.17.1,1.19.1,1.19.1,3
jsoup,1.19.1,org.jsoup.select,SelectorTest,streamParentChildStar,Feature Envy,"checkstyle,experts",src/test/java/org/jsoup/select/SelectorTest.java,src/test/java/org/jsoup/select/SelectorTest.java.SelectorTest.streamParentChildStar.Feature Envy,1.19.1,1.19.1,1.19.1,1
jsoup,0.1.1,org.jsoup.select,SelectorTest,testByAttribute,Long Method,"Decor,experts",src/test/java/org/jsoup/select/SelectorTest.java,src/test/java/org/jsoup/select/SelectorTest.java.SelectorTest.testByAttribute.Long Method,0.1.1,1.19.1,1.19.1,28
jsoup,0.1.1,org.jsoup.select,SelectorTest,testByClass,Feature Envy,"checkstyle,experts",src/test/java/org/jsoup/select/SelectorTest.java,src/test/java/org/jsoup/select/SelectorTest.java.SelectorTest.testByClass.Feature Envy,0.1.1,1.19.1,1.19.1,28
jsoup,1.1.1,org.jsoup.select,SelectorTest,testCharactersInIdAndClass,Feature Envy,"checkstyle,experts",src/test/java/org/jsoup/select/SelectorTest.java,src/test/java/org/jsoup/select/SelectorTest.java.SelectorTest.testCharactersInIdAndClass.Feature Envy,1.1.1,1.19.1,1.19.1,23
jsoup,1.17.1,org.jsoup.select,TraversorTest,,God Class,"pmd,experts",src/test/java/org/jsoup/select/TraversorTest.java,src/test/java/org/jsoup/select/TraversorTest.java.TraversorTest..God Class,1.17.1,1.19.1,1.19.1,3
jsoup,1.11.1,org.jsoup.select,TraversorTest,filterSkipChildren,Feature Envy,"checkstyle,experts",src/test/java/org/jsoup/select/TraversorTest.java,src/test/java/org/jsoup/select/TraversorTest.java.TraversorTest.filterSkipChildren.Feature Envy,1.11.1,1.19.1,1.19.1,9
jsoup,1.11.1,org.jsoup.select,TraversorTest,filterSkipEntirely,Feature Envy,"checkstyle,experts",src/test/java/org/jsoup/select/TraversorTest.java,src/test/java/org/jsoup/select/TraversorTest.java.TraversorTest.filterSkipEntirely.Feature Envy,1.11.1,1.19.1,1.19.1,9
jsoup,1.11.1,org.jsoup.select,TraversorTest,filterStop,Feature Envy,"checkstyle,experts",src/test/java/org/jsoup/select/TraversorTest.java,src/test/java/org/jsoup/select/TraversorTest.java.TraversorTest.filterStop.Feature Envy,1.11.1,1.19.1,1.19.1,9
jsoup,1.15.1,org.jsoup.select,XpathTest,,God Class,"pmd,experts",src/test/java/org/jsoup/select/XpathTest.java,src/test/java/org/jsoup/select/XpathTest.java.XpathTest..God Class,1.15.1,1.19.1,1.19.1,5
jsoup,1.15.1,org.jsoup.select,XpathTest,canSelectTextNodes,Feature Envy,"checkstyle,experts",src/test/java/org/jsoup/select/XpathTest.java,src/test/java/org/jsoup/select/XpathTest.java.XpathTest.canSelectTextNodes.Feature Envy,1.15.1,1.19.1,1.19.1,5
