Project,Version,Package Name,Type Name,Method Name,Smell,checker,File Path,SmellID,begin,end,disappear,gap
stirling,0.30.0,org.apache.pdfbox.examples.signature,TSAClient,getTSAResponse,Long Method,"Decor,experts",src/main/java/org/apache/pdfbox/examples/signature/TSAClient.java,src/main/java/org/apache/pdfbox/examples/signature/TSAClient.java.TSAClient.getTSAResponse.Long Method,0.30.0,0.44.0,0.44.0,15
stirling,0.43.0,stirling.software,KeygenLicenseVerifier,verifyLicense,Long Method,"Decor,experts",src/main/java/stirling/software/SPDF/EE/KeygenLicenseVerifier.java,src/main/java/stirling/software/SPDF/EE/KeygenLicenseVerifier.java.KeygenLicenseVerifier.verifyLicense.Long Method,0.43.0,0.44.0,0.44.0,2
stirling,0.30.0,stirling.software,ReplaceAndInvertColorFactory,replaceAndInvert,Long Parameter List,"designitejava,experts",src/main/java/stirling/software/SPDF/Factories/ReplaceAndInvertColorFactory.java,src/main/java/stirling/software/SPDF/Factories/ReplaceAndInvertColorFactory.java.ReplaceAndInvertColorFactory.replaceAndInvert.Long Parameter List,0.30.0,0.44.0,0.44.0,15
stirling,0.4.0,stirling.software,LibreOfficeListener,start,Complex Method,"pmd,experts",src/main/java/stirling/software/SPDF/LibreOfficeListener.java,src/main/java/stirling/software/SPDF/LibreOfficeListener.java.LibreOfficeListener.start.Complex Method,0.4.0,0.44.0,0.44.0,41
stirling,0.37.0,stirling.software,SPDFApplication,init,Complex Method,"pmd,experts",src/main/java/stirling/software/SPDF/SPDFApplication.java,src/main/java/stirling/software/SPDF/SPDFApplication.java.SPDFApplication.init.Complex Method,0.37.0,0.44.0,0.44.0,8
stirling,0.37.0,stirling.software.SPDF,SPDFApplication,main,Feature Envy,"checkstyle,experts",src/main/java/stirling/software/SPDF/SPDFApplication.java,src/main/java/stirling/software/SPDF/SPDFApplication.java.SPDFApplication.main.Feature Envy,0.37.0,0.44.0,0.44.0,8
stirling,0.37.0,stirling.software,SPDFApplication,main,Long Method,"Decor,experts",src/main/java/stirling/software/SPDF/SPDFApplication.java,src/main/java/stirling/software/SPDF/SPDFApplication.java.SPDFApplication.main.Long Method,0.37.0,0.44.0,0.44.0,8
stirling,0.24.0,stirling.software,SPdfApplication,main,Long Method,"Decor,experts",src/main/java/stirling/software/SPDF/SPdfApplication.java,src/main/java/stirling/software/SPDF/SPdfApplication.java.SPdfApplication.main.Long Method,0.24.0,0.29.0,0.30.0,6
stirling,0.37.0,stirling.software,DesktopBrowser,createProgressHandler,Complex Method,"designitejava,experts",src/main/java/stirling/software/SPDF/UI/impl/DesktopBrowser.java,src/main/java/stirling/software/SPDF/UI/impl/DesktopBrowser.java.DesktopBrowser.createProgressHandler.Complex Method,0.37.0,0.44.0,0.44.0,8
stirling,0.44.0,stirling.software,DesktopBrowser,forceInitializeUI,Long Method,"Decor,experts",src/main/java/stirling/software/SPDF/UI/impl/DesktopBrowser.java,src/main/java/stirling/software/SPDF/UI/impl/DesktopBrowser.java.DesktopBrowser.forceInitializeUI.Long Method,0.44.0,0.44.0,0.44.0,1
stirling,0.37.0,stirling.software,DesktopBrowser,handleProgress,Complex Method,"designitejava,experts",src/main/java/stirling/software/SPDF/UI/impl/DesktopBrowser.java,src/main/java/stirling/software/SPDF/UI/impl/DesktopBrowser.java.DesktopBrowser.handleProgress.Complex Method,0.37.0,0.44.0,0.44.0,8
stirling,0.37.0,stirling.software,DesktopBrowser,onLoadingStateChange,Complex Method,"pmd,experts",src/main/java/stirling/software/SPDF/UI/impl/DesktopBrowser.java,src/main/java/stirling/software/SPDF/UI/impl/DesktopBrowser.java.DesktopBrowser.onLoadingStateChange.Complex Method,0.37.0,0.44.0,0.44.0,8
stirling,0.37.0,stirling.software,DesktopBrowser,setupLoadHandler,Complex Method,"pmd,experts",src/main/java/stirling/software/SPDF/UI/impl/DesktopBrowser.java,src/main/java/stirling/software/SPDF/UI/impl/DesktopBrowser.java.DesktopBrowser.setupLoadHandler.Complex Method,0.37.0,0.44.0,0.44.0,8
stirling,0.43.0,stirling.software,DesktopBrowser,setupTrayIcon,Long Method,"Decor,experts",src/main/java/stirling/software/SPDF/UI/impl/DesktopBrowser.java,src/main/java/stirling/software/SPDF/UI/impl/DesktopBrowser.java.DesktopBrowser.setupTrayIcon.Long Method,0.43.0,0.43.0,0.44.0,1
stirling,0.42.0,stirling.software.SPDF.UI.impl,LoadingWindow,LoadingWindow,Feature Envy,"checkstyle,experts",src/main/java/stirling/software/SPDF/UI/impl/LoadingWindow.java,src/main/java/stirling/software/SPDF/UI/impl/LoadingWindow.java.LoadingWindow.LoadingWindow.Feature Envy,0.42.0,0.44.0,0.44.0,3
stirling,0.42.0,stirling.software,LoadingWindow,checkAndRefreshExplorer,Complex Method,"designitejava,pmd,checkstyle,experts",src/main/java/stirling/software/SPDF/UI/impl/LoadingWindow.java,src/main/java/stirling/software/SPDF/UI/impl/LoadingWindow.java.LoadingWindow.checkAndRefreshExplorer.Complex Method,0.42.0,0.44.0,0.44.0,3
stirling,0.42.0,stirling.software,LoadingWindow,setProgress,Complex Method,"pmd,experts",src/main/java/stirling/software/SPDF/UI/impl/LoadingWindow.java,src/main/java/stirling/software/SPDF/UI/impl/LoadingWindow.java.LoadingWindow.setProgress.Complex Method,0.42.0,0.44.0,0.44.0,3
stirling,0.24.0,stirling.software,AppConfig,,God Class,"pmd,experts",src/main/java/stirling/software/SPDF/config/AppConfig.java,src/main/java/stirling/software/SPDF/config/AppConfig.java.AppConfig..God Class,0.24.0,0.44.0,0.44.0,21
stirling,0.13.0,stirling.software,AppConfig,loginEnabled,Feature Envy,"designitejava,experts",src/main/java/stirling/software/SPDF/config/AppConfig.java,src/main/java/stirling/software/SPDF/config/AppConfig.java.AppConfig.loginEnabled.Feature Envy,0.13.0,0.13.0,0.14.0,1
stirling,0.13.0,stirling.software.SPDF.config,AppConfig,navBarText,Feature Envy,"checkstyle,experts",src/main/java/stirling/software/SPDF/config/AppConfig.java,src/main/java/stirling/software/SPDF/config/AppConfig.java.AppConfig.navBarText.Feature Envy,0.13.0,0.44.0,0.44.0,32
stirling,0.11.0,stirling.software,CleanUrlInterceptor,preHandle,Complex Method,"designitejava,pmd,experts",src/main/java/stirling/software/SPDF/config/CleanUrlInterceptor.java,src/main/java/stirling/software/SPDF/config/CleanUrlInterceptor.java.CleanUrlInterceptor.preHandle.Complex Method,0.11.0,0.44.0,0.44.0,34
stirling,0.43.0,stirling.software,CleanUrlInterceptor,preHandle,Long Method,"Decor,experts",src/main/java/stirling/software/SPDF/config/CleanUrlInterceptor.java,src/main/java/stirling/software/SPDF/config/CleanUrlInterceptor.java.CleanUrlInterceptor.preHandle.Long Method,0.43.0,0.44.0,0.44.0,2
stirling,0.25.0,stirling.software,ConfigInitializer,addLine,Long Parameter List,"designitejava,experts",src/main/java/stirling/software/SPDF/config/ConfigInitializer.java,src/main/java/stirling/software/SPDF/config/ConfigInitializer.java.ConfigInitializer.addLine.Long Parameter List,0.25.0,0.26.0,0.27.0,2
stirling,0.21.0,stirling.software,ConfigInitializer,childOfTemplateEntry,Long Parameter List,"designitejava,checkstyle,experts",src/main/java/stirling/software/SPDF/config/ConfigInitializer.java,src/main/java/stirling/software/SPDF/config/ConfigInitializer.java.ConfigInitializer.childOfTemplateEntry.Long Parameter List,0.21.0,0.23.0,0.24.0,3
stirling,0.24.0,stirling.software,ConfigInitializer,ensureConfigExists,Complex Method,"designitejava,pmd,experts",src/main/java/stirling/software/SPDF/config/ConfigInitializer.java,src/main/java/stirling/software/SPDF/config/ConfigInitializer.java.ConfigInitializer.ensureConfigExists.Complex Method,0.24.0,0.25.0,0.26.0,2
stirling,0.24.0,stirling.software,ConfigInitializer,ensureConfigExists,Long Method,"Decor,experts",src/main/java/stirling/software/SPDF/config/ConfigInitializer.java,src/main/java/stirling/software/SPDF/config/ConfigInitializer.java.ConfigInitializer.ensureConfigExists.Long Method,0.24.0,0.44.0,0.44.0,21
stirling,0.14.0,stirling.software,ConfigInitializer,mergeYamlFiles,Complex Method,"designitejava,pmd,experts",src/main/java/stirling/software/SPDF/config/ConfigInitializer.java,src/main/java/stirling/software/SPDF/config/ConfigInitializer.java.ConfigInitializer.mergeYamlFiles.Complex Method,0.14.0,0.23.0,0.24.0,10
stirling,0.15.0,stirling.software,ConfigInitializer,mergeYamlFiles,Long Method,"Decor,experts",src/main/java/stirling/software/SPDF/config/ConfigInitializer.java,src/main/java/stirling/software/SPDF/config/ConfigInitializer.java.ConfigInitializer.mergeYamlFiles.Long Method,0.15.0,0.23.0,0.24.0,9
stirling,0.9.0,stirling.software,EndpointConfiguration,init,Long Method,"Decor,experts",src/main/java/stirling/software/SPDF/config/EndpointConfiguration.java,src/main/java/stirling/software/SPDF/config/EndpointConfiguration.java.EndpointConfiguration.init.Long Method,0.9.0,0.44.0,0.44.0,36
stirling,0.37.0,stirling.software,EndpointConfiguration,processEnvironmentConfigs,Complex Method,"designitejava,pmd,experts",src/main/java/stirling/software/SPDF/config/EndpointConfiguration.java,src/main/java/stirling/software/SPDF/config/EndpointConfiguration.java.EndpointConfiguration.processEnvironmentConfigs.Complex Method,0.37.0,0.42.0,0.43.0,6
stirling,0.37.0,stirling.software.SPDF.config,EndpointConfiguration,processEnvironmentConfigs,Feature Envy,"checkstyle,experts",src/main/java/stirling/software/SPDF/config/EndpointConfiguration.java,src/main/java/stirling/software/SPDF/config/EndpointConfiguration.java.EndpointConfiguration.processEnvironmentConfigs.Feature Envy,0.37.0,0.44.0,0.44.0,8
stirling,0.31.0,stirling.software,ExternalAppDepConfig,checkDependencies,Long Method,"Decor,experts",src/main/java/stirling/software/SPDF/config/ExternalAppDepConfig.java,src/main/java/stirling/software/SPDF/config/ExternalAppDepConfig.java.ExternalAppDepConfig.checkDependencies.Long Method,0.31.0,0.44.0,0.44.0,14
stirling,0.24.0,stirling.software,FileFallbackTemplateResolver,computeTemplateResource,Long Parameter List,"designitejava,checkstyle,experts",src/main/java/stirling/software/SPDF/config/FileFallbackTemplateResolver.java,src/main/java/stirling/software/SPDF/config/FileFallbackTemplateResolver.java.FileFallbackTemplateResolver.computeTemplateResource.Long Parameter List,0.24.0,0.44.0,0.44.0,21
stirling,0.37.0,stirling.software.SPDF.config,InitialSetup,initEnableCSRFSecurity,Feature Envy,"checkstyle,experts",src/main/java/stirling/software/SPDF/config/InitialSetup.java,src/main/java/stirling/software/SPDF/config/InitialSetup.java.InitialSetup.initEnableCSRFSecurity.Feature Envy,0.37.0,0.44.0,0.44.0,8
stirling,0.13.0,stirling.software.SPDF.config,MetricsFilter,doFilterInternal,Complex Method,"checkstyle,experts",src/main/java/stirling/software/SPDF/config/MetricsFilter.java,src/main/java/stirling/software/SPDF/config/MetricsFilter.java.MetricsFilter.doFilterInternal.Complex Method,0.13.0,0.28.0,0.29.0,16
stirling,0.43.0,stirling.software,YamlHelper,,God Class,"pmd,checkstyle,experts",src/main/java/stirling/software/SPDF/config/YamlHelper.java,src/main/java/stirling/software/SPDF/config/YamlHelper.java.YamlHelper..God Class,0.43.0,0.44.0,0.44.0,2
stirling,0.43.0,stirling.software,YamlHelper,getValueByExactKeyPath,Complex Method,"designitejava,pmd,checkstyle,experts",src/main/java/stirling/software/SPDF/config/YamlHelper.java,src/main/java/stirling/software/SPDF/config/YamlHelper.java.YamlHelper.getValueByExactKeyPath.Complex Method,0.43.0,0.44.0,0.44.0,2
stirling,0.43.0,stirling.software,YamlHelper,updateValue,Complex Method,"designitejava,pmd,checkstyle,experts",src/main/java/stirling/software/SPDF/config/YamlHelper.java,src/main/java/stirling/software/SPDF/config/YamlHelper.java.YamlHelper.updateValue.Complex Method,0.43.0,0.44.0,0.44.0,2
stirling,0.28.0,stirling.software.SPDF.config.security,CustomAuthenticationFailureHandler,onAuthenticationFailure,Complex Method,"checkstyle,experts",src/main/java/stirling/software/SPDF/config/security/CustomAuthenticationFailureHandler.java,src/main/java/stirling/software/SPDF/config/security/CustomAuthenticationFailureHandler.java.CustomAuthenticationFailureHandler.onAuthenticationFailure.Complex Method,0.28.0,0.44.0,0.44.0,17
stirling,0.28.0,stirling.software,CustomAuthenticationFailureHandler,onAuthenticationFailure,Long Method,"Decor,experts",src/main/java/stirling/software/SPDF/config/security/CustomAuthenticationFailureHandler.java,src/main/java/stirling/software/SPDF/config/security/CustomAuthenticationFailureHandler.java.CustomAuthenticationFailureHandler.onAuthenticationFailure.Long Method,0.28.0,0.44.0,0.44.0,17
stirling,0.43.0,stirling.software,CustomLogoutSuccessHandler,checkForErrors,Complex Method,"designitejava,experts",src/main/java/stirling/software/SPDF/config/security/CustomLogoutSuccessHandler.java,src/main/java/stirling/software/SPDF/config/security/CustomLogoutSuccessHandler.java.CustomLogoutSuccessHandler.checkForErrors.Complex Method,0.43.0,0.44.0,0.44.0,2
stirling,0.30.0,stirling.software,CustomLogoutSuccessHandler,getRedirect_oauth2,Complex Method,"designitejava,checkstyle,experts",src/main/java/stirling/software/SPDF/config/security/CustomLogoutSuccessHandler.java,src/main/java/stirling/software/SPDF/config/security/CustomLogoutSuccessHandler.java.CustomLogoutSuccessHandler.getRedirect_oauth2.Complex Method,0.30.0,0.42.0,0.43.0,13
stirling,0.30.0,stirling.software.SPDF.config.security,CustomLogoutSuccessHandler,getRedirect_oauth2,Feature Envy,"checkstyle,experts",src/main/java/stirling/software/SPDF/config/security/CustomLogoutSuccessHandler.java,src/main/java/stirling/software/SPDF/config/security/CustomLogoutSuccessHandler.java.CustomLogoutSuccessHandler.getRedirect_oauth2.Feature Envy,0.30.0,0.44.0,0.44.0,15
stirling,0.30.0,stirling.software,CustomLogoutSuccessHandler,getRedirect_oauth2,Long Method,"Decor,experts",src/main/java/stirling/software/SPDF/config/security/CustomLogoutSuccessHandler.java,src/main/java/stirling/software/SPDF/config/security/CustomLogoutSuccessHandler.java.CustomLogoutSuccessHandler.getRedirect_oauth2.Long Method,0.30.0,0.42.0,0.43.0,13
stirling,0.30.0,stirling.software,CustomLogoutSuccessHandler,onLogoutSuccess,Complex Method,"designitejava,experts",src/main/java/stirling/software/SPDF/config/security/CustomLogoutSuccessHandler.java,src/main/java/stirling/software/SPDF/config/security/CustomLogoutSuccessHandler.java.CustomLogoutSuccessHandler.onLogoutSuccess.Complex Method,0.30.0,0.42.0,0.43.0,13
stirling,0.13.0,stirling.software.SPDF.config.security,CustomUserDetailsService,loadUserByUsername,Feature Envy,"checkstyle,experts",src/main/java/stirling/software/SPDF/config/security/CustomUserDetailsService.java,src/main/java/stirling/software/SPDF/config/security/CustomUserDetailsService.java.CustomUserDetailsService.loadUserByUsername.Feature Envy,0.13.0,0.44.0,0.44.0,32
stirling,0.14.0,stirling.software.SPDF.config.security,FirstLoginFilter,doFilterInternal,Complex Method,"checkstyle,experts",src/main/java/stirling/software/SPDF/config/security/FirstLoginFilter.java,src/main/java/stirling/software/SPDF/config/security/FirstLoginFilter.java.FirstLoginFilter.doFilterInternal.Complex Method,0.14.0,0.17.0,0.18.0,4
stirling,0.43.0,stirling.software,FirstLoginFilter,doFilterInternal,Long Method,"Decor,experts",src/main/java/stirling/software/SPDF/config/security/FirstLoginFilter.java,src/main/java/stirling/software/SPDF/config/security/FirstLoginFilter.java.FirstLoginFilter.doFilterInternal.Long Method,0.43.0,0.43.0,0.44.0,1
stirling,0.27.0,stirling.software,InitialSecuritySetup,createDefaultAdminUser,Feature Envy,"designitejava,experts",src/main/java/stirling/software/SPDF/config/security/InitialSecuritySetup.java,src/main/java/stirling/software/SPDF/config/security/InitialSecuritySetup.java.InitialSecuritySetup.createDefaultAdminUser.Feature Envy,0.27.0,0.44.0,0.44.0,18
stirling,0.14.0,stirling.software,InitialSecuritySetup,init,Feature Envy,"designitejava,experts",src/main/java/stirling/software/SPDF/config/security/InitialSecuritySetup.java,src/main/java/stirling/software/SPDF/config/security/InitialSecuritySetup.java.InitialSecuritySetup.init.Feature Envy,0.14.0,0.36.0,0.37.0,23
stirling,0.24.0,stirling.software,InitialSecuritySetup,initializeInternalApiUser,Feature Envy,"designitejava,experts",src/main/java/stirling/software/SPDF/config/security/InitialSecuritySetup.java,src/main/java/stirling/software/SPDF/config/security/InitialSecuritySetup.java.InitialSecuritySetup.initializeInternalApiUser.Feature Envy,0.24.0,0.44.0,0.44.0,21
stirling,0.18.0,stirling.software.SPDF.config.security,LoginAttemptService,loginAttemptCheck,Feature Envy,"checkstyle,experts",src/main/java/stirling/software/SPDF/config/security/LoginAttemptService.java,src/main/java/stirling/software/SPDF/config/security/LoginAttemptService.java.LoginAttemptService.loginAttemptCheck.Feature Envy,0.18.0,0.23.0,0.24.0,6
stirling,0.25.0,stirling.software,SecurityConfiguration,,God Class,"pmd,experts",src/main/java/stirling/software/SPDF/config/security/SecurityConfiguration.java,src/main/java/stirling/software/SPDF/config/security/SecurityConfiguration.java.SecurityConfiguration..God Class,0.25.0,0.36.0,0.37.0,12
stirling,0.37.0,stirling.software,SecurityConfiguration,SecurityConfiguration,Long Parameter List,"designitejava,experts",src/main/java/stirling/software/SPDF/config/security/SecurityConfiguration.java,src/main/java/stirling/software/SPDF/config/security/SecurityConfiguration.java.SecurityConfiguration.SecurityConfiguration.Long Parameter List,0.37.0,0.44.0,0.44.0,8
stirling,0.19.0,stirling.software.SPDF.config.security,SecurityConfiguration,filterChain,Complex Method,"checkstyle,experts",src/main/java/stirling/software/SPDF/config/security/SecurityConfiguration.java,src/main/java/stirling/software/SPDF/config/security/SecurityConfiguration.java.SecurityConfiguration.filterChain.Complex Method,0.19.0,0.44.0,0.44.0,26
stirling,0.28.0,stirling.software.SPDF.config.security,SecurityConfiguration,filterChain,Feature Envy,"checkstyle,experts",src/main/java/stirling/software/SPDF/config/security/SecurityConfiguration.java,src/main/java/stirling/software/SPDF/config/security/SecurityConfiguration.java.SecurityConfiguration.filterChain.Feature Envy,0.28.0,0.44.0,0.44.0,17
stirling,0.30.0,stirling.software,SecurityConfiguration,filterChain,Long Method,"Decor,experts",src/main/java/stirling/software/SPDF/config/security/SecurityConfiguration.java,src/main/java/stirling/software/SPDF/config/security/SecurityConfiguration.java.SecurityConfiguration.filterChain.Long Method,0.30.0,0.44.0,0.44.0,15
stirling,0.25.0,stirling.software.SPDF.config.security,SecurityConfiguration,githubClientRegistration,Feature Envy,"checkstyle,experts",src/main/java/stirling/software/SPDF/config/security/SecurityConfiguration.java,src/main/java/stirling/software/SPDF/config/security/SecurityConfiguration.java.SecurityConfiguration.githubClientRegistration.Feature Envy,0.25.0,0.36.0,0.37.0,12
stirling,0.25.0,stirling.software.SPDF.config.security,SecurityConfiguration,googleClientRegistration,Feature Envy,"checkstyle,experts",src/main/java/stirling/software/SPDF/config/security/SecurityConfiguration.java,src/main/java/stirling/software/SPDF/config/security/SecurityConfiguration.java.SecurityConfiguration.googleClientRegistration.Feature Envy,0.25.0,0.36.0,0.37.0,12
stirling,0.25.0,stirling.software.SPDF.config.security,SecurityConfiguration,keycloakClientRegistration,Feature Envy,"checkstyle,experts",src/main/java/stirling/software/SPDF/config/security/SecurityConfiguration.java,src/main/java/stirling/software/SPDF/config/security/SecurityConfiguration.java.SecurityConfiguration.keycloakClientRegistration.Feature Envy,0.25.0,0.36.0,0.37.0,12
stirling,0.25.0,stirling.software.SPDF.config.security,SecurityConfiguration,oidcClientRegistration,Complex Method,"checkstyle,experts",src/main/java/stirling/software/SPDF/config/security/SecurityConfiguration.java,src/main/java/stirling/software/SPDF/config/security/SecurityConfiguration.java.SecurityConfiguration.oidcClientRegistration.Complex Method,0.25.0,0.36.0,0.37.0,12
stirling,0.24.0,stirling.software.SPDF.config.security,SecurityConfiguration,oidcClientRegistration,Feature Envy,"checkstyle,experts",src/main/java/stirling/software/SPDF/config/security/SecurityConfiguration.java,src/main/java/stirling/software/SPDF/config/security/SecurityConfiguration.java.SecurityConfiguration.oidcClientRegistration.Feature Envy,0.24.0,0.36.0,0.37.0,13
stirling,0.30.0,stirling.software.SPDF.config.security,SecurityConfiguration,relyingPartyRegistrations,Feature Envy,"checkstyle,experts",src/main/java/stirling/software/SPDF/config/security/SecurityConfiguration.java,src/main/java/stirling/software/SPDF/config/security/SecurityConfiguration.java.SecurityConfiguration.relyingPartyRegistrations.Feature Envy,0.30.0,0.36.0,0.37.0,7
stirling,0.13.0,stirling.software,UserAuthenticationFilter,doFilterInternal,Complex Method,"pmd,checkstyle,experts",src/main/java/stirling/software/SPDF/config/security/UserAuthenticationFilter.java,src/main/java/stirling/software/SPDF/config/security/UserAuthenticationFilter.java.UserAuthenticationFilter.doFilterInternal.Complex Method,0.13.0,0.44.0,0.44.0,32
stirling,0.13.0,stirling.software,UserAuthenticationFilter,doFilterInternal,Long Method,"Decor,experts",src/main/java/stirling/software/SPDF/config/security/UserAuthenticationFilter.java,src/main/java/stirling/software/SPDF/config/security/UserAuthenticationFilter.java.UserAuthenticationFilter.doFilterInternal.Long Method,0.13.0,0.36.0,0.37.0,24
stirling,0.43.0,stirling.software,UserBasedRateLimitingFilter,doFilterInternal,Long Method,"Decor,experts",src/main/java/stirling/software/SPDF/config/security/UserBasedRateLimitingFilter.java,src/main/java/stirling/software/SPDF/config/security/UserBasedRateLimitingFilter.java.UserBasedRateLimitingFilter.doFilterInternal.Long Method,0.43.0,0.44.0,0.44.0,2
stirling,0.13.0,stirling.software,UserBasedRateLimitingFilter,processRequest,Long Parameter List,"designitejava,checkstyle,experts",src/main/java/stirling/software/SPDF/config/security/UserBasedRateLimitingFilter.java,src/main/java/stirling/software/SPDF/config/security/UserBasedRateLimitingFilter.java.UserBasedRateLimitingFilter.processRequest.Long Parameter List,0.13.0,0.44.0,0.44.0,32
stirling,0.13.0,stirling.software,UserService,,God Class,"pmd,experts",src/main/java/stirling/software/SPDF/config/security/UserService.java,src/main/java/stirling/software/SPDF/config/security/UserService.java.UserService..God Class,0.13.0,0.44.0,0.44.0,32
stirling,0.37.0,stirling.software,UserService,UserService,Long Parameter List,"designitejava,experts",src/main/java/stirling/software/SPDF/config/security/UserService.java,src/main/java/stirling/software/SPDF/config/security/UserService.java.UserService.UserService.Long Parameter List,0.37.0,0.44.0,0.44.0,8
stirling,0.30.0,stirling.software,UserService,invalidateUserSessions,Complex Method,"designitejava,experts",src/main/java/stirling/software/SPDF/config/security/UserService.java,src/main/java/stirling/software/SPDF/config/security/UserService.java.UserService.invalidateUserSessions.Complex Method,0.30.0,0.44.0,0.44.0,15
stirling,0.28.0,stirling.software,UserService,invalidateUserSessions,Feature Envy,"designitejava,checkstyle,experts",src/main/java/stirling/software/SPDF/config/security/UserService.java,src/main/java/stirling/software/SPDF/config/security/UserService.java.UserService.invalidateUserSessions.Feature Envy,0.28.0,0.44.0,0.44.0,17
stirling,0.13.0,stirling.software.SPDF.config.security,UserService,saveUser,Feature Envy,"checkstyle,experts",src/main/java/stirling/software/SPDF/config/security/UserService.java,src/main/java/stirling/software/SPDF/config/security/UserService.java.UserService.saveUser.Feature Envy,0.13.0,0.36.0,0.37.0,24
stirling,0.29.0,stirling.software,DatabaseBackupHelper,,God Class,"pmd,experts",src/main/java/stirling/software/SPDF/config/security/database/DatabaseBackupHelper.java,src/main/java/stirling/software/SPDF/config/security/database/DatabaseBackupHelper.java.DatabaseBackupHelper..God Class,0.29.0,0.36.0,0.37.0,8
stirling,0.29.0,stirling.software.SPDF.config.security.database,DatabaseBackupHelper,isValidFileName,Complex Method,"checkstyle,experts",src/main/java/stirling/software/SPDF/config/security/database/DatabaseBackupHelper.java,src/main/java/stirling/software/SPDF/config/security/database/DatabaseBackupHelper.java.DatabaseBackupHelper.isValidFileName.Complex Method,0.29.0,0.36.0,0.37.0,8
stirling,0.37.0,stirling.software,DatabaseService,,God Class,"pmd,experts",src/main/java/stirling/software/SPDF/config/security/database/DatabaseService.java,src/main/java/stirling/software/SPDF/config/security/database/DatabaseService.java.DatabaseService..God Class,0.37.0,0.44.0,0.44.0,8
stirling,0.37.0,stirling.software.SPDF.config.security.database,DatabaseService,isValidFileName,Complex Method,"checkstyle,experts",src/main/java/stirling/software/SPDF/config/security/database/DatabaseService.java,src/main/java/stirling/software/SPDF/config/security/database/DatabaseService.java.DatabaseService.isValidFileName.Complex Method,0.37.0,0.44.0,0.44.0,8
stirling,0.30.0,stirling.software,CustomOAuth2AuthenticationFailureHandler,onAuthenticationFailure,Long Method,"Decor,experts",src/main/java/stirling/software/SPDF/config/security/oauth2/CustomOAuth2AuthenticationFailureHandler.java,src/main/java/stirling/software/SPDF/config/security/oauth2/CustomOAuth2AuthenticationFailureHandler.java.CustomOAuth2AuthenticationFailureHandler.onAuthenticationFailure.Long Method,0.30.0,0.42.0,0.43.0,13
stirling,0.24.0,stirling.software,CustomOAuth2AuthenticationSuccessHandler,onAuthenticationSuccess,Complex Method,"pmd,checkstyle,experts",src/main/java/stirling/software/SPDF/config/security/oauth2/CustomOAuth2AuthenticationSuccessHandler.java,src/main/java/stirling/software/SPDF/config/security/oauth2/CustomOAuth2AuthenticationSuccessHandler.java.CustomOAuth2AuthenticationSuccessHandler.onAuthenticationSuccess.Complex Method,0.24.0,0.44.0,0.44.0,21
stirling,0.28.0,stirling.software,CustomOAuth2AuthenticationSuccessHandler,onAuthenticationSuccess,Long Method,"Decor,experts",src/main/java/stirling/software/SPDF/config/security/oauth2/CustomOAuth2AuthenticationSuccessHandler.java,src/main/java/stirling/software/SPDF/config/security/oauth2/CustomOAuth2AuthenticationSuccessHandler.java.CustomOAuth2AuthenticationSuccessHandler.onAuthenticationSuccess.Long Method,0.28.0,0.42.0,0.43.0,15
stirling,0.24.0,stirling.software,CustomOAuth2LogoutSuccessHandler,onLogoutSuccess,Complex Method,"designitejava,experts",src/main/java/stirling/software/SPDF/config/security/oauth2/CustomOAuth2LogoutSuccessHandler.java,src/main/java/stirling/software/SPDF/config/security/oauth2/CustomOAuth2LogoutSuccessHandler.java.CustomOAuth2LogoutSuccessHandler.onLogoutSuccess.Complex Method,0.24.0,0.29.0,0.30.0,6
stirling,0.24.0,stirling.software.SPDF.config.security.oauth2,CustomOAuth2LogoutSuccessHandler,onLogoutSuccess,Feature Envy,"checkstyle,experts",src/main/java/stirling/software/SPDF/config/security/oauth2/CustomOAuth2LogoutSuccessHandler.java,src/main/java/stirling/software/SPDF/config/security/oauth2/CustomOAuth2LogoutSuccessHandler.java.CustomOAuth2LogoutSuccessHandler.onLogoutSuccess.Feature Envy,0.24.0,0.29.0,0.30.0,6
stirling,0.24.0,stirling.software,CustomOAuth2LogoutSuccessHandler,onLogoutSuccess,Long Method,"Decor,experts",src/main/java/stirling/software/SPDF/config/security/oauth2/CustomOAuth2LogoutSuccessHandler.java,src/main/java/stirling/software/SPDF/config/security/oauth2/CustomOAuth2LogoutSuccessHandler.java.CustomOAuth2LogoutSuccessHandler.onLogoutSuccess.Long Method,0.24.0,0.29.0,0.30.0,6
stirling,0.26.0,stirling.software,CustomOAuth2UserService,loadUser,Complex Method,"pmd,checkstyle,experts",src/main/java/stirling/software/SPDF/config/security/oauth2/CustomOAuth2UserService.java,src/main/java/stirling/software/SPDF/config/security/oauth2/CustomOAuth2UserService.java.CustomOAuth2UserService.loadUser.Complex Method,0.26.0,0.42.0,0.43.0,17
stirling,0.30.0,stirling.software,CustomOAuth2UserService,loadUser,Long Method,"Decor,experts",src/main/java/stirling/software/SPDF/config/security/oauth2/CustomOAuth2UserService.java,src/main/java/stirling/software/SPDF/config/security/oauth2/CustomOAuth2UserService.java.CustomOAuth2UserService.loadUser.Long Method,0.30.0,0.42.0,0.43.0,13
stirling,0.37.0,stirling.software.SPDF.config.security.oauth2,OAuth2Configuration,githubClientRegistration,Feature Envy,"checkstyle,experts",src/main/java/stirling/software/SPDF/config/security/oauth2/OAuth2Configuration.java,src/main/java/stirling/software/SPDF/config/security/oauth2/OAuth2Configuration.java.OAuth2Configuration.githubClientRegistration.Feature Envy,0.37.0,0.42.0,0.43.0,6
stirling,0.37.0,stirling.software.SPDF.config.security.oauth2,OAuth2Configuration,googleClientRegistration,Feature Envy,"checkstyle,experts",src/main/java/stirling/software/SPDF/config/security/oauth2/OAuth2Configuration.java,src/main/java/stirling/software/SPDF/config/security/oauth2/OAuth2Configuration.java.OAuth2Configuration.googleClientRegistration.Feature Envy,0.37.0,0.44.0,0.44.0,8
stirling,0.37.0,stirling.software.SPDF.config.security.oauth2,OAuth2Configuration,keycloakClientRegistration,Feature Envy,"checkstyle,experts",src/main/java/stirling/software/SPDF/config/security/oauth2/OAuth2Configuration.java,src/main/java/stirling/software/SPDF/config/security/oauth2/OAuth2Configuration.java.OAuth2Configuration.keycloakClientRegistration.Feature Envy,0.37.0,0.44.0,0.44.0,8
stirling,0.37.0,stirling.software.SPDF.config.security.oauth2,OAuth2Configuration,oidcClientRegistration,Complex Method,"checkstyle,experts",src/main/java/stirling/software/SPDF/config/security/oauth2/OAuth2Configuration.java,src/main/java/stirling/software/SPDF/config/security/oauth2/OAuth2Configuration.java.OAuth2Configuration.oidcClientRegistration.Complex Method,0.37.0,0.42.0,0.43.0,6
stirling,0.37.0,stirling.software.SPDF.config.security.oauth2,OAuth2Configuration,oidcClientRegistration,Feature Envy,"checkstyle,experts",src/main/java/stirling/software/SPDF/config/security/oauth2/OAuth2Configuration.java,src/main/java/stirling/software/SPDF/config/security/oauth2/OAuth2Configuration.java.OAuth2Configuration.oidcClientRegistration.Feature Envy,0.37.0,0.44.0,0.44.0,8
stirling,0.30.0,stirling.software,CustomSaml2AuthenticationSuccessHandler,onAuthenticationSuccess,Complex Method,"pmd,checkstyle,experts",src/main/java/stirling/software/SPDF/config/security/saml2/CustomSaml2AuthenticationSuccessHandler.java,src/main/java/stirling/software/SPDF/config/security/saml2/CustomSaml2AuthenticationSuccessHandler.java.CustomSaml2AuthenticationSuccessHandler.onAuthenticationSuccess.Complex Method,0.30.0,0.44.0,0.44.0,15
stirling,0.30.0,stirling.software,CustomSaml2AuthenticationSuccessHandler,onAuthenticationSuccess,Long Method,"Decor,experts",src/main/java/stirling/software/SPDF/config/security/saml2/CustomSaml2AuthenticationSuccessHandler.java,src/main/java/stirling/software/SPDF/config/security/saml2/CustomSaml2AuthenticationSuccessHandler.java.CustomSaml2AuthenticationSuccessHandler.onAuthenticationSuccess.Long Method,0.30.0,0.42.0,0.43.0,13
stirling,0.35.0,stirling.software,CustomSaml2ResponseAuthenticationConverter,convert,Complex Method,"designitejava,experts",src/main/java/stirling/software/SPDF/config/security/saml2/CustomSaml2ResponseAuthenticationConverter.java,src/main/java/stirling/software/SPDF/config/security/saml2/CustomSaml2ResponseAuthenticationConverter.java.CustomSaml2ResponseAuthenticationConverter.convert.Complex Method,0.35.0,0.44.0,0.44.0,10
stirling,0.35.0,stirling.software,CustomSaml2ResponseAuthenticationConverter,convert,Long Method,"Decor,experts",src/main/java/stirling/software/SPDF/config/security/saml2/CustomSaml2ResponseAuthenticationConverter.java,src/main/java/stirling/software/SPDF/config/security/saml2/CustomSaml2ResponseAuthenticationConverter.java.CustomSaml2ResponseAuthenticationConverter.convert.Long Method,0.35.0,0.44.0,0.44.0,10
stirling,0.37.0,stirling.software.SPDF.config.security.saml2,SAML2Configuration,relyingPartyRegistrations,Feature Envy,"checkstyle,experts",src/main/java/stirling/software/SPDF/config/security/saml2/SAML2Configuration.java,src/main/java/stirling/software/SPDF/config/security/saml2/SAML2Configuration.java.SAML2Configuration.relyingPartyRegistrations.Feature Envy,0.37.0,0.42.0,0.43.0,6
stirling,0.30.0,stirling.software,SessionPersistentRegistry,getAllSessions,Complex Method,"designitejava,experts",src/main/java/stirling/software/SPDF/config/security/session/SessionPersistentRegistry.java,src/main/java/stirling/software/SPDF/config/security/session/SessionPersistentRegistry.java.SessionPersistentRegistry.getAllSessions.Complex Method,0.30.0,0.44.0,0.44.0,15
stirling,0.28.0,stirling.software,SessionScheduled,expireSessions,Feature Envy,"designitejava,experts",src/main/java/stirling/software/SPDF/config/security/session/SessionScheduled.java,src/main/java/stirling/software/SPDF/config/security/session/SessionScheduled.java.SessionScheduled.expireSessions.Feature Envy,0.28.0,0.44.0,0.44.0,17
stirling,0.4.0,stirling.software,CompressController,optimizePdf,Long Method,"Decor,experts",src/main/java/stirling/software/SPDF/controller/CompressController.java,src/main/java/stirling/software/SPDF/controller/CompressController.java.CompressController.optimizePdf.Long Method,0.4.0,0.4.0,0.5.0,1
stirling,0.4.0,stirling.software,ExtractImagesController,extractImages,Long Method,"Decor,experts",src/main/java/stirling/software/SPDF/controller/ExtractImagesController.java,src/main/java/stirling/software/SPDF/controller/ExtractImagesController.java.ExtractImagesController.extractImages.Long Method,0.4.0,0.6.0,0.7.0,3
stirling,0.5.0,stirling.software,OCRController,processPdfWithOCR,Complex Method,"designitejava,pmd,checkstyle,experts",src/main/java/stirling/software/SPDF/controller/OCRController.java,src/main/java/stirling/software/SPDF/controller/OCRController.java.OCRController.processPdfWithOCR.Complex Method,0.5.0,0.6.0,0.7.0,2
stirling,0.4.0,stirling.software,OCRController,processPdfWithOCR,Long Method,"Decor,experts",src/main/java/stirling/software/SPDF/controller/OCRController.java,src/main/java/stirling/software/SPDF/controller/OCRController.java.OCRController.processPdfWithOCR.Long Method,0.4.0,0.6.0,0.7.0,3
stirling,0.5.0,stirling.software,OCRController,processPdfWithOCR,Long Parameter List,"designitejava,checkstyle,experts",src/main/java/stirling/software/SPDF/controller/OCRController.java,src/main/java/stirling/software/SPDF/controller/OCRController.java.OCRController.processPdfWithOCR.Long Parameter List,0.5.0,0.6.0,0.7.0,2
stirling,0.5.0,stirling.software,OverlayImageController,overlayImage,Long Parameter List,"designitejava,experts",src/main/java/stirling/software/SPDF/controller/OverlayImageController.java,src/main/java/stirling/software/SPDF/controller/OverlayImageController.java.OverlayImageController.overlayImage.Long Parameter List,0.5.0,0.6.0,0.7.0,2
stirling,0.3.0,stirling.software,SplitPDFController,splitPdf,Complex Method,"designitejava,pmd,checkstyle,experts",src/main/java/stirling/software/SPDF/controller/SplitPDFController.java,src/main/java/stirling/software/SPDF/controller/SplitPDFController.java.SplitPDFController.splitPdf.Complex Method,0.3.0,0.6.0,0.7.0,4
stirling,0.4.0,stirling.software,SplitPDFController,splitPdf,Long Method,"Decor,experts",src/main/java/stirling/software/SPDF/controller/SplitPDFController.java,src/main/java/stirling/software/SPDF/controller/SplitPDFController.java.SplitPDFController.splitPdf.Long Method,0.4.0,0.6.0,0.7.0,3
stirling,0.44.0,stirling.software,CropController,cropPdf,Feature Envy,"designitejava,experts",src/main/java/stirling/software/SPDF/controller/api/CropController.java,src/main/java/stirling/software/SPDF/controller/api/CropController.java.CropController.cropPdf.Feature Envy,0.44.0,0.44.0,0.44.0,1
stirling,0.30.0,stirling.software,CropController,cropPdf,Long Method,"Decor,experts",src/main/java/stirling/software/SPDF/controller/api/CropController.java,src/main/java/stirling/software/SPDF/controller/api/CropController.java.CropController.cropPdf.Long Method,0.30.0,0.44.0,0.44.0,15
stirling,0.11.0,stirling.software,CropController,cropPdf,Long Parameter List,"designitejava,experts",src/main/java/stirling/software/SPDF/controller/api/CropController.java,src/main/java/stirling/software/SPDF/controller/api/CropController.java.CropController.cropPdf.Long Parameter List,0.11.0,0.13.0,0.14.0,3
stirling,0.27.0,stirling.software,DatabaseController,importDatabaseFromBackupUI,Feature Envy,"designitejava,experts",src/main/java/stirling/software/SPDF/controller/api/DatabaseController.java,src/main/java/stirling/software/SPDF/controller/api/DatabaseController.java.DatabaseController.importDatabaseFromBackupUI.Feature Envy,0.27.0,0.44.0,0.44.0,18
stirling,0.26.0,stirling.software,MergeController,mergePdfs,Complex Method,"designitejava,experts",src/main/java/stirling/software/SPDF/controller/api/MergeController.java,src/main/java/stirling/software/SPDF/controller/api/MergeController.java.MergeController.mergePdfs.Complex Method,0.26.0,0.44.0,0.44.0,19
stirling,0.26.0,stirling.software,MergeController,mergePdfs,Long Method,"Decor,experts",src/main/java/stirling/software/SPDF/controller/api/MergeController.java,src/main/java/stirling/software/SPDF/controller/api/MergeController.java.MergeController.mergePdfs.Long Method,0.26.0,0.44.0,0.44.0,19
stirling,0.10.0,stirling.software,MultiPageLayoutController,mergeMultiplePagesIntoOne,Complex Method,"pmd,checkstyle,experts",src/main/java/stirling/software/SPDF/controller/api/MultiPageLayoutController.java,src/main/java/stirling/software/SPDF/controller/api/MultiPageLayoutController.java.MultiPageLayoutController.mergeMultiplePagesIntoOne.Complex Method,0.10.0,0.44.0,0.44.0,35
stirling,0.44.0,stirling.software,MultiPageLayoutController,mergeMultiplePagesIntoOne,Feature Envy,"designitejava,experts",src/main/java/stirling/software/SPDF/controller/api/MultiPageLayoutController.java,src/main/java/stirling/software/SPDF/controller/api/MultiPageLayoutController.java.MultiPageLayoutController.mergeMultiplePagesIntoOne.Feature Envy,0.44.0,0.44.0,0.44.0,1
stirling,0.10.0,stirling.software,MultiPageLayoutController,mergeMultiplePagesIntoOne,Long Method,"Decor,experts",src/main/java/stirling/software/SPDF/controller/api/MultiPageLayoutController.java,src/main/java/stirling/software/SPDF/controller/api/MultiPageLayoutController.java.MultiPageLayoutController.mergeMultiplePagesIntoOne.Long Method,0.10.0,0.44.0,0.44.0,35
stirling,0.18.0,stirling.software,PdfOverlayController,overlayPdfs,Long Method,"Decor,experts",src/main/java/stirling/software/SPDF/controller/api/PdfOverlayController.java,src/main/java/stirling/software/SPDF/controller/api/PdfOverlayController.java.PdfOverlayController.overlayPdfs.Long Method,0.18.0,0.44.0,0.44.0,27
stirling,0.18.0,stirling.software,PdfOverlayController,prepareOverlayGuide,Long Parameter List,"designitejava,experts",src/main/java/stirling/software/SPDF/controller/api/PdfOverlayController.java,src/main/java/stirling/software/SPDF/controller/api/PdfOverlayController.java.PdfOverlayController.prepareOverlayGuide.Long Parameter List,0.18.0,0.44.0,0.44.0,27
stirling,0.14.0,stirling.software,RearrangePagesPDFController,,God Class,"pmd,experts",src/main/java/stirling/software/SPDF/controller/api/RearrangePagesPDFController.java,src/main/java/stirling/software/SPDF/controller/api/RearrangePagesPDFController.java.RearrangePagesPDFController..God Class,0.14.0,0.44.0,0.44.0,31
stirling,0.10.0,stirling.software,RearrangePagesPDFController,processCustomMode,Complex Method,"designitejava,experts",src/main/java/stirling/software/SPDF/controller/api/RearrangePagesPDFController.java,src/main/java/stirling/software/SPDF/controller/api/RearrangePagesPDFController.java.RearrangePagesPDFController.processCustomMode.Complex Method,0.10.0,0.13.0,0.14.0,4
stirling,0.14.0,stirling.software,RearrangePagesPDFController,processSortTypes,Complex Method,"designitejava,experts",src/main/java/stirling/software/SPDF/controller/api/RearrangePagesPDFController.java,src/main/java/stirling/software/SPDF/controller/api/RearrangePagesPDFController.java.RearrangePagesPDFController.processSortTypes.Complex Method,0.14.0,0.44.0,0.44.0,31
stirling,0.30.0,stirling.software,RearrangePagesPDFController,rearrangePages,Long Method,"Decor,experts",src/main/java/stirling/software/SPDF/controller/api/RearrangePagesPDFController.java,src/main/java/stirling/software/SPDF/controller/api/RearrangePagesPDFController.java.RearrangePagesPDFController.rearrangePages.Long Method,0.30.0,0.44.0,0.44.0,15
stirling,0.10.0,stirling.software,ScalePagesController,scalePages,Long Method,"Decor,experts",src/main/java/stirling/software/SPDF/controller/api/ScalePagesController.java,src/main/java/stirling/software/SPDF/controller/api/ScalePagesController.java.ScalePagesController.scalePages.Long Method,0.10.0,0.44.0,0.44.0,35
stirling,0.7.0,stirling.software,SplitPDFController,splitPdf,Complex Method,"designitejava,pmd,checkstyle,experts",src/main/java/stirling/software/SPDF/controller/api/SplitPDFController.java,src/main/java/stirling/software/SPDF/controller/api/SplitPDFController.java.SplitPDFController.splitPdf.Complex Method,0.7.0,0.44.0,0.44.0,38
stirling,0.44.0,stirling.software,SplitPDFController,splitPdf,Feature Envy,"designitejava,experts",src/main/java/stirling/software/SPDF/controller/api/SplitPDFController.java,src/main/java/stirling/software/SPDF/controller/api/SplitPDFController.java.SplitPDFController.splitPdf.Feature Envy,0.44.0,0.44.0,0.44.0,1
stirling,0.7.0,stirling.software,SplitPDFController,splitPdf,Long Method,"Decor,experts",src/main/java/stirling/software/SPDF/controller/api/SplitPDFController.java,src/main/java/stirling/software/SPDF/controller/api/SplitPDFController.java.SplitPDFController.splitPdf.Long Method,0.7.0,0.42.0,0.43.0,36
stirling,0.29.0,stirling.software.SPDF.controller.api,SplitPdfByChaptersController,extractOutlineItems,Complex Method,"checkstyle,experts",src/main/java/stirling/software/SPDF/controller/api/SplitPdfByChaptersController.java,src/main/java/stirling/software/SPDF/controller/api/SplitPdfByChaptersController.java.SplitPdfByChaptersController.extractOutlineItems.Complex Method,0.29.0,0.44.0,0.44.0,16
stirling,0.29.0,stirling.software,SplitPdfByChaptersController,extractOutlineItems,Long Parameter List,"designitejava,checkstyle,experts",src/main/java/stirling/software/SPDF/controller/api/SplitPdfByChaptersController.java,src/main/java/stirling/software/SPDF/controller/api/SplitPdfByChaptersController.java.SplitPdfByChaptersController.extractOutlineItems.Long Parameter List,0.29.0,0.44.0,0.44.0,16
stirling,0.37.0,stirling.software,SplitPdfByChaptersController,getSplitDocumentsBoas,Feature Envy,"designitejava,experts",src/main/java/stirling/software/SPDF/controller/api/SplitPdfByChaptersController.java,src/main/java/stirling/software/SPDF/controller/api/SplitPdfByChaptersController.java.SplitPdfByChaptersController.getSplitDocumentsBoas.Feature Envy,0.37.0,0.44.0,0.44.0,8
stirling,0.29.0,stirling.software,SplitPdfByChaptersController,splitPdf,Long Method,"Decor,experts",src/main/java/stirling/software/SPDF/controller/api/SplitPdfByChaptersController.java,src/main/java/stirling/software/SPDF/controller/api/SplitPdfByChaptersController.java.SplitPdfByChaptersController.splitPdf.Long Method,0.29.0,0.44.0,0.44.0,16
stirling,0.17.0,stirling.software,SplitPdfBySectionsController,splitPdf,Long Method,"Decor,experts",src/main/java/stirling/software/SPDF/controller/api/SplitPdfBySectionsController.java,src/main/java/stirling/software/SPDF/controller/api/SplitPdfBySectionsController.java.SplitPdfBySectionsController.splitPdf.Long Method,0.17.0,0.44.0,0.44.0,28
stirling,0.17.0,stirling.software,SplitPdfBySizeController,autoSplitPdf,Complex Method,"designitejava,pmd,checkstyle,experts",src/main/java/stirling/software/SPDF/controller/api/SplitPdfBySizeController.java,src/main/java/stirling/software/SPDF/controller/api/SplitPdfBySizeController.java.SplitPdfBySizeController.autoSplitPdf.Complex Method,0.17.0,0.22.0,0.23.0,6
stirling,0.17.0,stirling.software,SplitPdfBySizeController,autoSplitPdf,Long Method,"Decor,experts",src/main/java/stirling/software/SPDF/controller/api/SplitPdfBySizeController.java,src/main/java/stirling/software/SPDF/controller/api/SplitPdfBySizeController.java.SplitPdfBySizeController.autoSplitPdf.Long Method,0.17.0,0.22.0,0.23.0,6
stirling,0.44.0,stirling.software,SplitPdfBySizeController,handleSplitByPageCount,Complex Method,"pmd,checkstyle,experts",src/main/java/stirling/software/SPDF/controller/api/SplitPdfBySizeController.java,src/main/java/stirling/software/SPDF/controller/api/SplitPdfBySizeController.java.SplitPdfBySizeController.handleSplitByPageCount.Complex Method,0.44.0,0.44.0,0.44.0,1
stirling,0.44.0,stirling.software,SplitPdfBySizeController,handleSplitBySize,Complex Method,"designitejava,pmd,checkstyle,experts",src/main/java/stirling/software/SPDF/controller/api/SplitPdfBySizeController.java,src/main/java/stirling/software/SPDF/controller/api/SplitPdfBySizeController.java.SplitPdfBySizeController.handleSplitBySize.Complex Method,0.44.0,0.44.0,0.44.0,1
stirling,0.37.0,stirling.software,SplitPdfBySizeController,handleSplitBySize,Long Method,"Decor,experts",src/main/java/stirling/software/SPDF/controller/api/SplitPdfBySizeController.java,src/main/java/stirling/software/SPDF/controller/api/SplitPdfBySizeController.java.SplitPdfBySizeController.handleSplitBySize.Long Method,0.37.0,0.43.0,0.44.0,7
stirling,0.44.0,stirling.software,ToSinglePageController,pdfToSinglePage,Feature Envy,"designitejava,experts",src/main/java/stirling/software/SPDF/controller/api/ToSinglePageController.java,src/main/java/stirling/software/SPDF/controller/api/ToSinglePageController.java.ToSinglePageController.pdfToSinglePage.Feature Envy,0.44.0,0.44.0,0.44.0,1
stirling,0.13.0,stirling.software,ToSinglePageController,pdfToSinglePage,Long Method,"Decor,experts",src/main/java/stirling/software/SPDF/controller/api/ToSinglePageController.java,src/main/java/stirling/software/SPDF/controller/api/ToSinglePageController.java.ToSinglePageController.pdfToSinglePage.Long Method,0.13.0,0.44.0,0.44.0,32
stirling,0.24.0,stirling.software,UserController,,God Class,"pmd,experts",src/main/java/stirling/software/SPDF/controller/api/UserController.java,src/main/java/stirling/software/SPDF/controller/api/UserController.java.UserController..God Class,0.24.0,0.44.0,0.44.0,21
stirling,0.13.0,stirling.software,UserController,changePassword,Feature Envy,"designitejava,checkstyle,experts",src/main/java/stirling/software/SPDF/controller/api/UserController.java,src/main/java/stirling/software/SPDF/controller/api/UserController.java.UserController.changePassword.Feature Envy,0.13.0,0.44.0,0.44.0,32
stirling,0.13.0,stirling.software,UserController,changePassword,Long Parameter List,"designitejava,experts",src/main/java/stirling/software/SPDF/controller/api/UserController.java,src/main/java/stirling/software/SPDF/controller/api/UserController.java.UserController.changePassword.Long Parameter List,0.13.0,0.44.0,0.44.0,32
stirling,0.22.0,stirling.software,UserController,changePasswordOnLogin,Feature Envy,"designitejava,checkstyle,experts",src/main/java/stirling/software/SPDF/controller/api/UserController.java,src/main/java/stirling/software/SPDF/controller/api/UserController.java.UserController.changePasswordOnLogin.Feature Envy,0.22.0,0.44.0,0.44.0,23
stirling,0.22.0,stirling.software,UserController,changePasswordOnLogin,Long Parameter List,"designitejava,checkstyle,experts",src/main/java/stirling/software/SPDF/controller/api/UserController.java,src/main/java/stirling/software/SPDF/controller/api/UserController.java.UserController.changePasswordOnLogin.Long Parameter List,0.22.0,0.44.0,0.44.0,23
stirling,0.24.0,stirling.software,UserController,changeRole,Feature Envy,"designitejava,experts",src/main/java/stirling/software/SPDF/controller/api/UserController.java,src/main/java/stirling/software/SPDF/controller/api/UserController.java.UserController.changeRole.Feature Envy,0.24.0,0.44.0,0.44.0,21
stirling,0.28.0,stirling.software,UserController,changeUserEnabled,Complex Method,"designitejava,pmd,checkstyle,experts",src/main/java/stirling/software/SPDF/controller/api/UserController.java,src/main/java/stirling/software/SPDF/controller/api/UserController.java.UserController.changeUserEnabled.Complex Method,0.28.0,0.44.0,0.44.0,17
stirling,0.28.0,stirling.software.SPDF.controller.api,UserController,changeUserEnabled,Feature Envy,"checkstyle,experts",src/main/java/stirling/software/SPDF/controller/api/UserController.java,src/main/java/stirling/software/SPDF/controller/api/UserController.java.UserController.changeUserEnabled.Feature Envy,0.28.0,0.44.0,0.44.0,17
stirling,0.28.0,stirling.software,UserController,changeUserEnabled,Long Method,"Decor,experts",src/main/java/stirling/software/SPDF/controller/api/UserController.java,src/main/java/stirling/software/SPDF/controller/api/UserController.java.UserController.changeUserEnabled.Long Method,0.28.0,0.42.0,0.43.0,15
stirling,0.23.0,stirling.software,UserController,changeUsername,Complex Method,"designitejava,checkstyle,experts",src/main/java/stirling/software/SPDF/controller/api/UserController.java,src/main/java/stirling/software/SPDF/controller/api/UserController.java.UserController.changeUsername.Complex Method,0.23.0,0.44.0,0.44.0,22
stirling,0.13.0,stirling.software,UserController,changeUsername,Feature Envy,"designitejava,checkstyle,experts",src/main/java/stirling/software/SPDF/controller/api/UserController.java,src/main/java/stirling/software/SPDF/controller/api/UserController.java.UserController.changeUsername.Feature Envy,0.13.0,0.44.0,0.44.0,32
stirling,0.43.0,stirling.software,UserController,changeUsername,Long Method,"Decor,experts",src/main/java/stirling/software/SPDF/controller/api/UserController.java,src/main/java/stirling/software/SPDF/controller/api/UserController.java.UserController.changeUsername.Long Method,0.43.0,0.44.0,0.44.0,2
stirling,0.13.0,stirling.software,UserController,changeUsername,Long Parameter List,"designitejava,experts",src/main/java/stirling/software/SPDF/controller/api/UserController.java,src/main/java/stirling/software/SPDF/controller/api/UserController.java.UserController.changeUsername.Long Parameter List,0.13.0,0.44.0,0.44.0,32
stirling,0.14.0,stirling.software,UserController,changeUsernameAndPassword,Feature Envy,"designitejava,checkstyle,experts",src/main/java/stirling/software/SPDF/controller/api/UserController.java,src/main/java/stirling/software/SPDF/controller/api/UserController.java.UserController.changeUsernameAndPassword.Feature Envy,0.14.0,0.21.0,0.22.0,8
stirling,0.14.0,stirling.software,UserController,changeUsernameAndPassword,Long Parameter List,"designitejava,checkstyle,experts",src/main/java/stirling/software/SPDF/controller/api/UserController.java,src/main/java/stirling/software/SPDF/controller/api/UserController.java.UserController.changeUsernameAndPassword.Long Parameter List,0.14.0,0.21.0,0.22.0,8
stirling,0.28.0,stirling.software.SPDF.controller.api,UserController,deleteUser,Feature Envy,"checkstyle,experts",src/main/java/stirling/software/SPDF/controller/api/UserController.java,src/main/java/stirling/software/SPDF/controller/api/UserController.java.UserController.deleteUser.Feature Envy,0.28.0,0.44.0,0.44.0,17
stirling,0.13.0,stirling.software,UserController,register,Feature Envy,"designitejava,experts",src/main/java/stirling/software/SPDF/controller/api/UserController.java,src/main/java/stirling/software/SPDF/controller/api/UserController.java.UserController.register.Feature Envy,0.13.0,0.44.0,0.44.0,32
stirling,0.28.0,stirling.software,UserController,saveUser,Complex Method,"designitejava,experts",src/main/java/stirling/software/SPDF/controller/api/UserController.java,src/main/java/stirling/software/SPDF/controller/api/UserController.java.UserController.saveUser.Complex Method,0.28.0,0.44.0,0.44.0,17
stirling,0.14.0,stirling.software,UserController,saveUser,Feature Envy,"designitejava,experts",src/main/java/stirling/software/SPDF/controller/api/UserController.java,src/main/java/stirling/software/SPDF/controller/api/UserController.java.UserController.saveUser.Feature Envy,0.14.0,0.44.0,0.44.0,31
stirling,0.28.0,stirling.software,UserController,saveUser,Long Parameter List,"designitejava,experts",src/main/java/stirling/software/SPDF/controller/api/UserController.java,src/main/java/stirling/software/SPDF/controller/api/UserController.java.UserController.saveUser.Long Parameter List,0.28.0,0.44.0,0.44.0,17
stirling,0.11.0,stirling.software.SPDF.controller.api.converters,ConvertHtmlToPDF,HtmlToPdf,Feature Envy,"checkstyle,experts",src/main/java/stirling/software/SPDF/controller/api/converters/ConvertHtmlToPDF.java,src/main/java/stirling/software/SPDF/controller/api/converters/ConvertHtmlToPDF.java.ConvertHtmlToPDF.HtmlToPdf.Feature Envy,0.11.0,0.11.0,0.12.0,1
stirling,0.29.0,stirling.software,ConvertImgPDFController,convertToImage,Complex Method,"designitejava,pmd,checkstyle,experts",src/main/java/stirling/software/SPDF/controller/api/converters/ConvertImgPDFController.java,src/main/java/stirling/software/SPDF/controller/api/converters/ConvertImgPDFController.java.ConvertImgPDFController.convertToImage.Complex Method,0.29.0,0.44.0,0.44.0,16
stirling,0.29.0,stirling.software.SPDF.controller.api.converters,ConvertImgPDFController,convertToImage,Feature Envy,"checkstyle,experts",src/main/java/stirling/software/SPDF/controller/api/converters/ConvertImgPDFController.java,src/main/java/stirling/software/SPDF/controller/api/converters/ConvertImgPDFController.java.ConvertImgPDFController.convertToImage.Feature Envy,0.29.0,0.36.0,0.37.0,8
stirling,0.23.0,stirling.software,ConvertImgPDFController,convertToImage,Long Method,"Decor,experts",src/main/java/stirling/software/SPDF/controller/api/converters/ConvertImgPDFController.java,src/main/java/stirling/software/SPDF/controller/api/converters/ConvertImgPDFController.java.ConvertImgPDFController.convertToImage.Long Method,0.23.0,0.44.0,0.44.0,22
stirling,0.7.0,stirling.software,ConvertImgPDFController,convertToImage,Long Parameter List,"designitejava,experts",src/main/java/stirling/software/SPDF/controller/api/converters/ConvertImgPDFController.java,src/main/java/stirling/software/SPDF/controller/api/converters/ConvertImgPDFController.java.ConvertImgPDFController.convertToImage.Long Parameter List,0.7.0,0.13.0,0.14.0,7
stirling,0.20.0,stirling.software,ConvertPDFToBookController,HtmlToPdf,Long Method,"Decor,experts",src/main/java/stirling/software/SPDF/controller/api/converters/ConvertPDFToBookController.java,src/main/java/stirling/software/SPDF/controller/api/converters/ConvertPDFToBookController.java.ConvertPDFToBookController.HtmlToPdf.Long Method,0.20.0,0.42.0,0.43.0,23
stirling,0.35.0,stirling.software.SPDF.controller.api.converters,ConvertPDFToPDFA,pdfToPdfA,Complex Method,"checkstyle,experts",src/main/java/stirling/software/SPDF/controller/api/converters/ConvertPDFToPDFA.java,src/main/java/stirling/software/SPDF/controller/api/converters/ConvertPDFToPDFA.java.ConvertPDFToPDFA.pdfToPdfA.Complex Method,0.35.0,0.44.0,0.44.0,10
stirling,0.26.0,stirling.software,ConvertPDFToPDFA,pdfToPdfA,Long Method,"Decor,experts",src/main/java/stirling/software/SPDF/controller/api/converters/ConvertPDFToPDFA.java,src/main/java/stirling/software/SPDF/controller/api/converters/ConvertPDFToPDFA.java.ConvertPDFToPDFA.pdfToPdfA.Long Method,0.26.0,0.44.0,0.44.0,19
stirling,0.43.0,stirling.software,ConvertWebsiteToPDF,urlToPdf,Long Method,"Decor,experts",src/main/java/stirling/software/SPDF/controller/api/converters/ConvertWebsiteToPDF.java,src/main/java/stirling/software/SPDF/controller/api/converters/ConvertWebsiteToPDF.java.ConvertWebsiteToPDF.urlToPdf.Long Method,0.43.0,0.44.0,0.44.0,2
stirling,0.29.0,stirling.software.SPDF.controller.api.converters,ExtractCSVController,PdfToCsv,Feature Envy,"checkstyle,experts",src/main/java/stirling/software/SPDF/controller/api/converters/ExtractCSVController.java,src/main/java/stirling/software/SPDF/controller/api/converters/ExtractCSVController.java.ExtractCSVController.PdfToCsv.Feature Envy,0.29.0,0.33.0,0.34.0,5
stirling,0.29.0,stirling.software,ExtractCSVController,PdfToCsv,Long Method,"Decor,experts",src/main/java/stirling/software/SPDF/controller/api/converters/ExtractCSVController.java,src/main/java/stirling/software/SPDF/controller/api/converters/ExtractCSVController.java.ExtractCSVController.PdfToCsv.Long Method,0.29.0,0.33.0,0.34.0,5
stirling,0.42.0,stirling.software,ExtractCSVController,pdfToCsv,Long Method,"Decor,experts",src/main/java/stirling/software/SPDF/controller/api/converters/ExtractCSVController.java,src/main/java/stirling/software/SPDF/controller/api/converters/ExtractCSVController.java.ExtractCSVController.pdfToCsv.Long Method,0.42.0,0.44.0,0.44.0,3
stirling,0.16.0,stirling.software.SPDF.controller.api.converters,ExtractController,PdfToCsv,Feature Envy,"checkstyle,experts",src/main/java/stirling/software/SPDF/controller/api/converters/ExtractController.java,src/main/java/stirling/software/SPDF/controller/api/converters/ExtractController.java.ExtractController.PdfToCsv.Feature Envy,0.16.0,0.28.0,0.29.0,13
stirling,0.16.0,stirling.software,ExtractController,PdfToCsv,Long Method,"Decor,experts",src/main/java/stirling/software/SPDF/controller/api/converters/ExtractController.java,src/main/java/stirling/software/SPDF/controller/api/converters/ExtractController.java.ExtractController.PdfToCsv.Long Method,0.16.0,0.28.0,0.29.0,13
stirling,0.43.0,stirling.software,FilterController,pageSize,Long Method,"Decor,experts",src/main/java/stirling/software/SPDF/controller/api/filters/FilterController.java,src/main/java/stirling/software/SPDF/controller/api/filters/FilterController.java.FilterController.pageSize.Long Method,0.43.0,0.44.0,0.44.0,2
stirling,0.14.0,stirling.software,AutoRenameController,extractHeader,Complex Method,"designitejava,pmd,experts",src/main/java/stirling/software/SPDF/controller/api/misc/AutoRenameController.java,src/main/java/stirling/software/SPDF/controller/api/misc/AutoRenameController.java.AutoRenameController.extractHeader.Complex Method,0.14.0,0.44.0,0.44.0,31
stirling,0.14.0,stirling.software,AutoRenameController,extractHeader,Long Method,"Decor,experts",src/main/java/stirling/software/SPDF/controller/api/misc/AutoRenameController.java,src/main/java/stirling/software/SPDF/controller/api/misc/AutoRenameController.java.AutoRenameController.extractHeader.Long Method,0.14.0,0.44.0,0.44.0,31
stirling,0.14.0,stirling.software,AutoSplitPdfController,autoSplitPdf,Complex Method,"designitejava,checkstyle,experts",src/main/java/stirling/software/SPDF/controller/api/misc/AutoSplitPdfController.java,src/main/java/stirling/software/SPDF/controller/api/misc/AutoSplitPdfController.java.AutoSplitPdfController.autoSplitPdf.Complex Method,0.14.0,0.44.0,0.44.0,31
stirling,0.14.0,stirling.software,AutoSplitPdfController,autoSplitPdf,Long Method,"Decor,experts",src/main/java/stirling/software/SPDF/controller/api/misc/AutoSplitPdfController.java,src/main/java/stirling/software/SPDF/controller/api/misc/AutoSplitPdfController.java.AutoSplitPdfController.autoSplitPdf.Long Method,0.14.0,0.42.0,0.43.0,29
stirling,0.14.0,stirling.software,BlankPageController,removeBlankPages,Complex Method,"designitejava,pmd,experts",src/main/java/stirling/software/SPDF/controller/api/misc/BlankPageController.java,src/main/java/stirling/software/SPDF/controller/api/misc/BlankPageController.java.BlankPageController.removeBlankPages.Complex Method,0.14.0,0.44.0,0.44.0,31
stirling,0.14.0,stirling.software,BlankPageController,removeBlankPages,Long Method,"Decor,experts",src/main/java/stirling/software/SPDF/controller/api/misc/BlankPageController.java,src/main/java/stirling/software/SPDF/controller/api/misc/BlankPageController.java.BlankPageController.removeBlankPages.Long Method,0.14.0,0.44.0,0.44.0,31
stirling,0.35.0,stirling.software,CompressController,compressImagesInPDF,Complex Method,"pmd,experts",src/main/java/stirling/software/SPDF/controller/api/misc/CompressController.java,src/main/java/stirling/software/SPDF/controller/api/misc/CompressController.java.CompressController.compressImagesInPDF.Complex Method,0.35.0,0.44.0,0.44.0,10
stirling,0.35.0,stirling.software,CompressController,compressImagesInPDF,Long Method,"Decor,experts",src/main/java/stirling/software/SPDF/controller/api/misc/CompressController.java,src/main/java/stirling/software/SPDF/controller/api/misc/CompressController.java.CompressController.compressImagesInPDF.Long Method,0.35.0,0.44.0,0.44.0,10
stirling,0.35.0,stirling.software,CompressController,determineOptimizeLevel,Complex Method,"designitejava,experts",src/main/java/stirling/software/SPDF/controller/api/misc/CompressController.java,src/main/java/stirling/software/SPDF/controller/api/misc/CompressController.java.CompressController.determineOptimizeLevel.Complex Method,0.35.0,0.44.0,0.44.0,10
stirling,0.14.0,stirling.software,CompressController,optimizePdf,Complex Method,"designitejava,pmd,checkstyle,experts",src/main/java/stirling/software/SPDF/controller/api/misc/CompressController.java,src/main/java/stirling/software/SPDF/controller/api/misc/CompressController.java.CompressController.optimizePdf.Complex Method,0.14.0,0.44.0,0.44.0,31
stirling,0.44.0,stirling.software,CompressController,optimizePdf,Long Method,"designitejava,experts",src/main/java/stirling/software/SPDF/controller/api/misc/CompressController.java,src/main/java/stirling/software/SPDF/controller/api/misc/CompressController.java.CompressController.optimizePdf.Long Method,0.44.0,0.44.0,0.44.0,1
stirling,0.22.0,stirling.software,ExtractImageScansController,extractImageScans,Complex Method,"designitejava,pmd,checkstyle,experts",src/main/java/stirling/software/SPDF/controller/api/misc/ExtractImageScansController.java,src/main/java/stirling/software/SPDF/controller/api/misc/ExtractImageScansController.java.ExtractImageScansController.extractImageScans.Complex Method,0.22.0,0.44.0,0.44.0,23
stirling,0.14.0,stirling.software,ExtractImageScansController,extractImageScans,Long Method,"Decor,experts",src/main/java/stirling/software/SPDF/controller/api/misc/ExtractImageScansController.java,src/main/java/stirling/software/SPDF/controller/api/misc/ExtractImageScansController.java.ExtractImageScansController.extractImageScans.Long Method,0.14.0,0.42.0,0.43.0,29
stirling,0.15.0,stirling.software,ExtractImagesController,extractImages,Complex Method,"designitejava,pmd,experts",src/main/java/stirling/software/SPDF/controller/api/misc/ExtractImagesController.java,src/main/java/stirling/software/SPDF/controller/api/misc/ExtractImagesController.java.ExtractImagesController.extractImages.Complex Method,0.15.0,0.26.0,0.27.0,12
stirling,0.14.0,stirling.software,ExtractImagesController,extractImages,Long Method,"Decor,experts",src/main/java/stirling/software/SPDF/controller/api/misc/ExtractImagesController.java,src/main/java/stirling/software/SPDF/controller/api/misc/ExtractImagesController.java.ExtractImagesController.extractImages.Long Method,0.14.0,0.44.0,0.44.0,31
stirling,0.27.0,stirling.software,ExtractImagesController,extractImagesFromPage,Long Parameter List,"designitejava,checkstyle,experts",src/main/java/stirling/software/SPDF/controller/api/misc/ExtractImagesController.java,src/main/java/stirling/software/SPDF/controller/api/misc/ExtractImagesController.java.ExtractImagesController.extractImagesFromPage.Long Parameter List,0.27.0,0.44.0,0.44.0,18
stirling,0.24.0,stirling.software,FakeScanControllerWIP,addDustAndHairs,Long Method,"Decor,experts",src/main/java/stirling/software/SPDF/controller/api/misc/FakeScanControllerWIP.java,src/main/java/stirling/software/SPDF/controller/api/misc/FakeScanControllerWIP.java.FakeScanControllerWIP.addDustAndHairs.Long Method,0.24.0,0.44.0,0.44.0,21
stirling,0.23.0,stirling.software,FakeScanControllerWIP,linearStretch,Long Method,"Decor,experts",src/main/java/stirling/software/SPDF/controller/api/misc/FakeScanControllerWIP.java,src/main/java/stirling/software/SPDF/controller/api/misc/FakeScanControllerWIP.java.FakeScanControllerWIP.linearStretch.Long Method,0.23.0,0.23.0,0.24.0,1
stirling,0.14.0,stirling.software,FakeScanControllerWIP,repairPdf,Long Method,"Decor,experts",src/main/java/stirling/software/SPDF/controller/api/misc/FakeScanControllerWIP.java,src/main/java/stirling/software/SPDF/controller/api/misc/FakeScanControllerWIP.java.FakeScanControllerWIP.repairPdf.Long Method,0.14.0,0.22.0,0.23.0,9
stirling,0.44.0,stirling.software,FlattenController,flatten,Feature Envy,"designitejava,experts",src/main/java/stirling/software/SPDF/controller/api/misc/FlattenController.java,src/main/java/stirling/software/SPDF/controller/api/misc/FlattenController.java.FlattenController.flatten.Feature Envy,0.44.0,0.44.0,0.44.0,1
stirling,0.24.0,stirling.software,FlattenController,flatten,Long Method,"Decor,experts",src/main/java/stirling/software/SPDF/controller/api/misc/FlattenController.java,src/main/java/stirling/software/SPDF/controller/api/misc/FlattenController.java.FlattenController.flatten.Long Method,0.24.0,0.44.0,0.44.0,21
stirling,0.14.0,stirling.software,MetadataController,metadata,Complex Method,"designitejava,pmd,checkstyle,experts",src/main/java/stirling/software/SPDF/controller/api/misc/MetadataController.java,src/main/java/stirling/software/SPDF/controller/api/misc/MetadataController.java.MetadataController.metadata.Complex Method,0.14.0,0.44.0,0.44.0,31
stirling,0.14.0,stirling.software,MetadataController,metadata,Long Method,"Decor,experts",src/main/java/stirling/software/SPDF/controller/api/misc/MetadataController.java,src/main/java/stirling/software/SPDF/controller/api/misc/MetadataController.java.MetadataController.metadata.Long Method,0.14.0,0.22.0,0.23.0,9
stirling,0.14.0,stirling.software,OCRController,processPdfWithOCR,Complex Method,"designitejava,pmd,checkstyle,experts",src/main/java/stirling/software/SPDF/controller/api/misc/OCRController.java,src/main/java/stirling/software/SPDF/controller/api/misc/OCRController.java.OCRController.processPdfWithOCR.Complex Method,0.14.0,0.34.0,0.35.0,21
stirling,0.14.0,stirling.software.SPDF.controller.api.misc,OCRController,processPdfWithOCR,Feature Envy,"checkstyle,experts",src/main/java/stirling/software/SPDF/controller/api/misc/OCRController.java,src/main/java/stirling/software/SPDF/controller/api/misc/OCRController.java.OCRController.processPdfWithOCR.Feature Envy,0.14.0,0.34.0,0.35.0,21
stirling,0.14.0,stirling.software,OCRController,processPdfWithOCR,Long Method,"Decor,experts",src/main/java/stirling/software/SPDF/controller/api/misc/OCRController.java,src/main/java/stirling/software/SPDF/controller/api/misc/OCRController.java.OCRController.processPdfWithOCR.Long Method,0.14.0,0.34.0,0.35.0,21
stirling,0.14.0,stirling.software,PageNumbersController,addPageNumbers,Complex Method,"designitejava,checkstyle,experts",src/main/java/stirling/software/SPDF/controller/api/misc/PageNumbersController.java,src/main/java/stirling/software/SPDF/controller/api/misc/PageNumbersController.java.PageNumbersController.addPageNumbers.Complex Method,0.14.0,0.44.0,0.44.0,31
stirling,0.14.0,stirling.software,PageNumbersController,addPageNumbers,Long Method,"Decor,experts",src/main/java/stirling/software/SPDF/controller/api/misc/PageNumbersController.java,src/main/java/stirling/software/SPDF/controller/api/misc/PageNumbersController.java.PageNumbersController.addPageNumbers.Long Method,0.14.0,0.28.0,0.29.0,15
stirling,0.23.0,stirling.software,PrintFileController,printFile,Long Method,"Decor,experts",src/main/java/stirling/software/SPDF/controller/api/misc/PrintFileController.java,src/main/java/stirling/software/SPDF/controller/api/misc/PrintFileController.java.PrintFileController.printFile.Long Method,0.23.0,0.44.0,0.44.0,22
stirling,0.21.0,stirling.software,StampController,addImageStamp,Long Parameter List,"designitejava,checkstyle,experts",src/main/java/stirling/software/SPDF/controller/api/misc/StampController.java,src/main/java/stirling/software/SPDF/controller/api/misc/StampController.java.StampController.addImageStamp.Long Parameter List,0.21.0,0.44.0,0.44.0,24
stirling,0.21.0,stirling.software,StampController,addStamp,Complex Method,"designitejava,experts",src/main/java/stirling/software/SPDF/controller/api/misc/StampController.java,src/main/java/stirling/software/SPDF/controller/api/misc/StampController.java.StampController.addStamp.Complex Method,0.21.0,0.44.0,0.44.0,24
stirling,0.21.0,stirling.software,StampController,addStamp,Long Method,"Decor,experts",src/main/java/stirling/software/SPDF/controller/api/misc/StampController.java,src/main/java/stirling/software/SPDF/controller/api/misc/StampController.java.StampController.addStamp.Long Method,0.21.0,0.35.0,0.36.0,15
stirling,0.21.0,stirling.software,StampController,addTextStamp,Complex Method,"designitejava,experts",src/main/java/stirling/software/SPDF/controller/api/misc/StampController.java,src/main/java/stirling/software/SPDF/controller/api/misc/StampController.java.StampController.addTextStamp.Complex Method,0.21.0,0.44.0,0.44.0,24
stirling,0.36.0,stirling.software,StampController,addTextStamp,Long Method,"Decor,experts",src/main/java/stirling/software/SPDF/controller/api/misc/StampController.java,src/main/java/stirling/software/SPDF/controller/api/misc/StampController.java.StampController.addTextStamp.Long Method,0.36.0,0.44.0,0.44.0,9
stirling,0.21.0,stirling.software,StampController,addTextStamp,Long Parameter List,"designitejava,checkstyle,experts",src/main/java/stirling/software/SPDF/controller/api/misc/StampController.java,src/main/java/stirling/software/SPDF/controller/api/misc/StampController.java.StampController.addTextStamp.Long Parameter List,0.21.0,0.44.0,0.44.0,24
stirling,0.21.0,stirling.software,StampController,calculatePositionX,Long Parameter List,"designitejava,checkstyle,experts",src/main/java/stirling/software/SPDF/controller/api/misc/StampController.java,src/main/java/stirling/software/SPDF/controller/api/misc/StampController.java.StampController.calculatePositionX.Long Parameter List,0.21.0,0.44.0,0.44.0,24
stirling,0.11.0,stirling.software,AutoRenameController,extractHeader,Complex Method,"designitejava,pmd,experts",src/main/java/stirling/software/SPDF/controller/api/other/AutoRenameController.java,src/main/java/stirling/software/SPDF/controller/api/other/AutoRenameController.java.AutoRenameController.extractHeader.Complex Method,0.11.0,0.13.0,0.14.0,3
stirling,0.11.0,stirling.software,AutoRenameController,extractHeader,Long Method,"Decor,experts",src/main/java/stirling/software/SPDF/controller/api/other/AutoRenameController.java,src/main/java/stirling/software/SPDF/controller/api/other/AutoRenameController.java.AutoRenameController.extractHeader.Long Method,0.11.0,0.13.0,0.14.0,3
stirling,0.12.0,stirling.software,AutoSplitPdfController,autoSplitPdf,Complex Method,"designitejava,checkstyle,experts",src/main/java/stirling/software/SPDF/controller/api/other/AutoSplitPdfController.java,src/main/java/stirling/software/SPDF/controller/api/other/AutoSplitPdfController.java.AutoSplitPdfController.autoSplitPdf.Complex Method,0.12.0,0.13.0,0.14.0,2
stirling,0.11.0,stirling.software,AutoSplitPdfController,autoSplitPdf,Long Method,"Decor,experts",src/main/java/stirling/software/SPDF/controller/api/other/AutoSplitPdfController.java,src/main/java/stirling/software/SPDF/controller/api/other/AutoSplitPdfController.java.AutoSplitPdfController.autoSplitPdf.Long Method,0.11.0,0.13.0,0.14.0,3
stirling,0.8.0,stirling.software,BlankPageController,removeBlankPages,Complex Method,"designitejava,pmd,experts",src/main/java/stirling/software/SPDF/controller/api/other/BlankPageController.java,src/main/java/stirling/software/SPDF/controller/api/other/BlankPageController.java.BlankPageController.removeBlankPages.Complex Method,0.8.0,0.13.0,0.14.0,6
stirling,0.8.0,stirling.software,BlankPageController,removeBlankPages,Long Method,"Decor,experts",src/main/java/stirling/software/SPDF/controller/api/other/BlankPageController.java,src/main/java/stirling/software/SPDF/controller/api/other/BlankPageController.java.BlankPageController.removeBlankPages.Long Method,0.8.0,0.13.0,0.14.0,6
stirling,0.9.0,stirling.software,CompressController,optimizePdf,Complex Method,"designitejava,pmd,checkstyle,experts",src/main/java/stirling/software/SPDF/controller/api/other/CompressController.java,src/main/java/stirling/software/SPDF/controller/api/other/CompressController.java.CompressController.optimizePdf.Complex Method,0.9.0,0.13.0,0.14.0,5
stirling,0.7.0,stirling.software,CompressController,optimizePdf,Long Method,"Decor,experts",src/main/java/stirling/software/SPDF/controller/api/other/CompressController.java,src/main/java/stirling/software/SPDF/controller/api/other/CompressController.java.CompressController.optimizePdf.Long Method,0.7.0,0.10.0,0.11.0,4
stirling,0.7.0,stirling.software,ExtractImageScansController,extractImageScans,Long Method,"Decor,experts",src/main/java/stirling/software/SPDF/controller/api/other/ExtractImageScansController.java,src/main/java/stirling/software/SPDF/controller/api/other/ExtractImageScansController.java.ExtractImageScansController.extractImageScans.Long Method,0.7.0,0.13.0,0.14.0,7
stirling,0.7.0,stirling.software,ExtractImageScansController,extractImageScans,Long Parameter List,"designitejava,checkstyle,experts",src/main/java/stirling/software/SPDF/controller/api/other/ExtractImageScansController.java,src/main/java/stirling/software/SPDF/controller/api/other/ExtractImageScansController.java.ExtractImageScansController.extractImageScans.Long Parameter List,0.7.0,0.13.0,0.14.0,7
stirling,0.7.0,stirling.software,ExtractImagesController,extractImages,Long Method,"Decor,experts",src/main/java/stirling/software/SPDF/controller/api/other/ExtractImagesController.java,src/main/java/stirling/software/SPDF/controller/api/other/ExtractImagesController.java.ExtractImagesController.extractImages.Long Method,0.7.0,0.13.0,0.14.0,7
stirling,0.10.0,stirling.software,FakeScanController,repairPdf,Long Method,"Decor,experts",src/main/java/stirling/software/SPDF/controller/api/other/FakeScanController.java,src/main/java/stirling/software/SPDF/controller/api/other/FakeScanController.java.FakeScanController.repairPdf.Long Method,0.10.0,0.10.0,0.11.0,1
stirling,0.11.0,stirling.software,FakeScanControllerWIP,repairPdf,Long Method,"Decor,experts",src/main/java/stirling/software/SPDF/controller/api/other/FakeScanControllerWIP.java,src/main/java/stirling/software/SPDF/controller/api/other/FakeScanControllerWIP.java.FakeScanControllerWIP.repairPdf.Long Method,0.11.0,0.13.0,0.14.0,3
stirling,0.7.0,stirling.software,MetadataController,metadata,Complex Method,"designitejava,pmd,checkstyle,experts",src/main/java/stirling/software/SPDF/controller/api/other/MetadataController.java,src/main/java/stirling/software/SPDF/controller/api/other/MetadataController.java.MetadataController.metadata.Complex Method,0.7.0,0.13.0,0.14.0,7
stirling,0.7.0,stirling.software,MetadataController,metadata,Long Method,"Decor,experts",src/main/java/stirling/software/SPDF/controller/api/other/MetadataController.java,src/main/java/stirling/software/SPDF/controller/api/other/MetadataController.java.MetadataController.metadata.Long Method,0.7.0,0.13.0,0.14.0,7
stirling,0.7.0,stirling.software,MetadataController,metadata,Long Parameter List,"designitejava,checkstyle,experts",src/main/java/stirling/software/SPDF/controller/api/other/MetadataController.java,src/main/java/stirling/software/SPDF/controller/api/other/MetadataController.java.MetadataController.metadata.Long Parameter List,0.7.0,0.13.0,0.14.0,7
stirling,0.7.0,stirling.software,OCRController,processPdfWithOCR,Complex Method,"designitejava,pmd,checkstyle,experts",src/main/java/stirling/software/SPDF/controller/api/other/OCRController.java,src/main/java/stirling/software/SPDF/controller/api/other/OCRController.java.OCRController.processPdfWithOCR.Complex Method,0.7.0,0.13.0,0.14.0,7
stirling,0.7.0,stirling.software.SPDF.controller.api.other,OCRController,processPdfWithOCR,Feature Envy,"checkstyle,experts",src/main/java/stirling/software/SPDF/controller/api/other/OCRController.java,src/main/java/stirling/software/SPDF/controller/api/other/OCRController.java.OCRController.processPdfWithOCR.Feature Envy,0.7.0,0.13.0,0.14.0,7
stirling,0.7.0,stirling.software,OCRController,processPdfWithOCR,Long Method,"Decor,experts",src/main/java/stirling/software/SPDF/controller/api/other/OCRController.java,src/main/java/stirling/software/SPDF/controller/api/other/OCRController.java.OCRController.processPdfWithOCR.Long Method,0.7.0,0.13.0,0.14.0,7
stirling,0.7.0,stirling.software,OCRController,processPdfWithOCR,Long Parameter List,"designitejava,checkstyle,experts",src/main/java/stirling/software/SPDF/controller/api/other/OCRController.java,src/main/java/stirling/software/SPDF/controller/api/other/OCRController.java.OCRController.processPdfWithOCR.Long Parameter List,0.7.0,0.13.0,0.14.0,7
stirling,0.7.0,stirling.software,OverlayImageController,overlayImage,Long Parameter List,"designitejava,experts",src/main/java/stirling/software/SPDF/controller/api/other/OverlayImageController.java,src/main/java/stirling/software/SPDF/controller/api/other/OverlayImageController.java.OverlayImageController.overlayImage.Long Parameter List,0.7.0,0.13.0,0.14.0,7
stirling,0.11.0,stirling.software,PageNumbersController,addPageNumbers,Complex Method,"designitejava,checkstyle,experts",src/main/java/stirling/software/SPDF/controller/api/other/PageNumbersController.java,src/main/java/stirling/software/SPDF/controller/api/other/PageNumbersController.java.PageNumbersController.addPageNumbers.Complex Method,0.11.0,0.13.0,0.14.0,3
stirling,0.11.0,stirling.software,PageNumbersController,addPageNumbers,Long Method,"Decor,experts",src/main/java/stirling/software/SPDF/controller/api/other/PageNumbersController.java,src/main/java/stirling/software/SPDF/controller/api/other/PageNumbersController.java.PageNumbersController.addPageNumbers.Long Method,0.11.0,0.13.0,0.14.0,3
stirling,0.11.0,stirling.software,PageNumbersController,addPageNumbers,Long Parameter List,"designitejava,checkstyle,experts",src/main/java/stirling/software/SPDF/controller/api/other/PageNumbersController.java,src/main/java/stirling/software/SPDF/controller/api/other/PageNumbersController.java.PageNumbersController.addPageNumbers.Long Parameter List,0.11.0,0.13.0,0.14.0,3
stirling,0.13.0,stirling.software,ShowJavascript,extractHeader,Complex Method,"designitejava,pmd,experts",src/main/java/stirling/software/SPDF/controller/api/other/ShowJavascript.java,src/main/java/stirling/software/SPDF/controller/api/other/ShowJavascript.java.ShowJavascript.extractHeader.Complex Method,0.13.0,0.13.0,0.14.0,1
stirling,0.13.0,stirling.software,ShowJavascript,extractHeader,Long Method,"Decor,experts",src/main/java/stirling/software/SPDF/controller/api/other/ShowJavascript.java,src/main/java/stirling/software/SPDF/controller/api/other/ShowJavascript.java.ShowJavascript.extractHeader.Long Method,0.13.0,0.13.0,0.14.0,1
stirling,0.21.0,stirling.software,ApiDocService,getExtensionTypes,Long Method,"Decor,experts",src/main/java/stirling/software/SPDF/controller/api/pipeline/ApiDocService.java,src/main/java/stirling/software/SPDF/controller/api/pipeline/ApiDocService.java.ApiDocService.getExtensionTypes.Long Method,0.21.0,0.44.0,0.44.0,24
stirling,0.19.0,stirling.software,PipelineController,handleData,Complex Method,"designitejava,checkstyle,experts",src/main/java/stirling/software/SPDF/controller/api/pipeline/PipelineController.java,src/main/java/stirling/software/SPDF/controller/api/pipeline/PipelineController.java.PipelineController.handleData.Complex Method,0.19.0,0.22.0,0.23.0,4
stirling,0.18.0,stirling.software,PipelineController,handleData,Long Method,"Decor,experts",src/main/java/stirling/software/SPDF/controller/api/pipeline/PipelineController.java,src/main/java/stirling/software/SPDF/controller/api/pipeline/PipelineController.java.PipelineController.handleData.Long Method,0.18.0,0.44.0,0.44.0,27
stirling,0.11.0,stirling.software,PipelineController,handleDirectory,Complex Method,"designitejava,pmd,checkstyle,experts",src/main/java/stirling/software/SPDF/controller/api/pipeline/PipelineController.java,src/main/java/stirling/software/SPDF/controller/api/pipeline/PipelineController.java.PipelineController.handleDirectory.Complex Method,0.11.0,0.17.0,0.18.0,7
stirling,0.11.0,stirling.software.SPDF.controller.api.pipeline,PipelineController,handleDirectory,Feature Envy,"checkstyle,experts",src/main/java/stirling/software/SPDF/controller/api/pipeline/PipelineController.java,src/main/java/stirling/software/SPDF/controller/api/pipeline/PipelineController.java.PipelineController.handleDirectory.Feature Envy,0.11.0,0.17.0,0.18.0,7
stirling,0.11.0,stirling.software,PipelineController,handleDirectory,Long Method,"Decor,designitejava,experts",src/main/java/stirling/software/SPDF/controller/api/pipeline/PipelineController.java,src/main/java/stirling/software/SPDF/controller/api/pipeline/PipelineController.java.PipelineController.handleDirectory.Long Method,0.11.0,0.17.0,0.18.0,7
stirling,0.11.0,stirling.software,PipelineController,processFiles,Complex Method,"designitejava,pmd,checkstyle,experts",src/main/java/stirling/software/SPDF/controller/api/pipeline/PipelineController.java,src/main/java/stirling/software/SPDF/controller/api/pipeline/PipelineController.java.PipelineController.processFiles.Complex Method,0.11.0,0.17.0,0.18.0,7
stirling,0.18.0,stirling.software,PipelineDirectoryProcessor,,God Class,"pmd,experts",src/main/java/stirling/software/SPDF/controller/api/pipeline/PipelineDirectoryProcessor.java,src/main/java/stirling/software/SPDF/controller/api/pipeline/PipelineDirectoryProcessor.java.PipelineDirectoryProcessor..God Class,0.18.0,0.44.0,0.44.0,27
stirling,0.43.0,stirling.software,PipelineDirectoryProcessor,PipelineDirectoryProcessor,Long Parameter List,"designitejava,experts",src/main/java/stirling/software/SPDF/controller/api/pipeline/PipelineDirectoryProcessor.java,src/main/java/stirling/software/SPDF/controller/api/pipeline/PipelineDirectoryProcessor.java.PipelineDirectoryProcessor.PipelineDirectoryProcessor.Long Parameter List,0.43.0,0.44.0,0.44.0,2
stirling,0.43.0,stirling.software,PipelineDirectoryProcessor,prepareFilesForProcessing,Complex Method,"pmd,experts",src/main/java/stirling/software/SPDF/controller/api/pipeline/PipelineDirectoryProcessor.java,src/main/java/stirling/software/SPDF/controller/api/pipeline/PipelineDirectoryProcessor.java.PipelineDirectoryProcessor.prepareFilesForProcessing.Complex Method,0.43.0,0.44.0,0.44.0,2
stirling,0.43.0,stirling.software,PipelineDirectoryProcessor,prepareFilesForProcessing,Long Method,"Decor,experts",src/main/java/stirling/software/SPDF/controller/api/pipeline/PipelineDirectoryProcessor.java,src/main/java/stirling/software/SPDF/controller/api/pipeline/PipelineDirectoryProcessor.java.PipelineDirectoryProcessor.prepareFilesForProcessing.Long Method,0.43.0,0.44.0,0.44.0,2
stirling,0.18.0,stirling.software.SPDF.controller.api.pipeline,PipelineDirectoryProcessor,validateOperation,Feature Envy,"checkstyle,experts",src/main/java/stirling/software/SPDF/controller/api/pipeline/PipelineDirectoryProcessor.java,src/main/java/stirling/software/SPDF/controller/api/pipeline/PipelineDirectoryProcessor.java.PipelineDirectoryProcessor.validateOperation.Feature Envy,0.18.0,0.44.0,0.44.0,27
stirling,0.21.0,stirling.software,PipelineProcessor,,God Class,"pmd,experts",src/main/java/stirling/software/SPDF/controller/api/pipeline/PipelineProcessor.java,src/main/java/stirling/software/SPDF/controller/api/pipeline/PipelineProcessor.java.PipelineProcessor..God Class,0.21.0,0.44.0,0.44.0,24
stirling,0.18.0,stirling.software,PipelineProcessor,runPipelineAgainstFiles,Complex Method,"designitejava,pmd,checkstyle,experts",src/main/java/stirling/software/SPDF/controller/api/pipeline/PipelineProcessor.java,src/main/java/stirling/software/SPDF/controller/api/pipeline/PipelineProcessor.java.PipelineProcessor.runPipelineAgainstFiles.Complex Method,0.18.0,0.44.0,0.44.0,27
stirling,0.18.0,stirling.software,PipelineProcessor,runPipelineAgainstFiles,Long Method,"Decor,experts",src/main/java/stirling/software/SPDF/controller/api/pipeline/PipelineProcessor.java,src/main/java/stirling/software/SPDF/controller/api/pipeline/PipelineProcessor.java.PipelineProcessor.runPipelineAgainstFiles.Long Method,0.18.0,0.44.0,0.44.0,27
stirling,0.43.0,stirling.software,PipelineProcessor,unzip,Long Method,"Decor,experts",src/main/java/stirling/software/SPDF/controller/api/pipeline/PipelineProcessor.java,src/main/java/stirling/software/SPDF/controller/api/pipeline/PipelineProcessor.java.PipelineProcessor.unzip.Long Method,0.43.0,0.43.0,0.44.0,1
stirling,0.19.0,stirling.software,CertSignController,sign,Long Parameter List,"designitejava,checkstyle,experts",src/main/java/stirling/software/SPDF/controller/api/security/CertSignController.java,src/main/java/stirling/software/SPDF/controller/api/security/CertSignController.java.CertSignController.sign.Long Parameter List,0.19.0,0.44.0,0.44.0,26
stirling,0.9.0,stirling.software,CertSignController,signPDF,Complex Method,"designitejava,pmd,checkstyle,experts",src/main/java/stirling/software/SPDF/controller/api/security/CertSignController.java,src/main/java/stirling/software/SPDF/controller/api/security/CertSignController.java.CertSignController.signPDF.Complex Method,0.9.0,0.13.0,0.14.0,5
stirling,0.9.0,stirling.software,CertSignController,signPDF,Long Method,"Decor,experts",src/main/java/stirling/software/SPDF/controller/api/security/CertSignController.java,src/main/java/stirling/software/SPDF/controller/api/security/CertSignController.java.CertSignController.signPDF.Long Method,0.9.0,0.13.0,0.14.0,5
stirling,0.9.0,stirling.software,CertSignController,signPDF,Long Parameter List,"designitejava,checkstyle,experts",src/main/java/stirling/software/SPDF/controller/api/security/CertSignController.java,src/main/java/stirling/software/SPDF/controller/api/security/CertSignController.java.CertSignController.signPDF.Long Parameter List,0.9.0,0.13.0,0.14.0,5
stirling,0.14.0,stirling.software,CertSignController,signPDFWithCert,Complex Method,"designitejava,pmd,checkstyle,experts",src/main/java/stirling/software/SPDF/controller/api/security/CertSignController.java,src/main/java/stirling/software/SPDF/controller/api/security/CertSignController.java.CertSignController.signPDFWithCert.Complex Method,0.14.0,0.18.0,0.19.0,5
stirling,0.14.0,stirling.software,CertSignController,signPDFWithCert,Long Method,"designitejava,experts",src/main/java/stirling/software/SPDF/controller/api/security/CertSignController.java,src/main/java/stirling/software/SPDF/controller/api/security/CertSignController.java.CertSignController.signPDFWithCert.Long Method,0.14.0,0.44.0,0.44.0,31
stirling,0.12.0,stirling.software.SPDF.controller.api.security,GetInfoOnPDF,,God Class,"checkstyle,experts",src/main/java/stirling/software/SPDF/controller/api/security/GetInfoOnPDF.java,src/main/java/stirling/software/SPDF/controller/api/security/GetInfoOnPDF.java.GetInfoOnPDF..God Class,0.12.0,0.44.0,0.44.0,33
stirling,0.12.0,stirling.software,GetInfoOnPDF,exploreStructureTree,Complex Method,"pmd,experts",src/main/java/stirling/software/SPDF/controller/api/security/GetInfoOnPDF.java,src/main/java/stirling/software/SPDF/controller/api/security/GetInfoOnPDF.java.GetInfoOnPDF.exploreStructureTree.Complex Method,0.12.0,0.44.0,0.44.0,33
stirling,0.12.0,stirling.software,GetInfoOnPDF,getPdfInfo,Complex Method,"designitejava,pmd,checkstyle,experts",src/main/java/stirling/software/SPDF/controller/api/security/GetInfoOnPDF.java,src/main/java/stirling/software/SPDF/controller/api/security/GetInfoOnPDF.java.GetInfoOnPDF.getPdfInfo.Complex Method,0.12.0,0.44.0,0.44.0,33
stirling,0.12.0,stirling.software,GetInfoOnPDF,getPdfInfo,Long Method,"designitejava,experts",src/main/java/stirling/software/SPDF/controller/api/security/GetInfoOnPDF.java,src/main/java/stirling/software/SPDF/controller/api/security/GetInfoOnPDF.java.GetInfoOnPDF.getPdfInfo.Long Method,0.12.0,0.44.0,0.44.0,33
stirling,0.14.0,stirling.software,PasswordController,addPassword,Long Method,"Decor,experts",src/main/java/stirling/software/SPDF/controller/api/security/PasswordController.java,src/main/java/stirling/software/SPDF/controller/api/security/PasswordController.java.PasswordController.addPassword.Long Method,0.14.0,0.44.0,0.44.0,31
stirling,0.8.0,stirling.software,PasswordController,addPassword,Long Parameter List,"designitejava,checkstyle,experts",src/main/java/stirling/software/SPDF/controller/api/security/PasswordController.java,src/main/java/stirling/software/SPDF/controller/api/security/PasswordController.java.PasswordController.addPassword.Long Parameter List,0.8.0,0.13.0,0.14.0,6
stirling,0.7.0,stirling.software,PasswordController,compressPDF,Long Parameter List,"designitejava,checkstyle,experts",src/main/java/stirling/software/SPDF/controller/api/security/PasswordController.java,src/main/java/stirling/software/SPDF/controller/api/security/PasswordController.java.PasswordController.compressPDF.Long Parameter List,0.7.0,0.7.0,0.8.0,1
stirling,0.44.0,stirling.software.SPDF.controller.api.security,RedactController,redactAreas,Complex Method,"checkstyle,experts",src/main/java/stirling/software/SPDF/controller/api/security/RedactController.java,src/main/java/stirling/software/SPDF/controller/api/security/RedactController.java.RedactController.redactAreas.Complex Method,0.44.0,0.44.0,0.44.0,1
stirling,0.13.0,stirling.software.SPDF.controller.api.security,RedactController,redactFoundText,Feature Envy,"checkstyle,experts",src/main/java/stirling/software/SPDF/controller/api/security/RedactController.java,src/main/java/stirling/software/SPDF/controller/api/security/RedactController.java.RedactController.redactFoundText.Feature Envy,0.13.0,0.44.0,0.44.0,32
stirling,0.13.0,stirling.software,RedactController,redactPdf,Long Method,"Decor,experts",src/main/java/stirling/software/SPDF/controller/api/security/RedactController.java,src/main/java/stirling/software/SPDF/controller/api/security/RedactController.java.RedactController.redactPdf.Long Method,0.13.0,0.44.0,0.44.0,32
stirling,0.13.0,stirling.software,RedactController,redactPdf,Long Parameter List,"designitejava,checkstyle,experts",src/main/java/stirling/software/SPDF/controller/api/security/RedactController.java,src/main/java/stirling/software/SPDF/controller/api/security/RedactController.java.RedactController.redactPdf.Long Parameter List,0.13.0,0.13.0,0.14.0,1
stirling,0.11.0,stirling.software,SanitizeController,sanitizeJavaScript,Complex Method,"designitejava,pmd,experts",src/main/java/stirling/software/SPDF/controller/api/security/SanitizeController.java,src/main/java/stirling/software/SPDF/controller/api/security/SanitizeController.java.SanitizeController.sanitizeJavaScript.Complex Method,0.11.0,0.44.0,0.44.0,34
stirling,0.13.0,stirling.software,SanitizeController,sanitizeJavaScript,Long Method,"Decor,experts",src/main/java/stirling/software/SPDF/controller/api/security/SanitizeController.java,src/main/java/stirling/software/SPDF/controller/api/security/SanitizeController.java.SanitizeController.sanitizeJavaScript.Long Method,0.13.0,0.42.0,0.43.0,30
stirling,0.11.0,stirling.software,SanitizeController,sanitizePDF,Long Parameter List,"designitejava,checkstyle,experts",src/main/java/stirling/software/SPDF/controller/api/security/SanitizeController.java,src/main/java/stirling/software/SPDF/controller/api/security/SanitizeController.java.SanitizeController.sanitizePDF.Long Parameter List,0.11.0,0.13.0,0.14.0,3
stirling,0.36.0,stirling.software,ValidateSignatureController,validateSignature,Complex Method,"pmd,checkstyle,experts",src/main/java/stirling/software/SPDF/controller/api/security/ValidateSignatureController.java,src/main/java/stirling/software/SPDF/controller/api/security/ValidateSignatureController.java.ValidateSignatureController.validateSignature.Complex Method,0.36.0,0.44.0,0.44.0,9
stirling,0.36.0,stirling.software,ValidateSignatureController,validateSignature,Feature Envy,"designitejava,checkstyle,experts",src/main/java/stirling/software/SPDF/controller/api/security/ValidateSignatureController.java,src/main/java/stirling/software/SPDF/controller/api/security/ValidateSignatureController.java.ValidateSignatureController.validateSignature.Feature Envy,0.36.0,0.44.0,0.44.0,9
stirling,0.36.0,stirling.software,ValidateSignatureController,validateSignature,Long Method,"Decor,experts",src/main/java/stirling/software/SPDF/controller/api/security/ValidateSignatureController.java,src/main/java/stirling/software/SPDF/controller/api/security/ValidateSignatureController.java.ValidateSignatureController.validateSignature.Long Method,0.36.0,0.42.0,0.43.0,7
stirling,0.11.0,stirling.software,WatermarkController,addImageWatermark,Long Parameter List,"designitejava,checkstyle,experts",src/main/java/stirling/software/SPDF/controller/api/security/WatermarkController.java,src/main/java/stirling/software/SPDF/controller/api/security/WatermarkController.java.WatermarkController.addImageWatermark.Long Parameter List,0.11.0,0.44.0,0.44.0,34
stirling,0.11.0,stirling.software,WatermarkController,addTextWatermark,Complex Method,"designitejava,experts",src/main/java/stirling/software/SPDF/controller/api/security/WatermarkController.java,src/main/java/stirling/software/SPDF/controller/api/security/WatermarkController.java.WatermarkController.addTextWatermark.Complex Method,0.11.0,0.44.0,0.44.0,34
stirling,0.11.0,stirling.software,WatermarkController,addTextWatermark,Long Method,"Decor,experts",src/main/java/stirling/software/SPDF/controller/api/security/WatermarkController.java,src/main/java/stirling/software/SPDF/controller/api/security/WatermarkController.java.WatermarkController.addTextWatermark.Long Method,0.11.0,0.44.0,0.44.0,34
stirling,0.11.0,stirling.software,WatermarkController,addTextWatermark,Long Parameter List,"designitejava,checkstyle,experts",src/main/java/stirling/software/SPDF/controller/api/security/WatermarkController.java,src/main/java/stirling/software/SPDF/controller/api/security/WatermarkController.java.WatermarkController.addTextWatermark.Long Parameter List,0.11.0,0.44.0,0.44.0,34
stirling,0.7.0,stirling.software,WatermarkController,addWatermark,Long Parameter List,"designitejava,checkstyle,experts",src/main/java/stirling/software/SPDF/controller/api/security/WatermarkController.java,src/main/java/stirling/software/SPDF/controller/api/security/WatermarkController.java.WatermarkController.addWatermark.Long Parameter List,0.7.0,0.13.0,0.14.0,7
stirling,0.7.0,stirling.software,WatermarkController,removeWatermark,Complex Method,"designitejava,pmd,experts",src/main/java/stirling/software/SPDF/controller/api/security/WatermarkController.java,src/main/java/stirling/software/SPDF/controller/api/security/WatermarkController.java.WatermarkController.removeWatermark.Complex Method,0.7.0,0.7.0,0.8.0,1
stirling,0.7.0,stirling.software,WatermarkController,removeWatermark,Long Method,"Decor,experts",src/main/java/stirling/software/SPDF/controller/api/security/WatermarkController.java,src/main/java/stirling/software/SPDF/controller/api/security/WatermarkController.java.WatermarkController.removeWatermark.Long Method,0.7.0,0.7.0,0.8.0,1
stirling,0.16.0,stirling.software,PDFTableStripper,extractTable,Long Method,"Decor,experts",src/main/java/stirling/software/SPDF/controller/api/strippers/PDFTableStripper.java,src/main/java/stirling/software/SPDF/controller/api/strippers/PDFTableStripper.java.PDFTableStripper.extractTable.Long Method,0.16.0,0.33.0,0.34.0,18
stirling,0.4.0,stirling.software,ConvertImgPDFController,convertToImage,Long Parameter List,"designitejava,experts",src/main/java/stirling/software/SPDF/controller/converters/ConvertImgPDFController.java,src/main/java/stirling/software/SPDF/controller/converters/ConvertImgPDFController.java.ConvertImgPDFController.convertToImage.Long Parameter List,0.4.0,0.6.0,0.7.0,3
stirling,0.4.0,stirling.software,MetadataController,metadata,Complex Method,"designitejava,pmd,checkstyle,experts",src/main/java/stirling/software/SPDF/controller/security/MetadataController.java,src/main/java/stirling/software/SPDF/controller/security/MetadataController.java.MetadataController.metadata.Complex Method,0.4.0,0.6.0,0.7.0,3
stirling,0.4.0,stirling.software,MetadataController,metadata,Long Method,"Decor,experts",src/main/java/stirling/software/SPDF/controller/security/MetadataController.java,src/main/java/stirling/software/SPDF/controller/security/MetadataController.java.MetadataController.metadata.Long Method,0.4.0,0.6.0,0.7.0,3
stirling,0.4.0,stirling.software,MetadataController,metadata,Long Parameter List,"designitejava,checkstyle,experts",src/main/java/stirling/software/SPDF/controller/security/MetadataController.java,src/main/java/stirling/software/SPDF/controller/security/MetadataController.java.MetadataController.metadata.Long Parameter List,0.4.0,0.6.0,0.7.0,3
stirling,0.3.0,stirling.software,PasswordController,compressPDF,Long Parameter List,"designitejava,checkstyle,experts",src/main/java/stirling/software/SPDF/controller/security/PasswordController.java,src/main/java/stirling/software/SPDF/controller/security/PasswordController.java.PasswordController.compressPDF.Long Parameter List,0.3.0,0.6.0,0.7.0,4
stirling,0.3.0,stirling.software,WatermarkController,addWatermark,Long Method,"Decor,experts",src/main/java/stirling/software/SPDF/controller/security/WatermarkController.java,src/main/java/stirling/software/SPDF/controller/security/WatermarkController.java.WatermarkController.addWatermark.Long Method,0.3.0,0.3.0,0.4.0,1
stirling,0.3.0,stirling.software,WatermarkController,addWatermark,Long Parameter List,"designitejava,checkstyle,experts",src/main/java/stirling/software/SPDF/controller/security/WatermarkController.java,src/main/java/stirling/software/SPDF/controller/security/WatermarkController.java.WatermarkController.addWatermark.Long Parameter List,0.3.0,0.6.0,0.7.0,4
stirling,0.4.0,stirling.software,WatermarkController,removeWatermark,Complex Method,"designitejava,pmd,experts",src/main/java/stirling/software/SPDF/controller/security/WatermarkController.java,src/main/java/stirling/software/SPDF/controller/security/WatermarkController.java.WatermarkController.removeWatermark.Complex Method,0.4.0,0.6.0,0.7.0,3
stirling,0.4.0,stirling.software,WatermarkController,removeWatermark,Long Method,"Decor,experts",src/main/java/stirling/software/SPDF/controller/security/WatermarkController.java,src/main/java/stirling/software/SPDF/controller/security/WatermarkController.java.WatermarkController.removeWatermark.Long Method,0.4.0,0.4.0,0.5.0,1
stirling,0.30.0,stirling.software.SPDF.controller.web,AccountWebController,,God Class,"checkstyle,experts",src/main/java/stirling/software/SPDF/controller/web/AccountWebController.java,src/main/java/stirling/software/SPDF/controller/web/AccountWebController.java.AccountWebController..God Class,0.30.0,0.44.0,0.44.0,15
stirling,0.24.0,stirling.software,AccountWebController,account,Complex Method,"designitejava,pmd,checkstyle,experts",src/main/java/stirling/software/SPDF/controller/web/AccountWebController.java,src/main/java/stirling/software/SPDF/controller/web/AccountWebController.java.AccountWebController.account.Complex Method,0.24.0,0.44.0,0.44.0,21
stirling,0.24.0,stirling.software,AccountWebController,account,Long Method,"Decor,experts",src/main/java/stirling/software/SPDF/controller/web/AccountWebController.java,src/main/java/stirling/software/SPDF/controller/web/AccountWebController.java.AccountWebController.account.Long Method,0.24.0,0.24.0,0.25.0,1
stirling,0.24.0,stirling.software,AccountWebController,changeCreds,Complex Method,"designitejava,pmd,checkstyle,experts",src/main/java/stirling/software/SPDF/controller/web/AccountWebController.java,src/main/java/stirling/software/SPDF/controller/web/AccountWebController.java.AccountWebController.changeCreds.Complex Method,0.24.0,0.44.0,0.44.0,21
stirling,0.24.0,stirling.software,AccountWebController,login,Complex Method,"designitejava,checkstyle,experts",src/main/java/stirling/software/SPDF/controller/web/AccountWebController.java,src/main/java/stirling/software/SPDF/controller/web/AccountWebController.java.AccountWebController.login.Complex Method,0.24.0,0.44.0,0.44.0,21
stirling,0.25.0,stirling.software.SPDF.controller.web,AccountWebController,login,Feature Envy,"checkstyle,experts",src/main/java/stirling/software/SPDF/controller/web/AccountWebController.java,src/main/java/stirling/software/SPDF/controller/web/AccountWebController.java.AccountWebController.login.Feature Envy,0.25.0,0.44.0,0.44.0,20
stirling,0.25.0,stirling.software,AccountWebController,login,Long Method,"Decor,experts",src/main/java/stirling/software/SPDF/controller/web/AccountWebController.java,src/main/java/stirling/software/SPDF/controller/web/AccountWebController.java.AccountWebController.login.Long Method,0.25.0,0.44.0,0.44.0,20
stirling,0.24.0,stirling.software,AccountWebController,showAddUserForm,Complex Method,"designitejava,pmd,checkstyle,experts",src/main/java/stirling/software/SPDF/controller/web/AccountWebController.java,src/main/java/stirling/software/SPDF/controller/web/AccountWebController.java.AccountWebController.showAddUserForm.Complex Method,0.24.0,0.44.0,0.44.0,21
stirling,0.28.0,stirling.software,AccountWebController,showAddUserForm,Feature Envy,"designitejava,checkstyle,experts",src/main/java/stirling/software/SPDF/controller/web/AccountWebController.java,src/main/java/stirling/software/SPDF/controller/web/AccountWebController.java.AccountWebController.showAddUserForm.Feature Envy,0.28.0,0.44.0,0.44.0,17
stirling,0.11.0,stirling.software,ConverterWebController,,God Class,"pmd,experts",src/main/java/stirling/software/SPDF/controller/web/ConverterWebController.java,src/main/java/stirling/software/SPDF/controller/web/ConverterWebController.java.ConverterWebController..God Class,0.11.0,0.44.0,0.44.0,34
stirling,0.34.0,stirling.software,DatabaseWebController,database,Feature Envy,"designitejava,experts",src/main/java/stirling/software/SPDF/controller/web/DatabaseWebController.java,src/main/java/stirling/software/SPDF/controller/web/DatabaseWebController.java.DatabaseWebController.database.Feature Envy,0.34.0,0.44.0,0.44.0,11
stirling,0.8.0,stirling.software,GeneralWebController,,God Class,"pmd,experts",src/main/java/stirling/software/SPDF/controller/web/GeneralWebController.java,src/main/java/stirling/software/SPDF/controller/web/GeneralWebController.java.GeneralWebController..God Class,0.8.0,0.44.0,0.44.0,37
stirling,0.19.0,stirling.software,GeneralWebController,pipelineForm,Long Method,"Decor,experts",src/main/java/stirling/software/SPDF/controller/web/GeneralWebController.java,src/main/java/stirling/software/SPDF/controller/web/GeneralWebController.java.GeneralWebController.pipelineForm.Long Method,0.19.0,0.44.0,0.44.0,26
stirling,0.29.0,stirling.software,MetricsController,,God Class,"pmd,experts",src/main/java/stirling/software/SPDF/controller/web/MetricsController.java,src/main/java/stirling/software/SPDF/controller/web/MetricsController.java.MetricsController..God Class,0.29.0,0.44.0,0.44.0,16
stirling,0.13.0,stirling.software,MetricsController,getAllEndpointLoads,Complex Method,"pmd,experts",src/main/java/stirling/software/SPDF/controller/web/MetricsController.java,src/main/java/stirling/software/SPDF/controller/web/MetricsController.java.MetricsController.getAllEndpointLoads.Complex Method,0.13.0,0.28.0,0.29.0,16
stirling,0.13.0,stirling.software,MetricsController,getAllPostRequests,Complex Method,"pmd,experts",src/main/java/stirling/software/SPDF/controller/web/MetricsController.java,src/main/java/stirling/software/SPDF/controller/web/MetricsController.java.MetricsController.getAllPostRequests.Complex Method,0.13.0,0.28.0,0.29.0,16
stirling,0.11.0,stirling.software,MetricsController,getPageLoads,Complex Method,"designitejava,pmd,checkstyle,experts",src/main/java/stirling/software/SPDF/controller/web/MetricsController.java,src/main/java/stirling/software/SPDF/controller/web/MetricsController.java.MetricsController.getPageLoads.Complex Method,0.11.0,0.28.0,0.29.0,18
stirling,0.13.0,stirling.software,MetricsController,getTotalRequests,Complex Method,"designitejava,pmd,checkstyle,experts",src/main/java/stirling/software/SPDF/controller/web/MetricsController.java,src/main/java/stirling/software/SPDF/controller/web/MetricsController.java.MetricsController.getTotalRequests.Complex Method,0.13.0,0.28.0,0.29.0,16
stirling,0.8.0,stirling.software,OtherWebController,,God Class,"pmd,experts",src/main/java/stirling/software/SPDF/controller/web/OtherWebController.java,src/main/java/stirling/software/SPDF/controller/web/OtherWebController.java.OtherWebController..God Class,0.8.0,0.44.0,0.44.0,37
stirling,0.37.0,stirling.software,SecurityWebController,,God Class,"pmd,experts",src/main/java/stirling/software/SPDF/controller/web/SecurityWebController.java,src/main/java/stirling/software/SPDF/controller/web/SecurityWebController.java.SecurityWebController..God Class,0.37.0,0.44.0,0.44.0,8
stirling,0.43.0,stirling.software.SPDF.model,OAUTH2,isSettingsValid,Feature Envy,"checkstyle,experts",src/main/java/stirling/software/SPDF/model/ApplicationProperties.java,src/main/java/stirling/software/SPDF/model/ApplicationProperties.java.OAUTH2.isSettingsValid.Feature Envy,0.43.0,0.44.0,0.44.0,2
stirling,0.13.0,stirling.software,PDFText,PDFText,Long Parameter List,"designitejava,experts",src/main/java/stirling/software/SPDF/model/PDFText.java,src/main/java/stirling/software/SPDF/model/PDFText.java.PDFText.PDFText.Long Parameter List,0.13.0,0.43.0,0.44.0,31
stirling,0.43.0,stirling.software,KeycloakProvider,KeycloakProvider,Long Parameter List,"designitejava,experts",src/main/java/stirling/software/SPDF/model/provider/KeycloakProvider.java,src/main/java/stirling/software/SPDF/model/provider/KeycloakProvider.java.KeycloakProvider.KeycloakProvider.Long Parameter List,0.43.0,0.44.0,0.44.0,2
stirling,0.43.0,stirling.software,Provider,Provider,Long Parameter List,"designitejava,experts",src/main/java/stirling/software/SPDF/model/provider/Provider.java,src/main/java/stirling/software/SPDF/model/provider/Provider.java.Provider.Provider.Long Parameter List,0.43.0,0.44.0,0.44.0,2
stirling,0.10.0,stirling.software,ImageFinder,,God Class,"pmd,experts",src/main/java/stirling/software/SPDF/pdf/ImageFinder.java,src/main/java/stirling/software/SPDF/pdf/ImageFinder.java.ImageFinder..God Class,0.10.0,0.20.0,0.21.0,11
stirling,0.10.0,stirling.software,ImageFinder,curveTo,Long Parameter List,"designitejava,checkstyle,experts",src/main/java/stirling/software/SPDF/pdf/ImageFinder.java,src/main/java/stirling/software/SPDF/pdf/ImageFinder.java.ImageFinder.curveTo.Long Parameter List,0.10.0,0.20.0,0.21.0,11
stirling,0.13.0,stirling.software.SPDF.repository,JPATokenRepositoryImpl,createNewToken,Feature Envy,"checkstyle,experts",src/main/java/stirling/software/SPDF/repository/JPATokenRepositoryImpl.java,src/main/java/stirling/software/SPDF/repository/JPATokenRepositoryImpl.java.JPATokenRepositoryImpl.createNewToken.Feature Envy,0.13.0,0.44.0,0.44.0,32
stirling,0.13.0,stirling.software.SPDF.repository,JPATokenRepositoryImpl,getTokenForSeries,Feature Envy,"checkstyle,experts",src/main/java/stirling/software/SPDF/repository/JPATokenRepositoryImpl.java,src/main/java/stirling/software/SPDF/repository/JPATokenRepositoryImpl.java.JPATokenRepositoryImpl.getTokenForSeries.Feature Envy,0.13.0,0.44.0,0.44.0,32
stirling,0.43.0,stirling.software,CertificateValidationService,loadMozillaCertificates,Long Method,"Decor,experts",src/main/java/stirling/software/SPDF/service/CertificateValidationService.java,src/main/java/stirling/software/SPDF/service/CertificateValidationService.java.CertificateValidationService.loadMozillaCertificates.Long Method,0.43.0,0.44.0,0.44.0,2
stirling,0.29.0,stirling.software,CustomPDDocumentFactory,,God Class,"pmd,experts",src/main/java/stirling/software/SPDF/service/CustomPDDocumentFactory.java,src/main/java/stirling/software/SPDF/service/CustomPDDocumentFactory.java.CustomPDDocumentFactory..God Class,0.29.0,0.44.0,0.44.0,16
stirling,0.30.0,stirling.software,CustomPDDocumentFactory,createNewBytesBasedOnOldDocument,Feature Envy,"designitejava,experts",src/main/java/stirling/software/SPDF/service/CustomPDDocumentFactory.java,src/main/java/stirling/software/SPDF/service/CustomPDDocumentFactory.java.CustomPDDocumentFactory.createNewBytesBasedOnOldDocument.Feature Envy,0.30.0,0.43.0,0.44.0,14
stirling,0.29.0,stirling.software,CustomPDDocumentFactory,createNewDocumentBasedOnOldDocument,Feature Envy,"designitejava,experts",src/main/java/stirling/software/SPDF/service/CustomPDDocumentFactory.java,src/main/java/stirling/software/SPDF/service/CustomPDDocumentFactory.java.CustomPDDocumentFactory.createNewDocumentBasedOnOldDocument.Feature Envy,0.29.0,0.43.0,0.44.0,15
stirling,0.34.0,stirling.software,PostHogService,PostHogService,Long Parameter List,"designitejava,experts",src/main/java/stirling/software/SPDF/service/PostHogService.java,src/main/java/stirling/software/SPDF/service/PostHogService.java.PostHogService.PostHogService.Long Parameter List,0.34.0,0.44.0,0.44.0,11
stirling,0.30.0,stirling.software.SPDF.service,PostHogService,captureApplicationProperties,Feature Envy,"checkstyle,experts",src/main/java/stirling/software/SPDF/service/PostHogService.java,src/main/java/stirling/software/SPDF/service/PostHogService.java.PostHogService.captureApplicationProperties.Feature Envy,0.30.0,0.44.0,0.44.0,15
stirling,0.30.0,stirling.software,PostHogService,captureServerMetrics,Long Method,"Decor,experts",src/main/java/stirling/software/SPDF/service/PostHogService.java,src/main/java/stirling/software/SPDF/service/PostHogService.java.PostHogService.captureServerMetrics.Long Method,0.30.0,0.42.0,0.43.0,13
stirling,0.30.0,stirling.software,ReplaceAndInvertColorService,replaceAndInvertColor,Long Parameter List,"designitejava,experts",src/main/java/stirling/software/SPDF/service/misc/ReplaceAndInvertColorService.java,src/main/java/stirling/software/SPDF/service/misc/ReplaceAndInvertColorService.java.ReplaceAndInvertColorService.replaceAndInvertColor.Long Parameter List,0.30.0,0.44.0,0.44.0,15
stirling,0.26.0,stirling.software,FileMonitor,trackFiles,Complex Method,"designitejava,pmd,checkstyle,experts",src/main/java/stirling/software/SPDF/utils/FileMonitor.java,src/main/java/stirling/software/SPDF/utils/FileMonitor.java.FileMonitor.trackFiles.Complex Method,0.26.0,0.44.0,0.44.0,19
stirling,0.20.0,stirling.software,FileToPdf,convertHtmlToPdf,Long Method,"Decor,experts",src/main/java/stirling/software/SPDF/utils/FileToPdf.java,src/main/java/stirling/software/SPDF/utils/FileToPdf.java.FileToPdf.convertHtmlToPdf.Long Method,0.20.0,0.44.0,0.44.0,25
stirling,0.41.0,stirling.software,FileToPdf,convertHtmlToPdf,Long Parameter List,"designitejava,experts",src/main/java/stirling/software/SPDF/utils/FileToPdf.java,src/main/java/stirling/software/SPDF/utils/FileToPdf.java.FileToPdf.convertHtmlToPdf.Long Parameter List,0.41.0,0.44.0,0.44.0,4
stirling,0.23.0,stirling.software,GeneralUtils,,God Class,"pmd,experts",src/main/java/stirling/software/SPDF/utils/GeneralUtils.java,src/main/java/stirling/software/SPDF/utils/GeneralUtils.java.GeneralUtils..God Class,0.23.0,0.44.0,0.44.0,22
stirling,0.30.0,stirling.software,GeneralUtils,generateMachineFingerprint,Complex Method,"designitejava,pmd,experts",src/main/java/stirling/software/SPDF/utils/GeneralUtils.java,src/main/java/stirling/software/SPDF/utils/GeneralUtils.java.GeneralUtils.generateMachineFingerprint.Complex Method,0.30.0,0.44.0,0.44.0,15
stirling,0.30.0,stirling.software,GeneralUtils,generateMachineFingerprint,Long Method,"Decor,experts",src/main/java/stirling/software/SPDF/utils/GeneralUtils.java,src/main/java/stirling/software/SPDF/utils/GeneralUtils.java.GeneralUtils.generateMachineFingerprint.Long Method,0.30.0,0.44.0,0.44.0,15
stirling,0.23.0,stirling.software,GeneralUtils,handlePart,Complex Method,"pmd,checkstyle,experts",src/main/java/stirling/software/SPDF/utils/GeneralUtils.java,src/main/java/stirling/software/SPDF/utils/GeneralUtils.java.GeneralUtils.handlePart.Complex Method,0.23.0,0.44.0,0.44.0,22
stirling,0.40.0,stirling.software,GeneralUtils,parseNestedYamlKeys,Long Method,"Decor,experts",src/main/java/stirling/software/SPDF/utils/GeneralUtils.java,src/main/java/stirling/software/SPDF/utils/GeneralUtils.java.GeneralUtils.parseNestedYamlKeys.Long Method,0.40.0,0.42.0,0.43.0,3
stirling,0.10.0,stirling.software,GeneralUtils,parsePageList,Complex Method,"designitejava,pmd,checkstyle,experts",src/main/java/stirling/software/SPDF/utils/GeneralUtils.java,src/main/java/stirling/software/SPDF/utils/GeneralUtils.java.GeneralUtils.parsePageList.Complex Method,0.10.0,0.22.0,0.23.0,13
stirling,0.10.0,stirling.software,GeneralUtils,parsePageList,Long Method,"Decor,experts",src/main/java/stirling/software/SPDF/utils/GeneralUtils.java,src/main/java/stirling/software/SPDF/utils/GeneralUtils.java.GeneralUtils.parsePageList.Long Method,0.10.0,0.22.0,0.23.0,13
stirling,0.40.0,stirling.software,GeneralUtils,rewriteLine,Long Parameter List,"designitejava,experts",src/main/java/stirling/software/SPDF/utils/GeneralUtils.java,src/main/java/stirling/software/SPDF/utils/GeneralUtils.java.GeneralUtils.rewriteLine.Long Parameter List,0.40.0,0.42.0,0.43.0,3
stirling,0.8.0,stirling.software,ImageFinder,,God Class,"pmd,experts",src/main/java/stirling/software/SPDF/utils/ImageFinder.java,src/main/java/stirling/software/SPDF/utils/ImageFinder.java.ImageFinder..God Class,0.8.0,0.9.0,0.10.0,2
stirling,0.8.0,stirling.software,ImageFinder,curveTo,Long Parameter List,"designitejava,checkstyle,experts",src/main/java/stirling/software/SPDF/utils/ImageFinder.java,src/main/java/stirling/software/SPDF/utils/ImageFinder.java.ImageFinder.curveTo.Long Parameter List,0.8.0,0.9.0,0.10.0,2
stirling,0.38.0,stirling.software,PDFToFile,processPdfToMarkdown,Complex Method,"designitejava,pmd,checkstyle,experts",src/main/java/stirling/software/SPDF/utils/PDFToFile.java,src/main/java/stirling/software/SPDF/utils/PDFToFile.java.PDFToFile.processPdfToMarkdown.Complex Method,0.38.0,0.44.0,0.44.0,7
stirling,0.38.0,stirling.software,PDFToFile,processPdfToMarkdown,Long Method,"Decor,experts",src/main/java/stirling/software/SPDF/utils/PDFToFile.java,src/main/java/stirling/software/SPDF/utils/PDFToFile.java.PDFToFile.processPdfToMarkdown.Long Method,0.38.0,0.44.0,0.44.0,7
stirling,0.5.0,stirling.software,PDFToFile,processPdfToOfficeFormat,Complex Method,"designitejava,experts",src/main/java/stirling/software/SPDF/utils/PDFToFile.java,src/main/java/stirling/software/SPDF/utils/PDFToFile.java.PDFToFile.processPdfToOfficeFormat.Complex Method,0.5.0,0.44.0,0.44.0,40
stirling,0.5.0,stirling.software,PDFToFile,processPdfToOfficeFormat,Long Method,"Decor,experts",src/main/java/stirling/software/SPDF/utils/PDFToFile.java,src/main/java/stirling/software/SPDF/utils/PDFToFile.java.PDFToFile.processPdfToOfficeFormat.Long Method,0.5.0,0.37.0,0.38.0,33
stirling,0.8.0,stirling.software,PdfUtils,,God Class,"pmd,experts",src/main/java/stirling/software/SPDF/utils/PdfUtils.java,src/main/java/stirling/software/SPDF/utils/PdfUtils.java.PdfUtils..God Class,0.8.0,0.44.0,0.44.0,37
stirling,0.18.0,stirling.software,PdfUtils,convertFromPdf,Complex Method,"pmd,experts",src/main/java/stirling/software/SPDF/utils/PdfUtils.java,src/main/java/stirling/software/SPDF/utils/PdfUtils.java.PdfUtils.convertFromPdf.Complex Method,0.18.0,0.44.0,0.44.0,27
stirling,0.4.0,stirling.software,PdfUtils,convertFromPdf,Long Method,"Decor,experts",src/main/java/stirling/software/SPDF/utils/PdfUtils.java,src/main/java/stirling/software/SPDF/utils/PdfUtils.java.PdfUtils.convertFromPdf.Long Method,0.4.0,0.36.0,0.37.0,33
stirling,0.4.0,stirling.software,PdfUtils,convertFromPdf,Long Parameter List,"designitejava,experts",src/main/java/stirling/software/SPDF/utils/PdfUtils.java,src/main/java/stirling/software/SPDF/utils/PdfUtils.java.PdfUtils.convertFromPdf.Long Parameter List,0.4.0,0.44.0,0.44.0,41
stirling,0.3.0,stirling.software,PdfUtils,convertToPdf,Long Method,"Decor,experts",src/main/java/stirling/software/SPDF/utils/PdfUtils.java,src/main/java/stirling/software/SPDF/utils/PdfUtils.java.PdfUtils.convertToPdf.Long Method,0.3.0,0.3.0,0.4.0,1
stirling,0.5.0,stirling.software,PdfUtils,imageToPdf,Complex Method,"designitejava,pmd,checkstyle,experts",src/main/java/stirling/software/SPDF/utils/PdfUtils.java,src/main/java/stirling/software/SPDF/utils/PdfUtils.java.PdfUtils.imageToPdf.Complex Method,0.5.0,0.17.0,0.18.0,13
stirling,0.5.0,stirling.software,PdfUtils,imageToPdf,Long Method,"Decor,experts",src/main/java/stirling/software/SPDF/utils/PdfUtils.java,src/main/java/stirling/software/SPDF/utils/PdfUtils.java.PdfUtils.imageToPdf.Long Method,0.5.0,0.17.0,0.18.0,13
stirling,0.29.0,stirling.software,PdfUtils,imageToPdf,Long Parameter List,"designitejava,experts",src/main/java/stirling/software/SPDF/utils/PdfUtils.java,src/main/java/stirling/software/SPDF/utils/PdfUtils.java.PdfUtils.imageToPdf.Long Parameter List,0.29.0,0.44.0,0.44.0,16
stirling,0.5.0,stirling.software,PdfUtils,overlayImage,Long Parameter List,"designitejava,experts",src/main/java/stirling/software/SPDF/utils/PdfUtils.java,src/main/java/stirling/software/SPDF/utils/PdfUtils.java.PdfUtils.overlayImage.Long Parameter List,0.5.0,0.44.0,0.44.0,40
stirling,0.11.0,stirling.software,PdfUtils,textToPageSize,Complex Method,"designitejava,experts",src/main/java/stirling/software/SPDF/utils/PdfUtils.java,src/main/java/stirling/software/SPDF/utils/PdfUtils.java.PdfUtils.textToPageSize.Complex Method,0.11.0,0.44.0,0.44.0,34
stirling,0.20.0,stirling.software.SPDF.utils,ProcessExecutor,getInstance,Complex Method,"checkstyle,experts",src/main/java/stirling/software/SPDF/utils/ProcessExecutor.java,src/main/java/stirling/software/SPDF/utils/ProcessExecutor.java.ProcessExecutor.getInstance.Complex Method,0.20.0,0.44.0,0.44.0,25
stirling,0.20.0,stirling.software,ProcessExecutor,runCommandWithOutputHandling,Complex Method,"designitejava,pmd,checkstyle,experts",src/main/java/stirling/software/SPDF/utils/ProcessExecutor.java,src/main/java/stirling/software/SPDF/utils/ProcessExecutor.java.ProcessExecutor.runCommandWithOutputHandling.Complex Method,0.20.0,0.44.0,0.44.0,25
stirling,0.7.0,stirling.software,ProcessExecutor,runCommandWithOutputHandling,Long Method,"Decor,experts",src/main/java/stirling/software/SPDF/utils/ProcessExecutor.java,src/main/java/stirling/software/SPDF/utils/ProcessExecutor.java.ProcessExecutor.runCommandWithOutputHandling.Long Method,0.7.0,0.44.0,0.44.0,38
stirling,0.29.0,stirling.software.SPDF.utils,RequestUriUtils,isStaticResource,Complex Method,"checkstyle,experts",src/main/java/stirling/software/SPDF/utils/RequestUriUtils.java,src/main/java/stirling/software/SPDF/utils/RequestUriUtils.java.RequestUriUtils.isStaticResource.Complex Method,0.29.0,0.44.0,0.44.0,16
stirling,0.29.0,stirling.software.SPDF.utils,RequestUriUtils,isTrackableResource,Complex Method,"checkstyle,experts",src/main/java/stirling/software/SPDF/utils/RequestUriUtils.java,src/main/java/stirling/software/SPDF/utils/RequestUriUtils.java.RequestUriUtils.isTrackableResource.Complex Method,0.29.0,0.44.0,0.44.0,16
stirling,0.4.0,stirling.software,WatermarkRemover,processOperator,Complex Method,"designitejava,pmd,checkstyle,experts",src/main/java/stirling/software/SPDF/utils/WatermarkRemover.java,src/main/java/stirling/software/SPDF/utils/WatermarkRemover.java.WatermarkRemover.processOperator.Complex Method,0.4.0,0.7.0,0.8.0,4
stirling,0.4.0,stirling.software,WatermarkRemover,processOperator,Long Method,"Decor,experts",src/main/java/stirling/software/SPDF/utils/WatermarkRemover.java,src/main/java/stirling/software/SPDF/utils/WatermarkRemover.java.WatermarkRemover.processOperator.Long Method,0.4.0,0.7.0,0.8.0,4
stirling,0.30.0,stirling.software,CustomColorReplaceStrategy,CustomColorReplaceStrategy,Long Parameter List,"designitejava,experts",src/main/java/stirling/software/SPDF/utils/misc/CustomColorReplaceStrategy.java,src/main/java/stirling/software/SPDF/utils/misc/CustomColorReplaceStrategy.java.CustomColorReplaceStrategy.CustomColorReplaceStrategy.Long Parameter List,0.30.0,0.44.0,0.44.0,15
stirling,0.30.0,stirling.software,CustomColorReplaceStrategy,replace,Complex Method,"pmd,experts",src/main/java/stirling/software/SPDF/utils/misc/CustomColorReplaceStrategy.java,src/main/java/stirling/software/SPDF/utils/misc/CustomColorReplaceStrategy.java.CustomColorReplaceStrategy.replace.Complex Method,0.30.0,0.44.0,0.44.0,15
stirling,0.30.0,stirling.software,CustomColorReplaceStrategy,replace,Long Method,"Decor,experts",src/main/java/stirling/software/SPDF/utils/misc/CustomColorReplaceStrategy.java,src/main/java/stirling/software/SPDF/utils/misc/CustomColorReplaceStrategy.java.CustomColorReplaceStrategy.replace.Long Method,0.30.0,0.44.0,0.44.0,15
stirling,0.42.0,stirling.software,InvertFullColorStrategy,replace,Long Method,"Decor,experts",src/main/java/stirling/software/SPDF/utils/misc/InvertFullColorStrategy.java,src/main/java/stirling/software/SPDF/utils/misc/InvertFullColorStrategy.java.InvertFullColorStrategy.replace.Long Method,0.42.0,0.44.0,0.44.0,3
stirling,0.37.0,stirling.software,SPDFApplicationTest,testSetServerPortStatic,Feature Envy,"designitejava,experts",src/test/java/stirling/software/SPDF/SPDFApplicationTest.java,src/test/java/stirling/software/SPDF/SPDFApplicationTest.java.SPDFApplicationTest.testSetServerPortStatic.Feature Envy,0.37.0,0.42.0,0.43.0,6
stirling,0.30.0,stirling.software,SPdfApplicationTest,testMainApplicationStartup,Long Method,"Decor,experts",src/test/java/stirling/software/SPDF/SPdfApplicationTest.java,src/test/java/stirling/software/SPDF/SPdfApplicationTest.java.SPdfApplicationTest.testMainApplicationStartup.Long Method,0.30.0,0.36.0,0.37.0,7
stirling,0.43.0,stirling.software,CustomLogoutSuccessHandlerTest,testOAuth2BadCredentialsError,Long Method,"Decor,experts",src/test/java/stirling/software/SPDF/config/security/CustomLogoutSuccessHandlerTest.java,src/test/java/stirling/software/SPDF/config/security/CustomLogoutSuccessHandlerTest.java.CustomLogoutSuccessHandlerTest.testOAuth2BadCredentialsError.Long Method,0.43.0,0.44.0,0.44.0,2
stirling,0.23.0,stirling.software,GeneralUtilsTest,,God Class,"pmd,experts",src/test/java/stirling/software/SPDF/utils/GeneralUtilsTest.java,src/test/java/stirling/software/SPDF/utils/GeneralUtilsTest.java.GeneralUtilsTest..God Class,0.23.0,0.44.0,0.44.0,22
